Name,Team,Level,Age,PA,BABIP,GB/FB,LD%,GB%,FB%,IFFB%,HR/FB,Pull%,Cent%,Oppo%,SwStr%,Balls,Strikes,Pitches,PlayerId
"Chris Owings","NYY","AAA",30,208,0.279069767,0.761194029,0.138686131,0.372262773,0.489051094,0.164179104,0.119402985,0.45255474,0.27737226,0.27007299,0.12620192,296,536,832,"10030"
"Tomas Telis","LAD","AAA",31,313,0.31557377,2.58,0.266393442,0.528688524,0.204918032,0.18,0.04,0.38709677,0.23387097,0.37903226,0.05307498,444,743,1187,"10067"
"Jonathan Villar","SEA","AAA",31,155,0.333333333,3.047619047,0.227272727,0.581818181,0.19090909,0.19047619,0.285714285,0.32432432,0.27927928,0.3963964,0.15630252,219,376,595,"10071"
"Billy Hamilton","MIA","AAA",31,106,0.276923076,1.130434782,0.209677419,0.419354838,0.370967741,0.434782608,0,0.53846154,0.12307692,0.33846154,0.1439206,142,261,403,"10199"
"Jon Singleton","MIL","AAA",30,581,0.273381294,0.738095238,0.27,0.31,0.42,0.253968253,0.19047619,0.46357616,0.24503311,0.29139073,0.10801257,1125,1421,2546,"10441"
"Derek Dietrich","NYY","AAA",32,154,0.326315789,0.787234042,0.142857142,0.37755102,0.479591836,0.276595744,0.063829787,0.34693878,0.28571429,0.36734694,0.15332198,207,380,587,"10542"
"David Freitas","NYY","AAA",33,127,0.280898876,1.121212121,0.213483146,0.415730337,0.370786516,0.121212121,0.06060606,0.41758242,0.21978022,0.36263736,0.08754864,205,309,514,"10619"
"Carlos Perez","COL","AAA",31,522,0.258358662,0.591954022,0.217514124,0.290960451,0.491525423,0.32183908,0.178160919,0.51944444,0.24444444,0.23611111,0.07659972,832,1309,2141,"10642"
"Rob Brantly","NYY","AAA",32,201,0.32,1.3125,0.26,0.42,0.32,0.166666666,0.020833333,0.48344371,0.20529801,0.31125828,0.12,233,467,700,"10655"
"Ryan LaMarre","NYY","AAA",33,186,0.376146788,1.685714285,0.168141592,0.522123893,0.309734513,0.314285714,0.142857142,0.55263158,0.19298246,0.25438596,0.09251701,302,433,735,"10700"
"Andrelton Simmons","CHC","AAA",32,50,0.161290322,1.5,0.21875,0.46875,0.3125,0.2,0.1,0.5,0.15625,0.34375,0.1027027,67,118,185,"10847"
"Phil Gosselin","ATL","AAA",33,204,0.35,1.522727272,0.218309859,0.471830985,0.309859154,0.204545454,0.113636363,0.46896552,0.16551724,0.36551724,0.08915663,296,534,830,"10953"
"Elliot Soto","MIN","AAA",32,344,0.286363636,1.753846153,0.186363636,0.518181818,0.295454545,0.23076923,0.061538461,0.47321429,0.23214286,0.29464286,0.09665698,532,844,1376,"11155"
"Adrian Sanchez","WSN","AAA",31,262,0.294736842,1.620689655,0.195767195,0.497354497,0.306878306,0.206896551,0.034482758,0.42708333,0.22395833,0.34895833,0.10010215,336,643,979,"11338"
"Jake Marisnick","ATL","AAA",31,105,0.34375,0.6,0.238095238,0.285714285,0.476190476,0.3,0.033333333,0.43076923,0.29230769,0.27692308,0.14021164,118,260,378,"11339"
"Delino DeShields","ATL","AAA",29,426,0.325892857,1.394736842,0.18018018,0.477477477,0.342342342,0.210526315,0.013157894,0.38864629,0.24454148,0.36681223,0.10227273,743,1017,1760,"11379"
"Drew Maggi","PHI","AAA",33,346,0.295238095,0.862068965,0.209756097,0.365853658,0.424390243,0.275862068,0,0.44339623,0.27358491,0.28301887,0.10714286,555,845,1400,"11381"
"Tony Wolters","LAD","AAA",30,234,0.317567567,2.052631578,0.216216216,0.527027027,0.256756756,0.105263157,0,0.41610738,0.23489933,0.34899329,0.08278867,351,567,918,"11470"
"Dixon Machado","CHC","AAA",30,522,0.326530612,1.410852713,0.212658227,0.460759493,0.326582278,0.186046511,0.046511627,0.44221106,0.27135678,0.28643216,0.06754698,771,1198,1969,"11472"
"Yolmer Sanchez","BOS","AAA",30,396,0.301724137,0.884210526,0.251046025,0.351464435,0.397489539,0.2,0.105263157,0.4244898,0.24081633,0.33469388,0.10111046,704,1007,1711,"11602"
"Stefen Romero","LAD","AAA",33,120,0.311688311,1.0625,0.153846153,0.435897435,0.41025641,0.1875,0.09375,0.475,0.125,0.4,0.13107822,183,290,473,"11746"
"Yadiel Rivera","ARI","AAA",30,85,0.228070175,1.9375,0.20338983,0.525423728,0.27118644,0.25,0.125,0.49152542,0.13559322,0.37288136,0.15488215,107,190,297,"11863"
"Niko Goodrum","HOU","AAA",30,62,0.413793103,1.625,0.275862068,0.448275862,0.275862068,0.125,0.25,0.58064516,0.12903226,0.29032258,0.08214286,128,152,280,"12092"
"Juniel Querecuto","CIN","AAA",29,432,0.293548387,1.115702479,0.2,0.421875,0.378125,0.107438016,0.09090909,0.41925466,0.23291925,0.34782609,0.10787671,629,1123,1752,"12140"
"Jorge Bonifacio","PHI","AAA",29,444,0.31174089,0.451388888,0.18359375,0.25390625,0.5625,0.25,0.104166666,0.45419847,0.2480916,0.29770992,0.13785558,693,1135,1828,"12174"
"Jake Hager","ARI","AAA",29,303,0.313432835,0.94117647,0.19117647,0.392156862,0.416666666,0.105882352,0.058823529,0.49275362,0.26086957,0.24637681,0.1030303,439,716,1155,"12198"
"Scott Schebler","COL","AAA",31,238,0.319148936,1.307692307,0.178082191,0.465753424,0.356164383,0.23076923,0.134615384,0.40268456,0.25503356,0.34228188,0.17945824,318,568,886,"12225"
"Cory Spangenberg","STL","AAA",31,414,0.334728033,1.554054054,0.231707317,0.467479674,0.300813008,0.175675675,0.135135135,0.437751,0.24497992,0.31726908,0.15052437,533,1088,1621,"12294"
"Beau Taylor","OAK","AAA",32,211,0.288288288,1.555555555,0.192982456,0.49122807,0.315789473,0.111111111,0.166666666,0.42735043,0.21367521,0.35897436,0.08731083,360,499,859,"12384"
"Jason Krizan","SFG","AAA",33,395,0.28169014,1.129629629,0.217687074,0.414965986,0.367346938,0.138888888,0.138888888,0.46153846,0.23076923,0.30769231,0.05423522,636,1005,1641,"12394"
"Taylor Motter","ATL","AAA",32,333,0.265625,0.644230769,0.181818181,0.320574162,0.497607655,0.23076923,0.192307692,0.46226415,0.25471698,0.28301887,0.07615658,571,834,1405,"12399"
"Kevin Pillar","LAD","AAA",33,176,0.305785123,0.745762711,0.201550387,0.341085271,0.457364341,0.20338983,0.169491525,0.52272727,0.25,0.22727273,0.08584337,258,406,664,"12434"
"John Hicks","CHC","AAA",32,387,0.316017316,0.93,0.212244897,0.379591836,0.408163265,0.2,0.2,0.45418327,0.29880478,0.24701195,0.20013523,487,992,1479,"12547"
"Alex Dickerson","ATL","AAA",32,357,0.274261603,1.389610389,0.248979591,0.436734693,0.314285714,0.168831168,0.155844155,0.42971888,0.17269076,0.39759036,0.11248186,480,898,1378,"12649"
"Dillon Thomas","HOU","AAA",29,492,0.344322344,1.347368421,0.228373702,0.442906574,0.328719723,0.094736842,0.189473684,0.36082474,0.3024055,0.33676976,0.14328507,795,1208,2003,"12719"
"Andy Burns","LAD","AAA",31,332,0.291666666,0.985714285,0.272251308,0.361256544,0.366492146,0.357142857,0.1,0.54,0.18,0.28,0.10644461,531,850,1381,"12779"
"Taylor Davis","PIT","AAA",32,144,0.320388349,2.208333333,0.222222222,0.535353535,0.242424242,0.208333333,0,0.4368932,0.21359223,0.34951456,0.0881295,214,342,556,"12782"
"Phillip Evans","NYY","AAA",29,400,0.265100671,1.105263157,0.2,0.42,0.38,0.271929824,0.078947368,0.47557003,0.21498371,0.30944625,0.08853119,545,946,1491,"12950"
"Michael Perez","NYM","AAA",29,92,0.264150943,1.647058823,0.181818181,0.509090909,0.309090909,0.235294117,0.117647058,0.56363636,0.27272727,0.16363636,0.12219451,166,235,401,"12977"
"Cam Gallagher","SDP","AAA",29,119,0.246575342,1.48,0.162162162,0.5,0.337837837,0.08,0.12,0.52631579,0.18421053,0.28947368,0.10560345,171,293,464,"12981"
"Erick Castillo","CHC","AAA",29,127,0.29032258,1.74074074,0.177777777,0.522222222,0.3,0.444444444,0,0.35789474,0.31578947,0.32631579,0.11872146,137,301,438,"12990"
"John Andreoli","MIN","AAA",32,421,0.270114942,0.876712328,0.259459459,0.345945945,0.394594594,0.260273972,0.205479452,0.46842105,0.24210526,0.28947368,0.10714286,825,1107,1932,"13012"
"Jose Briceno","KCR","AAA",29,141,0.298969072,0.928571428,0.181818181,0.393939393,0.424242424,0.452380952,0.095238095,0.55445545,0.16831683,0.27722772,0.13663366,155,350,505,"13151"
"Robel Garcia","CHC","AAA",29,165,0.371794871,0.742857142,0.314606741,0.292134831,0.393258426,0.257142857,0.342857142,0.55555556,0.21111111,0.23333333,0.13854595,315,414,729,"13167"
"Ildemaro Vargas","WSN","AAA",30,309,0.269709543,1.345238095,0.189300411,0.465020576,0.345679012,0.25,0.035714285,0.44897959,0.22857143,0.32244898,0.05696757,426,715,1141,"13324"
"Deven Marrero","NYM","AAA",31,166,0.280373831,0.977272727,0.179245283,0.405660377,0.415094339,0.227272727,0.068181818,0.38738739,0.27027027,0.34234234,0.09954751,251,412,663,"13325"
"Jake Lamb","LAD","AAA",31,276,0.358620689,1.148148148,0.275,0.3875,0.3375,0.203703703,0.277777777,0.46583851,0.24223602,0.29192547,0.1207483,470,706,1176,"13329"
"Stephen Piscotty","CIN","AAA",31,119,0.324675324,1.03125,0.197530864,0.407407407,0.395061728,0.125,0.15625,0.3902439,0.2804878,0.32926829,0.15529412,146,279,425,"13367"
"Erik Gonzalez","MIA","AAA",30,402,0.358156028,2.194444444,0.16967509,0.570397111,0.259927797,0.138888888,0.055555555,0.43356643,0.21328671,0.35314685,0.14596491,494,931,1425,"13369"
"Wynton Bernard","COL","AAA",31,475,0.352601156,1.643564356,0.25,0.466292134,0.283707865,0.207920792,0.207920792,0.46594005,0.18256131,0.35149864,0.09174312,673,1071,1744,"13408"
"Christian Lopes","OAK","AAA",29,216,0.351145038,0.614035087,0.303030303,0.265151515,0.431818181,0.175438596,0.035087719,0.45112782,0.27819549,0.27067669,0.12781065,326,519,845,"13472"
"Dwight Smith Jr.","CHW","AAA",29,60,0.292682926,2.09090909,0.19047619,0.547619047,0.261904761,0.363636363,0.09090909,0.47619048,0.30952381,0.21428571,0.12389381,84,142,226,"13473"
"Roman Quinn","KCR","AAA",29,61,0.346153846,0.5625,0.137931034,0.310344827,0.551724137,0.0625,0.25,0.53333333,0.26666667,0.2,0.124,120,130,250,"13546"
"Jose Peraza","BOS","AAA",28,259,0.25,0.58095238,0.205741626,0.291866028,0.502392344,0.285714285,0.047619047,0.46190476,0.2047619,0.33333333,0.08555556,301,599,900,"13593"
"Mallex Smith","TOR","AAA",29,91,0.277777777,2.25,0.22,0.54,0.24,0.166666666,0,0.33962264,0.30188679,0.35849057,0.13586957,141,227,368,"13608"
"Preston Tucker","ATL","AAA",31,311,0.29032258,1.52173913,0.209090909,0.477272727,0.313636363,0.318840579,0.130434782,0.44933921,0.16740088,0.38325991,0.08273092,489,756,1245,"13633"
"Terrance Gore","NYM","AAA",31,66,0.358974358,1.428571428,0.105263157,0.526315789,0.368421052,0.5,0,0.51219512,0.24390244,0.24390244,0.08015267,98,164,262,"13658"
"Jack Lopez","DET","AAA",29,311,0.252941176,1.169230769,0.184971098,0.439306358,0.375722543,0.138461538,0.092307692,0.43258427,0.21910112,0.34831461,0.18101368,363,880,1243,"13663"
"David Dahl","MIL","AAA",28,359,0.34347826,1.209876543,0.241525423,0.415254237,0.343220338,0.185185185,0.12345679,0.41949153,0.25423729,0.32627119,0.13135915,456,861,1317,"13744"
"Elier Hernandez","TEX","AAA",27,351,0.336065573,1.283950617,0.26,0.416,0.324,0.12345679,0.160493827,0.46692607,0.25291829,0.28015564,0.12675018,474,883,1357,"13750"
"Travis Jankowski","NYM","AAA",31,165,0.319148936,2.75,0.184782608,0.597826086,0.217391304,0.25,0.05,0.28421053,0.24210526,0.47368421,0.04664723,302,384,686,"13768"
"Rob Refsnyder","BOS","AAA",31,182,0.386138613,1.612903225,0.235849056,0.471698113,0.29245283,0.096774193,0.193548387,0.46728972,0.20560748,0.3271028,0.07088608,334,456,790,"13770"
"Eric Stamets","TOR","AAA",30,224,0.239669421,0.639344262,0.180327868,0.319672131,0.5,0.344262295,0.081967213,0.5859375,0.2265625,0.1875,0.12035011,321,593,914,"13795"
"Anthony Bemboom","BAL","AAA",32,137,0.265957446,0.921052631,0.215053763,0.376344086,0.40860215,0.236842105,0.078947368,0.42105263,0.28421053,0.29473684,0.11485149,180,325,505,"13854"
"Albert Almora Jr.","CIN","AAA",28,83,0.328767123,1.25,0.239436619,0.422535211,0.338028169,0.166666666,0,0.39726027,0.2739726,0.32876712,0.09027778,85,203,288,"14109"
"Greg Bird","NYY","AAA",29,240,0.278571428,1.051724137,0.179310344,0.420689655,0.4,0.137931034,0.103448275,0.34693878,0.21768707,0.43537415,0.1260745,403,644,1047,"14131"
"Tim Lopes","COL","AAA",28,299,0.328125,0.932432432,0.270408163,0.352040816,0.37755102,0.175675675,0.121621621,0.38916256,0.26600985,0.34482759,0.13362445,415,730,1145,"14137"
"Daniel Robertson","MIN","AAA",28,229,0.251748251,1.140350877,0.158620689,0.448275862,0.393103448,0.210526315,0.105263157,0.40268456,0.24161074,0.3557047,0.12817552,323,543,866,"14145"
"Wilmer Difo","ARI","AAA",30,306,0.286919831,1.424657534,0.268595041,0.429752066,0.301652892,0.150684931,0.09589041,0.3755102,0.26530612,0.35918367,0.10564663,383,715,1098,"14320"
"Lewis Brinson","SFG","AAA",28,373,0.372641509,1.202380952,0.195652173,0.439130434,0.365217391,0.19047619,0.261904761,0.53389831,0.24152542,0.22457627,0.15603799,523,951,1474,"14352"
"Joey Meneses","WSN","AAA",30,414,0.32103321,1.133333333,0.224913494,0.411764705,0.363321799,0.085714285,0.19047619,0.42268041,0.20962199,0.36769759,0.11708861,555,1025,1580,"14366"
"Ronald Guzman","NYY","AAA",27,373,0.314285714,1.048192771,0.24778761,0.384955752,0.367256637,0.228915662,0.192771084,0.39035088,0.23245614,0.37719298,0.15782219,523,928,1451,"14388"
"Joe Hudson","TBR","AAA",31,165,0.253164556,0.8,0.2,0.355555555,0.444444444,0.2,0.275,0.50549451,0.21978022,0.27472527,0.09543011,317,427,744,"14412"
"Scott Heineman","SEA","AAA",29,112,0.293103448,1.25,0.237288135,0.423728813,0.33898305,0.25,0.1,0.36666667,0.23333333,0.4,0.1371308,167,307,474,"14453"
"Jake Cave","MIN","AAA",29,373,0.342592592,1.793103448,0.276785714,0.464285714,0.258928571,0.051724137,0.24137931,0.40086207,0.25862069,0.34051724,0.12031558,613,908,1521,"14477"
"Pedro Severino","MIL","AAA",28,126,0.367816091,1.09090909,0.233333333,0.4,0.366666666,0.303030303,0.121212121,0.57142857,0.1978022,0.23076923,0.14110429,165,324,489,"14523"
"Nomar Mazara","SDP","AAA",27,152,0.425531914,1.242424242,0.267326732,0.405940594,0.326732673,0.03030303,0.212121212,0.38235294,0.29411765,0.32352941,0.09710392,231,356,587,"14553"
"Wyatt Mathisen","SFG","AAA",28,134,0.212121212,0.631578947,0.126760563,0.338028169,0.535211267,0.210526315,0.131578947,0.45070423,0.28169014,0.26760563,0.11900533,237,326,563,"14555"
"Franchy Cordero","BOS","AAA",27,136,0.436619718,0.939393939,0.179487179,0.397435897,0.423076923,0.121212121,0.212121212,0.32051282,0.33333333,0.34615385,0.19548872,193,339,532,"14567"
"David Bote","CHC","AAA",29,160,0.320388349,1.352941176,0.23076923,0.442307692,0.326923076,0.176470588,0.088235294,0.54285714,0.22857143,0.22857143,0.14505119,206,380,586,"14593"
"Webster Rivas","SDP","AAA",31,55,0.371428571,1.2,0.352941176,0.352941176,0.294117647,0.1,0,0.28571429,0.25714286,0.45714286,0.06944444,87,129,216,"14636"
"Tzu-Wei Lin","NYM","AAA",28,106,0.193548387,1.16,0.142857142,0.46031746,0.396825396,0.04,0.08,0.29230769,0.26153846,0.44615385,0.09280742,172,259,431,"14678"
"Brett Phillips","BAL","AAA",28,88,0.324324324,0.823529411,0.279069767,0.325581395,0.395348837,0.058823529,0.352941176,0.41860465,0.30232558,0.27906977,0.10723192,177,224,401,"14735"
"JaCoby Jones","KCR","AAA",30,137,0.338235294,0.903225806,0.169014084,0.394366197,0.436619718,0.096774193,0.129032258,0.45833333,0.19444444,0.34722222,0.13924051,202,351,553,"14818"
"Pat Valaika","ATL","AAA",29,466,0.286604361,0.819548872,0.248447204,0.338509316,0.413043478,0.278195488,0.075187969,0.38066465,0.24471299,0.37462236,0.1271777,619,1103,1722,"14885"
"Daniel Palka","NYM","AAA",30,445,0.294339622,1.301886792,0.146853146,0.482517482,0.37062937,0.235849056,0.245283018,0.35051546,0.3024055,0.34707904,0.12595644,648,1051,1699,"14897"
"Andrew Knapp","SFG","AAA",30,230,0.278571428,0.879310344,0.278145695,0.337748344,0.38410596,0.137931034,0.206896551,0.36842105,0.28947368,0.34210526,0.14553991,305,547,852,"14942"
"Johan Camargo","PHI","AAA",28,167,0.237288135,1.102040816,0.134453781,0.453781512,0.411764705,0.204081632,0.040816326,0.45833333,0.20833333,0.33333333,0.07213579,283,424,707,"14950"
"Zach Green","SEA","AAA",28,378,0.275700934,0.988372093,0.259740259,0.367965367,0.372294372,0.116279069,0.209302325,0.45689655,0.23275862,0.31034483,0.16981132,591,946,1537,"14973"
"Dom Nunez","COL","AAA",27,285,0.287356321,0.931506849,0.20338983,0.38418079,0.412429378,0.164383561,0.06849315,0.40223464,0.22905028,0.36871508,0.09731544,475,717,1192,"15055"
"Jonathan Davis","MIL","AAA",30,221,0.35971223,1.319148936,0.232394366,0.436619718,0.330985915,0.127659574,0.085106382,0.42361111,0.24305556,0.33333333,0.08571429,378,567,945,"15104"
"Tim Locastro","NYY","AAA",29,191,0.293650793,0.892857142,0.16535433,0.393700787,0.440944881,0.303571428,0.053571428,0.48837209,0.21705426,0.29457364,0.11360449,236,477,713,"15124"
"Dustin Peterson","PHI","AAA",27,448,0.303448275,1.368932038,0.170068027,0.479591836,0.350340136,0.194174757,0.08737864,0.43143813,0.21070234,0.35785953,0.1127907,662,1058,1720,"15189"
"Jake Bauers","NYY","AAA",26,244,0.241666666,0.886792452,0.206349206,0.373015873,0.42063492,0.358490566,0.150943396,0.484375,0.1953125,0.3203125,0.10334928,416,629,1045,"15194"
"Brandon Dixon","SDP","AAA",30,114,0.389830508,0.8125,0.183098591,0.366197183,0.450704225,0.21875,0.40625,0.43055556,0.27777778,0.29166667,0.12470024,175,242,417,"15214"
"Austin Wynns","PHI","AAA",31,134,0.421686746,0.882352941,0.247058823,0.352941176,0.4,0.264705882,0.088235294,0.38372093,0.23255814,0.38372093,0.06595365,238,323,561,"15271"
"Jack Mayfield","LAA","AAA",31,241,0.28488372,1.446428571,0.230337078,0.455056179,0.314606741,0.214285714,0.107142857,0.51396648,0.16201117,0.32402235,0.11285266,334,623,957,"15402"
"Aristides Aquino","CIN","AAA",28,91,0.432432432,0.578947368,0.302325581,0.255813953,0.441860465,0.210526315,0.421052631,0.46666667,0.15555556,0.37777778,0.20430108,128,244,372,"15482"
"Justin Williams","PHI","AAA",26,74,0.285714285,6,0.166666666,0.714285714,0.119047619,0.2,0,0.33333333,0.23809524,0.42857143,0.12052117,122,185,307,"15490"
"Jamie Westbrook","MIL","AAA",27,511,0.286549707,1.241935483,0.205714285,0.44,0.354285714,0.266129032,0.088709677,0.40677966,0.24011299,0.35310734,0.11643483,718,1223,1941,"15504"
"Franklin Barreto","HOU","AAA",26,274,0.246268656,1.150943396,0.179856115,0.43884892,0.381294964,0.245283018,0.113207547,0.47857143,0.23571429,0.28571429,0.18314703,424,739,1163,"15519"
"Joseph Odom","SEA","AAA",30,238,0.368932038,1.108108108,0.303571428,0.366071428,0.330357142,0.162162162,0.27027027,0.36283186,0.27433628,0.36283186,0.18543689,387,643,1030,"15535"
"Tyler White","MIL","AAA",31,437,0.254826254,0.725,0.238970588,0.319852941,0.44117647,0.216666666,0.133333333,0.44890511,0.22262774,0.32846715,0.07920792,759,1160,1919,"15564"
"Mike Ford","ATL","AAA",29,137,0.276595744,1.142857142,0.210526315,0.421052631,0.368421052,0.228571428,0.057142857,0.375,0.30208333,0.32291667,0.04735883,253,296,549,"15585"
"Willians Astudillo","MIA","AAA",30,315,0.280632411,0.76,0.17293233,0.357142857,0.469924812,0.312,0.128,0.5464684,0.21189591,0.24163569,0.0452099,293,636,929,"15608"
"Dominic Smith","NYM","AAA",27,248,0.305882352,0.692307692,0.245714285,0.308571428,0.445714285,0.192307692,0.128205128,0.34636872,0.30167598,0.35195531,0.08700322,359,572,931,"15653"
"Billy McKinney","OAK","AAA",27,293,0.397435897,0.896551724,0.333333333,0.315151515,0.351515151,0.155172413,0.206896551,0.51190476,0.22619048,0.26190476,0.12921811,490,725,1215,"15654"
"Gosuke Katoh","NYM","AAA",27,329,0.261904761,1.152941176,0.156682027,0.451612903,0.391705069,0.211764705,0.105882352,0.42533937,0.23529412,0.33936652,0.1097852,463,794,1257,"15697"
"Allen Cordoba","CIN","AAA",26,114,0.173333333,0.777777777,0.157894736,0.368421052,0.47368421,0.388888888,0.083333333,0.44871795,0.23076923,0.32051282,0.14414414,154,290,444,"15722"
"Tyler Wade","LAA","AAA",27,174,0.276190476,0.930232558,0.216981132,0.37735849,0.405660377,0.162790697,0.093023255,0.36697248,0.19266055,0.44036697,0.0746888,304,419,723,"15730"
"Jose Godoy","MIN","AAA",27,193,0.276422764,1.769230769,0.15625,0.5390625,0.3046875,0.256410256,0.153846153,0.40310078,0.23255814,0.36434109,0.10756972,262,491,753,"15808"
"Erick Mejia","SEA","AAA",27,521,0.302857142,1.310924369,0.238227146,0.432132963,0.329639889,0.302521008,0.12605042,0.46195652,0.23369565,0.30434783,0.09032892,716,1321,2037,"15817"
"Miguel Andujar","NYY","AAA",27,297,0.286956521,1.31707317,0.198312236,0.455696202,0.345991561,0.365853658,0.158536585,0.52066116,0.22727273,0.25206612,0.08844765,359,749,1108,"15878"
"Luis Torrens","SEA","AAA",26,68,0.333333333,1.916666666,0.222222222,0.511111111,0.266666666,0.166666666,0.25,0.44444444,0.22222222,0.33333333,0.12411348,105,177,282,"15905"
"Travis Demeritte","ATL","AAA",27,158,0.317647058,1,0.218390804,0.390804597,0.390804597,0.294117647,0.058823529,0.4137931,0.18390805,0.40229885,0.11614731,261,445,706,"15958"
"Ivan Castillo","KCR","AAA",27,447,0.264094955,1.059701492,0.185840707,0.418879056,0.395280235,0.19402985,0.044776119,0.4,0.25217391,0.34782609,0.07758094,607,1030,1637,"15971"
"Ryder Jones","CHW","AAA",28,242,0.263157894,1.208333333,0.237410071,0.417266187,0.345323741,0.270833333,0.145833333,0.52142857,0.16428571,0.31428571,0.15084388,330,618,948,"15982"
"Clint Frazier","CHC","AAA",27,265,0.279411764,1.2,0.197080291,0.437956204,0.364963503,0.14,0.12,0.54609929,0.21985816,0.23404255,0.14768683,457,667,1124,"15983"
"Deivy Grullon","BOS","AAA",26,63,0.354838709,1.083333333,0.264705882,0.382352941,0.352941176,0.333333333,0.25,0.52941176,0.23529412,0.23529412,0.22083333,86,154,240,"15988"
"Kean Wong","LAA","AAA",27,565,0.340482573,2.137931034,0.25613079,0.506811989,0.23705722,0.126436781,0.034482758,0.40583554,0.23342175,0.36074271,0.11469534,856,1376,2232,"15994"
"Mark Payton","CHW","AAA",30,539,0.300531914,1.013157894,0.227272727,0.388888888,0.383838383,0.197368421,0.164473684,0.49876543,0.23209877,0.2691358,0.08446602,768,1292,2060,"16042"
"Taylor Gushue","WSN","AAA",28,208,0.29245283,0.833333333,0.19266055,0.366972477,0.440366972,0.1875,0.083333333,0.5045045,0.18918919,0.30630631,0.16326531,342,540,882,"16098"
"Derek Fisher","MIN","AAA",28,108,0.218181818,1.263157894,0.232142857,0.428571428,0.339285714,0.210526315,0.157894736,0.44827586,0.22413793,0.32758621,0.16263736,180,275,455,"16192"
"Alex Blandino","SEA","AAA",29,285,0.3,1.081632653,0.23880597,0.395522388,0.365671641,0.183673469,0.081632653,0.55223881,0.2238806,0.2238806,0.09170654,567,687,1254,"16271"
"Nick Ciuffo","CHW","AAA",27,151,0.382022471,1.322580645,0.225806451,0.440860215,0.333333333,0.29032258,0.161290322,0.35106383,0.25531915,0.39361702,0.14260563,187,381,568,"16291"
"Yairo Munoz","PHI","AAA",27,292,0.357142857,1.345679012,0.166666666,0.478070175,0.355263157,0.24691358,0.074074074,0.41304348,0.27826087,0.30869565,0.12732615,331,690,1021,"16313"
"Pablo Reyes","MIL","AAA",28,432,0.305194805,1.008928571,0.29022082,0.356466876,0.353312302,0.285714285,0.098214285,0.42056075,0.24299065,0.3364486,0.07639681,682,1072,1754,"16357"
"Oscar Mercado","CLE","AAA",27,190,0.311111111,1,0.179856115,0.410071942,0.410071942,0.315789473,0.087719298,0.45,0.30714286,0.24285714,0.0745429,289,422,711,"16375"
"Brian Navarreto","MIL","AAA",27,142,0.289719626,1.548387096,0.275229357,0.440366972,0.284403669,0.29032258,0.129032258,0.51351351,0.23423423,0.25225225,0.12793177,157,312,469,"16398"
"Richard Urena","WSN","AAA",26,142,0.278846153,0.913043478,0.161904761,0.4,0.438095238,0.130434782,0.04347826,0.4245283,0.21698113,0.35849057,0.14230019,171,342,513,"16411"
"Jason Martin","LAD","AAA",26,544,0.332247557,1.23275862,0.219879518,0.430722891,0.34939759,0.146551724,0.275862068,0.38529412,0.25294118,0.36176471,0.11466423,879,1310,2189,"16429"
"Johneshwy Fargas","NYM","AAA",27,146,0.280898876,1.294117647,0.161290322,0.473118279,0.365591397,0.176470588,0.147058823,0.53061224,0.25510204,0.21428571,0.13461538,162,358,520,"16446"
"Jacob Nottingham","BAL","AAA",27,354,0.28125,0.892857142,0.228155339,0.364077669,0.40776699,0.238095238,0.178571428,0.46376812,0.25603865,0.28019324,0.15242652,565,898,1463,"16448"
"Forrest Wall","SEA","AAA",26,467,0.348591549,1.87012987,0.224561403,0.505263157,0.270175438,0.194805194,0.077922077,0.31399317,0.25938567,0.42662116,0.09593909,740,1230,1970,"16496"
"Shed Long Jr.","BAL","AAA",26,88,0.307692307,1.647058823,0.117647058,0.549019607,0.333333333,0.117647058,0,0.32692308,0.15384615,0.51923077,0.10054348,158,210,368,"16542"
"Kevin Padlo","PIT","AAA",25,344,0.320388349,1.093023255,0.170506912,0.433179723,0.396313364,0.244186046,0.139534883,0.47031963,0.2283105,0.30136986,0.13369397,482,812,1294,"16593"
"Brian O'Keefe","SEA","AAA",28,352,0.30044843,1.170731707,0.236051502,0.412017167,0.35193133,0.25609756,0.158536585,0.48728814,0.23305085,0.27966102,0.13498836,501,788,1289,"16680"
"Jason Vosler","SFG","AAA",28,398,0.285123966,0.839285714,0.204633204,0.362934362,0.432432432,0.214285714,0.160714285,0.44656489,0.25954198,0.29389313,0.11967419,557,1039,1596,"16686"
"John Nogowski","ATL","AAA",29,351,0.303797468,1.033707865,0.223175965,0.394849785,0.381974248,0.280898876,0.04494382,0.43459916,0.25738397,0.30801688,0.06637491,587,784,1371,"16852"
"Joshua Fuentes","TOR","AAA",29,112,0.258064516,0.709677419,0.13114754,0.360655737,0.508196721,0.29032258,0.032258064,0.44615385,0.23076923,0.32307692,0.19194313,144,278,422,"16885"
"Colin Moran","CIN","AAA",29,213,0.305970149,1.117647058,0.223021582,0.410071942,0.366906474,0.117647058,0.137254901,0.39160839,0.27972028,0.32867133,0.12515803,279,512,791,"16909"
"Derek Hill","SEA","AAA",26,255,0.29032258,1.888888888,0.182389937,0.534591194,0.283018867,0.155555555,0.155555555,0.40853659,0.20731707,0.38414634,0.12395833,356,604,960,"16947"
"Chadwick Tromp","ATL","AAA",27,266,0.278688524,0.974358974,0.202072538,0.393782383,0.404145077,0.269230769,0.153846153,0.46153846,0.22564103,0.31282051,0.1048951,329,672,1001,"16953"
"Eddy Alvarez","LAD","AAA",32,215,0.429824561,1.142857142,0.256198347,0.396694214,0.347107438,0.095238095,0.19047619,0.46341463,0.24390244,0.29268293,0.09846827,356,558,914,"16959"
"Magneuris Sierra","LAA","AAA",26,311,0.339285714,2.017543859,0.242290748,0.506607929,0.251101321,0.140350877,0.122807017,0.43290043,0.26839827,0.2987013,0.09,386,714,1100,"17023"
"Jose Herrera","ARI","AAA",25,104,0.367088607,2.095238095,0.1875,0.55,0.2625,0.19047619,0.095238095,0.32098765,0.2962963,0.38271605,0.06282723,143,239,382,"17040"
"Grayson Greiner","ARI","AAA",29,170,0.371794871,1.153846153,0.325301204,0.361445783,0.313253012,0.23076923,0.23076923,0.45238095,0.16666667,0.38095238,0.16810345,260,436,696,"17062"
"Meibrys Viloria","TEX","AAA",25,218,0.363636363,1.657894736,0.192,0.504,0.304,0.105263157,0.131578947,0.37007874,0.27559055,0.35433071,0.08273009,446,521,967,"17109"
"Chad Wallach","LAA","AAA",30,365,0.277272727,1.182926829,0.21491228,0.425438596,0.359649122,0.219512195,0.109756097,0.51528384,0.24017467,0.24454148,0.14285714,555,887,1442,"17161"
"Monte Harrison","LAA","AAA",26,331,0.349112426,2.146341463,0.25433526,0.50867052,0.236994219,0.219512195,0.219512195,0.42696629,0.29213483,0.28089888,0.17246596,520,802,1322,"17216"
"Alex Jackson","MIA","AAA",26,123,0.272727272,0.823529411,0.225,0.35,0.425,0.205882352,0.058823529,0.49367089,0.21518987,0.29113924,0.16421053,155,320,475,"17276"
"Bobby Bradley","CLE","AAA",26,198,0.236559139,0.659574468,0.212121212,0.313131313,0.474747474,0.085106382,0.14893617,0.52,0.31,0.17,0.18911917,289,483,772,"17278"
"Luis Liberato","SDP","AAA",26,390,0.306976744,0.956521739,0.22077922,0.38095238,0.398268398,0.184782608,0.217391304,0.42323651,0.26970954,0.30705394,0.12235746,586,975,1561,"17307"
"Cole Tucker","PIT","AAA",25,170,0.285714285,1.342857142,0.219047619,0.447619047,0.333333333,0.114285714,0.057142857,0.37962963,0.21296296,0.40740741,0.11567732,231,426,657,"17326"
"Yermin Mercedes","CHW","AAA",29,267,0.283950617,0.589743589,0.270588235,0.270588235,0.458823529,0.192307692,0.153846153,0.45714286,0.23428571,0.30857143,0.14478417,424,688,1112,"17423"
"Jose Siri","HOU","AAA",26,78,0.279069767,0.518518518,0.211538461,0.269230769,0.519230769,0.185185185,0.333333333,0.36538462,0.36538462,0.26923077,0.17915309,113,194,307,"17452"
"Kelvin Gutierrez","BAL","AAA",27,238,0.286624203,2,0.150943396,0.566037735,0.283018867,0.177777777,0.133333333,0.49375,0.28125,0.225,0.12658228,314,555,869,"17468"
"Narciso Crook","CHC","AAA",26,409,0.342465753,1.424657534,0.240343347,0.446351931,0.313304721,0.191780821,0.260273972,0.51680672,0.23109244,0.25210084,0.18250472,582,1007,1589,"17473"
"Eloy Jimenez","CHW","AAA",25,63,0.279069767,1.692307692,0.204545454,0.5,0.295454545,0.23076923,0.153846153,0.53333333,0.31111111,0.15555556,0.12355212,94,165,259,"17484"
"JT Riddle","NYM","AAA",30,350,0.271653543,1.540229885,0.166037735,0.505660377,0.328301886,0.195402298,0.126436781,0.47368421,0.2443609,0.28195489,0.13836478,400,872,1272,"17642"
"Vimael Machin","OAK","AAA",28,292,0.352678571,1.947368421,0.256637168,0.491150442,0.252212389,0.175438596,0.070175438,0.35964912,0.19298246,0.44736842,0.04774775,443,667,1110,"17684"
"Kevin Newman","PIT","AAA",28,53,0.441860465,1.428571428,0.19047619,0.476190476,0.333333333,0.285714285,0,0.41860465,0.23255814,0.34883721,0.07881773,73,130,203,"17696"
"Matt Beaty","SDP","AAA",29,145,0.329896907,1.925925925,0.202020202,0.525252525,0.272727272,0.222222222,0.074074074,0.34343434,0.25252525,0.4040404,0.05096661,208,361,569,"17710"
"Christin Stewart","BOS","AAA",28,409,0.319371727,0.539215686,0.245192307,0.264423076,0.490384615,0.25490196,0.186274509,0.53554502,0.20379147,0.26066351,0.14149354,726,1055,1781,"17714"
"Steven Duggar","TEX","AAA",28,140,0.246575342,1.166666666,0.267605633,0.394366197,0.338028169,0.041666666,0.166666666,0.45454545,0.27272727,0.27272727,0.12589928,208,348,556,"17719"
"Skye Bolt","OAK","AAA",28,104,0.397058823,1.08,0.277777777,0.375,0.347222222,0.2,0.16,0.40277778,0.22222222,0.375,0.08878505,158,270,428,"17723"
"Richie Martin","BAL","AAA",27,334,0.315555555,1.527777777,0.18018018,0.495495495,0.324324324,0.25,0.027777777,0.49115044,0.2079646,0.30088496,0.11250925,499,852,1351,"17736"
"Josh Lester","DET","AAA",27,621,0.271356783,0.916666666,0.188235294,0.388235294,0.423529411,0.194444444,0.161111111,0.47540984,0.22248244,0.30210773,0.14556163,846,1531,2377,"17737"
"Max Schrock","CIN","AAA",27,73,0.333333333,0.73076923,0.224137931,0.327586206,0.448275862,0.346153846,0.076923076,0.40677966,0.23728814,0.3559322,0.08333333,87,177,264,"17750"
"DJ Stewart","BAL","AAA",28,105,0.307692307,0.692307692,0.228070175,0.315789473,0.45614035,0.307692307,0.23076923,0.51724138,0.20689655,0.27586207,0.10804598,175,260,435,"17766"
"Braden Bishop","ARI","AAA",28,284,0.286486486,1.49090909,0.238888888,0.455555555,0.305555555,0.309090909,0.109090909,0.43455497,0.28272251,0.28272251,0.12926391,416,698,1114,"17806"
"Drew Jackson","OAK","AAA",28,204,0.368932038,2.222222222,0.155339805,0.582524271,0.262135922,0.148148148,0.148148148,0.5,0.18867925,0.31132075,0.14916468,324,514,838,"17807"
"Jakson Reetz","KCR","AAA",26,153,0.252631578,0.653061224,0.205882352,0.31372549,0.480392156,0.244897959,0.163265306,0.52427184,0.22330097,0.25242718,0.16291161,219,358,577,"17837"
"Willie Calhoun","SFG","AAA",27,261,0.269841269,0.795454545,0.20603015,0.351758793,0.442211055,0.318181818,0.113636363,0.36180905,0.30150754,0.33668342,0.05490196,409,611,1020,"17838"
"Tyler Nevin","BAL","AAA",25,191,0.333333333,1.621621621,0.2421875,0.46875,0.2890625,0.135135135,0.189189189,0.49230769,0.23076923,0.27692308,0.08333333,297,459,756,"17893"
"Marcus Wilson","SEA","AAA",25,355,0.309677419,0.913043478,0.214285714,0.375,0.410714285,0.101449275,0.231884057,0.57309942,0.25730994,0.16959064,0.15530047,590,891,1481,"17910"
"Isan Diaz","MIA","AAA",26,340,0.303867403,0.894117647,0.202970297,0.376237623,0.420792079,0.188235294,0.270588235,0.40196078,0.3627451,0.23529412,0.13656388,555,807,1362,"17922"
"Andrew Stevenson","WSN","AAA",28,604,0.343434343,1.578512396,0.233415233,0.469287469,0.297297297,0.157024793,0.132231404,0.38141809,0.25183374,0.36674817,0.12283044,804,1443,2247,"17932"
"Sam Hilliard","COL","AAA",28,158,0.337349397,1.076923076,0.147368421,0.442105263,0.410526315,0.102564102,0.333333333,0.27835052,0.41237113,0.30927835,0.10397554,277,377,654,"17954"
"Scott Kingery","PHI","AAA",28,366,0.329842931,1.035294117,0.117346938,0.448979591,0.433673469,0.247058823,0.082352941,0.54,0.195,0.265,0.13542362,596,903,1499,"17975"
"David Fletcher","LAA","AAA",28,51,0.238095238,2.875,0.261904761,0.547619047,0.19047619,0.5,0,0.45238095,0.11904762,0.42857143,0.06432749,58,113,171,"17992"
"Paul DeJong","STL","AAA",28,230,0.237410071,0.76056338,0.198717948,0.346153846,0.455128205,0.197183098,0.239436619,0.51923077,0.26923077,0.21153846,0.12131148,324,591,915,"18015"
"Hoy Park","PIT","AAA",26,375,0.291866028,1.514285714,0.188940092,0.488479262,0.322580645,0.142857142,0.142857142,0.43181818,0.22272727,0.34545455,0.1057572,640,958,1598,"18027"
"Mark Mathias","MIL","AAA",27,237,0.407407407,1.142857142,0.270833333,0.388888888,0.340277777,0.142857142,0.183673469,0.35416667,0.32638889,0.31944444,0.09591837,398,582,980,"18032"
"Sam Haggerty","SEA","AAA",28,179,0.324561403,1.23076923,0.268907563,0.403361344,0.327731092,0.205128205,0.153846153,0.40983607,0.21311475,0.37704918,0.11642743,236,391,627,"18054"
"Austin Allen","OAK","AAA",28,223,0.365671641,1.386363636,0.255319148,0.432624113,0.312056737,0.068181818,0.159090909,0.42142857,0.25,0.32857143,0.15057471,311,559,870,"18083"
"Nathan Lukes","TOR","AAA",27,484,0.336363636,1.964285714,0.265486725,0.486725663,0.24778761,0.095238095,0.13095238,0.3431085,0.28152493,0.37536657,0.08744395,635,1149,1784,"18123"
"LaMonte Wade Jr.","SFG","AAA",28,58,0.236842105,0.5,0.210526315,0.263157894,0.526315789,0.15,0.1,0.425,0.275,0.3,0.07883817,104,137,241,"18126"
"Ka'ai Tom","SFG","AAA",28,311,0.301675977,0.794871794,0.239130434,0.336956521,0.423913043,0.205128205,0.128205128,0.4,0.26842105,0.33157895,0.11586314,506,780,1286,"18136"
"Patrick Mazeika","NYM","AAA",28,188,0.274074074,1.018518518,0.210144927,0.398550724,0.391304347,0.333333333,0.074074074,0.50359712,0.25179856,0.24460432,0.07115136,287,486,773,"18142"
"Nick Dini","NYM","AAA",28,201,0.23076923,0.859375,0.143884892,0.395683453,0.460431654,0.265625,0.171875,0.5035461,0.21985816,0.27659574,0.11378849,286,461,747,"18206"
"Brett Sullivan","SDP","AAA",28,475,0.302452316,1.098360655,0.309973045,0.361185983,0.32884097,0.196721311,0.073770491,0.40159574,0.30053191,0.29787234,0.04934602,635,1047,1682,"18217"
"Austin Dean","SFG","AAA",28,438,0.313167259,0.889830508,0.236301369,0.359589041,0.404109589,0.20338983,0.144067796,0.40468227,0.25752508,0.33779264,0.08318043,596,1039,1635,"18288"
"Edwin Rios","LAD","AAA",28,218,0.33898305,0.945454545,0.157480314,0.409448818,0.433070866,0.09090909,0.163636363,0.40944882,0.28346457,0.30708661,0.17440544,343,540,883,"18316"
"Daz Cameron","DET","AAA",25,430,0.321568627,0.854545454,0.218390804,0.360153256,0.421455938,0.19090909,0.09090909,0.35471698,0.25660377,0.38867925,0.11549623,635,1088,1723,"18353"
"Lewin Diaz","MIA","AAA",25,368,0.265822784,0.694214876,0.196078431,0.329411764,0.474509803,0.256198347,0.157024793,0.45136187,0.25680934,0.29182879,0.12862191,506,909,1415,"18365"
"Jermaine Palacios","MIN","AAA",25,428,0.350180505,1.726190476,0.202090592,0.50522648,0.292682926,0.095238095,0.166666666,0.46391753,0.23024055,0.30584192,0.1380531,622,1073,1695,"18371"
"Travis Blankenhorn","NYM","AAA",25,369,0.321585903,1.031578947,0.18907563,0.411764705,0.399159663,0.126315789,0.157894736,0.41393443,0.28688525,0.29918033,0.1404134,510,893,1403,"18395"
"Juan Yepez","STL","AAA",24,208,0.283464566,0.753846153,0.202797202,0.342657342,0.454545454,0.338461538,0.246153846,0.46853147,0.24475524,0.28671329,0.13118812,288,520,808,"18400"
"Trey Amburgey","SEA","AAA",27,218,0.260162601,0.810344827,0.204545454,0.356060606,0.439393939,0.206896551,0.155172413,0.54198473,0.22900763,0.22900763,0.12956419,317,532,849,"18425"
"P.J. Higgins","CHC","AAA",29,86,0.517857142,2.363636363,0.350877192,0.45614035,0.192982456,0.272727272,0.09090909,0.52631579,0.22807018,0.24561404,0.07651715,162,217,379,"18433"
"Ali Sanchez","DET","AAA",25,291,0.350877192,1.931818181,0.25433526,0.491329479,0.25433526,0.204545454,0.136363636,0.35028249,0.29378531,0.3559322,0.10590278,458,694,1152,"18551"
"Brendon Davis","LAA","AAA",24,589,0.27840909,0.838509316,0.197831978,0.365853658,0.436314363,0.211180124,0.124223602,0.44892473,0.25806452,0.29301075,0.14854916,884,1425,2309,"18587"
"Donny Sands","PHI","AAA",26,242,0.367741935,1.044776119,0.138364779,0.440251572,0.421383647,0.253731343,0.074626865,0.37037037,0.25308642,0.37654321,0.07792208,421,580,1001,"18603"
"Nick Plummer","NYM","AAA",25,270,0.326666666,0.924242424,0.16993464,0.39869281,0.431372549,0.06060606,0.106060606,0.40764331,0.22292994,0.36942675,0.14200596,401,606,1007,"18690"
"Andy Ibanez","TEX","AAA",29,315,0.288209606,0.844444444,0.278260869,0.330434782,0.391304347,0.288888888,0.066666666,0.40254237,0.23305085,0.36440678,0.07787904,450,757,1207,"18819"
"Jose Azocar","SDP","AAA",26,105,0.36231884,1.227272727,0.337837837,0.364864864,0.297297297,0.09090909,0.227272727,0.32432432,0.28378378,0.39189189,0.125,133,267,400,"18821"
"Yohel Pozo","TEX","AAA",25,267,0.347222222,1.844827586,0.253393665,0.484162895,0.262443438,0.103448275,0.103448275,0.42986425,0.24434389,0.32579186,0.10618436,235,622,857,"18848"
"Jahmai Jones","BAL","AAA",24,118,0.256756756,2.052631578,0.205479452,0.534246575,0.260273972,0.210526315,0.105263157,0.56578947,0.13157895,0.30263158,0.08641975,197,289,486,"18872"
"Curtis Terry","MIN","AAA",25,342,0.277056277,1.228915662,0.216101694,0.432203389,0.351694915,0.26506024,0.120481927,0.46058091,0.24896266,0.29045643,0.07222636,527,816,1343,"18881"
"Seby Zavala","CHW","AAA",28,169,0.432432432,0.54054054,0.304878048,0.243902439,0.451219512,0.054054054,0.216216216,0.45121951,0.26829268,0.2804878,0.18985507,285,405,690,"18887"
"Lucius Fox","WSN","AAA",24,231,0.304964539,3.035714285,0.204225352,0.598591549,0.197183098,0.107142857,0.142857142,0.45890411,0.16438356,0.37671233,0.12175874,324,563,887,"18899"
"Leody Taveras","TEX","AAA",23,221,0.34868421,1.458333333,0.248407643,0.445859872,0.305732484,0.145833333,0.145833333,0.35220126,0.27044025,0.37735849,0.10171569,277,539,816,"18900"
"Yusniel Diaz","BAL","AAA",25,286,0.31638418,1.327868852,0.20670391,0.452513966,0.340782122,0.163934426,0.098360655,0.45555556,0.21666667,0.32777778,0.10579345,473,718,1191,"18905"
"Estevan Florial","NYY","AAA",24,461,0.397590361,1.180851063,0.211538461,0.426923076,0.361538461,0.265957446,0.159574468,0.43396226,0.28301887,0.28301887,0.14721346,758,1144,1902,"19151"
"Corey Ray","MIL","AAA",27,143,0.261904761,0.729729729,0.264367816,0.310344827,0.425287356,0.216216216,0.135135135,0.4494382,0.20224719,0.34831461,0.21072089,176,365,541,"19170"
"Zack Collins","TOR","AAA",27,165,0.238095238,0.761904761,0.159090909,0.363636363,0.477272727,0.19047619,0.119047619,0.36666667,0.28888889,0.34444444,0.11155378,339,414,753,"19181"
"Taylor Kohlwey","SDP","AAA",27,587,0.34074074,1.520661157,0.25609756,0.448780487,0.295121951,0.231404958,0.09090909,0.38609113,0.2470024,0.36690647,0.07256637,868,1392,2260,"19212"
"Chris Okey","CIN","AAA",27,129,0.307692307,1.48,0.215189873,0.46835443,0.316455696,0.2,0.08,0.43902439,0.20731707,0.35365854,0.13980583,173,342,515,"19245"
"Trent Giambrone","CHC","AAA",28,292,0.248618784,1.134328358,0.222826086,0.413043478,0.364130434,0.268656716,0.044776119,0.47282609,0.25,0.27717391,0.1477171,422,695,1117,"19250"
"Stone Garrett","ARI","AAA",26,440,0.301526717,0.786885245,0.243055555,0.333333333,0.423611111,0.139344262,0.229508196,0.32758621,0.27586207,0.39655172,0.14775414,595,1097,1692,"19273"
"Armando Alvarez","NYY","AAA",27,323,0.303738317,0.882978723,0.22368421,0.364035087,0.412280701,0.212765957,0.191489361,0.39484979,0.28755365,0.31759657,0.08592471,414,808,1222,"19292"
"Nick Solak","TEX","AAA",27,259,0.31707317,1.765957446,0.221556886,0.497005988,0.281437125,0.276595744,0.212765957,0.43103448,0.21264368,0.35632184,0.083174,398,648,1046,"19294"
"Alex Call","WSN","AAA",27,327,0.317948717,0.752941176,0.255,0.32,0.425,0.247058823,0.152941176,0.56796117,0.23300971,0.19902913,0.06195965,579,809,1388,"19296"
"Donovan Walton","SEA","AAA",28,145,0.287128712,1.147058823,0.27,0.39,0.34,0.264705882,0.058823529,0.39252336,0.23364486,0.37383178,0.07913669,227,329,556,"19314"
"Matt Thaiss","LAA","AAA",27,332,0.305555555,1.692307692,0.215246636,0.493273542,0.29147982,0.138461538,0.153846153,0.34070796,0.30973451,0.34955752,0.10914681,532,769,1301,"19318"
"Jose Rojas","SFG","AAA",29,309,0.284974093,0.588785046,0.201877934,0.295774647,0.502347417,0.242990654,0.186915887,0.43457944,0.30373832,0.26168224,0.09150327,459,765,1224,"19331"
"DJ Peters","WSN","AAA",26,51,0.296296296,0.777777777,0.407407407,0.259259259,0.333333333,0.222222222,0,0.40740741,0.22222222,0.37037037,0.22018349,75,143,218,"19348"
"Luke Raley","TBR","AAA",27,268,0.382978723,1.613636363,0.238410596,0.470198675,0.291390728,0.181818181,0.318181818,0.48717949,0.23076923,0.28205128,0.17997978,357,632,989,"19354"
"Weston Wilson","MIL","AAA",27,462,0.302158273,1.134615384,0.209964412,0.419928825,0.370106761,0.211538461,0.10576923,0.49480969,0.22145329,0.28373702,0.12446809,671,1209,1880,"19358"
"Trenton Brooks","CLE","AAA",26,340,0.302631578,0.978947368,0.20338983,0.394067796,0.402542372,0.221052631,0.115789473,0.49792531,0.24896266,0.25311203,0.10600156,511,772,1283,"19384"
"Zach McKinstry","LAD","AAA",27,223,0.382165605,1.375,0.2875,0.4125,0.3,0.125,0.083333333,0.39506173,0.17901235,0.42592593,0.08639309,374,552,926,"19392"
"Brian Serven","COL","AAA",27,96,0.275862068,1.833333333,0.15,0.55,0.3,0.222222222,0.277777777,0.47619048,0.22222222,0.3015873,0.11294766,140,223,363,"19422"
"Yonny Hernandez","ARI","AAA",24,298,0.292682926,2.875,0.232673267,0.56930693,0.198019801,0.225,0.025,0.3592233,0.19902913,0.44174757,0.05084746,470,710,1180,"19432"
"Andruw Monasterio","MIL","AAA",25,249,0.326923076,1.150943396,0.25,0.401315789,0.34868421,0.113207547,0.018867924,0.45283019,0.24528302,0.30188679,0.1011236,410,658,1068,"19455"
"Cooper Hummel","ARI","AAA",27,156,0.404761904,1.384615384,0.311111111,0.4,0.288888888,0.23076923,0.23076923,0.42222222,0.22222222,0.35555556,0.10603589,268,345,613,"19458"
"Alex De Goti","HOU","AAA",27,577,0.301298701,1.2734375,0.25192802,0.419023136,0.329048843,0.1953125,0.0703125,0.4213198,0.20812183,0.37055838,0.09755031,877,1409,2286,"19477"
"Kyle Lewis","SEA","AAA",26,174,0.266666666,0.975,0.217821782,0.386138613,0.396039603,0.125,0.3,0.33333333,0.41176471,0.25490196,0.14756447,288,410,698,"19508"
"Andrew Young","WSN","AAA",28,111,0.29090909,1.428571428,0.105263157,0.526315789,0.368421052,0.19047619,0.142857142,0.34482759,0.18965517,0.46551724,0.14090909,171,269,440,"19521"
"TJ Friedl","CIN","AAA",26,241,0.326666666,0.77027027,0.170886075,0.360759493,0.46835443,0.216216216,0.108108108,0.4382716,0.30864198,0.25308642,0.09275053,392,546,938,"19522"
"Jacob Robson","DET","AAA",27,179,0.320987654,2,0.2125,0.525,0.2625,0.047619047,0.142857142,0.46428571,0.23809524,0.29761905,0.16888298,307,445,752,"19528"
"Taylor Jones","HOU","AAA",28,351,0.328358208,1.070422535,0.296650717,0.363636363,0.339712918,0.197183098,0.169014084,0.47887324,0.28169014,0.23943662,0.09921485,542,859,1401,"19533"
"Jaylin Davis","BOS","AAA",27,393,0.301886792,1.259740259,0.186915887,0.453271028,0.359813084,0.207792207,0.116883116,0.47727273,0.25454545,0.26818182,0.17204969,653,957,1610,"19552"
"Zack Short","DET","AAA",27,559,0.308196721,0.795620437,0.190789473,0.358552631,0.450657894,0.197080291,0.08029197,0.55345912,0.21069182,0.23584906,0.10486577,1022,1362,2384,"19562"
"Nate Mondou","OAK","AAA",27,449,0.34,1.009009009,0.27124183,0.366013071,0.362745098,0.198198198,0.063063063,0.33876221,0.21824104,0.44299674,0.07270694,723,1065,1788,"19563"
"Bryan De La Cruz","MIA","AAA",25,54,0.363636363,0.777777777,0.135135135,0.378378378,0.486486486,0.111111111,0.222222222,0.51351351,0.2972973,0.18918919,0.14414414,77,145,222,"19600"
"Otto Lopez","TOR","AAA",23,391,0.35125448,2.159420289,0.212996389,0.537906137,0.249097472,0.188405797,0.04347826,0.42253521,0.24295775,0.33450704,0.07666214,557,917,1474,"19608"
"Luis Barrera","OAK","AAA",26,348,0.30962343,1.458333333,0.271604938,0.432098765,0.296296296,0.208333333,0.111111111,0.39112903,0.27016129,0.33870968,0.09417398,427,826,1253,"19615"
"David MacKinnon","OAK","AAA",27,346,0.356481481,0.736842105,0.273127753,0.308370044,0.418502202,0.084210526,0.157894736,0.41558442,0.32034632,0.26406926,0.07866761,584,827,1411,"19625"
"Brent Rooker","SDP","AAA",27,365,0.340782122,0.619565217,0.258706467,0.283582089,0.457711442,0.108695652,0.304347826,0.41545894,0.33816425,0.24637681,0.14353741,599,871,1470,"19627"
"Jack Kruger","TEX","AAA",27,62,0.25,1.266666666,0.15,0.475,0.375,0.266666666,0,0.275,0.25,0.475,0.13733906,78,155,233,"19634"
"Sheldon Neuse","OAK","AAA",27,113,0.457831325,1.52,0.284090909,0.431818181,0.284090909,0.16,0.2,0.36781609,0.27586207,0.35632184,0.11320755,140,284,424,"19635"
"Daniel Johnson","NYM","AAA",26,219,0.253846153,0.947368421,0.177777777,0.4,0.422222222,0.280701754,0.087719298,0.54814815,0.21481481,0.23703704,0.18019093,279,559,838,"19643"
"Ben DeLuzio","STL","AAA",27,408,0.347169811,1.326086956,0.210332103,0.450184501,0.339483394,0.304347826,0.097826086,0.41090909,0.24363636,0.34545455,0.11599745,582,987,1569,"19644"
"Zach Reks","TEX","AAA",28,140,0.430379746,1.4,0.259259259,0.432098765,0.308641975,0,0.24,0.37209302,0.27906977,0.34883721,0.10720562,210,359,569,"19667"
"Edward Olivares","KCR","AAA",26,86,0.317460317,1.6,0.161290322,0.516129032,0.322580645,0.3,0.05,0.46875,0.3125,0.21875,0.09850746,124,211,335,"19698"
"Jake Noll","WSN","AAA",28,423,0.294117647,1.033898305,0.22077922,0.396103896,0.383116883,0.296610169,0.084745762,0.47923323,0.20447284,0.31629393,0.14962762,453,1024,1477,"19703"
"Ronnie Dawson","CIN","AAA",27,448,0.323529411,1.466666666,0.207142857,0.471428571,0.321428571,0.155555555,0.122222222,0.37192982,0.26315789,0.36491228,0.12958843,654,1144,1798,"19710"
"Darick Hall","PHI","AAA",26,443,0.267657992,1.119658119,0.159322033,0.444067796,0.396610169,0.205128205,0.239316239,0.4261745,0.2147651,0.3590604,0.12840703,607,1044,1651,"19717"
"Joe Dunand","MIA","AAA",26,340,0.308108108,0.839506172,0.211640211,0.359788359,0.428571428,0.234567901,0.074074074,0.52879581,0.16753927,0.30366492,0.17781155,482,834,1316,"19727"
"Rylan Bannon","BAL","AAA",26,411,0.310344827,1.056179775,0.24691358,0.386831275,0.366255144,0.247191011,0.146067415,0.38367347,0.26122449,0.35510204,0.0938914,742,1026,1768,"19768"
"Dairon Blanco","KCR","AAA",29,414,0.37065637,1.322222222,0.211320754,0.449056603,0.339622641,0.111111111,0.155555555,0.42909091,0.28,0.29090909,0.15197368,542,978,1520,"19779"
"Esteban Quiroz","CHC","AAA",30,148,0.268292682,1.033333333,0.26506024,0.373493975,0.361445783,0.266666666,0.1,0.34117647,0.29411765,0.36470588,0.10480349,274,413,687,"19780"
"Zach Remillard","CHW","AAA",28,491,0.35409836,1.333333333,0.259615384,0.423076923,0.317307692,0.202020202,0.09090909,0.4511041,0.26498423,0.28391167,0.10851506,745,1181,1926,"19788"
"Jhonny Pereda","SFG","AAA",26,247,0.315151515,1.708333333,0.23076923,0.4852071,0.284023668,0.229166666,0.083333333,0.4,0.26470588,0.33529412,0.0893401,381,604,985,"19802"
"Jason Delay","PIT","AAA",27,93,0.264705882,0.9,0.161764705,0.397058823,0.44117647,0.4,0,0.37142857,0.18571429,0.44285714,0.10903427,115,206,321,"19806"
"Charles Leblanc","MIA","AAA",26,360,0.396135265,1.073170731,0.227272727,0.4,0.372727272,0.158536585,0.170731707,0.4479638,0.24886878,0.30316742,0.13420861,502,869,1371,"19813"
"Joshua Palacios","WSN","AAA",26,342,0.334763948,2.03125,0.184873949,0.546218487,0.268907563,0.21875,0.140625,0.3909465,0.25925926,0.34979424,0.10920437,493,789,1282,"19818"
"Chuckie Robinson","CIN","AAA",27,93,0.303030303,1.47368421,0.298507462,0.417910447,0.283582089,0.210526315,0.105263157,0.42647059,0.22058824,0.35294118,0.128,122,253,375,"19824"
"Caleb Hamilton","MIN","AAA",27,251,0.286821705,1.074074074,0.188405797,0.420289855,0.391304347,0.203703703,0.203703703,0.45714286,0.26428571,0.27857143,0.11647727,470,586,1056,"19842"
"Abraham Toro","SEA","AAA",25,69,0.272727272,2.7,0.195652173,0.586956521,0.217391304,0.1,0.2,0.5,0.10869565,0.39130435,0.09854015,117,157,274,"19844"
"Luis Rengifo","LAA","AAA",25,112,0.375,2,0.28,0.48,0.24,0.166666666,0.222222222,0.44736842,0.25,0.30263158,0.11349036,195,272,467,"19858"
"Rene Pinto","TBR","AAA",25,306,0.326203208,0.876543209,0.236180904,0.356783919,0.407035175,0.296296296,0.172839506,0.4079602,0.22885572,0.36318408,0.14309211,434,782,1216,"19859"
"Riley Adams","WSN","AAA",26,123,0.317460317,1.578947368,0.257575757,0.454545454,0.287878787,0.315789473,0.210526315,0.53731343,0.19402985,0.26865672,0.10467706,166,283,449,"19864"
"Greg Deichmann","CHC","AAA",27,282,0.298136645,1.454545454,0.191616766,0.479041916,0.329341317,0.272727272,0.127272727,0.42105263,0.18128655,0.39766082,0.15670996,413,742,1155,"19872"
"Drew Ellis","ARI","AAA",26,468,0.268774703,0.565217391,0.19402985,0.291044776,0.514925373,0.304347826,0.137681159,0.47426471,0.23161765,0.29411765,0.10366748,837,1208,2045,"19873"
"Tristan Gray","TBR","AAA",26,500,0.259259259,0.709219858,0.191275167,0.335570469,0.473154362,0.241134751,0.234042553,0.41914191,0.28382838,0.2970297,0.19927536,659,1273,1932,"19877"
"Adam Haseley","CHW","AAA",26,463,0.259146341,1.517857142,0.163204747,0.504451038,0.332344213,0.214285714,0.133928571,0.4244186,0.20930233,0.36627907,0.09373203,659,1080,1739,"19878"
"Emmanuel Rivera","KCR","AAA",26,85,0.357142857,2.133333333,0.20338983,0.542372881,0.254237288,0.2,0.2,0.55172414,0.18965517,0.25862069,0.12721893,136,202,338,"19890"
"Connor Wong","BOS","AAA",26,355,0.340611353,1.292682926,0.219917012,0.439834024,0.340248962,0.170731707,0.182926829,0.46311475,0.28278689,0.25409836,0.13111111,472,878,1350,"19896"
"Diego Castillo","PIT","AAA",24,151,0.306122448,1.131578947,0.19,0.43,0.38,0.210526315,0.078947368,0.4950495,0.23762376,0.26732673,0.11167513,217,374,591,"19906"
"Sandro Fabian","TEX","AAA",24,109,0.22077922,1.185185185,0.253164556,0.405063291,0.341772151,0.148148148,0.148148148,0.48148148,0.19753086,0.32098765,0.11161731,159,280,439,"19910"
"Jesus Sanchez","MIA","AAA",24,183,0.377192982,1.243902439,0.213675213,0.435897435,0.35042735,0.146341463,0.146341463,0.35833333,0.24166667,0.4,0.13630042,273,446,719,"19913"
"Blake Perkins","NYY","AAA",25,114,0.295081967,0.75,0.222222222,0.333333333,0.444444444,0.178571428,0.107142857,0.42424242,0.3030303,0.27272727,0.11134454,203,273,476,"19921"
"Luke Williams","SFG","AAA",25,58,0.483870967,0.25,0.375,0.125,0.5,0.25,0.0625,0.51515152,0.15151515,0.33333333,0.15384615,91,143,234,"19931"
"Cristian Pache","OAK","AAA",23,171,0.301724137,1.966666666,0.245762711,0.5,0.254237288,0.233333333,0.133333333,0.45833333,0.26666667,0.275,0.13114754,219,391,610,"19948"
"Khalil Lee","NYM","AAA",24,418,0.314009661,1.408450704,0.200934579,0.467289719,0.3317757,0.169014084,0.14084507,0.43317972,0.25806452,0.30875576,0.14585764,679,1035,1714,"19952"
"Josh Lowe","TBR","AAA",24,351,0.460227272,1.014285714,0.257894736,0.37368421,0.368421052,0.157142857,0.2,0.32460733,0.28795812,0.38743455,0.13263296,599,924,1523,"19953"
"Mickey Moniak","PHI","AAA",24,100,0.301587301,0.735294117,0.157142857,0.357142857,0.485714285,0.411764705,0.205882352,0.54285714,0.15714286,0.3,0.11351351,126,244,370,"19956"
"Blake Rutherford","CHW","AAA",25,467,0.314540059,1.467289719,0.234782608,0.455072463,0.310144927,0.289719626,0.121495327,0.42571429,0.25142857,0.32285714,0.14403553,484,1092,1576,"19957"
"Taylor Trammell","SEA","AAA",24,98,0.369230769,1.944444444,0.242857142,0.5,0.257142857,0.333333333,0.277777777,0.41428571,0.25714286,0.32857143,0.12466125,149,220,369,"19960"
"Eguy Rosario","SDP","AAA",22,564,0.325136612,0.945945945,0.244094488,0.367454068,0.388451443,0.222972972,0.148648648,0.49100257,0.24164524,0.26735219,0.12045977,799,1376,2175,"19964"
"Bobby Dalbec","BOS","AAA",27,53,0.233333333,0.421052631,0.205882352,0.235294117,0.558823529,0.210526315,0.263157894,0.42857143,0.25714286,0.31428571,0.12807882,69,134,203,"19966"
"Jared Oliva","PIT","AAA",26,349,0.326271186,1.146067415,0.194092827,0.430379746,0.375527426,0.247191011,0.08988764,0.46938776,0.2122449,0.31836735,0.10584752,496,855,1351,"19968"
"Tres Barrera","WSN","AAA",27,206,0.292307692,1.195652173,0.251851851,0.407407407,0.34074074,0.239130434,0.152173913,0.47101449,0.1884058,0.34057971,0.09436435,294,469,763,"19977"
"Conner Capel","OAK","AAA",25,409,0.304029304,1,0.205776173,0.397111913,0.397111913,0.218181818,0.09090909,0.39929329,0.26501767,0.33568905,0.08497537,636,988,1624,"19983"
"Bryce Johnson","SFG","AAA",26,352,0.390697674,1.267605633,0.254629629,0.416666666,0.328703703,0.070422535,0.070422535,0.40625,0.27678571,0.31696429,0.09229651,529,847,1376,"20002"
"Keston Hiura","MIL","AAA",25,59,0.346153846,0.75,0.125,0.375,0.5,0.125,0.375,0.4375,0.25,0.3125,0.12648221,106,147,253,"20003"
"Miles Mastrobuoni","TBR","AAA",26,573,0.341708542,1.338461538,0.260340632,0.423357664,0.316301703,0.107692307,0.123076923,0.34782609,0.29951691,0.352657,0.06119028,929,1457,2386,"20017"
"Kramer Robertson","NYM","AAA",27,514,0.293918918,2.050632911,0.204620462,0.534653465,0.260726072,0.265822784,0.139240506,0.48208469,0.25081433,0.26710098,0.08204896,928,1278,2206,"20022"
"Hunter Owen","PIT","AAA",28,68,0.361111111,1.461538461,0.135135135,0.513513513,0.351351351,0.384615384,0.076923076,0.48648649,0.24324324,0.27027027,0.16483516,114,159,273,"20034"
"Isaac Paredes","TBR","AAA",23,113,0.28,0.8,0.192307692,0.358974358,0.448717948,0.371428571,0.114285714,0.56962025,0.27848101,0.15189873,0.06072874,194,300,494,"20036"
"Brian Miller","MIA","AAA",26,452,0.341463414,1.369369369,0.198170731,0.463414634,0.338414634,0.18018018,0.063063063,0.42136499,0.24035608,0.33827893,0.10084541,596,1060,1656,"20047"
"Bligh Madris","PIT","AAA",26,334,0.359813084,1.219178082,0.27027027,0.4009009,0.328828828,0.150684931,0.150684931,0.45575221,0.2079646,0.33628319,0.11541382,500,817,1317,"20054"
"Alan Trejo","COL","AAA",26,293,0.329949238,0.891566265,0.25592417,0.3507109,0.393364928,0.13253012,0.192771084,0.46948357,0.23004695,0.30046948,0.13998082,321,722,1043,"20056"
"Evan White","SEA","AAA",26,107,0.19047619,1.304347826,0.208955223,0.447761194,0.343283582,0.217391304,0.304347826,0.37142857,0.17142857,0.45714286,0.12690355,157,237,394,"20078"
"Mark Contreras","MIN","AAA",27,423,0.310924369,1.072916666,0.197580645,0.41532258,0.387096774,0.114583333,0.15625,0.37944664,0.29249012,0.32806324,0.17302799,529,1043,1572,"20122"
"Matthew Batten","SDP","AAA",27,378,0.338842975,1.04494382,0.272,0.372,0.356,0.258426966,0.13483146,0.50393701,0.22047244,0.27559055,0.07625995,598,910,1508,"20157"
"J.J. Matijevic","HOU","AAA",26,282,0.331288343,1.711538461,0.207865168,0.5,0.292134831,0.057692307,0.307692307,0.41340782,0.25139665,0.33519553,0.12673611,453,699,1152,"20165"
"Miguel Vargas","LAD","AAA",22,520,0.331428571,0.942446043,0.245810055,0.365921787,0.388268156,0.143884892,0.122302158,0.4359673,0.26158038,0.30245232,0.08272149,826,1217,2043,"20178"
"Jo Adell","LAA","AAA",23,180,0.272727272,0.777777777,0.2,0.35,0.45,0.288888888,0.288888888,0.44554455,0.30693069,0.24752475,0.13212435,304,468,772,"20220"
"Kevin Smith","OAK","AAA",25,370,0.360189573,0.684210526,0.269406392,0.296803652,0.433789954,0.136842105,0.136842105,0.41517857,0.30357143,0.28125,0.15317726,511,984,1495,"20242"
"Mario Feliciano","MIL","AAA",23,311,0.31441048,2.25,0.212121212,0.545454545,0.242424242,0.232142857,0.107142857,0.45957447,0.21276596,0.32765957,0.12089972,331,736,1067,"20263"
"Jonathan Arauz","BAL","AAA",23,144,0.245454545,1.555555555,0.155963302,0.513761467,0.330275229,0.361111111,0,0.4954955,0.1981982,0.30630631,0.06367041,211,323,534,"20275"
"Ben Rortvedt","NYY","AAA",24,177,0.301075268,0.975,0.202020202,0.393939393,0.404040404,0.275,0.15,0.35353535,0.3030303,0.34343434,0.14537445,263,418,681,"20287"
"Jake Meyers","HOU","AAA",26,170,0.342592592,1.485714285,0.236842105,0.45614035,0.307017543,0.142857142,0.2,0.34782609,0.27826087,0.37391304,0.09350238,265,366,631,"20308"
"Corey Julks","HOU","AAA",26,590,0.301369863,1.061643835,0.230179028,0.396419437,0.373401534,0.178082191,0.212328767,0.45959596,0.31818182,0.22222222,0.09687098,868,1465,2333,"20311"
"Stuart Fairchild","SFG","AAA",26,221,0.314049586,1.125,0.209302325,0.418604651,0.372093023,0.229166666,0.229166666,0.43939394,0.29545455,0.26515152,0.16140777,317,507,824,"20321"
"Alex Kirilloff","MIN","AAA",24,157,0.389473684,1.5,0.23076923,0.461538461,0.307692307,0.03125,0.3125,0.34285714,0.37142857,0.28571429,0.10747664,263,379,642,"20325"
"Luis Gonzalez","SFG","AAA",26,92,0.326530612,0.909090909,0.236363636,0.363636363,0.4,0.272727272,0.272727272,0.41818182,0.30909091,0.27272727,0.08780488,167,243,410,"20332"
"Ernie Clement","CLE","AAA",26,87,0.220588235,0.90625,0.14084507,0.408450704,0.450704225,0.3125,0.125,0.4109589,0.24657534,0.34246575,0.06007067,93,190,283,"20352"
"Luis Garcia Jr.","WSN","AAA",22,205,0.342657342,1.902439024,0.201342281,0.523489932,0.275167785,0.195121951,0.195121951,0.46357616,0.22516556,0.31125828,0.11631016,284,464,748,"20391"
"Jared Young","CHC","AAA",26,455,0.270758122,1.272727272,0.226804123,0.43298969,0.340206185,0.161616161,0.171717171,0.43097643,0.24242424,0.32659933,0.12986236,639,1032,1671,"20404"
"Royce Lewis","MIN","AAA",23,153,0.378947368,1.4,0.257731958,0.43298969,0.30927835,0.333333333,0.166666666,0.59,0.17,0.24,0.10917722,234,398,632,"20437"
"Brewer Hicklen","KCR","AAA",26,559,0.359683794,0.837398373,0.187050359,0.370503597,0.442446043,0.203252032,0.227642276,0.44522968,0.32508834,0.22968198,0.16217451,856,1333,2189,"20450"
"Irving Lopez","STL","AAA",27,92,0.3125,0.8,0.296875,0.3125,0.390625,0.16,0.04,0.41538462,0.26153846,0.32307692,0.09039548,132,222,354,"20463"
"Seth Beer","ARI","AAA",25,402,0.258823529,1.177083333,0.196153846,0.434615384,0.369230769,0.114583333,0.145833333,0.38148148,0.24444444,0.37407407,0.125,590,930,1520,"20493"
"Scott Hurst","STL","AAA",26,371,0.337606837,1.685714285,0.229508196,0.483606557,0.286885245,0.185714285,0.142857142,0.40163934,0.19262295,0.4057377,0.08924949,605,874,1479,"20501"
"William Contreras","ATL","AAA",24,51,0.368421052,2.3,0.131578947,0.605263157,0.263157894,0.4,0,0.31578947,0.23684211,0.44736842,0.13259669,59,122,181,"20503"
"Drew Waters","KCR","AAA",23,353,0.346341463,1.546875,0.238317757,0.462616822,0.29906542,0.125,0.1875,0.48847926,0.22580645,0.28571429,0.14820042,520,897,1417,"20505"
"Nolan Jones","CLE","AAA",24,248,0.352112676,1.902439024,0.184931506,0.534246575,0.280821917,0.121951219,0.219512195,0.38410596,0.28476821,0.33112583,0.09450338,409,628,1037,"20529"
"Mickey McDonald","OAK","AAA",27,252,0.35064935,1.775,0.274509803,0.464052287,0.261437908,0.3,0.05,0.41875,0.21875,0.3625,0.09139214,361,580,941,"20533"
"Vidal Brujan","TBR","AAA",24,290,0.338235294,1.358208955,0.236714975,0.439613526,0.323671497,0.208955223,0.089552238,0.51904762,0.21428571,0.26666667,0.10644258,404,667,1071,"20536"
"Jose Miranda","MIN","AAA",24,95,0.273972602,1.074074074,0.232876712,0.397260273,0.369863013,0.296296296,0.074074074,0.52,0.13333333,0.34666667,0.08059701,125,210,335,"20538"
"Elehuris Montero","COL","AAA",23,297,0.35359116,0.780487804,0.227513227,0.338624338,0.433862433,0.134146341,0.182926829,0.37878788,0.27777778,0.34343434,0.12820513,433,698,1131,"20543"
"Kody Clemens","DET","AAA",26,264,0.333333333,1.095238095,0.223529411,0.405882352,0.370588235,0.222222222,0.206349206,0.42774566,0.21387283,0.3583815,0.14430147,402,686,1088,"20572"
"Ivan Herrera","STL","AAA",22,278,0.318435754,1.709090909,0.194594594,0.508108108,0.297297297,0.254545454,0.109090909,0.48648649,0.16756757,0.34594595,0.0696649,475,659,1134,"20599"
"Logan Porter","KCR","AAA",26,146,0.382716049,1.321428571,0.226190476,0.44047619,0.333333333,0.214285714,0.107142857,0.54761905,0.20238095,0.25,0.10683012,254,317,571,"20626"
"Carlos Perez","CHW","AAA",25,465,0.234159779,0.955974842,0.181578947,0.4,0.418421052,0.301886792,0.132075471,0.52467532,0.1974026,0.27792208,0.06634499,601,1057,1658,"20805"
"Dermis Garcia","OAK","AAA",24,278,0.337837837,0.868852459,0.278481012,0.335443037,0.386075949,0.163934426,0.213114754,0.4625,0.28125,0.25625,0.16965127,401,660,1061,"20926"
"Oscar Gonzalez","CLE","AAA",24,182,0.285714285,1.34,0.198630136,0.458904109,0.342465753,0.18,0.18,0.45637584,0.19463087,0.34899329,0.16745656,169,464,633,"20970"
"Leo Rivas","CIN","AAA",24,164,0.347826086,1.692307692,0.239130434,0.478260869,0.282608695,0.115384615,0.076923076,0.45744681,0.26595745,0.27659574,0.09538003,273,398,671,"21009"
"Alejo Lopez","CIN","AAA",26,182,0.273381294,1.5,0.178571428,0.492857142,0.328571428,0.130434782,0.065217391,0.36619718,0.22535211,0.4084507,0.08422665,246,407,653,"21127"
"Tyler Payne","CHC","AAA",29,163,0.382608695,2.384615384,0.228070175,0.543859649,0.228070175,0.192307692,0.038461538,0.42372881,0.23728814,0.33898305,0.14206642,165,377,542,"21139"
"Sean Bouchard","COL","AAA",26,312,0.333333333,0.810126582,0.2513089,0.335078534,0.413612565,0.164556962,0.253164556,0.41752577,0.29381443,0.28865979,0.11120064,516,725,1241,"21270"
"Dalton Guthrie","PHI","AAA",26,374,0.359375,1.348314606,0.208333333,0.454545454,0.337121212,0.146067415,0.11235955,0.50561798,0.22097378,0.27340824,0.11834734,487,941,1428,"21293"
"Mark Kolozsvary","CIN","AAA",26,142,0.236111111,0.787878787,0.180555555,0.361111111,0.458333333,0.333333333,0.09090909,0.55844156,0.18181818,0.25974026,0.16122841,196,325,521,"21304"
"Michael Papierski","HOU","AAA",26,222,0.256756756,1.101694915,0.194805194,0.422077922,0.383116883,0.186440677,0.101694915,0.36363636,0.19480519,0.44155844,0.0954023,325,545,870,"21386"
"Lars Nootbaar","STL","AAA",24,77,0.232558139,0.782608695,0.108695652,0.391304347,0.5,0.304347826,0.173913043,0.44680851,0.29787234,0.25531915,0.07213115,127,178,305,"21454"
"Luken Baker","STL","AAA",25,513,0.264797507,0.903703703,0.241887905,0.359882005,0.398230088,0.311111111,0.155555555,0.39766082,0.24561404,0.35672515,0.13814119,713,1256,1969,"21497"
"Nick Fortes","MIA","AAA",25,120,0.279069767,1.322580645,0.191011235,0.460674157,0.348314606,0.193548387,0.096774193,0.47777778,0.22222222,0.3,0.09090909,180,260,440,"21538"
"Coco Montes","COL","AAA",25,479,0.350553505,0.75409836,0.262068965,0.317241379,0.420689655,0.147540983,0.163934426,0.43986254,0.22680412,0.33333333,0.1402214,701,1196,1897,"21547"
"Matt Vierling","PHI","AAA",25,95,0.308823529,1.153846153,0.188405797,0.434782608,0.376811594,0.423076923,0.076923076,0.48571429,0.21428571,0.3,0.05134474,161,248,409,"21558"
"Alfonso Rivas III","CHC","AAA",25,106,0.409090909,1.444444444,0.323076923,0.4,0.276923076,0.222222222,0.055555555,0.3880597,0.23880597,0.37313433,0.07918552,177,265,442,"21560"
"Romy Gonzalez","CHW","AAA",25,135,0.277777777,2.2,0.146666666,0.586666666,0.266666666,0.05,0.2,0.42105263,0.28947368,0.28947368,0.11925043,220,367,587,"21562"
"Cesar Salazar","HOU","AAA",26,66,0.255319148,0.695652173,0.170212765,0.340425531,0.489361702,0.217391304,0,0.46808511,0.23404255,0.29787234,0.12653061,96,149,245,"21587"
"Jake McCarthy","ARI","AAA",24,165,0.412280701,2.269230769,0.279661016,0.5,0.220338983,0.153846153,0.192307692,0.33333333,0.3,0.36666667,0.09278351,234,348,582,"21622"
"Ford Proctor","TBR","AAA",25,459,0.315352697,2.196969696,0.159362549,0.577689243,0.262948207,0.121212121,0.181818181,0.34901961,0.26666667,0.38431373,0.14262821,761,1111,1872,"21634"
"Nick Maton","PHI","AAA",25,250,0.326797385,0.530864197,0.205128205,0.275641025,0.519230769,0.296296296,0.061728395,0.49056604,0.19496855,0.31446541,0.12090164,393,583,976,"21635"
"Rafael Marchan","PHI","AAA",23,263,0.242718446,0.910112359,0.182692307,0.389423076,0.427884615,0.292134831,0.04494382,0.4549763,0.20853081,0.33649289,0.05942623,357,619,976,"21646"
"Oswaldo Cabrera","NYY","AAA",23,208,0.330578512,0.716666666,0.1953125,0.3359375,0.46875,0.166666666,0.133333333,0.39393939,0.27272727,0.33333333,0.14015152,303,489,792,"21707"
"Oneil Cruz","PIT","AAA",23,247,0.27027027,1.857142857,0.215686274,0.509803921,0.274509803,0.119047619,0.214285714,0.35849057,0.24528302,0.39622642,0.11177645,383,619,1002,"21711"
"Enmanuel Valdez","HOU","AAA",23,368,0.294605809,0.803571428,0.214007782,0.350194552,0.435797665,0.214285714,0.151785714,0.3875969,0.29844961,0.31395349,0.11449371,539,972,1511,"21716"
"Jose Fermin","CLE","AAA",23,330,0.235294117,1,0.205479452,0.397260273,0.397260273,0.252873563,0.068965517,0.5193133,0.21459227,0.26609442,0.05422153,511,780,1291,"21746"
"Esteury Ruiz","MIL","AAA",23,309,0.387755102,1.183098591,0.225,0.42,0.355,0.338028169,0.098591549,0.46601942,0.23300971,0.30097087,0.09405501,436,691,1127,"21780"
"Sherten Apostel","TEX","AAA",23,77,0.363636363,1.6,0.277777777,0.444444444,0.277777777,0.1,0.3,0.41666667,0.38888889,0.19444444,0.19205298,110,192,302,"21794"
"Jonathan Aranda","TBR","AAA",24,465,0.376712328,1.4,0.252459016,0.436065573,0.311475409,0.157894736,0.189473684,0.38906752,0.25401929,0.35691318,0.07884923,733,1144,1877,"21837"
"Freddy Fermin","KCR","AAA",27,348,0.290178571,0.561983471,0.188841201,0.291845493,0.519313304,0.198347107,0.123966942,0.46025105,0.28451883,0.25523013,0.09727082,568,861,1429,"21840"
"Carlos Cortes","NYM","AAA",25,117,0.204819277,1.088235294,0.144578313,0.445783132,0.409638554,0.294117647,0.029411764,0.4047619,0.27380952,0.32142857,0.08126411,164,279,443,"21842"
"Will Benson","CLE","AAA",24,401,0.339712918,0.988636363,0.21875,0.388392857,0.392857142,0.25,0.193181818,0.41666667,0.25877193,0.3245614,0.08746177,736,899,1635,"21853"
"Bo Naylor","CLE","AAA",22,290,0.305732484,0.884057971,0.244186046,0.354651162,0.40116279,0.014492753,0.217391304,0.38728324,0.28901734,0.32369942,0.09666667,494,706,1200,"21865"
"Jerar Encarnacion","MIA","AAA",24,297,0.335329341,1.20289855,0.150837988,0.46368715,0.38547486,0.115942028,0.20289855,0.37016575,0.25966851,0.37016575,0.18150685,395,773,1168,"21871"
"Rodolfo Castro","PIT","AAA",23,314,0.308988764,1.180555555,0.155913978,0.456989247,0.387096774,0.166666666,0.166666666,0.45263158,0.22631579,0.32105263,0.14933993,478,734,1212,"21987"
"Steele Walker","TEX","AAA",25,309,0.298642533,1.086419753,0.255506607,0.387665198,0.356828193,0.172839506,0.111111111,0.42424242,0.29437229,0.28138528,0.10968295,418,749,1167,"22093"
"Nick Pratto","KCR","AAA",23,374,0.298850574,0.712643678,0.207446808,0.329787234,0.462765957,0.183908045,0.195402298,0.40314136,0.2565445,0.34031414,0.11746805,705,938,1643,"22117"
"Payton Henry","MIA","AAA",25,83,0.363636363,1.833333333,0.227272727,0.5,0.272727272,0.166666666,0.083333333,0.35555556,0.24444444,0.4,0.18404908,114,212,326,"22164"
"Ryan Vilade","COL","AAA",23,430,0.290969899,1.738636363,0.193979933,0.511705685,0.294314381,0.204545454,0.056818181,0.32565789,0.24013158,0.43421053,0.08653846,596,964,1560,"22165"
"Akil Baddoo","DET","AAA",23,131,0.365853658,1.956521739,0.2,0.529411764,0.270588235,0.260869565,0.130434782,0.46511628,0.20930233,0.3255814,0.08067542,231,302,533,"22168"
"Cal Mitchell","PIT","AAA",23,261,0.369791666,1.46031746,0.225,0.46,0.315,0.047619047,0.142857142,0.47761194,0.25870647,0.26368159,0.0952381,350,616,966,"22169"
"Mark Vientos","NYM","AAA",22,427,0.35042735,1.390804597,0.168,0.484,0.348,0.103448275,0.275862068,0.41312741,0.27027027,0.31660232,0.15035377,626,1070,1696,"22184"
"Brice Turang","MIL","AAA",22,603,0.341523341,1.53543307,0.225961538,0.46875,0.305288461,0.141732283,0.102362204,0.37380952,0.24285714,0.38333333,0.08418472,955,1492,2447,"22186"
"MJ Melendez","KCR","AAA",23,91,0.203703703,0.88,0.160714285,0.392857142,0.446428571,0.16,0.08,0.48214286,0.16071429,0.35714286,0.15926893,151,232,383,"22197"
"Jeter Downs","BOS","AAA",23,335,0.235294117,0.622222222,0.215053763,0.301075268,0.483870967,0.4,0.177777777,0.53763441,0.15591398,0.30645161,0.14168531,516,825,1341,"22202"
"Sam Huff","TEX","AAA",24,274,0.307142857,1.301886792,0.242236024,0.428571428,0.329192546,0.16981132,0.396226415,0.49689441,0.24223602,0.26086957,0.16634799,371,675,1046,"22209"
"Luis Campusano","SDP","AAA",23,358,0.327935222,1.688311688,0.194552529,0.505836575,0.299610894,0.181818181,0.181818181,0.39463602,0.25670498,0.348659,0.11746988,509,819,1328,"22217"
"Mason McCoy","SEA","AAA",27,503,0.31081081,1.086956521,0.235668789,0.398089171,0.366242038,0.165217391,0.182608695,0.459375,0.25625,0.284375,0.11544228,762,1239,2001,"22232"
"Jack Suwinski","PIT","AAA",23,130,0.301587301,0.866666666,0.164179104,0.388059701,0.447761194,0.2,0.2,0.34782609,0.30434783,0.34782609,0.12154696,199,344,543,"22244"
"Bubba Thompson","TEX","AAA",24,375,0.384937238,1.875,0.242798353,0.49382716,0.263374485,0.234375,0.203125,0.41832669,0.3187251,0.26294821,0.1609614,486,887,1373,"22261"
"Nolan Gorman","STL","AAA",22,188,0.352272727,0.617021276,0.262135922,0.281553398,0.456310679,0.191489361,0.340425531,0.38461538,0.28846154,0.32692308,0.16775033,277,492,769,"22263"
"Xavier Edwards","TBR","AAA",22,400,0.3,1.229166666,0.213235294,0.433823529,0.352941176,0.135416666,0.052083333,0.33691756,0.22222222,0.44086022,0.08262295,578,947,1525,"22266"
"Samad Taylor","TOR","AAA",23,280,0.305084745,1.12,0.135869565,0.456521739,0.407608695,0.186666666,0.12,0.40641711,0.28877005,0.30481283,0.11111111,434,736,1170,"22274"
"Jake Burger","CHW","AAA",26,168,0.29906542,1.342105263,0.183486238,0.467889908,0.348623853,0.184210526,0.131578947,0.47321429,0.20535714,0.32142857,0.1328125,239,401,640,"22275"
"Nick Allen","OAK","AAA",23,206,0.321167883,1.209302325,0.306569343,0.379562043,0.313868613,0.232558139,0.046511627,0.39007092,0.25531915,0.35460993,0.10165184,308,479,787,"22277"
"Cal Stevenson","TBR","AAA",25,307,0.335,1.439393939,0.202970297,0.470297029,0.326732673,0.121212121,0.09090909,0.39613527,0.27536232,0.32850242,0.06486486,545,750,1295,"22411"
"Buddy Kennedy","ARI","AAA",23,394,0.311023622,1.063157894,0.234375,0.39453125,0.37109375,0.136842105,0.07368421,0.44444444,0.24521073,0.31034483,0.07018717,610,886,1496,"22505"
"Triston Casas","BOS","AAA",22,317,0.322751322,1.107692307,0.308080808,0.363636363,0.328282828,0.153846153,0.169230769,0.39,0.285,0.325,0.14365079,508,752,1260,"22514"
"Heliot Ramos","SFG","AAA",22,475,0.282894736,1.67032967,0.218649517,0.48874598,0.292604501,0.164835164,0.12087912,0.41139241,0.18670886,0.40189873,0.14640735,686,1165,1851,"22515"
"Tyler Freeman","CLE","AAA",23,343,0.296153846,1.902777777,0.186770428,0.533073929,0.280155642,0.180555555,0.083333333,0.41573034,0.2247191,0.35955056,0.06029285,424,737,1161,"22532"
"George Valera","CLE","AAA",21,179,0.247524752,1.069767441,0.175925925,0.425925925,0.398148148,0.302325581,0.209302325,0.36363636,0.27272727,0.36363636,0.14479026,295,444,739,"22541"
"Jarred Kelenic","SEA","AAA",22,394,0.338582677,1.269662921,0.254612546,0.416974169,0.328413284,0.191011235,0.202247191,0.41758242,0.27838828,0.3040293,0.11646586,585,909,1494,"22558"
"Gabriel Arias","CLE","AAA",22,323,0.278606965,1.621212121,0.164251207,0.516908212,0.318840579,0.181818181,0.196969696,0.39252336,0.28971963,0.31775701,0.15173527,457,782,1239,"22563"
"Jordan Diaz","OAK","AAA",21,120,0.372340425,3,0.291666666,0.53125,0.177083333,0.117647058,0.235294117,0.31632653,0.30612245,0.37755102,0.09452736,145,257,402,"22650"
"Gabriel Moreno","TOR","AAA",22,267,0.37696335,2.43902439,0.257894736,0.526315789,0.215789473,0.243902439,0.073170731,0.45128205,0.17435897,0.37435897,0.07211538,388,652,1040,"22664"
"Maikel Garcia","KCR","AAA",22,186,0.322033898,1.487179487,0.211382113,0.471544715,0.31707317,0.128205128,0.179487179,0.352,0.288,0.36,0.08882521,250,448,698,"22715"
"Oswald Peraza","NYY","AAA",22,429,0.302238805,0.939655172,0.193548387,0.390681003,0.415770609,0.267241379,0.163793103,0.5087108,0.24738676,0.24390244,0.14359305,560,993,1553,"22823"
"Alexander Canario","CHC","AAA",22,84,0.23076923,0.94117647,0.195121951,0.390243902,0.414634146,0.117647058,0.352941176,0.56521739,0.17391304,0.26086957,0.12429379,147,207,354,"22842"
"Tucupita Marcano","PIT","AAA",22,115,0.313253012,1.21875,0.174418604,0.453488372,0.372093023,0.0625,0.09375,0.52873563,0.16091954,0.31034483,0.09245742,150,261,411,"22871"
"Lenyn Sosa","CHW","AAA",22,247,0.331428571,1.181818181,0.2,0.433333333,0.366666666,0.166666666,0.136363636,0.4972973,0.16216216,0.34054054,0.11211778,311,572,883,"22896"
"Yainer Diaz","HOU","AAA",23,219,0.29054054,1.489361702,0.26875,0.4375,0.29375,0.14893617,0.340425531,0.44512195,0.26219512,0.29268293,0.13205128,254,526,780,"23003"
"David Banuelos","MIN","AAA",25,199,0.258928571,1.195121951,0.196428571,0.4375,0.366071428,0.365853658,0.195121951,0.42975207,0.2892562,0.28099174,0.16993464,274,491,765,"23250"
"Canaan Smith-Njigba","PIT","AAA",23,218,0.381679389,2,0.209302325,0.527131782,0.263565891,0.088235294,0.029411764,0.35820896,0.29104478,0.35074627,0.10160428,383,552,935,"23264"
"Jacob Amaya","LAD","AAA",23,351,0.328502415,1.453125,0.252380952,0.442857142,0.304761904,0.109375,0.125,0.3627907,0.27906977,0.35813953,0.09370529,565,833,1398,"23296"
"Ryan Noda","LAD","AAA",26,574,0.339285714,1.036036036,0.254125412,0.379537953,0.366336633,0.162162162,0.225225225,0.38888889,0.29084967,0.32026144,0.1190671,1035,1409,2444,"23312"
"Nelson Velazquez","CHC","AAA",23,138,0.294117647,1.185185185,0.191780821,0.438356164,0.369863013,0.185185185,0.222222222,0.51351351,0.27027027,0.21621622,0.18669131,217,324,541,"23359"
"Hunter Feduccia","LAD","AAA",25,168,0.295918367,1.171428571,0.269230769,0.394230769,0.336538461,0.114285714,0.2,0.43809524,0.27619048,0.28571429,0.10964912,273,411,684,"23372"
"Jose Barrero","CIN","AAA",24,237,0.300813008,0.807017543,0.219696969,0.348484848,0.431818181,0.175438596,0.157894736,0.46212121,0.25757576,0.28030303,0.21070615,273,605,878,"23378"
"Luis Vazquez","CHC","AAA",22,92,0.21875,1.478260869,0.123076923,0.523076923,0.353846153,0.304347826,0.04347826,0.50746269,0.23880597,0.25373134,0.14506173,98,226,324,"23442"
"Ryan Dorow","TEX","AAA",26,424,0.302583025,1.05940594,0.232472324,0.394833948,0.372693726,0.198019801,0.05940594,0.36917563,0.24731183,0.38351254,0.11342735,635,996,1631,"23559"
"Davis Schneider","TOR","AAA",23,75,0.315789473,0.611111111,0.256410256,0.282051282,0.461538461,0.5,0.111111111,0.56097561,0.19512195,0.24390244,0.08146067,165,191,356,"23565"
"Brayan Rocchio","CLE","AAA",21,152,0.241071428,1.594594594,0.179487179,0.504273504,0.316239316,0.081081081,0.135135135,0.45762712,0.25423729,0.28813559,0.08965517,217,363,580,"23690"
"Ezequiel Duran","TEX","AAA",23,155,0.336842105,1.025641025,0.21,0.4,0.39,0.205128205,0.23076923,0.43269231,0.27884615,0.28846154,0.12695652,181,394,575,"23733"
"Alek Thomas","ARI","AAA",22,131,0.351063829,2.476190476,0.215053763,0.559139784,0.225806451,0.19047619,0.19047619,0.3814433,0.2371134,0.3814433,0.0942623,188,300,488,"23792"
"Jordan Groshans","TOR","AAA",22,412,0.315972222,1.344444444,0.264808362,0.421602787,0.31358885,0.122222222,0.033333333,0.36769759,0.2371134,0.395189,0.09022082,668,917,1585,"23794"
"Ji Hwan Bae","PIT","AAA",22,473,0.338323353,1.514018691,0.187311178,0.489425981,0.323262839,0.130841121,0.074766355,0.33236152,0.23906706,0.42857143,0.08457711,685,1124,1809,"23818"
"Curtis Mead","TBR","AAA",21,85,0.320754716,1.2,0.4,0.327272727,0.272727272,0.066666666,0.2,0.30357143,0.39285714,0.30357143,0.10084034,138,219,357,"23986"
"Terrin Vavra","BAL","AAA",25,208,0.4,1.787878787,0.313432835,0.440298507,0.246268656,0.121212121,0.06060606,0.42028986,0.21014493,0.36956522,0.0972389,318,515,833,"24400"
"J.P. Martinez","TEX","AAA",26,167,0.268292682,0.717948717,0.238636363,0.318181818,0.443181818,0.205128205,0.153846153,0.44318182,0.27272727,0.28409091,0.14245014,282,420,702,"24451"
"Travis Swaggerty","PIT","AAA",24,458,0.336996336,1.627906976,0.189964157,0.501792114,0.308243727,0.186046511,0.104651162,0.42907801,0.25886525,0.31205674,0.14018161,691,1071,1762,"24491"
"Richie Palacios","CLE","AAA",25,206,0.348484848,1.571428571,0.19402985,0.492537313,0.313432835,0.047619047,0.095238095,0.40145985,0.24087591,0.35766423,0.1135006,331,506,837,"24589"
"Michael Helman","MIN","AAA",26,415,0.280575539,0.924369747,0.196491228,0.385964912,0.417543859,0.25210084,0.117647058,0.45392491,0.23549488,0.3105802,0.10148515,598,1018,1616,"24605"
"Jarren Duran","BOS","AAA",25,307,0.352040816,2,0.257425742,0.495049504,0.247524752,0.12,0.2,0.37864078,0.24757282,0.37378641,0.12469438,486,741,1227,"24617"
"Ryan Fitzgerald","BOS","AAA",28,520,0.268608414,0.873134328,0.222910216,0.362229102,0.414860681,0.291044776,0.119402985,0.50306748,0.1993865,0.29754601,0.13552566,734,1273,2007,"24622"
"Brendan Donovan","STL","AAA",25,65,0.333333333,1.642857142,0.244897959,0.469387755,0.285714285,0.285714285,0.071428571,0.34,0.18,0.48,0.04098361,91,153,244,"24679"
"Jonah Bride","OAK","AAA",26,78,0.468085106,1.375,0.224489795,0.448979591,0.326530612,0.0625,0.125,0.30612245,0.30612245,0.3877551,0.04402516,134,184,318,"24703"
"Bryan Lavastida","CLE","AAA",23,168,0.266055045,2.1,0.169642857,0.5625,0.267857142,0.233333333,0.133333333,0.46902655,0.20353982,0.32743363,0.11445783,266,398,664,"24765"
"James Outman","LAD","AAA",25,252,0.343065693,0.682539682,0.302631578,0.282894736,0.414473684,0.111111111,0.238095238,0.43421053,0.33552632,0.23026316,0.11885246,385,591,976,"24770"
"David Villar","SFG","AAA",25,366,0.305555555,0.680412371,0.204878048,0.321951219,0.473170731,0.154639175,0.278350515,0.42788462,0.25480769,0.31730769,0.12564767,639,905,1544,"24782"
"David Fry","CLE","AAA",26,479,0.285266457,1.1015625,0.184848484,0.427272727,0.387878787,0.2890625,0.1328125,0.52662722,0.22781065,0.24556213,0.12305026,607,1124,1731,"24934"
"Justin Dean","ATL","AAA",25,59,0.275,1.214285714,0.205128205,0.435897435,0.358974358,0.357142857,0,0.4,0.325,0.275,0.11711712,68,154,222,"25005"
"Vinny Capra","TOR","AAA",25,222,0.310126582,1.577777777,0.246753246,0.461038961,0.292207792,0.355555555,0.111111111,0.63580247,0.19135802,0.17283951,0.05636743,376,582,958,"25040"
"Nate Eaton","KCR","AAA",25,229,0.344827586,0.84375,0.213333333,0.36,0.426666666,0.234375,0.140625,0.42857143,0.22077922,0.35064935,0.12094065,337,556,893,"25055"
"David Hensley","HOU","AAA",26,464,0.382899628,1.928571428,0.246323529,0.496323529,0.257352941,0.142857142,0.142857142,0.37275986,0.29390681,0.33333333,0.06885759,854,1063,1917,"25111"
"Levi Jordan","CHC","AAA",26,297,0.286384976,1.816666666,0.213953488,0.506976744,0.279069767,0.15,0.116666666,0.45909091,0.22272727,0.31818182,0.10325048,360,686,1046,"25138"
"Drew Avans","LAD","AAA",26,504,0.387205387,1.75609756,0.244147157,0.481605351,0.274247491,0.231707317,0.085365853,0.3713355,0.28013029,0.3485342,0.10541586,802,1266,2068,"25183"
"Michael Stefanic","LAA","AAA",26,346,0.325757575,1.716216216,0.235741444,0.482889733,0.281368821,0.121621621,0.054054054,0.31226766,0.24535316,0.44237918,0.02167183,555,737,1292,"25353"
"Peyton Burdick","MIA","AAA",25,430,0.271551724,0.785714285,0.176954732,0.362139917,0.460905349,0.196428571,0.133928571,0.43724696,0.2388664,0.32388664,0.17906836,630,1023,1653,"25459"
"TJ Hopkins","CIN","AAA",25,103,0.327868852,1.037037037,0.153846153,0.43076923,0.415384615,0.222222222,0.148148148,0.31818182,0.28787879,0.39393939,0.15865385,154,262,416,"25482"
"Nick Sogard","BOS","AAA",24,237,0.327044025,1.411764705,0.226415094,0.452830188,0.320754716,0.196078431,0,0.38125,0.2125,0.40625,0.07948443,387,544,931,"25483"
"Joey Ortiz","BAL","AAA",23,115,0.38095238,1.379310344,0.21590909,0.454545454,0.329545454,0.344827586,0.137931034,0.40909091,0.20454545,0.38636364,0.07055961,150,261,411,"25493"
"Cade Marlowe","SEA","AAA",25,60,0.384615384,1.714285714,0.344827586,0.413793103,0.24137931,0.142857142,0.428571428,0.51724138,0.31034483,0.17241379,0.17857143,86,138,224,"25505"
"Korey Lee","HOU","AAA",23,446,0.280632411,0.952380952,0.243542435,0.36900369,0.387453874,0.238095238,0.238095238,0.50719424,0.26618705,0.22661871,0.16628176,607,1125,1732,"25543"
"Jake Alu","WSN","AAA",25,242,0.353293413,1.464285714,0.202312138,0.473988439,0.323699421,0.142857142,0.196428571,0.43678161,0.24137931,0.32183908,0.11931818,296,584,880,"25569"
"Will Brennan","CLE","AAA",24,433,0.342261904,1.504854368,0.238938053,0.457227138,0.303834808,0.165048543,0.08737864,0.32947977,0.23121387,0.43930636,0.0842374,568,999,1567,"25660"
"Cam Devanney","MIL","AAA",25,56,0.352941176,0.705882352,0.194444444,0.333333333,0.472222222,0.117647058,0.176470588,0.31578947,0.26315789,0.42105263,0.14222222,81,144,225,"25688"
"Blaine Crim","TEX","AAA",25,57,0.357142857,1.5,0.404761904,0.357142857,0.238095238,0.2,0,0.52380952,0.11904762,0.35714286,0.12041885,58,133,191,"25714"
"CJ Abrams","SDP","AAA",21,186,0.348484848,1.217391304,0.244444444,0.414814814,0.34074074,0.173913043,0.152173913,0.47794118,0.23529412,0.28676471,0.12790698,197,405,602,"25768"
"Pedro Pages","STL","AAA",23,170,0.283018867,1.305555555,0.231481481,0.435185185,0.333333333,0.138888888,0.111111111,0.38181818,0.22727273,0.39090909,0.12884334,229,454,683,"25782"
"Blake Sabol","PIT","AAA",24,101,0.345454545,1.611111111,0.20338983,0.491525423,0.305084745,0.111111111,0.277777777,0.35,0.38333333,0.26666667,0.12137203,153,226,379,"25805"
"Shea Langeliers","OAK","AAA",24,402,0.326612903,0.875,0.198473282,0.374045801,0.427480916,0.232142857,0.169642857,0.47191011,0.24344569,0.28464419,0.13609851,589,954,1543,"25816"
"Braden Shewmake","ATL","AAA",24,307,0.298165137,1.048192771,0.23076923,0.393665158,0.37556561,0.216867469,0.084337349,0.41333333,0.24,0.34666667,0.1258216,360,705,1065,"25817"
"Andre Lipcius","DET","AAA",24,188,0.354330708,1.722222222,0.240310077,0.480620155,0.279069767,0.166666666,0.083333333,0.43076923,0.23846154,0.33076923,0.1027668,297,462,759,"25822"
"Michael Toglia","COL","AAA",23,75,0.405405405,1.75,0.25,0.477272727,0.272727272,0.166666666,0.583333333,0.5,0.25,0.25,0.11073826,123,175,298,"25845"
"Ryan Kreidler","DET","AAA",24,250,0.28,1.111111111,0.136363636,0.454545454,0.409090909,0.166666666,0.148148148,0.51879699,0.23308271,0.2481203,0.13181368,431,578,1009,"25867"
"Corbin Carroll","ARI","AAA",21,157,0.344827586,1.310344827,0.27173913,0.413043478,0.315217391,0.103448275,0.24137931,0.41489362,0.34042553,0.24468085,0.08372093,275,370,645,"25878"
"Kerry Carpenter","DET","AAA",24,138,0.329787234,0.904761904,0.207920792,0.376237623,0.415841584,0.238095238,0.19047619,0.45098039,0.28431373,0.26470588,0.07779886,205,322,527,"25961"
"Riley Greene","DET","AAA",21,68,0.340425531,3.25,0.276595744,0.553191489,0.170212765,0.25,0.125,0.375,0.20833333,0.41666667,0.09541985,100,162,262,"25976"
"Francisco Alvarez","NYM","AAA",20,199,0.282828282,1.27027027,0.207547169,0.443396226,0.349056603,0.135135135,0.243243243,0.44859813,0.26168224,0.28971963,0.14528796,315,449,764,"26121"
"Troy Johnston","MIA","AAA",25,116,0.159420289,1.259259259,0.164383561,0.465753424,0.369863013,0.111111111,0.148148148,0.42465753,0.23287671,0.34246575,0.11135371,191,267,458,"26143"
"Dominic Fletcher","ARI","AAA",24,449,0.368932038,1.3,0.253246753,0.422077922,0.324675324,0.16,0.05,0.33015873,0.23174603,0.43809524,0.08617698,610,1119,1729,"26149"
"Kyle Stowers","BAL","AAA",24,407,0.317391304,1,0.247933884,0.376033057,0.376033057,0.142857142,0.208791208,0.4291498,0.25101215,0.31983806,0.15097915,598,985,1583,"26151"
"Jake Mangum","NYM","AAA",26,148,0.382608695,2.5,0.282051282,0.512820512,0.205128205,0.125,0.083333333,0.41525424,0.26271186,0.3220339,0.09401709,145,323,468,"26202"
"Adley Rutschman","BAL","AAA",24,53,0.205882352,2,0.25,0.5,0.25,0,0.333333333,0.48648649,0.27027027,0.24324324,0.04845815,103,124,227,"26288"
"Gunnar Henderson","BAL","AAA",21,295,0.374233128,1.603773584,0.183431952,0.502958579,0.313609467,0.16981132,0.207547169,0.43678161,0.2183908,0.34482759,0.1293916,471,696,1167,"26289"
"Josh Jung","TEX","AAA",24,106,0.333333333,1.125,0.23880597,0.402985074,0.358208955,0.125,0.25,0.44285714,0.28571429,0.27142857,0.14805195,125,260,385,"26299"
"Michael Busch","LAD","AAA",24,504,0.326599326,1.119266055,0.257234726,0.392282958,0.350482315,0.091743119,0.19266055,0.42946708,0.22884013,0.34169279,0.11735206,769,1225,1994,"26319"
"Spencer Steer","MIN","AAA",24,336,0.284360189,1.164705882,0.178571428,0.441964285,0.379464285,0.211764705,0.176470588,0.50884956,0.23451327,0.25663717,0.08523145,536,825,1361,"26323"
"JJ Bleday","MIA","AAA",24,367,0.267759562,0.509433962,0.191919191,0.272727272,0.535353535,0.207547169,0.188679245,0.47783251,0.23152709,0.29064039,0.11930295,615,877,1492,"26368"
"Josh Smith","TEX","AAA",24,261,0.358024691,1.064516129,0.228915662,0.397590361,0.373493975,0.129032258,0.096774193,0.44047619,0.26785714,0.29166667,0.07455732,425,648,1073,"26396"
"Dominic Canzone","ARI","AAA",24,364,0.323651452,1.513888888,0.281746031,0.432539682,0.285714285,0.222222222,0.222222222,0.43968872,0.25291829,0.307393,0.1276435,433,891,1324,"26438"
"Matt Wallner","MIN","AAA",24,229,0.338842975,1.162790697,0.256,0.4,0.344,0.186046511,0.139534883,0.51968504,0.19685039,0.28346457,0.17362637,367,543,910,"26466"
"Davis Wendzel","TEX","AAA",25,355,0.231884057,0.81,0.180995475,0.366515837,0.452488687,0.32,0.17,0.48430493,0.20627803,0.30941704,0.12956335,517,880,1397,"26469"
"Spencer Horwitz","TOR","AAA",24,202,0.3125,1.621621621,0.253846153,0.461538461,0.284615384,0.243243243,0.054054054,0.46153846,0.16923077,0.36923077,0.10663507,342,502,844,"26477"
"Yoshi Tsutsugo","PIT","AAA",30,154,0.384615384,1,0.285714285,0.357142857,0.357142857,0.166666666,0.233333333,0.33333333,0.18390805,0.48275862,0.1035503,274,402,676,"27459"
"Shogo Akiyama","SDP","AAA",34,74,0.396226415,2.5,0.326923076,0.48076923,0.192307692,0.2,0.3,0.44642857,0.21428571,0.33928571,0.10223642,102,211,313,"27461"
"Spencer Torkelson","DET","AAA",22,155,0.294117647,1,0.288888888,0.355555555,0.355555555,0.1875,0.15625,0.45652174,0.25,0.29347826,0.12094395,284,394,678,"27465"
"Garrett Mitchell","MIL","AAA",23,85,0.444444444,2.214285714,0.166666666,0.574074074,0.259259259,0.285714285,0.071428571,0.29090909,0.2,0.50909091,0.09667674,137,194,331,"27555"
"Alec Burleson","STL","AAA",23,470,0.35042735,1.370689655,0.254742547,0.430894308,0.314363143,0.155172413,0.172413793,0.38172043,0.27150538,0.34677419,0.11428571,529,1116,1645,"27615"
"Nick Loftin","KCR","AAA",23,168,0.259259259,0.914893617,0.174311926,0.394495412,0.43119266,0.170212765,0.106382978,0.5840708,0.15044248,0.26548673,0.10350584,224,375,599,"27630"
"Anthony Volpe","NYY","AAA",21,99,0.321428571,0.612903225,0.152542372,0.322033898,0.525423728,0.193548387,0.096774193,0.38983051,0.23728814,0.37288136,0.0906801,153,244,397,"27647"
"Vinnie Pasquantino","KCR","AAA",24,313,0.258215962,0.821052631,0.237885462,0.343612334,0.418502202,0.084210526,0.189473684,0.47844828,0.20689655,0.31465517,0.07469244,462,676,1138,"27676"
"Michael Massey","KCR","AAA",24,143,0.395348837,0.5,0.225806451,0.258064516,0.516129032,0.125,0.145833333,0.4893617,0.22340426,0.28723404,0.15658363,194,368,562,"27684"
"Joey Wiemer","MIL","AAA",23,174,0.327433628,0.916666666,0.213675213,0.376068376,0.41025641,0.3125,0.125,0.46218487,0.27731092,0.2605042,0.16483516,249,388,637,"27690"
"Pedro Leon","HOU","AAA",24,504,0.305555555,1.081632653,0.233082706,0.39849624,0.368421052,0.326530612,0.173469387,0.55018587,0.19702602,0.2527881,0.12352106,848,1265,2113,"27781"
"Jordan Westburg","BAL","AAA",23,413,0.317647058,1.067307692,0.188679245,0.418867924,0.39245283,0.192307692,0.173076923,0.5037037,0.21481481,0.28148148,0.11356467,631,954,1585,"27815"
"Matt Mervis","CHC","AAA",24,240,0.29375,0.905405405,0.184971098,0.387283236,0.427745664,0.243243243,0.202702702,0.51428571,0.18285714,0.30285714,0.08666667,337,563,900,"27845"
"Colton Cowser","BAL","AAA",22,124,0.29032258,1.12,0.208955223,0.417910447,0.373134328,0.08,0.2,0.40298507,0.32835821,0.26865672,0.14052953,192,299,491,"29591"
"Sal Frelick","MIL","AAA",22,217,0.382352941,1.911111111,0.242774566,0.497109826,0.260115606,0.244444444,0.088888888,0.38285714,0.17142857,0.44571429,0.05086849,291,515,806,"29622"
"Robinson Cano","SDP","AAA",39,104,0.402777777,2.8,0.24,0.56,0.2,0.2,0.2,0.41333333,0.22666667,0.36,0.09090909,137,237,374,"3269"
"Eric Thames","OAK","AAA",35,92,0.434782608,1.4,0.265306122,0.428571428,0.306122448,0.133333333,0.2,0.3877551,0.28571429,0.32653061,0.16285714,123,227,350,"3711"
"Ender Inciarte","NYY","AAA",31,133,0.263157894,1.27027027,0.151515151,0.474747474,0.373737373,0.243243243,0.108108108,0.44444444,0.18181818,0.37373737,0.0651341,212,310,522,"4922"
"Justin Upton","SEA","AAA",34,53,0.269230769,0.666666666,0.285714285,0.285714285,0.428571428,0.416666666,0.166666666,0.5,0.25,0.25,0.15625,89,135,224,"5222"
"Sandy Leon","CLE","AAA",33,100,0.246376811,1.034482758,0.169014084,0.422535211,0.408450704,0.310344827,0.068965517,0.42253521,0.25352113,0.32394366,0.05060241,167,248,415,"5273"
"Juan Graterol","ARI","AAA",33,147,0.266129032,1.878787878,0.246031746,0.492063492,0.261904761,0.151515151,0.06060606,0.47619048,0.15079365,0.37301587,0.09227468,154,312,466,"5398"
"Abraham Almonte","MIL","AAA",33,360,0.338308457,1.084337349,0.210045662,0.410958904,0.378995433,0.192771084,0.216867469,0.44545455,0.25,0.30454545,0.08920491,660,887,1547,"5486"
"Austin Romine","LAA","AAA",33,61,0.357142857,1.384615384,0.279069767,0.418604651,0.302325581,0.307692307,0.076923076,0.25581395,0.30232558,0.44186047,0.13574661,81,140,221,"5491"
"Steven Souza Jr.","SEA","AAA",33,96,0.326086956,0.772727272,0.22,0.34,0.44,0.181818181,0.227272727,0.45098039,0.19607843,0.35294118,0.1195122,182,228,410,"5667"
"Hernan Perez","ATL","AAA",31,353,0.319672131,1.277108433,0.25,0.42063492,0.329365079,0.192771084,0.108433734,0.44664032,0.24901186,0.30434783,0.12660136,400,927,1327,"5751"
"Matt Davidson","OAK","AAA",31,382,0.357894736,0.835164835,0.237442922,0.347031963,0.415525114,0.175824175,0.351648351,0.367713,0.30044843,0.33183857,0.15173316,590,939,1529,"7226"
"Ty Kelly","LAD","AAA",33,57,0.257142857,2.428571428,0.272727272,0.515151515,0.212121212,0.285714285,0,0.51428571,0.11428571,0.37142857,0.07843137,95,160,255,"7740"
"Tim Beckham","MIN","AAA",32,143,0.522222222,1.576923076,0.294736842,0.431578947,0.27368421,0.192307692,0.192307692,0.4,0.30526316,0.29473684,0.14490161,219,340,559,"7949"
"Matt Carpenter","TEX","AAA",36,95,0.29090909,0.666666666,0.25,0.3,0.45,0.074074074,0.222222222,0.50819672,0.24590164,0.24590164,0.08905852,173,220,393,"8090"
"Ryan Lavarnway","MIA","AAA",34,327,0.285,0.954022988,0.182692307,0.399038461,0.41826923,0.183908045,0.126436781,0.46226415,0.27358491,0.26415094,0.11502347,492,786,1278,"8879"
"Chris Herrmann","WSN","AAA",34,86,0.25490196,1.047619047,0.156862745,0.431372549,0.411764705,0.047619047,0,0.37254902,0.25490196,0.37254902,0.14794521,154,211,365,"9284"
"Dustin Garneau","DET","AAA",34,191,0.233644859,0.492063492,0.145454545,0.281818181,0.572727272,0.269841269,0.111111111,0.52631579,0.21052632,0.26315789,0.136,284,466,750,"9433"
"Ryan Goins","ATL","AAA",34,317,0.277777777,1.714285714,0.181034482,0.517241379,0.301724137,0.171428571,0,0.37288136,0.27966102,0.34745763,0.09982487,401,741,1142,"9807"
"Trayce Thompson","SDP","AAA",31,170,0.333333333,0.591836734,0.257142857,0.276190476,0.466666666,0.183673469,0.346938775,0.39252336,0.37383178,0.23364486,0.15211268,277,433,710,"9952"
"Carter Bins","PIT","AAA",23,279,0.299270072,1.215686274,0.226027397,0.424657534,0.349315068,0.196078431,0.196078431,0.50340136,0.23809524,0.2585034,0.16326531,443,684,1127,"sa1115884"
"Johnny Rizer","BAL","AAA",25,81,0.225,1.923076923,0.155555555,0.555555555,0.288888888,0.23076923,0.384615384,0.6,0.22222222,0.17777778,0.16428571,105,175,280,"sa1169761"
"LJ Talley","TOR","AAA",25,343,0.337552742,1.266666666,0.300411522,0.390946502,0.308641975,0.24,0.106666666,0.39430894,0.28455285,0.32113821,0.08764368,526,866,1392,"sa1169773"
"Clay Dungan","KCR","AAA",26,515,0.244956772,0.928104575,0.157142857,0.405714285,0.437142857,0.202614379,0.058823529,0.41504178,0.22284123,0.36211699,0.08350305,772,1192,1964,"sa1169803"
"Anthony Mulrine","LAA","AAA",24,70,0.256410256,2.1,0.184210526,0.552631578,0.263157894,0.5,0,0.525,0.275,0.2,0.22357724,70,176,246,"sa1170373"
"Josh Bissonette","PIT","AAA",25,145,0.292134831,3.058823529,0.206896551,0.597701149,0.195402298,0.294117647,0,0.32967033,0.13186813,0.53846154,0.09350238,249,382,631,"sa1170619"
"Evan Mendoza","STL","AAA",26,421,0.280528052,0.982608695,0.245033112,0.374172185,0.380794701,0.208695652,0.034782608,0.28802589,0.23624595,0.47572816,0.0672619,626,1054,1680,"sa3002836"
"Rafael Lantigua","TOR","AAA",24,179,0.349206349,1.81081081,0.1875,0.5234375,0.2890625,0.189189189,0.054054054,0.421875,0.2890625,0.2890625,0.12407681,249,428,677,"sa3003219"
"Cullen Large","TOR","AAA",26,468,0.326164874,1.391304347,0.21708185,0.455516014,0.327402135,0.130434782,0.076086956,0.43006993,0.25524476,0.31468531,0.11485043,687,1185,1872,"sa3003959"
"Jancarlos Cintron","ARI","AAA",27,272,0.401869158,1.784313725,0.336448598,0.425233644,0.238317757,0.078431372,0.058823529,0.4516129,0.28110599,0.26728111,0.09923664,288,629,917,"sa3004065"
"Laz Rivera","CHW","AAA",27,265,0.29090909,1.4,0.218934911,0.455621301,0.325443786,0.254545454,0.127272727,0.45402299,0.1954023,0.35057471,0.13479924,349,697,1046,"sa3004128"
"Cody Bohanek","NYM","AAA",26,203,0.276190476,1.35,0.113207547,0.509433962,0.37735849,0.25,0.05,0.41818182,0.21818182,0.36363636,0.12891566,318,512,830,"sa3004157"
"Demetrius Sims","MIA","AAA",26,126,0.385964912,1.368421052,0.181818181,0.472727272,0.345454545,0.157894736,0.105263157,0.4,0.28333333,0.31666667,0.23137255,177,333,510,"sa3004390"
"Chris Sharpe","PHI","AAA",26,181,0.313131313,0.813953488,0.212121212,0.353535353,0.434343434,0.255813953,0.069767441,0.46078431,0.23529412,0.30392157,0.08459596,312,480,792,"sa3004726"
"Shane Matheny","SFG","AAA",26,50,0.272727272,1.444444444,0.083333333,0.541666666,0.375,0.111111111,0.222222222,0.375,0.33333333,0.29166667,0.17741935,59,127,186,"sa3004780"
"Logan Warmoth","TOR","AAA",26,338,0.30927835,1.596774193,0.186868686,0.5,0.313131313,0.241935483,0.112903225,0.52475248,0.20792079,0.26732673,0.14759036,515,813,1328,"sa3004813"
"Mason Martin","PIT","AAA",23,541,0.299270072,1.025423728,0.170138888,0.420138888,0.409722222,0.177966101,0.161016949,0.50170648,0.221843,0.27645051,0.17863555,864,1364,2228,"sa3004885"
"LJ Hatch","COL","AAA",28,180,0.381443298,0.951219512,0.238095238,0.371428571,0.39047619,0.219512195,0.195121951,0.37735849,0.20754717,0.41509434,0.16475645,245,453,698,"sa3005233"
"Diosbel Arias","TEX","AAA",25,284,0.351955307,1.557692307,0.25698324,0.452513966,0.290502793,0.134615384,0.096153846,0.42702703,0.21081081,0.36216216,0.10774711,437,686,1123,"sa3005308"
"Lorenzo Quintana","MIA","AAA",33,265,0.258620689,0.839080459,0.139784946,0.392473118,0.467741935,0.195402298,0.16091954,0.45744681,0.21808511,0.32446809,0.14940022,316,601,917,"sa3005394"
"Orlando Martinez","LAA","AAA",24,267,0.306010928,1.164179104,0.211956521,0.423913043,0.364130434,0.23880597,0.074626865,0.40425532,0.2287234,0.36702128,0.12597656,358,666,1024,"sa3006664"
"Robert Neustrom","BAL","AAA",25,409,0.243055555,0.930232558,0.172757475,0.398671096,0.428571428,0.317829457,0.116279069,0.44299674,0.22149837,0.33550489,0.09412508,557,1026,1583,"sa3006667"
"Devlin Granberg","BOS","AAA",26,196,0.33076923,1.589743589,0.234848484,0.469696969,0.295454545,0.205128205,0.076923076,0.39097744,0.2406015,0.36842105,0.09973404,260,492,752,"sa3006671"
"Nick Podkul","TOR","AAA",25,215,0.293577981,1.368421052,0.196428571,0.464285714,0.339285714,0.236842105,0.131578947,0.53508772,0.22807018,0.23684211,0.10217391,366,554,920,"sa3006720"
"Grant Williams","BOS","AAA",26,157,0.268907563,1.405405405,0.219298245,0.45614035,0.324561403,0.378378378,0,0.35294118,0.22689076,0.42016807,0.0988806,176,360,536,"sa3006724"
"Justin Toerner","STL","AAA",25,81,0.255813953,0.9375,0.261904761,0.357142857,0.38095238,0.25,0.0625,0.41304348,0.13043478,0.45652174,0.12874251,125,209,334,"sa3006735"
"Kole Cottam","BOS","AAA",25,50,0.285714285,0.666666666,0.259259259,0.296296296,0.444444444,0.166666666,0,0.32142857,0.25,0.42857143,0.16326531,63,133,196,"sa3006780"
"Marty Costes","HOU","AAA",26,248,0.306748466,2.657142857,0.228915662,0.560240963,0.210843373,0.142857142,0.142857142,0.36309524,0.25595238,0.38095238,0.09578947,367,583,950,"sa3006783"
"William Hancock","KCR","AAA",25,67,0.258064516,0.769230769,0.233333333,0.333333333,0.433333333,0.23076923,0,0.4375,0.3125,0.25,0.18287938,95,162,257,"sa3006854"
"Devin Mann","LAD","AAA",25,156,0.318681318,1.117647058,0.25,0.395833333,0.354166666,0.323529411,0.147058823,0.44791667,0.26041667,0.29166667,0.0671875,275,365,640,"sa3006869"
"Kyle Kasser","LAA","AAA",26,91,0.360655737,1.923076923,0.37704918,0.409836065,0.213114754,0.384615384,0.076923076,0.35483871,0.22580645,0.41935484,0.07526882,145,227,372,"sa3006916"
"John Valente","DET","AAA",27,278,0.316964285,2.222222222,0.209090909,0.545454545,0.245454545,0.222222222,0.037037037,0.44978166,0.19213974,0.3580786,0.07165775,333,602,935,"sa3006923"
"Jake Palomaki","LAA","AAA",26,364,0.361538461,1.802816901,0.237547892,0.490421455,0.272030651,0.126760563,0.028169014,0.32319392,0.23954373,0.43726236,0.06949525,523,844,1367,"sa3007003"
"Chris Williams","MIN","AAA",25,177,0.211111111,0.692307692,0.12,0.36,0.52,0.25,0.192307692,0.43,0.29,0.28,0.12851406,290,457,747,"sa3007028"
"Greyson Jenista","ATL","AAA",25,350,0.284153005,1.264705882,0.206185567,0.443298969,0.350515463,0.161764705,0.205882352,0.46700508,0.21319797,0.31979695,0.17153025,475,930,1405,"sa3007044"
"Grant Witherspoon","TBR","AAA",25,260,0.293333333,1.56862745,0.165605095,0.50955414,0.324840764,0.117647058,0.196078431,0.5,0.2,0.3,0.12822967,410,635,1045,"sa3007047"
"Greg Cullen","BAL","AAA",25,99,0.436363636,1.666666666,0.428571428,0.357142857,0.214285714,0.083333333,0.166666666,0.47368421,0.1754386,0.35087719,0.06733167,158,243,401,"sa3007069"
"Jordan Qsar","TBR","AAA",26,92,0.29787234,1.4375,0.235294117,0.450980392,0.31372549,0.25,0.25,0.54901961,0.23529412,0.21568627,0.18435754,125,233,358,"sa3007078"
"Ruben Cardenas","TBR","AAA",24,318,0.244318181,0.712765957,0.152631578,0.352631578,0.494736842,0.234042553,0.170212765,0.48958333,0.21875,0.29166667,0.17716205,419,772,1191,"sa3007505"
"Patrick Dorrian","MIL","AAA",26,353,0.27027027,1.038461538,0.192893401,0.411167512,0.395939086,0.179487179,0.179487179,0.44,0.24,0.32,0.13935574,546,882,1428,"sa3007629"
"Brendt Citta","PIT","AAA",25,163,0.333333333,1.272727272,0.25,0.42,0.33,0.151515151,0.151515151,0.43564356,0.21782178,0.34653465,0.15075377,213,384,597,"sa3007633"
"Nick Meyer","NYM","AAA",25,189,0.310344827,1.875,0.2,0.52173913,0.278260869,0.1875,0.09375,0.47058824,0.29411765,0.23529412,0.11756935,316,441,757,"sa3007826"
"Connor Hollis","SDP","AAA",27,95,0.371428571,2.714285714,0.246376811,0.550724637,0.20289855,0.071428571,0,0.41428571,0.17142857,0.41428571,0.08900524,152,230,382,"sa3007870"
"Brennen Davis","CHC","AAA",22,174,0.258426966,1.05,0.108695652,0.456521739,0.434782608,0.2,0.1,0.4516129,0.25806452,0.29032258,0.14965035,269,446,715,"sa3007876"
"Alex McKenna","HOU","AAA",24,212,0.324786324,1.9375,0.210084033,0.521008403,0.268907563,0.21875,0.0625,0.38983051,0.24576271,0.36440678,0.11842105,320,516,836,"sa3008003"
"Josh Breaux","NYY","AAA",24,172,0.307692307,0.655172413,0.119266055,0.348623853,0.532110091,0.258620689,0.103448275,0.39090909,0.2,0.40909091,0.1910828,217,411,628,"sa3008051"
"Cadyn Grenier","BAL","AAA",25,392,0.269767441,1.073170731,0.194312796,0.417061611,0.388625592,0.207317073,0.060975609,0.40707965,0.25221239,0.34070796,0.09338993,662,987,1649,"sa3008140"
"Matt Pita","NYY","AAA",25,96,0.218181818,0.485714285,0.133333333,0.283333333,0.583333333,0.342857142,0.142857142,0.5,0.2,0.3,0.17867435,124,223,347,"sa3008146"
"Jimmy Herron","COL","AAA",25,163,0.314814814,1.5625,0.24074074,0.462962962,0.296296296,0.375,0.125,0.46428571,0.23214286,0.30357143,0.08484848,254,406,660,"sa3008183"
"Victor Mesa","MIA","AAA",25,103,0.216867469,2.4,0.170731707,0.585365853,0.243902439,0.05,0.05,0.39285714,0.19047619,0.41666667,0.10955056,117,239,356,"sa3008602"
"Tanner Morris","TOR","AAA",24,126,0.232876712,1.95,0.191780821,0.534246575,0.273972602,0.2,0,0.39189189,0.22972973,0.37837838,0.06569343,234,314,548,"sa3009873"
"Trevor Schwecke","TOR","AAA",24,70,0.238095238,1.692307692,0.204545454,0.5,0.295454545,0,0.23076923,0.35555556,0.24444444,0.4,0.1350365,110,164,274,"sa3009874"
"Luke Ritter","NYM","AAA",25,108,0.216666666,1.272727272,0.152542372,0.474576271,0.372881355,0.181818181,0.09090909,0.46666667,0.23333333,0.3,0.10904872,166,265,431,"sa3009878"
"Jack Dunn","WSN","AAA",25,52,0.294117647,7.666666666,0.235294117,0.676470588,0.088235294,0,0,0.62857143,0.08571429,0.28571429,0.11229947,63,124,187,"sa3010029"
"Jimmy Govern","KCR","AAA",25,232,0.257861635,0.844155844,0.118012422,0.403726708,0.478260869,0.285714285,0.077922077,0.5030303,0.22424242,0.27272727,0.15151515,272,553,825,"sa3010166"
"Nelson Maldonado","CHC","AAA",25,253,0.268156424,1.213114754,0.254143646,0.408839779,0.337016574,0.229508196,0.081967213,0.42473118,0.20967742,0.3655914,0.1025641,342,633,975,"sa3010389"
"Darius Hill","CHC","AAA",24,373,0.364261168,1.32,0.2,0.455172413,0.344827586,0.21,0.03,0.39795918,0.17006803,0.43197279,0.0787172,468,904,1372,"sa3010395"
"Chad Bell","NYY","AAA",25,77,0.324324324,2.714285714,0.315789473,0.5,0.184210526,0.142857142,0.142857142,0.34210526,0.36842105,0.28947368,0.16975309,124,200,324,"sa3010888"
"Shayne Fontana","BAL","AAA",25,70,0.243902439,1.266666666,0.15,0.475,0.375,0.266666666,0.066666666,0.4,0.2,0.4,0.11693548,89,159,248,"sa3010897"
"Kervin Pichardo","SDP","AAA",20,93,0.276595744,1.529411764,0.156862745,0.509803921,0.333333333,0.294117647,0.235294117,0.51851852,0.24074074,0.24074074,0.11405836,138,239,377,"sa3011260"
"Yolbert Sanchez","CHW","AAA",25,479,0.325268817,2.454545454,0.271232876,0.517808219,0.210958904,0.155844155,0.038961038,0.42970822,0.21220159,0.35809019,0.09441805,548,1136,1684,"sa3011471"
"Norel Gonzalez","MIA","AAA",28,152,0.308510638,1.5,0.114583333,0.53125,0.354166666,0.235294117,0.176470588,0.43,0.23,0.34,0.14124294,186,345,531,"sa3014819"
"William Simoneit","OAK","AAA",25,50,0.413793103,1,0.333333333,0.333333333,0.333333333,0.111111111,0,0.37931034,0.31034483,0.31034483,0.11715481,95,144,239,"sa3014885"
"Dylan Harris","BAL","AAA",25,136,0.153846153,1.714285714,0.123076923,0.553846153,0.323076923,0.095238095,0.142857142,0.32352941,0.25,0.42647059,0.09018987,263,369,632,"sa3014888"
"Justin Dirden","HOU","AAA",24,142,0.317647058,1.357142857,0.25,0.431818181,0.318181818,0.178571428,0.142857142,0.42222222,0.3,0.27777778,0.12264151,189,341,530,"sa3014986"
"Wyatt Young","NYM","AAA",22,84,0.421052631,1.5625,0.293103448,0.431034482,0.275862068,0.1875,0.0625,0.20689655,0.34482759,0.44827586,0.06363636,133,197,330,"sa3017081"
"Dalton Shuffield","MIN","AAA",23,51,0.34375,1.545454545,0.176470588,0.5,0.323529411,0.09090909,0.181818181,0.29411765,0.29411765,0.41176471,0.13612565,57,134,191,"sa3020270"
"Ali Castillo","PHI","AAA",33,204,0.3125,2.159090909,0.114649681,0.605095541,0.280254777,0.318181818,0,0.325,0.2375,0.4375,0.05555556,281,457,738,"sa507143"
"Aderlin Rodriguez","SDP","AAA",30,199,0.289256198,0.867924528,0.232558139,0.356589147,0.410852713,0.132075471,0.226415094,0.4962406,0.26315789,0.2406015,0.14492754,269,490,759,"sa511026"
"Matt Lipka","WSN","AAA",30,226,0.32330827,1.511111111,0.13740458,0.519083969,0.34351145,0.266666666,0.044444444,0.41176471,0.29411765,0.29411765,0.13972286,308,558,866,"sa548175"
"Josh Sale","TEX","AAA",30,277,0.298611111,1.083333333,0.193548387,0.419354838,0.387096774,0.166666666,0.183333333,0.44805195,0.25974026,0.29220779,0.14663257,491,682,1173,"sa548183"
"Kellin Deglan","TOR","AAA",30,88,0.163636363,1.666666666,0.127272727,0.545454545,0.327272727,0.388888888,0,0.56363636,0.2,0.23636364,0.21538462,111,214,325,"sa548189"
"Ryan Casteel","ATL","AAA",31,264,0.228187919,1,0.212121212,0.393939393,0.393939393,0.123076923,0.261538461,0.46987952,0.24698795,0.28313253,0.13608871,380,612,992,"sa549286"
"D.J. Peterson","COL","AAA",30,360,0.294416243,0.791666666,0.2,0.353488372,0.446511627,0.15625,0.208333333,0.49308756,0.25345622,0.25345622,0.16383764,497,858,1355,"sa549926"
"Jecksson Flores","WSN","AAA",28,149,0.284313725,1.529411764,0.148514851,0.514851485,0.336633663,0.264705882,0.088235294,0.49019608,0.20588235,0.30392157,0.08465608,202,365,567,"sa597007"
"Drew Stankiewicz","ARI","AAA",29,50,0.28,1.375,0.24,0.44,0.32,0.25,0.125,0.60714286,0.10714286,0.28571429,0.1865285,76,117,193,"sa599531"
"Angelo Castellano","KCR","AAA",27,203,0.259259259,1.14893617,0.251851851,0.4,0.348148148,0.382978723,0.063829787,0.47857143,0.19285714,0.32857143,0.08625,307,493,800,"sa657521"
"Santiago Chavez","MIA","AAA",26,130,0.272727272,1.138888888,0.125,0.46590909,0.409090909,0.25,0.027777777,0.34831461,0.34831461,0.30337079,0.12418301,142,317,459,"sa657706"
"Clint Coulter","STL","AAA",28,207,0.319148936,0.75409836,0.281879194,0.308724832,0.409395973,0.311475409,0.147540983,0.44666667,0.29333333,0.26,0.10568032,246,511,757,"sa657922"
"Jameson Fisher","CHW","AAA",28,53,0.259259259,2.5,0.222222222,0.555555555,0.222222222,0,0,0.37037037,0.07407407,0.55555556,0.16143498,90,133,223,"sa658576"
"C.J. Hinojosa","SDP","AAA",27,519,0.322314049,1.277777777,0.236702127,0.428191489,0.335106382,0.222222222,0.134920634,0.42519685,0.27034121,0.30446194,0.09014233,652,1245,1897,"sa658616"
"Cole Sturgeon","MIN","AAA",30,194,0.287671232,0.933333333,0.2,0.386206896,0.413793103,0.166666666,0.016666666,0.36912752,0.26845638,0.36241611,0.07876231,257,454,711,"sa709546"
"David Rodriguez","TBR","AAA",26,127,0.328767123,2.294117647,0.253333333,0.52,0.226666666,0.117647058,0.294117647,0.35897436,0.24358974,0.3974359,0.1423221,199,335,534,"sa735825"
"Ray-Patrick Didder","MIA","AAA",27,114,0.348484848,1.153846153,0.176470588,0.44117647,0.382352941,0.115384615,0.076923076,0.47058824,0.26470588,0.26470588,0.16778523,157,290,447,"sa736824"
"Michael Beltre","NYY","AAA",26,65,0.371428571,0.823529411,0.138888888,0.388888888,0.472222222,0.117647058,0.117647058,0.40540541,0.24324324,0.35135135,0.09811321,121,144,265,"sa736945"
"Thomas Milone","SDP","AAA",27,200,0.36,1.73076923,0.29,0.45,0.26,0.076923076,0.115384615,0.40384615,0.34615385,0.25,0.13636364,324,490,814,"sa737640"
"Xavier Fernandez","CHW","AAA",26,180,0.267605633,1.3,0.184397163,0.460992907,0.354609929,0.18,0.04,0.44755245,0.25874126,0.29370629,0.10122699,209,443,652,"sa737922"
"Edwin Diaz","HOU","AAA",26,120,0.354838709,1.136363636,0.241935483,0.403225806,0.354838709,0.09090909,0.136363636,0.50769231,0.2,0.29230769,0.16633663,185,320,505,"sa738152"
"Ryan Boldt","TBR","AAA",27,274,0.313253012,1.059701492,0.197674418,0.412790697,0.389534883,0.223880597,0.104477611,0.43352601,0.25433526,0.31213873,0.14573346,350,693,1043,"sa738262"
"Luis Aviles Jr.","MIA","AAA",27,202,0.303030303,1.265306122,0.195652173,0.449275362,0.355072463,0.244897959,0.142857142,0.41007194,0.30935252,0.28057554,0.18378378,238,502,740,"sa738445"
"Edgar Cabral","PHI","AAA",26,84,0.191489361,0.607142857,0.081632653,0.346938775,0.571428571,0.25,0.071428571,0.46938776,0.20408163,0.32653061,0.13235294,126,214,340,"sa738507"
"Torii Hunter Jr.","LAA","AAA",27,103,0.393442622,2.5,0.196721311,0.573770491,0.229508196,0,0.071428571,0.46774194,0.16129032,0.37096774,0.2014218,150,272,422,"sa738667"
"Michael Reed","OAK","AAA",27,56,0.285714285,2.375,0.205882352,0.558823529,0.235294117,0.125,0,0.43243243,0.18918919,0.37837838,0.18807339,73,145,218,"sa738683"
"Taylor Snyder","COL","AAA",27,138,0.333333333,0.958333333,0.276923076,0.353846153,0.369230769,0.5,0.166666666,0.54411765,0.20588235,0.25,0.26641651,173,360,533,"sa738930"
"Robbie Tenerowicz","CIN","AAA",27,56,0.228571428,1,0.314285714,0.342857142,0.342857142,0.25,0,0.42857143,0.22857143,0.34285714,0.11111111,85,140,225,"sa738999"
"Dominic Miroglio","ARI","AAA",27,243,0.258620689,0.904109589,0.240437158,0.360655737,0.398907103,0.232876712,0.136986301,0.4673913,0.22282609,0.30978261,0.07287449,360,628,988,"sa739013"
"Johan Mieses","BOS","AAA",26,230,0.33898305,1.155555555,0.236220472,0.409448818,0.354330708,0.288888888,0.266666666,0.59230769,0.20769231,0.2,0.12357217,387,576,963,"sa747574"
"Michael De Leon","CIN","AAA",25,222,0.293333333,1.923076923,0.234899328,0.503355704,0.261744966,0.256410256,0.076923076,0.48387097,0.2,0.31612903,0.15042118,273,558,831,"sa823925"
"Jose Gomez","LAA","AAA",25,112,0.287671232,1.034482758,0.202702702,0.405405405,0.391891891,0.103448275,0.068965517,0.36363636,0.25974026,0.37662338,0.14908257,159,277,436,"sa828331"
"Hendrik Clementina","ATL","AAA",25,71,0.216216216,2.1,0.205128205,0.538461538,0.256410256,0.2,0.2,0.46153846,0.25641026,0.28205128,0.21691176,90,182,272,"sa828422"
"Jake Gatewood","LAA","AAA",26,428,0.258474576,0.754385964,0.212598425,0.338582677,0.448818897,0.175438596,0.192982456,0.47876448,0.27027027,0.25096525,0.19345412,575,1136,1711,"sa828685"
"Josh Morgan","SEA","AAA",26,73,0.25,1.166666666,0.152173913,0.456521739,0.391304347,0,0.111111111,0.43478261,0.34782609,0.2173913,0.08070175,117,168,285,"sa828797"
"Roy Morales","MIN","AAA",27,194,0.330882352,2.428571428,0.309352517,0.489208633,0.201438848,0.178571428,0.142857142,0.38848921,0.14388489,0.4676259,0.07635468,328,484,812,"sa829030"
"Jamie Ritchie","PIT","AAA",29,120,0.303797468,2.1,0.194805194,0.545454545,0.259740259,0.25,0,0.35443038,0.26582278,0.37974684,0.0545809,229,284,513,"sa829058"
"Chris Rabago","DET","AAA",29,103,0.25,1.764705882,0.175438596,0.526315789,0.298245614,0.352941176,0.117647058,0.4,0.3,0.3,0.12224939,142,267,409,"sa829062"
"Nick Tanielu","TEX","AAA",29,318,0.28169014,0.777777777,0.248826291,0.328638497,0.422535211,0.211111111,0.066666666,0.34545455,0.31818182,0.33636364,0.08685259,494,761,1255,"sa829082"
"Roberto Ramos","BOS","AAA",27,143,0.225806451,0.75,0.164179104,0.358208955,0.47761194,0.21875,0.15625,0.44776119,0.20895522,0.34328358,0.17647059,265,347,612,"sa829199"
"Kyle Martin","SDP","AAA",29,300,0.31210191,0.597560975,0.247126436,0.281609195,0.471264367,0.341463414,0.207317073,0.41954023,0.29310345,0.28735632,0.1411863,471,726,1197,"sa829261"
"Isiah Gilliam","CIN","AAA",25,180,0.357894736,1.285714285,0.207920792,0.445544554,0.346534653,0.228571428,0.171428571,0.5,0.15686275,0.34313725,0.1698895,261,463,724,"sa829343"
"Josh Ockimey","PHI","AAA",26,210,0.245614035,0.68852459,0.155737704,0.344262295,0.5,0.114754098,0.13114754,0.42975207,0.30578512,0.26446281,0.13686534,370,536,906,"sa829375"
"Cristian Santana","CIN","AAA",25,504,0.331378299,1.527777777,0.213256484,0.475504322,0.311239193,0.157407407,0.101851851,0.36260623,0.26912181,0.36827195,0.13945409,723,1292,2015,"sa829387"
"Will Toffey","PHI","AAA",27,388,0.353535353,0.934065934,0.145631067,0.412621359,0.441747572,0.164835164,0.098901098,0.49763033,0.22748815,0.27488152,0.1689008,561,931,1492,"sa829401"
"Michael Cantu","SDP","AAA",26,103,0.314814814,2.153846153,0.24074074,0.518518518,0.24074074,0,0.076923076,0.38181818,0.25454545,0.36363636,0.18224299,159,269,428,"sa829494"
"Mike Rivera","CLE","AAA",26,60,0.294117647,1.454545454,0.15625,0.5,0.34375,0.363636363,0,0.38235294,0.11764706,0.5,0.09090909,82,149,231,"sa829667"
"Quinn Brodey","NYM","AAA",26,116,0.260869565,2.111111111,0.222222222,0.527777777,0.25,0,0.222222222,0.38356164,0.32876712,0.28767123,0.15434783,143,317,460,"sa829783"
"Andrew Bechtold","MIN","AAA",26,136,0.3,2,0.219178082,0.520547945,0.260273972,0.210526315,0.263157894,0.48,0.26666667,0.25333333,0.11317254,217,322,539,"sa829787"
"Scott Manea","HOU","AAA",26,337,0.272251308,1.732142857,0.198952879,0.507853403,0.293193717,0.214285714,0.071428571,0.45408163,0.18367347,0.3622449,0.12656365,555,804,1359,"sa829837"
"Bryson Brigman","MIA","AAA",27,413,0.307692307,1.582417582,0.181184668,0.50174216,0.31707317,0.219780219,0.087912087,0.47297297,0.20945946,0.31756757,0.12166558,515,1022,1537,"sa829857"
"Micker Adolfo","CHW","AAA",25,367,0.324742268,1.47761194,0.198067632,0.478260869,0.323671497,0.208955223,0.223880597,0.43062201,0.23923445,0.33014354,0.17717087,502,926,1428,"sa830303"
"Gavin Collins","CLE","AAA",26,139,0.269662921,0.868421052,0.228260869,0.358695652,0.413043478,0.210526315,0.105263157,0.45744681,0.24468085,0.29787234,0.11485149,192,313,505,"sa857219"
"Roberto Baldoquin","STL","AAA",28,90,0.323076923,2.1875,0.215384615,0.538461538,0.246153846,0.1875,0,0.38461538,0.26153846,0.35384615,0.0753012,122,210,332,"sa857538"
"Kyle Holder","COL","AAA",28,170,0.259259259,2,0.236363636,0.509090909,0.254545454,0.178571428,0.071428571,0.43636364,0.21818182,0.34545455,0.1242515,259,409,668,"sa857840"
"Mitchell Tolman","CLE","AAA",28,423,0.298113207,1.511904761,0.227106227,0.465201465,0.307692307,0.178571428,0.13095238,0.425,0.24642857,0.32857143,0.10183639,727,1070,1797,"sa858829"
"Lorenzo Cedrola","CIN","AAA",24,504,0.316195372,1.328358208,0.2,0.456410256,0.343589743,0.23880597,0.029850746,0.46446701,0.20812183,0.32741117,0.11319648,465,1240,1705,"sa872850"
"Leandro Cedeno","ARI","AAA",23,58,0.358974358,0.833333333,0.195121951,0.365853658,0.43902439,0.055555555,0.111111111,0.29268293,0.29268293,0.41463415,0.14220183,71,147,218,"sa873307"
"Stevie Berman","MIN","AAA",27,261,0.256944444,1.032786885,0.173333333,0.42,0.406666666,0.311475409,0.13114754,0.45751634,0.22875817,0.31372549,0.08474576,467,654,1121,"sa873599"
"Nick Banks","WSN","AAA",27,302,0.354651162,1.360655737,0.204419889,0.458563535,0.337016574,0.147540983,0.180327868,0.47540984,0.24043716,0.28415301,0.17155172,426,734,1160,"sa873982"
"Camden Duzenack","ARI","AAA",27,349,0.299145299,0.773584905,0.226337448,0.337448559,0.436213991,0.29245283,0.122641509,0.44621514,0.25896414,0.29482072,0.12571898,360,857,1217,"sa873988"
"Vince Fernandez","OAK","AAA",26,360,0.348314606,0.857142857,0.2513089,0.345549738,0.403141361,0.129870129,0.194805194,0.53367876,0.25906736,0.20725389,0.17876241,474,835,1309,"sa873990"
"Garrett Whitley","MIL","AAA",25,186,0.329113924,1.346153846,0.24691358,0.432098765,0.320987654,0.346153846,0.115384615,0.52439024,0.2195122,0.25609756,0.14130435,337,491,828,"sa874244"
"Moises Gomez","STL","AAA",23,244,0.352941176,0.642857142,0.313432835,0.268656716,0.417910447,0.107142857,0.285714285,0.34074074,0.34074074,0.31851852,0.16666667,350,664,1014,"sa875163"
"Gabriel Cancel","KCR","AAA",25,302,0.323353293,1.133333333,0.247058823,0.4,0.352941176,0.35,0.083333333,0.51744186,0.1627907,0.31976744,0.17023097,428,741,1169,"sa875231"
"Max McDowell","NYY","AAA",28,215,0.25,1.113207547,0.176470588,0.433823529,0.389705882,0.301886792,0.037735849,0.49275362,0.22463768,0.2826087,0.08449074,333,531,864,"sa875626"
"Jonathan Morales","COL","AAA",27,353,0.349593495,1.552631578,0.23015873,0.468253968,0.301587301,0.236842105,0.118421052,0.42352941,0.23921569,0.3372549,0.0859662,494,867,1361,"sa875808"
"Dalton Kelly","OAK","AAA",27,360,0.299435028,1.260869565,0.178947368,0.457894736,0.363157894,0.115942028,0.217391304,0.36979167,0.27604167,0.35416667,0.13945803,582,931,1513,"sa876363"
"Nash Knight","MIN","AAA",29,254,0.359375,1.390243902,0.251908396,0.435114503,0.312977099,0.073170731,0.097560975,0.40151515,0.18181818,0.41666667,0.11982379,481,654,1135,"sa876814"
"Carlos Sepulveda","CHC","AAA",25,63,0.288888888,2.4,0.244444444,0.533333333,0.222222222,0.3,0,0.46666667,0.17777778,0.35555556,0.07171315,95,156,251,"sa877338"
"Arquimedes Gamboa","SFG","AAA",24,296,0.311475409,1.055555555,0.2,0.41081081,0.389189189,0.097222222,0.055555555,0.48148148,0.23280423,0.28571429,0.117598,477,722,1199,"sa877497"
"Ronaldo Hernandez","BOS","AAA",24,439,0.295081967,1.330188679,0.21835443,0.446202531,0.335443037,0.254716981,0.160377358,0.45031056,0.22360248,0.32608696,0.17411003,474,1071,1545,"sa881850"
"Omar Estevez","LAD","AAA",24,178,0.264462809,1.086956521,0.219512195,0.406504065,0.373983739,0.195652173,0.065217391,0.47580645,0.21774194,0.30645161,0.13226744,232,456,688,"sa914242"
"Devin Hairston","MIA","AAA",26,51,0.32,1.625,0.16,0.52,0.32,0.125,0.125,0.38461538,0.23076923,0.38461538,0.14285714,73,116,189,"sa915575"
"Brett Cumberland","BAL","AAA",27,160,0.303370786,2.09090909,0.209302325,0.53488372,0.255813953,0.227272727,0.181818181,0.62921348,0.13483146,0.23595506,0.13311688,237,379,616,"sa915611"
"Colby Fitch","LAA","AAA",26,66,0.37037037,1,0.172413793,0.413793103,0.413793103,0.416666666,0.166666666,0.51724138,0.20689655,0.27586207,0.23045267,88,155,243,"sa915614"
"Donovan Casey","WSN","AAA",26,317,0.295698924,1.013513513,0.211640211,0.396825396,0.391534391,0.162162162,0.094594594,0.37628866,0.28350515,0.34020619,0.17729909,418,789,1207,"sa915654"
"Cole Freeman","WSN","AAA",27,162,0.268292682,1.461538461,0.219512195,0.463414634,0.31707317,0.358974358,0.051282051,0.51538462,0.22307692,0.26153846,0.10486891,182,352,534,"sa915838"
"Matt Whatley","TEX","AAA",26,92,0.288461538,0.857142857,0.264150943,0.339622641,0.396226415,0.285714285,0.095238095,0.38983051,0.30508475,0.30508475,0.12280702,126,216,342,"sa915868"
"Ricardo Genoves","SFG","AAA",23,147,0.306818181,1,0.222222222,0.388888888,0.388888888,0.142857142,0.085714285,0.56043956,0.18681319,0.25274725,0.15789474,220,350,570,"sa916844"
"Miguel Hernandez","CIN","AAA",23,74,0.3125,1.5625,0.163265306,0.510204081,0.326530612,0.4375,0.0625,0.42857143,0.20408163,0.36734694,0.15708812,94,167,261,"sa917055"
"Pedro Castellanos","BOS","AAA",24,241,0.318181818,1.78,0.219101123,0.5,0.280898876,0.4,0.1,0.4198895,0.1878453,0.39226519,0.15328467,245,577,822,"sa917074"
"Kelvin Melean","SDP","AAA",23,53,0.315789473,2.714285714,0.277777777,0.527777777,0.194444444,0.285714285,0,0.44736842,0.10526316,0.44736842,0.08372093,81,134,215,"sa917141"
"Carlos Rincon","NYM","AAA",24,157,0.29347826,1.083333333,0.210526315,0.410526315,0.378947368,0.333333333,0.138888888,0.57142857,0.17346939,0.25510204,0.16940789,210,398,608,"sa917319"
"Delvin Perez","STL","AAA",23,149,0.29032258,1.923076923,0.2,0.526315789,0.27368421,0.192307692,0.115384615,0.4375,0.20833333,0.35416667,0.12563667,224,365,589,"sa917935"
"Tyler Neslony","CHW","AAA",28,101,0.338235294,1.416666666,0.121212121,0.515151515,0.363636363,0.125,0.083333333,0.32857143,0.25714286,0.41428571,0.15083799,119,239,358,"sa918131"
"Brady Policelli","DET","AAA",27,59,0.242424242,1.9,0.147058823,0.558823529,0.294117647,0.2,0.2,0.4,0.25714286,0.34285714,0.14220183,81,137,218,"sa918279"
"Jim Haley","TBR","AAA",27,420,0.291845493,1.235955056,0.194331983,0.445344129,0.360323886,0.168539325,0.202247191,0.46031746,0.22619048,0.31349206,0.16412972,519,992,1511,"sa918418"
"Bret Boswell","COL","AAA",27,329,0.331460674,1.648148148,0.235294117,0.475935828,0.288770053,0.24074074,0.222222222,0.38421053,0.22105263,0.39473684,0.14981818,523,852,1375,"sa918769"
"Craig Dedelow","CHW","AAA",27,105,0.243902439,0.928571428,0.372093023,0.302325581,0.325581395,0.071428571,0.357142857,0.63043478,0.23913043,0.13043478,0.23866348,164,255,419,"sa918840"
"Zach Davis","CHC","AAA",28,120,0.28,2.647058823,0.150684931,0.616438356,0.232876712,0.176470588,0,0.42105263,0.17105263,0.40789474,0.11111111,202,293,495,"sa918888"
"Chavez Young","TOR","AAA",24,248,0.294117647,1.928571428,0.216560509,0.515923566,0.267515923,0.238095238,0.119047619,0.36708861,0.27848101,0.35443038,0.1140873,374,634,1008,"sa918963"
"Yariel Gonzalez","ATL","AAA",28,119,0.222222222,0.7,0.160493827,0.345679012,0.49382716,0.2,0,0.54320988,0.2345679,0.22222222,0.12222222,161,289,450,"sa920278"
"Reinaldo Ilarraza","SDP","AAA",23,72,0.355555555,3,0.288888888,0.533333333,0.177777777,0.375,0.125,0.42553191,0.17021277,0.40425532,0.12741313,94,165,259,"sa923239"