Name,Team,Level,Age,PA,BABIP,GB/FB,LD%,GB%,FB%,IFFB%,HR/FB,Pull%,Cent%,Oppo%,SwStr%,Balls,Strikes,Pitches,PlayerId
"Christian Bethancourt","MIL","AAA",26,418,0.318936877,0.964539007,0.128930817,0.427672955,0.443396226,0.205673758,0.141843971,0.41744548,0.31464174,0.26791277,0.14206514,464,979,1443,"10028"
"Chris Owings","ARI","AAA",26,92,0.342465753,1.074074074,0.243243243,0.391891891,0.364864864,0.074074074,0.037037037,0.33783784,0.28378378,0.37837838,0.11782477,105,226,331,"10030"
"Tomas Telis","MIA","AAA",27,306,0.333333333,2.903846153,0.194444444,0.599206349,0.206349206,0.134615384,0.076923076,0.45669291,0.22047244,0.32283465,0.04930796,432,724,1156,"10067"
"Dustin Ackley","LAA","AAA",30,284,0.311004784,0.988095238,0.204761904,0.395238095,0.4,0.166666666,0.047619047,0.39719626,0.31775701,0.28504673,0.04177109,478,719,1197,"10099"
"Francisco Arcia","LAA","AAA",28,168,0.322033898,2.333333333,0.243697478,0.529411764,0.226890756,0.222222222,0.111111111,0.3968254,0.27777778,0.32539683,0.07757167,217,376,593,"10286"
"Hector Sanchez","SFG","AAA",28,89,0.3,1.095238095,0.266666666,0.383333333,0.35,0.095238095,0.047619047,0.50819672,0.2295082,0.26229508,0.11044776,131,204,335,"10289"
"Eury Perez","SFG","AAA",28,157,0.296,2.5,0.146341463,0.609756097,0.243902439,0.1,0.033333333,0.4015748,0.2519685,0.34645669,0.10294118,166,378,544,"10299"
"Danny Ortiz","PHI","AAA",28,418,0.271428571,0.866141732,0.191126279,0.375426621,0.433447098,0.196850393,0.118110236,0.45423729,0.24067797,0.30508475,0.11974922,500,1095,1595,"10317"
"Danny Santana","ATL","AAA",27,342,0.301310043,1.0625,0.178423236,0.423236514,0.398340248,0.145833333,0.166666666,0.44939271,0.25101215,0.29959514,0.14208909,406,896,1302,"10322"
"Rafael Ortega","MIA","AAA",27,328,0.303643724,0.99047619,0.153846153,0.421052631,0.425101214,0.238095238,0.019047619,0.44621514,0.27091633,0.28286853,0.05008078,489,749,1238,"10323"
"Rey Fuentes","ARI","AAA",27,342,0.316239316,1.309523809,0.181434599,0.464135021,0.354430379,0.19047619,0.071428571,0.475,0.25,0.275,0.11094564,539,804,1343,"10329"
"Slade Heathcott","OAK","AAA",27,120,0.394366197,0.884615384,0.309859154,0.323943661,0.366197183,0.153846153,0.038461538,0.43055556,0.36111111,0.20833333,0.20208333,171,309,480,"10336"
"Gift Ngoepe","TOR","AAA",28,159,0.298507462,1.08,0.235294117,0.397058823,0.367647058,0.36,0.08,0.4084507,0.22535211,0.36619718,0.14914773,308,396,704,"10340"
"Mike Ohlman","BOS","AAA",27,276,0.282608695,0.642857142,0.212328767,0.308219178,0.479452054,0.214285714,0.142857142,0.45945946,0.18918919,0.35135135,0.1088211,484,729,1213,"10347"
"Domingo Santana","MIL","AAA",25,227,0.424528301,1.210526315,0.236363636,0.418181818,0.345454545,0.026315789,0.210526315,0.40350877,0.27192982,0.3245614,0.15653041,420,583,1003,"10348"
"Tommy Joseph","TEX","AAA",26,357,0.30941704,0.574803149,0.173553719,0.301652892,0.524793388,0.181102362,0.16535433,0.45081967,0.30327869,0.24590164,0.11944647,492,881,1373,"10349"
"Wilfredo Tovar","STL","AAA",26,389,0.32278481,1.38317757,0.203125,0.4625,0.334375,0.289719626,0.046728971,0.38317757,0.23676012,0.38006231,0.04882943,533,962,1495,"10416"
"Rocky Gale","LAD","AAA",30,318,0.322448979,1.426829268,0.194331983,0.47368421,0.331983805,0.121951219,0.048780487,0.40392157,0.23921569,0.35686275,0.08913649,309,768,1077,"10533"
"Bryce Brentz","NYM","AAA",29,214,0.321428571,0.921568627,0.216,0.376,0.408,0.235294117,0.294117647,0.43307087,0.33858268,0.22834646,0.15285881,338,519,857,"10607"
"David Freitas","SEA","AAA",29,167,0.408695652,1.516129032,0.33898305,0.398305084,0.262711864,0.161290322,0.129032258,0.43697479,0.20168067,0.36134454,0.08970588,253,427,680,"10619"
"Carlos Perez","TEX","AAA",27,87,0.328125,1.125,0.25,0.397058823,0.352941176,0.333333333,0.166666666,0.5,0.30882353,0.19117647,0.06422018,117,210,327,"10642"
"Rob Brantly","CLE","AAA",28,246,0.254143646,1.295081967,0.226519337,0.436464088,0.337016574,0.196721311,0.032786885,0.4673913,0.23913043,0.29347826,0.13400901,285,603,888,"10655"
"Gio Urshela","NYY","AAA",26,240,0.322916666,1.285714285,0.25,0.421875,0.328125,0.174603174,0.031746031,0.35204082,0.25,0.39795918,0.10034602,285,582,867,"10681"
"Mike Olt","BOS","AAA",29,279,0.303030303,0.819672131,0.212765957,0.354609929,0.432624113,0.147540983,0.180327868,0.49305556,0.27777778,0.22916667,0.11769547,519,696,1215,"10698"
"Ryan LaMarre","MIN","AAA",29,104,0.390625,2.384615384,0.301587301,0.492063492,0.206349206,0.307692307,0,0.46875,0.234375,0.296875,0.10952381,151,269,420,"10700"
"Lane Adams","CHC","AAA",28,199,0.266055045,1.4,0.214953271,0.457943925,0.327102803,0.2,0,0.42201835,0.23853211,0.33944954,0.16774194,281,494,775,"10767"
"Tyler Saladino","MIL","AAA",28,154,0.31,0.851063829,0.147058823,0.392156862,0.460784313,0.170212765,0.063829787,0.42307692,0.23076923,0.34615385,0.07448494,250,381,631,"10807"
"Todd Cunningham","CHW","AAA",29,60,0.19047619,1.176470588,0.119047619,0.476190476,0.404761904,0.411764705,0,0.38636364,0.25,0.36363636,0.05855856,84,138,222,"10822"
"Rangel Ravelo","STL","AAA",26,399,0.327526132,1.148148148,0.22147651,0.416107382,0.362416107,0.166666666,0.12037037,0.39,0.3,0.31,0.07462687,615,926,1541,"10839"
"Phil Gosselin","ATL","AAA",29,325,0.303964757,1.272727272,0.229074889,0.431718061,0.339207048,0.142857142,0.064935064,0.43534483,0.24568966,0.31896552,0.07526882,485,817,1302,"10953"
"Christian Colon","ATL","AAA",29,368,0.311594202,1.411111111,0.21942446,0.456834532,0.323741007,0.211111111,0.066666666,0.4471831,0.28521127,0.26760563,0.06642066,540,815,1355,"11145"
"Cameron Rupp","MIN","AAA",29,334,0.289940828,0.833333333,0.218579234,0.355191256,0.426229508,0.192307692,0.192307692,0.4076087,0.26086957,0.33152174,0.14336409,553,856,1409,"11146"
"Elliot Soto","COL","AAA",28,268,0.336683417,2.354166666,0.190954773,0.567839195,0.24120603,0.208333333,0.020833333,0.40394089,0.2364532,0.35960591,0.07692308,359,629,988,"11155"
"Ramon Flores","BOS","AAA",26,223,0.256578947,1.326923076,0.209150326,0.450980392,0.339869281,0.115384615,0.057692307,0.47770701,0.21656051,0.30573248,0.05621622,341,584,925,"11165"
"Josh Rutledge","SFG","AAA",29,54,0.129032258,0.666666666,0.193548387,0.322580645,0.483870967,0.266666666,0,0.51612903,0.22580645,0.25806452,0.16826923,63,145,208,"11167"
"Brett Nicholas","SDP","AAA",29,456,0.33226837,1.073170731,0.210526315,0.40866873,0.380804953,0.186991869,0.1300813,0.40909091,0.22424242,0.36666667,0.1369863,611,1141,1752,"11192"
"Stephen Cardullo","COL","AAA",30,226,0.3375,0.983870967,0.24074074,0.376543209,0.382716049,0.209677419,0.048387096,0.41104294,0.29447853,0.29447853,0.14368482,289,574,863,"11204"
"Mike Freeman","CHC","AAA",30,331,0.334782608,1.459459459,0.201754385,0.47368421,0.324561403,0.013513513,0.081081081,0.34599156,0.27848101,0.37552743,0.09741248,485,829,1314,"11241"
"Jabari Blash","LAA","AAA",28,346,0.394904458,0.786666666,0.259668508,0.32596685,0.41436464,0.24,0.386666666,0.4893617,0.31914894,0.19148936,0.15814917,632,816,1448,"11247"
"Andy Wilkins","MIN","AAA",29,80,0.204081632,0.72,0.156862745,0.352941176,0.490196078,0.24,0.08,0.60784314,0.23529412,0.15686275,0.12612613,132,201,333,"11251"
"Aaron Altherr","PHI","AAA",27,134,0.333333333,1.03030303,0.182926829,0.414634146,0.402439024,0.181818181,0.06060606,0.43373494,0.31325301,0.25301205,0.14365672,202,334,536,"11270"
"Adrian Sanchez","WSN","AAA",27,295,0.259911894,1.567567567,0.170305676,0.506550218,0.323144104,0.175675675,0.054054054,0.35319149,0.24680851,0.4,0.08401826,407,688,1095,"11338"
"Jake Marisnick","HOU","AAA",27,82,0.396226415,0.818181818,0.298245614,0.315789473,0.385964912,0.181818181,0.181818181,0.45614035,0.26315789,0.28070175,0.12380952,112,203,315,"11339"
"Drew Maggi","CLE","AAA",29,260,0.354285714,1.653061224,0.252873563,0.465517241,0.281609195,0.285714285,0.020408163,0.53333333,0.26666667,0.2,0.10147783,360,655,1015,"11381"
"Matthew den Dekker","NYM","AAA",30,339,0.336405529,1.154761904,0.199115044,0.429203539,0.371681415,0.178571428,0.166666666,0.40772532,0.26609442,0.32618026,0.13171081,519,878,1397,"11385"
"Ronald Torreyes","NYY","AAA",25,106,0.275862068,1.321428571,0.244186046,0.430232558,0.325581395,0.25,0,0.49425287,0.20689655,0.29885057,0.06944444,117,243,360,"11400"
"Rob Segedin","LAD","AAA",29,134,0.23076923,0.702127659,0.14893617,0.351063829,0.5,0.106382978,0.063829787,0.44086022,0.31182796,0.24731183,0.09126214,200,315,515,"11446"
"Dixon Machado","DET","AAA",26,171,0.27118644,1.435897435,0.188034188,0.478632478,0.333333333,0.23076923,0.025641025,0.56302521,0.24369748,0.19327731,0.07643312,237,391,628,"11472"
"Henry Ramos","LAD","AAA",26,393,0.344086021,1.30927835,0.216783216,0.444055944,0.339160839,0.103092783,0.103092783,0.40955631,0.24573379,0.3447099,0.10721649,530,925,1455,"11481"
"Kaleb Cowart","LAA","AAA",26,279,0.336633663,0.916666666,0.225961538,0.370192307,0.403846153,0.238095238,0.071428571,0.47115385,0.27884615,0.25,0.11930165,383,648,1031,"11494"
"Rosell Herrera","KCR","AAA",25,139,0.3,1,0.165048543,0.417475728,0.417475728,0.186046511,0.093023255,0.41346154,0.20192308,0.38461538,0.09586466,208,324,532,"11611"
"Brandon Drury","NYY","AAA",25,235,0.389705882,1.763157894,0.233576642,0.489051094,0.277372262,0.210526315,0.131578947,0.39160839,0.23076923,0.37762238,0.08517034,396,602,998,"11615"
"Drew Robinson","TEX","AAA",26,241,0.453781512,0.916666666,0.1015625,0.4296875,0.46875,0.116666666,0.166666666,0.46923077,0.26153846,0.26923077,0.13333333,402,618,1020,"11761"
"Tyler Austin","MIN","AAA",26,148,0.302325581,0.972222222,0.252631578,0.368421052,0.378947368,0.166666666,0.25,0.46315789,0.25263158,0.28421053,0.15548282,223,388,611,"11850"
"Mason Williams","CIN","AAA",26,356,0.32421875,1.261363636,0.225680933,0.431906614,0.342412451,0.170454545,0.068181818,0.44237918,0.25650558,0.30111524,0.07195301,509,853,1362,"11859"
"Ronny Rodriguez","DET","AAA",26,275,0.383495145,1.148648648,0.246445497,0.402843601,0.3507109,0.27027027,0.121621621,0.46759259,0.21759259,0.31481481,0.11269036,294,691,985,"11875"
"Noel Cuevas","COL","AAA",26,177,0.360902255,1.725,0.198529411,0.507352941,0.294117647,0.15,0.125,0.42028986,0.29710145,0.2826087,0.1127451,221,391,612,"11894"
"Hanser Alberto","TEX","AAA",25,384,0.337349397,1.029629629,0.182089552,0.414925373,0.402985074,0.2,0.051851851,0.47230321,0.25072886,0.27696793,0.0859375,303,849,1152,"11902"
"Orlando Calixte","SFG","AAA",26,437,0.326599326,1.510416666,0.207236842,0.476973684,0.315789473,0.1875,0.114583333,0.47727273,0.24025974,0.28246753,0.12688442,595,997,1592,"11905"
"Travis Taijeron","LAD","AAA",29,318,0.403726708,0.536585365,0.258823529,0.258823529,0.482352941,0.036585365,0.134146341,0.37209302,0.30232558,0.3255814,0.14502658,512,805,1317,"11935"
"Cody Asche","NYM","AAA",28,368,0.271111111,0.675675675,0.198275862,0.323275862,0.478448275,0.234234234,0.099099099,0.48945148,0.2742616,0.23628692,0.12035159,573,906,1479,"11997"
"Nick Martini","OAK","AAA",28,330,0.372549019,1.5,0.258373205,0.444976076,0.296650717,0.177419354,0.096774193,0.41428571,0.20952381,0.37619048,0.06144068,575,841,1416,"12005"
"Jon Berti","CLE","AAA",28,81,0.283018867,3.555555555,0.211538461,0.615384615,0.173076923,0.111111111,0,0.47169811,0.22641509,0.30188679,0.09152542,116,179,295,"12037"
"Kennys Vargas","MIN","AAA",27,533,0.284810126,1.418181818,0.205970149,0.465671641,0.328358208,0.181818181,0.19090909,0.39762611,0.25519288,0.34718101,0.11156836,869,1318,2187,"12101"
"Matt Skole","CHW","AAA",28,500,0.298305084,0.945736434,0.187702265,0.394822006,0.417475728,0.224806201,0.108527131,0.42903226,0.2516129,0.31935484,0.10888785,869,1280,2149,"12119"
"Juniel Querecuto","ARI","AAA",25,274,0.357798165,1.981818181,0.251141552,0.497716894,0.251141552,0.163636363,0.018181818,0.36363636,0.24090909,0.39545455,0.08004053,344,643,987,"12140"
"Ben Gamel","SEA","AAA",26,94,0.394366197,1.52173913,0.194444444,0.486111111,0.319444444,0.173913043,0.04347826,0.34722222,0.20833333,0.44444444,0.07648725,144,209,353,"12160"
"Jorge Bonifacio","KCR","AAA",25,58,0.512820512,0.6875,0.307692307,0.282051282,0.41025641,0.1875,0,0.33333333,0.35897436,0.30769231,0.09090909,86,134,220,"12174"
"Jake Hager","MIL","AAA",25,123,0.303030303,1.097560975,0.122448979,0.459183673,0.418367346,0.292682926,0.024390243,0.39,0.26,0.35,0.07888041,130,263,393,"12198"
"Danny Muno","SEA","AAA",29,241,0.275362318,2.516129032,0.192592592,0.577777777,0.229629629,0.193548387,0.032258064,0.34285714,0.27857143,0.37857143,0.10265487,458,672,1130,"12214"
"Brock Stassi","MIN","AAA",28,217,0.348148148,1.204081632,0.205882352,0.433823529,0.360294117,0.204081632,0.040816326,0.48905109,0.21167883,0.29927007,0.06126915,398,516,914,"12244"
"Ryan Court","CHC","AAA",30,450,0.397379912,0.988372093,0.281512605,0.357142857,0.361344537,0.069767441,0.127906976,0.4,0.32083333,0.27916667,0.11836115,762,1215,1977,"12268"
"Kevan Smith","CHW","AAA",30,124,0.285714285,2.041666666,0.223404255,0.521276595,0.255319148,0.083333333,0.166666666,0.36458333,0.22916667,0.40625,0.10762332,154,292,446,"12284"
"Cory Spangenberg","SDP","AAA",27,95,0.481481481,1.210526315,0.275862068,0.396551724,0.327586206,0.157894736,0.210526315,0.39655172,0.32758621,0.27586207,0.16304348,133,235,368,"12294"
"Beau Taylor","OAK","AAA",28,356,0.341232227,2.055555555,0.218009478,0.52606635,0.25592417,0.166666666,0.055555555,0.39719626,0.23364486,0.36915888,0.08507853,632,896,1528,"12384"
"Jason Krizan","DET","AAA",29,415,0.285714285,1.288461538,0.198653198,0.451178451,0.35016835,0.173076923,0.076923076,0.48344371,0.22847682,0.28807947,0.06730197,650,1029,1679,"12394"
"Taylor Motter","MIN","AAA",28,348,0.207792207,0.555555555,0.179916317,0.292887029,0.527196652,0.277777777,0.079365079,0.49377593,0.23651452,0.26970954,0.0807666,583,878,1461,"12399"
"Ryan Rua","TEX","AAA",28,83,0.291666666,1.294117647,0.22,0.44,0.34,0.117647058,0.176470588,0.50980392,0.29411765,0.19607843,0.12418301,117,189,306,"12409"
"Tyler Smith","ATL","AAA",26,178,0.281818181,1.416666666,0.223214285,0.455357142,0.321428571,0.194444444,0.111111111,0.42105263,0.22807018,0.35087719,0.10449927,259,430,689,"12490"
"Jett Bandy","MIL","AAA",28,216,0.305194805,0.505617977,0.1625,0.28125,0.55625,0.213483146,0.101123595,0.48466258,0.25766871,0.25766871,0.11139241,243,547,790,"12508"
"Curt Casali","TBR","AAA",29,104,0.301369863,1.608695652,0.22077922,0.48051948,0.298701298,0.086956521,0.173913043,0.45454545,0.25974026,0.28571429,0.0990099,155,249,404,"12510"
"Taylor Featherston","MIN","AAA",28,213,0.236363636,0.836734693,0.203539823,0.362831858,0.433628318,0.224489795,0.081632653,0.40517241,0.25,0.34482759,0.12722949,300,541,841,"12590"
"Mike Marjama","SEA","AAA",28,173,0.285714285,1.357142857,0.195121951,0.463414634,0.341463414,0.285714285,0.119047619,0.54032258,0.22580645,0.23387097,0.13170732,208,407,615,"12594"
"Raffy Lopez","SDP","AAA",30,202,0.324786324,0.428571428,0.193548387,0.241935483,0.564516129,0.128571428,0.128571428,0.42063492,0.28571429,0.29365079,0.14516129,318,488,806,"12606"
"Billy Burns","KCR","AAA",28,426,0.284829721,1.557692307,0.1661442,0.50783699,0.326018808,0.288461538,0.038461538,0.35820896,0.23880597,0.40298507,0.05830721,548,1047,1595,"12701"
"Tyler Collins","KCR","AAA",28,62,0.175,0.7,0.15,0.35,0.5,0.2,0,0.45,0.2,0.35,0.13114754,94,150,244,"12723"
"Breyvic Valera","LAD","AAA",26,383,0.266666666,0.887218045,0.17704918,0.386885245,0.436065573,0.240601503,0.067669172,0.47741935,0.23548387,0.28709677,0.03191489,603,995,1598,"12758"
"Taylor Davis","CHC","AAA",28,409,0.315436241,1.935064935,0.233898305,0.505084745,0.261016949,0.207792207,0.051948051,0.32142857,0.25324675,0.42532468,0.07858048,582,996,1578,"12782"
"Dalton Pompey","TOR","AAA",25,168,0.317307692,1.676470588,0.14953271,0.53271028,0.317757009,0.147058823,0.117647058,0.26605505,0.34862385,0.3853211,0.09502924,255,429,684,"12797"
"Alen Hanson","SFG","AAA",25,71,0.423076923,1.352941176,0.259259259,0.425925925,0.314814814,0.294117647,0.176470588,0.43636364,0.32727273,0.23636364,0.06137184,120,157,277,"12926"
"Jose Osuna","PIT","AAA",25,342,0.353413654,1.091836734,0.19921875,0.41796875,0.3828125,0.173469387,0.091836734,0.43846154,0.23076923,0.33076923,0.09583952,502,844,1346,"12937"
"Socrates Brito","ARI","AAA",25,478,0.383870967,0.983333333,0.265432098,0.36419753,0.37037037,0.191666666,0.141666666,0.41641337,0.28571429,0.29787234,0.11164788,681,1182,1863,"12944"
"Phillip Evans","NYM","AAA",25,245,0.254545454,1.071428571,0.176136363,0.426136363,0.397727272,0.257142857,0.2,0.45810056,0.24581006,0.29608939,0.11653718,329,572,901,"12950"
"Steve Selsky","CIN","AAA",28,300,0.335164835,0.87804878,0.189473684,0.378947368,0.431578947,0.109756097,0.121951219,0.36979167,0.265625,0.36458333,0.14452424,381,733,1114,"12957"
"Michael Perez","ARI","AAA",25,240,0.32183908,1.048387096,0.290502793,0.363128491,0.346368715,0.096774193,0.096774193,0.43333333,0.29444444,0.27222222,0.07508939,323,516,839,"12977"
"Cam Gallagher","KCR","AAA",25,303,0.293859649,0.912621359,0.14347826,0.408695652,0.447826086,0.300970873,0.038834951,0.47435897,0.21794872,0.30769231,0.06877828,399,706,1105,"12981"
"Charlie Tilson","CHW","AAA",25,292,0.301369863,3.743589743,0.135514018,0.68224299,0.18224299,0.282051282,0,0.34234234,0.23873874,0.41891892,0.08226691,360,734,1094,"12983"
"Kelby Tomlinson","SFG","AAA",28,204,0.398550724,2.451612903,0.213235294,0.558823529,0.227941176,0.225806451,0,0.31914894,0.18439716,0.4964539,0.09494451,300,511,811,"13005"
"Mitch Walding","PHI","AAA",25,472,0.375,0.957894736,0.225,0.379166666,0.395833333,0.094736842,0.2,0.44032922,0.28395062,0.27572016,0.1370844,814,1141,1955,"13006"
"John Andreoli","SEA","AAA",28,388,0.380753138,1.06741573,0.226890756,0.399159663,0.373949579,0.168539325,0.033707865,0.44214876,0.26033058,0.29752066,0.08372642,705,991,1696,"13012"
"Mikie Mahtook","DET","AAA",28,316,0.3125,0.776595744,0.169154228,0.363184079,0.467661691,0.234042553,0.117021276,0.47783251,0.22660099,0.2955665,0.09358491,485,840,1325,"13130"
"Andrew Susac","BAL","AAA",28,158,0.333333333,0.818181818,0.268292682,0.329268292,0.402439024,0.06060606,0.181818181,0.46428571,0.17857143,0.35714286,0.12869822,306,370,676,"13132"
"Jose Briceno","LAA","AAA",25,118,0.273809523,0.711111111,0.153846153,0.351648351,0.494505494,0.244444444,0.177777777,0.47311828,0.2688172,0.25806452,0.12723214,159,289,448,"13151"
"Luis Sardinas","BAL","AAA",25,247,0.306451612,1.884615384,0.202127659,0.521276595,0.276595744,0.076923076,0.076923076,0.45876289,0.20618557,0.33505155,0.11876485,249,593,842,"13153"
"Tyler Goeddel","CIN","AAA",25,104,0.289855072,1.478260869,0.136363636,0.515151515,0.348484848,0.217391304,0.04347826,0.50704225,0.25352113,0.23943662,0.1012987,143,242,385,"13180"
"Orlando Arcia","MIL","AAA",23,96,0.397058823,1.59090909,0.173913043,0.507246376,0.318840579,0.272727272,0.09090909,0.38028169,0.35211268,0.26760563,0.08967391,153,215,368,"13185"
"Michael Reed","ATL","AAA",25,229,0.477272727,1.085106382,0.289855072,0.369565217,0.34057971,0.127659574,0.14893617,0.36690647,0.27338129,0.35971223,0.10695742,399,564,963,"13228"
"Jacob Wilson","WSN","AAA",27,364,0.333333333,0.831858407,0.2007722,0.362934362,0.436293436,0.221238938,0.026548672,0.49236641,0.2519084,0.25572519,0.10100287,511,885,1396,"13254"
"Nolan Fontana","LAA","AAA",27,191,0.289719626,0.843137254,0.145454545,0.39090909,0.463636363,0.098039215,0.058823529,0.36036036,0.34234234,0.2972973,0.06950207,412,552,964,"13267"
"Zach Vincej","SEA","AAA",27,430,0.280757097,1.0390625,0.179245283,0.418238993,0.402515723,0.3359375,0.046875,0.45731707,0.25304878,0.28963415,0.07634069,590,995,1585,"13269"
"Jayson Werth","SEA","AAA",39,145,0.241758241,0.6,0.234042553,0.287234042,0.478723404,0.177777777,0.088888888,0.41666667,0.23958333,0.34375,0.08823529,243,403,646,"1327"
"Richie Shaffer","MIL","AAA",27,183,0.21875,0.863636363,0.154639175,0.391752577,0.453608247,0.113636363,0.136363636,0.54901961,0.25490196,0.19607843,0.15897436,291,489,780,"13271"
"Joey Rickard","BAL","AAA",27,185,0.317460317,0.777777777,0.238095238,0.333333333,0.428571428,0.222222222,0.037037037,0.4375,0.21875,0.34375,0.07077326,302,461,763,"13277"
"Darnell Sweeney","TOR","AAA",27,332,0.339080459,0.767123287,0.295081967,0.306010928,0.398907103,0.123287671,0.136986301,0.38502674,0.2459893,0.36898396,0.1541271,505,864,1369,"13284"
"Peter O'Brien","MIA","AAA",27,135,0.328125,0.758620689,0.291666666,0.305555555,0.402777777,0.103448275,0.344827586,0.54054054,0.2027027,0.25675676,0.13872832,219,300,519,"13288"
"Spencer Kieboom","WSN","AAA",27,95,0.273972602,0.9,0.229729729,0.364864864,0.405405405,0.166666666,0.033333333,0.41891892,0.25675676,0.32432432,0.07162534,146,217,363,"13300"
"Ildemaro Vargas","ARI","AAA",26,572,0.328542094,1.830882352,0.20781893,0.512345679,0.27983539,0.19117647,0.051470588,0.48785425,0.21255061,0.29959514,0.04981203,752,1376,2128,"13324"
"Deven Marrero","ARI","AAA",27,76,0.304347826,1.25,0.2,0.444444444,0.355555555,0.3125,0.0625,0.40816327,0.26530612,0.32653061,0.11784512,107,190,297,"13325"
"Wynton Bernard","CHC","AAA",27,156,0.254385964,3.238095238,0.21238938,0.601769911,0.185840707,0.333333333,0.047619047,0.56140351,0.18421053,0.25438596,0.11480865,183,418,601,"13408"
"Andrew Toles","LAD","AAA",26,275,0.367346938,1.587301587,0.189054726,0.497512437,0.313432835,0.063492063,0.111111111,0.38118812,0.22772277,0.39108911,0.11838006,315,648,963,"13414"
"Christian Walker","ARI","AAA",27,359,0.351111111,0.609523809,0.298755186,0.265560165,0.435684647,0.161904761,0.171428571,0.38683128,0.31687243,0.2962963,0.14745509,492,844,1336,"13419"
"Tony Renda","BOS","AAA",27,184,0.34057971,0.943396226,0.248175182,0.364963503,0.386861313,0.226415094,0.037735849,0.37142857,0.20714286,0.42142857,0.07485876,263,445,708,"13443"
"Cameron Perkins","SEA","AAA",27,397,0.288194444,1.099099099,0.212837837,0.412162162,0.375,0.216216216,0.09009009,0.48160535,0.24749164,0.27090301,0.09610028,504,932,1436,"13444"
"Christian Lopes","TEX","AAA",25,508,0.287356321,0.965753424,0.186968838,0.399433427,0.413597733,0.171232876,0.08219178,0.41828255,0.29085873,0.29085873,0.07017544,790,1148,1938,"13472"
"Dwight Smith Jr.","TOR","AAA",25,361,0.301960784,1.813333333,0.185328185,0.525096525,0.289575289,0.2,0.08,0.41762452,0.2183908,0.36398467,0.08888889,549,846,1395,"13473"
"Oscar Hernandez","BOS","AAA",24,171,0.263157894,0.642857142,0.178571428,0.321428571,0.5,0.375,0.017857142,0.56034483,0.18965517,0.25,0.07898659,235,436,671,"13490"
"Tom Murphy","COL","AAA",27,264,0.305555555,0.546511627,0.147435897,0.301282051,0.551282051,0.186046511,0.197674418,0.56521739,0.22981366,0.20496894,0.1500466,416,657,1073,"13499"
"Roman Quinn","PHI","AAA",25,107,0.35064935,3.058823529,0.126582278,0.658227848,0.215189873,0.117647058,0.117647058,0.4125,0.2,0.3875,0.10352941,156,269,425,"13546"
"Humberto Arteaga","KCR","AAA",24,445,0.336257309,1.353448275,0.208695652,0.455072463,0.336231884,0.172413793,0.051724137,0.42735043,0.24501425,0.32763533,0.09500308,507,1114,1621,"13595"
"Patrick Wisdom","STL","AAA",26,421,0.370967741,0.729729729,0.261538461,0.311538461,0.426923076,0.243243243,0.135135135,0.4486692,0.28897338,0.26235741,0.14251208,653,1003,1656,"13602"
"Carson Kelly","STL","AAA",23,349,0.298755186,1.123595505,0.228571428,0.408163265,0.363265306,0.191011235,0.078651685,0.4497992,0.26907631,0.2811245,0.06785714,587,813,1400,"13620"
"Preston Tucker","ATL","AAA",27,71,0.274193548,1.25,0.262295081,0.409836065,0.327868852,0.45,0,0.4516129,0.19354839,0.35483871,0.08759124,93,181,274,"13633"
"Terrance Gore","KCR","AAA",27,205,0.267716535,2.393939393,0.096774193,0.637096774,0.266129032,0.212121212,0,0.42748092,0.29007634,0.28244275,0.08877285,282,484,766,"13658"
"Jack Lopez","KCR","AAA",25,424,0.319298245,1.46875,0.18275862,0.486206896,0.331034482,0.229166666,0.083333333,0.40802676,0.23745819,0.35451505,0.13677419,418,1132,1550,"13663"
"Tyrone Taylor","MIL","AAA",24,481,0.292134831,0.719780219,0.149456521,0.35597826,0.494565217,0.175824175,0.109890109,0.49206349,0.24074074,0.26719577,0.07793633,634,1188,1822,"13675"
"Christopher Bostick","MIA","AAA",25,398,0.37090909,1.08080808,0.248175182,0.390510948,0.361313868,0.09090909,0.04040404,0.44128114,0.2633452,0.29537367,0.0978399,565,1009,1574,"13718"
"Jacob Stallings","PIT","AAA",28,278,0.343137254,1.09589041,0.246305418,0.394088669,0.359605911,0.191780821,0.04109589,0.39903846,0.30288462,0.29807692,0.1036961,340,634,974,"13723"
"David Dahl","COL","AAA",24,78,0.357142857,1.19047619,0.178571428,0.446428571,0.375,0.19047619,0.095238095,0.34482759,0.37931034,0.27586207,0.16602317,74,185,259,"13744"
"Elier Hernandez","KCR","AAA",23,147,0.382978723,0.825,0.206521739,0.358695652,0.434782608,0.225,0,0.45263158,0.21052632,0.33684211,0.10406504,216,399,615,"13750"
"Travis Jankowski","SDP","AAA",27,94,0.48275862,3.3,0.245614035,0.578947368,0.175438596,0,0.1,0.28333333,0.31666667,0.4,0.08571429,158,227,385,"13768"
"Adalberto Mondesi","KCR","AAA",22,133,0.290697674,0.772727272,0.133333333,0.377777777,0.488888888,0.204545454,0.113636363,0.4893617,0.28723404,0.22340426,0.17324561,151,305,456,"13769"
"Rob Refsnyder","TBR","AAA",27,208,0.355555555,1.348837209,0.268115942,0.420289855,0.311594202,0.302325581,0.093023255,0.41726619,0.23741007,0.34532374,0.0952381,311,508,819,"13770"
"Matt Reynolds","WSN","AAA",27,355,0.336206896,1.114942528,0.206896551,0.418103448,0.375,0.137931034,0.045977011,0.49152542,0.24576271,0.26271186,0.07934337,595,867,1462,"13788"
"Eric Stamets","CLE","AAA",26,269,0.252941176,0.593406593,0.171428571,0.308571428,0.52,0.417582417,0.054945054,0.56043956,0.24725275,0.19230769,0.09779482,339,704,1043,"13795"
"Micah Johnson","TBR","AAA",27,254,0.267973856,2.052631578,0.251612903,0.503225806,0.24516129,0.210526315,0.131578947,0.3803681,0.26380368,0.35582822,0.17853457,303,666,969,"13809"
"Ian Parmley","TOR","AAA",28,124,0.352272727,1.73076923,0.183908045,0.517241379,0.298850574,0.423076923,0,0.34090909,0.19318182,0.46590909,0.15632184,128,307,435,"13821"
"Anthony Bemboom","COL","AAA",28,249,0.276729559,1.096774193,0.202453987,0.417177914,0.380368098,0.225806451,0.080645161,0.40606061,0.32121212,0.27272727,0.09801877,380,579,959,"13854"
"Devon Travis","TOR","AAA",27,64,0.222222222,1.05,0.254545454,0.381818181,0.363636363,0.1,0.05,0.42857143,0.19642857,0.375,0.03571429,90,162,252,"13862"
"Bruce Maxwell","OAK","AAA",27,200,0.324786324,2.074074074,0.296610169,0.474576271,0.228813559,0.074074074,0.037037037,0.28813559,0.33050847,0.38135593,0.11097257,299,503,802,"13866"
"Alex D. Mejia","STL","AAA",27,349,0.313432835,1.525,0.237735849,0.460377358,0.301886792,0.1125,0.05,0.37132353,0.20955882,0.41911765,0.09186992,394,836,1230,"13877"
"Mike Miller","BOS","AAA",28,361,0.324626865,1.189473684,0.229629629,0.418518518,0.351851851,0.2,0.042105263,0.40727273,0.24363636,0.34909091,0.06129985,524,830,1354,"13891"
"Trevor Brown","SFG","AAA",26,145,0.298076923,1.714285714,0.25490196,0.470588235,0.274509803,0.214285714,0,0.40384615,0.30769231,0.28846154,0.07142857,214,318,532,"13895"
"Seth Mejias-Brean","SEA","AAA",27,400,0.304659498,1.731707317,0.208480565,0.501766784,0.28975265,0.231707317,0.097560975,0.40069686,0.22299652,0.37630662,0.08291771,639,965,1604,"13905"
"Sherman Johnson","LAA","AAA",27,171,0.373737373,0.760869565,0.205882352,0.343137254,0.450980392,0.086956521,0.086956521,0.46666667,0.31428571,0.21904762,0.09090909,283,443,726,"13906"
"Patrick Kivlehan","CIN","AAA",28,437,0.35125448,1.045454545,0.237288135,0.389830508,0.372881355,0.227272727,0.181818181,0.48666667,0.24333333,0.27,0.13151515,604,1046,1650,"13910"
"Rio Ruiz","ATL","AAA",24,541,0.310945273,1.381679389,0.227722772,0.448019801,0.324257425,0.13740458,0.06870229,0.40389294,0.2676399,0.32846715,0.11359026,735,1237,1972,"14103"
"Eric Haase","CLE","AAA",25,477,0.29602888,0.692307692,0.162629757,0.342560553,0.494809688,0.216783216,0.139860139,0.48160535,0.28762542,0.23076923,0.16994819,677,1253,1930,"14111"
"Ramon Torres","KCR","AAA",25,405,0.260586319,1.228813559,0.140522875,0.473856209,0.385620915,0.254237288,0.050847457,0.48264984,0.19873817,0.31861199,0.07039474,503,1017,1520,"14113"
"Daniel Vogelbach","SEA","AAA",25,378,0.298642533,0.893203883,0.180672268,0.386554621,0.432773109,0.194174757,0.194174757,0.41908714,0.20746888,0.37344398,0.05059524,755,925,1680,"14130"
"Tim Lopes","TOR","AAA",24,385,0.322147651,1.39,0.189830508,0.47118644,0.33898305,0.11,0.02,0.39933993,0.25412541,0.34653465,0.07950651,530,929,1459,"14137"
"Jose Rondon","CHW","AAA",24,336,0.277777777,1.26506024,0.189655172,0.452586206,0.35775862,0.240963855,0.216867469,0.45957447,0.21702128,0.32340426,0.11331862,451,908,1359,"14140"
"Mac Williamson","SFG","AAA",27,215,0.283464566,1.468085106,0.165467625,0.496402877,0.338129496,0.276595744,0.276595744,0.40714286,0.20714286,0.38571429,0.15320665,313,529,842,"14158"
"Byron Buxton","MIN","AAA",24,148,0.366666666,0.923076923,0.202127659,0.382978723,0.414893617,0.205128205,0.102564102,0.59574468,0.23404255,0.17021277,0.14834206,199,374,573,"14161"
"Andrew Velazquez","TBR","AAA",23,461,0.337979094,1.391752577,0.216216216,0.456081081,0.327702702,0.134020618,0.12371134,0.36666667,0.31666667,0.31666667,0.14690265,587,1108,1695,"14196"
"Alfredo Gonzalez","CHW","AAA",25,126,0.287671232,3,0.222222222,0.583333333,0.194444444,0.142857142,0,0.53424658,0.21917808,0.24657534,0.14949495,178,317,495,"14267"
"Jason Coats","TBR","AAA",28,426,0.285223367,1.333333333,0.211920529,0.450331125,0.337748344,0.245098039,0.147058823,0.49511401,0.247557,0.25732899,0.12203166,496,1020,1516,"14282"
"Anthony Alford","TOR","AAA",23,417,0.326923076,1.388235294,0.213178294,0.457364341,0.329457364,0.247058823,0.058823529,0.44194757,0.22846442,0.32958801,0.1235474,562,1073,1635,"14329"
"Dilson Herrera","CIN","AAA",24,208,0.372093023,0.610169491,0.285714285,0.270676691,0.443609022,0.305084745,0.118644067,0.47101449,0.24637681,0.2826087,0.12814371,310,525,835,"14335"
"Raimel Tapia","COL","AAA",24,473,0.3539823,1.634615384,0.210374639,0.489913544,0.299711815,0.115384615,0.10576923,0.43304843,0.25071225,0.31623932,0.11405985,610,1161,1771,"14350"
"Joey Meneses","PHI","AAA",26,536,0.358126721,1.368,0.223097112,0.448818897,0.328083989,0.104,0.184,0.41709845,0.24093264,0.34196891,0.12670369,689,1292,1981,"14366"
"Joe Hudson","LAA","AAA",27,161,0.352380952,1.485714285,0.186915887,0.485981308,0.327102803,0.2,0.085714285,0.51818182,0.26363636,0.21818182,0.08038585,242,380,622,"14412"
"Scott Heineman","TEX","AAA",25,469,0.352941176,1.262711864,0.188449848,0.452887537,0.358662613,0.313559322,0.093220338,0.36716418,0.30447761,0.32835821,0.09464575,678,1171,1849,"14453"
"Jake Cave","MIN","AAA",25,250,0.327044025,1.777777777,0.228395061,0.49382716,0.277777777,0.133333333,0.133333333,0.44578313,0.23493976,0.31927711,0.11216931,361,584,945,"14477"
"Renato Nunez","BAL","AAA",24,258,0.368421052,1,0.238636363,0.380681818,0.380681818,0.328358208,0.074626865,0.57627119,0.23728814,0.18644068,0.12487992,373,668,1041,"14503"
"Luis Marte","ATL","AAA",24,195,0.31372549,1.137931034,0.184210526,0.434210526,0.381578947,0.310344827,0.034482758,0.48076923,0.15384615,0.36538462,0.13256484,170,524,694,"14515"
"Pedro Severino","WSN","AAA",24,136,0.284313725,0.866666666,0.192307692,0.375,0.432692307,0.355555555,0.133333333,0.52777778,0.24074074,0.23148148,0.0995935,185,307,492,"14523"
"Gabriel Guerrero","CIN","AAA",24,432,0.342372881,1.310679611,0.222222222,0.44117647,0.336601307,0.145631067,0.165048543,0.47115385,0.28205128,0.24679487,0.19038583,491,1090,1581,"14528"
"Jesmuel Valentin","PHI","AAA",24,154,0.284313725,0.952380952,0.203883495,0.388349514,0.40776699,0.142857142,0.047619047,0.44761905,0.26666667,0.28571429,0.05882353,253,376,629,"14548"
"Wyatt Mathisen","PIT","AAA",24,282,0.284916201,0.7125,0.259459459,0.308108108,0.432432432,0.1875,0.1125,0.50526316,0.28947368,0.20526316,0.09519573,427,697,1124,"14555"
"Max Moroff","PIT","AAA",25,297,0.270114942,0.712643678,0.17679558,0.342541436,0.480662983,0.252873563,0.091954022,0.54545455,0.18716578,0.26737968,0.09750201,512,729,1241,"14556"
"Franmil Reyes","SDP","AAA",22,250,0.382352941,1.36,0.218543046,0.450331125,0.331125827,0.22,0.32,0.40789474,0.27631579,0.31578947,0.12332991,408,565,973,"14566"
"David Bote","CHC","AAA",25,263,0.3125,1.166666666,0.168604651,0.447674418,0.38372093,0.181818181,0.196969696,0.38728324,0.2716763,0.34104046,0.12244898,406,672,1078,"14593"
"Tzu-Wei Lin","BOS","AAA",24,302,0.384615384,0.948717948,0.272727272,0.354066985,0.373205741,0.141025641,0.064102564,0.41784038,0.2629108,0.31924883,0.0719603,427,782,1209,"14678"
"Harold Castro","DET","AAA",24,251,0.30927835,1.684210526,0.215384615,0.492307692,0.292307692,0.087719298,0.035087719,0.39393939,0.23737374,0.36868687,0.09070796,267,637,904,"14691"
"Dawel Lugo","DET","AAA",23,523,0.302483069,1.883333333,0.208237986,0.517162471,0.274599542,0.291666666,0.025,0.46188341,0.21076233,0.32735426,0.11261792,452,1244,1696,"14713"
"Brett Phillips","MIL","AAA",24,299,0.345679012,0.753246753,0.171779141,0.35582822,0.472392638,0.168831168,0.077922077,0.41071429,0.26785714,0.32142857,0.16131558,491,786,1277,"14735"
"Phillip Ervin","CIN","AAA",25,202,0.34090909,0.894736842,0.2,0.377777777,0.422222222,0.157894736,0.087719298,0.39130435,0.23188406,0.37681159,0.10526316,290,489,779,"14738"
"Yu Chang","CLE","AAA",22,518,0.340983606,0.733812949,0.234920634,0.323809523,0.441269841,0.201438848,0.093525179,0.46105919,0.24299065,0.29595016,0.11132165,802,1309,2111,"14773"
"Luke Voit","NYY","AAA",27,303,0.348484848,1.108108108,0.246376811,0.396135265,0.357487922,0.121621621,0.135135135,0.40865385,0.30288462,0.28846154,0.11319073,456,666,1122,"14811"
"Kyle Farmer","LAD","AAA",27,312,0.324786324,0.779816513,0.191666666,0.354166666,0.454166666,0.211009174,0.064220183,0.52282158,0.24896266,0.22821577,0.09591326,388,811,1199,"14813"
"Mike Yastrzemski","BAL","AAA",27,374,0.319502074,0.774509803,0.267206477,0.319838056,0.412955465,0.176470588,0.088235294,0.44223108,0.24302789,0.31474104,0.08262295,578,947,1525,"14854"
"Jacob May","CHW","AAA",26,342,0.325,1.776119402,0.218487394,0.5,0.281512605,0.179104477,0.029850746,0.39676113,0.28340081,0.31983806,0.12945265,400,751,1151,"14876"
"Pat Valaika","COL","AAA",25,147,0.215686274,0.516666666,0.165137614,0.284403669,0.550458715,0.35,0.133333333,0.48181818,0.27272727,0.24545455,0.13182674,171,360,531,"14885"
"Tony Kemp","HOU","AAA",26,183,0.367346938,2.714285714,0.287671232,0.520547945,0.191780821,0.142857142,0,0.43537415,0.21768707,0.34693878,0.05029586,264,412,676,"14894"
"Daniel Palka","CHW","AAA",26,73,0.384615384,0.947368421,0.119047619,0.428571428,0.452380952,0.263157894,0.157894736,0.45238095,0.21428571,0.33333333,0.14685315,119,167,286,"14897"
"Jaycob Brugman","BAL","AAA",26,243,0.316129032,1.283018867,0.234177215,0.430379746,0.335443037,0.283018867,0.094339622,0.51552795,0.16770186,0.31677019,0.1218986,322,605,927,"14936"
"Jack Reinheimer","ARI","AAA",25,279,0.305263157,1.05479452,0.21875,0.401041666,0.380208333,0.219178082,0.06849315,0.44102564,0.27692308,0.28205128,0.07936508,436,698,1134,"14938"
"Victor Caratini","CHC","AAA",24,137,0.363636363,1.791666666,0.27173913,0.467391304,0.260869565,0.083333333,0.166666666,0.45652174,0.29347826,0.25,0.08127208,234,332,566,"14968"
"Zach Green","PHI","AAA",24,138,0.378378378,0.487804878,0.197368421,0.263157894,0.539473684,0.097560975,0.073170731,0.42857143,0.25974026,0.31168831,0.18705036,199,357,556,"14973"
"Johnny Field","TBR","AAA",26,100,0.314285714,1.178571428,0.14084507,0.464788732,0.394366197,0.178571428,0.035714285,0.57746479,0.26760563,0.15492958,0.09852217,151,255,406,"15048"
"Boog Powell","OAK","AAA",25,174,0.297297297,1.657142857,0.154545454,0.527272727,0.318181818,0.285714285,0,0.41964286,0.19642857,0.38392857,0.06125166,295,456,751,"15103"
"Jonathan Davis","TOR","AAA",26,202,0.294964028,1.346938775,0.195804195,0.461538461,0.342657342,0.102040816,0.102040816,0.45517241,0.24137931,0.30344828,0.08459596,299,493,792,"15104"
"Ryan McMahon","COL","AAA",23,242,0.352941176,1.116666666,0.216049382,0.413580246,0.37037037,0.033333333,0.183333333,0.39634146,0.32926829,0.27439024,0.12337662,325,599,924,"15112"
"Dylan Cozens","PHI","AAA",24,348,0.333333333,0.54117647,0.238372093,0.26744186,0.494186046,0.117647058,0.247058823,0.46327684,0.26553672,0.27118644,0.16504854,592,850,1442,"15115"
"Hunter Dozier","KCR","AAA",26,143,0.391891891,0.78125,0.229729729,0.337837837,0.432432432,0.09375,0.03125,0.38666667,0.33333333,0.28,0.11774194,260,360,620,"15117"
"Jordan Patterson","COL","AAA",26,480,0.328244274,0.776859504,0.234875444,0.334519572,0.430604982,0.165289256,0.214876033,0.41666667,0.26388889,0.31944444,0.16529379,691,1130,1821,"15119"
"Tim Locastro","LAD","AAA",25,356,0.326530612,1.09574468,0.189300411,0.423868312,0.386831275,0.234042553,0.042553191,0.4940239,0.2310757,0.2749004,0.07044299,478,899,1377,"15124"
"Ian Miller","SEA","AAA",26,478,0.322388059,1.857142857,0.207317073,0.515243902,0.277439024,0.12087912,0.021978021,0.34017595,0.26686217,0.39296188,0.10234077,678,1159,1837,"15156"
"Josh VanMeter","CIN","AAA",23,362,0.292,0.807017543,0.201550387,0.356589147,0.441860465,0.166666666,0.096491228,0.44444444,0.27969349,0.27586207,0.09527221,480,916,1396,"15170"
"Ryan Cordell","CHW","AAA",26,193,0.293233082,0.927272727,0.190839694,0.389312977,0.419847328,0.218181818,0.054545454,0.42647059,0.21323529,0.36029412,0.12532982,255,503,758,"15181"
"Dustin Peterson","ATL","AAA",23,442,0.326666666,1.271028037,0.208469055,0.442996742,0.348534201,0.214953271,0.102803738,0.44871795,0.20192308,0.34935897,0.1212828,585,1130,1715,"15189"
"Jake Bauers","TBR","AAA",22,222,0.344827586,1.16981132,0.212328767,0.424657534,0.363013698,0.320754716,0.094339622,0.50331126,0.18543046,0.31125828,0.09518214,339,512,851,"15194"
"Carlos Asuaje","SDP","AAA",26,199,0.358108108,1.016949152,0.195945945,0.405405405,0.398648648,0.186440677,0.033898305,0.42105263,0.27631579,0.30263158,0.07053942,283,440,723,"15197"
"Stuart Turner","CIN","AAA",26,83,0.3125,1.571428571,0.217391304,0.478260869,0.304347826,0.214285714,0,0.5625,0.25,0.1875,0.13333333,133,212,345,"15207"
"Brandon Dixon","CIN","AAA",26,193,0.466666666,0.73076923,0.274193548,0.306451612,0.419354838,0.192307692,0.115384615,0.42063492,0.31746032,0.26190476,0.14498645,262,476,738,"15214"
"Adam Frazier","PIT","AAA",26,137,0.262135922,1.517241379,0.27,0.44,0.29,0.068965517,0,0.36538462,0.22115385,0.41346154,0.05816135,199,334,533,"15223"
"Austin Wynns","BAL","AAA",27,153,0.282828282,1.785714285,0.227722772,0.495049504,0.277227722,0.142857142,0.142857142,0.50485437,0.22330097,0.27184466,0.11001642,214,395,609,"15271"
"Mike Tauchman","COL","AAA",27,471,0.344827586,1.222222222,0.212121212,0.433333333,0.354545454,0.128205128,0.17094017,0.3480826,0.27138643,0.38053097,0.08807247,813,1174,1987,"15274"
"Zack Granite","MIN","AAA",25,263,0.238095238,1.565217391,0.136585365,0.526829268,0.336585365,0.318840579,0,0.37264151,0.24528302,0.38207547,0.039,385,615,1000,"15343"
"Frank Schwindel","KCR","AAA",26,556,0.29047619,0.994594594,0.151724137,0.422988505,0.425287356,0.27027027,0.129729729,0.496614,0.1986456,0.30474041,0.10477658,649,1298,1947,"15351"
"Jeff McNeil","NYM","AAA",26,143,0.394230769,1.485714285,0.179245283,0.490566037,0.330188679,0.142857142,0.142857142,0.44036697,0.24770642,0.31192661,0.09461967,203,336,539,"15362"
"Jack Mayfield","HOU","AAA",27,479,0.304216867,0.759740259,0.219020172,0.337175792,0.443804034,0.201298701,0.103896103,0.4756447,0.29226361,0.23209169,0.10482986,643,1179,1822,"15402"
"Nate Orf","MIL","AAA",28,478,0.344512195,0.82165605,0.135951661,0.389728096,0.474320241,0.146496815,0.03821656,0.45103858,0.26706231,0.28189911,0.06480041,751,1178,1929,"15407"
"Daniel Castro","COL","AAA",25,270,0.325991189,1.307692307,0.2,0.453333333,0.346666666,0.294871794,0.038461538,0.4978355,0.23809524,0.26406926,0.07419018,300,657,957,"15450"
"Justin Williams","STL","AAA",22,462,0.302839116,1.76344086,0.204334365,0.507739938,0.287925696,0.086021505,0.118279569,0.45317221,0.27794562,0.26888218,0.11104718,635,1103,1738,"15490"
"J.P. Crawford","PHI","AAA",23,68,0.35,1.066666666,0.243902439,0.390243902,0.365853658,0.4,0.066666666,0.65116279,0.13953488,0.20930233,0.08303249,106,171,277,"15491"
"Abiatal Avelino","NYY","AAA",23,303,0.302752293,1.875,0.171171171,0.54054054,0.288288288,0.359375,0.078125,0.42666667,0.20888889,0.36444444,0.11162791,359,716,1075,"15496"
"Franklin Barreto","OAK","AAA",22,333,0.337423312,0.74074074,0.216666666,0.333333333,0.45,0.160493827,0.222222222,0.50549451,0.26923077,0.22527473,0.14744526,512,858,1370,"15519"
"Tyler White","HOU","AAA",27,313,0.344660194,0.656862745,0.221198156,0.30875576,0.470046082,0.176470588,0.137254901,0.3800905,0.31221719,0.30769231,0.06853353,595,762,1357,"15564"
"Mike Ford","NYY","AAA",25,410,0.274647887,1.151260504,0.140939597,0.459731543,0.399328859,0.201680672,0.12605042,0.41471572,0.24749164,0.33779264,0.07929227,606,920,1526,"15585"
"Willians Astudillo","MIN","AAA",26,307,0.254752851,0.85,0.186813186,0.373626373,0.439560439,0.325,0.1,0.51449275,0.20652174,0.27898551,0.06019007,304,643,947,"15608"
"Jacob Hannemann","CHC","AAA",27,412,0.287719298,1.278846153,0.179930795,0.460207612,0.359861591,0.221153846,0.057692307,0.4527027,0.22635135,0.32094595,0.13040671,528,1021,1549,"15644"
"Dominic Smith","NYM","AAA",23,375,0.315175097,1.077777777,0.266666666,0.380392156,0.352941176,0.166666666,0.066666666,0.39393939,0.29545455,0.31060606,0.10529846,550,941,1491,"15653"
"Billy McKinney","TOR","AAA",23,306,0.239361702,0.618556701,0.222772277,0.297029702,0.480198019,0.18556701,0.164948453,0.43627451,0.24019608,0.32352941,0.13254036,423,754,1177,"15654"
"Austin Meadows","PIT","AAA",23,285,0.313084112,0.74,0.223214285,0.330357142,0.446428571,0.27,0.12,0.37719298,0.26754386,0.35526316,0.07527881,400,676,1076,"15672"
"Reese McGuire","TOR","AAA",23,369,0.280991735,1.3875,0.217213114,0.454918032,0.327868852,0.25,0.0875,0.38735178,0.20948617,0.40316206,0.09009009,467,865,1332,"15674"
"Rowdy Tellez","TOR","AAA",23,444,0.298076923,1.031496062,0.198757763,0.406832298,0.394409937,0.22047244,0.102362204,0.36503067,0.28834356,0.34662577,0.09169231,615,1010,1625,"15679"
"Chance Sisco","BAL","AAA",23,151,0.307692307,0.97368421,0.193548387,0.397849462,0.40860215,0.105263157,0.078947368,0.41489362,0.26595745,0.31914894,0.13846154,234,351,585,"15694"
"Tyler O'Neill","STL","AAA",23,273,0.324324324,0.604938271,0.239766081,0.286549707,0.47368421,0.098765432,0.320987654,0.49425287,0.27586207,0.22988506,0.1567718,416,662,1078,"15711"
"Tyler Wade","NYY","AAA",23,408,0.317857142,1.454545454,0.135231316,0.512455516,0.352313167,0.242424242,0.04040404,0.48951049,0.2027972,0.30769231,0.08698297,627,1017,1644,"15730"
"Raudy Read","WSN","AAA",24,52,0.302325581,1.117647058,0.142857142,0.452380952,0.404761904,0.352941176,0,0.44186047,0.30232558,0.25581395,0.08938547,54,125,179,"15766"
"Jose Marmolejos","WSN","AAA",25,539,0.312977099,1.218309859,0.194373401,0.442455242,0.363171355,0.211267605,0.056338028,0.39303483,0.26119403,0.34577114,0.08906099,749,1317,2066,"15767"
"Rafael Bautista","WSN","AAA",25,91,0.5,1.823529411,0.186440677,0.525423728,0.288135593,0.470588235,0.058823529,0.28125,0.265625,0.453125,0.0945122,105,223,328,"15769"
"Austin Nola","MIA","AAA",28,262,0.333333333,1.303030303,0.164835164,0.472527472,0.362637362,0.303030303,0.03030303,0.48387097,0.29032258,0.22580645,0.07590133,414,640,1054,"15941"
"Ryder Jones","SFG","AAA",24,482,0.335365853,0.963768115,0.19345238,0.395833333,0.410714285,0.152173913,0.079710144,0.43362832,0.25368732,0.31268437,0.12760131,638,1188,1826,"15982"
"Clint Frazier","NYY","AAA",23,216,0.379844961,1.057692307,0.224637681,0.398550724,0.376811594,0.096153846,0.192307692,0.38129496,0.36690647,0.25179856,0.11845387,317,485,802,"15983"
"Willy Adames","TBR","AAA",22,278,0.366666666,1.042857142,0.222826086,0.39673913,0.380434782,0.142857142,0.057142857,0.42934783,0.25,0.32065217,0.12688554,442,685,1127,"15986"
"Kean Wong","TBR","AAA",23,502,0.354354354,1.75,0.24925816,0.477744807,0.272997032,0.086956521,0.097826086,0.39306358,0.23410405,0.37283237,0.10531595,753,1241,1994,"15994"
"Stevie Wilkerson","BAL","AAA",26,86,0.275862068,0.814814814,0.209677419,0.354838709,0.43548387,0.148148148,0.148148148,0.5,0.234375,0.265625,0.09235669,104,210,314,"16041"
"Mark Payton","NYY","AAA",26,237,0.3125,1.31372549,0.197278911,0.455782312,0.346938775,0.196078431,0.117647058,0.49673203,0.24836601,0.25490196,0.08110993,368,569,937,"16042"
"Mike Gerber","DET","AAA",25,316,0.279069767,0.771084337,0.196721311,0.349726775,0.453551912,0.192771084,0.156626506,0.49462366,0.22043011,0.28494624,0.16280992,412,798,1210,"16115"
"Austin Slater","SFG","AAA",25,223,0.405228758,1.471698113,0.16025641,0.5,0.339743589,0.113207547,0.094339622,0.3081761,0.28930818,0.40251572,0.08786127,341,524,865,"16153"
"Derek Fisher","HOU","AAA",24,281,0.347222222,1.489795918,0.202614379,0.477124183,0.320261437,0.163265306,0.204081632,0.47402597,0.24675325,0.27922078,0.11426117,482,682,1164,"16192"
"Kevin Cron","ARI","AAA",25,438,0.358695652,0.624113475,0.226351351,0.297297297,0.476351351,0.226950354,0.156028368,0.37123746,0.31103679,0.31772575,0.16111772,608,1074,1682,"16211"
"J.D. Davis","HOU","AAA",25,377,0.384920634,1.227272727,0.263157894,0.406015037,0.330827067,0.102272727,0.193181818,0.47211896,0.30111524,0.2267658,0.12596763,549,872,1421,"16219"
"AJ Reed","HOU","AAA",25,540,0.284810126,0.604938271,0.226190476,0.291666666,0.482142857,0.172839506,0.172839506,0.41860465,0.26744186,0.31395349,0.11634103,902,1350,2252,"16246"
"Sam Travis","BOS","AAA",24,398,0.317164179,1.890410958,0.209737827,0.516853932,0.273408239,0.164383561,0.109589041,0.44404332,0.23826715,0.31768953,0.10335917,546,1002,1548,"16263"
"Michael Hermosillo","LAA","AAA",23,323,0.340782122,0.766233766,0.268817204,0.317204301,0.413978494,0.207792207,0.155844155,0.41538462,0.29230769,0.29230769,0.13176471,504,771,1275,"16285"
"Nick Ciuffo","TBR","AAA",23,236,0.339743589,1.44,0.232704402,0.452830188,0.314465408,0.14,0.1,0.41614907,0.29813665,0.28571429,0.12228571,294,581,875,"16291"
"Yairo Munoz","STL","AAA",23,100,0.328767123,1,0.205479452,0.397260273,0.397260273,0.172413793,0.103448275,0.44736842,0.35526316,0.19736842,0.1547619,98,238,336,"16313"
"Nick Gordon","MIN","AAA",22,410,0.264214046,1.254716981,0.195286195,0.447811447,0.356902356,0.094339622,0.018867924,0.47194719,0.25412541,0.27392739,0.10928962,461,1003,1464,"16337"
"Pablo Reyes","PIT","AAA",24,398,0.338078291,0.933884297,0.184668989,0.393728222,0.421602787,0.231404958,0.066115702,0.41355932,0.26779661,0.31864407,0.09836066,550,975,1525,"16357"
"Oscar Mercado","STL","AAA",23,546,0.323155216,1.125874125,0.228426395,0.408629441,0.362944162,0.258741258,0.055944055,0.46039604,0.26980198,0.26980198,0.08855186,812,1232,2044,"16375"
"Francisco Mejia","SDP","AAA",22,468,0.331343283,1.115384615,0.209770114,0.416666666,0.373563218,0.215384615,0.107692307,0.46458924,0.19546742,0.33994334,0.11856964,469,1125,1594,"16403"
"Richard Urena","TOR","AAA",22,268,0.246231155,1.089743589,0.193069306,0.420792079,0.386138613,0.256410256,0.064102564,0.42995169,0.23188406,0.33816425,0.11995516,267,625,892,"16411"
"Jordan Luplow","PIT","AAA",24,357,0.336065573,0.754545454,0.221774193,0.334677419,0.443548387,0.245454545,0.072727272,0.51587302,0.24206349,0.24206349,0.09837178,595,879,1474,"16424"
"Jason Martin","PIT","AAA",22,234,0.261146496,0.94117647,0.164556962,0.405063291,0.430379746,0.338235294,0.058823529,0.43030303,0.23636364,0.33333333,0.10792952,317,591,908,"16429"
"Christian Arroyo","TBR","AAA",23,182,0.279411764,3.565217391,0.21641791,0.611940298,0.171641791,0.130434782,0.086956521,0.51449275,0.2173913,0.26811594,0.10264386,217,426,643,"16434"
"Ryan O'Hearn","KCR","AAA",24,406,0.286290322,0.965811965,0.111969111,0.436293436,0.451737451,0.145299145,0.094017094,0.36882129,0.27376426,0.35741445,0.11736237,642,1011,1653,"16442"
"Jacob Nottingham","MIL","AAA",23,196,0.366972477,0.6,0.12605042,0.327731092,0.546218487,0.169230769,0.153846153,0.43697479,0.28571429,0.27731092,0.13012048,296,534,830,"16448"
"Luis Guillorme","NYM","AAA",23,281,0.349514563,2.319148936,0.231527093,0.536945812,0.231527093,0.127659574,0.063829787,0.34123223,0.2464455,0.41232227,0.0505667,443,704,1147,"16451"
"Ryan McBroom","NYY","AAA",26,393,0.383064516,1.21590909,0.232283464,0.421259842,0.346456692,0.159090909,0.125,0.45559846,0.22779923,0.31660232,0.13818425,493,1005,1498,"16524"
"Mauricio Dubon","MIL","AAA",23,114,0.379310344,1.055555555,0.159090909,0.431818181,0.409090909,0.194444444,0.111111111,0.41304348,0.26086957,0.32608696,0.07106599,123,271,394,"16530"
"Danny Jansen","TOR","AAA",23,360,0.291666666,0.807692307,0.241935483,0.338709677,0.419354838,0.298076923,0.115384615,0.53543307,0.23622047,0.22834646,0.04393305,612,822,1434,"16535"
"Mark Zagunis","CHC","AAA",25,453,0.353383458,1.945945945,0.195571955,0.531365313,0.27306273,0.081081081,0.094594594,0.32971014,0.2826087,0.38768116,0.05311542,839,1119,1958,"16565"
"Connor Joe","LAD","AAA",25,188,0.328,1.152173913,0.232558139,0.410852713,0.356589147,0.217391304,0.130434782,0.42424242,0.3030303,0.27272727,0.06217617,308,464,772,"16572"
"Yandy Diaz","CLE","AAA",26,426,0.36,1.855263157,0.199261992,0.520295202,0.280442804,0.131578947,0.039473684,0.26523297,0.30824373,0.4265233,0.05122235,711,1007,1718,"16578"
"Luis Urias","SDP","AAA",21,533,0.373134328,1.68,0.214076246,0.492668621,0.293255131,0.18,0.08,0.41498559,0.25072046,0.33429395,0.08714984,879,1370,2249,"16622"
"Greg Allen","CLE","AAA",25,205,0.388888888,1.428571428,0.177419354,0.483870967,0.338709677,0.309523809,0.047619047,0.50746269,0.25373134,0.23880597,0.10209102,323,490,813,"16623"
"Jason Vosler","CHC","AAA",24,252,0.346938775,0.726027397,0.197452229,0.337579617,0.464968152,0.191780821,0.150684931,0.51898734,0.25316456,0.2278481,0.13585291,333,646,979,"16686"
"Brian O'Grady","CIN","AAA",26,162,0.367346938,0.863636363,0.211538461,0.365384615,0.423076923,0.181818181,0.181818181,0.46296296,0.30555556,0.23148148,0.12954186,232,401,633,"16729"
"Braxton Lee","MIA","AAA",24,201,0.293706293,1.541666666,0.14084507,0.52112676,0.338028169,0.229166666,0,0.2739726,0.25342466,0.47260274,0.06582278,277,513,790,"16839"
"Joshua Fuentes","COL","AAA",25,586,0.376417233,1.189873417,0.232815964,0.416851441,0.350332594,0.14556962,0.088607594,0.40829694,0.26855895,0.3231441,0.11700545,645,1372,2017,"16885"
"Lane Thomas","STL","AAA",22,140,0.326086956,1.081081081,0.206185567,0.412371134,0.381443298,0.135135135,0.162162162,0.5,0.30612245,0.19387755,0.08795411,182,341,523,"16939"
"Chadwick Tromp","CIN","AAA",23,195,0.293333333,1.105263157,0.205298013,0.417218543,0.377483443,0.263157894,0.035087719,0.52631579,0.23684211,0.23684211,0.08905109,264,421,685,"16953"
"Eddy Alvarez","CHW","AAA",28,364,0.313901345,1.356164383,0.232142857,0.441964285,0.325892857,0.136986301,0.109589041,0.41772152,0.27004219,0.31223629,0.10438144,598,954,1552,"16959"
"Gleyber Torres","NYY","AAA",21,56,0.4,1,0.268292682,0.365853658,0.365853658,0,0.066666666,0.29268293,0.36585366,0.34146341,0.08810573,84,143,227,"16997"
"Gavin Cecchini","NYM","AAA",24,119,0.326086956,0.586956521,0.215053763,0.29032258,0.494623655,0.304347826,0.04347826,0.57894737,0.18947368,0.23157895,0.06263048,170,309,479,"17005"
"Rusney Castillo","BOS","AAA",30,511,0.371501272,1.547008547,0.24556962,0.458227848,0.296202531,0.162393162,0.042735042,0.40452261,0.25376884,0.34170854,0.10768368,572,1211,1783,"17016"
"Edmundo Sosa","STL","AAA",22,209,0.310344827,1.1875,0.29054054,0.385135135,0.324324324,0.166666666,0.104166666,0.48666667,0.20666667,0.30666667,0.1568088,228,499,727,"17022"
"Magneuris Sierra","MIA","AAA",22,367,0.322344322,1.810126582,0.177777777,0.529629629,0.292592592,0.151898734,0.025316455,0.39568345,0.29136691,0.31294964,0.12025316,376,888,1264,"17023"
"Alex Verdugo","LAD","AAA",22,379,0.358885017,1.688888888,0.185185185,0.511784511,0.303030303,0.122222222,0.111111111,0.42087542,0.21548822,0.36363636,0.06496986,585,908,1493,"17027"
"Grayson Greiner","DET","AAA",25,180,0.336283185,0.891304347,0.256410256,0.35042735,0.393162393,0.282608695,0.086956521,0.41880342,0.30769231,0.27350427,0.11666667,270,450,720,"17062"
"Miguel Gomez","SFG","AAA",25,236,0.311224489,1.5,0.209183673,0.474489795,0.31632653,0.209677419,0.032258064,0.48989899,0.21212121,0.2979798,0.10336538,237,595,832,"17075"
"Dustin Fowler","OAK","AAA",23,239,0.4,1.21875,0.232432432,0.421621621,0.345945945,0.21875,0.0625,0.44973545,0.24867725,0.3015873,0.09886364,292,588,880,"17098"
"Ramon Laureano","OAK","AAA",23,284,0.357575757,0.828571428,0.280898876,0.325842696,0.393258426,0.157142857,0.2,0.44134078,0.2849162,0.27374302,0.10783488,469,718,1187,"17128"
"Chad Wallach","MIA","AAA",26,174,0.3,1.533333333,0.262135922,0.446601941,0.291262135,0.1,0.1,0.54807692,0.23076923,0.22115385,0.13212796,287,432,719,"17161"
"Yasmany Tomas","ARI","AAA",27,371,0.322448979,1.139534883,0.275590551,0.385826771,0.338582677,0.104651162,0.162790697,0.38610039,0.26640927,0.34749035,0.16467958,397,945,1342,"17171"
"Jorge Mateo","OAK","AAA",23,510,0.31626506,1.016393442,0.259036144,0.373493975,0.367469879,0.303278688,0.024590163,0.37573964,0.27514793,0.34911243,0.13271605,630,1314,1944,"17273"
"Alex Jackson","ATL","AAA",22,125,0.292307692,0.341463414,0.153846153,0.215384615,0.63076923,0.243902439,0.073170731,0.49275362,0.1884058,0.31884058,0.13754647,199,339,538,"17276"
"Bobby Bradley","CLE","AAA",22,128,0.376811594,0.758620689,0.291666666,0.305555555,0.402777777,0.206896551,0.103448275,0.49315068,0.24657534,0.26027397,0.18128655,190,323,513,"17278"
"Javy Guerra","SDP","AAA",22,464,0.329365079,1.714285714,0.202290076,0.503816793,0.293893129,0.194805194,0.168831168,0.42066421,0.27675277,0.30258303,0.18088151,584,1163,1747,"17292"
"Eloy Jimenez","CHW","AAA",21,228,0.370588235,1.138461538,0.232044198,0.408839779,0.359116022,0.307692307,0.184615384,0.45604396,0.21978022,0.32417582,0.12484848,298,527,825,"17484"
"Taylor Ward","LAA","AAA",24,267,0.45,1.214285714,0.257485029,0.407185628,0.335329341,0.25,0.142857142,0.48214286,0.2202381,0.29761905,0.07192982,498,642,1140,"17548"
"Blake Trahan","CIN","AAA",24,510,0.316568047,1.327433628,0.21257485,0.449101796,0.338323353,0.21238938,0.017699115,0.37249284,0.24928367,0.3782235,0.10618067,685,1208,1893,"17588"
"Myles Straw","HOU","AAA",23,304,0.330097087,2.244897959,0.220588235,0.539215686,0.240196078,0.020408163,0,0.29326923,0.23557692,0.47115385,0.04025765,490,752,1242,"17620"
"JT Riddle","MIA","AAA",26,91,0.390625,1.842105263,0.181818181,0.53030303,0.287878787,0,0.157894736,0.49275362,0.30434783,0.20289855,0.11044776,120,215,335,"17642"
"Kevin Kramer","PIT","AAA",24,527,0.392330383,0.978723404,0.209631728,0.390934844,0.399433427,0.163120567,0.106382978,0.40730337,0.25280899,0.33988764,0.13061019,655,1328,1983,"17689"
"Kevin Newman","PIT","AAA",24,477,0.333333333,1.304,0.244094488,0.427821522,0.328083989,0.12,0.032,0.39845758,0.26735219,0.33419023,0.04734074,595,1116,1711,"17696"
"Matt Beaty","LAD","AAA",25,120,0.321428571,1.310344827,0.192771084,0.457831325,0.34939759,0.103448275,0.034482758,0.41860465,0.27906977,0.30232558,0.07159905,160,259,419,"17710"
"Christin Stewart","DET","AAA",24,522,0.295597484,0.948905109,0.214705882,0.382352941,0.402941176,0.175182481,0.167883211,0.46920821,0.26392962,0.26686217,0.10539097,776,1283,2059,"17714"
"Steven Duggar","SFG","AAA",24,356,0.392344497,0.97368421,0.29245283,0.349056603,0.358490566,0.105263157,0.052631578,0.33802817,0.29107981,0.37089202,0.098519,624,929,1553,"17719"
"Chris Shaw","SFG","AAA",24,422,0.345132743,1.010309278,0.213709677,0.39516129,0.391129032,0.154639175,0.24742268,0.452,0.26,0.288,0.19311663,521,1048,1569,"17738"
"Max Schrock","STL","AAA",23,457,0.259740259,1.137931034,0.192708333,0.4296875,0.377604166,0.213793103,0.027586206,0.43734015,0.18414322,0.37851662,0.04274611,528,1016,1544,"17750"
"DJ Stewart","BAL","AAA",24,490,0.277955271,1.118110236,0.169753086,0.438271604,0.391975308,0.196850393,0.094488188,0.43425076,0.2324159,0.33333333,0.1330859,763,1123,1886,"17766"
"Willie Calhoun","TEX","AAA",23,470,0.313829787,1.058064516,0.164921465,0.429319371,0.405759162,0.374193548,0.058064516,0.42487047,0.23834197,0.33678756,0.06206897,647,1093,1740,"17838"
"Brendan Rodgers","COL","AAA",21,72,0.301886792,1.571428571,0.294117647,0.431372549,0.274509803,0.142857142,0,0.49056604,0.30188679,0.20754717,0.11111111,87,174,261,"17907"
"Isan Diaz","MIA","AAA",22,155,0.277777777,1.666666666,0.217391304,0.489130434,0.29347826,0.185185185,0.111111111,0.38947368,0.30526316,0.30526316,0.1155624,236,413,649,"17922"
"Cedric Mullins","BAL","AAA",23,269,0.297979797,1.123287671,0.236453201,0.403940886,0.359605911,0.369863013,0.08219178,0.47572816,0.26213592,0.26213592,0.06751468,361,661,1022,"17929"
"Andrew Stevenson","WSN","AAA",24,331,0.295774647,1.351351351,0.186915887,0.467289719,0.345794392,0.162162162,0.081081081,0.32579186,0.29411765,0.3800905,0.10492846,441,817,1258,"17932"
"Ty France","SDP","AAA",23,110,0.309859154,0.742857142,0.197368421,0.342105263,0.460526315,0.142857142,0.142857142,0.48684211,0.19736842,0.31578947,0.08454106,152,262,414,"17982"
"David Fletcher","LAA","AAA",24,275,0.364035087,1.444444444,0.234782608,0.452173913,0.313043478,0.263888888,0.083333333,0.50854701,0.17948718,0.31196581,0.04129794,369,648,1017,"17992"
"Dylan Moore","MIL","AAA",25,363,0.303030303,0.846153846,0.12087912,0.402930402,0.476190476,0.215384615,0.084615384,0.38768116,0.27898551,0.33333333,0.07450077,464,838,1302,"18042"
"Kyle Garlick","LAD","AAA",26,341,0.320197044,0.650485436,0.216589861,0.30875576,0.474654377,0.203883495,0.165048543,0.49090909,0.27272727,0.23636364,0.15585443,428,836,1264,"18063"
"Garrett Stubbs","HOU","AAA",25,340,0.360655737,0.601769911,0.267206477,0.275303643,0.457489878,0.31858407,0.03539823,0.468,0.256,0.276,0.10008071,466,773,1239,"18067"
"LaMonte Wade Jr.","MIN","AAA",24,294,0.276923076,1.133333333,0.191919191,0.429292929,0.378787878,0.213333333,0.053333333,0.43718593,0.24120603,0.32160804,0.06055646,517,705,1222,"18126"
"Kevin Kaczmarski","NYM","AAA",26,184,0.403361344,2.3,0.161016949,0.584745762,0.254237288,0.066666666,0,0.39166667,0.33333333,0.275,0.08530184,276,486,762,"18146"
"Austin Dean","MIA","AAA",24,358,0.360153256,1.475,0.252830188,0.445283018,0.301886792,0.2125,0.1125,0.37777778,0.24444444,0.37777778,0.05070423,505,915,1420,"18288"
"Edwin Rios","LAD","AAA",24,341,0.43298969,1.338028169,0.17,0.475,0.355,0.028169014,0.14084507,0.44117647,0.29411765,0.26470588,0.16829452,451,880,1331,"18316"
"Kyle Tucker","HOU","AAA",21,465,0.363934426,0.966942148,0.263157894,0.362229102,0.374613003,0.140495867,0.198347107,0.45454545,0.25454545,0.29090909,0.12155963,687,1057,1744,"18345"
"Daz Cameron","DET","AAA",21,62,0.279069767,0.652173913,0.095238095,0.357142857,0.547619047,0.173913043,0,0.3255814,0.27906977,0.39534884,0.10152284,60,137,197,"18353"
"Austin Riley","ATL","AAA",21,324,0.37433155,0.958333333,0.269430051,0.357512953,0.373056994,0.083333333,0.166666666,0.48241206,0.23115578,0.28643216,0.14722446,462,781,1243,"18360"
"Victor Robles","WSN","AAA",21,182,0.318181818,1.076923076,0.181818181,0.424242424,0.393939393,0.25,0.038461538,0.54814815,0.22962963,0.22222222,0.07142857,253,405,658,"18363"
"Joe McCarthy","TBR","AAA",24,191,0.315315315,0.660714285,0.211864406,0.313559322,0.474576271,0.25,0.142857142,0.46218487,0.21848739,0.31932773,0.07371007,341,473,814,"18399"
"Ronald Acuna Jr.","ATL","AAA",20,101,0.28125,1.111111111,0.123076923,0.461538461,0.415384615,0.333333333,0.037037037,0.50769231,0.18461538,0.30769231,0.13520408,147,245,392,"18401"
"Jared Walsh","LAA","AAA",24,198,0.344827586,0.698113207,0.268292682,0.300813008,0.430894308,0.113207547,0.150943396,0.43548387,0.2983871,0.26612903,0.12183353,310,519,829,"18607"
"Matt Holliday","COL","AAA",38,62,0.375,1.117647058,0.162790697,0.441860465,0.395348837,0.411764705,0.176470588,0.37209302,0.30232558,0.3255814,0.11711712,97,125,222,"1873"
"Ramon Urias","STL","AAA",24,149,0.296296296,1.09090909,0.163636363,0.436363636,0.4,0.227272727,0.113636363,0.38596491,0.28947368,0.3245614,0.11958406,186,391,577,"18795"
"Andy Ibanez","TEX","AAA",25,515,0.312335958,1.069620253,0.157216494,0.43556701,0.407216494,0.221518987,0.075949367,0.44584383,0.23173804,0.32241814,0.09141896,629,1154,1783,"18819"
"Brandon Lowe","TBR","AAA",23,205,0.338842975,0.875,0.222222222,0.362962962,0.414814814,0.053571428,0.25,0.4,0.2962963,0.3037037,0.13164557,302,488,790,"18882"
"Seby Zavala","CHW","AAA",24,191,0.304347826,0.803571428,0.268115942,0.326086956,0.405797101,0.196428571,0.035714285,0.4,0.27857143,0.32142857,0.1713881,215,491,706,"18887"
"Andres Blanco","MIL","AAA",34,357,0.291338582,0.894736842,0.166023166,0.393822393,0.44015444,0.201754385,0.078947368,0.49429658,0.2243346,0.28136882,0.06557377,588,876,1464,"1907"
"Will Smith","LAD","AAA",23,98,0.215686274,0.555555555,0.192307692,0.288461538,0.519230769,0.222222222,0.037037037,0.50943396,0.13207547,0.35849057,0.1393643,155,254,409,"19197"
"Lourdes Gurriel Jr.","TOR","AAA",24,156,0.345454545,1.324324324,0.238938053,0.433628318,0.327433628,0.216216216,0.135135135,0.50434783,0.25217391,0.24347826,0.12274368,175,379,554,"19238"
"Pete Alonso","NYM","AAA",23,301,0.283950617,1.04054054,0.174863387,0.420765027,0.404371584,0.229729729,0.283783783,0.50273224,0.29508197,0.20218579,0.10403727,491,797,1288,"19251"
"Jose Miguel Fernandez","LAA","AAA",30,394,0.333333333,1.323809523,0.239875389,0.433021806,0.327102803,0.266666666,0.161904761,0.49535604,0.23529412,0.26934985,0.05963939,533,909,1442,"19254"
"Garrett Hampson","COL","AAA",23,332,0.371794871,1.666666666,0.152542372,0.529661016,0.31779661,0.173333333,0.08,0.44813278,0.26970954,0.28215768,0.06952304,466,771,1237,"19262"
"Adolis Garcia","STL","AAA",25,428,0.28275862,0.693877551,0.188925081,0.332247557,0.478827361,0.272108843,0.149659863,0.52076677,0.22044728,0.25878594,0.14748677,475,1037,1512,"19287"
"Randy Arozarena","STL","AAA",23,311,0.27804878,1.626865671,0.133004926,0.536945812,0.330049261,0.19402985,0.074626865,0.55399061,0.16901408,0.27699531,0.09313725,457,767,1224,"19290"
"Nick Senzel","CIN","AAA",23,193,0.3671875,1.173913043,0.253731343,0.402985074,0.343283582,0.086956521,0.130434782,0.4,0.33333333,0.26666667,0.10220994,283,441,724,"19293"
"Matt Thaiss","LAA","AAA",23,400,0.313993174,0.982905982,0.22923588,0.3820598,0.388704318,0.162393162,0.085470085,0.40264026,0.25082508,0.34653465,0.09153953,499,943,1442,"19318"
"Jose Rojas","LAA","AAA",25,73,0.258620689,1.722222222,0.140350877,0.543859649,0.315789473,0.277777777,0,0.43103448,0.22413793,0.34482759,0.11538462,86,174,260,"19331"
"Yadiel Hernandez","WSN","AAA",30,363,0.348017621,2.446428571,0.178723404,0.582978723,0.238297872,0.089285714,0.196428571,0.32773109,0.27310924,0.39915966,0.13078471,564,927,1491,"19334"
"Nicky Lopez","KCR","AAA",23,256,0.294117647,1.724137931,0.159574468,0.531914893,0.308510638,0.103448275,0.120689655,0.35532995,0.24365482,0.40101523,0.06256517,369,590,959,"19339"
"Tommy Edman","STL","AAA",23,76,0.357142857,0.772727272,0.303571428,0.303571428,0.392857142,0.09090909,0.045454545,0.40350877,0.28070175,0.31578947,0.0608365,99,164,263,"19470"
"Alex De Goti","HOU","AAA",23,108,0.325,0.742857142,0.24691358,0.320987654,0.432098765,0.257142857,0.028571428,0.5,0.2195122,0.2804878,0.08747045,152,271,423,"19477"
"Andrew Knizner","STL","AAA",23,61,0.369565217,1.117647058,0.217391304,0.413043478,0.369565217,0.176470588,0,0.34042553,0.29787234,0.36170213,0.05376344,65,121,186,"19514"
"Jacob Robson","DET","AAA",23,245,0.406451612,2.170731707,0.161290322,0.574193548,0.264516129,0.097560975,0.097560975,0.41614907,0.25465839,0.32919255,0.11838006,346,617,963,"19528"
"Taylor Jones","HOU","AAA",24,163,0.265957446,1.05,0.163265306,0.428571428,0.408163265,0.1,0.125,0.50505051,0.25252525,0.24242424,0.13023952,268,400,668,"19533"
"Yordan Alvarez","HOU","AAA",21,189,0.315315315,0.893617021,0.25210084,0.352941176,0.394957983,0.085106382,0.170212765,0.39495798,0.26890756,0.33613445,0.09056122,320,464,784,"19556"
"Nathaniel Lowe","TBR","AAA",22,110,0.318840579,1.882352941,0.319444444,0.444444444,0.236111111,0.058823529,0.235294117,0.45205479,0.24657534,0.30136986,0.09156627,150,265,415,"19566"
"Vladimir Guerrero Jr.","TOR","AAA",19,128,0.322916666,1.958333333,0.29,0.47,0.24,0.208333333,0.25,0.44117647,0.23529412,0.32352941,0.07236842,188,268,456,"19611"
"Sheldon Neuse","OAK","AAA",23,537,0.3853211,1.116071428,0.273006134,0.383435582,0.343558282,0.169642857,0.044642857,0.36636637,0.26126126,0.37237237,0.15307058,703,1479,2182,"19635"
"Luis Rengifo","LAA","AAA",21,219,0.310126582,1.303571428,0.173076923,0.467948717,0.358974358,0.160714285,0.053571428,0.48765432,0.20987654,0.30246914,0.07801418,304,542,846,"19858"
"Pedro Alvarez","BAL","AAA",31,178,0.336206896,1.628571428,0.258064516,0.459677419,0.282258064,0.085714285,0.228571428,0.41129032,0.32258065,0.26612903,0.15443425,223,431,654,"2495"
"Pete Kozma","DET","AAA",30,296,0.244343891,0.903225806,0.188073394,0.3853211,0.426605504,0.365591397,0.010752688,0.36486486,0.23423423,0.4009009,0.07514451,363,675,1038,"2539"
"Peter Bourjos","ATL","AAA",31,278,0.351758793,1.546875,0.189054726,0.492537313,0.31840796,0.171875,0.0625,0.4729064,0.22660099,0.30049261,0.10439024,357,668,1025,"2578"
"Jordan Pacheco","MIN","AAA",32,102,0.194805194,0.94117647,0.131578947,0.421052631,0.447368421,0.294117647,0,0.42857143,0.23376623,0.33766234,0.0703125,140,244,384,"2677"
"Johnny Monell","NYM","AAA",32,218,0.338028169,1.825,0.19858156,0.517730496,0.283687943,0.4,0.075,0.35172414,0.28965517,0.35862069,0.14357054,315,486,801,"2783"
"Tony Cruz","CIN","AAA",31,73,0.204545454,0.894736842,0.2,0.377777777,0.422222222,0.263157894,0.157894736,0.57446809,0.21276596,0.21276596,0.08580858,115,188,303,"2802"
"Gregor Blanco","SFG","AAA",34,194,0.301587301,0.96226415,0.2,0.392307692,0.407692307,0.113207547,0.075471698,0.3129771,0.29007634,0.39694656,0.09724047,308,453,761,"3123"
"Tyler Ladendorf","ARI","AAA",30,61,0.346938775,1.583333333,0.367346938,0.387755102,0.244897959,0.166666666,0,0.57142857,0.30612245,0.12244898,0.05284553,90,156,246,"3211"
"Alejandro De Aza","WSN","AAA",34,131,0.348314606,1,0.235955056,0.382022471,0.382022471,0.117647058,0.029411764,0.47777778,0.17777778,0.34444444,0.0655106,216,303,519,"3371"
"Cliff Pennington","CIN","AAA",34,287,0.272727272,0.744186046,0.189189189,0.345945945,0.464864864,0.197674418,0.011627906,0.45502646,0.24338624,0.3015873,0.08429752,487,723,1210,"3395"
"Allen Craig","SDP","AAA",33,363,0.341880341,1.01098901,0.2406639,0.381742738,0.37759336,0.186813186,0.142857142,0.4048583,0.2388664,0.3562753,0.0772757,617,910,1527,"3433"
"Gregorio Petit","MIN","AAA",33,312,0.313807531,1.223529411,0.202531645,0.438818565,0.358649789,0.329411764,0.011764705,0.42386831,0.25514403,0.32098765,0.08857396,352,777,1129,"3812"
"Chris Stewart","ATL","AAA",36,156,0.247933884,1.666666666,0.2,0.5,0.3,0.361111111,0,0.4796748,0.19512195,0.32520325,0.05272109,228,360,588,"3878"
"Jerry Sands","SFG","AAA",30,82,0.345454545,1.722222222,0.155172413,0.534482758,0.310344827,0.222222222,0.166666666,0.48275862,0.12068966,0.39655172,0.12462908,137,200,337,"4016"
"Melky Cabrera","CLE","AAA",33,80,0.367647058,1.318181818,0.23880597,0.43283582,0.328358208,0.363636363,0,0.38235294,0.22058824,0.39705882,0.06810036,85,194,279,"4022"
"Anthony Recker","ARI","AAA",34,293,0.32748538,0.7375,0.248648648,0.318918918,0.432432432,0.1625,0.1875,0.48924731,0.27956989,0.2311828,0.11993517,495,739,1234,"4063"
"Hernan Iribarren","CIN","AAA",34,271,0.328358208,1.586206896,0.246231155,0.462311557,0.291457286,0.120689655,0,0.49253731,0.17412935,0.33333333,0.06974552,387,674,1061,"4177"
"Jose Lobaton","NYM","AAA",33,151,0.40860215,1.3,0.31,0.39,0.3,0.066666666,0.266666666,0.47524752,0.24752475,0.27722772,0.1280389,250,367,617,"4243"
"Shane Robinson","NYY","AAA",33,202,0.302469135,1.653061224,0.177215189,0.512658227,0.310126582,0.142857142,0,0.44512195,0.24390244,0.31097561,0.0730659,230,468,698,"4249"
"Scott Van Slyke","MIA","AAA",31,162,0.298850574,0.704545454,0.202127659,0.329787234,0.468085106,0.136363636,0.181818181,0.48421053,0.18947368,0.32631579,0.07110439,254,407,661,"4365"
"Erik Kratz","NYY","AAA",38,61,0.263157894,0.761904761,0.119047619,0.38095238,0.5,0.238095238,0.19047619,0.48837209,0.25581395,0.25581395,0.10917031,83,146,229,"4403"
"Ben Revere","LAA","AAA",30,166,0.28169014,1.926829268,0.166666666,0.548611111,0.284722222,0.121951219,0.073170731,0.38356164,0.23287671,0.38356164,0.04292528,219,410,629,"4712"
"Rymer Liriano","LAA","AAA",27,404,0.33014354,0.936170212,0.198237885,0.387665198,0.414096916,0.223404255,0.212765957,0.40434783,0.3173913,0.27826087,0.15393795,673,1003,1676,"4779"
"Ryan Hanigan","SFG","AAA",37,63,0.217391304,1.769230769,0.217391304,0.5,0.282608695,0.307692307,0,0.60869565,0.19565217,0.19565217,0.0720339,86,150,236,"4952"
"Caleb Gindl","SFG","AAA",29,59,0.393939393,1,0.333333333,0.333333333,0.333333333,0.181818181,0,0.28571429,0.4,0.31428571,0.13302752,86,132,218,"5002"
"Wilkin Castillo","NYY","AAA",34,144,0.278260869,0.769230769,0.2,0.347826086,0.452173913,0.365384615,0.038461538,0.51260504,0.21848739,0.26890756,0.08988764,126,319,445,"5124"
"Isaac Galloway","MIA","AAA",28,356,0.314049586,1.214285714,0.237704918,0.418032786,0.344262295,0.226190476,0.107142857,0.4488189,0.24015748,0.31102362,0.11420205,482,884,1366,"5238"
"Tuffy Gosewisch","WSN","AAA",34,260,0.273809523,0.746666666,0.215568862,0.335329341,0.449101796,0.32,0.04,0.57471264,0.2183908,0.20689655,0.10890152,375,681,1056,"5277"
"Alex Presley","BAL","AAA",32,232,0.294478527,1.384615384,0.239263803,0.441717791,0.319018404,0.192307692,0.038461538,0.38181818,0.25454545,0.36363636,0.10558376,355,630,985,"5305"
"Kristopher Negron","ARI","AAA",32,425,0.379746835,1.309523809,0.204918032,0.450819672,0.344262295,0.059523809,0.178571428,0.36614173,0.32283465,0.31102362,0.15277778,613,1043,1656,"5306"
"Chad Huffman","DET","AAA",33,334,0.326732673,1.111111111,0.177884615,0.432692307,0.389423076,0.222222222,0.148148148,0.55607477,0.1682243,0.27570093,0.11372252,491,828,1319,"5311"
"Juan Graterol","LAA","AAA",29,219,0.317948717,1.788461538,0.236842105,0.489473684,0.27368421,0.211538461,0,0.5255102,0.20918367,0.26530612,0.07993967,188,475,663,"5398"
"Jake Smolinski","OAK","AAA",29,145,0.337837837,0.710526315,0.216867469,0.325301204,0.457831325,0.184210526,0.263157894,0.61904762,0.21428571,0.16666667,0.12881356,218,372,590,"5408"
"Steve Lombardozzi Jr.","OAK","AAA",29,480,0.278089887,1.456896551,0.199438202,0.474719101,0.325842696,0.215517241,0.008620689,0.42032967,0.21978022,0.35989011,0.06595174,728,1137,1865,"5422"
"Ji Man Choi","TBR","AAA",27,249,0.346666666,1.016393442,0.201298701,0.402597402,0.396103896,0.163934426,0.114754098,0.43037975,0.25949367,0.31012658,0.10961538,452,588,1040,"5452"
"Kyle Higashioka","NYY","AAA",28,211,0.234042553,0.608108108,0.179310344,0.310344827,0.510344827,0.229729729,0.067567567,0.50684932,0.23287671,0.26027397,0.11375,284,516,800,"5517"
"Ruben Tejada","BAL","AAA",28,392,0.277192982,1.10576923,0.231578947,0.403508771,0.36491228,0.153846153,0.019230769,0.43793103,0.22413793,0.33793103,0.09565217,480,900,1380,"5519"
"Jarrod Saltalamacchia","DET","AAA",33,253,0.2481203,0.652173913,0.167883211,0.328467153,0.503649635,0.246376811,0.072463768,0.48201439,0.21582734,0.30215827,0.1577381,398,610,1008,"5557"
"Rey Navarro","NYY","AAA",28,260,0.226130653,0.910112359,0.19047619,0.385714285,0.423809523,0.370786516,0.123595505,0.48571429,0.18095238,0.33333333,0.06167846,338,651,989,"6008"
"Cristhian Adames","MIA","AAA",26,498,0.299212598,1.754385964,0.178010471,0.523560209,0.298429319,0.114035087,0.061403508,0.40409207,0.27621483,0.31969309,0.07162384,689,1140,1829,"6013"
"Moises Sierra","WSN","AAA",29,255,0.28488372,2.020833333,0.176136363,0.551136363,0.272727272,0.166666666,0.125,0.4301676,0.27374302,0.29608939,0.11168563,369,598,967,"6050"
"Irving Falu","WSN","AAA",35,420,0.291066282,1.49122807,0.179190751,0.491329479,0.329479768,0.219298245,0.035087719,0.47578348,0.25641026,0.26780627,0.06299783,505,876,1381,"6165"
"Tony Sanchez","CIN","AAA",30,247,0.368098159,1.13114754,0.221556886,0.413173652,0.365269461,0.180327868,0.114754098,0.4619883,0.23976608,0.29824561,0.12745098,334,584,918,"6178"
"Daniel Robertson","ARI","AAA",32,103,0.298507462,2.3125,0.208955223,0.552238805,0.23880597,0.125,0.0625,0.41176471,0.22058824,0.36764706,0.05580357,192,256,448,"6266"
"Brandon Barnes","CLE","AAA",32,566,0.362017804,0.695945945,0.272463768,0.298550724,0.428985507,0.182432432,0.094594594,0.41477273,0.29261364,0.29261364,0.17985281,734,1440,2174,"629"
"Kirk Nieuwenhuis","SEA","AAA",30,324,0.317647058,1.555555555,0.192982456,0.49122807,0.315789473,0.203703703,0.074074074,0.43678161,0.22988506,0.33333333,0.13381818,569,806,1375,"6400"
"James Adduci","DET","AAA",33,296,0.371980676,1.023809523,0.194312796,0.407582938,0.398104265,0.142857142,0.083333333,0.35046729,0.23364486,0.41588785,0.1146789,347,743,1090,"6448"
"Chase d'Arnaud","SFG","AAA",31,300,0.346368715,0.611111111,0.236842105,0.289473684,0.47368421,0.255555555,0.133333333,0.47120419,0.2513089,0.27748691,0.09878543,489,746,1235,"6652"
"JB Shuck","MIA","AAA",31,190,0.361702127,1.5,0.195804195,0.482517482,0.321678321,0.195652173,0.065217391,0.43448276,0.22068966,0.34482759,0.07114094,289,456,745,"6677"
"Johnny Giavotella","MIA","AAA",30,76,0.263157894,0.869565217,0.232142857,0.357142857,0.410714285,0.173913043,0,0.31578947,0.33333333,0.35087719,0.05517241,119,171,290,"6740"
"Nick Buss","MIN","AAA",31,178,0.292682926,0.925925925,0.154471544,0.406504065,0.43902439,0.129629629,0.037037037,0.488,0.304,0.208,0.08030303,231,429,660,"6835"
"Chris Coghlan","CHC","AAA",33,206,0.269503546,0.933333333,0.2,0.386206896,0.413793103,0.183333333,0.066666666,0.42758621,0.2,0.37241379,0.09159348,317,480,797,"6878"
"Nick Noonan","TEX","AAA",29,288,0.331632653,1.318181818,0.215384615,0.446153846,0.338461538,0.196969696,0.06060606,0.41,0.255,0.335,0.11612284,337,705,1042,"6880"
"Eric Campbell","MIA","AAA",31,402,0.358208955,1.493975903,0.233333333,0.459259259,0.307407407,0.084337349,0.072289156,0.39781022,0.27372263,0.32846715,0.07591623,621,907,1528,"6938"
"Caleb Joseph","BAL","AAA",32,97,0.328358208,1.130434782,0.257575757,0.393939393,0.348484848,0.217391304,0.086956521,0.4057971,0.24637681,0.34782609,0.13031915,129,247,376,"7087"
"Eric Young Jr.","LAA","AAA",33,348,0.3625,1.718309859,0.18907563,0.512605042,0.298319327,0.169014084,0.070422535,0.42105263,0.25910931,0.31983806,0.11006289,479,793,1272,"7158"
"Juan Centeno","TEX","AAA",28,232,0.265895953,2.288888888,0.14450867,0.595375722,0.260115606,0.177777777,0.044444444,0.38888889,0.25,0.36111111,0.06801909,308,530,838,"7168"
"Cesar Puello","ARI","AAA",27,358,0.378854625,2.411764705,0.24347826,0.534782608,0.22173913,0.215686274,0.117647058,0.5,0.21367521,0.28632479,0.10864745,518,835,1353,"7216"
"Collin Cowgill","PHI","AAA",32,344,0.262443438,1.181818181,0.161572052,0.454148471,0.384279475,0.170454545,0.136363636,0.48085106,0.22978723,0.2893617,0.11518709,513,850,1363,"7250"
"Jake Elmore","CHW","AAA",31,394,0.344322344,2.482142857,0.275092936,0.516728624,0.208178438,0.142857142,0.017857142,0.35766423,0.25182482,0.39051095,0.05514706,668,964,1632,"7290"
"Chris Gimenez","CHC","AAA",35,227,0.291044776,1.288888888,0.219696969,0.439393939,0.34090909,0.266666666,0.044444444,0.44117647,0.23529412,0.32352941,0.12713675,342,594,936,"7324"
"Sean Kazmar Jr.","ATL","AAA",33,366,0.279605263,0.87804878,0.237623762,0.356435643,0.405940594,0.227642276,0.008130081,0.46405229,0.24836601,0.2875817,0.07413793,371,789,1160,"7349"
"Shane Peterson","SDP","AAA",30,467,0.366336633,1.137614678,0.243506493,0.402597402,0.353896103,0.128440366,0.100917431,0.42539683,0.28571429,0.28888889,0.16081229,676,1146,1822,"7423"
"Trevor Plouffe","PHI","AAA",32,291,0.267515923,0.542553191,0.142011834,0.301775147,0.556213017,0.180851063,0.138297872,0.54705882,0.24705882,0.20588235,0.07875895,536,721,1257,"7462"
"Kyle Jensen","SFG","AAA",30,207,0.273504273,0.654545454,0.247933884,0.297520661,0.454545454,0.145454545,0.09090909,0.43442623,0.27868852,0.28688525,0.13418903,318,539,857,"7706"
"Ty Kelly","NYM","AAA",29,424,0.325925925,1.27173913,0.237226277,0.427007299,0.335766423,0.195652173,0.086956521,0.45936396,0.24734982,0.29328622,0.08199446,700,1105,1805,"7740"
"Jermaine Curtis","MIN","AAA",30,165,0.252525252,1.888888888,0.204081632,0.520408163,0.275510204,0.259259259,0.037037037,0.51,0.22,0.27,0.07417974,298,403,701,"7765"
"Matt Hague","WSN","AAA",32,186,0.275590551,1.684210526,0.203125,0.5,0.296875,0.131578947,0.026315789,0.41085271,0.23255814,0.35658915,0.05019815,324,433,757,"7772"
"Brandon Phillips","BOS","AAA",37,161,0.341666666,1.2,0.278688524,0.393442622,0.327868852,0.275,0.1,0.46774194,0.16935484,0.36290323,0.12265758,183,404,587,"791"
"Eric Sogard","MIL","AAA",32,101,0.266666666,0.878787878,0.173333333,0.386666666,0.44,0.151515151,0,0.46666667,0.26666667,0.26666667,0.0610687,140,253,393,"7927"
"Jaff Decker","WSN","AAA",28,163,0.357142857,0.731707317,0.183908045,0.344827586,0.471264367,0.195121951,0.073170731,0.52873563,0.1954023,0.27586207,0.11664296,297,406,703,"7945"
"Adron Chambers","PHI","AAA",31,138,0.373626373,1.586206896,0.166666666,0.511111111,0.322222222,0.206896551,0.034482758,0.45652174,0.2173913,0.32608696,0.07894737,179,353,532,"7995"
"Adam Lind","BOS","AAA",34,252,0.235632183,1.041666666,0.192307692,0.412087912,0.395604395,0.194444444,0.138888888,0.40217391,0.19565217,0.40217391,0.09949239,335,650,985,"8027"
"Hunter Pence","SFG","AAA",35,111,0.379746835,2.368421052,0.168831168,0.584415584,0.246753246,0.105263157,0.052631578,0.375,0.225,0.4,0.15437788,146,288,434,"8252"
"Dean Anna","PHI","AAA",31,531,0.306122448,1.48,0.196891191,0.479274611,0.323834196,0.28,0.008,0.41854637,0.2556391,0.32581454,0.02800983,814,1221,2035,"8353"
"Xavier Avery","ATL","AAA",28,278,0.406896551,1.944444444,0.263888888,0.486111111,0.25,0.111111111,0.111111111,0.38926174,0.26845638,0.34228188,0.14939551,456,702,1158,"8471"
"Jackson Williams","PIT","AAA",32,60,0.255813953,0.5,0.25,0.25,0.5,0.09090909,0.045454545,0.52272727,0.34090909,0.13636364,0.12195122,79,126,205,"8524"
"Tim Federowicz","CIN","AAA",30,239,0.352201257,0.680555555,0.248447204,0.304347826,0.447204968,0.208333333,0.097222222,0.46706587,0.31137725,0.22155689,0.09714286,416,634,1050,"8609"
"Donovan Solano","LAD","AAA",30,340,0.347826086,0.886956521,0.21090909,0.37090909,0.418181818,0.104347826,0.034782608,0.3772242,0.26690391,0.35587189,0.08163265,402,823,1225,"8623"
"Paulo Orlando","KCR","AAA",32,312,0.3,1.033707865,0.191964285,0.410714285,0.397321428,0.168539325,0.13483146,0.52360515,0.21459227,0.26180258,0.13035382,347,727,1074,"8628"
"Ali Solis","CHC","AAA",30,69,0.261904761,0.888888888,0.209302325,0.372093023,0.418604651,0.166666666,0.055555555,0.45454545,0.25,0.29545455,0.24267782,64,175,239,"8848"
"Ryan Lavarnway","PIT","AAA",30,303,0.338383838,0.84090909,0.205882352,0.362745098,0.431372549,0.147727272,0.102272727,0.48325359,0.25837321,0.25837321,0.08732877,468,700,1168,"8879"
"Dusty Coleman","SDP","AAA",31,329,0.335664335,0.724637681,0.222222222,0.326797385,0.450980392,0.217391304,0.188405797,0.43312102,0.31210191,0.25477707,0.20044709,486,856,1342,"8979"
"Gordon Beckham","SEA","AAA",31,425,0.325581395,1.129310344,0.200647249,0.42394822,0.37540453,0.224137931,0.086206896,0.40384615,0.24358974,0.3525641,0.06882821,709,1049,1758,"9015"
"Ezequiel Carrera","ATL","AAA",31,158,0.234782608,2.333333333,0.210526315,0.552631578,0.236842105,0.185185185,0.037037037,0.41025641,0.23076923,0.35897436,0.07746479,208,360,568,"9048"
"Alexi Amarista","PHI","AAA",29,173,0.274074074,1.326086956,0.201492537,0.45522388,0.343283582,0.173913043,0.02173913,0.35294118,0.23529412,0.41176471,0.09724238,231,458,689,"9063"
"Danny Espinosa","TOR","AAA",31,240,0.248322147,1.591836734,0.16993464,0.509803921,0.320261437,0.224489795,0.122448979,0.55414013,0.23566879,0.21019108,0.18808411,280,576,856,"9219"
"Keon Broxton","MIL","AAA",28,334,0.38150289,1.051948051,0.131868131,0.445054945,0.423076923,0.09090909,0.129870129,0.38797814,0.30054645,0.31147541,0.18329638,507,846,1353,"9253"
"Chris Herrmann","SEA","AAA",30,174,0.329545454,1.72,0.235955056,0.483146067,0.280898876,0.16,0.24,0.49473684,0.23157895,0.27368421,0.1381295,303,392,695,"9284"
"Josh Phegley","OAK","AAA",30,139,0.287356321,0.94117647,0.258426966,0.359550561,0.382022471,0.205882352,0.088235294,0.45555556,0.24444444,0.3,0.10896309,215,354,569,"9308"
"Adam Moore","TBR","AAA",34,208,0.272727272,1.923076923,0.213793103,0.517241379,0.268965517,0.205128205,0.102564102,0.44295302,0.20134228,0.3557047,0.13490099,285,523,808,"9362"
"Matt McBride","PHI","AAA",33,223,0.257142857,0.602739726,0.204081632,0.299319727,0.496598639,0.273972602,0.136986301,0.63870968,0.18064516,0.18064516,0.08775982,315,551,866,"9373"
"Jeremy Hazelbaker","TBR","AAA",30,356,0.292817679,1.253731343,0.19680851,0.44680851,0.356382978,0.283582089,0.164179104,0.41237113,0.16494845,0.42268041,0.15485203,528,925,1453,"9399"
"Quintin Berry","MIL","AAA",33,106,0.295081967,2.166666666,0.095238095,0.619047619,0.285714285,0.222222222,0.111111111,0.42857143,0.23809524,0.33333333,0.16746411,152,266,418,"9414"
"Dustin Garneau","OAK","AAA",30,240,0.261146496,0.517647058,0.222891566,0.26506024,0.512048192,0.376470588,0.105882352,0.55688623,0.19760479,0.24550898,0.09860665,343,590,933,"9433"
"Shawn O'Malley","COL","AAA",30,169,0.336134453,1.783783783,0.134453781,0.554621848,0.310924369,0.081081081,0.027027027,0.3671875,0.328125,0.3046875,0.09259259,209,385,594,"9629"
"Cody Decker","ARI","AAA",31,182,0.333333333,0.744680851,0.211538461,0.336538461,0.451923076,0.106382978,0.191489361,0.52380952,0.28571429,0.19047619,0.20987654,282,447,729,"9665"
"Adam Rosales","CLE","AAA",35,428,0.267399267,0.675675675,0.135888501,0.348432055,0.515679442,0.236486486,0.121621621,0.5532646,0.2371134,0.20962199,0.13644745,579,1048,1627,"9682"
"Chris Dominguez","WSN","AAA",31,304,0.305263157,1.283582089,0.219387755,0.43877551,0.341836734,0.104477611,0.134328358,0.44221106,0.32663317,0.23115578,0.16711349,379,740,1119,"9718"
"Steven Baron","STL","AAA",27,145,0.281553398,1.516129032,0.22,0.47,0.31,0.193548387,0,0.42718447,0.27184466,0.30097087,0.11940299,177,359,536,"9787"
"Ryan Goins","PHI","AAA",30,143,0.276595744,1.171428571,0.208333333,0.427083333,0.364583333,0.171428571,0.057142857,0.36734694,0.25510204,0.37755102,0.09514925,184,352,536,"9807"
"Efren Navarro","CHC","AAA",32,210,0.361111111,2.108108108,0.217687074,0.530612244,0.25170068,0.081081081,0.108108108,0.40268456,0.25503356,0.34228188,0.08108108,324,490,814,"9854"
"Brandon Snyder","TBR","AAA",31,438,0.350877192,0.734693877,0.300411522,0.296296296,0.403292181,0.071428571,0.183673469,0.41869919,0.26422764,0.31707317,0.13884205,667,1112,1779,"9856"
"Ivan De Jesus Jr.","BOS","AAA",31,394,0.30960854,1.72368421,0.268551236,0.462897526,0.268551236,0.078947368,0.052631578,0.44250871,0.24390244,0.31358885,0.0721393,598,1010,1608,"9886"
"Destin Hood","TEX","AAA",28,150,0.27368421,0.975,0.177083333,0.40625,0.416666666,0.375,0.1,0.44444444,0.22222222,0.33333333,0.16876122,174,383,557,"9887"
"Chris Carter","MIN","AAA",31,312,0.248447204,0.76744186,0.150837988,0.368715083,0.480446927,0.15116279,0.232558139,0.4198895,0.27624309,0.3038674,0.16769706,521,773,1294,"9911"
"Trayce Thompson","CHW","AAA",27,176,0.3,0.603773584,0.182692307,0.307692307,0.509615384,0.264150943,0.075471698,0.44230769,0.25961538,0.29807692,0.1302521,248,466,714,"9952"
"Ryan Schimpf","LAA","AAA",30,125,0.285714285,0.371428571,0.172413793,0.224137931,0.603448275,0.114285714,0.085714285,0.38983051,0.28813559,0.3220339,0.13405797,222,330,552,"9953"
"Dan Butler","BOS","AAA",31,250,0.237804878,0.73076923,0.191616766,0.341317365,0.467065868,0.256410256,0.076923076,0.47368421,0.29239766,0.23391813,0.0583501,401,593,994,"9968"
"Michael Saunders","BAL","AAA",31,154,0.193877551,1.774193548,0.14,0.55,0.31,0.258064516,0.064516129,0.41584158,0.21782178,0.36633663,0.09561129,262,376,638,"9981"
"Sharlon Schoop","BAL","AAA",31,98,0.265625,2.5625,0.123076923,0.63076923,0.246153846,0.25,0.0625,0.48484848,0.09090909,0.42424242,0.11256545,135,247,382,"sa293531"
"Jeremy Barfield","BOS","AAA",29,107,0.175438596,0.821428571,0.120689655,0.396551724,0.48275862,0.321428571,0.071428571,0.47457627,0.25423729,0.27118644,0.11853448,179,285,464,"sa327073"
"Myles Schroder","SFG","AAA",30,302,0.313829787,0.75,0.202072538,0.341968911,0.455958549,0.21590909,0.102272727,0.42929293,0.2979798,0.27272727,0.15221239,359,771,1130,"sa392193"
"Anthony Phillips","COL","AAA",28,53,0.363636363,0.875,0.142857142,0.4,0.457142857,0.125,0.125,0.51428571,0.22857143,0.25714286,0.12182741,81,116,197,"sa392886"
"Bengie Gonzalez","WSN","AAA",28,350,0.296296296,1.2,0.181818181,0.446280991,0.371900826,0.344444444,0.033333333,0.49193548,0.22580645,0.28225806,0.0941358,469,827,1296,"sa454764"
"Gabriel Noriega","MIL","AAA",27,95,0.370967741,1.789473684,0.158730158,0.539682539,0.301587301,0.105263157,0.052631578,0.36507937,0.26984127,0.36507937,0.15428571,117,233,350,"sa455932"
"Garabez Rosa","BAL","AAA",28,495,0.3495702,1.666666666,0.235955056,0.477528089,0.286516853,0.117647058,0.107843137,0.38888889,0.22222222,0.38888889,0.1519219,444,1195,1639,"sa455978"
"Michael Almanzar","WSN","AAA",27,61,0.260869565,2.727272727,0.108695652,0.652173913,0.239130434,0.363636363,0,0.5,0.26086957,0.23913043,0.14655172,66,166,232,"sa455994"
"Derrik Gibson","COL","AAA",28,137,0.318681318,1.21875,0.219780219,0.428571428,0.351648351,0.125,0.125,0.52631579,0.17894737,0.29473684,0.09380863,215,318,533,"sa456041"
"Jan Vazquez","COL","AAA",27,179,0.288461538,1.075,0.231481481,0.398148148,0.37037037,0.2,0.1,0.41666667,0.22222222,0.36111111,0.11789773,297,407,704,"sa501536"
"Anthony Garcia","OAK","AAA",26,566,0.274011299,0.857142857,0.200534759,0.368983957,0.430481283,0.248447204,0.155279503,0.5,0.22368421,0.27631579,0.08187633,894,1451,2345,"sa502038"
"Edgar Corcino","MIN","AAA",26,93,0.318181818,1.260869565,0.223880597,0.43283582,0.343283582,0.04347826,0.086956521,0.5,0.26470588,0.23529412,0.13573407,130,231,361,"sa502309"
"Andrew Aplin","SEA","AAA",27,269,0.309782608,0.986111111,0.243386243,0.375661375,0.38095238,0.277777777,0.069444444,0.47368421,0.21578947,0.31052632,0.08072917,445,707,1152,"sa502787"
"Stephen Bruno","CHC","AAA",27,305,0.276785714,1.457142857,0.221719457,0.461538461,0.316742081,0.142857142,0.042857142,0.44104803,0.22707424,0.33187773,0.08393502,359,749,1108,"sa502917"
"Jonathan Rodriguez","MIA","AAA",28,344,0.313186813,1.051948051,0.172774869,0.424083769,0.403141361,0.155844155,0.181818181,0.48979592,0.24489796,0.26530612,0.12223859,569,789,1358,"sa503023"
"Patrick Biondi","NYM","AAA",27,132,0.295454545,4.818181818,0.255813953,0.616279069,0.127906976,0.09090909,0,0.44318182,0.17045455,0.38636364,0.06346484,220,363,583,"sa503056"
"Peter Mooney","MIA","AAA",27,276,0.31862745,1.476923076,0.225961538,0.461538461,0.3125,0.276923076,0.092307692,0.44131455,0.23474178,0.32394366,0.05362776,352,599,951,"sa503239"
"Leonardo Reginatto","MIN","AAA",28,222,0.261437908,1.711111111,0.212903225,0.496774193,0.29032258,0.2,0.044444444,0.3566879,0.25477707,0.38853503,0.08571429,262,543,805,"sa504970"
"Francisco Diaz","NYY","AAA",28,116,0.356164383,2.3125,0.273972602,0.506849315,0.219178082,0.1875,0,0.38961039,0.25974026,0.35064935,0.08316008,181,300,481,"sa505229"
"Heiker Meneses","PHI","AAA",26,55,0.216216216,3.142857142,0.194444444,0.611111111,0.194444444,0.571428571,0,0.41025641,0.20512821,0.38461538,0.10152284,78,119,197,"sa506229"
"Carlos Franco","ATL","AAA",26,485,0.339416058,1.376344086,0.229965156,0.445993031,0.324041811,0.139784946,0.17204301,0.3862069,0.26551724,0.34827586,0.15898734,731,1244,1975,"sa506528"
"Diego Goris","SDP","AAA",27,342,0.327800829,1.75,0.227272727,0.491735537,0.280991735,0.205882352,0.102941176,0.43548387,0.23790323,0.3266129,0.11915888,461,823,1284,"sa507199"
"Sebastian Elizalde","CIN","AAA",26,77,0.266666666,0.793103448,0.133333333,0.383333333,0.483333333,0.24137931,0.068965517,0.5483871,0.14516129,0.30645161,0.11023622,95,159,254,"sa544568"
"Nick Rickles","PHI","AAA",28,199,0.276595744,0.903225806,0.202702702,0.378378378,0.418918918,0.193548387,0.112903225,0.39864865,0.20945946,0.39189189,0.14096916,182,499,681,"sa546837"
"Luis Villegas","KCR","AAA",25,63,0.272727272,1.916666666,0.204545454,0.522727272,0.272727272,0.333333333,0.166666666,0.45652174,0.17391304,0.36956522,0.10775862,83,149,232,"sa547944"
"Marcus Littlewood","ARI","AAA",26,80,0.279069767,1.058823529,0.222222222,0.4,0.377777777,0.176470588,0.117647058,0.42222222,0.31111111,0.26666667,0.13583815,149,197,346,"sa548261"
"Cito Culver","MIA","AAA",25,240,0.320895522,1.078431372,0.208955223,0.410447761,0.380597014,0.215686274,0.078431372,0.40140845,0.29577465,0.3028169,0.15027624,312,593,905,"sa548315"
"Wynston Sawyer","MIN","AAA",26,83,0.4,1.0625,0.352941176,0.333333333,0.31372549,0.125,0.0625,0.25490196,0.29411765,0.45098039,0.06460674,141,215,356,"sa548430"
"Hunter Jones","WSN","AAA",26,144,0.368932038,1.472222222,0.152380952,0.504761904,0.342857142,0.083333333,0.055555555,0.37142857,0.24761905,0.38095238,0.11879433,198,366,564,"sa548556"
"Shane Opitz","MIL","AAA",26,170,0.309734513,1.042553191,0.157894736,0.429824561,0.412280701,0.255319148,0.042553191,0.40869565,0.27826087,0.31304348,0.09657321,232,410,642,"sa549070"
"D.J. Peterson","CIN","AAA",26,453,0.347079037,0.854961832,0.203278688,0.367213114,0.429508196,0.145038167,0.122137404,0.46579805,0.25081433,0.28338762,0.14859197,561,1108,1669,"sa549926"
"Damek Tomscha","PHI","AAA",26,93,0.2,0.896551724,0.166666666,0.393939393,0.439393939,0.310344827,0.068965517,0.43283582,0.23880597,0.32835821,0.08888889,107,208,315,"sa550391"
"L.J. Mazzilli","NYM","AAA",27,265,0.274193548,1.171428571,0.187165775,0.438502673,0.37433155,0.257142857,0.1,0.51282051,0.19487179,0.29230769,0.06660137,388,633,1021,"sa577753"
"Joe Sever","CLE","AAA",27,69,0.285714285,1.4,0.25,0.4375,0.3125,0.2,0,0.34,0.18,0.48,0.10305344,89,173,262,"sa579296"
"Edwin Espinal","DET","AAA",24,383,0.281954887,1.597560975,0.21402214,0.483394833,0.302583025,0.243902439,0.073170731,0.34432234,0.27106227,0.38461538,0.07721281,564,1029,1593,"sa596971"
"Alberto Triunfel","LAA","AAA",24,131,0.329411764,0.846153846,0.191011235,0.370786516,0.438202247,0.179487179,0.102564102,0.54347826,0.17391304,0.2826087,0.08133087,199,342,541,"sa597103"
"Angelo Mora","LAD","AAA",25,222,0.318471337,1.339285714,0.18125,0.46875,0.35,0.107142857,0.089285714,0.41975309,0.29012346,0.29012346,0.12360939,288,521,809,"sa597177"
"Patrick Leonard","CHW","AAA",25,480,0.336956521,1.564705882,0.229681978,0.469964664,0.300353356,0.164705882,0.129411764,0.41868512,0.23183391,0.34948097,0.14615385,719,1231,1950,"sa597839"
"C.J. McElroy","CIN","AAA",25,147,0.234234234,1.256410256,0.185185185,0.453703703,0.361111111,0.282051282,0.025641025,0.34513274,0.2920354,0.36283186,0.09126984,167,337,504,"sa597861"
"Logan Moore","PHI","AAA",27,264,0.242424242,0.792207792,0.142857142,0.378881987,0.478260869,0.272727272,0.038961038,0.47619048,0.20833333,0.31547619,0.10677809,425,652,1077,"sa598265"
"Todd Hankins","CLE","AAA",27,181,0.39090909,1.5625,0.24074074,0.462962962,0.296296296,0.28125,0.03125,0.50434783,0.23478261,0.26086957,0.13215259,250,484,734,"sa598325"
"Aneury Tavarez","BOS","AAA",26,431,0.284210526,1.435643564,0.151724137,0.5,0.348275862,0.237623762,0.07920792,0.39795918,0.26190476,0.34013605,0.1154075,583,1098,1681,"sa598684"
"Trey Martin","CHC","AAA",25,153,0.32183908,0.94117647,0.204819277,0.385542168,0.409638554,0.117647058,0,0.48314607,0.2247191,0.29213483,0.13136289,216,393,609,"sa599037"
"Mason Robbins","CHW","AAA",25,226,0.329341317,1.8,0.166666666,0.535714285,0.297619047,0.2,0.04,0.37869822,0.25443787,0.36686391,0.10175879,271,525,796,"sa599191"
"Zach Houchins","LAA","AAA",25,100,0.337662337,1.214285714,0.225,0.425,0.35,0.142857142,0.107142857,0.475,0.2375,0.2875,0.13128492,125,233,358,"sa599235"
"James Ramsey","MIN","AAA",28,82,0.4,1.833333333,0.244444444,0.488888888,0.266666666,0.333333333,0,0.42222222,0.31111111,0.26666667,0.10404624,127,219,346,"sa599239"
"Zach Borenstein","NYM","AAA",27,572,0.338078291,1.632183908,0.231543624,0.476510067,0.291946308,0.08045977,0.287356321,0.34527687,0.27361564,0.38110749,0.18527709,983,1435,2418,"sa599252"
"Taylor Sparks","CIN","AAA",25,134,0.196428571,0.607142857,0.237288135,0.288135593,0.474576271,0.321428571,0.142857142,0.55,0.18333333,0.26666667,0.26526718,165,359,524,"sa599278"
"Juan Perez","CHW","AAA",26,178,0.252427184,0.953488372,0.207547169,0.386792452,0.405660377,0.209302325,0.093023255,0.46296296,0.2962963,0.24074074,0.17087667,234,439,673,"sa599306"
"Mike Papi","CLE","AAA",25,296,0.335443037,1.1,0.222222222,0.407407407,0.37037037,0.15,0.116666666,0.47619048,0.21428571,0.30952381,0.08753097,514,697,1211,"sa599318"
"Jerrick Suiter","PIT","AAA",25,219,0.303278688,0.807692307,0.229508196,0.344262295,0.426229508,0.23076923,0.038461538,0.38709677,0.27419355,0.33870968,0.13504823,336,597,933,"sa599740"
"Jose Cardona","TEX","AAA",24,181,0.262773722,1.203703703,0.125,0.477941176,0.397058823,0.351851851,0.055555555,0.4,0.21428571,0.38571429,0.1107739,207,452,659,"sa599888"
"Eric Wood","PIT","AAA",25,308,0.335051546,0.898876404,0.167487684,0.394088669,0.438423645,0.224719101,0.123595505,0.45145631,0.26213592,0.28640777,0.13316791,433,776,1209,"sa602394"
"Drew Weeks","COL","AAA",25,205,0.307692307,1.25490196,0.160583941,0.467153284,0.372262773,0.176470588,0.156862745,0.42446043,0.21582734,0.35971223,0.10643564,330,478,808,"sa602429"
"Hunter Cole","TEX","AAA",25,190,0.330508474,1.14893617,0.178861788,0.43902439,0.382113821,0.106382978,0.170212765,0.3968254,0.31746032,0.28571429,0.14835165,251,477,728,"sa603087"
"Evan Marzilli","ARI","AAA",27,148,0.376470588,0.965517241,0.337209302,0.325581395,0.337209302,0.103448275,0.068965517,0.27586207,0.35632184,0.36781609,0.15384615,236,375,611,"sa621523"
"Kyle Wren","MIL","AAA",27,301,0.331658291,1.5,0.187817258,0.487309644,0.324873096,0.078125,0.046875,0.4097561,0.27317073,0.31707317,0.0848249,489,796,1285,"sa621577"
"Chris Diaz","MIA","AAA",27,74,0.260869565,2.6,0.2,0.577777777,0.222222222,0.3,0,0.5,0.25,0.25,0.10676157,95,186,281,"sa621581"
"Adrian Marin","BAL","AAA",24,276,0.261904761,2.087719298,0.153846153,0.572115384,0.274038461,0.192982456,0,0.45539906,0.23474178,0.30985915,0.08659794,334,636,970,"sa657939"
"BJ Boyd","OAK","AAA",24,427,0.322884012,2.852941176,0.176100628,0.610062893,0.213836477,0.25,0.044117647,0.37846154,0.26461538,0.35692308,0.10902012,536,1005,1541,"sa657987"
"Ronnie Freeman","SFG","AAA",27,217,0.3125,1.529411764,0.208588957,0.478527607,0.312883435,0.176470588,0.058823529,0.36196319,0.25766871,0.3803681,0.12636695,312,511,823,"sa658013"
"Andrew Pullin","PHI","AAA",24,125,0.243243243,1.133333333,0.146666666,0.453333333,0.4,0.1,0.066666666,0.38157895,0.28947368,0.32894737,0.12765957,182,335,517,"sa658016"
"Brett Vertigan","OAK","AAA",27,95,0.370967741,1.666666666,0.225806451,0.483870967,0.29032258,0.222222222,0,0.34920635,0.20634921,0.44444444,0.06398104,158,264,422,"sa658149"
"Bijan Rademacher","CHC","AAA",27,387,0.304347826,1.529411764,0.218181818,0.472727272,0.309090909,0.2,0.023529411,0.37275986,0.25806452,0.36917563,0.08263396,575,974,1549,"sa658233"
"Parker Morin","KCR","AAA",26,167,0.333333333,1.108695652,0.17094017,0.435897435,0.393162393,0.195652173,0.02173913,0.425,0.25,0.325,0.13175676,194,398,592,"sa658263"
"Nellie Rodriguez","CLE","AAA",24,268,0.284671532,0.915254237,0.209790209,0.377622377,0.412587412,0.118644067,0.169491525,0.47297297,0.30405405,0.22297297,0.15703276,403,635,1038,"sa658264"
"Bruce Caldwell","NYY","AAA",26,180,0.289719626,1.066666666,0.169642857,0.428571428,0.401785714,0.088888888,0.133333333,0.38938053,0.31858407,0.2920354,0.11019284,271,455,726,"sa658271"
"Melvin Mercedes","OAK","AAA",26,167,0.294642857,2,0.243243243,0.504504504,0.252252252,0.142857142,0,0.53097345,0.21238938,0.25663717,0.08253968,243,387,630,"sa658283"
"Kody Eaves","DET","AAA",24,82,0.222222222,0.913043478,0.153846153,0.403846153,0.442307692,0.347826086,0,0.33333333,0.31481481,0.35185185,0.0755287,122,209,331,"sa658290"
"Jacob Scavuzzo","LAD","AAA",24,54,0.285714285,1.272727272,0.166666666,0.466666666,0.366666666,0.09090909,0.181818181,0.46666667,0.23333333,0.3,0.19806763,66,141,207,"sa658601"
"Jason Leblebijian","TOR","AAA",27,324,0.295454545,1.059701492,0.233333333,0.394444444,0.372222222,0.104477611,0.149253731,0.48387097,0.24193548,0.27419355,0.15725806,461,779,1240,"sa658622"
"Colton Plaia","NYM","AAA",27,223,0.325396825,0.706896551,0.266666666,0.303703703,0.429629629,0.24137931,0.155172413,0.46323529,0.28676471,0.25,0.13577586,319,609,928,"sa658920"
"David Thompson","NYM","AAA",24,73,0.355555555,1.571428571,0.217391304,0.478260869,0.304347826,0.285714285,0.071428571,0.63043478,0.13043478,0.23913043,0.11636364,96,179,275,"sa659290"
"Drew Dosch","BAL","AAA",26,394,0.380753138,1.011111111,0.264227642,0.369918699,0.365853658,0.133333333,0.077777777,0.46747967,0.25203252,0.2804878,0.16210807,541,958,1499,"sa709292"
"Cole Sturgeon","BOS","AAA",26,263,0.274285714,1.44262295,0.162921348,0.494382022,0.342696629,0.180327868,0.049180327,0.35359116,0.25414365,0.39226519,0.09362934,364,672,1036,"sa709546"
"Michael De La Cruz","TOR","AAA",25,50,0.307692307,1,0.153846153,0.423076923,0.423076923,0.181818181,0,0.48148148,0.25925926,0.25925926,0.14646465,75,123,198,"sa736830"
"Drew Ward","WSN","AAA",23,61,0.294117647,2.571428571,0.264705882,0.529411764,0.205882352,0.428571428,0,0.5,0.20588235,0.29411765,0.14859438,91,158,249,"sa737690"
"Forrestt Allday","SDP","AAA",27,337,0.330472103,1.527027027,0.204255319,0.480851063,0.314893617,0.202702702,0.054054054,0.4092827,0.22362869,0.36708861,0.06506849,560,900,1460,"sa737849"
"Stephen McGee","LAA","AAA",27,103,0.319148936,1.055555555,0.212765957,0.404255319,0.382978723,0.277777777,0.055555555,0.42857143,0.26530612,0.30612245,0.13247863,196,272,468,"sa737919"
"Erich Weiss","PIT","AAA",26,236,0.289308176,0.842857142,0.208588957,0.36196319,0.429447852,0.171428571,0.071428571,0.40243902,0.29268293,0.30487805,0.12918108,297,570,867,"sa737930"
"Jon Kemmer","MIN","AAA",27,463,0.307407407,0.857142857,0.227272727,0.356643356,0.416083916,0.159663865,0.142857142,0.39721254,0.28222997,0.32055749,0.16050745,674,1139,1813,"sa738208"
"Jantzen Witte","BOS","AAA",28,113,0.347826086,1.545454545,0.211267605,0.478873239,0.309859154,0,0.09090909,0.34722222,0.18055556,0.47222222,0.12025316,173,301,474,"sa738324"
"Nick Longhi","CIN","AAA",22,93,0.333333333,1.444444444,0.278688524,0.426229508,0.295081967,0.222222222,0,0.34920635,0.15873016,0.49206349,0.12857143,111,239,350,"sa738434"
"Adam Law","SEA","AAA",28,240,0.305555555,1.157142857,0.17032967,0.445054945,0.384615384,0.3,0.042857142,0.51630435,0.17391304,0.30978261,0.08934708,276,597,873,"sa738573"
"Michael Russell","TBR","AAA",25,134,0.322916666,1.212121212,0.231578947,0.421052631,0.347368421,0.303030303,0,0.51020408,0.14285714,0.34693878,0.12526539,134,337,471,"sa827159"
"Casey Gillaspie","CHW","AAA",25,281,0.325153374,1.080645161,0.218181818,0.406060606,0.375757575,0.225806451,0.048387096,0.4939759,0.21084337,0.29518072,0.15482696,393,705,1098,"sa827177"
"Gunnar Heidt","TOR","AAA",25,70,0.470588235,1.166666666,0.277777777,0.388888888,0.333333333,0.166666666,0.166666666,0.52777778,0.19444444,0.27777778,0.18045113,88,178,266,"sa827195"
"Jordan Betts","BOS","AAA",26,134,0.358024691,0.714285714,0.277108433,0.301204819,0.421686746,0.314285714,0.085714285,0.51190476,0.17857143,0.30952381,0.1187384,194,345,539,"sa827329"
"Auston Bousfield","SDP","AAA",24,319,0.297169811,0.836734693,0.150943396,0.386792452,0.46226415,0.102040816,0.020408163,0.3411215,0.26168224,0.39719626,0.06263195,561,860,1421,"sa827356"
"Franklin Rollin","TEX","AAA",22,74,0.258620689,1.130434782,0.155172413,0.448275862,0.396551724,0.217391304,0.04347826,0.33333333,0.28333333,0.38333333,0.05494505,93,180,273,"sa827951"
"Nicholas Torres","TEX","AAA",25,125,0.280487804,1.782608695,0.2,0.5125,0.2875,0.04347826,0,0.52439024,0.14634146,0.32926829,0.1561086,130,312,442,"sa828872"
"Logan Moon","KCR","AAA",26,122,0.271604938,1.64,0.175,0.5125,0.3125,0.08,0,0.30864198,0.30864198,0.38271605,0.14252874,148,287,435,"sa829029"
"Jamie Ritchie","HOU","AAA",25,97,0.370967741,0.88,0.265625,0.34375,0.390625,0.4,0.12,0.58461538,0.12307692,0.29230769,0.07008086,153,218,371,"sa829058"
"Nick Tanielu","HOU","AAA",25,301,0.31779661,1.116279069,0.212121212,0.415584415,0.372294372,0.197674418,0.058139534,0.40082645,0.27272727,0.32644628,0.06761905,396,654,1050,"sa829082"
"Chesny Young","CHC","AAA",25,290,0.327272727,1.851851851,0.28372093,0.465116279,0.25116279,0.185185185,0,0.3800905,0.19909502,0.42081448,0.07011394,385,756,1141,"sa829085"
"Jake Peter","LAD","AAA",25,365,0.318777292,1.083333333,0.14893617,0.442553191,0.408510638,0.135416666,0.072916666,0.47457627,0.27542373,0.25,0.14223827,492,893,1385,"sa829115"
"Zack Zehner","NYY","AAA",25,332,0.345,0.776470588,0.2705314,0.318840579,0.410628019,0.258823529,0.117647058,0.41706161,0.27488152,0.30805687,0.13212025,418,846,1264,"sa829122"
"Bo Way","LAA","AAA",26,132,0.4,2.25,0.257142857,0.514285714,0.228571428,0.25,0,0.35185185,0.27777778,0.37037037,0.07484407,176,305,481,"sa829126"
"Antonio Nunez","HOU","AAA",25,242,0.283687943,1.24,0.205673758,0.439716312,0.354609929,0.3,0.02,0.39310345,0.24827586,0.35862069,0.16254037,300,629,929,"sa829188"
"Corey Toups","KCR","AAA",25,57,0.258064516,1.6,0.161290322,0.516129032,0.322580645,0,0.1,0.59375,0.21875,0.1875,0.19196429,84,140,224,"sa829321"
"Josh Ockimey","BOS","AAA",22,105,0.294117647,0.875,0.196428571,0.375,0.428571428,0.125,0.208333333,0.41071429,0.17857143,0.41071429,0.14855876,179,272,451,"sa829375"
"Devyn Bolasky","NYY","AAA",25,98,0.231707317,1.458333333,0.2625,0.4375,0.3,0.166666666,0,0.2195122,0.2195122,0.56097561,0.03399433,120,233,353,"sa829558"
"Sal Giardina","ATL","AAA",26,73,0.416666666,2.875,0.367346938,0.469387755,0.163265306,0.375,0.125,0.51020408,0.14285714,0.34693878,0.15555556,75,195,270,"sa829575"
"Nick Schulz","SDP","AAA",27,185,0.333333333,1.214285714,0.138888888,0.472222222,0.388888888,0.333333333,0.023809523,0.47706422,0.28440367,0.23853211,0.15683646,283,463,746,"sa829877"
"Roemon Fields","TOR","AAA",27,367,0.305220883,2.03125,0.195020746,0.539419087,0.265560165,0.234375,0.03125,0.35177866,0.28853755,0.35968379,0.09830007,473,880,1353,"sa829879"
"Billy Fleming","NYY","AAA",25,101,0.342465753,0.685714285,0.180555555,0.333333333,0.486111111,0.142857142,0,0.39189189,0.35135135,0.25675676,0.08845209,144,263,407,"sa836204"
"Zander Wiel","MIN","AAA",25,58,0.189189189,1.105263157,0,0.525,0.475,0.157894736,0.157894736,0.5,0.225,0.275,0.12727273,66,154,220,"sa857249"
"Connor Marabell","CLE","AAA",24,120,0.232323232,1.44117647,0.161616161,0.494949494,0.343434343,0.323529411,0.058823529,0.45544554,0.22772277,0.31683168,0.07434053,119,298,417,"sa858026"
"Alex Perez","MIN","AAA",25,50,0.305555555,1.363636363,0.277777777,0.416666666,0.305555555,0.09090909,0,0.5,0.19444444,0.30555556,0.05102041,75,121,196,"sa858057"
"Donnie Dewees","KCR","AAA",24,241,0.30994152,1.128571428,0.15340909,0.448863636,0.397727272,0.171428571,0.085714285,0.40555556,0.3,0.29444444,0.10549451,311,599,910,"sa858802"
"Kade Scivicque","DET","AAA",25,128,0.257731958,1.054054054,0.232323232,0.393939393,0.373737373,0.189189189,0.054054054,0.47,0.31,0.22,0.10864198,130,275,405,"sa875053"
"Garrett Kennedy","SEA","AAA",25,102,0.288135593,0.833333333,0.266666666,0.333333333,0.4,0.25,0.083333333,0.49180328,0.27868852,0.2295082,0.10294118,159,249,408,"sa875722"
"Chad De La Guerra","BOS","AAA",25,76,0.173076923,0.909090909,0.207547169,0.37735849,0.415094339,0.272727272,0.045454545,0.49056604,0.28301887,0.22641509,0.17421603,104,183,287,"sa875729"
"Drew Ferguson","HOU","AAA",25,292,0.394117647,1.320754716,0.276470588,0.411764705,0.311764705,0.132075471,0.075471698,0.51977401,0.22033898,0.25988701,0.09661017,497,683,1180,"sa875766"
"Jonathan Morales","ATL","AAA",23,51,0.307692307,1.357142857,0.153846153,0.487179487,0.358974358,0.285714285,0,0.51282051,0.15384615,0.33333333,0.10344828,70,133,203,"sa875808"
"Alejandro Garcia","HOU","AAA",27,138,0.237288135,2.233333333,0.177966101,0.56779661,0.254237288,0.266666666,0.033333333,0.41176471,0.20168067,0.38655462,0.09375,178,334,512,"sa880808"