Name,Team,Level,Age,PA,BABIP,GB/FB,LD%,GB%,FB%,IFFB%,HR/FB,Pull%,Cent%,Oppo%,SwStr%,Balls,Strikes,Pitches,PlayerId
"Chris Owings","PIT","AAA",31,371,0.311224489,0.939759036,0.229665071,0.373205741,0.397129186,0.096385542,0.180722891,0.45539906,0.30046948,0.24413146,0.1202957,592,896,1488,"10030"
"Billy Hamilton","CHW","AAA",32,113,0.266666666,0.74074074,0.20338983,0.33898305,0.457627118,0.555555555,0.037037037,0.38095238,0.22222222,0.3968254,0.12941176,155,270,425,"10199"
"Jose Iglesias","SDP","AAA",33,135,0.35,1.171428571,0.262135922,0.398058252,0.339805825,0.285714285,0.114285714,0.47115385,0.27884615,0.25,0.09626719,167,342,509,"10231"
"Rafael Ortega","NYM","AAA",32,339,0.253456221,0.989010989,0.188340807,0.403587443,0.408071748,0.362637362,0.098901098,0.51982379,0.18942731,0.2907489,0.07898352,582,874,1456,"10323"
"Jon Singleton","MIL","AAA",31,364,0.31372549,0.7,0.244444444,0.311111111,0.444444444,0.15,0.22,0.42731278,0.28193833,0.2907489,0.08782849,636,810,1446,"10441"
"Adeiny Hechavarria","KCR","AAA",34,141,0.244444444,0.88095238,0.168421052,0.389473684,0.442105263,0.19047619,0.142857142,0.5,0.29166667,0.20833333,0.15098039,177,333,510,"10459"
"Cesar Hernandez","SEA","AAA",33,164,0.369565217,1.56,0.296703296,0.428571428,0.274725274,0.2,0,0.38709677,0.24731183,0.3655914,0.0872093,289,399,688,"10556"
"David Freitas","LAD","AAA",34,129,0.325581395,0.631578947,0.303370786,0.269662921,0.426966292,0.052631578,0.131578947,0.40659341,0.2967033,0.2967033,0.08739837,206,286,492,"10619"
"Rob Brantly","TOR","AAA",33,177,0.304,1.307692307,0.285714285,0.404761904,0.309523809,0.307692307,0.025641025,0.48412698,0.21428571,0.3015873,0.07515337,258,394,652,"10655"
"Ryan LaMarre","MIN","AAA",34,108,0.280701754,1.3,0.206896551,0.448275862,0.344827586,0.2,0.15,0.41666667,0.31666667,0.26666667,0.1495098,150,258,408,"10700"
"Rangel Ravelo","SDP","AAA",31,258,0.331325301,1.612244897,0.247058823,0.464705882,0.288235294,0.142857142,0.163265306,0.37142857,0.26857143,0.36,0.08007813,427,597,1024,"10839"
"Elliot Soto","MIN","AAA",33,184,0.323809523,1.888888888,0.25,0.490384615,0.259615384,0.185185185,0.037037037,0.42201835,0.23853211,0.33944954,0.13210227,258,446,704,"11155"
"Kole Calhoun","LAD","AAA",35,266,0.337078651,0.848484848,0.34054054,0.302702702,0.356756756,0.166666666,0.136363636,0.4973262,0.20320856,0.29946524,0.12858556,405,606,1011,"11200"
"Jake Marisnick","CHW","AAA",32,145,0.348837209,1,0.209302325,0.395348837,0.395348837,0.176470588,0.058823529,0.36363636,0.38636364,0.25,0.12280702,225,345,570,"11339"
"Jesus Aguilar","ATL","AAA",33,241,0.328947368,0.963636363,0.31210191,0.337579617,0.350318471,0.181818181,0.09090909,0.38216561,0.27388535,0.34394904,0.08110781,411,600,1011,"11342"
"Delino DeShields","SEA","AAA",30,50,0.27027027,1.818181818,0.114285714,0.571428571,0.314285714,0.181818181,0,0.35135135,0.43243243,0.21621622,0.11173184,76,103,179,"11379"
"Gary Sanchez","NYM","AAA",30,106,0.307692307,0.772727272,0.264150943,0.320754716,0.415094339,0.454545454,0.045454545,0.43396226,0.22641509,0.33962264,0.09224319,214,263,477,"11442"
"Tony Wolters","MIN","AAA",31,215,0.312,1.54054054,0.265625,0.4453125,0.2890625,0.378378378,0.081081081,0.390625,0.234375,0.375,0.10854503,373,493,866,"11470"
"Dixon Machado","HOU","AAA",31,293,0.259459459,1.517857142,0.245989304,0.454545454,0.29946524,0.25,0.125,0.546875,0.19791667,0.25520833,0.05387755,537,688,1225,"11472"
"Henry Ramos","CIN","AAA",31,327,0.374384236,1.231884057,0.287037037,0.393518518,0.319444444,0.173913043,0.188405797,0.47926267,0.20737327,0.31336406,0.1210139,478,745,1223,"11481"
"Yolmer Sanchez","ATL","AAA",31,481,0.297794117,0.787610619,0.268115942,0.322463768,0.409420289,0.17699115,0.07079646,0.46263345,0.2455516,0.29181495,0.09820126,840,1217,2057,"11602"
"Nick Martini","CIN","AAA",33,417,0.325203252,0.957894736,0.2734375,0.35546875,0.37109375,0.2,0.157894736,0.48091603,0.27480916,0.24427481,0.08533022,697,1014,1711,"12005"
"Niko Goodrum","BOS","AAA",31,286,0.350993377,1.681818181,0.253164556,0.46835443,0.278481012,0.181818181,0.181818181,0.35849057,0.31446541,0.32704403,0.0968,575,675,1250,"12092"
"Juniel Querecuto","STL","AAA",30,440,0.330935251,0.791666666,0.253472222,0.329861111,0.416666666,0.166666666,0.108333333,0.39383562,0.29452055,0.31164384,0.11761264,607,1102,1709,"12140"
"Ben Gamel","SDP","AAA",31,332,0.342105263,1.06849315,0.256157635,0.384236453,0.359605911,0.178082191,0.178082191,0.48529412,0.25490196,0.25980392,0.09848485,568,752,1320,"12160"
"Jorge Alfaro","COL","AAA",30,278,0.362162162,1.7,0.285714285,0.449735449,0.264550264,0.14,0.14,0.44791667,0.16145833,0.390625,0.20043103,276,652,928,"12180"
"Jake Hager","ARI","AAA",30,209,0.307142857,1.24,0.2,0.442857142,0.357142857,0.14,0.06,0.53793103,0.1862069,0.27586207,0.12967914,260,488,748,"12198"
"Taylor Motter","STL","AAA",33,236,0.319148936,0.770491803,0.275167785,0.315436241,0.409395973,0.278688524,0.13114754,0.48322148,0.28187919,0.23489933,0.10183299,379,603,982,"12399"
"John Hicks","PHI","AAA",33,206,0.28,1.041666666,0.222222222,0.396825396,0.38095238,0.229166666,0.0625,0.48837209,0.24806202,0.26356589,0.176,248,502,750,"12547"
"Phillip Evans","ARI","AAA",30,590,0.344059405,1.663793103,0.25,0.468446601,0.281553398,0.284482758,0.094827586,0.39568345,0.28057554,0.32374101,0.06952596,905,1310,2215,"12950"
"Michael Perez","NYM","AAA",30,270,0.2375,1.180327868,0.208333333,0.428571428,0.363095238,0.229508196,0.147540983,0.56725146,0.21052632,0.22222222,0.11261261,442,668,1110,"12977"
"Jose Briceno","KCR","AAA",30,122,0.2,1.3,0.148148148,0.481481481,0.37037037,0.4,0.3,0.53571429,0.23809524,0.22619048,0.16511628,151,279,430,"13151"
"Jake Lamb","NYY","AAA",32,357,0.349282296,1.053333333,0.296803652,0.360730593,0.342465753,0.16,0.146666666,0.4,0.31363636,0.28636364,0.09257999,628,841,1469,"13329"
"Tyler Naquin","MIL","AAA",32,269,0.346153846,1.574468085,0.262195121,0.451219512,0.286585365,0.14893617,0.191489361,0.5,0.18072289,0.31927711,0.16909621,327,702,1029,"13359"
"Stephen Piscotty","CHW","AAA",32,206,0.259259259,1.25,0.164285714,0.464285714,0.371428571,0.346153846,0.115384615,0.5177305,0.20567376,0.27659574,0.11837238,314,497,811,"13367"
"Erik Gonzalez","CHW","AAA",31,493,0.341040462,2.155555555,0.172011661,0.565597667,0.26239067,0.177777777,0.055555555,0.43661972,0.23661972,0.32676056,0.14810496,552,1163,1715,"13369"
"Wynton Bernard","TOR","AAA",32,571,0.358585858,1.547826086,0.269326683,0.443890274,0.286783042,0.295652173,0.095652173,0.46568627,0.23529412,0.29901961,0.1010916,777,1330,2107,"13408"
"Roman Quinn","CLE","AAA",30,177,0.307692307,1.857142857,0.240506329,0.493670886,0.265822784,0.285714285,0.095238095,0.5,0.27380952,0.22619048,0.15539568,277,418,695,"13546"
"Jesse Winker","MIL","AAA",29,93,0.301886792,1.25,0.210526315,0.438596491,0.350877192,0.2,0.2,0.43859649,0.26315789,0.29824561,0.0962963,177,228,405,"13590"
"Jose Peraza","NYM","AAA",29,147,0.314285714,0.6875,0.221153846,0.317307692,0.461538461,0.291666666,0.041666666,0.47222222,0.24074074,0.28703704,0.10485437,177,338,515,"13593"
"Preston Tucker","SDP","AAA",32,240,0.326086956,1.361702127,0.25,0.432432432,0.317567567,0.361702127,0.234042553,0.51677852,0.24161074,0.24161074,0.09014675,427,527,954,"13633"
"Jack Lopez","LAA","AAA",30,380,0.337398373,1.835820895,0.260700389,0.478599221,0.260700389,0.164179104,0.19402985,0.40229885,0.29501916,0.30268199,0.14001421,453,954,1407,"13663"
"Tyrone Taylor","MIL","AAA",29,56,0.242424242,0.8125,0.216216216,0.351351351,0.432432432,0.125,0.25,0.43243243,0.2972973,0.27027027,0.11872146,67,152,219,"13675"
"David Dahl","SDP","AAA",29,313,0.31081081,1.294871794,0.225108225,0.437229437,0.337662337,0.128205128,0.115384615,0.42424242,0.22077922,0.35497835,0.10675563,429,770,1199,"13744"
"Elier Hernandez","TEX","AAA",28,612,0.355932203,1.093959731,0.265882352,0.383529411,0.350588235,0.174496644,0.120805369,0.41435185,0.25925926,0.32638889,0.12271973,881,1531,2412,"13750"
"Tomas Nido","NYM","AAA",29,146,0.326923076,1.888888888,0.264150943,0.481132075,0.254716981,0.148148148,0.148148148,0.49074074,0.2962963,0.21296296,0.17372881,144,328,472,"13755"
"Matt Reynolds","CIN","AAA",32,515,0.33217993,0.926829268,0.23051948,0.37012987,0.399350649,0.170731707,0.178861788,0.43769968,0.29073482,0.2715655,0.11612284,822,1262,2084,"13788"
"Kevin Plawecki","SDP","AAA",32,269,0.322751322,1.857142857,0.259259259,0.481481481,0.259259259,0.367346938,0.081632653,0.4507772,0.2746114,0.2746114,0.09803922,402,618,1020,"13807"
"Anthony Bemboom","BAL","AAA",33,148,0.346534653,1.814814814,0.262135922,0.475728155,0.262135922,0.222222222,0.111111111,0.46153846,0.23076923,0.30769231,0.08892922,219,332,551,"13854"
"Tyler Heineman","TOR","AAA",32,165,0.292929292,0.87804878,0.23,0.36,0.41,0.170731707,0.048780487,0.36893204,0.26213592,0.36893204,0.08645533,276,418,694,"13897"
"Tim Lopes","SDP","AAA",29,550,0.355882352,1.484848484,0.293103448,0.422413793,0.284482758,0.121212121,0.131313131,0.43626062,0.26345609,0.30028329,0.11668928,855,1356,2211,"14137"
"Daniel Robertson","ATL","AAA",29,211,0.258992805,1.916666666,0.25,0.492857142,0.257142857,0.277777777,0.083333333,0.37323944,0.29577465,0.33098592,0.08991495,328,495,823,"14145"
"Andrew Velazquez","LAA","AAA",28,156,0.301204819,2.142857142,0.232558139,0.523255813,0.244186046,0.142857142,0.142857142,0.26136364,0.35227273,0.38636364,0.18635607,220,381,601,"14196"
"Wilmer Difo","NYY","AAA",31,336,0.254716981,1.529411764,0.2,0.48372093,0.316279069,0.279411764,0.073529411,0.4516129,0.26267281,0.28571429,0.10373134,547,793,1340,"14320"
"Raimel Tapia","TBR","AAA",29,124,0.324324324,2,0.23076923,0.512820512,0.256410256,0,0.2,0.3974359,0.26923077,0.33333333,0.10506567,211,322,533,"14350"
"Joe Hudson","ATL","AAA",32,272,0.313432835,0.892857142,0.258741258,0.349650349,0.391608391,0.178571428,0.160714285,0.52447552,0.24475524,0.23076923,0.09083192,503,675,1178,"14412"
"Jake Cave","PHI","AAA",30,275,0.39520958,1.333333333,0.269230769,0.417582417,0.313186813,0.052631578,0.280701754,0.43715847,0.23497268,0.32786885,0.11820782,413,636,1049,"14477"
"Pedro Severino","SDP","AAA",29,267,0.27840909,0.916666666,0.254054054,0.356756756,0.389189189,0.25,0.138888888,0.48663102,0.2459893,0.26737968,0.10430009,415,678,1093,"14523"
"Nomar Mazara","WSN","AAA",28,203,0.312977099,1.581395348,0.165413533,0.511278195,0.32330827,0.162790697,0.116279069,0.34558824,0.25735294,0.39705882,0.09506619,322,509,831,"14553"
"Franmil Reyes","KCR","AAA",27,167,0.260416666,1.53125,0.198019801,0.485148514,0.316831683,0.25,0.1875,0.58823529,0.17647059,0.23529412,0.13681241,290,419,709,"14566"
"Franchy Cordero","NYY","AAA",28,350,0.349753694,1.439393939,0.25116279,0.441860465,0.306976744,0.196969696,0.196969696,0.48611111,0.24074074,0.27314815,0.15070423,573,847,1420,"14567"
"David Bote","CHC","AAA",30,425,0.311023622,1.272727272,0.242424242,0.424242424,0.333333333,0.181818181,0.159090909,0.44237918,0.26394052,0.2936803,0.12934716,653,986,1639,"14593"
"Brett Phillips","LAA","AAA",29,264,0.344,0.913043478,0.328244274,0.320610687,0.351145038,0.108695652,0.130434782,0.42647059,0.23529412,0.33823529,0.11398964,477,681,1158,"14735"
"Yu Chang","BOS","AAA",27,66,0.369565217,0.944444444,0.270833333,0.354166666,0.375,0.222222222,0.166666666,0.46938776,0.24489796,0.28571429,0.11965812,79,155,234,"14773"
"Luke Voit","NYM","AAA",32,200,0.292134831,0.490196078,0.24,0.25,0.51,0.137254901,0.294117647,0.43269231,0.29807692,0.26923077,0.17363752,353,436,789,"14811"
"Pat Valaika","LAD","AAA",30,241,0.277419354,0.901639344,0.265822784,0.348101265,0.386075949,0.196721311,0.098360655,0.43478261,0.22360248,0.34161491,0.11005291,363,582,945,"14885"
"Daniel Palka","NYM","AAA",31,412,0.275193798,1.388235294,0.245353159,0.43866171,0.31598513,0.352941176,0.2,0.44160584,0.23722628,0.32116788,0.15114127,643,978,1621,"14897"
"Andrew Knapp","HOU","AAA",31,358,0.304761904,1.569230769,0.230414746,0.470046082,0.29953917,0.061538461,0.138461538,0.46153846,0.26244344,0.2760181,0.14411119,531,836,1367,"14942"
"Johan Camargo","KCR","AAA",29,209,0.26618705,1.489795918,0.170068027,0.496598639,0.333333333,0.163265306,0.183673469,0.49324324,0.22972973,0.27702703,0.09696262,314,542,856,"14950"
"Dom Nunez","PIT","AAA",28,236,0.25,1.042553191,0.232,0.392,0.376,0.361702127,0.106382978,0.4469697,0.23484848,0.31818182,0.09375,387,573,960,"15055"
"Adam Engel","SEA","AAA",31,376,0.324468085,1.037974683,0.202970297,0.405940594,0.391089108,0.354430379,0.177215189,0.51980198,0.24257426,0.23762376,0.13265306,638,930,1568,"15082"
"Jonathan Davis","DET","AAA",31,141,0.306818181,1.28125,0.188888888,0.455555555,0.355555555,0.15625,0.15625,0.4516129,0.24731183,0.30107527,0.10035842,225,333,558,"15104"
"Tim Locastro","NYM","AAA",30,66,0.225,0.882352941,0.219512195,0.365853658,0.414634146,0.294117647,0.117647058,0.53488372,0.25581395,0.20930233,0.128,82,168,250,"15124"
"Josh VanMeter","MIL","AAA",28,190,0.236559139,1.303030303,0.2,0.452631578,0.347368421,0.181818181,0.181818181,0.52525253,0.19191919,0.28282828,0.07352941,406,478,884,"15170"
"Dustin Peterson","PHI","AAA",28,348,0.269607843,1.082352941,0.202702702,0.414414414,0.382882882,0.34117647,0.223529411,0.44843049,0.22421525,0.32735426,0.11126761,541,879,1420,"15189"
"Chad Pinder","WSN","AAA",31,94,0.306451612,1.555555555,0.28125,0.4375,0.28125,0.277777777,0.166666666,0.4,0.23076923,0.36923077,0.13068182,126,226,352,"15191"
"Jake Bauers","NYY","AAA",27,97,0.333333333,0.5,0.311475409,0.229508196,0.459016393,0.071428571,0.392857142,0.41935484,0.33870968,0.24193548,0.09181141,173,230,403,"15194"
"Brandon Dixon","SDP","AAA",31,273,0.345070422,1,0.184210526,0.407894736,0.407894736,0.225806451,0.241935483,0.53846154,0.20512821,0.25641026,0.15482696,409,689,1098,"15214"
"Mike Tauchman","CHC","AAA",32,103,0.333333333,1.5,0.166666666,0.5,0.333333333,0.15,0.15,0.28333333,0.33333333,0.38333333,0.09565217,202,258,460,"15274"
"Victor Reyes","CHW","AAA",28,546,0.331491712,1.525423728,0.201072386,0.482573726,0.316353887,0.13559322,0.169491525,0.44270833,0.25520833,0.30208333,0.12842304,680,1438,2118,"15487"
"Jamie Westbrook","NYY","AAA",28,496,0.321543408,1.55,0.217791411,0.475460122,0.306748466,0.3,0.21,0.49698795,0.19879518,0.30421687,0.10193413,769,1144,1913,"15504"
"Franklin Barreto","WSN","AAA",27,111,0.206349206,0.8125,0.159420289,0.376811594,0.463768115,0.125,0.21875,0.22535211,0.30985915,0.46478873,0.14216867,139,276,415,"15519"
"Tyler White","MIN","AAA",32,120,0.315789473,0.90625,0.217948717,0.371794871,0.41025641,0.28125,0.0625,0.41025641,0.20512821,0.38461538,0.09923664,202,322,524,"15564"
"Mike Ford","SEA","AAA",30,211,0.3,0.949152542,0.195804195,0.391608391,0.412587412,0.288135593,0.220338983,0.47916667,0.25694444,0.26388889,0.07331731,374,458,832,"15585"
"Billy McKinney","NYY","AAA",28,160,0.29787234,0.755555555,0.225490196,0.333333333,0.44117647,0.2,0.2,0.47572816,0.24271845,0.2815534,0.10662359,248,371,619,"15654"
"Tyler Wade","OAK","AAA",28,400,0.373493975,1.692307692,0.305555555,0.436507936,0.257936507,0.246153846,0.092307692,0.43461538,0.20769231,0.35769231,0.091355,657,974,1631,"15730"
"Yonathan Daza","COL","AAA",29,181,0.340425531,1.255319148,0.258741258,0.412587412,0.328671328,0.085106382,0.042553191,0.38461538,0.25874126,0.35664336,0.07966102,178,412,590,"15794"
"Jose Godoy","BAL","AAA",28,132,0.3,1.535714285,0.236559139,0.462365591,0.301075268,0.285714285,0.142857142,0.46808511,0.26595745,0.26595745,0.08812261,194,328,522,"15808"
"Erick Mejia","WSN","AAA",28,267,0.260115606,0.857142857,0.205555555,0.366666666,0.427777777,0.285714285,0.103896103,0.40983607,0.30601093,0.28415301,0.11621622,412,698,1110,"15817"
"Miguel Andujar","PIT","AAA",28,465,0.358381502,1.116279069,0.235294117,0.403361344,0.361344537,0.294573643,0.124031007,0.49171271,0.26243094,0.24585635,0.08869565,674,1051,1725,"15878"
"Luis Torrens","SEA","AAA",27,95,0.288135593,2.266666666,0.196721311,0.557377049,0.245901639,0.066666666,0.266666666,0.58730159,0.19047619,0.22222222,0.11647727,123,229,352,"15905"
"Clint Frazier","CHW","AAA",28,316,0.296969696,0.792207792,0.21590909,0.346590909,0.4375,0.298701298,0.155844155,0.4519774,0.24293785,0.30508475,0.11751497,567,769,1336,"15983"
"Kean Wong","CHW","AAA",28,174,0.318181818,1.84375,0.208695652,0.513043478,0.278260869,0.1875,0.15625,0.49565217,0.19130435,0.31304348,0.09495549,272,402,674,"15994"
"Bradley Zimmer","BOS","AAA",30,305,0.330935251,3.269230769,0.244897959,0.578231292,0.176870748,0.115384615,0.307692307,0.39455782,0.23809524,0.36734694,0.17661488,482,741,1223,"16221"
"Michael Hermosillo","NYY","AAA",28,234,0.232394366,0.702702702,0.171052631,0.342105263,0.486842105,0.27027027,0.175675675,0.5483871,0.21290323,0.23870968,0.15802171,283,546,829,"16285"
"Yairo Munoz","ARI","AAA",28,54,0.388888888,2,0.166666666,0.555555555,0.277777777,0,0,0.58333333,0.19444444,0.22222222,0.135,75,125,200,"16313"
"Pablo Reyes","BOS","AAA",29,117,0.319444444,1.423076923,0.148648648,0.5,0.351351351,0.153846153,0.115384615,0.34666667,0.28,0.37333333,0.0851927,209,284,493,"16357"
"Oscar Mercado","STL","AAA",28,347,0.348214285,0.867346938,0.211206896,0.36637931,0.422413793,0.214285714,0.142857142,0.49790795,0.20502092,0.29707113,0.13461538,460,840,1300,"16375"
"Brian Navarreto","MIL","AAA",28,301,0.277777777,1.347826086,0.198019801,0.460396039,0.341584158,0.246376811,0.101449275,0.5776699,0.18932039,0.23300971,0.12041885,420,726,1146,"16398"
"Francisco Mejia","TBR","AAA",27,92,0.366666666,1,0.181818181,0.409090909,0.409090909,0.222222222,0.222222222,0.45454545,0.22727273,0.31818182,0.08719346,122,245,367,"16403"
"Domingo Leyba","PIT","AAA",27,167,0.293577981,0.8125,0.216216216,0.351351351,0.432432432,0.375,0.104166666,0.47826087,0.27826087,0.24347826,0.09394904,245,383,628,"16404"
"Sergio Alcantara","ARI","AAA",26,403,0.343096234,1.070588235,0.272727272,0.376033057,0.351239669,0.176470588,0.094117647,0.51417004,0.24696356,0.2388664,0.09679335,693,991,1684,"16417"
"Jordan Luplow","TOR","AAA",29,222,0.255172413,0.742857142,0.19205298,0.34437086,0.463576158,0.314285714,0.114285714,0.47058824,0.22875817,0.30065359,0.10969116,385,554,939,"16424"
"Christian Arroyo","BOS","AAA",28,71,0.16981132,1.533333333,0.24,0.46,0.3,0.333333333,0,0.46296296,0.22222222,0.31481481,0.13636364,91,173,264,"16434"
"Ryan O'Hearn","BAL","AAA",29,52,0.433333333,2.333333333,0.411764705,0.411764705,0.176470588,0.166666666,0.666666666,0.44117647,0.38235294,0.17647059,0.12149533,88,126,214,"16442"
"Jacob Nottingham","SFG","AAA",28,221,0.268292682,0.836363636,0.223076923,0.353846153,0.423076923,0.236363636,0.181818181,0.46268657,0.29850746,0.23880597,0.16431925,304,548,852,"16448"
"Luis Guillorme","NYM","AAA",28,68,0.255319148,1.923076923,0.208333333,0.520833333,0.270833333,0.076923076,0.076923076,0.41666667,0.22916667,0.35416667,0.04044118,120,152,272,"16451"
"Forrest Wall","ATL","AAA",27,411,0.351351351,1.925373134,0.251908396,0.492366412,0.25572519,0.179104477,0.119402985,0.44360902,0.27443609,0.28195489,0.07283237,706,1024,1730,"16496"
"Kevin Padlo","LAA","AAA",26,406,0.327433628,0.787878787,0.256302521,0.327731092,0.415966386,0.232323232,0.131313131,0.41422594,0.27615063,0.30962343,0.1147541,672,914,1586,"16593"
"Luis Urias","MIL","AAA",26,139,0.2875,0.828571428,0.238095238,0.345238095,0.416666666,0.228571428,0.114285714,0.51190476,0.28571429,0.20238095,0.11584327,220,367,587,"16622"
"Greg Allen","MIL","AAA",30,203,0.295081967,1.041666666,0.203252032,0.406504065,0.390243902,0.208333333,0.0625,0.44444444,0.18253968,0.37301587,0.08928571,309,475,784,"16623"
"Brian O'Keefe","SEA","AAA",29,403,0.261802575,0.859813084,0.207171314,0.366533864,0.42629482,0.242990654,0.214953271,0.49609375,0.27734375,0.2265625,0.14142091,604,888,1492,"16680"
"Jason Vosler","CIN","AAA",29,363,0.27093596,0.721649484,0.244343891,0.316742081,0.438914027,0.154639175,0.206185567,0.52466368,0.2690583,0.20627803,0.1097561,576,900,1476,"16686"
"Joshua Fuentes","ATL","AAA",30,260,0.269662921,1.014705882,0.234636871,0.38547486,0.379888268,0.308823529,0.073529411,0.375,0.27173913,0.35326087,0.12745098,308,610,918,"16885"
"Colin Moran","SEA","AAA",30,158,0.306122448,1.333333333,0.3,0.4,0.3,0.1,0.166666666,0.3592233,0.26213592,0.37864078,0.12121212,217,377,594,"16909"
"Aramis Garcia","PHI","AAA",30,210,0.275590551,0.723076923,0.205673758,0.333333333,0.460992907,0.246153846,0.215384615,0.45714286,0.25,0.29285714,0.15254237,254,513,767,"16925"
"Derek Hill","WSN","AAA",27,360,0.371428571,1.611111111,0.244979919,0.465863453,0.289156626,0.138888888,0.152777777,0.390625,0.2578125,0.3515625,0.12822458,474,844,1318,"16947"
"Chadwick Tromp","ATL","AAA",28,268,0.229813664,0.969230769,0.219512195,0.384146341,0.396341463,0.4,0.153846153,0.52631579,0.1754386,0.29824561,0.09952153,414,631,1045,"16953"
"Eddy Alvarez","MIL","AAA",33,259,0.356164383,0.909090909,0.3,0.333333333,0.366666666,0.218181818,0.127272727,0.50314465,0.26415094,0.2327044,0.10127827,409,608,1017,"16959"
"Magneuris Sierra","ATL","AAA",27,216,0.291970802,2.709677419,0.166666666,0.608695652,0.224637681,0.29032258,0.064516129,0.46428571,0.15714286,0.37857143,0.12379808,309,523,832,"17023"
"Jose Herrera","ARI","AAA",26,119,0.303797468,3.357142857,0.2375,0.5875,0.175,0.285714285,0.142857142,0.5060241,0.18072289,0.31325301,0.07860262,185,273,458,"17040"
"Grayson Greiner","COL","AAA",30,79,0.324324324,0.8125,0.194444444,0.361111111,0.444444444,0.25,0.0625,0.53846154,0.12820513,0.33333333,0.23666667,116,184,300,"17062"
"Monte Harrison","MIL","AAA",27,296,0.359154929,2.851851851,0.277777777,0.534722222,0.1875,0.222222222,0.185185185,0.32666667,0.29333333,0.38,0.19011725,426,768,1194,"17216"
"Yoan Moncada","CHW","AAA",28,50,0.551724137,1.444444444,0.29032258,0.419354838,0.29032258,0.111111111,0.222222222,0.32258065,0.25806452,0.41935484,0.10810811,94,128,222,"17232"
"Alex Jackson","MIL","AAA",27,248,0.324324324,1.210526315,0.226993865,0.423312883,0.349693251,0.245614035,0.280701754,0.44785276,0.31288344,0.2392638,0.16733068,349,655,1004,"17276"
"Luis Liberato","SDP","AAA",27,276,0.316770186,1.384615384,0.248484848,0.436363636,0.315151515,0.173076923,0.173076923,0.39534884,0.25,0.35465116,0.13805631,449,652,1101,"17307"
"Cole Tucker","COL","AAA",26,321,0.353535353,1.79245283,0.26,0.475,0.265,0.056603773,0.094339622,0.33333333,0.26470588,0.40196078,0.07232472,602,753,1355,"17326"
"Narciso Crook","BOS","AAA",27,325,0.331081081,1.625,0.187096774,0.503225806,0.309677419,0.270833333,0.208333333,0.49367089,0.24683544,0.25949367,0.16666667,539,793,1332,"17473"
"Vimael Machin","PHI","AAA",29,213,0.267123287,1.127272727,0.193103448,0.427586206,0.379310344,0.127272727,0.072727272,0.30463576,0.31125828,0.38410596,0.06273063,313,500,813,"17684"
"Matt Beaty","KCR","AAA",30,186,0.310924369,1.342105263,0.282258064,0.411290322,0.306451612,0.263157894,0.157894736,0.51968504,0.30708661,0.17322835,0.07132244,273,400,673,"17710"
"Steven Duggar","LAD","AAA",29,272,0.359375,0.810344827,0.222222222,0.348148148,0.429629629,0.120689655,0.155172413,0.45255474,0.27007299,0.27737226,0.13732098,493,694,1187,"17719"
"Skye Bolt","MIL","AAA",29,248,0.34,1.245283018,0.217105263,0.434210526,0.34868421,0.226415094,0.056603773,0.44444444,0.22222222,0.33333333,0.1191446,381,601,982,"17723"
"Richie Martin","WSN","AAA",28,425,0.29296875,1.519480519,0.23015873,0.464285714,0.305555555,0.259740259,0.038961038,0.46538462,0.24230769,0.29230769,0.10665914,704,1068,1772,"17736"
"Josh Lester","BAL","AAA",28,470,0.302405498,0.975609756,0.216129032,0.387096774,0.396774193,0.186991869,0.186991869,0.49044586,0.27070064,0.2388535,0.15551744,614,1135,1749,"17737"
"Max Schrock","SDP","AAA",28,142,0.309090909,0.739130434,0.285714285,0.303571428,0.410714285,0.217391304,0.065217391,0.40707965,0.18584071,0.40707965,0.0499002,183,318,501,"17750"
"DJ Stewart","NYM","AAA",29,229,0.212598425,0.815384615,0.163120567,0.375886524,0.460992907,0.215384615,0.246153846,0.52083333,0.22222222,0.25694444,0.1085353,411,538,949,"17766"
"Jakson Reetz","KCR","AAA",27,322,0.294797687,0.714285714,0.221621621,0.324324324,0.454054054,0.297619047,0.202380952,0.62105263,0.20526316,0.17368421,0.16576715,497,800,1297,"17837"
"Tyler Nevin","DET","AAA",26,385,0.363984674,1.274725274,0.241758241,0.424908424,0.333333333,0.076923076,0.164835164,0.40942029,0.23188406,0.35869565,0.0897184,574,953,1527,"17893"
"Marcus Wilson","BOS","AAA",26,68,0.307692307,1.1,0.222222222,0.407407407,0.37037037,0.1,0.1,0.55555556,0.2962963,0.14814815,0.16233766,126,182,308,"17910"
"Isan Diaz","SFG","AAA",27,135,0.283582089,0.8125,0.226666666,0.346666666,0.426666666,0.15625,0.28125,0.42105263,0.30263158,0.27631579,0.15955473,213,326,539,"17922"
"Andrew Stevenson","MIN","AAA",29,470,0.382838283,1.445652173,0.278846153,0.426282051,0.294871794,0.184782608,0.173913043,0.38006231,0.28037383,0.33956386,0.1163868,647,1080,1727,"17932"
"Scott Kingery","PHI","AAA",29,466,0.328244274,0.844262295,0.175824175,0.377289377,0.446886446,0.221311475,0.106557377,0.4858156,0.26950355,0.24468085,0.15005417,670,1176,1846,"17975"
"David Fletcher","LAA","AAA",29,380,0.344720496,1.918918918,0.327102803,0.442367601,0.230529595,0.297297297,0.054054054,0.49693252,0.16257669,0.3404908,0.04663677,389,726,1115,"17992"
"Hoy Park","ATL","AAA",27,389,0.340707964,1.142857142,0.22077922,0.415584415,0.363636363,0.119047619,0.071428571,0.44017094,0.23504274,0.32478632,0.09859155,678,955,1633,"18027"
"Mark Mathias","SFG","AAA",28,204,0.384615384,1.342105263,0.258333333,0.425,0.316666666,0.157894736,0.105263157,0.42975207,0.25619835,0.31404959,0.11021814,368,503,871,"18032"
"Sam Haggerty","SEA","AAA",29,222,0.361111111,1.621621621,0.340136054,0.408163265,0.25170068,0.216216216,0.216216216,0.46052632,0.25657895,0.28289474,0.09949622,325,469,794,"18054"
"Kyle Garlick","MIN","AAA",31,355,0.322222222,1.222222222,0.267015706,0.403141361,0.329842931,0.19047619,0.222222222,0.59067358,0.20207254,0.20725389,0.15454545,569,861,1430,"18063"
"Austin Allen","MIA","AAA",29,366,0.229357798,1.0625,0.175,0.425,0.4,0.1875,0.239583333,0.43568465,0.26556017,0.29875519,0.1438499,526,913,1439,"18083"
"Nathan Lukes","TOR","AAA",28,222,0.40116279,3.2,0.284090909,0.545454545,0.170454545,0.066666666,0.166666666,0.37288136,0.23728814,0.38983051,0.07222914,282,521,803,"18123"
"Patrick Mazeika","LAD","AAA",29,201,0.246753246,0.983333333,0.222222222,0.385620915,0.392156862,0.266666666,0.016666666,0.61935484,0.12903226,0.2516129,0.08575198,266,492,758,"18142"
"Nick Dini","TBR","AAA",29,257,0.234848484,0.898305084,0.188405797,0.384057971,0.427536231,0.27118644,0.152542372,0.5035461,0.26950355,0.22695035,0.12974052,417,585,1002,"18206"
"Brett Sullivan","SDP","AAA",29,279,0.33649289,0.833333333,0.293577981,0.321100917,0.3853211,0.19047619,0.083333333,0.41743119,0.28899083,0.29357798,0.05413386,409,607,1016,"18217"
"Edwin Rios","CHC","AAA",29,176,0.369565217,1.413793103,0.270833333,0.427083333,0.302083333,0.137931034,0.206896551,0.41836735,0.28571429,0.29591837,0.15112994,267,441,708,"18316"
"Daz Cameron","BAL","AAA",26,446,0.307420494,0.981481481,0.272108843,0.360544217,0.367346938,0.25,0.148148148,0.41333333,0.25666667,0.33,0.10627178,650,1072,1722,"18353"
"Lewin Diaz","BAL","AAA",26,483,0.306188925,0.714285714,0.247648902,0.313479623,0.438871473,0.214285714,0.121428571,0.49382716,0.22222222,0.28395062,0.09221902,813,1269,2082,"18365"
"Jermaine Palacios","KCR","AAA",26,198,0.21238938,1.435897435,0.214876033,0.462809917,0.322314049,0.128205128,0.23076923,0.52845528,0.23577236,0.23577236,0.18217054,256,518,774,"18371"
"Ryan Mountcastle","BAL","AAA",26,58,0.305555555,0.923076923,0.305555555,0.333333333,0.361111111,0.153846153,0.076923076,0.43243243,0.24324324,0.32432432,0.18571429,67,143,210,"18373"
"Travis Blankenhorn","WSN","AAA",26,455,0.306513409,1.441860465,0.252669039,0.441281138,0.306049822,0.162790697,0.26744186,0.51590106,0.25441696,0.22968198,0.12486002,679,1107,1786,"18395"
"Juan Yepez","STL","AAA",25,384,0.294339622,1.493975903,0.22761194,0.462686567,0.309701492,0.34939759,0.108433734,0.48717949,0.19047619,0.32234432,0.10472973,559,921,1480,"18400"
"P.J. Higgins","ARI","AAA",30,398,0.369649805,1.021276595,0.277566539,0.365019011,0.357414448,0.202127659,0.117021276,0.4141791,0.25373134,0.33208955,0.10836502,590,988,1578,"18433"
"Ali Sanchez","ARI","AAA",26,267,0.335106382,1.547169811,0.311224489,0.418367346,0.270408163,0.150943396,0.207547169,0.42,0.26,0.32,0.06868687,364,626,990,"18551"
"Brendon Davis","DET","AAA",25,156,0.228915662,0.717948717,0.238636363,0.318181818,0.443181818,0.23076923,0.128205128,0.46590909,0.19318182,0.34090909,0.13551402,262,380,642,"18587"
"Donny Sands","DET","AAA",27,371,0.272357723,2.285714285,0.258064516,0.516129032,0.225806451,0.232142857,0.089285714,0.38735178,0.22529644,0.38735178,0.08294314,571,924,1495,"18603"
"Jared Walsh","LAA","AAA",29,225,0.319587628,0.780487804,0.304761904,0.304761904,0.39047619,0.170731707,0.219512195,0.52336449,0.24299065,0.23364486,0.12099276,413,554,967,"18607"
"Andy Ibanez","DET","AAA",30,79,0.304347826,1.05,0.18,0.42,0.4,0.1,0.25,0.60784314,0.15686275,0.23529412,0.09294872,132,180,312,"18819"
"Jose Azocar","SDP","AAA",27,212,0.324503311,1.311111111,0.306666666,0.393333333,0.3,0.266666666,0.111111111,0.42948718,0.23076923,0.33974359,0.13273196,250,526,776,"18821"
"Yohel Pozo","OAK","AAA",26,391,0.30254777,1.165217391,0.240853658,0.408536585,0.350609756,0.252173913,0.156521739,0.39156627,0.28915663,0.31927711,0.10200803,366,879,1245,"18848"
"Jahmai Jones","LAD","AAA",25,445,0.337398373,1.4,0.244094488,0.440944881,0.314960629,0.2125,0.15,0.47286822,0.2751938,0.25193798,0.10683297,824,1020,1844,"18872"
"Danny Mendick","NYM","AAA",29,425,0.311258278,1.333333333,0.219672131,0.445901639,0.334426229,0.245098039,0.107843137,0.45367412,0.22044728,0.32587859,0.07692308,612,987,1599,"18889"
"Estevan Florial","NYY","AAA",25,482,0.362139917,0.952380952,0.229323308,0.375939849,0.394736842,0.152380952,0.266666666,0.42804428,0.28413284,0.28782288,0.15388471,843,1152,1995,"19151"
"Zack Collins","CLE","AAA",28,495,0.358870967,0.87755102,0.297709923,0.328244274,0.374045801,0.122448979,0.163265306,0.40530303,0.3030303,0.29166667,0.13647171,867,1236,2103,"19181"
"Taylor Kohlwey","SDP","AAA",28,518,0.31641791,1.285714285,0.247058823,0.423529411,0.329411764,0.1875,0.107142857,0.40345821,0.25936599,0.33717579,0.05340027,879,1312,2191,"19212"
"Chris Okey","LAA","AAA",28,235,0.337579617,1.232142857,0.223602484,0.428571428,0.347826086,0.160714285,0.107142857,0.42682927,0.2804878,0.29268293,0.10132159,319,589,908,"19245"
"Garrett Hampson","MIA","AAA",28,103,0.415584415,1.777777777,0.342105263,0.421052631,0.236842105,0.333333333,0,0.41558442,0.33766234,0.24675325,0.07888041,143,250,393,"19262"
"Armando Alvarez","SFG","AAA",28,298,0.31,0.911111111,0.207373271,0.377880184,0.414746543,0.122222222,0.2,0.39908257,0.31192661,0.28899083,0.06678082,431,737,1168,"19292"
"Nick Senzel","CIN","AAA",28,70,0.285714285,1.25,0.341463414,0.365853658,0.292682926,0.333333333,0.083333333,0.48837209,0.25581395,0.25581395,0.09964413,118,163,281,"19293"
"Nick Solak","SEA","AAA",28,411,0.284615384,1.902777777,0.208333333,0.518939393,0.272727272,0.263888888,0.111111111,0.44402985,0.21268657,0.34328358,0.08695652,671,985,1656,"19294"
"Alex Call","WSN","AAA",28,50,0.277777777,0.631578947,0.162162162,0.324324324,0.513513513,0.263157894,0.052631578,0.55263158,0.23684211,0.21052632,0.06179775,64,114,178,"19296"
"Donovan Walton","SFG","AAA",29,109,0.205128205,1.1875,0.146341463,0.463414634,0.390243902,0.1875,0.125,0.38554217,0.21686747,0.39759036,0.08905852,139,254,393,"19314"
"Eli White","ATL","AAA",29,201,0.326923076,1.285714285,0.285714285,0.401785714,0.3125,0.085714285,0.257142857,0.43362832,0.27433628,0.2920354,0.11721612,326,493,819,"19346"
"Weston Wilson","PHI","AAA",28,544,0.306620209,0.96,0.212218649,0.38585209,0.40192926,0.192,0.248,0.50783699,0.24137931,0.2507837,0.11787734,939,1360,2299,"19358"
"Trenton Brooks","OAK","AAA",27,523,0.300595238,1,0.211267605,0.394366197,0.394366197,0.178571428,0.157142857,0.41551247,0.26869806,0.31578947,0.08492882,843,1194,2037,"19384"
"Brian Serven","COL","AAA",28,162,0.257731958,1.05,0.196078431,0.411764705,0.392156862,0.25,0.125,0.54901961,0.18627451,0.26470588,0.18696398,176,407,583,"19422"
"Yonny Hernandez","LAD","AAA",25,407,0.319502074,1.868852459,0.276859504,0.47107438,0.252066115,0.114754098,0.06557377,0.38709677,0.25,0.36290323,0.07758621,700,924,1624,"19432"
"Andruw Monasterio","MIL","AAA",26,178,0.309090909,1.216216216,0.267857142,0.401785714,0.330357142,0.216216216,0.108108108,0.44736842,0.28070175,0.27192982,0.06601124,313,399,712,"19455"
"Cooper Hummel","SEA","AAA",28,455,0.348,1.2,0.27237354,0.396887159,0.330739299,0.164705882,0.094117647,0.45173745,0.25868726,0.28957529,0.10949299,812,1042,1854,"19458"
"Alex De Goti","MIN","AAA",28,193,0.25490196,1.48275862,0.28,0.43,0.29,0.275862068,0.068965517,0.45714286,0.19047619,0.35238095,0.12142039,342,531,873,"19477"
"Kyle Lewis","ARI","AAA",27,293,0.426136363,1.180327868,0.296296296,0.38095238,0.322751322,0.06557377,0.278688524,0.37305699,0.35751295,0.26943005,0.10571185,453,720,1173,"19508"
"Taylor Jones","LAA","AAA",29,204,0.264462809,1.447368421,0.267716535,0.433070866,0.299212598,0.210526315,0.210526315,0.46511628,0.23255814,0.30232558,0.12105927,300,493,793,"19533"
"Jaylin Davis","NYM","AAA",28,309,0.280254777,1.245901639,0.184523809,0.452380952,0.363095238,0.295081967,0.213114754,0.51176471,0.21764706,0.27058824,0.16397415,512,726,1238,"19552"
"Simon Muzziotti","PHI","AAA",24,524,0.342783505,1.897959183,0.268041237,0.479381443,0.252577319,0.163265306,0.071428571,0.38227848,0.22025316,0.39746835,0.08081841,670,1285,1955,"19553"
"Zack Short","DET","AAA",28,100,0.244444444,0.444444444,0.204081632,0.244897959,0.551020408,0.148148148,0.185185185,0.5,0.42,0.08,0.10745614,200,256,456,"19562"
"Nate Mondou","CHW","AAA",28,465,0.316151202,0.732283464,0.266666666,0.31,0.423333333,0.204724409,0.102362204,0.36393443,0.23278689,0.40327869,0.09062662,804,1127,1931,"19563"
"Otto Lopez","TOR","AAA",24,346,0.305343511,2.84,0.258687258,0.548262548,0.193050193,0.26,0.04,0.40377358,0.23396226,0.36226415,0.09060682,412,791,1203,"19608"
"Daniel Johnson","SDP","AAA",27,125,0.31707317,1.29032258,0.183908045,0.459770114,0.356321839,0.29032258,0.193548387,0.45454545,0.25,0.29545455,0.11134021,179,306,485,"19643"
"Ben DeLuzio","LAD","AAA",28,171,0.27173913,1.25,0.234042553,0.425531914,0.340425531,0.25,0.09375,0.42708333,0.29166667,0.28125,0.15359477,214,398,612,"19644"
"Mike Brosseau","MIL","AAA",29,78,0.163265306,0.791666666,0.188679245,0.358490566,0.452830188,0.375,0.166666666,0.26415094,0.35849057,0.37735849,0.17161716,106,197,303,"19683"
"Edward Olivares","KCR","AAA",27,59,0.41025641,1.0625,0.214285714,0.404761904,0.38095238,0.4375,0.1875,0.4047619,0.14285714,0.45238095,0.109375,68,124,192,"19698"
"Jake Noll","WSN","AAA",29,213,0.283783783,1.226415094,0.228758169,0.424836601,0.346405228,0.283018867,0.113207547,0.45454545,0.20779221,0.33766234,0.12655087,261,545,806,"19703"
"Darick Hall","PHI","AAA",27,334,0.341346153,0.988505747,0.227678571,0.383928571,0.388392857,0.229885057,0.206896551,0.47787611,0.27433628,0.24778761,0.11646884,524,824,1348,"19717"
"Carlos Narvaez","NYY","AAA",24,359,0.30927835,0.703296703,0.232673267,0.316831683,0.450495049,0.23076923,0.109890109,0.34313725,0.28431373,0.37254902,0.12516644,589,913,1502,"19722"
"Joe Dunand","ATL","AAA",27,403,0.336283185,1.010869565,0.23553719,0.38429752,0.380165289,0.239130434,0.184782608,0.41152263,0.24691358,0.34156379,0.13909774,599,997,1596,"19727"
"Josh Rojas","ARI","AAA",29,56,0.282051282,1.0625,0.175,0.425,0.4,0.1875,0.125,0.48780488,0.19512195,0.31707317,0.0923913,61,123,184,"19734"
"Rylan Bannon","HOU","AAA",27,408,0.269230769,1.26744186,0.204081632,0.444897959,0.351020408,0.220930232,0.209302325,0.43083004,0.24505929,0.32411067,0.09832134,722,946,1668,"19768"
"Dairon Blanco","KCR","AAA",30,208,0.416058394,2.117647058,0.231884057,0.52173913,0.246376811,0.382352941,0.088235294,0.40714286,0.30714286,0.28571429,0.11390728,313,442,755,"19779"
"Esteban Quiroz","PHI","AAA",31,388,0.262548262,1.34117647,0.243346007,0.433460076,0.323193916,0.211764705,0.082352941,0.39849624,0.2443609,0.35714286,0.08363418,662,1000,1662,"19780"
"Zach Remillard","CHW","AAA",29,276,0.276243093,1.088235294,0.215469613,0.408839779,0.375690607,0.235294117,0.073529411,0.45989305,0.2459893,0.29411765,0.09014085,422,643,1065,"19788"
"Jhonny Pereda","CIN","AAA",27,264,0.394285714,2.146341463,0.279329608,0.491620111,0.229050279,0.219512195,0.146341463,0.35714286,0.21428571,0.42857143,0.10545455,415,685,1100,"19802"
"Charles Leblanc","MIA","AAA",27,370,0.329949238,1.533333333,0.25490196,0.450980392,0.294117647,0.083333333,0.2,0.45454545,0.24401914,0.30143541,0.09036545,628,877,1505,"19813"
"Joshua Palacios","PIT","AAA",27,90,0.406779661,1,0.242424242,0.378787878,0.378787878,0.08,0.32,0.41791045,0.34328358,0.23880597,0.06868132,154,210,364,"19818"
"Chuckie Robinson","CIN","AAA",28,413,0.332155477,2.066666666,0.198606271,0.540069686,0.261324041,0.16,0.173333333,0.39189189,0.23648649,0.37162162,0.15695364,505,1005,1510,"19824"
"Cody Thomas","OAK","AAA",28,477,0.337579617,1.396396396,0.205970149,0.462686567,0.331343283,0.198198198,0.207207207,0.42136499,0.21068249,0.36795252,0.11220044,681,1155,1836,"19828"
"Caleb Hamilton","BOS","AAA",28,159,0.2375,0.970588235,0.202380952,0.392857142,0.404761904,0.264705882,0.117647058,0.58333333,0.22619048,0.19047619,0.1421875,231,409,640,"19842"
"Abraham Toro","MIL","AAA",26,414,0.340425531,1.06930693,0.264084507,0.38028169,0.355633802,0.138613861,0.07920792,0.45172414,0.27931034,0.26896552,0.08245614,693,1017,1710,"19844"
"Rene Pinto","TBR","AAA",26,160,0.301075268,0.6875,0.205882352,0.323529411,0.470588235,0.291666666,0.1875,0.42718447,0.25242718,0.32038835,0.16442953,214,382,596,"19859"
"Greg Deichmann","OAK","AAA",28,201,0.327731092,1.065217391,0.233870967,0.39516129,0.370967741,0.108695652,0.195652173,0.37209302,0.25581395,0.37209302,0.14158163,273,511,784,"19872"
"Drew Ellis","PHI","AAA",27,298,0.25433526,0.581632653,0.162162162,0.308108108,0.529729729,0.295918367,0.132653061,0.44623656,0.24193548,0.31182796,0.10812944,530,737,1267,"19873"
"Tristan Gray","TBR","AAA",27,525,0.291970802,0.64539007,0.22923588,0.302325581,0.468438538,0.24822695,0.212765957,0.47868852,0.26229508,0.25901639,0.19293078,735,1302,2037,"19877"
"Adam Haseley","CHW","AAA",27,313,0.306306306,1.896551724,0.246636771,0.493273542,0.260089686,0.206896551,0.103448275,0.46052632,0.21929825,0.32017544,0.11970534,393,693,1086,"19878"
"Emmanuel Rivera","ARI","AAA",27,129,0.347826086,1,0.25,0.375,0.375,0.111111111,0.138888888,0.39795918,0.26530612,0.33673469,0.09594883,192,277,469,"19890"
"Pavin Smith","ARI","AAA",27,290,0.360215053,1.527272727,0.283505154,0.43298969,0.283505154,0.163636363,0.163636363,0.41025641,0.28205128,0.30769231,0.07013201,503,709,1212,"19892"
"Diego Castillo","ARI","AAA",25,556,0.369680851,1.764705882,0.245989304,0.481283422,0.272727272,0.186274509,0.029411764,0.40263158,0.27631579,0.32105263,0.05830904,986,1415,2401,"19906"
"Sandro Fabian","TEX","AAA",25,483,0.297450424,1.236220472,0.230352303,0.425474254,0.344173441,0.37007874,0.181102362,0.48404255,0.23670213,0.27925532,0.11547213,553,1205,1758,"19910"
"Blake Perkins","MIL","AAA",26,182,0.382608695,1.277777777,0.293103448,0.396551724,0.310344827,0.138888888,0.111111111,0.41666667,0.275,0.30833333,0.09242619,312,467,779,"19921"
"Ryan McKenna","BAL","AAA",26,61,0.225806451,2.111111111,0.176470588,0.558823529,0.264705882,0.222222222,0.333333333,0.44117647,0.23529412,0.32352941,0.15044248,90,136,226,"19928"
"Luke Williams","ATL","AAA",26,414,0.308880308,1.144329896,0.223880597,0.414179104,0.361940298,0.18556701,0.12371134,0.49077491,0.2804428,0.22878229,0.11478599,601,941,1542,"19931"
"Cristian Pache","PHI","AAA",24,60,0.297297297,3.333333333,0.297297297,0.54054054,0.162162162,0.333333333,0.166666666,0.5,0.10526316,0.39473684,0.11872146,99,120,219,"19948"
"Khalil Lee","NYM","AAA",25,77,0.229166666,1.8125,0.081632653,0.591836734,0.326530612,0.25,0.0625,0.44897959,0.28571429,0.26530612,0.13924051,116,200,316,"19952"
"Mickey Moniak","LAA","AAA",25,141,0.363636363,0.523809523,0.326315789,0.231578947,0.442105263,0.19047619,0.19047619,0.44791667,0.35416667,0.19791667,0.16179337,171,342,513,"19956"
"Blake Rutherford","WSN","AAA",26,172,0.381355932,1.617647058,0.276422764,0.447154471,0.276422764,0.176470588,0.147058823,0.3495935,0.2601626,0.3902439,0.19709208,200,419,619,"19957"
"Carter Kieboom","WSN","AAA",25,161,0.316831683,1.057142857,0.294117647,0.362745098,0.343137254,0.257142857,0.142857142,0.40186916,0.29906542,0.29906542,0.08308157,280,382,662,"19958"
"Taylor Trammell","SEA","AAA",25,391,0.323232323,0.974683544,0.277777777,0.356481481,0.36574074,0.177215189,0.265822784,0.39189189,0.29279279,0.31531532,0.13795296,647,926,1573,"19960"
"Colton Welker","SFG","AAA",25,170,0.32,1.34375,0.242424242,0.434343434,0.323232323,0.125,0,0.35,0.26,0.39,0.07978723,319,433,752,"19961"
"Eguy Rosario","SDP","AAA",23,187,0.319672131,1.302325581,0.22047244,0.440944881,0.338582677,0.139534883,0.116279069,0.4375,0.2734375,0.2890625,0.13043478,246,444,690,"19964"
"Bobby Dalbec","BOS","AAA",28,493,0.364485981,0.79090909,0.185950413,0.359504132,0.454545454,0.19090909,0.3,0.39919355,0.31048387,0.29032258,0.17221694,840,1262,2102,"19966"
"Jared Oliva","LAA","AAA",27,325,0.317307692,1.40625,0.273584905,0.424528301,0.301886792,0.296875,0.125,0.48401826,0.22374429,0.29223744,0.0936,489,761,1250,"19968"
"Tres Barrera","STL","AAA",28,245,0.24375,1.15,0.218181818,0.418181818,0.363636363,0.316666666,0.116666666,0.55688623,0.24550898,0.19760479,0.10138741,337,600,937,"19977"
"Conner Capel","OAK","AAA",26,391,0.31048387,1.270588235,0.24015748,0.42519685,0.334645669,0.188235294,0.105882352,0.43410853,0.28294574,0.28294574,0.09025033,592,926,1518,"19983"
"Bryce Johnson","SFG","AAA",27,298,0.357541899,1.576923076,0.275675675,0.443243243,0.281081081,0.057692307,0.153846153,0.47619048,0.2962963,0.22751323,0.08648649,441,669,1110,"20002"
"Keston Hiura","MIL","AAA",26,367,0.3592233,0.919540229,0.261061946,0.3539823,0.384955752,0.16091954,0.264367816,0.40611354,0.28384279,0.31004367,0.15483871,573,977,1550,"20003"
"Miles Mastrobuoni","CHC","AAA",27,165,0.409090909,1.148148148,0.348314606,0.348314606,0.303370786,0.111111111,0.074074074,0.43333333,0.32222222,0.24444444,0.072,341,409,750,"20017"
"Kramer Robertson","STL","AAA",28,510,0.275510204,1.559139784,0.182130584,0.498281786,0.319587628,0.247311827,0.032258064,0.41610738,0.19127517,0.39261745,0.09760589,937,1235,2172,"20022"
"Brian Miller","MIA","AAA",27,312,0.304347826,1.14084507,0.258536585,0.395121951,0.346341463,0.295774647,0.028169014,0.37264151,0.28773585,0.33962264,0.12255773,419,707,1126,"20047"
"Bligh Madris","HOU","AAA",27,456,0.291338582,1.009708737,0.218867924,0.39245283,0.388679245,0.116504854,0.145631067,0.41851852,0.26666667,0.31481481,0.10963278,756,1123,1879,"20054"
"Alan Trejo","COL","AAA",27,54,0.484848484,1,0.294117647,0.352941176,0.352941176,0.083333333,0.083333333,0.47058824,0.26470588,0.26470588,0.10144928,83,124,207,"20056"
"Mark Contreras","MIN","AAA",28,381,0.359307359,1.389610389,0.220338983,0.45338983,0.326271186,0.168831168,0.129870129,0.3875,0.25416667,0.35833333,0.15374241,555,928,1483,"20122"
"Matthew Batten","SDP","AAA",28,413,0.290983606,1.146067415,0.245059288,0.403162055,0.351778656,0.303370786,0.13483146,0.48638132,0.29182879,0.22178988,0.07815275,667,1022,1689,"20157"
"J.J. Matijevic","HOU","AAA",27,495,0.3,1.188679245,0.261146496,0.401273885,0.337579617,0.047169811,0.150943396,0.43670886,0.30379747,0.25949367,0.11583207,757,1220,1977,"20165"
"Miguel Vargas","LAD","AAA",23,285,0.34117647,0.837837837,0.231638418,0.350282485,0.418079096,0.162162162,0.135135135,0.46111111,0.22222222,0.31666667,0.07216495,517,647,1164,"20178"
"Jo Adell","LAA","AAA",24,330,0.305882352,0.8,0.207253886,0.352331606,0.440414507,0.235294117,0.282352941,0.43298969,0.29381443,0.27319588,0.13245546,540,751,1291,"20220"
"Gilberto Celestino","MIN","AAA",24,233,0.28275862,3.071428571,0.224489795,0.585034013,0.19047619,0.071428571,0.142857142,0.32666667,0.20666667,0.46666667,0.11659664,418,534,952,"20233"
"Kevin Smith","OAK","AAA",26,183,0.371428571,1.088888888,0.196581196,0.418803418,0.384615384,0.088888888,0.355555555,0.48760331,0.2892562,0.2231405,0.15873016,235,458,693,"20242"
"Jonathan Arauz","NYM","AAA",24,415,0.275590551,1.02970297,0.232209737,0.389513108,0.378277153,0.257425742,0.138613861,0.50373134,0.24253731,0.25373134,0.09775733,678,1061,1739,"20275"
"Ben Rortvedt","NYY","AAA",25,124,0.352941176,2.166666666,0.229729729,0.527027027,0.243243243,0.222222222,0.333333333,0.51351351,0.18918919,0.2972973,0.11226611,195,286,481,"20287"
"Corey Julks","HOU","AAA",27,129,0.282051282,1.178571428,0.207792207,0.428571428,0.363636363,0.142857142,0.107142857,0.44444444,0.12345679,0.43209877,0.07839388,233,290,523,"20311"
"Stuart Fairchild","CIN","AAA",27,114,0.34375,1.076923076,0.205882352,0.411764705,0.382352941,0.23076923,0.153846153,0.37142857,0.31428571,0.31428571,0.11778291,186,247,433,"20321"
"Alex Kirilloff","MIN","AAA",25,73,0.404255319,1.111111111,0.269230769,0.384615384,0.346153846,0.222222222,0.277777777,0.5,0.23076923,0.26923077,0.10067114,123,175,298,"20325"
"Luis Gonzalez","SFG","AAA",27,110,0.31081081,1.434782608,0.243243243,0.445945945,0.31081081,0.304347826,0.04347826,0.36,0.17333333,0.46666667,0.09767442,168,262,430,"20332"
"Ernie Clement","TOR","AAA",27,320,0.338403041,0.91,0.295202952,0.335793357,0.36900369,0.25,0.11,0.5234657,0.2166065,0.2599278,0.05165692,346,680,1026,"20352"
"Luis Garcia Jr.","WSN","AAA",23,108,0.290697674,1.666666666,0.255813953,0.465116279,0.279069767,0.166666666,0.041666666,0.42528736,0.1954023,0.37931034,0.08563536,123,239,362,"20391"
"Jared Young","CHC","AAA",27,376,0.358851674,1.386666666,0.21491228,0.45614035,0.328947368,0.173333333,0.28,0.45258621,0.22413793,0.32327586,0.10665761,614,858,1472,"20404"
"Royce Lewis","MIN","AAA",24,51,0.37037037,1.083333333,0.21875,0.40625,0.375,0.083333333,0.5,0.48484848,0.3030303,0.21212121,0.12626263,83,115,198,"20437"
"Brewer Hicklen","PHI","AAA",27,286,0.288343558,0.957142857,0.189349112,0.396449704,0.414201183,0.142857142,0.142857142,0.49418605,0.29069767,0.21511628,0.1264574,453,662,1115,"20450"
"Irving Lopez","STL","AAA",28,69,0.375,1,0.219512195,0.390243902,0.390243902,0.0625,0.125,0.54761905,0.21428571,0.23809524,0.0615942,118,158,276,"20463"
"Seth Beer","ARI","AAA",26,79,0.255319148,1.384615384,0.367346938,0.367346938,0.265306122,0.076923076,0.153846153,0.32653061,0.30612245,0.36734694,0.14084507,102,182,284,"20493"
"Drew Waters","KCR","AAA",24,58,0.405405405,1.7,0.289473684,0.447368421,0.263157894,0.1,0.2,0.51282051,0.20512821,0.28205128,0.08675799,85,134,219,"20505"
"Jack Larsen","SEA","AAA",28,129,0.397058823,2.714285714,0.235294117,0.558823529,0.205882352,0.285714285,0,0.50724638,0.15942029,0.33333333,0.09636364,240,310,550,"20510"
"Nick Madrigal","CHC","AAA",26,70,0.470588235,2,0.307692307,0.461538461,0.23076923,0.416666666,0.083333333,0.36538462,0.19230769,0.44230769,0.02826855,114,169,283,"20521"
"Nolan Jones","COL","AAA",25,187,0.431578947,1.3125,0.301886792,0.396226415,0.301886792,0.09375,0.375,0.37037037,0.32407407,0.30555556,0.0804878,362,458,820,"20529"
"Vidal Brujan","TBR","AAA",25,276,0.302197802,1.179104477,0.227513227,0.417989417,0.354497354,0.223880597,0.149253731,0.48958333,0.203125,0.30729167,0.09223301,406,624,1030,"20536"
"Jose Miranda","MIN","AAA",25,181,0.290076335,2.029411764,0.213740458,0.526717557,0.259541984,0.235294117,0.088235294,0.45925926,0.23703704,0.3037037,0.0969163,266,415,681,"20538"
"Elehuris Montero","COL","AAA",24,163,0.346153846,0.75510204,0.258620689,0.318965517,0.422413793,0.306122448,0.306122448,0.51260504,0.22689076,0.2605042,0.1171875,234,406,640,"20543"
"CJ Alexander","KCR","AAA",26,314,0.274725274,0.902439024,0.191709844,0.383419689,0.424870466,0.207317073,0.158536585,0.54871795,0.2,0.25128205,0.15847861,439,823,1262,"20557"
"Kody Clemens","PHI","AAA",27,279,0.264150943,0.753086419,0.193181818,0.346590909,0.460227272,0.172839506,0.222222222,0.42937853,0.28813559,0.28248588,0.08970976,467,670,1137,"20572"
"Ivan Herrera","STL","AAA",23,375,0.370731707,1.884615384,0.29245283,0.46226415,0.245283018,0.288461538,0.192307692,0.41121495,0.18691589,0.40186916,0.08753994,689,876,1565,"20599"
"Logan Porter","KCR","AAA",27,448,0.290697674,1.052083333,0.264925373,0.376865671,0.358208955,0.166666666,0.135416666,0.47232472,0.2103321,0.31734317,0.11258278,723,1089,1812,"20626"
"Carlos Perez","CHW","AAA",26,312,0.241525423,0.801886792,0.223577235,0.345528455,0.430894308,0.235849056,0.113207547,0.50403226,0.25806452,0.23790323,0.07155797,394,710,1104,"20805"
"Dermis Garcia","OAK","AAA",25,198,0.340206185,1.205128205,0.211009174,0.43119266,0.357798165,0.179487179,0.307692307,0.47706422,0.27522936,0.24770642,0.20268456,289,456,745,"20926"
"Oscar Gonzalez","CLE","AAA",25,362,0.33877551,1.419753086,0.234375,0.44921875,0.31640625,0.185185185,0.160493827,0.41472868,0.2248062,0.36046512,0.15306122,426,946,1372,"20970"
"Trey Cabbage","LAA","AAA",26,474,0.393574297,1.184782608,0.27173913,0.394927536,0.333333333,0.130434782,0.326086956,0.32142857,0.29642857,0.38214286,0.17466518,636,1156,1792,"21078"
"Alejo Lopez","CIN","AAA",27,558,0.334196891,1.48275862,0.257731958,0.443298969,0.298969072,0.181034482,0.060344827,0.41624365,0.21573604,0.3680203,0.07688808,925,1273,2198,"21127"
"Sean Bouchard","COL","AAA",27,71,0.282051282,1.066666666,0.225,0.4,0.375,0.133333333,0.066666666,0.4,0.35,0.25,0.05228758,147,159,306,"21270"
"Dalton Guthrie","PHI","AAA",27,343,0.349775784,1.243243243,0.262222222,0.408888888,0.328888888,0.202702702,0.054054054,0.48017621,0.21145374,0.30837004,0.1015625,509,899,1408,"21293"
"Mark Kolozsvary","BAL","AAA",27,91,0.229166666,0.72,0.156862745,0.352941176,0.490196078,0.2,0.12,0.46153846,0.21153846,0.32692308,0.19825073,126,217,343,"21304"
"Michael Papierski","DET","AAA",27,305,0.320855614,0.855263157,0.269430051,0.336787564,0.393782383,0.276315789,0.105263157,0.44615385,0.25128205,0.3025641,0.07926341,496,753,1249,"21386"
"Brandon Lockridge","NYY","AAA",26,211,0.396946564,2.366666666,0.229007633,0.541984732,0.229007633,0.2,0.033333333,0.30075188,0.2406015,0.45864662,0.14048531,286,497,783,"21496"
"Luken Baker","STL","AAA",26,380,0.344497607,0.777777777,0.269709543,0.319502074,0.410788381,0.242424242,0.333333333,0.43153527,0.3153527,0.25311203,0.10443864,623,909,1532,"21497"
"Trevor Larnach","MIN","AAA",26,323,0.339393939,0.881578947,0.205555555,0.372222222,0.422222222,0.078947368,0.197368421,0.40555556,0.29444444,0.3,0.12599566,580,801,1381,"21501"
"Joey Bart","SFG","AAA",26,244,0.338345864,1.122448979,0.246376811,0.398550724,0.355072463,0.244897959,0.122448979,0.41726619,0.21582734,0.36690647,0.09979424,403,569,972,"21524"
"Connor Kaiser","COL","AAA",26,363,0.315270935,1.291666666,0.210526315,0.444976076,0.344497607,0.125,0.125,0.46698113,0.25,0.28301887,0.16198704,543,846,1389,"21535"
"Coco Montes","COL","AAA",26,507,0.4,1.151515151,0.299342105,0.375,0.325657894,0.101010101,0.222222222,0.46794872,0.26923077,0.26282051,0.12423625,748,1216,1964,"21547"
"Alfonso Rivas III","SDP","AAA",26,260,0.4,1.104166666,0.356687898,0.337579617,0.305732484,0.145833333,0.1875,0.3836478,0.28301887,0.33333333,0.09043928,512,649,1161,"21560"
"Cesar Salazar","HOU","AAA",27,222,0.223021582,1.276595744,0.213235294,0.44117647,0.345588235,0.212765957,0.042553191,0.47887324,0.21126761,0.30985915,0.09324009,361,497,858,"21587"
"Jake McCarthy","ARI","AAA",25,221,0.382716049,1.52,0.258823529,0.447058823,0.294117647,0.18,0.18,0.43274854,0.28070175,0.28654971,0.08133333,289,461,750,"21622"
"Griffin Conine","MIA","AAA",25,91,0.355555555,1.428571428,0.276595744,0.425531914,0.29787234,0.214285714,0.142857142,0.40425532,0.29787234,0.29787234,0.16847826,137,231,368,"21626"
"Ford Proctor","SFG","AAA",26,284,0.279761904,1.472727272,0.204678362,0.47368421,0.321637426,0.2,0.109090909,0.41954023,0.23563218,0.34482759,0.1097561,487,661,1148,"21634"
"Nick Maton","DET","AAA",26,175,0.368932038,0.673913043,0.266666666,0.295238095,0.438095238,0.173913043,0.065217391,0.42990654,0.31775701,0.25233645,0.11401099,295,433,728,"21635"
"Rafael Marchan","PHI","AAA",24,207,0.32051282,0.915254237,0.275641025,0.346153846,0.378205128,0.186440677,0.033898305,0.48101266,0.20886076,0.31012658,0.05747126,274,422,696,"21646"
"Luis De Los Santos","TOR","AAA",25,255,0.258064516,1.84090909,0.208860759,0.512658227,0.278481012,0.181818181,0.159090909,0.43209877,0.21604938,0.35185185,0.12886598,348,622,970,"21682"
"Miguel Amaya","CHC","AAA",24,60,0.424242424,1.666666666,0.294117647,0.44117647,0.264705882,0.222222222,0.111111111,0.70588235,0.11764706,0.17647059,0.11934156,100,143,243,"21693"
"Enmanuel Valdez","BOS","AAA",24,232,0.287878787,0.833333333,0.219858156,0.354609929,0.425531914,0.3,0.166666666,0.49295775,0.23943662,0.26760563,0.09034268,426,537,963,"21716"
"Jair Camargo","MIN","AAA",23,368,0.333333333,1.333333333,0.244131455,0.431924882,0.323943661,0.144927536,0.304347826,0.41666667,0.31018519,0.27314815,0.17937545,482,895,1377,"21730"
"Sebastian Rivero","CHW","AAA",24,213,0.267973856,0.782608695,0.211538461,0.346153846,0.442307692,0.159420289,0.057971014,0.5477707,0.18471338,0.26751592,0.12774194,247,528,775,"21735"
"Jose Fermin","STL","AAA",24,81,0.189655172,2.133333333,0.20338983,0.542372881,0.254237288,0.133333333,0.266666666,0.51612903,0.20967742,0.27419355,0.03322259,125,176,301,"21746"
"Andres Chaparro","NYY","AAA",24,601,0.277333333,0.789473684,0.219387755,0.344387755,0.436224489,0.298245614,0.14619883,0.485,0.235,0.28,0.12776831,922,1426,2348,"21797"
"Jonathan Aranda","TBR","AAA",25,434,0.387096774,1.129032258,0.26394052,0.390334572,0.345724907,0.204301075,0.268817204,0.43430657,0.24087591,0.32481752,0.07935685,780,1148,1928,"21837"
"Freddy Fermin","KCR","AAA",28,58,0.28125,1.636363636,0.194444444,0.5,0.305555555,0.181818181,0.454545454,0.64864865,0.24324324,0.10810811,0.0941704,99,124,223,"21840"
"Carlos Cortes","NYM","AAA",26,442,0.274074074,1,0.21708185,0.391459074,0.391459074,0.209090909,0.136363636,0.48070175,0.24210526,0.27719298,0.101473,759,1074,1833,"21842"
"Will Benson","CIN","AAA",25,133,0.278688524,0.96,0.234375,0.375,0.390625,0.2,0.12,0.53125,0.28125,0.1875,0.11202636,290,317,607,"21853"
"Bo Naylor","CLE","AAA",23,270,0.272727272,1.033333333,0.269461077,0.371257485,0.359281437,0.216666666,0.216666666,0.36526946,0.29341317,0.34131737,0.08869565,476,674,1150,"21865"
"Jerar Encarnacion","MIA","AAA",25,516,0.347619047,1.388888888,0.261802575,0.429184549,0.309012875,0.069444444,0.361111111,0.38983051,0.28813559,0.3220339,0.17698304,843,1338,2181,"21871"
"Christopher Morel","CHC","AAA",24,134,0.428571428,0.9375,0.162162162,0.405405405,0.432432432,0.1875,0.34375,0.52702703,0.36486486,0.10810811,0.17082534,205,316,521,"21897"
"Rodolfo Castro","PIT","AAA",24,57,0.266666666,0.857142857,0.133333333,0.4,0.466666666,0.285714285,0.142857142,0.53125,0.25,0.21875,0.1755102,89,156,245,"21987"
"Grant Koch","PIT","AAA",26,211,0.333333333,1.434782608,0.176470588,0.485294117,0.338235294,0.195652173,0.108695652,0.51449275,0.19565217,0.28985507,0.1259542,279,507,786,"22045"
"Dane Myers","MIA","AAA",27,223,0.395833333,1.815789473,0.277027027,0.466216216,0.256756756,0.105263157,0.210526315,0.38157895,0.26973684,0.34868421,0.08073818,326,541,867,"22054"
"Nick Pratto","KCR","AAA",24,131,0.222222222,0.514285714,0.293333333,0.24,0.466666666,0.057142857,0.114285714,0.35526316,0.28947368,0.35526316,0.10283688,226,338,564,"22117"
"Payton Henry","MIL","AAA",26,255,0.358823529,1.875,0.21590909,0.511363636,0.272727272,0.145833333,0.1875,0.45810056,0.25139665,0.29050279,0.15104741,287,620,907,"22164"
"Ryan Vilade","PIT","AAA",24,511,0.366883116,1.682352941,0.262135922,0.462783171,0.275080906,0.211764705,0.070588235,0.36741214,0.23961661,0.39297125,0.10906375,791,1217,2008,"22165"
"Cal Mitchell","PIT","AAA",24,316,0.35359116,1.431034482,0.253968253,0.439153439,0.306878306,0.051724137,0.155172413,0.53125,0.234375,0.234375,0.12678288,481,781,1262,"22169"
"Mark Vientos","NYM","AAA",23,269,0.339506172,1.106060606,0.205714285,0.417142857,0.377142857,0.136363636,0.242424242,0.4301676,0.25139665,0.31843575,0.13560976,411,614,1025,"22184"
"Brice Turang","MIL","AAA",23,63,0.318181818,0.882352941,0.304347826,0.326086956,0.369565217,0.235294117,0.176470588,0.36170213,0.42553191,0.21276596,0.08097166,93,154,247,"22186"
"Jeter Downs","WSN","AAA",24,193,0.3125,0.891304347,0.230088495,0.362831858,0.407079646,0.369565217,0.065217391,0.54782609,0.29565217,0.15652174,0.10209102,327,486,813,"22202"
"Sam Huff","TEX","AAA",25,321,0.357541899,1.698113207,0.266666666,0.461538461,0.271794871,0.037735849,0.320754716,0.38265306,0.34183673,0.2755102,0.14133987,465,759,1224,"22209"
"Mason McCoy","SEA","AAA",28,487,0.303030303,1.019047619,0.217712177,0.394833948,0.387453874,0.238095238,0.114285714,0.44244604,0.27338129,0.28417266,0.1194487,767,1192,1959,"22232"
"Joe Perez","HOU","AAA",23,395,0.329059829,1.356164383,0.286307053,0.410788381,0.302904564,0.150684931,0.178082191,0.4048583,0.29959514,0.29554656,0.12250161,578,973,1551,"22254"
"Bubba Thompson","KCR","AAA",25,302,0.328125,1.923076923,0.22051282,0.512820512,0.266666666,0.23076923,0.115384615,0.3718593,0.24623116,0.38190955,0.13464991,416,698,1114,"22261"
"Xavier Edwards","MIA","AAA",23,433,0.363905325,1.5625,0.272189349,0.443786982,0.284023668,0.260416666,0.072916666,0.38505747,0.23275862,0.38218391,0.04610169,586,889,1475,"22266"
"Samad Taylor","KCR","AAA",24,414,0.373493975,1.188888888,0.23046875,0.41796875,0.3515625,0.211111111,0.088888888,0.43579767,0.29961089,0.26459144,0.09504608,720,1016,1736,"22274"
"Nick Allen","OAK","AAA",24,162,0.358974358,1.484848484,0.286956521,0.426086956,0.286956521,0.303030303,0.09090909,0.31451613,0.20967742,0.47580645,0.04448105,243,364,607,"22277"
"Cal Stevenson","SFG","AAA",26,289,0.31292517,1.458333333,0.218543046,0.463576158,0.317880794,0.145833333,0.1875,0.50314465,0.21383648,0.28301887,0.0625,525,691,1216,"22411"
"Livan Soto","LAA","AAA",23,350,0.312796208,1.733333333,0.244239631,0.479262672,0.276497695,0.166666666,0.133333333,0.44090909,0.28181818,0.27727273,0.09668695,619,860,1479,"22471"
"Buddy Kennedy","ARI","AAA",24,463,0.376712328,1.213483146,0.325342465,0.369863013,0.30479452,0.15730337,0.056179775,0.39057239,0.23905724,0.37037037,0.05980995,755,1034,1789,"22505"
"Heliot Ramos","SFG","AAA",23,263,0.368421052,1.565217391,0.271604938,0.444444444,0.283950617,0.086956521,0.260869565,0.39393939,0.27272727,0.33333333,0.15285996,379,635,1014,"22515"
"Johnathan Rodriguez","CLE","AAA",23,202,0.387755102,2,0.277777777,0.481481481,0.24074074,0.076923076,0.423076923,0.48623853,0.25688073,0.25688073,0.16666667,321,519,840,"22530"
"Tyler Freeman","CLE","AAA",24,116,0.364864864,1.55,0.328947368,0.407894736,0.263157894,0.5,0.1,0.38157895,0.23684211,0.38157895,0.06164384,185,253,438,"22532"
"George Valera","CLE","AAA",22,312,0.268292682,1.450980392,0.264705882,0.435294117,0.3,0.235294117,0.196078431,0.41954023,0.25862069,0.32183908,0.12375096,546,755,1301,"22541"
"Lawrence Butler","OAK","AAA",22,94,0.29032258,0.766666666,0.171875,0.359375,0.46875,0.233333333,0.166666666,0.43283582,0.28358209,0.28358209,0.11260054,144,229,373,"22542"
"Michael Siani","CIN","AAA",23,493,0.292682926,1.368421052,0.224137931,0.448275862,0.327586206,0.294736842,0.094736842,0.42140468,0.22742475,0.35117057,0.10441962,840,1219,2059,"22557"
"Tirso Ornelas","SDP","AAA",23,240,0.347560975,2.184210526,0.275449101,0.497005988,0.22754491,0.105263157,0.105263157,0.47619048,0.23214286,0.29166667,0.09178228,349,588,937,"22566"
"Jordan Diaz","OAK","AAA",22,169,0.347107438,2.222222222,0.309523809,0.476190476,0.214285714,0.296296296,0.222222222,0.41732283,0.24409449,0.33858268,0.11647255,215,386,601,"22650"
"Maikel Garcia","KCR","AAA",23,112,0.301369863,3.153846153,0.260273972,0.561643835,0.178082191,0.076923076,0.076923076,0.36486486,0.31081081,0.32432432,0.07113821,199,293,492,"22715"
"Steward Berroa","TOR","AAA",24,54,0.21875,1.363636363,0.1875,0.46875,0.34375,0.272727272,0,0.42424242,0.15151515,0.42424242,0.08018868,90,122,212,"22766"
"Oswald Peraza","NYY","AAA",23,300,0.288659793,1.246575342,0.2,0.443902439,0.35609756,0.328767123,0.191780821,0.53365385,0.23557692,0.23076923,0.13869258,430,702,1132,"22823"
"Alexander Canario","CHC","AAA",23,161,0.344086021,1,0.212121212,0.393939393,0.393939393,0.23076923,0.205128205,0.3960396,0.37623762,0.22772277,0.14490446,251,377,628,"22842"
"Wenceel Perez","DET","AAA",23,160,0.313131313,1.228571428,0.227722772,0.425742574,0.346534653,0.228571428,0.085714285,0.46078431,0.31372549,0.2254902,0.08892356,267,374,641,"22857"
"Lenyn Sosa","CHW","AAA",23,308,0.30964467,1.048780487,0.214953271,0.401869158,0.38317757,0.170731707,0.207317073,0.49767442,0.27906977,0.22325581,0.13292254,387,749,1136,"22896"
"Canaan Smith-Njigba","PIT","AAA",24,445,0.364341085,1.891891891,0.213235294,0.514705882,0.272058823,0.094594594,0.202702702,0.39194139,0.26373626,0.34432234,0.12493298,730,1135,1865,"23264"
"Jacob Amaya","MIA","AAA",24,566,0.287634408,1.555555555,0.217277486,0.47643979,0.306282722,0.153846153,0.128205128,0.44559585,0.2357513,0.31865285,0.06980961,897,1309,2206,"23296"
"Nelson Velazquez","KCR","AAA",24,353,0.299492385,1.075949367,0.226415094,0.400943396,0.372641509,0.278481012,0.202531645,0.48356808,0.24882629,0.26760563,0.15518492,524,855,1379,"23359"
"Hunter Feduccia","LAD","AAA",26,380,0.336206896,1.178571428,0.221276595,0.421276595,0.357446808,0.154761904,0.13095238,0.41563786,0.26337449,0.32098765,0.07891414,688,896,1584,"23372"
"Jose Barrero","CIN","AAA",25,335,0.323699421,0.689655172,0.226315789,0.315789473,0.457894736,0.206896551,0.218390804,0.49479167,0.265625,0.23958333,0.15963162,464,839,1303,"23378"
"Luis Vazquez","CHC","AAA",23,270,0.301886792,1.954545454,0.212121212,0.521212121,0.266666666,0.34090909,0.204545454,0.53529412,0.21176471,0.25294118,0.13148148,402,678,1080,"23442"
"Chandler Seagle","SDP","AAA",27,64,0.352941176,1.333333333,0.2,0.457142857,0.342857142,0.25,0.166666666,0.45945946,0.16216216,0.37837838,0.1902834,79,168,247,"23552"
"Chris Roller","MIL","AAA",26,396,0.321243523,0.588235294,0.201970443,0.295566502,0.502463054,0.205882352,0.147058823,0.43062201,0.25358852,0.31578947,0.1271137,748,967,1715,"23557"
"Davis Schneider","TOR","AAA",24,392,0.309178743,0.59090909,0.225663716,0.287610619,0.486725663,0.136363636,0.19090909,0.45652174,0.29130435,0.25217391,0.09518414,776,989,1765,"23565"
"Brayan Rocchio","CLE","AAA",22,537,0.311557788,1.396825396,0.245,0.44,0.315,0.198412698,0.055555555,0.45432099,0.2,0.34567901,0.09547004,819,1234,2053,"23690"
"Jose Tena","CLE","AAA",22,66,0.425,0.875,0.285714285,0.333333333,0.38095238,0,0.25,0.47727273,0.25,0.27272727,0.1380597,98,170,268,"23691"
"Everson Pereira","NYY","AAA",22,158,0.397727272,1.642857142,0.229166666,0.479166666,0.291666666,0.214285714,0.285714285,0.44791667,0.28125,0.27083333,0.16975309,259,389,648,"23695"
"Ronny Mauricio","NYM","AAA",22,532,0.323450134,1.794392523,0.235294117,0.491048593,0.273657289,0.214953271,0.214953271,0.47715736,0.25126904,0.2715736,0.11427094,685,1249,1934,"23698"
"Wilyer Abreu","BOS","AAA",24,363,0.289855072,0.828282828,0.20614035,0.359649122,0.434210526,0.222222222,0.222222222,0.37662338,0.26839827,0.35497835,0.11248375,632,906,1538,"23772"
"Leo Jimenez","TOR","AAA",22,77,0.25,1.714285714,0.173913043,0.52173913,0.304347826,0.214285714,0,0.41666667,0.14583333,0.4375,0.07453416,125,197,322,"23782"
"Jordyn Adams","LAA","AAA",23,480,0.351648351,1.244680851,0.251773049,0.414893617,0.333333333,0.14893617,0.159574468,0.35616438,0.25684932,0.3869863,0.14512596,705,1121,1826,"23788"
"Blaze Alexander","ARI","AAA",24,305,0.397515527,1.448979591,0.26380368,0.435582822,0.300613496,0.122448979,0.163265306,0.39181287,0.31578947,0.29239766,0.1508853,543,756,1299,"23789"
"Alek Thomas","ARI","AAA",23,128,0.395604395,2.272727272,0.217391304,0.54347826,0.239130434,0.045454545,0.136363636,0.40425532,0.18085106,0.41489362,0.07010309,190,295,485,"23792"
"Jordan Groshans","MIA","AAA",23,528,0.292011019,1.708737864,0.237704918,0.480874316,0.281420765,0.203883495,0.058252427,0.45652174,0.22282609,0.32065217,0.08321168,838,1217,2055,"23794"
"Parker Meadows","DET","AAA",23,517,0.304761904,0.807407407,0.26060606,0.33030303,0.409090909,0.244444444,0.14074074,0.4119403,0.30447761,0.28358209,0.10189573,813,1297,2110,"23800"
"Jorbit Vivas","LAD","AAA",22,121,0.26506024,1.72,0.19047619,0.511904761,0.297619047,0.24,0.04,0.47619048,0.23809524,0.28571429,0.08530806,174,248,422,"23917"
"Jorge Barrosa","ARI","AAA",22,502,0.3125,1.276785714,0.224924012,0.434650455,0.340425531,0.196428571,0.116071428,0.44510386,0.24925816,0.30563798,0.08723197,844,1208,2052,"23968"
"Osleivis Basabe","TBR","AAA",22,426,0.34375,2.253333333,0.232704402,0.53144654,0.235849056,0.266666666,0.053333333,0.41230769,0.27076923,0.31692308,0.10893673,526,1007,1533,"23985"
"Curtis Mead","TBR","AAA",22,278,0.327868852,1.04054054,0.213541666,0.401041666,0.385416666,0.27027027,0.121621621,0.40837696,0.2513089,0.34031414,0.08267717,398,618,1016,"23986"
"Jhonkensy Noel","CLE","AAA",21,585,0.248571428,1.229007633,0.21081081,0.435135135,0.354054054,0.282442748,0.20610687,0.46276596,0.2287234,0.30851064,0.15176268,778,1548,2326,"24257"
"Ceddanne Rafaela","BOS","AAA",22,219,0.347826086,1.111111111,0.25,0.394736842,0.355263157,0.148148148,0.259259259,0.40131579,0.26315789,0.33552632,0.16892725,273,538,811,"24262"
"Jose Rodriguez","CHW","AAA",22,89,0.267605633,1.115384615,0.214285714,0.414285714,0.371428571,0.346153846,0.115384615,0.60810811,0.17567568,0.21621622,0.13804714,80,217,297,"24388"
"Terrin Vavra","BAL","AAA",26,68,0.395833333,3.125,0.34,0.5,0.16,0,0.25,0.44,0.22,0.34,0.136,82,168,250,"24400"
"J.P. Martinez","TEX","AAA",27,353,0.367346938,0.987012987,0.260869565,0.367149758,0.371980676,0.207792207,0.181818181,0.49056604,0.25943396,0.25,0.10381356,609,807,1416,"24451"
"Max Schuemann","OAK","AAA",26,433,0.341085271,1.390243902,0.246153846,0.438461538,0.315384615,0.121951219,0.109756097,0.41573034,0.25468165,0.32958801,0.08791832,735,1028,1763,"24488"
"Travis Swaggerty","PIT","AAA",25,72,0.266666666,1.916666666,0.239130434,0.5,0.260869565,0.416666666,0.083333333,0.47826087,0.23913043,0.2826087,0.16603774,98,167,265,"24491"
"DaShawn Keirsey Jr.","MIN","AAA",26,152,0.333333333,2.45,0.295918367,0.5,0.204081632,0.2,0.1,0.35714286,0.2755102,0.36734694,0.12436975,240,355,595,"24496"
"Richie Palacios","CLE","AAA",26,464,0.275641025,1.819277108,0.25949367,0.477848101,0.262658227,0.168674698,0.096385542,0.340625,0.265625,0.39375,0.08173077,774,1098,1872,"24589"
"Jonathan Ornelas","TEX","AAA",23,517,0.332247557,2.240506329,0.179487179,0.567307692,0.253205128,0.253164556,0.101265822,0.43987342,0.24683544,0.31329114,0.09035864,882,1265,2147,"24597"
"Addison Barger","TOR","AAA",23,397,0.307692307,1.459459459,0.283464566,0.42519685,0.291338582,0.229729729,0.121621621,0.5,0.19140625,0.30859375,0.10562075,660,959,1619,"24598"
"Michael Helman","MIN","AAA",27,118,0.302325581,0.704545454,0.184782608,0.336956521,0.478260869,0.318181818,0.136363636,0.56521739,0.2173913,0.2173913,0.11138614,140,264,404,"24605"
"Jarren Duran","BOS","AAA",26,51,0.214285714,1.555555555,0.178571428,0.5,0.321428571,0.111111111,0.222222222,0.33333333,0.33333333,0.33333333,0.13270142,91,120,211,"24617"
"Ryan Fitzgerald","BOS","AAA",29,369,0.336448598,0.923913043,0.209821428,0.379464285,0.410714285,0.195652173,0.130434782,0.46255507,0.29955947,0.23788546,0.14378613,512,872,1384,"24622"
"Willie MacIver","COL","AAA",26,201,0.358490566,1.807692307,0.311320754,0.443396226,0.245283018,0.23076923,0.115384615,0.3853211,0.22018349,0.39449541,0.14634146,329,491,820,"24641"
"Owen Miller","MIL","AAA",26,116,0.305882352,1.653846153,0.21590909,0.488636363,0.295454545,0.115384615,0.153846153,0.46067416,0.24719101,0.29213483,0.08163265,158,283,441,"24655"
"Cody Wilson","WSN","AAA",26,187,0.323232323,1.551724137,0.244897959,0.459183673,0.295918367,0.344827586,0.068965517,0.43518519,0.28703704,0.27777778,0.17410072,248,447,695,"24671"
"Jonah Bride","OAK","AAA",27,323,0.33,1.405797101,0.209523809,0.461904761,0.328571428,0.144927536,0.188405797,0.47196262,0.26635514,0.26168224,0.03688799,649,842,1491,"24703"
"Mickey Gasper","NYY","AAA",27,78,0.235294117,1.047619047,0.173076923,0.423076923,0.403846153,0.285714285,0.047619047,0.32692308,0.23076923,0.44230769,0.06535948,130,176,306,"24759"
"Bryan Lavastida","CLE","AAA",24,218,0.260869565,1.577777777,0.205479452,0.486301369,0.308219178,0.088888888,0.177777777,0.43835616,0.25342466,0.30821918,0.12910798,325,527,852,"24765"
"David Villar","SFG","AAA",26,334,0.335164835,1.044776119,0.293814432,0.360824742,0.345360824,0.089552238,0.253731343,0.51758794,0.23115578,0.25125628,0.13183521,542,793,1335,"24782"
"David Fry","CLE","AAA",27,117,0.363636363,0.848484848,0.2375,0.35,0.4125,0.242424242,0.121212121,0.49382716,0.27160494,0.2345679,0.09493671,174,300,474,"24934"
"Justin Dean","ATL","AAA",26,199,0.236559139,1.516129032,0.1875,0.489583333,0.322916666,0.096774193,0.129032258,0.39175258,0.29896907,0.30927835,0.13214286,354,486,840,"25005"
"Vinny Capra","PIT","AAA",26,262,0.340782122,1.09090909,0.346590909,0.34090909,0.3125,0.218181818,0.036363636,0.49171271,0.20441989,0.3038674,0.05957837,452,639,1091,"25040"
"Nate Eaton","KCR","AAA",26,367,0.293617021,1.020833333,0.217741935,0.39516129,0.387096774,0.322916666,0.15625,0.476,0.228,0.296,0.13798112,473,904,1377,"25055"
"David Hensley","HOU","AAA",27,293,0.306666666,2.257142857,0.25490196,0.516339869,0.228758169,0.085714285,0.171428571,0.41666667,0.23076923,0.3525641,0.08259109,540,695,1235,"25111"
"Levi Jordan","CHC","AAA",27,79,0.217391304,2.454545454,0.208333333,0.5625,0.229166666,0.09090909,0.181818181,0.46938776,0.24489796,0.28571429,0.10679612,119,190,309,"25138"
"Daniel Schneemann","CLE","AAA",26,484,0.321428571,1.890243902,0.25236593,0.48895899,0.258675078,0.158536585,0.158536585,0.36335404,0.23602484,0.40062112,0.11827384,727,1150,1877,"25180"
"Drew Avans","LAD","AAA",27,596,0.318918918,1.37704918,0.22459893,0.44919786,0.326203208,0.122950819,0.090163934,0.31315789,0.26578947,0.42105263,0.08887953,925,1449,2374,"25183"
"Endy Rodriguez","PIT","AAA",23,315,0.30044843,0.901098901,0.227678571,0.366071428,0.40625,0.208791208,0.065934065,0.37117904,0.24017467,0.38864629,0.09466019,507,729,1236,"25332"
"Ronny Simon","TBR","AAA",23,137,0.344827586,1.147058823,0.188888888,0.433333333,0.377777777,0.382352941,0.088235294,0.36666667,0.22222222,0.41111111,0.08921933,227,311,538,"25346"
"Michael Stefanic","LAA","AAA",27,455,0.388405797,1.5,0.291907514,0.424855491,0.283236994,0.183673469,0.051020408,0.37037037,0.23931624,0.39031339,0.02339181,732,978,1710,"25353"
"Austin Shenton","TBR","AAA",25,271,0.396946564,1.29787234,0.255172413,0.420689655,0.324137931,0.063829787,0.29787234,0.44137931,0.32413793,0.23448276,0.12721417,518,724,1242,"25425"
"Will Wilson","SFG","AAA",24,340,0.27804878,1.232876712,0.231132075,0.424528301,0.344339622,0.09589041,0.178082191,0.49773756,0.26696833,0.23529412,0.13970008,464,803,1267,"25434"
"Greg Jones","TBR","AAA",25,189,0.439560439,2.681818181,0.164948453,0.608247422,0.226804123,0.136363636,0.318181818,0.48979592,0.19387755,0.31632653,0.22281167,269,485,754,"25448"
"Peyton Burdick","MIA","AAA",26,492,0.310502283,0.7,0.227272727,0.318181818,0.454545454,0.136363636,0.218181818,0.42798354,0.26748971,0.30452675,0.17797888,750,1239,1989,"25459"
"Logan Driscoll","TBR","AAA",25,76,0.347826086,0.888888888,0.291666666,0.333333333,0.375,0.333333333,0.111111111,0.4375,0.33333333,0.22916667,0.15714286,110,170,280,"25475"
"Cam Eden","TOR","AAA",25,460,0.35,2.483333333,0.245487364,0.537906137,0.216606498,0.2,0.05,0.48943662,0.20070423,0.30985915,0.12039582,697,1122,1819,"25476"
"Brenton Doyle","COL","AAA",25,57,0.4,0.9,0.269230769,0.346153846,0.384615384,0.3,0.5,0.31034483,0.4137931,0.27586207,0.19298246,91,137,228,"25479"
"TJ Hopkins","CIN","AAA",26,393,0.385650224,1.681818181,0.253164556,0.46835443,0.278481012,0.121212121,0.242424242,0.47280335,0.23012552,0.29707113,0.14824121,623,969,1592,"25482"
"Nick Sogard","BOS","AAA",25,460,0.315960912,1.28,0.262135922,0.414239482,0.323624595,0.24,0.07,0.44444444,0.2031746,0.35238095,0.06493506,783,1065,1848,"25483"
"Joey Ortiz","BAL","AAA",24,389,0.373188405,1.811594202,0.30960854,0.444839857,0.245551601,0.246376811,0.130434782,0.4084507,0.19366197,0.39788732,0.08411844,539,947,1486,"25493"
"Cade Marlowe","SEA","AAA",26,379,0.330396475,0.913043478,0.254237288,0.355932203,0.389830508,0.119565217,0.119565217,0.46861925,0.25941423,0.27196653,0.12961672,554,881,1435,"25505"
"Aaron Schunk","COL","AAA",25,508,0.363914373,1.221153846,0.3125,0.37797619,0.309523809,0.240384615,0.134615384,0.40350877,0.27192982,0.3245614,0.14808831,596,1261,1857,"25524"
"Korey Lee","HOU","AAA",24,357,0.379310344,1.297297297,0.264069264,0.415584415,0.32034632,0.162162162,0.067567567,0.4556962,0.23628692,0.30801688,0.17642405,437,827,1264,"25543"
"Jake Alu","WSN","AAA",26,330,0.333333333,1.424657534,0.280487804,0.422764227,0.296747967,0.09589041,0.06849315,0.36363636,0.28458498,0.35177866,0.07201309,446,776,1222,"25569"
"Kyle McCann","OAK","AAA",25,388,0.374384236,1.603448275,0.304147465,0.428571428,0.267281105,0.172413793,0.293103448,0.45909091,0.27272727,0.26818182,0.14744802,616,971,1587,"25575"
"Marco Luciano","SFG","AAA",21,78,0.285714285,3.333333333,0.297297297,0.54054054,0.162162162,0.166666666,0.666666666,0.46153846,0.28205128,0.25641026,0.14873418,138,178,316,"25616"
"Drew Millas","WSN","AAA",25,229,0.306748466,1.76744186,0.274390243,0.463414634,0.262195121,0.162790697,0.069767441,0.38554217,0.23493976,0.37951807,0.07737397,350,503,853,"25643"
"Cam Devanney","MIL","AAA",26,390,0.311284046,0.842592592,0.231660231,0.351351351,0.416988416,0.25,0.101851851,0.43283582,0.23134328,0.3358209,0.12049861,532,912,1444,"25688"
"Dustin Harris","TEX","AAA",23,288,0.331395348,0.849315068,0.232954545,0.352272727,0.414772727,0.164383561,0.123287671,0.45856354,0.24309392,0.29834254,0.09833187,464,675,1139,"25705"
"Blaine Crim","TEX","AAA",26,582,0.325268817,1.176923076,0.266839378,0.396373056,0.336787564,0.207692307,0.169230769,0.48477157,0.23096447,0.28426396,0.0920354,914,1346,2260,"25714"
"Jared Triolo","PIT","AAA",25,226,0.411290322,0.837209302,0.368,0.288,0.344,0.232558139,0.046511627,0.37301587,0.26190476,0.36507937,0.11995638,372,545,917,"25807"
"Grae Kessinger","HOU","AAA",25,230,0.330935251,0.816666666,0.243055555,0.340277777,0.416666666,0.316666666,0.1,0.50344828,0.2,0.29655172,0.08012821,366,570,936,"25813"
"Braden Shewmake","ATL","AAA",25,526,0.263888888,1.169117647,0.215425531,0.42287234,0.361702127,0.25,0.117647058,0.48404255,0.2606383,0.25531915,0.15219721,604,1262,1866,"25817"
"Andre Lipcius","DET","AAA",25,419,0.310714285,1.055555555,0.23183391,0.394463667,0.373702422,0.175925925,0.101851851,0.4604811,0.26116838,0.27835052,0.10038824,700,1103,1803,"25822"
"Logan Davidson","OAK","AAA",25,232,0.33548387,1.44680851,0.262820512,0.435897435,0.301282051,0.042553191,0.063829787,0.36477987,0.29559748,0.33962264,0.117717,316,525,841,"25844"
"Michael Toglia","COL","AAA",24,367,0.295774647,0.911111111,0.238938053,0.362831858,0.398230088,0.266666666,0.177777777,0.41048035,0.24454148,0.34497817,0.11474359,673,887,1560,"25845"
"Matt Gorski","PIT","AAA",25,65,0.195121951,1.266666666,0.209302325,0.441860465,0.348837209,0.2,0.2,0.47727273,0.31818182,0.20454545,0.14574899,91,156,247,"25855"
"Ryan Kreidler","DET","AAA",25,209,0.271929824,0.781818181,0.203252032,0.349593495,0.447154471,0.236363636,0.2,0.504,0.312,0.184,0.1283293,328,498,826,"25867"
"Orelvis Martinez","TOR","AAA",21,246,0.316546762,0.692307692,0.25170068,0.306122448,0.44217687,0.2,0.169230769,0.52666667,0.22666667,0.24666667,0.17162698,399,609,1008,"25967"
"Vaughn Grissom","ATL","AAA",22,468,0.376146788,1.37,0.281818181,0.415151515,0.303030303,0.14,0.08,0.4,0.2358209,0.3641791,0.09564719,677,1069,1746,"26031"
"Maverick Handley","BAL","AAA",25,264,0.319727891,1.18,0.248275862,0.406896551,0.344827586,0.26,0.08,0.48684211,0.18421053,0.32894737,0.10927456,448,641,1089,"26106"
"Brett Baty","NYM","AAA",23,121,0.318181818,1.375,0.25,0.434210526,0.315789473,0.125,0.416666666,0.39473684,0.26315789,0.34210526,0.13346228,210,307,517,"26123"
"Troy Johnston","MIA","AAA",26,226,0.38095238,1.166666666,0.401315789,0.322368421,0.276315789,0.166666666,0.19047619,0.3974359,0.21794872,0.38461538,0.12577833,279,524,803,"26143"
"Tristin English","ARI","AAA",26,371,0.342222222,1.611940298,0.261603375,0.455696202,0.282700421,0.19402985,0.253731343,0.42386831,0.25102881,0.32510288,0.12296196,545,927,1472,"26148"
"Dominic Fletcher","ARI","AAA",25,334,0.339712918,1.390625,0.294930875,0.410138248,0.294930875,0.03125,0.15625,0.34545455,0.26363636,0.39090909,0.08987053,524,789,1313,"26149"
"Kyle Stowers","BAL","AAA",25,283,0.277777777,0.797101449,0.225,0.34375,0.43125,0.115942028,0.246376811,0.37267081,0.30434783,0.32298137,0.16291629,439,672,1111,"26151"
"Jake Mangum","MIA","AAA",27,515,0.356020942,1.967391304,0.275862068,0.4801061,0.24403183,0.184782608,0.054347826,0.34108527,0.19896641,0.45994832,0.12443694,512,1264,1776,"26202"
"Tyler Fitzgerald","SFG","AAA",25,466,0.346153846,1.079646017,0.221854304,0.403973509,0.374172185,0.132743362,0.17699115,0.41883117,0.27922078,0.30194805,0.14157806,651,1136,1787,"26208"
"Darell Hernaiz","OAK","AAA",21,253,0.324607329,2.177777777,0.247368421,0.515789473,0.236842105,0.066666666,0.088888888,0.3622449,0.29081633,0.34693878,0.08470847,346,563,909,"26224"
"John Rave","KCR","AAA",25,302,0.316091954,1.193548387,0.240223463,0.413407821,0.346368715,0.274193548,0.112903225,0.45054945,0.2967033,0.25274725,0.09929633,514,765,1279,"26284"
"Michael Busch","LAD","AAA",25,469,0.356115107,1.008849557,0.250825082,0.376237623,0.372937293,0.10619469,0.238938053,0.4248366,0.26470588,0.31045752,0.07948443,805,1057,1862,"26319"
"Jonny DeLuca","LAD","AAA",24,184,0.333333333,1.333333333,0.228346456,0.440944881,0.330708661,0.261904761,0.166666666,0.50769231,0.3,0.19230769,0.08177905,270,427,697,"26365"
"JJ Bleday","OAK","AAA",25,133,0.333333333,1.028571428,0.183908045,0.413793103,0.40229885,0.114285714,0.228571428,0.42857143,0.2967033,0.27472527,0.09126984,226,278,504,"26368"
"Kameron Misner","TBR","AAA",25,519,0.339449541,0.679245283,0.242553191,0.306382978,0.451063829,0.16981132,0.198113207,0.42323651,0.28630705,0.29045643,0.15526316,933,1347,2280,"26374"
"Dominic Canzone","ARI","AAA",25,304,0.360576923,1.31081081,0.219178082,0.442922374,0.337899543,0.121621621,0.216216216,0.41517857,0.26785714,0.31696429,0.08767123,410,685,1095,"26438"
"Matt Wallner","MIN","AAA",25,305,0.398734177,1.14516129,0.203592814,0.4251497,0.371257485,0.29032258,0.177419354,0.5443787,0.18934911,0.26627219,0.17246964,507,728,1235,"26466"
"Luis Matos","SFG","AAA",21,152,0.336134453,1.170731707,0.299212598,0.377952755,0.322834645,0.292682926,0.219512195,0.3255814,0.34883721,0.3255814,0.05882353,171,322,493,"26467"
"Davis Wendzel","TEX","AAA",26,547,0.259259259,0.673333333,0.222910216,0.312693498,0.464396284,0.306666666,0.2,0.45426829,0.25304878,0.29268293,0.10790068,919,1296,2215,"26469"
"Spencer Horwitz","TOR","AAA",25,484,0.386075949,1.231481481,0.251552795,0.413043478,0.335403726,0.138888888,0.092592592,0.36890244,0.24390244,0.38719512,0.07652534,819,1115,1934,"26477"
"Noelvi Marte","CIN","AAA",21,167,0.330357142,1.46875,0.300884955,0.415929203,0.28318584,0.21875,0.09375,0.40869565,0.29565217,0.29565217,0.11409396,226,370,596,"26517"
"Angel Martinez","CLE","AAA",21,154,0.339805825,1.294117647,0.264150943,0.415094339,0.320754716,0.323529411,0.088235294,0.55140187,0.25233645,0.19626168,0.11359725,199,382,581,"26540"
"Elly De La Cruz","CIN","AAA",21,186,0.360824742,1.4375,0.271028037,0.429906542,0.29906542,0.09375,0.375,0.47706422,0.23853211,0.28440367,0.13136729,323,423,746,"26668"
"Yoshi Tsutsugo","SFG","AAA",31,224,0.339285714,0.869565217,0.264957264,0.341880341,0.393162393,0.152173913,0.130434782,0.33050847,0.21186441,0.45762712,0.11067961,454,576,1030,"27459"
"Austin Martin","MIN","AAA",24,252,0.301886792,1.367346938,0.283950617,0.413580246,0.302469135,0.122448979,0.122448979,0.39759036,0.27108434,0.3313253,0.06066734,441,548,989,"27462"
"Dillon Dingler","DET","AAA",24,109,0.269841269,1.2,0.140625,0.46875,0.390625,0.08,0.12,0.46969697,0.3030303,0.22727273,0.14553991,154,272,426,"27464"
"Tyler Soderstrom","OAK","AAA",21,335,0.28,1.283783783,0.231818181,0.431818181,0.336363636,0.108108108,0.283783783,0.41704036,0.33183857,0.25112108,0.11940299,432,774,1206,"27467"
"Zach DeLoach","SEA","AAA",24,623,0.379821958,0.938931297,0.288515406,0.344537815,0.366946778,0.053435114,0.175572519,0.40166205,0.27700831,0.32132964,0.14297419,1002,1439,2441,"27471"
"Jordan Walker","STL","AAA",21,135,0.29113924,1.48,0.253012048,0.445783132,0.301204819,0.16,0.16,0.38554217,0.31325301,0.30120482,0.11444653,214,319,533,"27475"
"Patrick Bailey","SFG","AAA",24,60,0.257142857,0.928571428,0.205882352,0.382352941,0.411764705,0.214285714,0.142857142,0.40540541,0.24324324,0.35135135,0.12162162,86,136,222,"27478"
"Masyn Winn","STL","AAA",21,498,0.317919075,1.1,0.239554317,0.39832869,0.362116991,0.223076923,0.138461538,0.3956044,0.26923077,0.33516484,0.07554147,691,1202,1893,"27479"
"Nick Gonzales","PIT","AAA",24,443,0.369477911,1.052083333,0.239382239,0.389961389,0.37065637,0.135416666,0.145833333,0.48288973,0.25095057,0.2661597,0.15144509,674,1056,1730,"27490"
"Justin Foscue","TEX","AAA",24,563,0.279255319,0.993464052,0.211886304,0.392764857,0.395348837,0.25490196,0.117647058,0.47073791,0.26717557,0.26208651,0.06431925,902,1228,2130,"27501"
"David Hamilton","BOS","AAA",25,469,0.297397769,0.793388429,0.233215547,0.339222614,0.427561837,0.239669421,0.140495867,0.40766551,0.24390244,0.34843206,0.08461132,803,1088,1891,"27531"
"Edouard Julien","MIN","AAA",24,170,0.386363636,1.692307692,0.239130434,0.478260869,0.282608695,0,0.192307692,0.44680851,0.29787234,0.25531915,0.06928105,359,406,765,"27534"
"Austin Wells","NYY","AAA",23,146,0.306818181,0.731707317,0.236559139,0.322580645,0.440860215,0.146341463,0.121951219,0.33333333,0.34408602,0.32258065,0.11929825,222,348,570,"27562"
"Casey Schmitt","SFG","AAA",24,217,0.363636363,1.622222222,0.233766233,0.474025974,0.292207792,0.133333333,0.088888888,0.44654088,0.25786164,0.29559748,0.13164557,251,539,790,"27577"
"Jacob Hurtubise","CIN","AAA",25,137,0.436781609,1.714285714,0.337209302,0.418604651,0.244186046,0.095238095,0.047619047,0.35227273,0.30681818,0.34090909,0.05166052,240,302,542,"27599"
"Alika Williams","PIT","AAA",24,148,0.32,1.146341463,0.16981132,0.443396226,0.386792452,0.170731707,0.170731707,0.5,0.26851852,0.23148148,0.08208955,209,327,536,"27604"
"Nick Loftin","KCR","AAA",24,358,0.274131274,1.556962025,0.257352941,0.452205882,0.290441176,0.177215189,0.177215189,0.47252747,0.27472527,0.25274725,0.08545035,500,799,1299,"27630"
"Christian Koss","BOS","AAA",25,124,0.295454545,1.708333333,0.235294117,0.482352941,0.282352941,0.125,0.041666666,0.37777778,0.24444444,0.37777778,0.14320988,125,280,405,"27653"
"Eric Yang","CIN","AAA",25,65,0.386363636,1.071428571,0.34090909,0.34090909,0.318181818,0.214285714,0,0.52272727,0.18181818,0.29545455,0.13191489,76,159,235,"27698"
"Brett Wisely","SFG","AAA",24,280,0.37012987,1.111111111,0.2875,0.375,0.3375,0.24074074,0.111111111,0.36196319,0.27607362,0.36196319,0.1,487,653,1140,"27735"
"Pete Crow-Armstrong","CHC","AAA",21,158,0.367816091,1.176470588,0.204301075,0.430107526,0.365591397,0.235294117,0.176470588,0.41489362,0.28723404,0.29787234,0.15909091,224,392,616,"27769"
"Pedro Leon","HOU","AAA",25,564,0.318032786,1.376146788,0.185534591,0.471698113,0.342767295,0.247706422,0.19266055,0.55182927,0.20426829,0.24390244,0.14749781,888,1390,2278,"27781"
"Tyler Gentry","KCR","AAA",24,572,0.308605341,1.258064516,0.195402298,0.448275862,0.356321839,0.258064516,0.129032258,0.46045198,0.27683616,0.26271186,0.09461664,1033,1419,2452,"27784"
"Shay Whitcomb","HOU","AAA",24,392,0.266055045,0.958762886,0.198312236,0.392405063,0.4092827,0.257731958,0.237113402,0.54132231,0.23553719,0.2231405,0.16184211,518,1002,1520,"27789"
"Jordan Westburg","BAL","AAA",24,301,0.327956989,1.097222222,0.237373737,0.398989898,0.363636363,0.111111111,0.25,0.38349515,0.30097087,0.31553398,0.1391844,435,693,1128,"27815"
"Matt Mervis","CHC","AAA",25,441,0.326530612,0.798245614,0.226415094,0.343396226,0.430188679,0.254385964,0.192982456,0.5,0.25,0.25,0.14086082,742,1047,1789,"27845"
"Thomas Saggese","STL","AAA",21,63,0.255813953,2.181818181,0.204545454,0.545454545,0.25,0.272727272,0.09090909,0.5,0.13636364,0.36363636,0.09274194,82,166,248,"27883"
"Colt Keith","DET","AAA",21,301,0.319587628,0.784090909,0.234146341,0.336585365,0.429268292,0.261363636,0.147727272,0.44444444,0.3236715,0.23188406,0.11446886,432,660,1092,"27899"
"Coby Mayo","BAL","AAA",21,267,0.315068493,0.873015873,0.238709677,0.354838709,0.406451612,0.285714285,0.19047619,0.58860759,0.22151899,0.18987342,0.10478771,469,638,1107,"28312"
"Ryan Bliss","ARI","AAA",23,288,0.275862068,1.483870967,0.163043478,0.5,0.336956521,0.209677419,0.177419354,0.40860215,0.29569892,0.29569892,0.11200717,428,688,1116,"29547"
"Adrian Del Castillo","ARI","AAA",23,159,0.351648351,0.94117647,0.274725274,0.351648351,0.373626373,0.294117647,0.058823529,0.35483871,0.33333333,0.31182796,0.11306902,277,404,681,"29554"
"Colton Cowser","BAL","AAA",23,399,0.390243902,1.767857142,0.301801801,0.445945945,0.252252252,0.071428571,0.303571428,0.40358744,0.22421525,0.37219731,0.11868687,660,924,1584,"29591"
"Connor Norby","BAL","AAA",23,633,0.347087378,1.153846153,0.275294117,0.388235294,0.336470588,0.111888111,0.146853146,0.5,0.23271889,0.26728111,0.1153364,894,1499,2393,"29592"
"Justyn-Henry Malloy","DET","AAA",23,611,0.354430379,0.992125984,0.24024024,0.378378378,0.381381381,0.181102362,0.181102362,0.45,0.25,0.3,0.09532781,1143,1511,2654,"29606"
"Henry Davis","PIT","AAA",23,63,0.484848484,1.7,0.228571428,0.485714285,0.285714285,0.2,0.2,0.55555556,0.22222222,0.22222222,0.10756972,111,140,251,"29617"
"Sal Frelick","MIL","AAA",23,183,0.26618705,1.476190476,0.240875912,0.452554744,0.306569343,0.357142857,0.047619047,0.43661972,0.1971831,0.36619718,0.04034582,298,396,694,"29622"
"Joey Loperfido","HOU","AAA",24,138,0.328571428,1.95,0.213333333,0.52,0.266666666,0.05,0.25,0.44,0.2,0.36,0.15229358,202,343,545,"29630"
"Matt McLain","CIN","AAA",23,180,0.385416666,0.711538461,0.168224299,0.345794392,0.485981308,0.153846153,0.23076923,0.43518519,0.25,0.31481481,0.10369318,293,411,704,"29695"
"Hunter Goodman","COL","AAA",23,67,0.388888888,1.214285714,0.261904761,0.404761904,0.333333333,0.142857142,0.642857142,0.48888889,0.26666667,0.24444444,0.14107884,85,156,241,"29715"
"Zack Gelof","OAK","AAA",23,308,0.409638554,1.180327868,0.24858757,0.406779661,0.344632768,0.13114754,0.196721311,0.46927374,0.29608939,0.23463687,0.14675768,472,700,1172,"29766"
"Niko Kavadas","BOS","AAA",24,187,0.2875,0.743589743,0.2,0.34117647,0.458823529,0.076923076,0.205128205,0.52272727,0.18181818,0.29545455,0.12672811,389,479,868,"29782"
"Brett Harris","OAK","AAA",25,147,0.31632653,3.052631578,0.23,0.58,0.19,0.315789473,0.210526315,0.46666667,0.21904762,0.31428571,0.0802139,206,355,561,"29788"
"Kyle Manzardo","CLE","AAA",22,405,0.260869565,0.590163934,0.276119402,0.268656716,0.45522388,0.106557377,0.139344262,0.48148148,0.21481481,0.3037037,0.08181818,688,962,1650,"29794"
"Darren Baker","WSN","AAA",24,448,0.329230769,3.481481481,0.253086419,0.580246913,0.166666666,0.148148148,0.055555555,0.3343465,0.25835866,0.40729483,0.06850892,651,1086,1737,"29912"
"Tyler Black","MIL","AAA",22,173,0.344827586,1.714285714,0.194915254,0.508474576,0.296610169,0.228571428,0.114285714,0.41666667,0.2,0.38333333,0.07549858,304,398,702,"29949"
"Jordan Lawlar","ARI","AAA",20,80,0.365384615,1.5,0.210526315,0.47368421,0.315789473,0.166666666,0.277777777,0.45614035,0.31578947,0.22807018,0.09830508,121,174,295,"29976"
"Christian Encarnacion-Strand","CIN","AAA",23,316,0.37696335,0.892857142,0.239234449,0.358851674,0.401913875,0.202380952,0.238095238,0.47169811,0.27358491,0.25471698,0.13647441,430,801,1231,"30011"
"Oscar Colas","CHW","AAA",24,238,0.322368421,1.245614035,0.2,0.44375,0.35625,0.122807017,0.157894736,0.37888199,0.26086957,0.36024845,0.12800875,333,581,914,"30162"
"Cesar Prieto","BAL","AAA",24,291,0.310043668,2.034482758,0.244635193,0.506437768,0.248927038,0.224137931,0.103448275,0.51898734,0.18565401,0.29535865,0.10483871,310,682,992,"30163"
"Heston Kjerstad","BAL","AAA",24,337,0.356164383,1.370967741,0.346666666,0.377777777,0.275555555,0.14516129,0.161290322,0.44104803,0.23580786,0.3231441,0.12736237,433,784,1217,"31166"
"Wade Meckler","SFG","AAA",23,102,0.44262295,1.333333333,0.43548387,0.322580645,0.241935483,0,0.133333333,0.5,0.21875,0.28125,0.07804878,188,222,410,"31490"
"Brooks Lee","MIN","AAA",22,168,0.258333333,1.93548387,0.272,0.48,0.248,0.096774193,0.161290322,0.456,0.28,0.264,0.11312217,230,433,663,"31595"
"Jackson Holliday","BAL","AAA",19,91,0.321428571,2.416666666,0.293103448,0.5,0.206896551,0,0.166666666,0.37931034,0.24137931,0.37931034,0.09309309,144,189,333,"31781"
"Charlie Culberson","ATL","AAA",34,107,0.287878787,1.363636363,0.2,0.461538461,0.338461538,0.272727272,0.045454545,0.43283582,0.25373134,0.31343284,0.17222222,97,263,360,"3298"
"Michael Brantley","HOU","AAA",36,64,0.276595744,0.842105263,0.270833333,0.333333333,0.395833333,0.157894736,0.052631578,0.375,0.33333333,0.29166667,0.0260223,132,137,269,"4106"
"Joey Votto","CIN","AAA",39,103,0.260869565,1.222222222,0.166666666,0.458333333,0.375,0.055555555,0.166666666,0.42857143,0.26530612,0.30612245,0.12854031,202,257,459,"4314"
"Daniel Murphy","LAA","AAA",38,169,0.33076923,1.909090909,0.267175572,0.48091603,0.251908396,0.303030303,0.03030303,0.44274809,0.18320611,0.3740458,0.05901116,235,392,627,"4316"
"Sandy Leon","CLE","AAA",34,76,0.266666666,1.111111111,0.191489361,0.425531914,0.382978723,0.277777777,0.111111111,0.5106383,0.14893617,0.34042553,0.07210031,137,182,319,"5273"
"Ji Man Choi","PIT","AAA",32,58,0.28125,1.6,0.257142857,0.457142857,0.285714285,0.1,0.3,0.54285714,0.22857143,0.22857143,0.1173913,95,135,230,"5452"
"Abraham Almonte","NYM","AAA",34,159,0.192771084,0.76744186,0.173913043,0.358695652,0.467391304,0.232558139,0.255813953,0.57894737,0.21052632,0.21052632,0.10140845,294,416,710,"5486"
"Hernan Perez","MIN","AAA",32,231,0.315436241,1.795454545,0.216560509,0.503184713,0.280254777,0.136363636,0.227272727,0.44654088,0.27672956,0.27672956,0.11732456,332,580,912,"5751"
"Didi Gregorius","SEA","AAA",33,117,0.197674418,1.06060606,0.227272727,0.397727272,0.375,0.242424242,0.09090909,0.46067416,0.20224719,0.33707865,0.14218009,157,265,422,"6012"
"Matt Adams","WSN","AAA",34,402,0.307377049,0.839622641,0.247104247,0.343629343,0.409266409,0.188679245,0.160377358,0.44656489,0.25572519,0.29770992,0.16742969,508,1021,1529,"9393"
"Darin Ruf","MIL","AAA",36,55,0.206896551,0.846153846,0.2,0.366666666,0.433333333,0.23076923,0.076923076,0.36666667,0.2,0.43333333,0.06896552,114,147,261,"9929"
"Anthony Prato","MIN","AAA",25,299,0.387096774,1.054545454,0.302469135,0.358024691,0.339506172,0.09090909,0.181818181,0.35757576,0.29090909,0.35151515,0.08045052,540,703,1243,"sa1052903"
"LJ Talley","TOR","AAA",26,220,0.262411347,1.3,0.190140845,0.457746478,0.352112676,0.18,0.08,0.45517241,0.2,0.34482759,0.09299781,382,532,914,"sa1169773"
"Ryan Ward","LAD","AAA",25,615,0.289256198,1.294573643,0.221052631,0.439473684,0.339473684,0.093023255,0.162790697,0.49350649,0.23896104,0.26753247,0.14613779,879,1516,2395,"sa1169792"
"Clay Dungan","KCR","AAA",27,329,0.346341463,1.323076923,0.263414634,0.419512195,0.31707317,0.23076923,0.046153846,0.37142857,0.17142857,0.45714286,0.09891808,528,766,1294,"sa1169803"
"Aaron Shackelford","PIT","AAA",26,425,0.294117647,0.769230769,0.213675213,0.341880341,0.444444444,0.336538461,0.134615384,0.50212766,0.25957447,0.23829787,0.15261283,658,1026,1684,"sa1169950"
"Anthony Mulrine","LAA","AAA",25,56,0.205882352,1.5,0.264705882,0.44117647,0.294117647,0.4,0,0.5,0.20588235,0.29411765,0.12299465,70,117,187,"sa1170373"
"Josh Bissonette","PIT","AAA",26,184,0.272,1.96875,0.233870967,0.508064516,0.258064516,0.25,0.03125,0.328125,0.234375,0.4375,0.08635795,324,475,799,"sa1170619"
"Evan Mendoza","SDP","AAA",27,72,0.25,2.307692307,0.232142857,0.535714285,0.232142857,0.153846153,0.076923076,0.28070175,0.21052632,0.50877193,0.08163265,105,189,294,"sa3002836"
"Yunior Severino","MIN","AAA",23,153,0.294117647,1.033333333,0.217948717,0.397435897,0.384615384,0.033333333,0.366666666,0.3625,0.4,0.2375,0.18210863,242,384,626,"sa3003185"
"Rafael Lantigua","TOR","AAA",25,578,0.366197183,1.490384615,0.278551532,0.431754874,0.289693593,0.153846153,0.115384615,0.43989071,0.26775956,0.29234973,0.10070361,988,1286,2274,"sa3003219"
"Diego Infante","TBR","AAA",23,96,0.285714285,2.583333333,0.232142857,0.553571428,0.214285714,0.166666666,0.083333333,0.42105263,0.19298246,0.38596491,0.20679887,108,245,353,"sa3003280"
"Marcos Gonzalez","CLE","AAA",23,59,0.194444444,2.333333333,0.166666666,0.583333333,0.25,0.333333333,0,0.55555556,0.13888889,0.30555556,0.15086207,86,146,232,"sa3003311"
"Chase Pinder","STL","AAA",27,279,0.346405228,1.38,0.237179487,0.442307692,0.32051282,0.1,0.12,0.45625,0.23125,0.3125,0.09437229,488,667,1155,"sa3003961"
"Laz Rivera","CHW","AAA",28,164,0.323809523,1.146341463,0.145631067,0.456310679,0.398058252,0.292682926,0,0.4587156,0.33027523,0.21100917,0.125387,210,436,646,"sa3004128"
"Jordy Barley","WSN","AAA",23,60,0.481481481,2,0.25,0.5,0.25,0.142857142,0.285714285,0.46666667,0.33333333,0.2,0.17886179,86,160,246,"sa3004148"
"Blake Hunt","TBR","AAA",24,126,0.275862068,0.682926829,0.258064516,0.301075268,0.440860215,0.31707317,0.146341463,0.39784946,0.30107527,0.30107527,0.11725664,145,307,452,"sa3004153"
"Jake Scheiner","SEA","AAA",27,553,0.285714285,1.20338983,0.202453987,0.435582822,0.36196319,0.161016949,0.254237288,0.45015106,0.23564955,0.3141994,0.12031048,979,1340,2319,"sa3004160"
"Shane Matheny","SFG","AAA",27,213,0.343137254,1.138888888,0.259615384,0.394230769,0.346153846,0.111111111,0.083333333,0.4952381,0.22857143,0.27619048,0.11737089,368,484,852,"sa3004780"
"Mason Martin","PIT","AAA",24,101,0.310344827,0.73076923,0.25,0.316666666,0.433333333,0.346153846,0.076923076,0.40983607,0.26229508,0.32786885,0.18069307,164,240,404,"sa3004885"
"Robbie Glendinning","BAL","AAA",27,118,0.344827586,1.285714285,0.238095238,0.428571428,0.333333333,0.095238095,0.285714285,0.36507937,0.25396825,0.38095238,0.16736402,183,295,478,"sa3004978"
"Diosbel Arias","TEX","AAA",26,397,0.409482758,1.436619718,0.263829787,0.434042553,0.302127659,0.183098591,0.084507042,0.48953975,0.21757322,0.29288703,0.13265306,595,973,1568,"sa3005308"
"Eddys Leonard","DET","AAA",22,171,0.345794392,1.515151515,0.271929824,0.438596491,0.289473684,0.121212121,0.242424242,0.46956522,0.26086957,0.26956522,0.14240506,233,399,632,"sa3005554"
"Julio Carreras","COL","AAA",23,62,0.324324324,2.444444444,0.184210526,0.578947368,0.236842105,0,0.111111111,0.47368421,0.26315789,0.26315789,0.08906883,103,144,247,"sa3005598"
"Orlando Martinez","LAA","AAA",25,164,0.284482758,1.166666666,0.215517241,0.422413793,0.362068965,0.214285714,0.071428571,0.43801653,0.24793388,0.31404959,0.11480865,240,361,601,"sa3006664"
"Ross Adolph","HOU","AAA",26,73,0.392857142,2.666666666,0.29032258,0.516129032,0.193548387,0.166666666,0.5,0.53125,0.28125,0.1875,0.18085106,106,176,282,"sa3006666"
"Drew Mount","CIN","AAA",27,72,0.421052631,1.888888888,0.365853658,0.414634146,0.219512195,0,0.333333333,0.51219512,0.2195122,0.26829268,0.1184669,104,183,287,"sa3006728"
"Marty Costes","HOU","AAA",27,197,0.310077519,2.29032258,0.209302325,0.550387596,0.240310077,0.258064516,0.064516129,0.36641221,0.2519084,0.38167939,0.09054594,310,441,751,"sa3006783"
"Cobie Fletcher-Vance","MIA","AAA",25,66,0.268292682,3.142857142,0.292682926,0.536585365,0.170731707,0.285714285,0.142857142,0.33333333,0.23809524,0.42857143,0.14583333,96,144,240,"sa3006860"
"Devin Mann","KCR","AAA",26,550,0.362711864,0.751937984,0.273311897,0.311897106,0.414790996,0.147286821,0.155038759,0.53968254,0.26031746,0.2,0.11272567,915,1356,2271,"sa3006869"
"John Valente","DET","AAA",28,62,0.260869565,3.75,0.173913043,0.652173913,0.173913043,0.125,0.125,0.46808511,0.23404255,0.29787234,0.12676056,78,135,213,"sa3006923"
"Chris Williams","MIN","AAA",26,376,0.300578034,0.851851851,0.226804123,0.355670103,0.417525773,0.209876543,0.259259259,0.50769231,0.25641026,0.23589744,0.14564943,658,928,1586,"sa3007028"
"Frankie Tostado","WSN","AAA",25,81,0.27118644,1.238095238,0.216666666,0.433333333,0.35,0.047619047,0.095238095,0.39344262,0.27868852,0.32786885,0.10385757,129,208,337,"sa3007030"
"Jameson Hannah","COL","AAA",25,70,0.32,2.6,0.265306122,0.530612244,0.204081632,0.1,0,0.19607843,0.25490196,0.54901961,0.0766129,93,155,248,"sa3007046"
"Grant Witherspoon","DET","AAA",26,141,0.291666666,1.375,0.24,0.44,0.32,0.25,0.125,0.36,0.30666667,0.33333333,0.14385965,231,339,570,"sa3007047"
"Niko Hulsizer","TBR","AAA",26,473,0.295964125,0.742857142,0.211206896,0.336206896,0.452586206,0.209523809,0.161904761,0.51882845,0.25523013,0.22594142,0.16969697,836,1144,1980,"sa3007053"
"Jordan Qsar","PHI","AAA",27,288,0.358778625,0.736842105,0.287769784,0.302158273,0.410071942,0.280701754,0.192982456,0.42253521,0.25352113,0.32394366,0.12926829,529,701,1230,"sa3007078"
"Raynel Delgado","CLE","AAA",23,393,0.32128514,1.623376623,0.2109375,0.48828125,0.30078125,0.272727272,0.09090909,0.42857143,0.25868726,0.31274131,0.12736773,582,949,1531,"sa3007288"
"Matt Kroon","PHI","AAA",26,76,0.456521739,1.642857142,0.244897959,0.469387755,0.285714285,0.142857142,0.214285714,0.55102041,0.24489796,0.20408163,0.11034483,118,172,290,"sa3007502"
"Ruben Cardenas","TBR","AAA",25,550,0.337579617,0.785714285,0.246987951,0.331325301,0.421686746,0.264285714,0.157142857,0.53731343,0.25671642,0.20597015,0.14252661,827,1334,2161,"sa3007505"
"Patrick Dorrian","MIL","AAA",27,407,0.301369863,1.507042253,0.258333333,0.445833333,0.295833333,0.154929577,0.295774647,0.50833333,0.2375,0.25416667,0.18148599,611,1031,1642,"sa3007629"
"Nick Meyer","NYM","AAA",26,264,0.258823529,1.106060606,0.210227272,0.414772727,0.375,0.227272727,0.09090909,0.47191011,0.26966292,0.25842697,0.10847107,376,592,968,"sa3007826"
"Jake Slaughter","CHC","AAA",26,432,0.29059829,1.361445783,0.231372549,0.443137254,0.325490196,0.168674698,0.26506024,0.48828125,0.23828125,0.2734375,0.14755078,640,1034,1674,"sa3007871"
"Brennen Davis","CHC","AAA",23,257,0.23125,1.06557377,0.2125,0.40625,0.38125,0.278688524,0.06557377,0.5,0.15243902,0.34756098,0.15226337,363,609,972,"sa3007876"
"Alex McKenna","HOU","AAA",25,108,0.321428571,2.428571428,0.157894736,0.596491228,0.245614035,0.142857142,0.214285714,0.38983051,0.23728814,0.37288136,0.12095032,181,282,463,"sa3008003"
"Onix Vega","WSN","AAA",24,62,0.25,0.761904761,0.139534883,0.372093023,0.488372093,0.285714285,0,0.43181818,0.25,0.31818182,0.09090909,79,152,231,"sa3008007"
"Malcom Nunez","PIT","AAA",22,271,0.290697674,1.5,0.217877094,0.469273743,0.312849162,0.214285714,0.125,0.42458101,0.21787709,0.3575419,0.13691027,379,702,1081,"sa3008113"
"Hunter Stovall","COL","AAA",26,432,0.311320754,1.453608247,0.244444444,0.447619047,0.307936507,0.195876288,0.082474226,0.42201835,0.22324159,0.35474006,0.09468223,574,968,1542,"sa3008181"
"Jimmy Herron","COL","AAA",26,539,0.34218289,1.055555555,0.242690058,0.388888888,0.368421052,0.19047619,0.15079365,0.48739496,0.21568627,0.29691877,0.08695652,787,1283,2070,"sa3008183"
"Jaylen Palmer","NYM","AAA",22,80,0.333333333,0.846153846,0.314285714,0.314285714,0.371428571,0.076923076,0.461538461,0.63888889,0.25,0.11111111,0.14769231,142,183,325,"sa3008297"
"JJ Schwarz","OAK","AAA",27,53,0.294117647,1.3,0.303030303,0.393939393,0.303030303,0.2,0,0.38235294,0.32352941,0.29411765,0.10769231,103,157,260,"sa3008391"
"Tanner Morris","TOR","AAA",25,411,0.35,1.921875,0.286259541,0.469465648,0.244274809,0.09375,0.09375,0.37313433,0.23880597,0.3880597,0.06913281,671,978,1649,"sa3009873"
"Trevor Schwecke","TOR","AAA",25,55,0.428571428,3.4,0.214285714,0.607142857,0.178571428,0.2,0.2,0.48275862,0.10344828,0.4137931,0.16585366,63,142,205,"sa3009874"
"Luke Ritter","NYM","AAA",26,264,0.315789473,1.039215686,0.272727272,0.37062937,0.356643356,0.078431372,0.25490196,0.45890411,0.28082192,0.26027397,0.15469062,405,597,1002,"sa3009878"
"Jack Dunn","WSN","AAA",26,241,0.297297297,1.627906976,0.236486486,0.472972972,0.29054054,0.116279069,0.069767441,0.38666667,0.26666667,0.34666667,0.08341416,418,613,1031,"sa3010029"
"Daniel Cope","COL","AAA",26,167,0.431578947,1.242424242,0.252525252,0.414141414,0.333333333,0.121212121,0.121212121,0.26,0.33,0.41,0.17411402,248,401,649,"sa3010157"
"Trevor Boone","COL","AAA",25,175,0.405063291,0.828571428,0.228915662,0.34939759,0.421686746,0.114285714,0.114285714,0.4939759,0.30120482,0.20481928,0.20527046,256,465,721,"sa3010336"
"Yorvis Torrealba","COL","AAA",25,64,0.318181818,2.166666666,0.116279069,0.604651162,0.279069767,0.333333333,0.083333333,0.53333333,0.13333333,0.33333333,0.14695341,97,182,279,"sa3010343"
"Darius Hill","CHC","AAA",25,372,0.322463768,1.662162162,0.281021897,0.448905109,0.270072992,0.189189189,0.027027027,0.32142857,0.21428571,0.46428571,0.08695652,496,861,1357,"sa3010395"
"Bryce Windham","CHC","AAA",26,217,0.358108108,1.658536585,0.253424657,0.465753424,0.280821917,0.170731707,0.024390243,0.26666667,0.30666667,0.42666667,0.08120133,339,560,899,"sa3010403"
"Corey Joyce","DET","AAA",24,206,0.372727272,1.023255813,0.216216216,0.396396396,0.387387387,0.209302325,0.093023255,0.54385965,0.20175439,0.25438596,0.10360885,369,490,859,"sa3010596"
"Chase Strumpf","CHC","AAA",25,267,0.280701754,0.507462686,0.204724409,0.267716535,0.527559055,0.164179104,0.208955223,0.37209302,0.27906977,0.34883721,0.14539307,518,665,1183,"sa3010845"
"Shayne Fontana","BAL","AAA",26,227,0.337931034,1.837837837,0.285714285,0.462585034,0.25170068,0.216216216,0.108108108,0.49342105,0.29605263,0.21052632,0.08482143,348,548,896,"sa3010897"
"Jake Washer","CHC","AAA",27,75,0.211538461,1.157894736,0.211538461,0.423076923,0.365384615,0.263157894,0.052631578,0.50943396,0.20754717,0.28301887,0.14229249,73,180,253,"sa3011306"
"Stephen Scott","BOS","AAA",26,254,0.235294117,1.64,0.195121951,0.5,0.304878048,0.12,0.26,0.46385542,0.30120482,0.23493976,0.11647429,392,561,953,"sa3011469"
"Yolbert Sanchez","CHW","AAA",26,445,0.321321321,1.674157303,0.278787878,0.451515151,0.269696969,0.101123595,0.033707865,0.35905045,0.23442136,0.40652819,0.0918619,526,1096,1622,"sa3011471"
"Luke Berryhill","HOU","AAA",25,307,0.355072463,1.547619047,0.256944444,0.451388888,0.291666666,0.095238095,0.19047619,0.39041096,0.28767123,0.32191781,0.14620797,558,721,1279,"sa3011587"
"Hudson Haskin","BAL","AAA",24,95,0.422222222,0.666666666,0.270833333,0.291666666,0.4375,0.238095238,0.142857142,0.45833333,0.20833333,0.33333333,0.16076294,125,242,367,"sa3014449"
"Elijah Dunham","NYY","AAA",25,303,0.301204819,1.258064516,0.181286549,0.45614035,0.362573099,0.354838709,0.096774193,0.49418605,0.19767442,0.30813953,0.12033195,506,699,1205,"sa3014827"
"Micah Pries","CLE","AAA",25,464,0.272413793,1.203883495,0.243333333,0.413333333,0.343333333,0.155339805,0.13592233,0.45214521,0.20462046,0.34323432,0.12049489,723,1136,1859,"sa3014830"
"Matt Koperniak","STL","AAA",25,422,0.293333333,1.95,0.238709677,0.503225806,0.258064516,0.175,0.175,0.41719745,0.24840764,0.3343949,0.08776119,629,1046,1675,"sa3014834"
"Noah Campbell","MIL","AAA",24,90,0.27118644,1.45,0.196721311,0.475409836,0.327868852,0.15,0.1,0.45901639,0.2295082,0.31147541,0.12275449,122,212,334,"sa3014878"
"Tucker Bradley","KCR","AAA",25,250,0.333333333,1.644444444,0.227272727,0.48051948,0.292207792,0.266666666,0.088888888,0.38650307,0.33128834,0.28220859,0.10337769,369,608,977,"sa3014937"
"Brady Lindsly","WSN","AAA",25,82,0.31707317,1.058823529,0.204545454,0.409090909,0.386363636,0.117647058,0.235294117,0.53333333,0.2,0.26666667,0.11830986,137,218,355,"sa3014942"
"Justin Dirden","HOU","AAA",25,364,0.311881188,0.844444444,0.216981132,0.358490566,0.424528301,0.122222222,0.111111111,0.37962963,0.31944444,0.30092593,0.17838638,502,849,1351,"sa3014986"
"Alex McGarry","CIN","AAA",25,52,0.23076923,1,0.111111111,0.444444444,0.444444444,0.25,0.166666666,0.42857143,0.17857143,0.39285714,0.22439024,76,129,205,"sa3015015"
"Nick Raposo","STL","AAA",25,108,0.25,1.28,0.269230769,0.41025641,0.32051282,0.2,0.12,0.43037975,0.21518987,0.35443038,0.06965174,156,246,402,"sa3015018"
"Brandon McIlwain","NYM","AAA",25,191,0.28,1.388888888,0.165048543,0.485436893,0.349514563,0.111111111,0.138888888,0.33333333,0.27619048,0.39047619,0.13195343,305,468,773,"sa3015076"
"Joe Suozzi","NYM","AAA",25,146,0.337078651,3.533333333,0.244444444,0.588888888,0.166666666,0.4,0.266666666,0.37634409,0.19354839,0.43010753,0.12166667,224,376,600,"sa3015106"
"Zach Humphreys","LAA","AAA",25,224,0.335714285,2.2,0.205673758,0.54609929,0.24822695,0.171428571,0.057142857,0.46153846,0.23776224,0.3006993,0.09162896,357,527,884,"sa3016853"
"Justice Bigbie","DET","AAA",24,58,0.361111111,1.363636363,0.297297297,0.405405405,0.297297297,0.181818181,0.09090909,0.21621622,0.35135135,0.43243243,0.15121951,70,135,205,"sa3016971"
"Adam Hackenberg","CHW","AAA",23,125,0.325,1.478260869,0.304878048,0.414634146,0.280487804,0.130434782,0.130434782,0.40963855,0.20481928,0.38554217,0.13291139,174,300,474,"sa3017041"
"Luke Waddell","ATL","AAA",24,131,0.247311827,1.5,0.29347826,0.423913043,0.282608695,0.038461538,0,0.33333333,0.24731183,0.41935484,0.05232558,217,299,516,"sa3017075"
"Wyatt Young","NYM","AAA",23,192,0.275362318,1.191489361,0.264285714,0.4,0.335714285,0.063829787,0.063829787,0.42253521,0.22535211,0.35211268,0.08127721,251,438,689,"sa3017081"
"Quincy Hamilton","HOU","AAA",25,132,0.211764705,1.333333333,0.163043478,0.478260869,0.358695652,0.212121212,0.212121212,0.55434783,0.11956522,0.32608696,0.06792453,210,320,530,"sa3017215"
"Damiano Palmegiani","TOR","AAA",23,96,0.386363636,0.777777777,0.333333333,0.291666666,0.375,0.222222222,0.222222222,0.44897959,0.28571429,0.26530612,0.1184573,165,198,363,"sa3017326"
"Paul McIntosh","MIA","AAA",25,117,0.28125,1.714285714,0.161764705,0.529411764,0.308823529,0.095238095,0.238095238,0.46376812,0.4057971,0.13043478,0.12448133,189,293,482,"sa3017372"
"Josh Sale","TEX","AAA",31,52,0.3,1.142857142,0.318181818,0.363636363,0.318181818,0.142857142,0.285714285,0.54545455,0.31818182,0.13636364,0.15865385,83,125,208,"sa548183"
"Wilson Garcia","WSN","AAA",29,88,0.287878787,1.684210526,0.260869565,0.463768115,0.275362318,0.210526315,0.157894736,0.50724638,0.2173913,0.27536232,0.16491228,77,208,285,"sa596287"
"Angelo Castellano","KCR","AAA",28,386,0.303149606,0.807692307,0.276923076,0.323076923,0.4,0.317307692,0.144230769,0.55185185,0.22592593,0.22222222,0.06432749,623,916,1539,"sa657521"
"Santiago Chavez","MIA","AAA",27,188,0.23853211,1.558823529,0.186915887,0.495327102,0.317757009,0.176470588,0.029411764,0.46363636,0.22727273,0.30909091,0.13084112,260,489,749,"sa657706"
"Clint Coulter","SFG","AAA",29,235,0.276729559,1.095238095,0.185185185,0.425925925,0.388888888,0.158730158,0.095238095,0.50920245,0.28834356,0.20245399,0.12469136,260,550,810,"sa657922"
"C.J. Hinojosa","MIA","AAA",28,360,0.274725274,1.25,0.221804511,0.432330827,0.345864661,0.260869565,0.076086956,0.37588652,0.24822695,0.37588652,0.10453497,427,874,1301,"sa658616"
"Ray-Patrick Didder","SDP","AAA",28,202,0.36036036,1.023255813,0.256410256,0.376068376,0.367521367,0.209302325,0.162790697,0.52542373,0.21186441,0.26271186,0.10301508,362,434,796,"sa736824"
"Riley Unroe","SEA","AAA",27,179,0.31372549,1.354838709,0.304761904,0.4,0.295238095,0.161290322,0.161290322,0.5,0.17592593,0.32407407,0.11934156,332,397,729,"sa737614"
"Xavier Fernandez","CHW","AAA",27,141,0.367346938,0.925,0.245098039,0.362745098,0.392156862,0.125,0.125,0.47572816,0.23300971,0.29126214,0.10275229,198,347,545,"sa737922"
"Jantzen Witte","SDP","AAA",33,439,0.304832713,0.936363636,0.244680851,0.365248226,0.390070921,0.181818181,0.154545454,0.41463415,0.31358885,0.271777,0.1146789,651,1093,1744,"sa738324"
"Michael Reed","LAD","AAA",28,132,0.283582089,1.04347826,0.318840579,0.347826086,0.333333333,0.304347826,0.173913043,0.5,0.16666667,0.33333333,0.16226415,192,338,530,"sa738683"
"Robbie Tenerowicz","SEA","AAA",28,201,0.311594202,1.837837837,0.25,0.485714285,0.264285714,0.243243243,0.081081081,0.47142857,0.26428571,0.26428571,0.0926893,295,471,766,"sa738999"
"Dominic Miroglio","ARI","AAA",28,97,0.292307692,1.166666666,0.223880597,0.417910447,0.358208955,0.5,0.083333333,0.50746269,0.19402985,0.29850746,0.07238606,147,226,373,"sa739013"
"Jamie Ritchie","TOR","AAA",30,214,0.291970802,2.272727272,0.2,0.555555555,0.244444444,0.242424242,0.03030303,0.36231884,0.18115942,0.45652174,0.06192661,374,498,872,"sa829058"
"Drew Lugbauer","ATL","AAA",26,98,0.386363636,0.842105263,0.255319148,0.340425531,0.404255319,0.105263157,0.157894736,0.36170213,0.21276596,0.42553191,0.2235023,161,273,434,"sa829268"
"Isiah Gilliam","SEA","AAA",26,101,0.327272727,1.857142857,0.298245614,0.45614035,0.245614035,0.357142857,0.214285714,0.4137931,0.27586207,0.31034483,0.1097852,181,238,419,"sa829343"
"Jordan Procyshen","TEX","AAA",30,90,0.326923076,1.058823529,0.326923076,0.346153846,0.326923076,0.235294117,0.058823529,0.49056604,0.24528302,0.26415094,0.1312336,147,234,381,"sa829345"
"Michael Cantu","SDP","AAA",27,143,0.295774647,3.583333333,0.214285714,0.614285714,0.171428571,0.166666666,0.166666666,0.49315068,0.15068493,0.35616438,0.17128874,233,380,613,"sa829494"
"Evan Skoug","CHW","AAA",27,147,0.22368421,1.48,0.225,0.4625,0.3125,0.2,0.16,0.5875,0.175,0.2375,0.16472546,254,347,601,"sa829713"
"Andrew Bechtold","MIN","AAA",27,206,0.325,1.375,0.233870967,0.443548387,0.322580645,0.3,0.2,0.453125,0.234375,0.3125,0.12639405,316,491,807,"sa829787"
"Bryson Brigman","LAD","AAA",28,255,0.344632768,2.647058823,0.295454545,0.511363636,0.193181818,0.147058823,0.088235294,0.46111111,0.15555556,0.38333333,0.0781415,355,592,947,"sa829857"
"Errol Robinson","STL","AAA",28,148,0.32183908,2.764705882,0.238095238,0.559523809,0.202380952,0.176470588,0,0.45977011,0.22988506,0.31034483,0.09688013,245,364,609,"sa857819"
"Preston Palmeiro","LAA","AAA",28,161,0.225490196,1.025641025,0.217821782,0.396039603,0.386138613,0.205128205,0.051282051,0.54285714,0.2,0.25714286,0.16174184,267,376,643,"sa857823"
"Joseph Rosa","BAL","AAA",26,121,0.371794871,1.545454545,0.272727272,0.441558441,0.285714285,0.318181818,0,0.51898734,0.25316456,0.2278481,0.09019608,211,299,510,"sa872490"
"Yorman Rodriguez","SDP","AAA",25,178,0.302158273,1.789473684,0.237410071,0.489208633,0.273381294,0.394736842,0.078947368,0.45833333,0.22916667,0.3125,0.09120521,206,408,614,"sa872817"
"Lorenzo Cedrola","NYM","AAA",25,229,0.264516129,1.163934426,0.164556962,0.449367088,0.386075949,0.196721311,0.098360655,0.45454545,0.23636364,0.30909091,0.10283688,308,538,846,"sa872850"
"Stevie Berman","TOR","AAA",28,112,0.323076923,2,0.227272727,0.515151515,0.257575757,0.176470588,0.117647058,0.44776119,0.17910448,0.37313433,0.08185841,181,271,452,"sa873599"
"Moises Gomez","STL","AAA",24,567,0.287096774,0.577639751,0.246290801,0.275964391,0.477744807,0.167701863,0.186335403,0.43235294,0.27941176,0.28823529,0.18861863,733,1446,2179,"sa875163"
"Jonathan Morales","COL","AAA",28,397,0.265306122,1.274509803,0.231788079,0.430463576,0.337748344,0.264705882,0.137254901,0.49350649,0.23051948,0.27597403,0.07692308,539,930,1469,"sa875808"
"Rodolfo Duran","NYY","AAA",25,240,0.298701298,1.245283018,0.25625,0.4125,0.33125,0.320754716,0.150943396,0.51533742,0.21472393,0.26993865,0.11823647,361,637,998,"sa877500"
"Ronaldo Hernandez","BOS","AAA",25,393,0.25,1.144230769,0.167910447,0.44402985,0.388059701,0.240384615,0.163461538,0.46886447,0.22344322,0.30769231,0.12420607,531,886,1417,"sa881850"
"Justin Yurchak","LAD","AAA",26,288,0.3,1.349206349,0.233160621,0.440414507,0.32642487,0.19047619,0.095238095,0.45685279,0.27411168,0.26903553,0.07647059,494,696,1190,"sa915590"
"Nick Dunn","STL","AAA",26,225,0.341463414,1.529411764,0.222891566,0.469879518,0.307228915,0.25490196,0.039215686,0.41566265,0.21084337,0.37349398,0.04675029,351,526,877,"sa915613"
"Michael Gigliotti","SFG","AAA",27,278,0.295857988,1.686274509,0.198830409,0.502923976,0.298245614,0.25490196,0.058823529,0.36206897,0.33333333,0.3045977,0.07959744,480,613,1093,"sa915700"
"Matt Whatley","TEX","AAA",27,268,0.260869565,0.983606557,0.266666666,0.363636363,0.369696969,0.37704918,0.098360655,0.3964497,0.24260355,0.36094675,0.12725451,361,637,998,"sa915868"
"Ricardo Genoves","SFG","AAA",24,287,0.29090909,1.015151515,0.213017751,0.396449704,0.390532544,0.272727272,0.09090909,0.50877193,0.22807018,0.26315789,0.13016158,433,681,1114,"sa916844"
"Jesus Bastidas","NYY","AAA",24,384,0.314893617,1.15116279,0.244897959,0.404081632,0.351020408,0.279069767,0.139534883,0.47791165,0.19277108,0.32931727,0.1372549,519,909,1428,"sa916969"
"Miguel Hernandez","CIN","AAA",24,55,0.4,5.75,0.228571428,0.657142857,0.114285714,0.25,0.25,0.27777778,0.41666667,0.30555556,0.17560976,65,140,205,"sa917055"
"Daniel Montano","COL","AAA",24,320,0.323699421,1.178571428,0.314606741,0.370786516,0.314606741,0.178571428,0.142857142,0.40883978,0.29281768,0.29834254,0.11935731,549,758,1307,"sa917068"
"Roberto Alvarez","TBR","AAA",23,65,0.34090909,2.545454545,0.113636363,0.636363636,0.25,0.181818181,0.09090909,0.46666667,0.24444444,0.28888889,0.17813765,76,171,247,"sa917107"
"Yonathan Perlaza","CHC","AAA",24,543,0.336448598,1.320754716,0.276470588,0.411764705,0.311764705,0.216981132,0.216981132,0.48985507,0.24057971,0.26956522,0.14659686,869,1232,2101,"sa917302"
"Joe Rizzo","MIA","AAA",25,191,0.3046875,0.884615384,0.263157894,0.345864661,0.390977443,0.192307692,0.115384615,0.36567164,0.29104478,0.34328358,0.11186903,283,450,733,"sa917934"
"Tyler Neslony","CHW","AAA",29,183,0.297297297,2.111111111,0.275862068,0.49137931,0.23275862,0.222222222,0.222222222,0.38461538,0.30769231,0.30769231,0.09959072,289,444,733,"sa918131"
"Jim Haley","PHI","AAA",28,410,0.309160305,1.239583333,0.194756554,0.445692883,0.359550561,0.270833333,0.114583333,0.49818182,0.23272727,0.26909091,0.13329122,566,1017,1583,"sa918418"
"Chavez Young","PIT","AAA",25,147,0.232558139,1.551724137,0.168539325,0.505617977,0.325842696,0.275862068,0.103448275,0.42222222,0.27777778,0.3,0.07788162,269,373,642,"sa918963"
"Jhailyn Ortiz","PHI","AAA",24,126,0.319444444,1.384615384,0.173333333,0.48,0.346666666,0.153846153,0.192307692,0.47435897,0.24358974,0.28205128,0.13980583,203,312,515,"sa920180"