Name,Team,Level,Age,PA,BABIP,GB/FB,LD%,GB%,FB%,IFFB%,HR/FB,Pull%,Cent%,Oppo%,SwStr%,Balls,Strikes,Pitches,PlayerId
"Grant Green","SFG","AAA",28,364,0.362369337,1.604651162,0.227586206,0.475862068,0.296551724,0.081395348,0.081395348,0.46621622,0.22635135,0.30743243,0.11464435,360,835,1195,"10053"
"Max Stassi","HOU","AAA",25,266,0.286549707,1.310344827,0.238636363,0.431818181,0.329545454,0.24137931,0.120689655,0.46629213,0.23595506,0.29775281,0.13562753,358,630,988,"10059"
"Tomas Telis","MIA","AAA",25,368,0.337931034,2.077922077,0.18275862,0.551724137,0.265517241,0.22077922,0.077922077,0.4006734,0.25925926,0.34006734,0.05689278,485,886,1371,"10067"
"Donald Lutz","CIN","AAA",27,70,0.27027027,1.833333333,0.105263157,0.578947368,0.315789473,0.166666666,0.083333333,0.55263158,0.21052632,0.23684211,0.16479401,82,185,267,"10154"
"Nick Franklin","TBR","AAA",25,270,0.306010928,1.114285714,0.212765957,0.414893617,0.372340425,0.142857142,0.071428571,0.4893617,0.28723404,0.22340426,0.12746114,370,595,965,"10166"
"Randal Grichuk","STL","AAA",24,86,0.258064516,0.685714285,0.132352941,0.352941176,0.514705882,0.171428571,0.171428571,0.60294118,0.14705882,0.25,0.07167235,102,191,293,"10243"
"Francisco Arcia","MIA","AAA",26,66,0.276595744,1.733333333,0.127659574,0.553191489,0.319148936,0.266666666,0,0.4375,0.27083333,0.29166667,0.07327586,74,158,232,"10286"
"Hector Sanchez","SDP","AAA",26,230,0.317241379,0.878787878,0.220125786,0.364779874,0.415094339,0.181818181,0.227272727,0.53125,0.23125,0.2375,0.11374408,321,523,844,"10289"
"Adrian Nieto","MIA","AAA",26,129,0.28,2.052631578,0.216216216,0.527027027,0.256756756,0.157894736,0.052631578,0.35526316,0.25,0.39473684,0.09380531,224,341,565,"10294"
"Eury Perez","TBR","AAA",26,245,0.308988764,2.085106382,0.166666666,0.56321839,0.270114942,0.255319148,0.042553191,0.40641711,0.25668449,0.3368984,0.10149942,278,589,867,"10299"
"Danny Ortiz","PIT","AAA",26,470,0.256716417,0.839743589,0.182336182,0.373219373,0.444444444,0.275641025,0.108974358,0.50991501,0.24645892,0.24362606,0.10308678,565,1152,1717,"10317"
"Rafael Ortega","LAA","AAA",25,341,0.35,1.959459459,0.220640569,0.516014234,0.263345195,0.243243243,0.054054054,0.38675958,0.22648084,0.38675958,0.05111294,379,834,1213,"10323"
"Ramon Cabrera","CIN","AAA",26,56,0.285714285,2,0.142857142,0.571428571,0.285714285,0.428571428,0,0.44897959,0.20408163,0.34693878,0.08982036,51,116,167,"10327"
"Rey Fuentes","KCR","AAA",25,272,0.335164835,1.918367346,0.205555555,0.522222222,0.272222222,0.061224489,0,0.40437158,0.27868852,0.31693989,0.11976048,363,639,1002,"10329"
"Slade Heathcott","NYY","AAA",25,216,0.347107438,1.255813953,0.198347107,0.446280991,0.3553719,0.162790697,0.046511627,0.376,0.296,0.328,0.13160987,325,526,851,"10336"
"Gift Ngoepe","PIT","AAA",26,373,0.328205128,1.164556962,0.131979695,0.467005076,0.401015228,0.227848101,0.101265822,0.4,0.27142857,0.32857143,0.1151594,580,957,1537,"10340"
"John Ryan Murphy","MIN","AAA",25,290,0.274418604,0.913043478,0.19266055,0.3853211,0.422018348,0.25,0.032608695,0.3853211,0.28440367,0.33027523,0.10607434,399,704,1103,"10346"
"Mike Ohlman","STL","AAA",25,186,0.366071428,1.022222222,0.215517241,0.396551724,0.387931034,0.022222222,0.133333333,0.40336134,0.35294118,0.24369748,0.11492734,290,467,757,"10347"
"Tommy Joseph","PHI","AAA",24,100,0.346153846,1.125,0.19047619,0.428571428,0.38095238,0.125,0.1875,0.58333333,0.23809524,0.17857143,0.09717868,100,219,319,"10349"
"Daniel Fields","CHW","AAA",25,169,0.385542168,2.333333333,0.268292682,0.512195121,0.219512195,0.111111111,0.055555555,0.5952381,0.27380952,0.13095238,0.18093923,291,433,724,"10390"
"Wilfredo Tovar","MIN","AAA",24,494,0.281725888,1.277372262,0.189610389,0.454545454,0.355844155,0.299270072,0.00729927,0.4125,0.2175,0.37,0.05578947,663,1237,1900,"10416"
"Jon Singleton","HOU","AAA",24,501,0.232472324,0.669064748,0.19163763,0.324041811,0.484320557,0.215827338,0.143884892,0.38566553,0.3105802,0.30375427,0.09887006,933,1191,2124,"10441"
"Cheslor Cuthbert","KCR","AAA",23,107,0.324324324,0.805555555,0.197530864,0.358024691,0.444444444,0.166666666,0.194444444,0.49382716,0.22222222,0.28395062,0.0787037,187,245,432,"10473"
"Rocky Gale","SDP","AAA",28,159,0.296,1.815789473,0.1640625,0.5390625,0.296875,0.184210526,0.078947368,0.43846154,0.19230769,0.36923077,0.06213592,160,355,515,"10533"
"Rico Noel","LAD","AAA",27,136,0.305263157,1,0.161290322,0.419354838,0.419354838,0.076923076,0,0.32989691,0.28865979,0.3814433,0.10136452,172,341,513,"10585"
"Joey Terdoslavich","BAL","AAA",27,70,0.177777777,1.125,0.244444444,0.4,0.355555555,0.25,0,0.53333333,0.15555556,0.31111111,0.12371134,127,164,291,"10593"
"Bryce Brentz","BOS","AAA",27,212,0.317567567,1.738095238,0.238410596,0.483443708,0.278145695,0.428571428,0.095238095,0.44444444,0.19607843,0.35947712,0.13867684,257,529,786,"10607"
"David Freitas","CHC","AAA",27,95,0.384615384,1.285714285,0.261538461,0.415384615,0.323076923,0.047619047,0.095238095,0.23529412,0.29411765,0.47058824,0.11051213,136,235,371,"10619"
"Zach Walters","LAD","AAA",26,366,0.309433962,0.816666666,0.201465201,0.358974358,0.439560439,0.216666666,0.083333333,0.45126354,0.26714801,0.28158845,0.13943028,459,875,1334,"10622"
"Rob Brantly","SEA","AAA",26,315,0.253164556,0.906542056,0.177419354,0.391129032,0.431451612,0.205607476,0.130841121,0.46825397,0.22619048,0.30555556,0.09809524,324,726,1050,"10655"
"Gio Urshela","CLE","AAA",24,491,0.294117647,1.049079754,0.187347931,0.416058394,0.396593673,0.202453987,0.049079754,0.45083933,0.22541966,0.32374101,0.08096677,481,1174,1655,"10681"
"Ryan LaMarre","BOS","AAA",27,358,0.370689655,1.474358974,0.192468619,0.481171548,0.326359832,0.192307692,0.128205128,0.42561983,0.26446281,0.30991736,0.09823848,561,915,1476,"10700"
"Arismendy Alcantara","OAK","AAA",24,433,0.363970588,1.106796116,0.227758007,0.40569395,0.366548042,0.116504854,0.106796116,0.41901408,0.26408451,0.31690141,0.14165666,557,1109,1666,"10711"
"Lane Adams","CHC","AAA",26,58,0.325,1.416666666,0.256410256,0.435897435,0.307692307,0.333333333,0.083333333,0.56097561,0.24390244,0.19512195,0.13809524,78,132,210,"10767"
"Jurickson Profar","TEX","AAA",23,189,0.311594202,1.265306122,0.195652173,0.449275362,0.355072463,0.102040816,0.102040816,0.52083333,0.21527778,0.26388889,0.06317204,289,455,744,"10815"
"Todd Cunningham","LAA","AAA",27,417,0.313793103,1.115044247,0.184300341,0.430034129,0.385665529,0.21238938,0.053097345,0.4205298,0.2781457,0.3013245,0.05363748,645,977,1622,"10822"
"Rangel Ravelo","OAK","AAA",24,416,0.293333333,1.356435643,0.214521452,0.452145214,0.333333333,0.188118811,0.07920792,0.49838188,0.22977346,0.27184466,0.09238452,596,1006,1602,"10839"
"Jared Hoying","TEX","AAA",27,435,0.296666666,0.863013698,0.133757961,0.401273885,0.464968152,0.150684931,0.109589041,0.47619048,0.24761905,0.27619048,0.09747292,604,1058,1662,"10882"
"Darren Ford","SFG","AAA",30,171,0.286821705,2.566666666,0.15079365,0.611111111,0.238095238,0.2,0.033333333,0.41044776,0.26865672,0.32089552,0.08421053,235,430,665,"109"
"Ryan Strausborger","SEA","AAA",28,305,0.294416243,1,0.177664974,0.411167512,0.411167512,0.308641975,0.074074074,0.46305419,0.23152709,0.30541872,0.08905852,425,754,1179,"10937"
"Greg Garcia","STL","AAA",26,120,0.333333333,1.703703703,0.13095238,0.547619047,0.321428571,0.148148148,0,0.36470588,0.24705882,0.38823529,0.04166667,185,271,456,"10951"
"Colin Walsh","OAK","AAA",26,245,0.352941176,0.905660377,0.273381294,0.345323741,0.381294964,0.188679245,0.075471698,0.45714286,0.21428571,0.32857143,0.11665099,454,609,1063,"10961"
"Christian Colon","KCR","AAA",27,85,0.307692307,1.523809523,0.196969696,0.484848484,0.318181818,0.19047619,0.047619047,0.33333333,0.31818182,0.34848485,0.07936508,120,195,315,"11145"
"Elliot Soto","MIA","AAA",26,190,0.305785123,2.8,0.201680672,0.588235294,0.210084033,0.24,0.04,0.456,0.184,0.36,0.06459948,305,469,774,"11155"
"Brett Nicholas","TEX","AAA",27,447,0.337748344,1.346534653,0.233009708,0.440129449,0.326860841,0.128712871,0.128712871,0.41640379,0.2555205,0.32807571,0.1253012,557,1103,1660,"11192"
"Stephen Cardullo","COL","AAA",28,452,0.321428571,0.861111111,0.223188405,0.359420289,0.417391304,0.173611111,0.118055555,0.4056338,0.25915493,0.33521127,0.10465785,585,1154,1739,"11204"
"Mike Freeman","ARI","AAA",28,503,0.388571428,1.663157894,0.272988505,0.454022988,0.272988505,0.084210526,0.042105263,0.36723164,0.27683616,0.3559322,0.07741935,784,1231,2015,"11241"
"Jabari Blash","SDP","AAA",26,229,0.339805825,0.692307692,0.214285714,0.321428571,0.464285714,0.211538461,0.211538461,0.5,0.28070175,0.21929825,0.14068826,429,559,988,"11247"
"Andy Wilkins","MIL","AAA",27,374,0.285087719,0.620967741,0.155462184,0.323529411,0.521008403,0.225806451,0.096774193,0.425,0.25833333,0.31666667,0.09760705,640,948,1588,"11251"
"Whit Merrifield","KCR","AAA",27,304,0.302325581,0.90625,0.171945701,0.393665158,0.43438914,0.145833333,0.083333333,0.41150442,0.24778761,0.34070796,0.08499566,386,767,1153,"11281"
"Adrian Sanchez","WSN","AAA",25,52,0.25,1.142857142,0.318181818,0.363636363,0.318181818,0.214285714,0,0.40909091,0.34090909,0.25,0.06598985,67,130,197,"11338"
"Jesus Aguilar","CLE","AAA",26,578,0.255263157,0.847058823,0.224691358,0.355555555,0.419753086,0.152941176,0.176470588,0.51581509,0.25304136,0.23114355,0.10460993,887,1369,2256,"11342"
"Carlos Rivero","ARI","AAA",28,446,0.302839116,0.692307692,0.209580838,0.323353293,0.467065868,0.205128205,0.121794871,0.42857143,0.25595238,0.31547619,0.09601449,571,1085,1656,"1136"
"Brett Eibner","KCR","AAA",27,237,0.335820895,1.265306122,0.234482758,0.427586206,0.337931034,0.122448979,0.244897959,0.44897959,0.26530612,0.28571429,0.08998989,405,584,989,"11369"
"Michael Choice","CLE","AAA",26,276,0.301886792,1.059701492,0.183431952,0.420118343,0.396449704,0.223880597,0.208955223,0.49710983,0.26011561,0.24277457,0.15643564,346,664,1010,"11376"
"Delino DeShields","TEX","AAA",23,249,0.349315068,1.530612244,0.156462585,0.510204081,0.333333333,0.244897959,0.061224489,0.49668874,0.1986755,0.30463576,0.1003937,428,588,1016,"11379"
"Drew Maggi","LAD","AAA",27,162,0.333333333,1.818181818,0.169642857,0.535714285,0.294642857,0.212121212,0.06060606,0.47368421,0.25438596,0.27192982,0.06570513,237,387,624,"11381"
"Matthew den Dekker","WSN","AAA",28,421,0.26848249,1.326086956,0.176923076,0.469230769,0.353846153,0.25,0.086956521,0.45660377,0.25283019,0.29056604,0.12336555,672,1087,1759,"11385"
"Kyle Waldrop","CIN","AAA",24,355,0.289473684,1.344444444,0.218518518,0.448148148,0.333333333,0.3,0.055555555,0.46494465,0.21402214,0.32103321,0.09726962,378,794,1172,"11402"
"Gary Sanchez","NYY","AAA",23,313,0.301724137,1.021052631,0.186440677,0.411016949,0.402542372,0.27368421,0.105263157,0.55785124,0.2107438,0.23140496,0.09014322,451,736,1187,"11442"
"Rob Segedin","LAD","AAA",27,424,0.356363636,0.922413793,0.228373702,0.370242214,0.401384083,0.206896551,0.181034482,0.44966443,0.27516779,0.27516779,0.11260397,566,997,1563,"11446"
"Dixon Machado","DET","AAA",24,569,0.305288461,1.61983471,0.236144578,0.472289156,0.291566265,0.181818181,0.033057851,0.46028037,0.23598131,0.30373832,0.04862085,857,1282,2139,"11472"
"Henry Ramos","BOS","AAA",24,209,0.287671232,1.25490196,0.222972972,0.432432432,0.344594594,0.196078431,0.098039215,0.3961039,0.21428571,0.38961039,0.09632446,250,539,789,"11481"
"Michael A. Taylor","WSN","AAA",25,130,0.277108433,0.648648648,0.2375,0.3,0.4625,0.459459459,0.027027027,0.46428571,0.22619048,0.30952381,0.11775701,204,331,535,"11489"
"Kaleb Cowart","LAA","AAA",24,458,0.347402597,1.336538461,0.226114649,0.442675159,0.331210191,0.211538461,0.086538461,0.4384858,0.26182965,0.29968454,0.11252269,602,1051,1653,"11494"
"Yolmer Sanchez","CHW","AAA",24,260,0.298850574,1.307692307,0.171270718,0.469613259,0.359116022,0.169230769,0.123076923,0.41621622,0.31891892,0.26486486,0.11817279,340,667,1007,"11602"
"Garin Cecchini","MIL","AAA",25,469,0.304709141,1.275590551,0.194986072,0.451253481,0.353760445,0.149606299,0.039370078,0.48097826,0.22282609,0.29619565,0.0880579,593,1065,1658,"11608"
"Willson Contreras","CHC","AAA",24,240,0.381818181,2.181818181,0.181286549,0.561403508,0.257309941,0.181818181,0.204545454,0.42528736,0.27011494,0.3045977,0.09518477,346,547,893,"11609"
"Jarrett Parker","SFG","AAA",27,222,0.330357142,0.903846153,0.22047244,0.37007874,0.409448818,0.096153846,0.307692307,0.4375,0.2421875,0.3203125,0.14477766,398,569,967,"11624"
"Elias Diaz","PIT","AAA",25,97,0.324675324,1.9,0.246753246,0.493506493,0.259740259,0.4,0,0.4025974,0.16883117,0.42857143,0.09722222,120,240,360,"11680"
"Stefen Romero","SEA","AAA",27,462,0.317365269,0.965517241,0.181034482,0.40229885,0.416666666,0.275862068,0.144827586,0.45915493,0.21971831,0.32112676,0.08223872,679,1072,1751,"11746"
"Drew Robinson","TEX","AAA",24,539,0.332225913,0.666666666,0.19047619,0.323809523,0.485714285,0.150326797,0.130718954,0.48606811,0.25077399,0.26315789,0.10684932,864,1326,2190,"11761"
"Jason Rogers","PIT","AAA",28,420,0.315068493,1.726190476,0.226351351,0.489864864,0.283783783,0.297619047,0.071428571,0.51839465,0.22408027,0.25752508,0.08628842,656,1036,1692,"11773"
"Tyler Austin","NYY","AAA",24,234,0.4,1.0625,0.29787234,0.361702127,0.340425531,0.104166666,0.270833333,0.40277778,0.22222222,0.375,0.10082305,397,575,972,"11850"
"Steven Moya","DET","AAA",24,426,0.326530612,0.991452991,0.253205128,0.371794871,0.375,0.29059829,0.17094017,0.39556962,0.23101266,0.37341772,0.16655865,488,1055,1543,"11854"
"Mason Williams","NYY","AAA",24,138,0.342592592,2.115384615,0.242990654,0.514018691,0.242990654,0.076923076,0,0.42857143,0.24107143,0.33035714,0.08035714,139,309,448,"11859"
"Yadiel Rivera","MIL","AAA",24,326,0.293859649,1.850746268,0.151111111,0.551111111,0.297777777,0.074626865,0.029850746,0.41201717,0.23175966,0.35622318,0.15957447,356,772,1128,"11863"
"Ronny Rodriguez","CLE","AAA",24,488,0.297752808,1.06849315,0.142045454,0.443181818,0.414772727,0.342465753,0.06849315,0.49066667,0.26133333,0.248,0.11566265,526,1134,1660,"11875"
"Noel Cuevas","COL","AAA",24,151,0.284403669,2.24137931,0.137614678,0.596330275,0.266055045,0.034482758,0.034482758,0.46846847,0.25225225,0.27927928,0.11242604,161,346,507,"11894"
"Hanser Alberto","TEX","AAA",23,277,0.288209606,1.303797468,0.212121212,0.445887445,0.341991341,0.215189873,0.088607594,0.53781513,0.2605042,0.20168067,0.09249184,281,638,919,"11902"
"Orlando Calixte","KCR","AAA",24,367,0.307392996,1.318181818,0.20622568,0.451361867,0.342412451,0.272727272,0.102272727,0.42804428,0.25461255,0.31734317,0.10559006,478,810,1288,"11905"
"Travis Taijeron","NYM","AAA",27,541,0.380782918,0.894736842,0.265306122,0.346938775,0.387755102,0.087719298,0.166666666,0.47666667,0.29666667,0.22666667,0.13394818,932,1345,2277,"11935"
"Cody Asche","PHI","AAA",26,123,0.316455696,0.833333333,0.223529411,0.352941176,0.423529411,0.166666666,0.166666666,0.54117647,0.23529412,0.22352941,0.08368201,186,292,478,"11997"
"Nick Martini","STL","AAA",26,294,0.310502283,1.25,0.178082191,0.456621004,0.365296803,0.175,0.025,0.39819005,0.24434389,0.35746606,0.05383936,429,704,1133,"12005"
"Kennys Vargas","MIN","AAA",25,402,0.269565217,1.01010101,0.167364016,0.418410041,0.414225941,0.272727272,0.151515151,0.40243902,0.28455285,0.31300813,0.10662651,695,965,1660,"12101"
"David Washington","STL","AAA",25,401,0.346153846,0.452173913,0.193236714,0.251207729,0.555555555,0.156521739,0.217391304,0.37681159,0.32850242,0.29468599,0.13876147,703,1041,1744,"12110"
"Matt Skole","WSN","AAA",26,573,0.272980501,0.782352941,0.204724409,0.349081364,0.446194225,0.229411764,0.14117647,0.46214099,0.24020888,0.29765013,0.11023985,852,1316,2168,"12119"
"Juniel Querecuto","TBR","AAA",23,129,0.325842696,1.88,0.181818181,0.534090909,0.284090909,0.32,0,0.42222222,0.24444444,0.33333333,0.10769231,142,313,455,"12140"
"Max Kepler","MIN","AAA",23,128,0.30927835,1.4,0.142857142,0.5,0.357142857,0.2,0.028571428,0.37755102,0.33673469,0.28571429,0.06047516,186,277,463,"12144"
"Kyle Kubitza","TEX","AAA",25,462,0.288888888,1.017857142,0.18115942,0.413043478,0.405797101,0.196428571,0.053571428,0.42391304,0.26086957,0.31521739,0.13495575,747,1061,1808,"12148"
"Eddie Rosario","MIN","AAA",24,169,0.338461538,1.018181818,0.189781021,0.408759124,0.401459854,0.109090909,0.127272727,0.40145985,0.32846715,0.27007299,0.11623932,180,405,585,"12155"
"Austin Barnes","LAD","AAA",26,385,0.334532374,1.198113207,0.173758865,0.450354609,0.375886524,0.245283018,0.056603773,0.43859649,0.27719298,0.28421053,0.06233422,603,905,1508,"12158"
"Ben Gamel","NYY","AAA",24,533,0.369509043,2.064516129,0.263565891,0.496124031,0.240310077,0.161290322,0.064516129,0.33756345,0.23604061,0.42639594,0.07483342,720,1231,1951,"12160"
"Jorge Bonifacio","KCR","AAA",23,558,0.339080459,0.739393939,0.202777777,0.338888888,0.458333333,0.206060606,0.115151515,0.39945652,0.24728261,0.35326087,0.12118321,787,1309,2096,"12174"
"Matt Duffy","HOU","AAA",27,444,0.293233082,1.211538461,0.17562724,0.451612903,0.372759856,0.144230769,0.134615384,0.46428571,0.275,0.26071429,0.13508557,571,1065,1636,"12181"
"Jake Hager","TBR","AAA",23,293,0.283018867,0.94047619,0.231132075,0.372641509,0.396226415,0.273809523,0.023809523,0.43055556,0.26388889,0.30555556,0.10914454,366,651,1017,"12198"
"Danny Muno","NYM","AAA",27,235,0.294520547,2,0.219178082,0.520547945,0.260273972,0.263157894,0.026315789,0.40816327,0.28571429,0.30612245,0.06626506,415,581,996,"12214"
"Scott Schebler","CIN","AAA",25,319,0.351598173,0.860215053,0.244541484,0.349344978,0.406113537,0.268817204,0.139784946,0.47413793,0.23706897,0.2887931,0.10202206,370,718,1088,"12225"
"Brock Stassi","PHI","AAA",26,442,0.302405498,0.974576271,0.220735785,0.384615384,0.394648829,0.389830508,0.101694915,0.5049505,0.24422442,0.25082508,0.06558266,759,1086,1845,"12244"
"Ryan Court","BOS","AAA",28,67,0.314814814,1.785714285,0.264150943,0.471698113,0.264150943,0,0,0.38888889,0.33333333,0.27777778,0.05447471,94,163,257,"12268"
"Kevan Smith","CHW","AAA",28,205,0.228571428,1.972972972,0.246575342,0.5,0.253424657,0.054054054,0.216216216,0.43333333,0.25333333,0.31333333,0.09287532,311,475,786,"12284"
"Jace Peterson","ATL","AAA",26,110,0.219512195,1.695652173,0.234567901,0.481481481,0.283950617,0.260869565,0,0.41666667,0.21428571,0.36904762,0.06292135,172,273,445,"12325"
"Jason Krizan","DET","AAA",27,111,0.34117647,1.161290322,0.202380952,0.428571428,0.369047619,0.161290322,0.032258064,0.56976744,0.20930233,0.22093023,0.06532663,157,241,398,"12394"
"Taylor Motter","TBR","AAA",26,387,0.244525547,0.923728813,0.200704225,0.383802816,0.415492957,0.322033898,0.110169491,0.53633218,0.25605536,0.20761246,0.0776699,537,905,1442,"12399"
"Tyler Smith","SEA","AAA",24,421,0.311526479,1.454545454,0.245341614,0.447204968,0.307453416,0.222222222,0.05050505,0.47239264,0.2607362,0.26687117,0.07702436,547,972,1519,"12490"
"T.J. Rivera","NYM","AAA",27,442,0.382608695,1.057377049,0.27665706,0.371757925,0.351585014,0.221311475,0.090163934,0.48333333,0.26388889,0.25277778,0.09295967,471,992,1463,"12495"
"Jett Bandy","LAA","AAA",26,105,0.311688311,0.617647058,0.266666666,0.28,0.453333333,0.147058823,0.058823529,0.43037975,0.26582278,0.30379747,0.09793814,128,260,388,"12508"
"Curt Casali","TBR","AAA",27,81,0.28,0.52,0.269230769,0.25,0.48076923,0.28,0.08,0.36538462,0.34615385,0.28846154,0.078125,143,177,320,"12510"
"John Hicks","MIN","AAA",26,298,0.358208955,1.295774647,0.216346153,0.442307692,0.341346153,0.323943661,0.126760563,0.47663551,0.25233645,0.27102804,0.16823308,333,731,1064,"12547"
"Taylor Featherston","PHI","AAA",26,439,0.303754266,1.178571428,0.181208053,0.44295302,0.375838926,0.294642857,0.116071428,0.52597403,0.24025974,0.23376623,0.11111111,588,1131,1719,"12590"
"Raffy Lopez","CIN","AAA",28,169,0.273504273,0.958333333,0.196581196,0.393162393,0.41025641,0.291666666,0.020833333,0.47058824,0.19327731,0.33613445,0.11831442,203,414,617,"12606"
"Alex Dickerson","SDP","AAA",26,241,0.39673913,1.08219178,0.208333333,0.411458333,0.380208333,0.164383561,0.136986301,0.40206186,0.25773196,0.34020619,0.09681373,303,513,816,"12649"
"O'Koyea Dickson","LAD","AAA",26,377,0.355731225,0.6640625,0.20522388,0.317164179,0.47761194,0.2421875,0.140625,0.42124542,0.31501832,0.26373626,0.08129032,643,907,1550,"12677"
"Tyler Collins","DET","AAA",26,281,0.262295081,1.123287671,0.179894179,0.433862433,0.386243386,0.164383561,0.09589041,0.4,0.24736842,0.35263158,0.12815716,403,666,1069,"12723"
"Breyvic Valera","STL","AAA",24,257,0.37,1.076923076,0.181818181,0.424242424,0.393939393,0.23076923,0,0.39108911,0.22772277,0.38118812,0.02427184,426,604,1030,"12758"
"Andy Burns","TOR","AAA",25,454,0.266666666,1.061068702,0.18429003,0.419939577,0.395770392,0.366412213,0.061068702,0.48377581,0.24188791,0.27433628,0.09898629,602,1075,1677,"12779"
"Taylor Davis","CHC","AAA",26,258,0.278350515,2.1,0.184210526,0.552631578,0.263157894,0.24,0.04,0.42211055,0.19095477,0.38693467,0.0639413,361,593,954,"12782"
"Dalton Pompey","TOR","AAA",23,383,0.330798479,1.688311688,0.218867924,0.490566037,0.290566037,0.324675324,0.051948051,0.41791045,0.24626866,0.3358209,0.08739709,580,999,1579,"12797"
"Brian Goodwin","WSN","AAA",25,492,0.336448598,1.267241379,0.21257485,0.44011976,0.347305389,0.275862068,0.120689655,0.47916667,0.23214286,0.28869048,0.08554277,782,1217,1999,"12858"
"Alen Hanson","PIT","AAA",23,478,0.307471264,1.575471698,0.22,0.477142857,0.302857142,0.311320754,0.075471698,0.45479452,0.2630137,0.28219178,0.08358209,578,1097,1675,"12926"
"Brandon Nimmo","NYM","AAA",23,444,0.411003236,1.585106382,0.226114649,0.474522292,0.299363057,0.138297872,0.117021276,0.33850932,0.31987578,0.34161491,0.08679479,626,987,1613,"12927"
"Jose Osuna","PIT","AAA",23,234,0.322033898,1.454545454,0.262295081,0.437158469,0.300546448,0.181818181,0.127272727,0.41847826,0.25543478,0.32608696,0.10113636,318,562,880,"12937"
"Socrates Brito","ARI","AAA",23,317,0.348739495,1.186046511,0.219917012,0.423236514,0.356846473,0.313953488,0.069767441,0.43442623,0.25409836,0.31147541,0.11029412,339,749,1088,"12944"
"Willy Garcia","PIT","AAA",23,499,0.326219512,2,0.226708074,0.51552795,0.257763975,0.144578313,0.072289156,0.45833333,0.24702381,0.29464286,0.14340449,603,1224,1827,"12956"
"Steve Selsky","CIN","AAA",26,339,0.342592592,0.715686274,0.215246636,0.32735426,0.457399103,0.147058823,0.088235294,0.36725664,0.30088496,0.33185841,0.13134569,456,785,1241,"12957"
"Austin Hedges","SDP","AAA",23,334,0.329268292,0.767857142,0.247148288,0.326996197,0.425855513,0.3125,0.1875,0.47761194,0.25,0.27238806,0.14811408,313,774,1087,"12976"
"Charlie Tilson","STL","AAA",23,395,0.316666666,1.988372093,0.143333333,0.57,0.286666666,0.220930232,0.046511627,0.40065147,0.23452769,0.36482085,0.05958904,524,936,1460,"12983"
"Kelby Tomlinson","SFG","AAA",26,213,0.33125,1.6,0.182389937,0.503144654,0.314465408,0.2,0,0.3125,0.2125,0.475,0.04634146,321,499,820,"13005"
"John Andreoli","CHC","AAA",26,617,0.347058823,1.186046511,0.180232558,0.444767441,0.375,0.124031007,0.093023255,0.40960452,0.29943503,0.29096045,0.09090909,1054,1542,2596,"13012"
"Munenori Kawasaki","CHC","AAA",35,378,0.307392996,3.14,0.178571428,0.623015873,0.198412698,0.2,0.02,0.39245283,0.21886792,0.38867925,0.0729097,581,914,1495,"13047"
"Chris Colabello","TOR","AAA",32,153,0.224719101,1.766666666,0.107526881,0.569892473,0.322580645,0.1,0.166666666,0.4893617,0.19148936,0.31914894,0.14912281,225,345,570,"13051"
"Teoscar Hernandez","HOU","AAA",23,160,0.35042735,0.73076923,0.25,0.316666666,0.433333333,0.115384615,0.076923076,0.43801653,0.24793388,0.31404959,0.09950249,231,372,603,"13066"
"Norichika Aoki","SEA","AAA",34,108,0.357142857,2.210526315,0.273809523,0.5,0.226190476,0.263157894,0.052631578,0.38372093,0.24418605,0.37209302,0.04040404,136,260,396,"13075"
"Mikie Mahtook","TBR","AAA",26,120,0.382716049,1.37037037,0.209876543,0.456790123,0.333333333,0.222222222,0.037037037,0.39759036,0.30120482,0.30120482,0.08829569,196,291,487,"13130"
"Andrew Susac","MIL","AAA",26,282,0.29032258,0.987179487,0.192708333,0.401041666,0.40625,0.141025641,0.102564102,0.4742268,0.26804124,0.25773196,0.11461318,425,622,1047,"13132"
"Josh Bell","PIT","AAA",23,484,0.328358208,1.453703703,0.225146198,0.459064327,0.315789473,0.12037037,0.129629629,0.45714286,0.22,0.32285714,0.1035453,712,1065,1777,"13145"
"Jorge Polanco","MIN","AAA",22,325,0.303797468,0.654545454,0.247933884,0.297520661,0.454545454,0.227272727,0.081818181,0.53252033,0.24796748,0.2195122,0.07018927,480,788,1268,"13152"
"Luis Sardinas","SDP","AAA",23,199,0.285714285,1.866666666,0.183544303,0.531645569,0.284810126,0.088888888,0,0.44720497,0.21118012,0.34161491,0.05923836,236,473,709,"13153"
"Marco Hernandez","BOS","AAA",23,237,0.38095238,1.895833333,0.182352941,0.535294117,0.282352941,0.229166666,0.104166666,0.40229885,0.25287356,0.34482759,0.13670614,317,612,929,"13154"
"Nicky Delmonico","CHW","AAA",23,295,0.311475409,0.771084337,0.218085106,0.340425531,0.441489361,0.240963855,0.084337349,0.48421053,0.26842105,0.24736842,0.12003381,449,734,1183,"13157"
"Blake Swihart","BOS","AAA",24,122,0.275862068,1.84,0.193181818,0.522727272,0.284090909,0.12,0.04,0.44827586,0.27586207,0.27586207,0.06444906,197,284,481,"13176"
"Orlando Arcia","MIL","AAA",21,440,0.311526479,1.43119266,0.161392405,0.493670886,0.344936708,0.247706422,0.073394495,0.44277108,0.21385542,0.34337349,0.12386511,539,1003,1542,"13185"
"Michael Reed","MIL","AAA",23,492,0.333333333,1.372549019,0.150877192,0.49122807,0.357894736,0.12745098,0.078431372,0.47260274,0.21575342,0.31164384,0.0896023,870,1217,2087,"13228"
"Jacob Wilson","STL","AAA",25,253,0.253012048,0.452631578,0.197674418,0.25,0.552325581,0.168421052,0.084210526,0.58045977,0.18965517,0.22988506,0.09579668,384,639,1023,"13254"
"Mike Zunino","SEA","AAA",25,327,0.318181818,0.732673267,0.178403755,0.34741784,0.474178403,0.277227722,0.168316831,0.5627907,0.24186047,0.19534884,0.11183673,481,744,1225,"13265"
"Nolan Fontana","HOU","AAA",25,407,0.265873015,1,0.16,0.42,0.42,0.209523809,0.028571428,0.44787645,0.31274131,0.23938224,0.09569958,596,1055,1651,"13267"
"Richie Shaffer","TBR","AAA",25,496,0.302816901,0.89516129,0.197952218,0.37883959,0.423208191,0.298387096,0.088709677,0.45762712,0.23050847,0.31186441,0.13759214,800,1235,2035,"13271"
"Darnell Sweeney","PHI","AAA",25,447,0.292929292,1.903614457,0.199335548,0.524916943,0.275747508,0.168674698,0.072289156,0.37785016,0.27687296,0.34527687,0.10932106,640,1098,1738,"13284"
"Peter O'Brien","ARI","AAA",25,434,0.331932773,0.595419847,0.199233716,0.298850574,0.501915708,0.251908396,0.183206106,0.38022814,0.33079848,0.28897338,0.18291215,557,1105,1662,"13288"
"Max Muncy","OAK","AAA",25,268,0.29090909,0.864864864,0.188235294,0.376470588,0.435294117,0.202702702,0.108108108,0.43103448,0.23563218,0.33333333,0.07284768,457,600,1057,"13301"
"Ildemaro Vargas","ARI","AAA",24,224,0.371584699,2.133333333,0.207865168,0.539325842,0.252808988,0.177777777,0.044444444,0.41269841,0.27513228,0.31216931,0.04055767,279,510,789,"13324"
"Deven Marrero","BOS","AAA",25,388,0.259124087,1.654320987,0.203703703,0.496296296,0.3,0.259259259,0.012345679,0.34181818,0.20727273,0.45090909,0.10641201,485,981,1466,"13325"
"Omar Narvaez","CHW","AAA",24,156,0.264,1.648648648,0.222222222,0.484126984,0.293650793,0.054054054,0.054054054,0.45736434,0.24806202,0.29457364,0.05391304,213,362,575,"13338"
"Luke Maile","TBR","AAA",25,214,0.288461538,1.122807017,0.209150326,0.418300653,0.372549019,0.298245614,0.035087719,0.4591195,0.22641509,0.31446541,0.06804374,331,492,823,"13355"
"Bubba Starling","KCR","AAA",23,176,0.277227722,0.866666666,0.168316831,0.386138613,0.445544554,0.4,0.044444444,0.51428571,0.24761905,0.23809524,0.17619784,213,434,647,"13356"
"Tyler Naquin","CLE","AAA",25,79,0.345454545,1.375,0.269230769,0.423076923,0.307692307,0,0.0625,0.42857143,0.25,0.32142857,0.10769231,123,202,325,"13359"
"Erik Gonzalez","CLE","AAA",24,460,0.34939759,1.849462365,0.211309523,0.511904761,0.276785714,0.17204301,0.118279569,0.44380403,0.28530259,0.27089337,0.14138817,482,1074,1556,"13369"
"Wynton Bernard","DET","AAA",25,163,0.285714285,1.5,0.224137931,0.465517241,0.310344827,0.416666666,0.027777777,0.34710744,0.20661157,0.44628099,0.09090909,204,401,605,"13408"
"Andrew Toles","LAD","AAA",24,59,0.340425531,2.5,0.285714285,0.510204081,0.204081632,0.2,0.2,0.42857143,0.2244898,0.34693878,0.0989011,57,125,182,"13414"
"Christian Walker","BAL","AAA",25,552,0.326704545,1.058823529,0.239130434,0.391304347,0.369565217,0.205882352,0.132352941,0.43783784,0.24594595,0.31621622,0.14760323,759,1348,2107,"13419"
"Tony Renda","CIN","AAA",25,121,0.318181818,1.533333333,0.126436781,0.528735632,0.344827586,0.233333333,0.033333333,0.40217391,0.16304348,0.43478261,0.05513784,147,252,399,"13443"
"Cameron Perkins","PHI","AAA",25,433,0.324561403,1.270491803,0.199421965,0.447976878,0.352601156,0.237704918,0.06557377,0.44444444,0.23931624,0.31623932,0.08637874,500,1005,1505,"13444"
"Tom Murphy","COL","AAA",25,322,0.386473429,0.923076923,0.215246636,0.376681614,0.408071748,0.131868131,0.208791208,0.39823009,0.34955752,0.25221239,0.140599,409,793,1202,"13499"
"Jesse Winker","CIN","AAA",22,448,0.346749226,1.48076923,0.198757763,0.478260869,0.322981366,0.115384615,0.028846153,0.42638037,0.2208589,0.35276074,0.07239553,702,997,1699,"13590"
"Jose Peraza","CIN","AAA",22,322,0.323770491,1.180722891,0.239495798,0.411764705,0.348739495,0.13253012,0.024096385,0.4047619,0.30952381,0.28571429,0.0587156,346,744,1090,"13593"
"Patrick Wisdom","STL","AAA",24,295,0.29787234,0.891566265,0.178010471,0.387434554,0.434554973,0.26506024,0.060240963,0.52331606,0.1865285,0.29015544,0.10068259,468,704,1172,"13602"
"Carson Kelly","STL","AAA",21,126,0.340206185,0.902439024,0.195876288,0.381443298,0.422680412,0.243902439,0,0.42857143,0.26530612,0.30612245,0.0794702,167,286,453,"13620"
"Jeimer Candelario","CHC","AAA",22,309,0.383495145,1.515151515,0.220657276,0.469483568,0.309859154,0.181818181,0.136363636,0.52093023,0.25581395,0.22325581,0.08035714,487,745,1232,"13621"
"Preston Tucker","HOU","AAA",25,229,0.354838709,0.797101449,0.225,0.34375,0.43125,0.159420289,0.115942028,0.34545455,0.27272727,0.38181818,0.10939227,337,568,905,"13633"
"Christopher Bostick","WSN","AAA",23,242,0.279220779,0.7,0.217105263,0.322368421,0.460526315,0.214285714,0.028571428,0.51592357,0.22929936,0.25477707,0.11012236,306,593,899,"13718"
"Jacob Stallings","PIT","AAA",26,275,0.264864864,1.322580645,0.229946524,0.438502673,0.331550802,0.14516129,0.096774193,0.48469388,0.24489796,0.27040816,0.10857143,356,694,1050,"13723"
"David Dahl","COL","AAA",22,68,0.54347826,1.4,0.28,0.42,0.3,0.133333333,0.333333333,0.29411765,0.33333333,0.37254902,0.11061947,82,144,226,"13744"
"Chris Taylor","SEA","AAA",25,344,0.400843881,1.614285714,0.234309623,0.472803347,0.292887029,0.085714285,0.042857142,0.42323651,0.26141079,0.3153527,0.0967033,546,819,1365,"13757"
"Adalberto Mondesi","KCR","AAA",20,61,0.444444444,0.705882352,0.216216216,0.324324324,0.459459459,0.352941176,0.058823529,0.58974359,0.15384615,0.25641026,0.11894273,68,159,227,"13769"
"Rob Refsnyder","NYY","AAA",25,230,0.355555555,2.279069767,0.212290502,0.547486033,0.240223463,0.186046511,0.046511627,0.51912568,0.18032787,0.30054645,0.05301205,309,521,830,"13770"
"Adonis Garcia","ATL","AAA",31,80,0.385964912,0.956521739,0.25,0.366666666,0.383333333,0.260869565,0.173913043,0.44262295,0.2295082,0.32786885,0.08588957,109,217,326,"13777"
"Matt Reynolds","NYM","AAA",25,299,0.339901477,2.577777777,0.199004975,0.577114427,0.223880597,0.133333333,0.044444444,0.38647343,0.31400966,0.29951691,0.09254709,470,751,1221,"13788"
"Eric Stamets","CLE","AAA",24,83,0.234042553,0.72,0.104166666,0.375,0.520833333,0.36,0.04,0.53061224,0.34693878,0.12244898,0.18085106,70,212,282,"13795"
"Kevin Plawecki","NYM","AAA",25,207,0.296969696,1.538461538,0.209580838,0.479041916,0.311377245,0.211538461,0.153846153,0.45086705,0.19653179,0.35260116,0.07391911,260,457,717,"13807"
"Micah Johnson","LAD","AAA",25,516,0.326760563,2.288888888,0.161473087,0.583569405,0.254957507,0.244444444,0.055555555,0.35230352,0.25474255,0.39295393,0.12235416,700,1237,1937,"13809"
"Joey Wendle","OAK","AAA",26,526,0.339673913,1.183206106,0.24137931,0.411140583,0.347480106,0.145038167,0.091603053,0.38481675,0.30104712,0.31413613,0.10026385,639,1256,1895,"13853"
"Anthony Bemboom","LAA","AAA",26,177,0.32,1.163265306,0.14516129,0.459677419,0.39516129,0.306122448,0.020408163,0.42307692,0.26923077,0.30769231,0.08427877,225,392,617,"13854"
"Bruce Maxwell","OAK","AAA",25,219,0.353741496,2.075,0.206451612,0.53548387,0.258064516,0,0.25,0.43312102,0.27388535,0.29299363,0.07753706,339,538,877,"13866"
"Alex D. Mejia","STL","AAA",25,108,0.310344827,1,0.119047619,0.44047619,0.44047619,0.27027027,0,0.42045455,0.22727273,0.35227273,0.08,124,251,375,"13877"
"Mike Miller","BOS","AAA",26,349,0.256410256,1.5875,0.224719101,0.47565543,0.299625468,0.2875,0.0125,0.40501792,0.28315412,0.31182796,0.05672106,478,809,1287,"13891"
"Tyler Heineman","HOU","AAA",25,272,0.307291666,0.727272727,0.22051282,0.328205128,0.451282051,0.318181818,0.034090909,0.42857143,0.23979592,0.33163265,0.06616962,398,675,1073,"13897"
"Seth Mejias-Brean","CIN","AAA",25,480,0.273529411,1.689320388,0.178041543,0.516320474,0.305637982,0.194174757,0.058252427,0.39428571,0.23714286,0.36857143,0.10242588,650,1205,1855,"13905"
"Sherman Johnson","LAA","AAA",25,467,0.264705882,0.788321167,0.209677419,0.348387096,0.441935483,0.189781021,0.05839416,0.49371069,0.25786164,0.24842767,0.0616622,764,1101,1865,"13906"
"Patrick Kivlehan","SDP","AAA",26,399,0.326693227,1.188118811,0.143410852,0.465116279,0.391472868,0.207920792,0.118811881,0.48863636,0.25757576,0.25378788,0.15233093,535,988,1523,"13910"
"Rio Ruiz","ATL","AAA",22,533,0.337209302,1.822916666,0.234463276,0.494350282,0.27118644,0.177083333,0.104166666,0.44067797,0.20338983,0.3559322,0.09004525,886,1324,2210,"14103"
"Albert Almora Jr.","CHC","AAA",22,336,0.335740072,1.551282051,0.271062271,0.443223443,0.285714285,0.307692307,0.051282051,0.48763251,0.23321555,0.27915194,0.08013937,353,795,1148,"14109"
"Ramon Torres","KCR","AAA",23,315,0.32051282,1.45,0.144104803,0.506550218,0.349344978,0.2125,0.025,0.39330544,0.20502092,0.40167364,0.07757886,378,795,1173,"14113"
"Joey Gallo","TEX","AAA",22,433,0.329729729,0.486725663,0.196172248,0.263157894,0.540669856,0.21238938,0.221238938,0.48571429,0.19047619,0.32380952,0.18478873,723,1052,1775,"14128"
"Daniel Vogelbach","CHC","AAA",23,563,0.328402366,1.150375939,0.201117318,0.427374301,0.371508379,0.187969924,0.17293233,0.44230769,0.23901099,0.31868132,0.05311871,1073,1412,2485,"14130"
"Jose Rondon","SDP","AAA",22,82,0.338235294,1.347826086,0.205882352,0.455882352,0.338235294,0.260869565,0.04347826,0.47826087,0.20289855,0.31884058,0.08041958,81,205,286,"14140"
"Daniel Robertson","TBR","AAA",22,511,0.322388059,1.894736842,0.183976261,0.534124629,0.281899109,0.2,0.052631578,0.4122807,0.23099415,0.35672515,0.07519157,848,1240,2088,"14145"
"Mac Williamson","SFG","AAA",25,226,0.306122448,1.112903225,0.149350649,0.448051948,0.402597402,0.258064516,0.177419354,0.45283019,0.24528302,0.30188679,0.13690476,290,550,840,"14158"
"Byron Buxton","MIN","AAA",22,209,0.382113821,0.8,0.187969924,0.360902255,0.451127819,0.3,0.183333333,0.45522388,0.28358209,0.26119403,0.13357843,280,536,816,"14161"
"Yasiel Puig","LAD","AAA",25,75,0.350877192,1.217391304,0.163934426,0.459016393,0.37704918,0.173913043,0.173913043,0.45901639,0.32786885,0.21311475,0.10465116,95,163,258,"14225"
"Mitch Haniger","ARI","AAA",25,312,0.372972972,0.890243902,0.221105527,0.36683417,0.412060301,0.170731707,0.243902439,0.46859903,0.28019324,0.25120773,0.08056872,514,752,1266,"14274"
"Jason Coats","CHW","AAA",26,332,0.401826484,1.571428571,0.196428571,0.491071428,0.3125,0.257142857,0.142857142,0.45887446,0.21645022,0.32467532,0.12128514,416,829,1245,"14282"
"Nick Williams","PHI","AAA",22,527,0.324858757,1.434782608,0.224376731,0.457063711,0.318559556,0.086956521,0.113043478,0.46070461,0.24390244,0.29539295,0.15322581,554,1306,1860,"14330"
"Dilson Herrera","CIN","AAA",22,469,0.311728395,0.793103448,0.221556886,0.344311377,0.434131736,0.344827586,0.103448275,0.4005848,0.28362573,0.31578947,0.09,657,1143,1800,"14335"
"Matt Olson","OAK","AAA",22,540,0.289308176,0.897058823,0.225225225,0.366366366,0.408408408,0.279411764,0.125,0.47761194,0.23283582,0.28955224,0.10823839,954,1328,2282,"14344"
"Raimel Tapia","COL","AAA",22,110,0.378947368,1.516129032,0.161290322,0.505376344,0.333333333,0.193548387,0,0.50526316,0.24210526,0.25263158,0.07567568,102,268,370,"14350"
"Lewis Brinson","MIL","AAA",22,93,0.454545454,1.148148148,0.147058823,0.455882352,0.397058823,0.074074074,0.148148148,0.41428571,0.24285714,0.34285714,0.15902141,99,228,327,"14352"
"Ronald Guzman","TEX","AAA",21,95,0.28125,0.923076923,0.23076923,0.369230769,0.4,0.269230769,0.038461538,0.44615385,0.26153846,0.29230769,0.1402439,102,226,328,"14388"
"Henry Urrutia","BAL","AAA",29,118,0.3125,2.4,0.15,0.6,0.25,0.05,0,0.3,0.2625,0.4375,0.09287257,179,284,463,"14441"
"Jake Cave","NYY","AAA",23,354,0.329166666,1.565217391,0.265560165,0.44813278,0.286307053,0.04347826,0.072463768,0.40816327,0.26530612,0.32653061,0.11046512,491,885,1376,"14477"
"Renato Nunez","OAK","AAA",22,550,0.248648648,0.858823529,0.187660668,0.375321336,0.437017994,0.223529411,0.135294117,0.50381679,0.2264631,0.2697201,0.12883721,696,1454,2150,"14503"
"Pedro Severino","WSN","AAA",22,317,0.31048387,1.064516129,0.219512195,0.402439024,0.37804878,0.344086021,0.021505376,0.51792829,0.20717131,0.2749004,0.0899654,404,752,1156,"14523"
"Gabriel Guerrero","ARI","AAA",22,110,0.266666666,1.133333333,0.146666666,0.453333333,0.4,0.1,0.033333333,0.30263158,0.31578947,0.38157895,0.14449541,162,274,436,"14528"
"Jesmuel Valentin","PHI","AAA",22,123,0.285714285,1.5,0.1875,0.4875,0.325,0.115384615,0.153846153,0.51162791,0.20930233,0.27906977,0.07990315,149,264,413,"14548"
"Max Moroff","PIT","AAA",23,520,0.311188811,1.126213592,0.24742268,0.398625429,0.35395189,0.194174757,0.077669902,0.43812709,0.27424749,0.28762542,0.09715319,925,1288,2213,"14556"
"Manuel Margot","SDP","AAA",21,566,0.334811529,1.553030303,0.24099099,0.461711711,0.297297297,0.28030303,0.045454545,0.3412527,0.27645788,0.38228942,0.06461233,728,1284,2012,"14712"
"JaCoby Jones","DET","AAA",24,324,0.348717948,1.943396226,0.195876288,0.530927835,0.273195876,0.226415094,0.056603773,0.44444444,0.22727273,0.32828283,0.13990461,447,811,1258,"14818"
"Mike Yastrzemski","BAL","AAA",25,385,0.289361702,0.978723404,0.211864406,0.389830508,0.398305084,0.308510638,0.074468085,0.4338843,0.23966942,0.32644628,0.12198304,565,968,1533,"14854"
"Jacob May","CHW","AAA",24,321,0.346491228,1.830508474,0.257777777,0.48,0.262222222,0.288135593,0.016949152,0.44782609,0.25652174,0.29565217,0.12458746,410,802,1212,"14876"
"Pat Valaika","COL","AAA",23,115,0.26506024,0.65116279,0.154761904,0.333333333,0.511904761,0.255813953,0.023255813,0.41666667,0.30952381,0.27380952,0.16528926,104,259,363,"14885"
"Tony Kemp","HOU","AAA",24,301,0.343891402,2.403846153,0.195454545,0.568181818,0.236363636,0.153846153,0.038461538,0.42608696,0.24347826,0.33043478,0.04625347,386,695,1081,"14894"
"Daniel Palka","MIN","AAA",24,223,0.323809523,0.865384615,0.177966101,0.381355932,0.440677966,0.173076923,0.25,0.41525424,0.27966102,0.30508475,0.19771429,310,565,875,"14897"
"Jaycob Brugman","OAK","AAA",24,433,0.357859531,1.357894736,0.255813953,0.428571428,0.315614617,0.094736842,0.07368421,0.34201954,0.27361564,0.38436482,0.08759954,644,1114,1758,"14936"
"Jack Reinheimer","ARI","AAA",23,560,0.347188264,1.825688073,0.228070175,0.498746867,0.273182957,0.201834862,0.018348623,0.4468599,0.21256039,0.34057971,0.07368897,866,1346,2212,"14938"
"Andrew Knapp","PHI","AAA",24,443,0.342560553,1.765432098,0.232876712,0.489726027,0.27739726,0.061728395,0.098765432,0.41077441,0.24579125,0.34343434,0.1256068,610,1038,1648,"14942"
"Johnny Field","TBR","AAA",24,285,0.343915343,0.810126582,0.255208333,0.333333333,0.411458333,0.189873417,0.063291139,0.43814433,0.29896907,0.2628866,0.11405836,412,719,1131,"15048"
"Adam Engel","CHW","AAA",24,161,0.34375,1.025,0.15625,0.427083333,0.416666666,0.45,0.075,0.53535354,0.15151515,0.31313131,0.13918306,226,435,661,"15082"
"Boog Powell","SEA","AAA",23,277,0.310679611,1.929824561,0.189320388,0.533980582,0.276699029,0.315789473,0.052631578,0.35680751,0.22535211,0.41784038,0.05049594,391,718,1109,"15103"
"Hunter Dozier","KCR","AAA",24,434,0.358422939,0.905982905,0.231034482,0.365517241,0.403448275,0.196581196,0.128205128,0.47278912,0.24489796,0.28231293,0.126916,614,1017,1631,"15117"
"Jordan Patterson","COL","AAA",24,495,0.37,1.10619469,0.2247557,0.407166123,0.368078175,0.168141592,0.123893805,0.41009464,0.25867508,0.33123028,0.12285408,673,1191,1864,"15119"
"Trey Mancini","BAL","AAA",24,536,0.350574712,1.60576923,0.234463276,0.471751412,0.29378531,0.115384615,0.125,0.42699725,0.26170799,0.31129477,0.13850547,746,1355,2101,"15149"
"Mitch Garver","MIN","AAA",25,84,0.436363636,1.4375,0.29090909,0.418181818,0.29090909,0.25,0.0625,0.39285714,0.33928571,0.26785714,0.07407407,150,228,378,"15161"
"Tim Anderson","CHW","AAA",23,256,0.383783783,2.6,0.213114754,0.56830601,0.218579234,0.075,0.1,0.49479167,0.20833333,0.296875,0.15222482,244,610,854,"15172"
"Chad Pinder","OAK","AAA",24,465,0.311688311,1.118644067,0.213836477,0.415094339,0.371069182,0.110169491,0.118644067,0.44135802,0.23765432,0.32098765,0.12885662,564,1089,1653,"15191"
"Carlos Asuaje","SDP","AAA",24,597,0.363028953,1.45323741,0.243902439,0.447893569,0.308203991,0.122302158,0.064748201,0.40347072,0.29501085,0.30151844,0.07023108,858,1349,2207,"15197"
"Adam Frazier","PIT","AAA",24,299,0.368644067,1.783333333,0.267543859,0.469298245,0.263157894,0.066666666,0,0.35564854,0.26778243,0.37656904,0.04024497,431,712,1143,"15223"
"Mike Tauchman","COL","AAA",25,527,0.336658354,2.326530612,0.174683544,0.577215189,0.248101265,0.153061224,0.010204081,0.29238329,0.24324324,0.46437346,0.06956522,761,1309,2070,"15274"
"Garrett Cooper","MIL","AAA",25,139,0.291262135,1.705882352,0.148148148,0.537037037,0.314814814,0.147058823,0.147058823,0.37037037,0.27777778,0.35185185,0.10922787,180,351,531,"15279"
"Jack Mayfield","HOU","AAA",25,149,0.226415094,0.916666666,0.148148148,0.407407407,0.444444444,0.270833333,0.041666666,0.5,0.22321429,0.27678571,0.09369676,207,380,587,"15402"
"Nate Orf","MIL","AAA",26,381,0.327402135,1.081818181,0.176258992,0.428057553,0.395683453,0.181818181,0.018181818,0.42517007,0.23809524,0.33673469,0.05301524,563,946,1509,"15407"
"Ryon Healy","OAK","AAA",24,210,0.369127516,0.966101694,0.231788079,0.377483443,0.390728476,0.118644067,0.101694915,0.38064516,0.30322581,0.31612903,0.09808612,294,542,836,"15447"
"Daniel Castro","ATL","AAA",23,229,0.27368421,1.610169491,0.185185185,0.502645502,0.312169312,0.288135593,0.050847457,0.39285714,0.26020408,0.34693878,0.06124853,238,611,849,"15450"
"Hunter Renfroe","SDP","AAA",24,563,0.339285714,0.84065934,0.192771084,0.368674698,0.438554216,0.219780219,0.164835164,0.492891,0.28199052,0.22511848,0.14436249,598,1300,1898,"15464"
"J.P. Crawford","PHI","AAA",21,385,0.283636363,1.12745098,0.216606498,0.415162454,0.368231046,0.294117647,0.039215686,0.4664311,0.20848057,0.32508834,0.04429195,681,922,1603,"15491"
"Tyler White","HOU","AAA",25,190,0.221374045,0.685714285,0.169014084,0.338028169,0.492957746,0.128571428,0.185714285,0.44444444,0.29166667,0.26388889,0.07653061,303,481,784,"15564"
"Dariel Alvarez","BAL","AAA",27,560,0.331081081,1.194805194,0.240449438,0.413483146,0.346067415,0.305194805,0.025974025,0.43111111,0.25777778,0.31111111,0.08568443,649,1265,1914,"15580"
"Aaron Judge","NYY","AAA",24,410,0.319327731,0.768518518,0.245059288,0.328063241,0.42687747,0.222222222,0.175925925,0.42635659,0.28682171,0.28682171,0.11692845,690,1029,1719,"15640"
"Austin Meadows","PIT","AAA",21,145,0.235955056,0.704545454,0.184782608,0.336956521,0.478260869,0.272727272,0.136363636,0.42105263,0.28421053,0.29473684,0.07907743,243,364,607,"15672"
"Austin Nola","MIA","AAA",26,407,0.292604501,1.873563218,0.196141479,0.524115755,0.279742765,0.183908045,0.068965517,0.41176471,0.27244582,0.31578947,0.05398111,532,950,1482,"15941"
"Clint Frazier","NYY","AAA",21,129,0.301204819,0.967741935,0.25609756,0.365853658,0.37804878,0.322580645,0.096774193,0.28735632,0.33333333,0.37931034,0.12301587,180,324,504,"15983"
"Omar Infante","ATL","AAA",34,116,0.231578947,0.944444444,0.255319148,0.361702127,0.382978723,0.222222222,0.027777777,0.46391753,0.31958763,0.21649485,0.10695187,117,257,374,"1609"
"Austin Slater","SFG","AAA",23,278,0.33519553,1.767857142,0.179894179,0.523809523,0.296296296,0.160714285,0.232142857,0.33333333,0.26041667,0.40625,0.08900999,419,682,1101,"16153"
"Derek Fisher","HOU","AAA",22,118,0.337662337,1.791666666,0.1625,0.5375,0.3,0.166666666,0.208333333,0.59756098,0.19512195,0.20731707,0.11320755,185,292,477,"16192"
"Bradley Zimmer","CLE","AAA",23,150,0.422535211,1.636363636,0.183098591,0.507042253,0.309859154,0.181818181,0.045454545,0.45205479,0.30136986,0.24657534,0.15566038,261,375,636,"16221"
"AJ Reed","HOU","AAA",23,296,0.337016574,0.810126582,0.255208333,0.333333333,0.411458333,0.151898734,0.189873417,0.44670051,0.23857868,0.31472081,0.10535558,447,692,1139,"16246"
"Trea Turner","WSN","AAA",23,371,0.36862745,1.797101449,0.23715415,0.490118577,0.272727272,0.217391304,0.086956521,0.40839695,0.27480916,0.31679389,0.07978364,571,908,1479,"16252"
"Sam Travis","BOS","AAA",22,190,0.3203125,1.204081632,0.187969924,0.443609022,0.368421052,0.163265306,0.122448979,0.45522388,0.25373134,0.29104478,0.10349462,276,468,744,"16263"
"Michael Conforto","NYM","AAA",23,144,0.445544554,1.551724137,0.327272727,0.409090909,0.263636363,0.379310344,0.310344827,0.44144144,0.27927928,0.27927928,0.07034221,204,322,526,"16376"
"Miguel Olivo","SFG","AAA",37,313,0.317708333,0.894117647,0.195,0.38,0.425,0.082352941,0.117647058,0.37438424,0.28571429,0.33990148,0.17170819,383,741,1124,"1638"
"Matt Chapman","OAK","AAA",23,85,0.186046511,0.448275862,0.125,0.270833333,0.604166666,0.24137931,0.24137931,0.4,0.26,0.34,0.14804469,131,227,358,"16505"
"Ozzie Albies","ATL","AAA",19,247,0.289617486,1.722222222,0.205405405,0.502702702,0.291891891,0.037037037,0.037037037,0.45454545,0.20855615,0.3368984,0.10690423,313,585,898,"16556"
"Mark Zagunis","CHC","AAA",23,211,0.31617647,1.24,0.2,0.442857142,0.357142857,0.1,0.12,0.3943662,0.22535211,0.38028169,0.07914573,310,486,796,"16565"
"Yandy Diaz","CLE","AAA",24,416,0.380622837,2.391304347,0.198630136,0.565068493,0.236301369,0.086956521,0.101449275,0.35234899,0.24832215,0.39932886,0.07030796,694,1027,1721,"16578"
"Colin Moran","HOU","AAA",23,511,0.332317073,1.59,0.231454005,0.471810089,0.296735905,0.14,0.1,0.40532544,0.25443787,0.34023669,0.11304348,714,1241,1955,"16909"
"Gavin Cecchini","NYM","AAA",22,499,0.356770833,1.74074074,0.235142118,0.485788113,0.279069767,0.185185185,0.074074074,0.43797468,0.23544304,0.32658228,0.06266596,690,1193,1883,"17005"
"Rusney Castillo","BOS","AAA",28,429,0.310030395,1.836956521,0.189440993,0.52484472,0.285714285,0.184782608,0.02173913,0.45045045,0.24324324,0.30630631,0.10262989,535,1024,1559,"17016"
"Jung Ho Kang","PIT","AAA",29,57,0.135135135,1.285714285,0.157894736,0.47368421,0.368421052,0.285714285,0.142857142,0.58974359,0.28205128,0.12820513,0.072,100,150,250,"17182"
"JT Riddle","MIA","AAA",24,57,0.304347826,1.769230769,0.2,0.511111111,0.288888888,0.23076923,0.076923076,0.29787234,0.44680851,0.25531915,0.11518325,51,140,191,"17642"
"Alex Bregman","HOU","AAA",22,83,0.333333333,0.78125,0.136363636,0.378787878,0.484848484,0.125,0.1875,0.43939394,0.34848485,0.21212121,0.06620209,104,183,287,"17678"
"Harrison Bader","STL","AAA",22,161,0.29245283,1.022727272,0.152380952,0.428571428,0.419047619,0.159090909,0.068181818,0.48181818,0.27272727,0.24545455,0.10600707,208,358,566,"18030"
"Humberto Quintero","DET","AAA",36,65,0.333333333,2,0.25,0.5,0.25,0.363636363,0,0.41304348,0.26086957,0.32608696,0.10869565,78,152,230,"1824"
"Clint Barmes","KCR","AAA",37,107,0.2375,1,0.1,0.45,0.45,0.305555555,0.027777777,0.37804878,0.29268293,0.32926829,0.08997429,125,264,389,"1830"
"ByungHo Park","MIN","AAA",29,128,0.216216216,1.03030303,0.192771084,0.409638554,0.397590361,0.09090909,0.303030303,0.54761905,0.20238095,0.25,0.11066398,200,297,497,"18497"
"Guillermo Heredia","SEA","AAA",25,157,0.333333333,2.74074074,0.165289256,0.611570247,0.223140495,0.148148148,0.074074074,0.38888889,0.23809524,0.37301587,0.05786618,219,334,553,"18721"
"Carlos Triunfel","CIN","AAA",26,394,0.33114754,1.494949494,0.192810457,0.48366013,0.323529411,0.434343434,0.04040404,0.51592357,0.23566879,0.24840764,0.1264729,330,943,1273,"193"
"Casey Kotchman","TOR","AAA",33,376,0.26369863,1.987012987,0.228187919,0.513422818,0.258389261,0.272727272,0.103896103,0.44518272,0.18604651,0.36877076,0.05288136,535,940,1475,"1930"
"Danny Worth","HOU","AAA",30,368,0.393805309,1.282051282,0.239316239,0.427350427,0.333333333,0.166666666,0.141025641,0.47698745,0.25523013,0.26778243,0.08744993,625,873,1498,"198"
"Antoan Richardson","PIT","AAA",32,62,0.194444444,1.384615384,0.114285714,0.514285714,0.371428571,0.076923076,0,0.52777778,0.19444444,0.27777778,0.07563025,87,151,238,"209"
"Will Venable","PHI","AAA",33,321,0.287671232,1.367088607,0.165178571,0.482142857,0.352678571,0.29113924,0.075949367,0.49115044,0.22566372,0.28318584,0.08478425,534,787,1321,"211"
"Don Kelly","MIA","AAA",36,230,0.239263803,1.4,0.16981132,0.484276729,0.345911949,0.327272727,0.018181818,0.44242424,0.24848485,0.30909091,0.05993691,339,612,951,"2216"
"Jason Bourgeois","ARI","AAA",34,483,0.316831683,1.653225806,0.181592039,0.509950248,0.308457711,0.29032258,0.024193548,0.40586797,0.25427873,0.3398533,0.05349794,586,1115,1701,"2225"
"Jose Tabata","LAD","AAA",27,106,0.28,2.25,0.109589041,0.616438356,0.273972602,0.25,0.05,0.35526316,0.31578947,0.32894737,0.09438776,149,243,392,"2411"
"Ed Easley","PIT","AAA",30,132,0.197916666,1.551724137,0.204301075,0.483870967,0.311827956,0.310344827,0.034482758,0.3877551,0.18367347,0.42857143,0.05566219,187,334,521,"2487"
"Hank Conger","TBR","AAA",28,116,0.180722891,1.264705882,0.094117647,0.505882352,0.4,0.147058823,0.088235294,0.5,0.22727273,0.27272727,0.11830357,171,277,448,"2505"
"Pete Kozma","NYY","AAA",28,488,0.256338028,1.325396825,0.169971671,0.473087818,0.356940509,0.253968253,0.015873015,0.3767313,0.21606648,0.40720222,0.07799443,654,1141,1795,"2539"
"Chris Parmelee","NYY","AAA",28,245,0.257668711,0.734939759,0.162790697,0.354651162,0.482558139,0.228915662,0.13253012,0.36571429,0.26857143,0.36571429,0.06354167,395,565,960,"2554"
"Corey Brown","LAD","AAA",30,469,0.333333333,0.7,0.178438661,0.338289962,0.483271375,0.115384615,0.176923076,0.49635036,0.24452555,0.25912409,0.17071882,721,1171,1892,"2650"
"Johnny Monell","NYM","AAA",30,461,0.294478527,1.629629629,0.162241887,0.519174041,0.31858407,0.157407407,0.175925925,0.40869565,0.28115942,0.31014493,0.10501475,698,997,1695,"2783"
"Tony Cruz","KCR","AAA",29,363,0.320833333,0.970297029,0.187755102,0.4,0.412244897,0.178217821,0.06930693,0.40890688,0.24291498,0.34817814,0.07152975,525,887,1412,"2802"
"Manny Pina","MIL","AAA",29,262,0.370558375,1.050632911,0.185929648,0.417085427,0.396984924,0.088607594,0.063291139,0.4195122,0.26829268,0.31219512,0.09034268,332,631,963,"2829"
"Travis Snider","KCR","AAA",28,322,0.303738317,1.542857142,0.156398104,0.511848341,0.331753554,0.2,0.042857142,0.37327189,0.26267281,0.3640553,0.07608696,520,768,1288,"2830"
"Rafael Ynoa","COL","AAA",28,532,0.312182741,2.097087378,0.190355329,0.54822335,0.261421319,0.184466019,0.029126213,0.44360902,0.23558897,0.32080201,0.07722008,754,1318,2072,"2832"
"Cedric Hunter","PHI","AAA",28,350,0.328301886,1.180851063,0.251824817,0.405109489,0.343065693,0.14893617,0.106382978,0.4676259,0.25899281,0.27338129,0.1009539,456,802,1258,"2833"
"Chris Marrero","BOS","AAA",27,544,0.298969072,0.821428571,0.25,0.338235294,0.411764705,0.232142857,0.136904761,0.47688564,0.24087591,0.28223844,0.07745188,814,1368,2182,"2852"
"Scott Sizemore","WSN","AAA",31,243,0.251798561,1.294117647,0.176056338,0.464788732,0.359154929,0.372549019,0.098039215,0.42465753,0.25342466,0.32191781,0.08416834,411,587,998,"2881"
"Emmanuel Burriss","PHI","AAA",31,187,0.302631578,1.565217391,0.202702702,0.486486486,0.31081081,0.260869565,0,0.31168831,0.25974026,0.42857143,0.08496732,189,423,612,"2917"
"Tommy Pham","STL","AAA",28,128,0.294871794,1.64,0.175,0.5125,0.3125,0.08,0.12,0.45679012,0.20987654,0.33333333,0.09591474,241,322,563,"2967"
"Domonic Brown","TOR","AAA",28,509,0.288888888,1.434782608,0.23076923,0.453296703,0.315934065,0.226086956,0.060869565,0.46070461,0.22493225,0.31436314,0.10265763,731,1188,1919,"3154"
"Tyler Ladendorf","OAK","AAA",28,137,0.287128712,1.34375,0.242424242,0.434343434,0.323232323,0.3125,0.03125,0.49038462,0.21153846,0.29807692,0.0831793,182,359,541,"3211"
"Nevin Ashley","NYM","AAA",31,212,0.283464566,1.775,0.146153846,0.546153846,0.307692307,0.2,0.125,0.43181818,0.24242424,0.32575758,0.08665105,336,518,854,"3274"
"Charlie Culberson","LAD","AAA",27,285,0.325,1.75,0.183168316,0.51980198,0.297029702,0.233333333,0.066666666,0.42439024,0.2,0.37560976,0.11954459,355,699,1054,"3298"
"Allen Craig","BOS","AAA",31,84,0.20338983,1.705882352,0.206896551,0.5,0.293103448,0.117647058,0.058823529,0.38333333,0.25,0.36666667,0.06707317,128,200,328,"3433"
"Gregorio Petit","LAA","AAA",31,62,0.418604651,0.823529411,0.279069767,0.325581395,0.395348837,0.058823529,0,0.51162791,0.20930233,0.27906977,0.09913793,71,161,232,"3812"
"Ozzie Martinez","BAL","AAA",28,365,0.268292682,1.659340659,0.156794425,0.526132404,0.31707317,0.263736263,0.043956043,0.39931741,0.23208191,0.36860068,0.07852194,441,858,1299,"3900"
"Andy Parrino","CHW","AAA",30,191,0.307692307,1.222222222,0.322033898,0.372881355,0.305084745,0.222222222,0.027777777,0.41176471,0.27731092,0.31092437,0.11366539,288,495,783,"3972"
"Brandon Hicks","LAD","AAA",30,308,0.344155844,1.081967213,0.196202531,0.417721518,0.386075949,0.278688524,0.13114754,0.53333333,0.19393939,0.27272727,0.16360734,467,786,1253,"4003"
"Jerry Sands","CHW","AAA",28,301,0.297029702,1.164383561,0.244019138,0.406698564,0.349282296,0.328767123,0.109589041,0.41037736,0.25943396,0.33018868,0.11591696,440,716,1156,"4016"
"Miguel Gonzalez","DET","AAA",25,242,0.29239766,1.366666666,0.169590643,0.479532163,0.350877192,0.2,0.033333333,0.46590909,0.26136364,0.27272727,0.11150652,279,564,843,"4049"
"Emilio Bonifacio","ATL","AAA",31,471,0.349431818,1.53271028,0.216763005,0.473988439,0.309248554,0.242990654,0.018691588,0.38227147,0.22714681,0.39058172,0.07805677,640,1192,1832,"4054"
"Anthony Recker","ATL","AAA",32,230,0.3125,0.785714285,0.242424242,0.333333333,0.424242424,0.178571428,0.142857142,0.48529412,0.19117647,0.32352941,0.12337662,395,529,924,"4063"
"Jonathan Diaz","NYY","AAA",31,371,0.256198347,1.5125,0.1625,0.504166666,0.333333333,0.325,0.0125,0.45703125,0.25,0.29296875,0.06233244,604,888,1492,"4142"
"Gorkys Hernandez","SFG","AAA",28,503,0.349295774,1.93877551,0.2,0.527777777,0.272222222,0.153061224,0.081632653,0.39402174,0.26630435,0.33967391,0.06609915,753,1244,1997,"4146"
"Hernan Iribarren","CIN","AAA",32,410,0.381410256,1.925925925,0.23548387,0.503225806,0.261290322,0.135802469,0.037037037,0.3533123,0.23659306,0.41009464,0.04726826,603,1026,1629,"4177"
"Shane Robinson","LAA","AAA",31,80,0.348484848,1.363636363,0.1875,0.46875,0.34375,0.136363636,0,0.40298507,0.1641791,0.43283582,0.04676259,105,173,278,"4249"
"Brett Hayes","ARI","AAA",32,105,0.265625,0.862068965,0.169230769,0.384615384,0.446153846,0.379310344,0.034482758,0.58461538,0.18461538,0.23076923,0.13853904,142,255,397,"4293"
"Chris Denorfia","SFG","AAA",35,120,0.266666666,1.851851851,0.180851063,0.531914893,0.287234042,0.074074074,0.148148148,0.46875,0.23958333,0.29166667,0.06726457,166,280,446,"4400"
"Erik Kratz","LAA","AAA",36,109,0.243243243,1.222222222,0.178082191,0.452054794,0.369863013,0.518518518,0,0.53333333,0.26666667,0.2,0.10633484,159,283,442,"4403"
"Mike Baxter","SEA","AAA",31,270,0.27840909,1.121212121,0.222222222,0.411111111,0.366666666,0.181818181,0.106060606,0.46448087,0.24590164,0.28961749,0.07149853,416,605,1021,"4464"
"Melky Mesa","TOR","AAA",29,102,0.397058823,1.04347826,0.308823529,0.352941176,0.338235294,0.130434782,0,0.5,0.25,0.25,0.19109948,145,237,382,"447"
"Doug Bernier","TEX","AAA",36,473,0.33548387,1.039682539,0.18670886,0.414556962,0.398734177,0.158730158,0.079365079,0.46296296,0.25617284,0.2808642,0.10005379,722,1137,1859,"4518"
"James Loney","SDP","AAA",32,169,0.356164383,2.052631578,0.210884353,0.530612244,0.258503401,0.184210526,0.052631578,0.41891892,0.22972973,0.35135135,0.07414449,171,355,526,"4556"
"Nick Swisher","NYY","AAA",35,236,0.304347826,0.953846153,0.234939759,0.373493975,0.391566265,0.184615384,0.107692307,0.54761905,0.21428571,0.23809524,0.11794872,355,620,975,"4599"
"James Beresford","MIN","AAA",27,516,0.32051282,3.442857142,0.190104166,0.627604166,0.182291666,0.042857142,0,0.35786802,0.24111675,0.40101523,0.0744285,672,1209,1881,"4626"
"Junior Lake","TOR","AAA",26,318,0.295,1.411764705,0.196078431,0.470588235,0.333333333,0.235294117,0.088235294,0.43203883,0.28640777,0.2815534,0.13026521,494,788,1282,"4672"
"Travis Ishikawa","CHW","AAA",32,483,0.299270072,0.991150442,0.224137931,0.386206896,0.389655172,0.14159292,0.159292035,0.42517007,0.26870748,0.30612245,0.12749004,749,1259,2008,"4793"
"Logan Watkins","CHC","AAA",26,378,0.317518248,1.461538461,0.179487179,0.487179487,0.333333333,0.186813186,0.01098901,0.40425532,0.28723404,0.30851064,0.08213256,521,867,1388,"4875"
"Robert Andino","MIA","AAA",32,453,0.334459459,1.216981132,0.219269102,0.428571428,0.352159468,0.198113207,0.122641509,0.50967742,0.23548387,0.25483871,0.10144928,641,1084,1725,"4900"
"Matt Dominguez","TOR","AAA",26,514,0.280612244,1.186206896,0.223039215,0.421568627,0.355392156,0.275862068,0.124137931,0.45742092,0.23357664,0.30900243,0.08196721,631,1199,1830,"4903"
"Tony Campana","CHW","AAA",30,232,0.252873563,2.204545454,0.180232558,0.563953488,0.255813953,0.386363636,0,0.34594595,0.31351351,0.34054054,0.07742782,258,504,762,"4964"
"Niuman Romero","NYM","AAA",31,143,0.266666666,2.44,0.165048543,0.592233009,0.242718446,0.2,0,0.5,0.17924528,0.32075472,0.06654991,221,350,571,"5063"
"Anthony Gose","DET","AAA",25,206,0.3,2,0.29090909,0.472727272,0.236363636,0.153846153,0.038461538,0.36283186,0.28318584,0.3539823,0.15536375,286,525,811,"5097"
"Jordany Valdespin","DET","AAA",28,321,0.286324786,1.684931506,0.169491525,0.52118644,0.309322033,0.287671232,0.04109589,0.48333333,0.24166667,0.275,0.07779579,441,793,1234,"5098"
"Jefry Marte","LAA","AAA",25,189,0.314960629,0.98,0.214285714,0.388888888,0.396825396,0.18,0.06,0.53846154,0.27692308,0.18461538,0.09888579,300,418,718,"5107"
"Vinny Rottino","CHW","AAA",36,266,0.26506024,1.734693877,0.19760479,0.508982035,0.293413173,0.224489795,0.061224489,0.48823529,0.25294118,0.25882353,0.07460036,469,657,1126,"5202"
"Cameron Maybin","DET","AAA",29,100,0.212121212,0.827586206,0.196969696,0.363636363,0.439393939,0.206896551,0.068965517,0.41176471,0.25,0.33823529,0.07286432,173,225,398,"5223"
"Isaac Galloway","MIA","AAA",26,486,0.317757009,1.258928571,0.214285714,0.437888198,0.347826086,0.285714285,0.089285714,0.5,0.23809524,0.26190476,0.11465657,625,1224,1849,"5238"
"Alexi Casilla","TOR","AAA",31,282,0.279069767,2.42,0.185714285,0.576190476,0.238095238,0.28,0.04,0.4573991,0.27802691,0.26457399,0.07447865,343,664,1007,"5248"
"Robbie Grossman","MIN","AAA",26,143,0.280898876,0.775,0.244680851,0.329787234,0.425531914,0.275,0.15,0.42708333,0.21875,0.35416667,0.04618117,250,313,563,"5254"
"Sandy Leon","BOS","AAA",27,130,0.285714285,1.242424242,0.204301075,0.440860215,0.354838709,0.333333333,0.06060606,0.46236559,0.24731183,0.29032258,0.06915888,194,341,535,"5273"
"Tuffy Gosewisch","ARI","AAA",32,219,0.36875,1.095238095,0.209580838,0.413173652,0.377245508,0.079365079,0.142857142,0.44970414,0.24260355,0.30769231,0.05542453,310,538,848,"5277"
"Pedro Ciriaco","TEX","AAA",30,327,0.305019305,1.797297297,0.19140625,0.51953125,0.2890625,0.27027027,0.013513513,0.47509579,0.22222222,0.30268199,0.13214286,291,829,1120,"5278"
"Alex Presley","MIL","AAA",30,228,0.343373493,1.666666666,0.289940828,0.443786982,0.266272189,0.2,0.088888888,0.43274854,0.22807018,0.33918129,0.05257271,329,565,894,"5305"
"Kristopher Negron","CHC","AAA",30,419,0.308510638,1.416666666,0.183098591,0.478873239,0.338028169,0.1875,0.09375,0.46621622,0.24324324,0.29054054,0.13739469,521,1022,1543,"5306"
"Chad Huffman","DET","AAA",31,511,0.325153374,0.984375,0.244047619,0.375,0.38095238,0.2265625,0.1328125,0.48546512,0.24418605,0.27034884,0.08858859,791,1207,1998,"5311"
"Juan Carlos Perez","CHC","AAA",29,415,0.326530612,1.06779661,0.181208053,0.422818791,0.395973154,0.194915254,0.076271186,0.46732026,0.22875817,0.30392157,0.10967302,477,991,1468,"5371"
"Andrew Lambo","OAK","AAA",27,240,0.298245614,1.209677419,0.198830409,0.438596491,0.362573099,0.225806451,0.064516129,0.46285714,0.18857143,0.34857143,0.08875129,364,605,969,"5386"
"Juan Graterol","LAA","AAA",27,246,0.33,1.785714285,0.22,0.5,0.28,0.214285714,0.035714285,0.42647059,0.21568627,0.35784314,0.07730673,248,554,802,"5398"
"Jake Smolinski","OAK","AAA",27,159,0.277310924,1.4,0.20661157,0.462809917,0.330578512,0.325,0.075,0.55645161,0.20967742,0.23387097,0.07050093,192,347,539,"5408"
"Steve Lombardozzi Jr.","WSN","AAA",27,246,0.28643216,1.067567567,0.219387755,0.403061224,0.37755102,0.351351351,0,0.36764706,0.19607843,0.43627451,0.06837607,275,544,819,"5422"
"Elian Herrera","LAD","AAA",31,117,0.293333333,1.6,0.109589041,0.547945205,0.342465753,0.24,0,0.36,0.25333333,0.38666667,0.10169492,185,287,472,"5432"
"Daniel Nava","LAA","AAA",33,103,0.3875,2,0.2875,0.475,0.2375,0.052631578,0.052631578,0.41975309,0.32098765,0.25925926,0.062954,169,244,413,"5450"
"Ji Man Choi","LAA","AAA",25,227,0.389610389,1.269230769,0.243589743,0.423076923,0.333333333,0.096153846,0.096153846,0.36645963,0.26708075,0.36645963,0.07023411,370,527,897,"5452"
"Jose Pirela","SDP","AAA",26,146,0.280701754,1.414634146,0.139130434,0.504347826,0.356521739,0.31707317,0.048780487,0.42241379,0.20689655,0.37068966,0.0707804,205,346,551,"5485"
"Corban Joseph","BAL","AAA",27,313,0.323886639,1.144444444,0.231075697,0.410358565,0.358565737,0.166666666,0.077777777,0.36862745,0.27058824,0.36078431,0.05206463,434,680,1114,"5503"
"George Kottaras","ATL","AAA",33,130,0.246376811,1.148148148,0.183098591,0.436619718,0.38028169,0.333333333,0.074074074,0.6056338,0.15492958,0.23943662,0.09174312,224,321,545,"5506"
"Jesus Montero","TOR","AAA",26,518,0.357320099,2.101010101,0.238213399,0.516129032,0.245657568,0.262626262,0.111111111,0.4057971,0.26086957,0.33333333,0.10292326,546,1096,1642,"5514"
"Kyle Higashioka","NYY","AAA",26,160,0.252336448,0.492063492,0.196581196,0.264957264,0.538461538,0.238095238,0.158730158,0.54700855,0.22222222,0.23076923,0.11129848,205,388,593,"5517"
"Ruben Tejada","SFG","AAA",26,155,0.341463414,1.022222222,0.266129032,0.370967741,0.362903225,0.111111111,0.022222222,0.408,0.192,0.4,0.08834586,192,340,532,"5519"
"Carlos Corporan","TBR","AAA",32,196,0.243902439,1.38095238,0.212598425,0.456692913,0.330708661,0.238095238,0.142857142,0.51538462,0.26923077,0.21538462,0.14327917,198,479,677,"5587"
"Neftali Soto","WSN","AAA",27,119,0.34065934,2.047619047,0.288888888,0.477777777,0.233333333,0.142857142,0,0.47252747,0.21978022,0.30769231,0.10297483,135,302,437,"5663"
"Joshua Rodriguez","OAK","AAA",31,134,0.298701298,1.096774193,0.197530864,0.419753086,0.382716049,0.064516129,0.161290322,0.34939759,0.3253012,0.3253012,0.07308378,248,313,561,"5716"
"Hernan Perez","MIL","AAA",25,67,0.384615384,1.157894736,0.226415094,0.415094339,0.358490566,0.157894736,0.052631578,0.41509434,0.30188679,0.28301887,0.1173913,71,159,230,"5751"
"Cole Gillespie","MIA","AAA",32,136,0.226804123,2.04,0.216494845,0.525773195,0.257731958,0.2,0.04,0.41836735,0.28571429,0.29591837,0.08527132,203,313,516,"5888"
"Leury Garcia","CHW","AAA",25,342,0.37759336,2.784313725,0.209016393,0.581967213,0.209016393,0.156862745,0.117647058,0.4484127,0.22619048,0.32539683,0.09861451,445,782,1227,"5913"
"Jesus Sucre","SEA","AAA",28,104,0.321428571,1.772727272,0.26506024,0.469879518,0.26506024,0.272727272,0,0.31764706,0.31764706,0.36470588,0.09141274,117,244,361,"5942"
"Rey Navarro","LAA","AAA",26,175,0.266666666,1.522727272,0.171641791,0.5,0.328358208,0.295454545,0.022727272,0.4028777,0.1942446,0.4028777,0.08221477,187,409,596,"6008"
"Brendan Ryan","LAA","AAA",34,295,0.310344827,1.319444444,0.173267326,0.470297029,0.356435643,0.222222222,0.013888888,0.43269231,0.25,0.31730769,0.10376492,380,709,1089,"6073"
"Casey McGehee","DET","AAA",33,480,0.368421052,1.58490566,0.240997229,0.465373961,0.293628808,0.16981132,0.056603773,0.39945652,0.22554348,0.375,0.05925508,674,1098,1772,"6086"
"Irving Falu","KCR","AAA",33,172,0.280575539,1.478260869,0.191489361,0.482269503,0.326241134,0.195652173,0.086956521,0.54545455,0.25174825,0.2027972,0.08450704,179,389,568,"6165"
"Tony Sanchez","TOR","AAA",28,228,0.230263157,1.702127659,0.191082802,0.50955414,0.299363057,0.255319148,0.106382978,0.47133758,0.2611465,0.26751592,0.09742441,370,523,893,"6178"
"Nate Schierholtz","DET","AAA",32,125,0.295454545,0.789473684,0.235955056,0.337078651,0.426966292,0.105263157,0.078947368,0.38461538,0.28571429,0.32967033,0.10940919,157,300,457,"6201"
"Tommy Field","DET","AAA",29,362,0.256302521,0.787610619,0.18548387,0.358870967,0.455645161,0.194690265,0.097345132,0.41832669,0.26294821,0.3187251,0.07883817,561,885,1446,"6262"
"Daniel Robertson","SEA","AAA",30,460,0.304945054,1.89,0.201657458,0.522099447,0.276243093,0.28,0.06,0.48924731,0.21774194,0.29301075,0.03356481,650,1078,1728,"6266"
"Brandon Barnes","COL","AAA",30,255,0.352272727,0.956521739,0.25,0.366666666,0.383333333,0.20289855,0.072463768,0.46153846,0.30769231,0.23076923,0.16111708,300,631,931,"629"
"Matt Murton","CHC","AAA",34,255,0.349514563,1.929824561,0.181372549,0.539215686,0.279411764,0.087719298,0.035087719,0.36538462,0.19711538,0.4375,0.08488372,285,575,860,"6307"
"Argenis Diaz","DET","AAA",29,350,0.285171102,2.074626865,0.216730038,0.52851711,0.254752851,0.134328358,0.044776119,0.34944238,0.25650558,0.39405204,0.07503949,462,804,1266,"6403"
"Roger Bernadina","NYM","AAA",32,446,0.36013986,1.357894736,0.227586206,0.444827586,0.327586206,0.178947368,0.105263157,0.37458194,0.2909699,0.33444816,0.11517696,646,1021,1667,"6421"
"Ryan Jackson","PHI","AAA",28,343,0.324324324,1.875,0.268181818,0.477272727,0.254545454,0.142857142,0,0.37777778,0.24,0.38222222,0.04614325,553,899,1452,"6596"
"Ryan Lollis","SFG","AAA",29,425,0.286163522,1.770114942,0.234920634,0.488888888,0.276190476,0.172413793,0.034482758,0.33230769,0.28307692,0.38461538,0.05109489,617,1027,1644,"6623"
"Chase d'Arnaud","ATL","AAA",29,100,0.298701298,1.032258064,0.181818181,0.415584415,0.402597402,0.161290322,0.032258064,0.44871795,0.17948718,0.37179487,0.07471264,107,241,348,"6652"
"L.J. Hoes","BAL","AAA",26,443,0.269461077,1.819148936,0.211309523,0.508928571,0.279761904,0.106382978,0.063829787,0.37647059,0.23529412,0.38823529,0.07611241,668,1040,1708,"6656"
"JB Shuck","CHW","AAA",29,170,0.309859154,1.925,0.1875,0.534722222,0.277777777,0.15,0.05,0.54482759,0.22758621,0.22758621,0.04810997,219,363,582,"6677"
"Josmil Pinto","MIL","AAA",27,315,0.364928909,1.054945054,0.153846153,0.43438914,0.411764705,0.208791208,0.12087912,0.4009009,0.21171171,0.38738739,0.08567208,521,833,1354,"6806"
"Justin Maxwell","BOS","AAA",32,253,0.275641025,1.326923076,0.234177215,0.43670886,0.329113924,0.25,0.096153846,0.47530864,0.19135802,0.33333333,0.10976838,389,604,993,"6827"
"Nick Buss","LAA","AAA",29,372,0.342205323,1.24742268,0.17735849,0.456603773,0.366037735,0.154639175,0.06185567,0.4368231,0.26353791,0.29963899,0.08222222,480,870,1350,"6835"
"Eddy Rodriguez","NYY","AAA",30,153,0.346153846,1.103448275,0.2375,0.4,0.3625,0.310344827,0.103448275,0.59756098,0.12195122,0.2804878,0.23239437,177,391,568,"6870"
"Nick Noonan","SDP","AAA",27,374,0.361623616,1.476190476,0.235294117,0.455882352,0.308823529,0.154761904,0.059523809,0.3745583,0.24734982,0.37809187,0.10295176,476,913,1389,"6880"
"Eric Campbell","NYM","AAA",29,354,0.342857142,1.546666666,0.236,0.464,0.3,0.12,0.093333333,0.38095238,0.25793651,0.36111111,0.07854985,545,779,1324,"6938"
"Ryan Kalish","CHC","AAA",28,70,0.428571428,1.4375,0.204081632,0.469387755,0.326530612,0.25,0,0.51020408,0.24489796,0.24489796,0.09958506,98,143,241,"6962"
"J.P. Arencibia","PHI","AAA",30,372,0.294117647,0.817307692,0.25,0.337301587,0.412698412,0.25,0.153846153,0.44140625,0.2421875,0.31640625,0.1775837,442,932,1374,"697"
"Will Middlebrooks","MIL","AAA",27,264,0.327868852,0.603960396,0.15625,0.317708333,0.526041666,0.257425742,0.0990099,0.54358974,0.24615385,0.21025641,0.0923361,393,690,1083,"7002"
"A.J. Jimenez","TOR","AAA",26,248,0.262886597,1.257575757,0.227979274,0.430051813,0.341968911,0.287878787,0.06060606,0.47474747,0.24747475,0.27777778,0.06703911,333,562,895,"7077"
"Alberto Rosario","STL","AAA",29,124,0.333333333,2.619047619,0.208333333,0.572916666,0.21875,0.19047619,0,0.36734694,0.26530612,0.36734694,0.07272727,151,289,440,"7125"
"Eric Young Jr.","MIL","AAA",31,329,0.308016877,2.508474576,0.122881355,0.627118644,0.25,0.33898305,0.050847457,0.51639344,0.21311475,0.2704918,0.07605877,434,723,1157,"7158"
"Juan Centeno","MIN","AAA",26,55,0.25,1.384615384,0.279069767,0.418604651,0.302325581,0.076923076,0.076923076,0.47826087,0.26086957,0.26086957,0.045,71,129,200,"7168"
"David Lough","PHI","AAA",30,171,0.293233082,1.675,0.195488721,0.503759398,0.300751879,0.25,0.025,0.44444444,0.21481481,0.34074074,0.05699482,209,370,579,"7215"
"Cesar Puello","NYY","AAA",25,289,0.348837209,1.956521739,0.209302325,0.523255813,0.26744186,0.173913043,0.108695652,0.46666667,0.24444444,0.28888889,0.09859155,434,702,1136,"7216"
"Alex Castellanos","COL","AAA",29,185,0.425742574,0.739130434,0.252336448,0.317757009,0.429906542,0.195652173,0.130434782,0.47663551,0.27102804,0.25233645,0.16956522,239,451,690,"7223"
"Matt Davidson","CHW","AAA",25,326,0.345549738,0.727272727,0.236180904,0.32160804,0.442211055,0.181818181,0.113636363,0.39901478,0.2955665,0.30541872,0.14529915,501,786,1287,"7226"
"Tyler Moore","ATL","AAA",29,106,0.283582089,0.862068965,0.217391304,0.36231884,0.420289855,0.172413793,0.103448275,0.3943662,0.32394366,0.28169014,0.1359447,154,280,434,"7244"
"Collin Cowgill","CLE","AAA",30,407,0.294117647,1.237623762,0.172161172,0.457875457,0.369963369,0.247524752,0.03960396,0.51428571,0.25714286,0.22857143,0.12810707,597,972,1569,"7250"
"Jake Elmore","MIL","AAA",29,182,0.353846153,2.212121212,0.178294573,0.565891472,0.255813953,0.121212121,0.06060606,0.37313433,0.30597015,0.32089552,0.03748327,300,447,747,"7290"
"Darin Mastroianni","MIN","AAA",30,203,0.321678321,1.188679245,0.188811188,0.44055944,0.37062937,0.188679245,0,0.34027778,0.27083333,0.38888889,0.10785463,295,558,853,"7316"
"Sean Kazmar Jr.","ATL","AAA",31,347,0.297794117,0.971698113,0.24,0.374545454,0.385454545,0.283018867,0.047169811,0.45683453,0.25179856,0.29136691,0.09265442,408,790,1198,"7349"
"Michael Martinez","CLE","AAA",33,114,0.345679012,1.129032258,0.204819277,0.421686746,0.373493975,0.258064516,0.064516129,0.44578313,0.24096386,0.31325301,0.08599509,150,257,407,"7358"
"David Adams","TOR","AAA",29,236,0.303797468,1.84090909,0.213836477,0.509433962,0.276729559,0.181818181,0.045454545,0.5125,0.2125,0.275,0.065662,375,554,929,"7389"
"Xavier Scruggs","MIA","AAA",28,382,0.342995169,1.114942528,0.182222222,0.431111111,0.386666666,0.137931034,0.24137931,0.50438596,0.24122807,0.25438596,0.09717663,667,856,1523,"7409"
"Paul Janish","BAL","AAA",33,283,0.285046728,1.64516129,0.219047619,0.485714285,0.295238095,0.274193548,0,0.53211009,0.22018349,0.24770642,0.06126126,445,665,1110,"7412"
"Shane Peterson","MIL","AAA",28,57,0.466666666,1.083333333,0.21875,0.40625,0.375,0,0.25,0.29411765,0.38235294,0.32352941,0.2,75,130,205,"7423"
"Brandon Allen","CIN","AAA",30,268,0.210227272,1,0.150837988,0.424581005,0.424581005,0.289473684,0.052631578,0.48066298,0.21546961,0.3038674,0.09278351,425,642,1067,"7436"
"Jhonatan Solano","WSN","AAA",30,194,0.25,2,0.211538461,0.525641025,0.262820512,0.365853658,0,0.36305732,0.17834395,0.45859873,0.05803571,224,448,672,"7515"
"Ed Lucas","ARI","AAA",34,394,0.302583025,0.99047619,0.231617647,0.382352941,0.386029411,0.104761904,0.047619047,0.38043478,0.25362319,0.36594203,0.09396825,573,1002,1575,"7532"
"Marc Krauss","NYM","AAA",28,272,0.251798561,0.882352941,0.15231788,0.397350993,0.450331125,0.25,0.205882352,0.52597403,0.25324675,0.22077922,0.11956522,453,651,1104,"7577"
"Justin Ruggiano","NYM","AAA",34,202,0.289473684,1.282608695,0.117647058,0.495798319,0.386554621,0.152173913,0.152173913,0.52892562,0.23966942,0.23140496,0.15061728,319,491,810,"7620"
"Kyle Jensen","ARI","AAA",28,555,0.372549019,0.751724137,0.234939759,0.328313253,0.436746987,0.158620689,0.206896551,0.45400593,0.29080119,0.25519288,0.13009973,828,1378,2206,"7706"
"Ty Kelly","NYM","AAA",27,316,0.378260869,1.707692307,0.231441048,0.484716157,0.283842794,0.23076923,0.03076923,0.49361702,0.21702128,0.2893617,0.05215232,492,716,1208,"7740"
"Jermaine Curtis","CIN","AAA",28,346,0.313559322,1.558441558,0.189300411,0.49382716,0.316872427,0.259740259,0.116883116,0.49797571,0.2388664,0.26315789,0.0615727,579,769,1348,"7765"
"Joey Butler","CLE","AAA",30,465,0.303333333,2.351351351,0.186885245,0.570491803,0.24262295,0.121621621,0.108108108,0.43042071,0.25566343,0.31391586,0.12316076,700,1135,1835,"7799"
"Logan Schafer","MIN","AAA",29,245,0.299435028,1.104477611,0.207865168,0.415730337,0.376404494,0.298507462,0.059701492,0.52173913,0.17391304,0.30434783,0.07991121,327,574,901,"7937"
"Jaff Decker","TBR","AAA",26,417,0.295019157,1.455696202,0.286764705,0.422794117,0.290441176,0.202531645,0.151898734,0.43636364,0.26909091,0.29454545,0.08126036,762,1047,1809,"7945"
"Guillermo Quiroz","CLE","AAA",34,297,0.311224489,1.171052631,0.195121951,0.434146341,0.370731707,0.25,0.144736842,0.55555556,0.23188406,0.21256039,0.13189897,357,712,1069,"7989"
"Jose A. Martinez","KCR","AAA",27,489,0.309392265,1.28125,0.204359673,0.446866485,0.348773841,0.109375,0.0859375,0.42666667,0.26133333,0.312,0.06739726,686,1139,1825,"7996"
"Chris Nelson","COL","AAA",30,218,0.260355029,1.955555555,0.217647058,0.517647058,0.264705882,0.222222222,0.066666666,0.4137931,0.24712644,0.33908046,0.07914573,281,515,796,"8175"
"Matt Tuiasosopo","ATL","AAA",30,248,0.312977099,1.173076923,0.19858156,0.432624113,0.368794326,0.269230769,0.211538461,0.42253521,0.27464789,0.3028169,0.12464046,423,620,1043,"8272"
"Francisco Pena","BAL","AAA",26,208,0.262195121,1.258620689,0.210843373,0.439759036,0.34939759,0.396551724,0.068965517,0.55357143,0.13095238,0.31547619,0.08244681,270,482,752,"8298"
"Dean Anna","STL","AAA",29,383,0.308510638,1.076923076,0.223021582,0.402877697,0.374100719,0.182692307,0.019230769,0.48070175,0.24561404,0.27368421,0.04793609,597,905,1502,"8353"
"Reid Brignac","ATL","AAA",30,424,0.330827067,1.107843137,0.209558823,0.415441176,0.375,0.205882352,0.078431372,0.49275362,0.1884058,0.31884058,0.11382598,657,1021,1678,"8380"
"Pedro Florimon","PIT","AAA",29,340,0.338095238,1.2,0.225352112,0.422535211,0.352112676,0.106666666,0.066666666,0.4212963,0.27314815,0.30555556,0.10976533,496,825,1321,"8385"
"Ike Davis","NYY","AAA",29,270,0.3081761,0.830985915,0.216867469,0.355421686,0.427710843,0.169014084,0.126760563,0.39880952,0.32738095,0.27380952,0.11399444,436,643,1079,"8433"
"Xavier Avery","BAL","AAA",26,347,0.394285714,1.19047619,0.229050279,0.418994413,0.351955307,0.111111111,0.095238095,0.45405405,0.22162162,0.32432432,0.18664752,524,869,1393,"8471"
"Tim Federowicz","CHC","AAA",28,253,0.343023255,1.138461538,0.219101123,0.415730337,0.365168539,0.261538461,0.123076923,0.52222222,0.22777778,0.25,0.10122699,347,631,978,"8609"
"Donovan Solano","NYY","AAA",28,546,0.361111111,1.377777777,0.258660508,0.4295612,0.31177829,0.118518518,0.051851851,0.35227273,0.27727273,0.37045455,0.08376156,625,1321,1946,"8623"
"Carlos Peguero","STL","AAA",29,155,0.365591397,1.054054054,0.208333333,0.40625,0.385416666,0.135135135,0.135135135,0.41836735,0.24489796,0.33673469,0.14059754,200,369,569,"8760"
"Cole Figueroa","LAD","AAA",29,255,0.285714285,1.758620689,0.21182266,0.502463054,0.285714285,0.137931034,0.034482758,0.49519231,0.24519231,0.25961538,0.03039514,398,589,987,"8790"
"Ramiro Pena","SFG","AAA",30,245,0.331460674,0.71590909,0.17032967,0.346153846,0.483516483,0.227272727,0.056818181,0.43010753,0.3172043,0.25268817,0.06461864,337,607,944,"8841"
"Ryan Lavarnway","ATL","AAA",28,107,0.3375,1.333333333,0.3,0.4,0.3,0.125,0,0.5375,0.2,0.2625,0.08415842,145,259,404,"8879"
"Dusty Coleman","KCR","AAA",29,207,0.32,1.078431372,0.171875,0.4296875,0.3984375,0.294117647,0.098039215,0.47014925,0.23880597,0.29104478,0.13751669,264,485,749,"8979"
"Conor Gillaspie","SFG","AAA",28,52,0.34090909,2.7,0.177777777,0.6,0.222222222,0,0.1,0.51111111,0.24444444,0.24444444,0.08536585,54,110,164,"9009"
"Alexi Amarista","SDP","AAA",27,55,0.365853658,1.23076923,0.292682926,0.390243902,0.31707317,0.153846153,0.076923076,0.45238095,0.30952381,0.23809524,0.06735751,63,130,193,"9063"
"Brennan Boesch","BOS","AAA",31,158,0.233333333,1.195652173,0.165289256,0.454545454,0.380165289,0.239130434,0.086956521,0.36,0.224,0.416,0.12038835,163,352,515,"914"
"Audry Perez","BAL","AAA",27,332,0.334677419,1.940298507,0.202429149,0.526315789,0.27125506,0.149253731,0.089552238,0.47637795,0.2007874,0.32283465,0.09188742,446,762,1208,"9176"
"Blake Lalli","ATL","AAA",33,380,0.302405498,1.604651162,0.216783216,0.482517482,0.3006993,0.26744186,0.011627906,0.37710438,0.21548822,0.40740741,0.07658643,496,875,1371,"9246"
"Keon Broxton","MIL","AAA",26,199,0.39090909,0.978723404,0.191304347,0.4,0.408695652,0.127659574,0.170212765,0.43220339,0.22033898,0.34745763,0.1370869,321,496,817,"9253"
"Drew Stubbs","TEX","AAA",31,51,0.225806451,0.666666666,0.0625,0.375,0.5625,0,0.111111111,0.39393939,0.39393939,0.21212121,0.07522124,106,120,226,"9328"
"Adam Moore","CLE","AAA",32,329,0.292576419,2.114754098,0.173913043,0.560869565,0.265217391,0.163934426,0.114754098,0.45762712,0.22033898,0.3220339,0.10674157,463,783,1246,"9362"
"Matt McBride","OAK","AAA",31,274,0.308900523,0.792682926,0.238341968,0.336787564,0.424870466,0.329268292,0.085365853,0.6010101,0.22727273,0.17171717,0.08948339,388,696,1084,"9373"
"Jeremy Hazelbaker","STL","AAA",28,50,0.444444444,1.3,0.148148148,0.481481481,0.37037037,0.4,0.1,0.17241379,0.51724138,0.31034483,0.12149533,82,132,214,"9399"
"Quintin Berry","LAA","AAA",31,418,0.335714285,2.65079365,0.163636363,0.607272727,0.229090909,0.158730158,0.015873015,0.37192982,0.27017544,0.35789474,0.09949303,586,992,1578,"9414"
"Jake Goebbert","TBR","AAA",28,364,0.26431718,0.924731182,0.238297872,0.365957446,0.39574468,0.333333333,0.107526881,0.48319328,0.2394958,0.27731092,0.10599721,549,885,1434,"9431"
"Dustin Garneau","COL","AAA",28,211,0.302325581,0.5,0.170212765,0.276595744,0.553191489,0.23076923,0.192307692,0.46206897,0.27586207,0.26206897,0.10592686,287,506,793,"9433"
"Michael McKenry","MIL","AAA",31,251,0.36231884,0.84375,0.186206896,0.372413793,0.44137931,0.15625,0.109375,0.51034483,0.22068966,0.26896552,0.08647654,466,621,1087,"9628"
"Shawn O'Malley","SEA","AAA",28,100,0.390625,1.684210526,0.19047619,0.507936507,0.301587301,0.157894736,0.052631578,0.23880597,0.37313433,0.3880597,0.07880435,126,242,368,"9629"
"Cody Decker","KCR","AAA",29,78,0.297297297,0.944444444,0.166666666,0.404761904,0.428571428,0.222222222,0.277777777,0.57142857,0.19047619,0.23809524,0.2369338,94,193,287,"9665"
"Chris Dominguez","BOS","AAA",29,298,0.27,1.465753424,0.150943396,0.504716981,0.344339622,0.191780821,0.178082191,0.46728972,0.22429907,0.30841121,0.17320574,314,731,1045,"9718"
"Ben Paulsen","COL","AAA",28,314,0.336363636,1.405405405,0.205357142,0.464285714,0.330357142,0.148648648,0.081081081,0.36725664,0.30973451,0.32300885,0.1245583,382,750,1132,"9741"
"James Jones","TEX","AAA",27,305,0.326203208,2,0.161290322,0.559139784,0.279569892,0.115384615,0.057692307,0.43229167,0.25,0.31770833,0.12329932,426,750,1176,"9767"
"Christian Vazquez","BOS","AAA",25,171,0.325,1.666666666,0.254237288,0.466101694,0.279661016,0.212121212,0.06060606,0.42622951,0.26229508,0.31147541,0.06500692,275,448,723,"9774"
"Ryan Goins","TOR","AAA",28,110,0.324324324,1.333333333,0.263157894,0.421052631,0.315789473,0.041666666,0.083333333,0.41025641,0.23076923,0.35897436,0.10336538,146,270,416,"9807"
"Efren Navarro","SEA","AAA",30,514,0.32010582,1.50420168,0.213720316,0.472295514,0.313984168,0.12605042,0.058823529,0.40519481,0.23116883,0.36363636,0.06140789,795,1208,2003,"9854"
"Brandon Snyder","ATL","AAA",29,160,0.401785714,1.125,0.260869565,0.391304347,0.347826086,0.175,0.075,0.44827586,0.21551724,0.3362069,0.10430464,178,426,604,"9856"
"Bryan Anderson","OAK","AAA",29,131,0.278481012,1.909090909,0.209876543,0.518518518,0.271604938,0.227272727,0.136363636,0.51219512,0.18292683,0.30487805,0.14078675,169,314,483,"9871"
"Destin Hood","MIA","AAA",26,522,0.314606741,1.123188405,0.192837465,0.426997245,0.380165289,0.297101449,0.108695652,0.4097035,0.26415094,0.32614555,0.11410065,691,1316,2007,"9887"
"Darin Ruf","PHI","AAA",29,390,0.32421875,1.106796116,0.208029197,0.416058394,0.375912408,0.155339805,0.194174757,0.44604317,0.29496403,0.25899281,0.10515873,580,932,1512,"9929"
"Ryan Schimpf","SDP","AAA",28,190,0.369747899,0.632352941,0.171641791,0.320895522,0.507462686,0.19117647,0.220588235,0.44444444,0.28148148,0.27407407,0.08629442,297,491,788,"9953"
"Darrell Ceciliani","TOR","AAA",26,334,0.289795918,1.466666666,0.265873015,0.436507936,0.297619047,0.213333333,0.133333333,0.42578125,0.25390625,0.3203125,0.07641742,448,769,1217,"9954"
"Jeff Bianchi","COL","AAA",29,243,0.307228915,1.911111111,0.215568862,0.514970059,0.269461077,0.266666666,0.044444444,0.4,0.22352941,0.37647059,0.09003215,318,615,933,"9958"
"Alex Hassan","LAD","AAA",28,301,0.295918367,1.440677966,0.242105263,0.447368421,0.310526315,0.169491525,0.016949152,0.50753769,0.1959799,0.29648241,0.07020408,476,749,1225,"9959"
"Dan Butler","BOS","AAA",29,169,0.3853211,1.210526315,0.25,0.410714285,0.339285714,0.236842105,0.078947368,0.52678571,0.14285714,0.33035714,0.056899,290,413,703,"9968"
"Juan Ciriaco","SFG","AAA",32,226,0.304878048,1.229508196,0.170731707,0.457317073,0.371951219,0.196721311,0.06557377,0.47647059,0.22352941,0.3,0.06689342,313,569,882,"sa226165"
"Sharlon Schoop","BAL","AAA",29,183,0.289256198,1.94117647,0.193548387,0.532258064,0.274193548,0.117647058,0.117647058,0.5,0.23015873,0.26984127,0.13262195,239,417,656,"sa293531"
"Ray Chang","CIN","AAA",32,79,0.320754716,1.466666666,0.301886792,0.415094339,0.283018867,0.333333333,0,0.54716981,0.16981132,0.28301887,0.08588957,112,214,326,"sa295642"
"Marcus Lemon","CHW","AAA",28,58,0.142857142,1.615384615,0.19047619,0.5,0.309523809,0.153846153,0,0.39534884,0.30232558,0.30232558,0.15104167,61,131,192,"sa326707"
"Mark Thomas","ARI","AAA",28,96,0.311111111,1.2,0.282608695,0.391304347,0.326086956,0.066666666,0.066666666,0.40425532,0.29787234,0.29787234,0.10638298,146,230,376,"sa328150"
"Deibinson Romero","NYY","AAA",29,62,0.15,0.888888888,0.128205128,0.41025641,0.461538461,0.222222222,0.055555555,0.36585366,0.29268293,0.34146341,0.06425703,92,157,249,"sa328505"
"Reynaldo Rodriguez","MIN","AAA",29,194,0.274193548,0.892857142,0.158730158,0.396825396,0.444444444,0.178571428,0.071428571,0.4765625,0.203125,0.3203125,0.10714286,293,491,784,"sa329131"
"Balbino Fuenmayor","KCR","AAA",26,381,0.352517985,1.125,0.210714285,0.417857142,0.371428571,0.163461538,0.057692307,0.47183099,0.26760563,0.26056338,0.16017964,414,922,1336,"sa356978"
"Dan Rohlfing","ARI","AAA",27,149,0.369565217,1.884615384,0.21875,0.510416666,0.270833333,0.192307692,0.192307692,0.42,0.25,0.33,0.11048689,190,344,534,"sa389665"
"Kevin Keyes","WSN","AAA",27,94,0.235294117,1.411764705,0.196078431,0.470588235,0.333333333,0.235294117,0,0.54901961,0.09803922,0.35294118,0.15555556,133,227,360,"sa392183"
"Myles Schroder","SFG","AAA",28,158,0.258333333,0.92,0.186440677,0.389830508,0.423728813,0.12,0.02,0.41463415,0.29268293,0.29268293,0.1026087,184,391,575,"sa392193"
"Mayo Acosta","TBR","AAA",28,50,0.117647058,1,0.176470588,0.411764705,0.411764705,0.285714285,0,0.41176471,0.20588235,0.38235294,0.13793103,61,113,174,"sa392849"
"Zach Collier","WSN","AAA",25,164,0.308510638,1.054054054,0.2,0.410526315,0.389473684,0.27027027,0.027027027,0.51578947,0.21052632,0.27368421,0.14392804,250,417,667,"sa454396"
"Kenny Wilson","MIA","AAA",26,358,0.283898305,2.05,0.211206896,0.530172413,0.258620689,0.3,0.016666666,0.48523207,0.21940928,0.29535865,0.05765125,544,861,1405,"sa454437"
"Braeden Schlehuber","ATL","AAA",28,116,0.309523809,1.64,0.195121951,0.5,0.304878048,0.08,0,0.44705882,0.28235294,0.27058824,0.12682927,132,278,410,"sa454529"
"Ben Guez","MIL","AAA",29,50,0.333333333,0.363636363,0.166666666,0.222222222,0.611111111,0,0.09090909,0.63157895,0.15789474,0.21052632,0.1637931,92,140,232,"sa454544"
"Jose Lozada","WSN","AAA",30,132,0.202127659,2.809523809,0.130434782,0.641304347,0.228260869,0.285714285,0,0.3877551,0.21428571,0.39795918,0.13695652,131,329,460,"sa454600"
"Rene Garcia","MIL","AAA",26,64,0.315789473,3.636363636,0.089285714,0.714285714,0.196428571,0.09090909,0,0.50877193,0.26315789,0.22807018,0.03960396,66,136,202,"sa454693"
"Buck Britton","MIN","AAA",30,271,0.224390243,1.2,0.20289855,0.434782608,0.36231884,0.226666666,0.04,0.4784689,0.24401914,0.27751196,0.09571286,348,655,1003,"sa455619"
"Angel Franco","KCR","AAA",26,233,0.255681818,1.349206349,0.159090909,0.482954545,0.357954545,0.222222222,0.015873015,0.51351351,0.24324324,0.24324324,0.06862745,276,540,816,"sa455631"
"Angelys Nina","PHI","AAA",27,90,0.208955223,1.458333333,0.144927536,0.507246376,0.347826086,0.166666666,0.083333333,0.45070423,0.21126761,0.33802817,0.10086455,119,228,347,"sa455672"
"Emerson Landoni","ATL","AAA",27,115,0.318681318,4.666666666,0.235955056,0.629213483,0.13483146,0.083333333,0,0.43956044,0.1978022,0.36263736,0.12,94,281,375,"sa455907"
"Garabez Rosa","BAL","AAA",26,78,0.320754716,2.25,0.264150943,0.509433962,0.226415094,0,0.083333333,0.48148148,0.16666667,0.35185185,0.16271186,77,218,295,"sa455978"
"Michael Almanzar","BAL","AAA",25,450,0.298657718,1.016260162,0.184210526,0.41118421,0.404605263,0.235772357,0.081300813,0.54368932,0.21035599,0.24595469,0.15224064,522,1107,1629,"sa455994"
"Shawn Zarraga","LAD","AAA",27,53,0.205128205,0.94117647,0.108108108,0.432432432,0.459459459,0,0,0.25641026,0.43589744,0.30769231,0.08673469,73,123,196,"sa456095"
"Carlos Paulino","MIN","AAA",26,114,0.29113924,1.48,0.205128205,0.474358974,0.32051282,0.32,0,0.4375,0.2,0.3625,0.07560976,153,257,410,"sa456100"
"Edwin Garcia","TEX","AAA",25,97,0.194805194,1.48,0.184210526,0.486842105,0.328947368,0.2,0,0.39240506,0.20253165,0.40506329,0.07344633,119,235,354,"sa499640"
"Jio Mier","TOR","AAA",25,249,0.258426966,0.878378378,0.214689265,0.367231638,0.418079096,0.243243243,0.04054054,0.49180328,0.23497268,0.27322404,0.07600434,327,594,921,"sa500732"
"Todd Glaesmann","ARI","AAA",25,236,0.319767441,1.357142857,0.245714285,0.434285714,0.32,0.178571428,0.107142857,0.49438202,0.21348315,0.29213483,0.12712975,251,512,763,"sa501261"
"Jason Hagerty","SDP","AAA",28,145,0.319587628,2.458333333,0.17,0.59,0.24,0.083333333,0.166666666,0.52475248,0.21782178,0.25742574,0.10152284,226,365,591,"sa501451"
"Dan Black","MIA","AAA",28,91,0.280701754,2.0625,0.155172413,0.568965517,0.275862068,0.25,0.125,0.3220339,0.28813559,0.38983051,0.08602151,138,234,372,"sa501741"
"Tyler Bortnick","DET","AAA",28,53,0.264705882,1.272727272,0.264705882,0.411764705,0.323529411,0.454545454,0.09090909,0.54285714,0.22857143,0.22857143,0.08994709,77,112,189,"sa501942"
"Anthony Garcia","STL","AAA",24,247,0.244186046,0.726190476,0.171428571,0.348571428,0.48,0.309523809,0.095238095,0.49444444,0.23888889,0.26666667,0.10169492,358,586,944,"sa502038"
"Brady Shoemaker","MIA","AAA",29,82,0.259259259,1.095238095,0.228070175,0.403508771,0.368421052,0.238095238,0.142857142,0.38596491,0.24561404,0.36842105,0.10191083,132,182,314,"sa502052"
"Alex Burg","TEX","AAA",28,80,0.3,0.94117647,0.29787234,0.340425531,0.361702127,0.470588235,0,0.68,0.14,0.18,0.1559633,116,211,327,"sa502124"
"Joey Wong","COL","AAA",28,312,0.283653846,1.609375,0.197115384,0.495192307,0.307692307,0.28125,0.015625,0.38967136,0.23943662,0.37089202,0.07933884,467,743,1210,"sa502131"
"Jack Murphy","LAD","AAA",28,250,0.322368421,1.4375,0.235294117,0.450980392,0.31372549,0.208333333,0.0625,0.47770701,0.23566879,0.2866242,0.11618669,419,588,1007,"sa502520"
"Hak-Ju Lee","SFG","AAA",25,186,0.36036036,1.31707317,0.151785714,0.482142857,0.366071428,0.073170731,0.073170731,0.41525424,0.27118644,0.31355932,0.12307692,264,451,715,"sa502536"
"Bryson Smith","CIN","AAA",27,137,0.233333333,2.041666666,0.16091954,0.56321839,0.275862068,0.291666666,0,0.50537634,0.24731183,0.24731183,0.11479029,164,289,453,"sa502686"
"Andrew Aplin","HOU","AAA",25,447,0.283783783,1.389473684,0.225255972,0.450511945,0.324232081,0.189473684,0.052631578,0.4620462,0.26072607,0.27722772,0.10038398,672,1151,1823,"sa502787"
"Jonathan Rodriguez","STL","AAA",26,145,0.341463414,1.212121212,0.16091954,0.459770114,0.379310344,0.151515151,0.212121212,0.51111111,0.22222222,0.26666667,0.12569316,204,337,541,"sa503023"
"Beau Amaral","CIN","AAA",25,132,0.275510204,2.074074074,0.161616161,0.565656565,0.272727272,0.111111111,0.037037037,0.42,0.22,0.36,0.08172043,160,305,465,"sa503642"
"Kyle Roller","TBR","AAA",28,187,0.303030303,1.25,0.213592233,0.436893203,0.349514563,0.111111111,0.138888888,0.47115385,0.23076923,0.29807692,0.15760112,277,440,717,"sa503716"
"Leonardo Reginatto","MIN","AAA",26,84,0.311475409,1.19047619,0.245901639,0.409836065,0.344262295,0.285714285,0,0.40322581,0.25806452,0.33870968,0.10169492,90,205,295,"sa504970"
"Heiker Meneses","MIN","AAA",24,68,0.171428571,1.066666666,0.114285714,0.457142857,0.428571428,0.466666666,0,0.27777778,0.19444444,0.52777778,0.10566038,102,163,265,"sa506229"
"Ali Castillo","SFG","AAA",27,191,0.347826086,2.022727272,0.173913043,0.552795031,0.273291925,0.159090909,0,0.31677019,0.18012422,0.50310559,0.05940594,194,412,606,"sa507143"
"Jose Rosario","NYY","AAA",24,99,0.351351351,1.409090909,0.293333333,0.413333333,0.293333333,0.227272727,0.09090909,0.42857143,0.25974026,0.31168831,0.13395639,81,240,321,"sa507166"
"Diego Goris","SDP","AAA",25,296,0.293577981,1.742424242,0.188340807,0.515695067,0.295964125,0.196969696,0.106060606,0.46982759,0.25,0.28017241,0.08924949,339,647,986,"sa507199"
"Carlos Alonso","PHI","AAA",28,68,0.292682926,1,0.219512195,0.390243902,0.390243902,0.4375,0.0625,0.48837209,0.18604651,0.3255814,0.08812261,107,154,261,"sa525881"
"Caleb Ramsey","WSN","AAA",27,468,0.320588235,1.966666666,0.205357142,0.526785714,0.267857142,0.255555555,0.044444444,0.34293948,0.23342939,0.42363112,0.0740941,661,1188,1849,"sa526470"
"Chris O'Brien","BAL","AAA",26,51,0.194444444,1.23076923,0.147058823,0.470588235,0.382352941,0.23076923,0,0.5,0.16666667,0.33333333,0.10784314,75,129,204,"sa526558"
"Dean Green","DET","AAA",27,241,0.352941176,1.14516129,0.244318181,0.40340909,0.352272727,0.209677419,0.112903225,0.40340909,0.26136364,0.33522727,0.14252874,286,584,870,"sa526876"
"Tim Smalling","COL","AAA",28,252,0.264248704,2.382978723,0.171875,0.583333333,0.244791666,0.234042553,0.063829787,0.49748744,0.25125628,0.25125628,0.08944954,288,584,872,"sa545109"
"Brandon Macias","MIL","AAA",27,68,0.207547169,1.45,0.109090909,0.527272727,0.363636363,0.25,0.1,0.44642857,0.26785714,0.28571429,0.0941704,77,146,223,"sa545208"
"Stephen Wickens","MIN","AAA",27,91,0.24074074,1.227272727,0.140350877,0.47368421,0.385964912,0.136363636,0.136363636,0.39655172,0.25862069,0.34482759,0.07297297,142,228,370,"sa546622"
"Taylor Lindsey","SDP","AAA",24,118,0.321428571,0.736842105,0.223529411,0.329411764,0.447058823,0.210526315,0.052631578,0.38372093,0.29069767,0.3255814,0.10093897,163,263,426,"sa548170"
"Matt Lipka","ATL","AAA",24,179,0.2890625,0.872727272,0.207692307,0.369230769,0.423076923,0.381818181,0.036363636,0.43846154,0.29230769,0.26923077,0.08972504,246,445,691,"sa548175"
"Mel Rojas Jr.","PIT","AAA",26,289,0.291666666,1.711864406,0.2,0.505,0.295,0.20338983,0.169491525,0.48514851,0.21287129,0.3019802,0.11703057,416,729,1145,"sa548194"
"Sean Coyle","BOS","AAA",24,80,0.175,0.8,0.121951219,0.390243902,0.487804878,0.35,0.1,0.47727273,0.18181818,0.34090909,0.18944099,104,218,322,"sa548268"
"Cito Culver","NYY","AAA",23,88,0.33898305,1.25,0.210526315,0.438596491,0.350877192,0.05,0.05,0.35,0.25,0.4,0.09090909,115,226,341,"sa548315"
"Jason Martinson","WSN","AAA",27,507,0.324626865,1.138613861,0.223021582,0.413669064,0.363309352,0.316831683,0.118811881,0.46808511,0.28723404,0.24468085,0.16303797,720,1255,1975,"sa548330"
"Roberto Pena","HOU","AAA",24,60,0.266666666,1.117647058,0.181818181,0.431818181,0.386363636,0.235294117,0,0.47826087,0.2826087,0.23913043,0.08530806,80,131,211,"sa548359"
"Ryan Casteel","COL","AAA",25,161,0.31372549,1.236842105,0.174757281,0.456310679,0.368932038,0.210526315,0.078947368,0.44339623,0.28301887,0.27358491,0.14490161,171,388,559,"sa549286"
"Chris Berset","CIN","AAA",28,320,0.300429184,1.970149253,0.149572649,0.564102564,0.286324786,0.179104477,0.029850746,0.39662447,0.28270042,0.32067511,0.09162996,390,745,1135,"sa549458"
"Jose Vinicio","BOS","AAA",22,178,0.333333333,2.5,0.198473282,0.572519083,0.229007633,0.3,0.033333333,0.37956204,0.21167883,0.40875912,0.11861614,159,448,607,"sa549538"
"D.J. Peterson","SEA","AAA",24,192,0.310924369,1.058823529,0.16,0.432,0.408,0.196078431,0.156862745,0.55905512,0.24409449,0.19685039,0.14125874,240,475,715,"sa549926"
"Chan Jong Moon","HOU","AAA",25,73,0.384615384,1.5,0.215686274,0.470588235,0.31372549,0.0625,0.0625,0.39622642,0.22641509,0.37735849,0.09195402,97,164,261,"sa550461"
"Casey McElroy","SDP","AAA",26,249,0.328042328,1.476190476,0.178947368,0.489473684,0.331578947,0.158730158,0.015873015,0.4375,0.26041667,0.30208333,0.07720145,304,525,829,"sa577018"
"Matt Williams","STL","AAA",26,395,0.321167883,1.275510204,0.180147058,0.459558823,0.360294117,0.193877551,0.010204081,0.41877256,0.20216606,0.37906137,0.0681676,646,953,1599,"sa577691"
"L.J. Mazzilli","NYM","AAA",25,55,0.232558139,1.3125,0.159090909,0.477272727,0.363636363,0.25,0.0625,0.43181818,0.18181818,0.38636364,0.05472637,79,122,201,"sa577753"
"Cameron Seitzer","TBR","AAA",26,144,0.244897959,1.108108108,0.195876288,0.422680412,0.381443298,0.297297297,0,0.39795918,0.20408163,0.39795918,0.13407821,184,353,537,"sa578022"
"Mitch Delfino","SFG","AAA",25,204,0.289655172,1.630434782,0.171232876,0.51369863,0.315068493,0.260869565,0.065217391,0.34228188,0.26174497,0.39597315,0.07858048,293,496,789,"sa579278"
"Jordan Smith","CLE","AAA",25,59,0.23076923,1.058823529,0.125,0.45,0.425,0.411764705,0.058823529,0.25,0.325,0.425,0.09954751,75,146,221,"sa579297"
"Cal Towey","LAA","AAA",26,306,0.346153846,1.129032258,0.2,0.424242424,0.375757575,0.177419354,0.14516129,0.43712575,0.2994012,0.26347305,0.12279226,490,699,1189,"sa579778"
"Rando Moreno","SFG","AAA",24,156,0.346774193,1.232558139,0.225806451,0.427419354,0.346774193,0.186046511,0.023255813,0.47244094,0.25984252,0.26771654,0.09497207,168,369,537,"sa597695"
"Patrick Leonard","TBR","AAA",23,145,0.337662337,1.375,0.229729729,0.445945945,0.324324324,0.166666666,0,0.41025641,0.17948718,0.41025641,0.15156794,208,366,574,"sa597839"
"Dan Gamache","PIT","AAA",25,204,0.325396825,2.481481481,0.235772357,0.544715447,0.219512195,0.037037037,0.074074074,0.3671875,0.2578125,0.375,0.10798122,329,523,852,"sa597966"
"Bryson Myles","CLE","AAA",26,105,0.304347826,0.965517241,0.173913043,0.405797101,0.420289855,0.172413793,0.034482758,0.61428571,0.21428571,0.17142857,0.1319797,138,256,394,"sa597971"
"Logan Moore","PHI","AAA",25,119,0.289855072,0.666666666,0.166666666,0.333333333,0.5,0.305555555,0.111111111,0.42666667,0.22666667,0.34666667,0.13163482,173,298,471,"sa598265"
"Sean Jamieson","ARI","AAA",27,192,0.353448275,1.405405405,0.21238938,0.460176991,0.327433628,0.297297297,0.027027027,0.53781513,0.23529412,0.22689076,0.14580645,268,507,775,"sa598483"
"James Ramsey","SEA","AAA",26,394,0.366812227,1.597222222,0.204255319,0.489361702,0.306382978,0.180555555,0.125,0.38174274,0.28630705,0.33195021,0.12648221,566,952,1518,"sa599239"
"Zach Borenstein","ARI","AAA",25,395,0.376068376,1.292682926,0.223140495,0.438016528,0.338842975,0.085365853,0.109756097,0.3852459,0.26639344,0.34836066,0.14692257,542,969,1511,"sa599252"
"Juan Perez","CIN","AAA",24,407,0.307971014,1.30927835,0.194244604,0.456834532,0.348920863,0.226804123,0.06185567,0.45263158,0.21754386,0.32982456,0.10716634,552,969,1521,"sa599306"
"Ronnier Mustelier","ATL","AAA",31,469,0.319034852,2.56321839,0.164420485,0.601078167,0.234501347,0.183908045,0.057471264,0.32453826,0.24802111,0.42744063,0.05625374,636,1035,1671,"sa601536"
"Yhoxian Medina","CLE","AAA",26,243,0.285714285,1.307692307,0.202127659,0.452127659,0.34574468,0.23076923,0.046153846,0.53571429,0.18367347,0.28061224,0.08765859,256,611,867,"sa602515"
"Pat Cantwell","TEX","AAA",26,202,0.355555555,1.096153846,0.180451127,0.428571428,0.390977443,0.211538461,0,0.42962963,0.23703704,0.33333333,0.12244898,230,505,735,"sa602546"
"Preston Beck","TEX","AAA",25,132,0.3125,1.305555555,0.135416666,0.489583333,0.375,0.305555555,0.027777777,0.45918367,0.2755102,0.26530612,0.06496063,185,323,508,"sa621361"
"Danny Hayes","CHW","AAA",25,217,0.292682926,0.75,0.251908396,0.320610687,0.427480916,0.339285714,0.178571428,0.44776119,0.26119403,0.29104478,0.1006865,373,501,874,"sa621374"
"Evan Marzilli","ARI","AAA",25,78,0.29787234,1.4375,0.152173913,0.5,0.347826086,0.125,0,0.22916667,0.3125,0.45833333,0.10032362,121,188,309,"sa621523"
"Kyle Wren","MIL","AAA",25,320,0.413636363,2.314814814,0.159624413,0.58685446,0.253521126,0.092592592,0.018518518,0.34070796,0.23451327,0.42477876,0.04761905,486,774,1260,"sa621577"
"Adam Brett Walker","MIN","AAA",24,531,0.34765625,0.782258064,0.210714285,0.346428571,0.442857142,0.258064516,0.217741935,0.48763251,0.25088339,0.2614841,0.21845574,758,1366,2124,"sa621791"
"Jeff McVaney","DET","AAA",26,150,0.330097087,1,0.227722772,0.386138613,0.386138613,0.153846153,0.025641025,0.46666667,0.3047619,0.22857143,0.08121827,225,366,591,"sa658125"
"Bijan Rademacher","CHC","AAA",25,81,0.333333333,1,0.206896551,0.396551724,0.396551724,0.217391304,0.04347826,0.45762712,0.25423729,0.28813559,0.07006369,124,190,314,"sa658233"
"Dario Pizzano","SEA","AAA",25,268,0.299516908,1.31081081,0.181818181,0.464114832,0.354066985,0.216216216,0.027027027,0.34449761,0.31100478,0.34449761,0.07763023,340,639,979,"sa658253"
"Parker Morin","KCR","AAA",24,263,0.25,1.375,0.19879518,0.463855421,0.337349397,0.267857142,0.017857142,0.39306358,0.24277457,0.36416185,0.12820513,361,653,1014,"sa658263"
"Matt Juengel","MIA","AAA",26,431,0.299674267,1.008,0.200636942,0.401273885,0.398089171,0.24,0.088,0.55031447,0.21698113,0.2327044,0.08531383,612,1029,1641,"sa658579"
"Kyle Johnson","NYM","AAA",26,84,0.305084745,1.2,0.24137931,0.413793103,0.344827586,0.2,0.05,0.53333333,0.23333333,0.23333333,0.08955224,120,215,335,"sa658623"
"Angel Rosa","LAA","AAA",23,161,0.260416666,0.930232558,0.161616161,0.404040404,0.434343434,0.325581395,0.093023255,0.41584158,0.25742574,0.32673267,0.15951973,187,396,583,"sa707769"
"Cael Brockmeyer","CHC","AAA",24,98,0.333333333,1.35,0.229508196,0.44262295,0.327868852,0.25,0.05,0.3442623,0.2295082,0.42622951,0.15324675,123,262,385,"sa708438"
"Jon Kemmer","HOU","AAA",25,452,0.342205323,1.07070707,0.251824817,0.386861313,0.361313868,0.141414141,0.181818181,0.37010676,0.30604982,0.32384342,0.1452087,595,1106,1701,"sa738208"
"Jantzen Witte","BOS","AAA",26,395,0.302013422,1.726190476,0.215753424,0.496575342,0.287671232,0.297619047,0.023809523,0.42192691,0.21262458,0.3654485,0.05099502,621,987,1608,"sa738324"
"Zach Shank","SEA","AAA",25,312,0.351111111,1.24,0.253333333,0.413333333,0.333333333,0.346666666,0.04,0.43478261,0.2173913,0.34782609,0.07177814,451,775,1226,"sa738403"
"Casey Gillaspie","TBR","AAA",23,203,0.358208955,1.318181818,0.271428571,0.414285714,0.314285714,0.272727272,0.159090909,0.4964539,0.26950355,0.23404255,0.10427136,327,469,796,"sa827177"
"Auston Bousfield","SDP","AAA",22,116,0.277777777,0.714285714,0.166666666,0.347222222,0.486111111,0.142857142,0.028571428,0.35616438,0.30136986,0.34246575,0.11568627,187,323,510,"sa827356"
"Nicholas Torres","SDP","AAA",23,138,0.382022471,0.813953488,0.170212765,0.372340425,0.457446808,0.209302325,0.139534883,0.375,0.23958333,0.38541667,0.18181818,165,330,495,"sa828872"
"Jake Peter","CHW","AAA",23,250,0.311475409,1.592592592,0.217877094,0.480446927,0.301675977,0.148148148,0.037037037,0.30107527,0.2688172,0.43010753,0.08603352,327,568,895,"sa829115"
"Dayron Varona","TBR","AAA",28,463,0.267692307,1.125,0.185628742,0.431137724,0.383233532,0.3203125,0.109375,0.47058824,0.22941176,0.3,0.11526856,551,1106,1657,"sa872082"
"Tim Arakawa","LAA","AAA",23,57,0.23076923,3,0.157894736,0.631578947,0.210526315,0.125,0,0.5,0.225,0.275,0.07522124,88,138,226,"sa875387"
"Alejandro Garcia","HOU","AAA",25,67,0.413793103,2.307692307,0.245614035,0.526315789,0.228070175,0.307692307,0,0.4137931,0.15517241,0.43103448,0.08108108,56,129,185,"sa880808"