"player_id","player_name","team_name","start_year","end_year","key_target_base","runs_prevented_on_running_attr","n_pitcher_cs_aa","n_init","rate_sbx","n_sb","n_cs","n_pk","n_bk","n_fb","n_plus","n_minus","net_attr_plus","net_attr_minus","r_primary_lead","r_secondary_lead","r_sec_minus_prim_lead","r_primary_lead_sbx","r_secondary_lead_sbx","r_sec_minus_prim_lead_sbx"
445276,"Jansen, Kenley","LAD",2019,2019,"All",-1.217835752250792,-0.813609214054708,388,0.02577319587628866,10,0,0,2,0,12,0,-7.690354027420252,0.7116334516294618,"11.953311377","17.778212575","5.824901198","12.7269","28.1509","15.424"
571437,"Altherr, Aaron","NYM",2019,2019,"All",-0.0004180109420548652,,6,0,0,0,0,0,0,0,0,0.005942445289725698,-0.00357000000000001,"17.086333333","19.495166667","2.408833333",,,
453172,"Hughes, Jared","PHI",2019,2019,"All",-0.011537152776090645,0.21642409125803108,343,0.008746355685131196,1,2,0,0,0,1,2,0.4836990560256732,-0.24061547551383122,"11.838161905","16.570419048","4.732257143","14.161333333","25.125333333","10.964"
595191,"Eickhoff, Jerad","PHI",2019,2019,"All",0.03282579251885309,-0.694590004597293,294,0.013605442176870748,2,2,1,0,0,2,3,-1.5266152169629412,0.7514418575809823,"11.562110294","17.004202206","5.442091912","11.5665","25.904","14.3375"
592612,"Osich, Josh","CWS",2019,2019,"All",-0.12986335655545292,-0.15162252520990538,334,0.005988023952095809,2,0,0,0,0,2,0,1.0478477014347989,-0.7542953263164732,"11.591197531","14.291688272","2.700490741","13.372","29.1445","15.7725"
592454,"Kahnle, Tommy","NYY",2019,2019,"All",-0.041185959267517225,-0.16868584129950004,333,0.006006006006006006,2,0,0,0,0,2,0,0.8016924671667512,-0.44783211711303933,"12.113775701","16.858875389","4.745099688","10.885","24.4165","13.5315"
622259,"Wingenter, Trey","SD",2019,2019,"All",-0.630185542982963,-0.7442816290903009,268,0.018656716417910446,4,1,0,0,0,4,1,-2.4627693298690856,-0.30584817113143775,"12.036871212","17.095992424","5.059121212","11.9184","25.2586","13.3402"
579328,"Kikuchi, Yusei","SEA",2019,2019,"All",0.06119270816608119,0.6214017622300174,982,0.007128309572301426,6,1,0,1,0,7,1,1.7683388810289493,-0.6499445956437969,"11.548989842","14.320837472","2.77184763","11.160714286","20.532285714","9.371571429"
519008,"McFarland, T.J.","AZ",2019,2019,"All",-0.16873958672759576,-0.22072693874242527,424,0.009433962264150943,2,2,0,0,0,2,2,-0.23739644638832824,-0.26946732766651277,"11.958559459","14.351075676","2.392516216","11.8015","23.28975","11.48825"
621289,"Schultz, Jaime","LAD",2019,2019,"All",0.015387146373801815,,34,0,0,0,0,0,0,0,0,0.3258757318690093,-0.11064000000000003,"12.721588235","15.837970588","3.116382353",,,
621261,"Oswalt, Corey","NYM",2019,2019,"All",0.009406558258332766,,42,0,0,0,0,0,0,0,0,0.3225452912916637,-0.12245000000000004,"11.56025641","15.087512821","3.52725641",,,
608717,"Stratton, Chris","PIT",2019,2019,"All",0.30221456051214174,0.3345008877838611,506,0.007905138339920948,2,2,0,0,0,2,2,1.5030316120752905,0.0035738624379629824,"11.620559036","15.644872289","4.024313253","11.65675","22.2825","10.62575"
641438,"Carle, Shane","ATL",2019,2019,"All",0.007941821215387583,,89,0,0,0,0,0,0,0,0,0.4889891060769379,-0.19968000000000014,"12.1183375","16.498975","4.3806375",,,
527054,"Teheran, Julio","ATL",2019,2019,"All",0.21742454716816623,0.03242481771928396,1078,0.014842300556586271,13,3,1,0,0,13,4,-4.68213064265121,2.564112612663135,"11.536932099","16.022040123","4.485108025","12.618133333","25.233","12.614866667"
451584,"Davis, Wade","COL",2019,2019,"All",-0.7910479042916501,-0.7489889308613314,319,0.03761755485893417,12,0,0,0,0,12,0,-7.246959729433375,1.4629867591000438,"11.549064407","16.697376271","5.148311864","12.238583333","25.512833333","13.27425"
663776,"Sandoval, Patrick","LAA",2019,2019,"All",-0.1273580785692009,0.21996369340042182,251,0.00796812749003984,1,1,0,1,0,2,1,-0.8249685373674033,0.08363473089839929,"10.895296748","13.560638211","2.665341463","13.4785","25.793","12.3145"
502239,"Cahill, Trevor","LAA",2019,2019,"All",-0.8460588928173032,-0.8176463717884507,599,0.02003338898163606,11,1,0,0,0,11,1,-6.321835714645664,0.9295738891373994,"11.908570896","16.977466418","5.068895522","13.053909091","24.877818182","11.823909091"
489334,"Stammen, Craig","SD",2019,2019,"All",0.3386466657731931,0.493940899953062,440,0.004545454545454545,1,1,0,0,0,1,1,1.8031767170974324,-0.04886372810287326,"11.98405379","16.689848411","4.705794621","11.549","22.188","10.639"
543935,"Wilson, Alex","MIL",2019,2019,"All",0.3204520130634831,0.3772466015878435,57,0.017543859649122806,1,0,0,0,0,1,0,0.3509150239404032,0.5561533517231179,"11.354803571","14.917160714","3.562357143",,,
502381,"Gregerson, Luke","STL",2019,2019,"All",0.037317354633017934,0.026855191203374762,39,0.02564102564102564,0,1,0,0,0,0,1,-0.40682998368197626,0.263740780820918,"11.385060606","15.06630303","3.681242424","12.674","23.344","10.67"
491646,"Gómez, Jeanmar","TEX",2019,2019,"All",0.032679874819085096,,115,0,0,0,0,0,0,0,0,0.8822293740954255,-0.31948,"12.586205607","17.124663551","4.538457944",,,
606160,"Montero, Rafael","TEX",2019,2019,"All",0.16028611544844443,-0.06422714438343052,141,0.014184397163120567,1,1,0,0,0,1,1,-0.20214995417519516,0.4460357917410745,"11.777856061","16.392136364","4.614280303","12.896","26.302","13.406"
450212,"Neshek, Pat","PHI",2019,2019,"All",0.04182786873920935,,100,0,0,0,0,0,0,0,0,1.1727918436960474,-0.4282899999999999,"10.908646465","13.082333333","2.173686869",,,
623474,"Herget, Jimmy","CIN",2019,2019,"All",0.018235999635335585,,36,0,0,0,0,0,0,0,0,0.41396499817667803,-0.14346000000000014,"11.951228571","15.603885714","3.652657143",,,
468504,"Chacín, Jhoulys","BOS",2019,2019,"All",0.45515797016779785,0.6697809942611862,654,0.009174311926605505,5,1,0,0,0,5,1,1.2607413241436851,0.4511326785312475,"11.561019386","16.026909532","4.465890145","11.297","21.8955","10.5985"
544931,"Strasburg, Stephen","WSH",2019,2019,"All",-0.43574421829052606,-0.3433361878900985,1022,0.015655577299412915,14,2,0,0,0,14,2,-5.306312202696692,1.390040493886256,"11.474328042","15.511590476","4.037262434","11.8233125","24.4524375","12.629125"
661255,"López, Yoan","AZ",2019,2019,"All",-0.020252631067824097,0.06579671972872353,259,0.007722007722007722,2,0,0,0,0,2,0,0.37531684582707714,-0.21181333385164394,"12.438953586","16.477852321","4.038898734","12.001","26.013","14.012"
541650,"Pérez, Hernán","MIL",2019,2019,"All",0.0049145034800885876,,20,0,0,0,0,0,0,0,0,0.225992517400443,-0.08952000000000002,"10.945789474","13.234315789","2.288526316",,,
543351,"Jackson, Jay","MIL",2019,2019,"All",-0.20480727698581688,-0.11149965787829291,176,0.011363636363636364,2,0,0,0,0,2,0,-0.7262331587501262,-0.13235698941286936,"12.873341317","17.648868263","4.775526946","11.763","28.8935","17.1305"
657612,"Hill, Tim","KC",2019,2019,"All",-0.19491337848056733,-0.30911330074692067,302,0.009933774834437087,2,1,0,0,0,2,1,-0.3248254824655959,-0.2887739599721072,"11.346235714","14.287121429","2.940885714","11.804666667","27.375","15.570333333"
628317,"Maeda, Kenta","LAD",2019,2019,"All",0.04591268241680241,0.3587192005295814,791,0.008849557522123894,6,1,0,0,0,6,1,0.5396471705124256,-0.137815003745962,"10.961362517","14.538331053","3.576968536","12.175166667","22.937","10.761833333"
519141,"Pomeranz, Drew","MIL",2019,2019,"All",0.22626230725601007,0.5259647983323663,597,0.01507537688442211,7,2,0,0,0,7,2,-1.904662519972669,1.349321802778988,"11.91440636","14.398431095","2.484024735","12.216222222","23.205777778","10.989555556"
664238,"Moore, Dylan","SEA",2019,2019,"All",-0.0010595366336381942,,11,0,0,0,0,0,0,0,0,0.022287316831809,-0.01225999999999999,"11.148909091","13.65","2.501090909",,,
622251,"Staumont, Josh","KC",2019,2019,"All",0.29625198574998424,0.44611645314191606,113,0.008849557522123894,0,1,0,0,0,0,1,0.7055923687243386,0.34474113778914744,"12.636057692","16.397173077","3.761115385","10.859","17.564","6.705"
461872,"Swarzak, Anthony","ATL",2019,2019,"All",0.5516750330612844,0.6719359096336328,307,0.006514657980456026,1,1,0,0,0,1,1,1.773952297457113,0.4375212745996919,"11.681836735","15.324802721","3.642965986","10.9065","19.4575","8.551"
592804,"Thornburg, Tyler","BOS",2019,2019,"All",-0.005951169646285217,,143,0,0,0,0,0,0,0,0,0.3994316517685738,-0.19074999999999967,"13.474687943","17.154631206","3.679943262",,,
625643,"López, Reynaldo","CWS",2019,2019,"All",0.2808717310975565,-0.2005742220293918,1134,0.012345679012345678,10,4,1,0,0,10,5,-1.267426111265132,1.1874598963346314,"11.691063148","15.899622997","4.208559849","12.308428571","24.303142857","11.994714286"
595798,"Alaniz, R.J.","CIN",2019,2019,"All",-0.08000200516920837,-0.05963322611943739,118,0.025423728813559324,2,1,0,0,0,2,1,-1.3764050838138795,0.4339533590968164,"12.016954128","16.135229358","4.118275229","11.684666667","22.738333333","11.053666667"
596720,"Neverauskas, Dovydas","PIT",2019,2019,"All",0.03414105078827729,,92,0,0,0,0,0,0,0,0,0.7343752539413867,-0.25051999999999996,"12.092593023","16.152302326","4.059709302",,,
605397,"Musgrove, Joe","PIT",2019,2019,"All",2.2179574536996336,1.224953333086111,889,0.003374578177727784,1,2,3,0,0,1,5,5.140537321463168,2.6441110875711127,"11.204656827","15.162906519","3.958249692","11.936666667","18.821666667","6.885"
605538,"Wisler, Matt","SEA",2019,2019,"All",-0.07279163512613183,-0.12807670890110331,421,0.009501187648456057,3,1,0,0,0,3,1,-0.44566562040087987,0.03631441989787651,"12.354354523","16.268493888","3.914139364","12.0125","22.824","10.8115"
621368,"Hearn, Taylor","TEX",2019,2019,"All",-0.0006777167836751715,,22,0,0,0,0,0,0,0,0,0.09835641608162411,-0.045219999999999996,"12.29247619","15.129428571","2.836952381",,,
570663,"Robles, Hansel","LAA",2019,2019,"All",-0.1253693687987071,-0.03837478845326657,380,0.007894736842105263,1,2,0,0,0,1,2,0.6186339589215369,-0.5535470235178095,"11.878722714","16.340625369","4.461902655","13.737666667","25.080666667","11.343"
608328,"De Jong, Chase","MIN",2019,2019,"All",0.0013937871663786362,,16,0,0,0,0,0,0,0,0,0.11908643583189321,-0.049830000000000034,"10.8894375","14.4188125","3.529375",,,
518553,"Cishek, Steve","CHC",2019,2019,"All",0.5160589561856171,0.037246551822042395,467,0.004282655246252677,1,1,1,0,0,1,2,1.723809643102413,0.38066006125585483,"11.584789823","15.395840708","3.811050885","15.809","29.364","13.555"
517593,"Salazar, Danny","CLE",2019,2019,"All",0.0019466968162388863,,34,0,0,0,0,0,0,0,0,0.2070134840811944,-0.08768000000000013,"11.599060606","15.55169697","3.952636364",,,
518858,"Jones, Nate","CWS",2019,2019,"All",0.09768863408082512,0.08495560953648379,75,0.013333333333333334,1,0,0,0,0,1,0,-0.05046816111928698,0.23951614734373877,"12.125242857","15.838657143","3.713414286","10.224","20.094","9.87"
592865,"Williams, Taylor","MIL",2019,2019,"All",-0.012038457020636568,-0.004721965948463247,98,0.01020408163265306,1,0,0,0,0,1,0,-0.139870509748163,0.03541254428665776,"12.479752688","16.54627957","4.066526882","12.004","23.686","11.682"
657610,"Hildenberger, Trevor","MIN",2019,2019,"All",-0.1454892992311716,0.043719121063962835,116,0.02586206896551724,3,0,0,0,0,3,0,-1.5374077785336902,0.35998279216792733,"13.24004717","17.530169811","4.290122642","11.933","24.552333333","12.619333333"
621107,"Eflin, Zach","PHI",2019,2019,"All",-0.04875102917614074,-0.025609124508578496,1023,0.008797653958944282,6,3,0,0,0,6,3,0.11709452016499527,-0.1603776293536415,"11.810564444","16.636966667","4.826402222","11.665222222","23.520111111","11.854888889"
613534,"Adams, Austin","SEA",2019,2019,"All",-0.112838455552736,-0.2654372271407157,192,0.005208333333333333,1,0,0,0,0,1,0,0.22426114634546687,-0.3504237440485092,"12.858815789","16.831078947","3.972263158","12.273","25.377","13.104"
596035,"McClain, Reggie","SEA",2019,2019,"All",0.12025731997076683,0.14350491935950482,112,0.026785714285714284,2,1,0,0,0,2,1,-1.4469665086283099,0.9103347148809542,"12.307104762","16.04992381","3.742819048","11.226666667","22.357666667","11.131"
663423,"Thornton, Trent","TOR",2019,2019,"All",-0.3456681368173048,-0.3165469344087445,982,0.007128309572301426,4,3,0,0,0,4,3,1.6808132723241123,-1.5151795361825036,"11.66378913","15.829832609","4.166043478","11.797","21.279142857","9.482142857"
607215,"Skoglund, Eric","KC",2019,2019,"All",-0.4310812796907869,-0.4409638793858821,137,0.021897810218978103,3,0,0,0,0,3,0,-2.0755030140176323,-0.035512615305021686,"12.081574803","15.138330709","3.056755906","14.689","28.659","13.97"
641571,"Fillmyer, Heath","KC",2019,2019,"All",0.18418742112631975,0.24167716736892764,191,0.005235602094240838,1,0,0,0,0,1,0,1.0341331011930155,-0.050309331360629254,"11.814312139","15.568936416","3.754624277","10.905","19.972","9.067"
450172,"Volquez, Edinson","TEX",2019,2019,"All",-0.12140863877835237,-0.18314703075352473,130,0.007692307692307693,1,0,0,0,0,1,0,0.1768386484635164,-0.3483919299356789,"11.349690476","16.636166667","5.28647619","12.367","26.645","14.278"
605164,"Bundy, Dylan","BAL",2019,2019,"All",-0.7093883348944915,-0.6364245919004223,1006,0.009940357852882704,8,2,0,1,0,9,2,-2.1297535669144585,-0.629861381136888,"12.066580611","16.235989463","4.169408851","11.856","24.0106","12.1546"
623149,"Sewald, Paul","NYM",2019,2019,"All",0.05308469208775016,,112,0,0,0,0,0,0,0,0,0.9426059604387509,-0.30097000000000007,"11.876972973","15.276936937","3.399963964",,,
641835,"Mayza, Tim","TOR",2019,2019,"All",-0.4309334277604939,-0.36872879449017437,309,0.009708737864077669,3,0,0,0,0,3,0,-0.43086507165932797,-0.7661342520636178,"11.318067114","15.156449664","3.83838255","14.777666667","36.052333333","21.274666667"
664062,"Gonsolin, Tony","LAD",2019,2019,"All",-0.14088019487721073,-0.05267699449965954,209,0.019138755980861243,4,0,0,0,0,4,0,-1.5818656625573955,0.38998430585393007,"12.21661658","17.699227979","5.482611399","11.55375","22.845","11.29125"
621249,"Underwood Jr., Duane","CHC",2019,2019,"All",0.15635745230737666,0.36113598097830657,111,0.036036036036036036,4,0,0,0,0,4,0,-1.7001269237255334,1.10307297122774,"12.412150943","16.996632075","4.584481132","11.0755","22.35525","11.27975"
642003,"Reed, Cody","CIN",2019,2019,"All",0.011831024889722111,,53,0,0,0,0,0,0,0,0,0.41033512444861103,-0.15608000000000005,"11.306791667","13.97225","2.665458333",,,
664180,"Hall, Matt","DET",2019,2019,"All",-0.10616029178417534,-0.1444697422674119,233,0.004291845493562232,1,0,0,0,0,1,0,0.9861798478328392,-0.6742139141127642,"10.754031674","13.126941176","2.372909502","12.284","20.069","7.785"
576397,"Gyorko, Jedd","LAD",2019,2019,"All",0.000010727580372250429,,4,0,0,0,0,0,0,0,0,0.0009536379018612521,-0.0004,"10.4575","10.7775","0.32",,,
573185,"Straily, Dan","BAL",2019,2019,"All",0.03758009571779946,,425,0,0,0,0,0,0,0,0,2.602510478589004,-1.0731600000000001,"11.043647059","15.199746803","4.156099744",,,
543532,"Melville, Tim","COL",2019,2019,"All",0.4523028542100473,0.5276004952970181,175,0.011428571428571429,2,0,0,0,0,2,0,0.1206055077166316,0.9515150059260523,"11.893852941","16.191017647","4.297164706","10.827","19.7965","8.9695"
467100,"Nova, Iván","CWS",2019,2019,"All",-0.23556955143487204,-0.19216461542109647,1085,0.011059907834101382,9,3,0,0,0,9,3,0.10582960439909639,-0.5705232718104156,"11.63873161","16.546233598","4.907501988","12.405","24.133083333","11.728083333"
501593,"Avilán, Luis","NYM",2019,2019,"All",-0.26777255792940735,-0.3587611965780739,258,0.007751937984496124,2,0,0,0,0,2,0,0.05272815065926459,-0.6184848623583563,"11.004544715","13.163821138","2.159276423","11.3225","32.421","21.0985"
453281,"LeBlanc, Wade","SEA",2019,2019,"All",0.01919428590654744,-0.20012758335579922,622,0.003215434083601286,2,0,0,0,0,2,0,3.6320157859455255,-1.5715752695167928,"11.422446309","14.043848993","2.621402685","11.2845","21.6095","10.325"
607644,"Means, John","BAL",2019,2019,"All",0.21198746067211088,,898,0,0,0,0,0,0,0,0,7.03872730336056,-2.65724,"11.55860984","13.130265446","1.571655606",,,
612434,"Castro, Miguel","BAL",2019,2019,"All",-1.6702545292245423,-1.7692711984518035,507,0.029585798816568046,14,1,0,2,0,16,1,-11.320762479609302,1.3197732593273725,"12.40612115","17.434476386","5.028355236","12.0716","26.2264","14.1548"
456501,"Cueto, Johnny","SF",2019,2019,"All",0.11478572268832844,0.038431941067081976,94,0.010638297872340425,1,0,0,0,0,1,0,0.3272276388742746,0.1096448775854969,"11.331590909","15.011897727","3.680306818","10.251","24.646","14.395"
621592,"Jiménez, Eduardo","DET",2019,2019,"All",0.03308533496653302,,83,0,0,0,0,0,0,0,0,0.6251016748326653,-0.20429999999999987,"12.432851852","16.434555556","4.001703704",,,
607625,"Lugo, Seth","NYM",2019,2019,"All",0.3195606034951356,0.36159036855600085,396,0.010101010101010102,3,1,0,0,0,3,1,0.6619747927971587,0.4159236554126761,"11.011902235","15.248349162","4.236446927","10.19725","21.73675","11.5395"
623454,"Anderson, Drew","PHI",2019,2019,"All",-0.004593553407712822,,35,0,0,0,0,0,0,0,0,0.10829723296143592,-0.05834000000000004,"12.433676471","15.802264706","3.368588235",,,
593372,"Martinez, Carlos","STL",2019,2019,"All",0.048929694021646444,,265,0,0,0,0,0,0,0,0,1.948370970108233,-0.7572099999999999,"11.762867424","15.421284091","3.658416667",,,
605452,"Ross, Joe","WSH",2019,2019,"All",0.08555320502610064,,404,0,0,0,0,0,0,0,0,2.8274810251305036,-1.0665400000000005,"11.965516043","16.336692513","4.371176471",,,
670329,"Garcia, Rico","COL",2019,2019,"All",-0.0025803305408567115,,39,0,0,0,0,0,0,0,0,0.14612834729571644,-0.07068000000000005,"10.477216216","14.615675676","4.138459459",,,
488984,"Hunter, Tommy","PHI",2019,2019,"All",0.0017374789462522543,,23,0,0,0,0,0,0,0,0,0.17160989473126131,-0.07241000000000003,"9.110130435","11.287956522","2.177826087",,,
607231,"Gant, John","STL",2019,2019,"All",0.14276629088989135,0.13175023397945734,419,0.002386634844868735,1,0,0,0,0,1,0,2.005893794188313,-0.5742499287728249,"11.554498721","15.500624041","3.94612532","11.79","18.547","6.757"
501985,"Minor, Mike","TEX",2019,2019,"All",0.3999382638428124,-0.09982559569812223,1142,0.010507880910683012,10,2,1,0,0,10,3,0.4722856387330653,0.6788469691026677,"11.496703256","14.10132","2.604616744","12.117416667","25.69725","13.579833333"
502748,"Peacock, Brad","HOU",2019,2019,"All",-0.4585211928048674,-0.5766986424504318,490,0.012244897959183673,5,1,0,0,0,5,1,-0.9658505810861158,-0.5896690590836523,"12.014654506","16.191042918","4.176388412","11.278666667","22.630166667","11.3515"
666200,"Luzardo, Jesús","OAK",2019,2019,"All",0.015831632814207505,,46,0,0,0,0,0,0,0,0,0.40520566407103753,-0.1449100000000001,"12.062565217","14.648521739","2.585956522",,,
663567,"Lambert, Peter","COL",2019,2019,"All",1.2775916701684644,0.5701706138192653,612,0.0032679738562091504,2,0,2,0,0,2,2,2.2843869972813087,1.823809490471567,"11.458773684","15.306312281","3.847538596","11.253","20.138","8.885"
621242,"Díaz, Edwin","NYM",2019,2019,"All",-0.7609398077479956,-0.6458331128481305,356,0.02247191011235955,8,0,0,0,0,8,0,-4.43593567047146,0.28054961410288365,"11.505164671","16.456586826","4.951422156","12.4345","26.604125","14.169625"
622766,"Díaz, Miguel","SD",2019,2019,"All",-0.0009975280872853028,,61,0,0,0,0,0,0,0,0,0.22435485956357365,-0.10193000000000006,"11.8237","15.517216667","3.693516667",,,
671790,"Bolaños, Ronald","SD",2019,2019,"All",0.0018778878898750165,,150,0,0,0,0,0,0,0,0,0.6577269394493753,-0.2881499999999998,"11.628924658","15.062013699","3.433089041",,,
453214,"Wright, Steven","BOS",2019,2019,"All",-0.0020662363642930505,,54,0,0,0,0,0,0,0,0,0.28572381817853476,-0.13158000000000017,"13.104","16.206071429","3.102071429",,,
605347,"López, Jorge","KC",2019,2019,"All",0.35346706819649,0.10444020685527786,735,0.006802721088435374,4,1,1,0,0,4,2,1.3114479193461897,0.20261663183833944,"11.638317852","15.916962264","4.278644412","12.4222","23.6882","11.266"
606303,"Payamps, Joel","AZ",2019,2019,"All",-0.11468062328451076,-0.10402504462219574,30,0.03333333333333333,1,0,0,0,0,1,0,-0.5718691618508227,-0.0006817575874361673,"11.980724138","17.361586207","5.380862069","12.939","25.323","12.384"
543089,"Davis, Taylor","CHC",2019,2019,"All",-0.00018216337942616307,,3,0,0,0,0,0,0,0,0,0.006356683102869178,-0.003229999999999997,"10.923666667","12.566","1.642333333",,,
594798,"deGrom, Jacob","NYM",2019,2019,"All",-0.8185093557899611,0.10035927570815716,1060,0.02358490566037736,22,3,0,0,0,22,3,-11.018011731164826,3.0779844232066806,"11.926464886","16.595086053","4.668621167","12.2234","24.62484","12.40144"
552640,"Kittredge, Andrew","TB",2019,2019,"All",0.23944461885425106,0.35647330878606737,252,0.007936507936507936,1,1,0,0,0,1,1,0.842828377415316,0.1575087630470841,"11.917075","16.09455","4.177475","11.5845","20.616","9.0315"
502522,"Miller, Justin","WSH",2019,2019,"All",0.29984158026442553,0.5925570550808995,67,0.04477611940298507,0,3,0,0,0,0,3,-0.874785236009358,1.0551080610362158,"11.021526316","16.295649123","5.274122807","10.824333333","20.81","9.985666667"
669270,"Kuhnel, Joel","CIN",2019,2019,"All",-0.04063241807197674,0.02439736978161075,58,0.017241379310344827,1,0,0,0,0,1,0,-0.18299735410780657,-0.008962105000923187,"10.794425926","14.745148148","3.950722222","11.589","21.091","9.502"
640462,"Puk, A.J.","OAK",2019,2019,"All",0.00910462733217686,-0.009190157491370032,71,0.028169014084507043,2,0,0,0,0,2,0,-0.8697931216792489,0.40680722592894775,"12.187710145","15.350608696","3.162898551","11.6255","22.6995","11.074"
623430,"Dull, Ryan","TOR",2019,2019,"All",0.004351181019915423,,147,0,0,0,0,0,0,0,0,0.559753405099577,-0.2391099999999996,"13.12424812","16.081834586","2.957586466",,,
622446,"Rodriguez, Jefry","CLE",2019,2019,"All",0.1425728080780544,-0.26945555856062414,264,0.011363636363636364,3,0,1,0,0,3,1,-0.8729391340804372,0.7048014108758722,"13.25573494","17.782995984","4.527261044","14.168333333","26.418","12.249666667"
500724,"Ramírez, JC","LAA",2019,2019,"All",-0.06423900200958556,-0.12037703416158968,46,0.021739130434782608,1,0,0,0,0,1,0,-0.5268673290883354,0.0914099195735141,"12.704488372","17.357162791","4.652674419","13.278","26.916","13.638"
605479,"Smith, Josh D.","MIA",2019,2019,"All",0.022988749420200447,,166,0,0,0,0,0,0,0,0,0.8815187471010013,-0.34069999999999956,"12.09929375","15.599025","3.49973125",,,
435079,"Kinsler, Ian","SD",2019,2019,"All",0.0009750797394409839,,4,0,0,0,0,0,0,0,0,0.034440398697204916,-0.013139999999999999,"9.723","12.1275","2.4045",,,
643290,"Dunn, Justin","SEA",2019,2019,"All",-0.20863502038337106,-0.24557951092155741,53,0.05660377358490566,3,0,0,0,0,3,0,-1.928220462403085,0.39335349354943533,"11.796877551","17.012387755","5.215510204","13.261666667","29.752333333","16.490666667"
523260,"Kelly, Joe","LAD",2019,2019,"All",-0.2659535052172473,-0.4403588441701862,392,0.00510204081632653,2,0,0,0,0,2,0,0.5097341034456736,-0.8175562797919604,"11.219269841","15.232455026","4.013185185","10.9165","28.188","17.2715"
591741,"Osuna, José","PIT",2019,2019,"All",0.0012696958974789212,,8,0,0,0,0,0,0,0,0,0.048580979487394635,-0.018770000000000016,"14.92975","18.35375","3.424",,,
607455,"Banda, Anthony","TB",2019,2019,"All",-0.000023785882799273316,,14,0,0,0,0,0,0,0,0,0.04371107058600364,-0.019480000000000004,"12.402571429","14.915071429","2.5125",,,
664871,"Dowdy, Kyle","TEX",2019,2019,"All",0.3159355683378205,0.5826388843317786,201,0.009950248756218905,2,0,0,0,0,2,0,0.8600589709513231,0.3198306092167915,"11.761299465","15.567294118","3.805994652","13.655","19.1335","5.4785"
572888,"Greene, Shane","ATL",2019,2019,"All",0.09821498137003937,0.14492787333900728,295,0.006779661016949152,2,0,0,0,0,2,0,1.0649959325508331,-0.2550760114225043,"12.050782313","15.579319728","3.528537415","11.228","20.9825","9.7545"
621199,"Bowman, Matt","CIN",2019,2019,"All",-0.38307525405267995,-0.5048132019650361,205,0.014634146341463415,3,0,0,0,0,3,0,-1.4118987958146314,-0.2237677664216751,"11.700858696","16.251695652","4.550836957","11.2805","26.964","15.6835"
670970,"Morejon, Adrian","SD",2019,2019,"All",0.012529657370639654,,80,0,0,0,0,0,0,0,0,0.27711828685319834,-0.09532000000000003,"12.586873418","15.371468354","2.784594937",,,
472551,"Abad, Fernando","SF",2019,2019,"All",-0.19128052105071944,-0.11338301109364225,62,0.016129032258064516,1,0,0,0,0,1,0,-0.6295384501002159,-0.14527295784594704,"10.724557377","13.395114754","2.670557377","17.581","34.557","16.976"
519326,"Strickland, Hunter","WSH",2019,2019,"All",-0.10763101970121493,-0.04660647776232024,142,0.028169014084507043,3,1,0,0,0,3,1,-1.9621705772392144,0.6328957683258403,"12.971661765","17.670044118","4.698382353","11.47675","22.905","11.42825"
595465,"Winkler, Dan","ATL",2019,2019,"All",0.4172512990597008,0.481318132168477,117,0.008547008547008548,0,1,0,0,0,0,1,1.1575944878531064,0.41273866997573194,"12.079636364","15.134418182","3.054781818","10.051","17.215","7.164"
502171,"Cobb, Alex","BAL",2019,2019,"All",0.03963132601339049,0.051887309371684676,65,0.015384615384615385,0,1,0,0,0,0,1,-0.29963071987887274,0.2212388221981445,"11.869584615","15.609830769","3.740246154","11.803","20.661","8.858"
605359,"Marshall, Evan","CWS",2019,2019,"All",0.527896362293055,0.7593829463828852,296,0.010135135135135136,2,1,0,0,0,2,1,1.3675279516732473,0.5653128265742332,"11.61193633","15.130157303","3.518220974","10.983666667","19.071","8.087333333"
642701,"Santana, Dennis","LAD",2019,2019,"All",0.0027114865828582174,,46,0,0,0,0,0,0,0,0,0.3005674329142912,-0.12756,"10.807714286","14.378761905","3.571047619",,,
504379,"Nicasio, Juan","PHI",2019,2019,"All",-0.616391129389355,-0.7042804624152825,328,0.012195121951219513,4,0,0,1,0,5,0,-2.5574766441471337,-0.2331017790220523,"12.087","16.791737705","4.704737705","11.47","26.07775","14.60775"
672773,"Luciano, Elvis","TOR",2019,2019,"All",0.11660238156959966,0.05255596450930794,309,0.006472491909385114,2,0,0,0,0,2,0,1.1782460363820466,-0.2645485015706878,"12.344861017","16.503922034","4.159061017","14.089","30.7775","16.6885"
501992,"Karns, Nate","BAL",2019,2019,"All",0.032764580998876525,0.026470425367903394,47,0.02127659574468085,0,1,0,0,0,0,1,-0.4445906287228725,0.27040601498544675,"12.569673913","18.243608696","5.673934783","11.794","24.202","12.408"
592879,"Wojciechowski, Asher","BAL",2019,2019,"All",0.07807126480007084,0.0631356535554187,488,0.006147540983606557,3,0,0,0,0,3,0,2.0988477102606677,-0.7593295050045834,"11.887403846","16.143277778","4.255873932","11.45","21.853333333","10.403333333"
573668,"Minaya, Juan","CWS",2019,2019,"All",0.036730844742544615,,181,0,0,0,0,0,0,0,0,1.115536723712723,-0.4141700000000003,"12.311508571","17.073325714","4.761817143",,,
660494,"Armenteros, Rogelio","HOU",2019,2019,"All",0.01542993203742097,,118,0,0,0,0,0,0,0,0,0.6463096601871046,-0.25296,"12.969643478","17.646330435","4.676686957",,,
453178,"Kennedy, Ian","KC",2019,2019,"All",0.25505419092251813,0.27431467576050816,448,0.004464285714285714,1,1,0,0,0,1,1,2.251710738723147,-0.4339732373824698,"11.468399072","15.14462413","3.676225058","11.642","21.794","10.152"
573127,"Rosscup, Zac","LAD",2019,2019,"All",-0.0987946466150046,-0.19560498587564343,168,0.005952380952380952,1,0,0,0,0,1,0,0.556723849847824,-0.46697648129904273,"10.699704225","13.460253521","2.760549296","10.547","23.83","13.283"
656725,"McRae, Alex","PIT",2019,2019,"All",-0.04908564952170666,-0.05415701138859583,217,0.004608294930875576,1,0,0,0,0,1,0,0.6311094875595361,-0.38957232674136455,"11.173333333","15.538156863","4.364823529","10.609","23.04","12.431"
621366,"Borucki, Ryan","TOR",2019,2019,"All",0.009770101295439098,,67,0,0,0,0,0,0,0,0,0.4754280064771955,-0.18959000000000006,"12.155285714","15.408603175","3.25331746",,,
605469,"Shepherd, Chandler","BAL",2019,2019,"All",0.012468594216776652,,63,0,0,0,0,0,0,0,0,0.39064047108388333,-0.14591000000000004,"11.769225806","14.308225806","2.539",,,
664285,"Valdez, Framber","HOU",2019,2019,"All",-0.8492918750642809,-0.7269000687612839,418,0.014354066985645933,6,0,0,1,0,7,0,-2.8030330671043497,-0.6415228036520241,"12.147238462","14.745289744","2.598051282","12.691","27.564833333","14.873833333"
467055,"Sandoval, Pablo","SF",2019,2019,"All",0.00408945112781955,,6,0,0,0,0,0,0,0,0,0.11076225563909783,-0.04014000000000002,"10.430166667","12.873","2.442833333",,,
608379,"Wacha, Michael","STL",2019,2019,"All",0.8923000850930074,-0.38079028674539844,780,0.008974358974358974,4,3,2,0,0,4,5,1.5418615880192266,1.2976172610870271,"11.240875714","15.552147143","4.311271429","11.474142857","23.061428571","11.587285714"
630023,"Chirinos, Yonny","TB",2019,2019,"All",0.1631038493332992,0.983431783440646,572,0.013986013986013986,4,4,0,1,0,5,4,-2.4817381054170244,1.4654477120371254,"11.737336414","15.642804067","3.905467652","12.68125","23.7895","11.10825"
621114,"Burr, Ryan","CWS",2019,2019,"All",0.015557306951914667,,132,0,0,0,0,0,0,0,0,0.6903265347595738,-0.27224000000000026,"12.305896825","17.056960317","4.751063492",,,
663978,"Paddack, Chris","SD",2019,2019,"All",0.35467781178479885,0.35383371559904925,637,0.0015698587127158557,0,1,0,0,0,0,1,4.468674878629524,-1.1979048087580053,"11.352956747","15.373228374","4.020271626","10.508","18.447","7.939"
670950,"Richards, Trevor","TB",2019,2019,"All",1.0449048598151178,1.4407612429239587,770,0.00909090909090909,3,4,0,0,0,3,4,2.0184299667763375,1.4249308143552268,"11.307918338","15.760224928","4.45230659","11.764285714","23.362571429","11.598285714"
519076,"Nelson, Jimmy","MIL",2019,2019,"All",0.014336060000880573,,138,0,0,0,0,0,0,0,0,0.7193878000044027,-0.2878700000000002,"11.866858209","15.901328358","4.034470149",,,
542960,"Brach, Brad","NYM",2019,2019,"All",0.22221159073977675,0.16310687801924814,294,0.01020408163265306,2,1,0,0,0,2,1,-0.1266186520433954,0.5500784914410133,"12.115070922","16.659184397","4.544113475","11.973","25.152666667","13.179666667"
572125,"Selman, Sam","SF",2019,2019,"All",0.025356307983350455,,63,0,0,0,0,0,0,0,0,0.7633290399167522,-0.28291,"10.159047619","12.225492063","2.066444444",,,
657097,"Webb, Jacob","ATL",2019,2019,"All",0.020039205355399742,,203,0,0,0,0,0,0,0,0,1.3412510267769986,-0.5515800000000002,"11.832415385","15.782517949","3.950102564",,,
592426,"Jackson, Luke","ATL",2019,2019,"All",0.22083216446486725,0.631327294454041,474,0.012658227848101266,5,1,0,0,0,5,1,-0.0530202948350027,0.5143027187374847,"11.917178414","15.777878855","3.860700441","13.907","24.978666667","11.071666667"
598271,"Johnson, Brian","BOS",2019,2019,"All",-0.1770902076022241,-0.20343873369244714,339,0.0058997050147492625,2,0,0,0,0,2,0,0.4111446098711508,-0.5762647323921191,"12.238095847","15.36157508","3.123479233","12.8905","28.6105","15.72"
572021,"Pazos, James","COL",2019,2019,"All",-0.1221562899490427,-0.2763154007763683,47,0.02127659574468085,1,0,0,0,0,1,0,-0.5170603397472694,-0.04165382666575303,"10.987326087","12.412347826","1.425021739","10.088","25.236","15.148"
672335,"Pérez, Cionel","HOU",2019,2019,"All",-0.00034953439716963407,,36,0,0,0,0,0,0,0,0,0.19366482801415186,-0.08685000000000002,"11.430424242","13.197212121","1.766787879",,,
456701,"Bailey, Homer","OAK",2019,2019,"All",1.0593344126546886,0.4304706280915558,924,0.006493506493506494,3,3,1,0,0,3,4,3.027319022633174,1.0086013513956775,"10.983440095","15.255124555","4.27168446","10.694666667","22.381833333","11.687166667"
664208,"Maton, Phil","CLE",2019,2019,"All",0.031048404880352175,,218,0,0,0,0,0,0,0,0,1.3508920244017613,-0.5314000000000003,"12.504800948","16.579473934","4.074672986",,,
554340,"García, Yimi","LAD",2019,2019,"All",-0.2309591791287544,-0.22555858139495788,221,0.00904977375565611,2,0,0,0,0,2,0,-0.12296828702273777,-0.4585900482760154,"11.228191388","15.474","4.245808612","12.7995","25.9805","13.181"
615698,"Quantrill, Cal","SD",2019,2019,"All",0.28256921866720464,-0.588620603188771,612,0.016339869281045753,10,0,2,0,0,10,2,-3.866888637423419,2.346548769226419,"11.630585841","16.12920531","4.498619469","11.6642","24.6804","13.0162"
594311,"Gustave, Jandel","SF",2019,2019,"All",0.04269353599353217,,113,0,0,0,0,0,0,0,0,1.1137601799676604,-0.4001300000000002,"11.953028846","15.381173077","3.428144231",,,
642121,"Sulser, Cole","TB",2019,2019,"All",0.004528952143293096,,21,0,0,0,0,0,0,0,0,0.14799226071646537,-0.05571,"10.76665","14.40365","3.637",,,
571863,"Koch, Matt","AZ",2019,2019,"All",-0.09091521396101138,-0.15902666107278687,131,0.007633587786259542,1,0,0,0,0,1,0,-0.09290395904285544,-0.16074316033875582,"12.379112903","16.418314516","4.039201613","12.678","27.403","14.725"
571656,"Farmer, Buck","DET",2019,2019,"All",0.09258139973093242,0.22653835657903065,438,0.01141552511415525,4,1,0,0,0,4,1,-0.5914477854815064,0.4686021262827424,"11.551990408","15.804479616","4.252489209","10.7424","22.5478","11.8054"
643338,"Green, Chad","NYY",2019,2019,"All",-0.03180581656871881,0.08697183138637624,452,0.015486725663716814,5,2,0,0,0,5,2,-2.2181672186022863,0.9151725047816415,"12.043189448","17.118870504","5.075681055","11.983","25.397285714","13.414285714"
642008,"Rhame, Jacob","NYM",2019,2019,"All",-0.0028980750748734034,,69,0,0,0,0,0,0,0,0,0.2905646246256333,-0.1355800000000001,"11.698602941","15.078514706","3.379911765",,,
554430,"Wheeler, Zack","NYM",2019,2019,"All",-0.3029757289415551,-0.2592069767077534,1057,0.005676442762535478,5,1,0,0,0,5,1,3.116198670891926,-2.0582565847109766,"11.642427419","15.865154234","4.222726815","12.319166667","25.0985","12.779333333"
622795,"Méndez, Yohander","TEX",2019,2019,"All",0.00247808242391358,,25,0,0,0,0,0,0,0,0,0.1534204121195679,-0.06268,"11.639666667","14.298095238","2.658428571",,,
621056,"Wood, Hunter","CLE",2019,2019,"All",0.05730484986825501,,263,0.0038022813688212928,1,0,0,0,0,1,0,1.3706302725011206,-0.4818248991821544,"12.178104651","15.442286822","3.264182171","14.131","23.213","9.082"
544365,"Bañuelos, Manny","CWS",2019,2019,"All",0.5021035297453063,0.2556638212125095,286,0.013986013986013986,2,2,1,0,0,2,3,-0.49013104811409747,1.3336216430402814,"12.139696296","14.801411111","2.661714815","11.21675","22.65775","11.441"
641154,"López, Pablo","MIA",2019,2019,"All",0.16523030665961286,0.5604970106166903,615,0.004878048780487805,1,2,0,1,0,2,2,0.963102147053123,-0.06086693944669197,"11.460629433","15.539351064","4.078721631","12.844666667","21.937333333","9.092666667"
488748,"Buchter, Ryan","OAK",2019,2019,"All",-0.49429501571243456,-0.3060306345062829,328,0.01524390243902439,3,2,0,0,0,3,2,-1.858421997523728,-0.2724680360170827,"12.273386986","15.608342466","3.334955479","15.4688","31.4464","15.9776"
650813,"Escobar, Luis","PIT",2019,2019,"All",-0.19785376367555635,-0.25860942127296205,66,0.015151515151515152,1,0,0,0,0,1,0,-0.751681597353769,-0.10559432045511633,"13.040507937","17.338460317","4.297952381","19.569","43.028","23.459"
592254,"De León, José","TB",2019,2019,"All",0.013841612094814111,,32,0,0,0,0,0,0,0,0,0.23402056047407047,-0.07325000000000004,"13.6401875","17.12271875","3.48253125",,,
425772,"Mathis, Jeff","TEX",2019,2019,"All",0.029502378368725476,,19,0,0,0,0,0,0,0,0,0.48840939184362747,-0.15151000000000006,"12.798315789","14.536","1.737684211",,,
642545,"Barria, Jaime","LAA",2019,2019,"All",0.37086159325707324,-0.14187811627423344,451,0.0022172949002217295,1,0,1,0,0,1,1,2.7955289194633313,-0.4183204236346468,"11.676083135","15.800382423","4.124299287","14.163","27.214","13.051"
572403,"VerHagen, Drew","DET",2019,2019,"All",-0.863570843113694,-1.0021762037445714,360,0.022222222222222223,6,2,0,0,0,6,2,-3.8710293603558608,-0.19858882453893645,"11.619739521","16.300502994","4.680763473","12.325625","26.162375","13.83675"
622663,"Severino, Luis","NYY",2019,2019,"All",-0.03964303818010213,0.185307907691702,86,0.03488372093023256,3,0,0,0,0,3,0,-1.3438873531260689,0.5091876276558033,"11.896111111","15.828246914","3.932135802","16.138333333","26.882","10.743666667"
607481,"Bummer, Aaron","CWS",2019,2019,"All",0.049842939299363516,0.003143204263976518,390,0.002564102564102564,1,0,0,0,0,1,0,2.4393970425400227,-0.9734143760192009,"11.611625974","14.394516883","2.782890909","12.052","21.979","9.927"
606424,"García, Jarlín","MIA",2019,2019,"All",0.0420673899717734,-0.09257620933992727,231,0.004329004329004329,1,0,0,0,0,1,0,1.2525733772738123,-0.4632161899621982,"11.521666667","13.515529412","1.993862745","11.614","24.138","12.524"
642547,"Peralta, Freddy","MIL",2019,2019,"All",-0.016858100390270723,-0.12620824662246702,633,0.007898894154818325,4,1,0,0,0,4,1,0.9941509555888831,-0.4793073144623269,"11.499136134","16.431951261","4.932815126","11.9028","23.7744","11.8716"
641793,"Littell, Zack","MIN",2019,2019,"All",0.4924620332906049,0.007782000955592422,205,0.00975609756097561,2,0,1,0,0,2,1,0.7913580688295141,0.7426453767215602,"11.824502857","16.110205714","4.285702857","10.8485","23.3425","12.494"
642607,"Agrazal, Dario","PIT",2019,2019,"All",-0.039786251000687875,0.12455885270650906,385,0.012987012987012988,3,2,0,0,0,3,2,-0.30517483975565984,0.04721937100098779,"11.638698895","15.572961326","3.934262431","12.0168","26.0652","14.0484"
594795,"Dayton, Grant","ATL",2019,2019,"All",0.002612458103766976,,61,0,0,0,0,0,0,0,0,0.24501479051883507,-0.10308999999999999,"11.009114754","13.753754098","2.744639344",,,
453284,"Parker, Blake","PHI",2019,2019,"All",-0.2749289923393369,-0.3624398644920383,363,0.008264462809917356,1,2,0,0,0,1,2,-0.021475266472280048,-0.6014087534330622,"12.011769461","15.891814371","3.88004491","11.603333333","23.086","11.482666667"
446321,"Detwiler, Ross","CWS",2019,2019,"All",-0.5973302959287144,-0.6334436744833878,332,0.018072289156626505,3,3,0,0,0,3,3,-2.271841462039051,-0.31769334115755976,"11.19054902","13.404388889","2.213839869","12.297166667","26.365666667","14.0685"
605513,"Turnbull, Spencer","DET",2019,2019,"All",-0.008658434025526907,0.5179004804057208,945,0.012698412698412698,8,4,0,0,0,8,4,-2.0519415624909505,0.8927330632725926,"11.539799557","15.950836102","4.411036545","12.716166667","23.43325","10.717083333"
668665,"Nogosek, Stephen","NYM",2019,2019,"All",0.054925820466236654,,66,0,0,0,0,0,0,0,0,0.7550716023311833,-0.21353000000000008,"12.019257576","15.918287879","3.899030303",,,
605525,"Wendelken, J.B.","OAK",2019,2019,"All",0.19103012330988206,0.32347706570900364,174,0.005747126436781609,1,0,0,0,0,1,0,0.5307539596045847,0.18862073641992289,"12.48804","15.98272","3.49468","12.152","20.575","8.423"
641712,"Hudson, Dakota","STL",2019,2019,"All",0.3844647312787408,0.6165220537522358,897,0.004459308807134894,3,1,0,0,0,3,1,3.4593327720771176,-0.6831151625259586,"11.415152927","15.575113501","4.159960573","11.4985","20.42875","8.93025"
605155,"Brewer, Colten","BOS",2019,2019,"All",-0.03459936488237081,-0.5683578880717187,460,0.013043478260869565,6,0,1,0,0,6,1,-1.735642555078329,0.6945092136295392,"12.31164891","16.439012107","4.127363196","11.875833333","24.899166667","13.023333333"
500779,"Quintana, Jose","CHC",2019,2019,"All",-0.04747106713184708,-0.5387345077047603,983,0.008138351983723296,6,2,1,0,0,6,3,-0.3208851154161587,0.037124346558634946,"11.571865566","14.637313679","3.065448113","13.120428571","27.284428571","14.164"
452657,"Lester, Jon","CHC",2019,2019,"All",-0.6364072635418333,-0.429552274331813,1021,0.011753183153770812,7,5,0,0,0,7,5,-2.8092967682995713,-0.1656620219598187,"12.902099214","16.343560904","3.44146169","14.405166667","24.0685","9.663333333"
435043,"Duke, Zach","CIN",2019,2019,"All",-0.5508880191308578,-0.47517680503968185,184,0.016304347826086956,3,0,0,0,0,3,0,-1.7960988067107577,-0.42592946175268326,"11.583588235","14.182164706","2.598576471","13.835333333","27.53","13.694666667"
592351,"Gray, Jon","COL",2019,2019,"All",-0.4058002418468907,-0.21134929790197282,829,0.014475271411338963,6,6,0,0,0,6,6,-3.77982916707921,0.7781457590421164,"11.240281782","16.127081258","4.886799476","11.889545455","24.743181818","12.853636364"
645801,"Ford, Mike","NYY",2019,2019,"All",0.014582364032010417,,17,0,0,0,0,0,0,0,0,0.2579068201600521,-0.08222000000000002,"14.010941176","15.653882353","1.642941176",,,
608334,"Fulmer, Carson","CWS",2019,2019,"All",-0.08687830021261353,0.0125602766616274,220,0.013636363636363636,3,0,0,0,0,3,0,-1.078163117863627,0.28612071857802734,"11.336047619","15.526804762","4.190757143","10.820666667","23.768333333","12.947666667"
518397,"Alexander, Scott","LAD",2019,2019,"All",-0.00042294202628849877,,60,0,0,0,0,0,0,0,0,0.2423477898685576,-0.10865000000000002,"10.825272727","13.548763636","2.723490909",,,
434671,"Sánchez, Aníbal","WSH",2019,2019,"All",-0.5683716367117848,-0.9928274969047017,974,0.011293634496919919,11,0,2,2,0,13,2,-5.495744578792105,1.17950506454808,"11.22552125","16.4689925","5.24347125","11.931909091","27.711363636","15.779454545"
605240,"Fry, Jace","CWS",2019,2019,"All",0.09728710243554116,-0.00024247727181014866,424,0.0023584905660377358,1,0,0,0,0,1,0,2.701480568260959,-0.9844644693703337,"11.201596939","13.743408163","2.541811224","12.113","22.603","10.49"
605200,"Davies, Zach","MIL",2019,2019,"All",-0.2766643822192921,0.3284919282768079,873,0.016036655211912942,9,5,0,0,0,9,5,-3.4612545261658374,0.9235256066975004,"11.297730861","15.751334928","4.453604067","12.031571429","23.650928571","11.619357143"
656970,"Smeltzer, Devin","MIN",2019,2019,"All",0.6519522165876502,0.32048912678339453,247,0.004048582995951417,1,0,1,0,0,1,1,1.2563821187922994,0.8903906507315353,"12.388846491","14.196925439","1.808078947","18.322","29.587","11.265"
643511,"Rogers, Tyler","SF",2019,2019,"All",0.03165081869170064,,130,0,0,0,0,0,0,0,0,1.2759415934585032,-0.49675,"11.696196721","14.942713115","3.246516393",,,
621295,"Wittgren, Nick","CLE",2019,2019,"All",0.07348842946052683,,306,0,0,0,0,0,0,0,0,2.5345071473026355,-0.9631400000000006,"11.43585473","15.144885135","3.709030405",,,
623433,"Anderson, Nick","TB",2019,2019,"All",-0.050372408248515806,0.14495545205637134,332,0.006024096385542169,1,1,0,0,0,1,1,0.9435996102973567,-0.531316289573306,"11.840060703","15.273980831","3.433920128","15.3115","25.8985","10.587"
622075,"Almonte, Yency","COL",2019,2019,"All",0.0942241691636781,0.23821752648840228,224,0.013392857142857142,2,1,0,0,0,2,1,-0.3086777587298905,0.3465771575770141,"11.249125604","15.320975845","4.071850242","11.840333333","20.803666667","8.963333333"
477569,"Salas, Fernando","PHI",2019,2019,"All",0.0031357800116428615,,39,0,0,0,0,0,0,0,0,0.25595640005821474,-0.10678999999999997,"11.7162","15.364885714","3.648685714",,,
592836,"Walker, Taijuan","AZ",2019,2019,"All",0.0033357956204379535,,8,0,0,0,0,0,0,0,0,0.039898978102189744,-0.010319999999999992,"15.805125","18.362125","2.557",,,
621345,"Minter, A.J.","ATL",2019,2019,"All",0.00009002266588537672,-0.011044671729546207,218,0.009174311926605505,2,0,0,0,0,2,0,0.03373463700968815,-0.014793121635671896,"11.599893939","14.791323232","3.191429293","10.434","23.7495","13.3155"
596001,"Junis, Jakob","KC",2019,2019,"All",-0.5779069495109184,-0.7565468654691792,1088,0.01011029411764706,10,1,0,0,0,10,1,-0.0035674901115005375,-1.2826521144191503,"11.726191383","16.140611222","4.41441984","12.883090909","24.803818182","11.920727273"
553878,"Vázquez, Felipe","PIT",2019,2019,"All",0.07764942902116043,0.008527072982570938,328,0.003048780487804878,1,0,0,0,0,1,0,1.514960410698397,-0.5007614513744861,"11.129421053","13.307213622","2.17779257","11.925","22.342","10.417"
605177,"Chafin, Andrew","AZ",2019,2019,"All",0.14459252891474403,0.09469529281219563,350,0.002857142857142857,1,0,0,0,0,1,0,2.1475348318867455,-0.633143194361345,"12.022753943","14.506097792","2.483343849","9.96","22.728","12.768"
547888,"Tanaka, Masahiro","NYY",2019,2019,"All",1.0307631279416227,1.5542678066662794,961,0.005202913631633715,1,4,0,0,0,1,4,4.675897559412928,0.21240803568675345,"11.588076023","15.52637076","3.938294737","11.5132","17.3378","5.8246"
641627,"Gott, Trevor","SF",2019,2019,"All",0.223798564306325,0.5331262451252043,336,0.01488095238095238,3,2,0,0,0,3,2,-0.4927339057042812,0.7163229898826258,"11.633299663","16.375622896","4.742323232","10.2704","21.8986","11.6282"
621002,"Robertson, Daniel","TB",2019,2019,"All",-0.0008326973180076643,,4,0,0,0,0,0,0,0,0,0.011046513409961722,-0.0067600000000000195,"15.26775","16.61275","1.345",,,
434378,"Verlander, Justin","HOU",2019,2019,"All",0.4636473976372842,0.662770148662053,883,0.010192525481313703,6,3,0,0,0,6,3,0.3957997476156142,0.8544165513648044,"11.51993947","15.938533417","4.418593947","11.039111111","21.625111111","10.586"
572383,"Moran, Brian","MIA",2019,2019,"All",0.02329250786204292,,48,0,0,0,0,0,0,0,0,0.49131253931021446,-0.16659999999999997,"10.833073171","12.941243902","2.108170732",,,
657277,"Webb, Logan","SF",2019,2019,"All",0.03254038363694579,0.09367437404312673,241,0.008298755186721992,2,0,0,0,0,2,0,0.0654018714482272,0.04324446521622312,"11.417030568","16.027393013","4.610362445","12.5045","22.8325","10.328"
622786,"Tinoco, Jesus","COL",2019,2019,"All",-0.1097932417191584,0.20637073155826177,213,0.023474178403755867,2,3,0,0,0,2,3,-2.6189582711267354,0.9199964722359736,"11.493697115","15.986504808","4.492807692","11.8564","24.7368","12.8804"
621385,"Stumpf, Daniel","DET",2019,2019,"All",0.2251522031774011,0.4243620559835676,205,0.014634146341463415,2,1,0,0,0,2,1,-0.6767805959223483,0.8011296052486023,"11.606","14.241842105","2.635842105","10.323666667","21.438666667","11.115"
543169,"Flynn, Brian","KC",2019,2019,"All",-0.3709990152562459,-0.24763092063739198,248,0.008064516129032258,2,0,0,1,0,3,0,-1.1729532761880934,-0.30312968893028286,"12.419719298","15.421434211","3.001714912","11.674","24.627","12.953"
626929,"Thorpe, Lewis","MIN",2019,2019,"All",-0.06967840520739582,-0.13086751045396028,187,0.0053475935828877,1,0,0,0,0,1,0,0.8411347669986529,-0.5286785746825029,"10.879375","13.129340909","2.249965909","12.732","25.978","13.246"
446481,"Rodríguez, Sean","PHI",2019,2019,"All",-0.00044148860882210436,,2,0,0,0,0,0,0,0,0,0.0062975569558894814,-0.0037800000000000012,"8.9015","12.654","3.7525",,,
642546,"Hernández, Jonathan","TEX",2019,2019,"All",0.014096265883705158,,139,0,0,0,0,0,0,0,0,0.8750363294185247,-0.35758,"11.34375","14.830345588","3.486595588",,,
668683,"Walker, Jeremy","ATL",2019,2019,"All",0.04570328798244703,0.04776054076879743,64,0.015625,0,1,0,0,0,0,1,-0.2231702659108477,0.2007496470324815,"13.675864407","16.963338983","3.287474576","11.455","22.202","10.747"
623364,"Wieck, Brad","CHC",2019,2019,"All",-0.028268110093353886,-0.07598017672118884,205,0.004878048780487805,1,0,0,0,0,1,0,0.5214243293775839,-0.29456216881971226,"12.675949495","15.521929293","2.845979798","12.201","26.06","13.859"
622492,"Mella, Keury","CIN",2019,2019,"All",0.002779902073868912,,10,0,0,0,0,0,0,0,0,0.11049201036934458,-0.04293000000000004,"11.6858","15.2487","3.5629",,,
598264,"Barnes, Matt","BOS",2019,2019,"All",-0.3646140803965448,-0.2629701613860662,535,0.011214953271028037,5,1,0,0,0,5,1,-1.5677982064161196,-0.11345430914070986,"11.7725","16.646811983","4.874311983","11.854","25.113166667","13.259166667"
571760,"Heaney, Andrew","LAA",2019,2019,"All",0.008080952677191087,-0.11867353128829058,573,0.005235602094240838,3,0,0,0,0,3,0,1.6359697153919122,-0.7091399786693142,"11.764736162","14.372158672","2.607422509","11.335666667","22.126333333","10.790666667"
595881,"Beede, Tyler","SF",2019,2019,"All",-0.1203330538413967,-0.003984860061725576,682,0.005865102639296188,2,2,0,0,0,2,2,1.068297668615204,-0.7422057501431935,"11.306715397","15.648634526","4.341919129","11.4675","22.1815","10.714"
592094,"Adam, Jason","TOR",2019,2019,"All",-0.0419406151461991,0.06206125188574374,145,0.006896551724137931,1,0,0,0,0,1,0,0.17084179908701225,-0.1691310554746696,"11.507851852","16.058274074","4.550422222","14.735","32.361","17.626"
664042,"Lakins Sr., Travis","BOS",2019,2019,"All",0.03272194304849422,0.05305746893310481,129,0.007751937984496124,0,1,0,0,0,0,1,0.2618442740993417,-0.043659803936387055,"12.375304","16.28292","3.907616","12.565","22.992","10.427"
657571,"Ferguson, Caleb","LAD",2019,2019,"All",-0.10159000697917768,-0.15928748843611462,268,0.0037313432835820895,1,0,0,0,0,1,0,0.870050678041726,-0.6124447613056065,"11.691521401","14.591747082","2.900225681","12.619","26.187","13.568"
605135,"Bassitt, Chris","OAK",2019,2019,"All",0.6370038488259252,0.9189736861705988,879,0.010238907849829351,7,2,0,0,0,7,2,-0.11237063824457383,1.4655066143885338,"11.821637028","16.324533496","4.502896468","12.470111111","24.094777778","11.624666667"
664157,"Bergen, Travis","SF",2019,2019,"All",-0.07217599251148964,-0.06926051068124503,124,0.008064516129032258,1,0,0,0,0,1,0,-0.00014545909207593077,-0.16032644598460996,"12.796791304","16.328234783","3.531443478","11.846","19.478","7.632"
657766,"St. John, Locke","TEX",2019,2019,"All",0.03563484641452528,,74,0,0,0,0,0,0,0,0,0.8306742320726265,-0.29000000000000037,"11.40575","13.226046875","1.820296875",,,
630263,"Bourque, James","WSH",2019,2019,"All",0.006647225297561946,,18,0,0,0,0,0,0,0,0,0.14326112648780967,-0.0489,"16.915833333","20.223111111","3.307277778",,,
656794,"Newcomb, Sean","ATL",2019,2019,"All",0.2504634660215986,0.24398728782887572,365,0.005479452054794521,2,0,0,0,0,2,0,1.8941637289746691,-0.28526506616296743,"11.378333333","13.942471751","2.564138418","11.2095","22.534","11.3245"
607536,"Freeland, Kyle","COL",2019,2019,"All",0.11959426033117691,-0.10157801127055369,653,0.0030627871362940277,1,1,0,0,0,1,1,3.781550115077806,-1.4149239170764096,"11.046632258","13.784804839","2.738172581","10.5735","23.867","13.2935"
519455,"Zimmermann, Jordan","DET",2019,2019,"All",-0.7781809025501456,-0.7026902268033508,679,0.01914580265095729,10,3,0,0,0,10,3,-5.519007475287168,0.7236013166828698,"11.72782439","16.760705691","5.032881301","12.005384615","23.937769231","11.932384615"
570240,"Peña, Félix","LAA",2019,2019,"All",0.10279790225087533,-0.22104913457530304,572,0.013986013986013986,5,3,1,0,0,5,4,-2.56735614119049,1.3694869566421686,"12.122726236","16.673313688","4.550587452","12.1355","24.280625","12.145125"
607200,"Fedde, Erick","WSH",2019,2019,"All",-0.28218341167622635,0.09930676064925228,468,0.019230769230769232,6,3,0,0,0,6,3,-4.043029997101618,1.169827972764661,"12.118897436","16.824363636","4.7054662","12.326666667","25.137","12.810333333"
488671,"Avila, Alex","AZ",2019,2019,"All",-0.0008091464542840559,,6,0,0,0,0,0,0,0,0,0.011614267728579765,-0.00696000000000002,"11.963166667","13.913333333","1.950166667",,,
640451,"Harvey, Hunter","BAL",2019,2019,"All",0.004028568186565891,,27,0,0,0,0,0,0,0,0,0.2016728409328295,-0.08068000000000004,"13.674777778","17.434222222","3.759444444",,,
650382,"Hernández, Darwinzon","BOS",2019,2019,"All",0.02827559432596497,,236,0,0,0,0,0,0,0,0,1.392827971629826,-0.5562000000000004,"11.454","14.08512","2.63112",,,
608371,"Sims, Lucas","CIN",2019,2019,"All",0.19772424668903701,0.38655115569958226,254,0.015748031496062992,3,1,0,0,0,3,1,-0.8212730930880022,0.8043974784591956,"11.295419913","15.06947619","3.774056277","12.303","23.606","11.303"
656605,"Keller, Mitch","PIT",2019,2019,"All",0.5314828501389988,0.7635151188009084,313,0.012779552715654952,1,3,0,0,0,1,3,0.138256223062945,1.11962579005869,"10.963434457","15.617157303","4.653722846","11.175","20.010333333","8.835333333"
676606,"Margevicius, Nick","SD",2019,2019,"All",-0.7550505948909645,-0.7534907318490012,321,0.01557632398753894,5,0,0,0,0,5,0,-2.414023421702081,-0.6049909123345503,"12.357003509","15.435849123","3.078845614","12.706","27.7272","15.0212"
621058,"Moore, Andrew","SEA",2019,2019,"All",0.06327377204666464,0.06487421681585404,20,0.05,0,1,0,0,0,0,1,-0.3217935042539186,0.28362771754988525,"11.463111111","15.705777778","4.242666667","9.997","21.015","11.018"
457915,"Guerra, Javy","WSH",2019,2019,"All",-0.12897106565334737,-0.09548097086013896,388,0.002577319587628866,1,0,0,0,0,1,0,1.4898443873195175,-0.9487554291494483,"12.27810084","15.335238095","3.057137255","14.753","28.636","13.883"
605483,"Snell, Blake","TB",2019,2019,"All",-1.928882643841739,-2.010250808548919,666,0.024024024024024024,12,4,0,1,0,13,4,-9.689082157704371,0.019852861553636164,"12.325104132","15.640219835","3.315115702","12.650875","25.6914375","13.0405625"
670426,"Diehl, Phillip","COL",2019,2019,"All",0.027974961018927956,,56,0,0,0,0,0,0,0,0,0.47003980509464,-0.14674000000000012,"12.954115385","16.504269231","3.550153846",,,
657585,"Garrett, Reed","DET",2019,2019,"All",0.288743305767447,0.5287241851077349,122,0.01639344262295082,1,1,0,0,0,1,1,0.1309536647710457,0.583450161807196,"12.784626087","17.073452174","4.288826087","11.4535","22.6415","11.188"
532077,"Osuna, Roberto","HOU",2019,2019,"All",0.11374994970878707,0.08897851900249698,282,0.0035460992907801418,1,0,0,0,0,1,0,1.5385402438308544,-0.4310179979052969,"11.209243728","15.652569892","4.443326165","10.317","21.296","10.979"
434778,"Morales, Kendrys","NYY",2019,2019,"All",0.0069913951479975,,12,0,0,0,0,0,0,0,0,0.07392697573998747,-0.017319999999999988,"14.878","18.318333333","3.440333333",,,
628452,"Iglesias, Raisel","CIN",2019,2019,"All",0.7494695405179572,0.3196460763045839,327,0.0030581039755351682,0,1,1,0,0,0,2,2.462821540916822,0.5709005162990943,"12.177465986","15.339680272","3.162214286","10.595","16.395","5.8"
641816,"Mahle, Tyler","CIN",2019,2019,"All",0.3851430136147773,0.7806335394694757,711,0.0028129395218002813,0,2,0,1,0,1,2,3.0670796648394685,-0.5072731541180353,"11.168002981","14.528436662","3.360433681","12.6775","18.323","5.6455"
425844,"Greinke, Zack","HOU",2019,2019,"All",0.46950517066231434,0.7612089946185839,889,0.0044994375703037125,2,2,0,0,0,2,2,2.4558914994446512,-0.0481625093924786,"11.140003501","14.926184364","3.786180863","10.471","18.928","8.457"
605130,"Barlow, Scott","KC",2019,2019,"All",0.12143622244882583,-0.23585431315606395,523,0.015296367112810707,7,1,1,1,0,8,2,-2.7902632080464156,1.5099752534624655,"11.816483589","16.557207877","4.740724289","12.061125","24.631375","12.57025"
592473,"Kolarek, Adam","LAD",2019,2019,"All",0.048936164087521924,,282,0,0,0,0,0,0,0,0,1.8123683204376102,-0.6967499999999988,"12.280141791","15.13294403","2.852802239",,,
519381,"Venditte, Pat","SF",2019,2019,"All",-0.003487590844490266,,24,0,0,0,0,0,0,0,0,0.07409204577754876,-0.04068000000000006,"9.449272727","13.123636364","3.674363636",,,
592390,"Hembree, Heath","BOS",2019,2019,"All",-0.5512736493835447,-0.6974630481952677,242,0.01652892561983471,3,1,0,0,0,3,1,-2.4699150337526223,-0.12731253918448882,"12.057839827","16.786385281","4.728545455","12.4615","30.49175","18.03025"
658305,"García, Edgar","PHI",2019,2019,"All",0.06117135876596299,0.1413668423340361,229,0.013100436681222707,1,2,0,0,0,1,2,-0.5190052166746533,0.36660533800198675,"12.230584906","15.918396226","3.687811321","11.893666667","23.788333333","11.894666667"
606167,"Mejía, Adalberto","LAA",2019,2019,"All",0.015692341493824757,,228,0,0,0,0,0,0,0,0,1.335896707469127,-0.5588599999999996,"11.154556561","13.458502262","2.303945701",,,
605121,"Anderson, Justin","LAA",2019,2019,"All",0.5624824545374298,0.36086475984229294,346,0.005780346820809248,1,1,1,0,0,1,2,0.577897525097106,0.9931176655955738,"12.942237179","17.133820513","4.191583333","12.766","24.105","11.339"
458006,"Albers, Matt","MIL",2019,2019,"All",-0.35817101238606275,-0.25612663526693613,371,0.01078167115902965,3,1,0,0,0,3,1,-0.9426756013910188,-0.37696864912857503,"12.222006116","17.088990826","4.866984709","12.69425","26.5545","13.86025"
656354,"Davis, Austin","PHI",2019,2019,"All",-0.29641032799270484,-0.2454906513290403,181,0.011049723756906077,2,0,0,0,0,2,0,-0.7555951661594836,-0.3228695439129077,"11.086317647","13.639282353","2.552964706","15.18","32.8345","17.6545"
621363,"Poche, Colin","TB",2019,2019,"All",-0.7868729092287192,-0.8676513812004603,315,0.015873015873015872,5,0,0,0,0,5,0,-2.330980398343082,-0.7126151768002288,"11.884828283","15.078905724","3.194077441","13.1332","30.8918","17.7586"
543734,"Rusin, Chris","COL",2019,2019,"All",0.0006347725793537589,,10,0,0,0,0,0,0,0,0,0.029498862896768792,-0.011699999999999999,"13.3249","16.3071","2.9822",,,
621350,"Frare, Caleb","CWS",2019,2019,"All",0.0008944483970723371,,12,0,0,0,0,0,0,0,0,0.13047224198536173,-0.05600000000000001,"10.989090909","11.633","0.643909091",,,
643603,"White, Tyler","LAD",2019,2019,"All",0.007751470401547685,,41,0,0,0,0,0,0,0,0,0.32743235200773835,-0.12829999999999997,"11.260948718","14.056564103","2.795615385",,,
677976,"Dobnak, Randy","MIN",2019,2019,"All",-0.3481002814095658,0.1154755943757336,181,0.016574585635359115,2,1,0,1,0,3,1,-1.7580222404986015,0.007787037089232153,"11.663263158","14.501467836","2.838204678","12.742333333","24.824666667","12.082333333"
593140,"Feliz, Michael","PIT",2019,2019,"All",-0.3151941298236079,-0.2306940994636957,410,0.00975609756097561,3,1,0,0,0,3,1,-0.4335700724438811,-0.507733589632959,"11.717468031","16.21214578","4.494677749","13.49475","26.537","13.04225"
606273,"Elías, Roenis","WSH",2019,2019,"All",-0.04445070727922695,-0.4684474038111339,295,0.010169491525423728,3,0,1,0,0,3,1,-1.1565774699342246,0.4152550815724927,"11.674128302","14.4998","2.825671698","11.198666667","21.926666667","10.728"
669214,"Menez, Conner","SF",2019,2019,"All",0.2913867007789517,0.2584961148171669,93,0.010752688172043012,1,0,0,0,0,1,0,0.8433156383897011,0.2727190513355832,"12.449411765","15.601082353","3.151670588","9.574","20.672","11.098"
460283,"Blevins, Jerry","ATL",2019,2019,"All",-0.2227549856885491,-0.5344756673520967,186,0.021505376344086023,4,0,0,0,0,4,0,-2.0298076384000834,0.40712564886993025,"11.714987952","14.760439759","3.045451807","12.7025","29.179","16.4765"
656977,"Sobotka, Chad","ATL",2019,2019,"All",0.10516913423373281,-0.011531026785760679,256,0.0234375,6,0,0,0,0,6,0,-1.719515806928292,0.9979384347097621,"11.718840336","15.786932773","4.068092437","13.027166667","23.366833333","10.339666667"
669456,"Bieber, Shane","CLE",2019,2019,"All",1.1047148014599504,0.6844349626894353,954,0.009433962264150943,6,3,2,0,0,6,5,1.1678932741766364,1.9358581036102758,"11.4335","15.851353468","4.417853468","11.738333333","22.719","10.980666667"
605182,"Clevinger, Mike","CLE",2019,2019,"All",0.13985860843295,-0.14390593366868434,674,0.017804154302670624,7,5,1,0,0,7,6,-4.815604133532517,2.4510654114210104,"11.30648986","15.918449298","4.611959438","12.443","25.32725","12.88425"
596451,"Quinn, Roman","PHI",2019,2019,"All",0.005728619799702744,,39,0,0,0,0,0,0,0,0,0.18839309899851384,-0.07100000000000002,"11.173764706","15.802705882","4.628941176",,,
445213,"Kintzler, Brandon","CHC",2019,2019,"All",0.3533012876444343,-0.273448256705385,335,0.0029850746268656717,1,0,1,0,0,1,1,1.7665093699053052,-0.0000013029702815026134,"11.830090032","15.555614148","3.725524116","10.425","30.167","19.742"
622774,"Fernández, José Manuel","DET",2019,2019,"All",-0.27648098682695316,-0.2956157555031249,36,0.05555555555555555,2,0,0,0,0,2,0,-1.550502931826521,0.07471022119633614,"12.022030303","16.665151515","4.643121212","10.2705","26.736","16.4655"
596057,"Norris, Daniel","DET",2019,2019,"All",-0.1185129340781717,0.6215333224907824,812,0.013546798029556651,8,3,0,0,0,8,3,-1.1756475988080375,0.25914796818541774,"11.306468286","13.678337382","2.371869096","13.861909091","25.842","11.980090909"
607352,"Biagini, Joe","HOU",2019,2019,"All",-0.21089581358530032,-0.342360348049256,368,0.008152173913043478,2,1,0,0,0,2,1,0.08273347257624075,-0.5054277957789945,"12.288794721","16.856460411","4.567665689","11.957666667","25.917","13.959333333"
572020,"Paxton, James","NYY",2019,2019,"All",0.3385920541537746,0.7515947868071673,905,0.008839779005524863,5,3,0,0,0,5,3,1.9499584667914471,-0.11422142045447692,"11.885123288","14.319342466","2.434219178","12.85975","23.58375","10.724"
453329,"Buchholz, Clay","TOR",2019,2019,"All",-0.05467389013596935,0.05139413395947187,418,0.009569377990430622,3,1,0,0,0,3,1,-0.23182921453408872,-0.018462327175888305,"11.944328042","15.837722222","3.89339418","12.1445","21.0945","8.95"
606299,"Peraza, José","CIN",2019,2019,"All",-0.001138246085011188,,8,0,0,0,0,0,0,0,0,0.06792876957494412,-0.03272000000000003,"8.43","11.329","2.899",,,
656546,"Hoffman, Jeff","COL",2019,2019,"All",-0.5354131044949061,-0.4775831631799733,414,0.016908212560386472,6,1,0,0,0,6,1,-3.126284493725043,0.1996528761113409,"11.787871391","16.464338583","4.676467192","12.743285714","24.494857143","11.751571429"
542881,"Anderson, Tyler","COL",2019,2019,"All",0.20920974341841564,,160,0.00625,1,0,0,0,0,1,0,0.4383978242585126,0.2700670634815847,"10.883905405","12.697662162","1.813756757","11.97","32.755","20.785"
516969,"Herrera, Kelvin","CWS",2019,2019,"All",-0.6324014022146555,-0.1912141888157014,375,0.016,5,1,0,2,0,7,1,-3.8427005400809584,0.3025304573367381,"12.385826979","17.227005865","4.841178886","13.146166667","27.546333333","14.400166667"
641778,"Lauer, Eric","SD",2019,2019,"All",0.7492874353232486,-0.4096754962685478,880,0.003409090909090909,2,1,2,0,0,2,3,3.672856737254668,0.03270241749403535,"11.443329962","13.901018963","2.457689001","11.319333333","25.575666667","14.256333333"
425794,"Wainwright, Adam","STL",2019,2019,"All",0.8816083439656093,1.2256679292607926,1057,0.007568590350047304,4,4,0,0,0,4,4,3.947550501287382,0.2046627637958558,"11.433870157","15.064050262","3.630180105","11.76225","19.728625","7.966375"
543359,"Jennings, Dan","WSH",2019,2019,"All",0.012359339135415199,,53,0,0,0,0,0,0,0,0,0.332179195677076,-0.12017000000000004,"11.302","13.5739375","2.2719375",,,
656814,"Ortiz, Luis F.","BAL",2019,2019,"All",-0.0010317680270261853,,17,0,0,0,0,0,0,0,0,0.09766615986486904,-0.04569999999999999,"11.7748125","16.4270625","4.65225",,,
501625,"Alvarez, Jose","PHI",2019,2019,"All",0.20244215707034582,0.21897523546165648,374,0.00267379679144385,0,1,0,0,0,0,1,1.8508483596590193,-0.37272781080323886,"11.44742029","14.22537971","2.77795942","10.67","19.615","8.945"
670036,"Festa, Matt","SEA",2019,2019,"All",0.021140431945078933,,128,0,0,0,0,0,0,0,0,0.6597421597253944,-0.2462400000000001,"12.837785124","16.552586777","3.714801653",,,
605521,"Warren, Art","SEA",2019,2019,"All",-0.00043562508693341644,,23,0,0,0,0,0,0,0,0,0.15322937456533303,-0.06907,"11.289","15.197130435","3.908130435",,,
642770,"Guerra, Javy","SD",2019,2019,"All",0.00027658071771882465,,29,0,0,0,0,0,0,0,0,0.13208540358859422,-0.058090000000000065,"11.82","15.583111111","3.763111111",,,
607555,"Guilbeau, Taylor","SEA",2019,2019,"All",-0.16834821446197035,-0.19422216997223302,67,0.014925373134328358,1,0,0,0,0,1,0,-0.5929955509484085,-0.11055356504953072,"11.719625","14.095921875","2.376296875","12.029","30.396","18.367"
596101,"Shafer, Justin","TOR",2019,2019,"All",0.2612853001950112,0.3138683267551671,325,0.006153846153846154,2,0,0,0,0,2,0,0.7852224388308193,0.23164624984188426,"12.561665615","15.988324921","3.426659306","11.8175","24.778","12.9605"
623470,"Newberry, Jake","KC",2019,2019,"All",0.060849212499127406,0.06054273974414881,191,0.005235602094240838,1,0,0,0,0,1,0,1.1570491389717337,-0.379023589544932,"11.743065217","15.100559783","3.357494565","11.651","17.415","5.764"
572362,"Erlin, Robbie","SD",2019,2019,"All",0.041517048345121765,,397,0,0,0,0,0,0,0,0,2.2160702417256086,-0.8926600000000003,"11.288887755","14.251451531","2.962563776",,,
571882,"Law, Derek","TOR",2019,2019,"All",-0.06327604381324743,0.12447260036999588,468,0.008547008547008548,3,1,0,0,0,3,1,-0.0077373307946964065,-0.13717461700957279,"11.655418708","15.398140312","3.742721604","11.94125","23.00525","11.064"
444468,"Rondón, Héctor","HOU",2019,2019,"All",-0.29667692639088533,-0.4185336052245682,347,0.01440922190201729,4,1,0,0,0,4,1,-1.6752303205748,0.08526475049794602,"11.59511838","16.471922118","4.876803738","10.7466","22.9766","12.23"
592169,"Brice, Austin","MIA",2019,2019,"All",-0.06654414696344012,-0.10647088557681833,267,0.003745318352059925,1,0,0,0,0,1,0,1.1225386522448622,-0.6467819498053623,"11.885510373","15.71479668","3.829286307","11.159","21.054","9.895"
607229,"Gsellman, Robert","NYM",2019,2019,"All",0.7910843626351975,1.1180653961451963,395,0.007594936708860759,3,0,0,0,0,3,0,1.4751276449224577,1.102352963668242,"11.831672131","16.335297814","4.503625683","11.659666667","22.874","11.214333333"
642578,"Rodríguez, José","LAA",2019,2019,"All",0.13830262563407394,0.21502085990018957,107,0.009345794392523364,1,0,0,0,0,1,0,0.6026871242991203,0.039478223942777675,"11.054638095","14.744009524","3.689371429","10.874","18.087","7.213"
592102,"Allen, Cody","LAA",2019,2019,"All",-0.3606026892787228,-0.40279247588293354,173,0.017341040462427744,3,0,0,0,0,3,0,-1.7583936851140511,-0.019831005013137074,"13.119527273","17.968527273","4.849","11.938666667","24.016","12.077333333"
543135,"Eovaldi, Nathan","BOS",2019,2019,"All",0.7764562837072821,0.4068845325811925,480,0.0020833333333333333,1,0,1,0,0,1,1,3.149663343577158,0.32560803331522326,"11.413244444","15.309215556","3.895971111","10.58","18.734","8.154"
657624,"James, Josh","HOU",2019,2019,"All",0.15468850884267552,0.06258094266426528,335,0.020895522388059702,5,2,0,0,0,5,2,-2.3520582595476798,1.3891114683382497,"12.431698171","16.79047561","4.358777439","11.015285714","23.691714286","12.676428571"
547943,"Ryu, Hyun Jin","LAD",2019,2019,"All",0.6062348013299285,0.051220843215313616,747,0.0013386880856760374,1,0,1,0,0,1,1,4.451757003929409,-0.6313702210132296,"11.32584466","13.550167822","2.224323162","10.809","19.195","8.386"
622554,"Domínguez, Seranthony","PHI",2019,2019,"All",0.07129155485999084,0.06896233988541958,185,0.010810810810810811,1,1,0,0,0,1,1,-0.250823166704497,0.2699026404464222,"12.111645714","16.419765714","4.30812","10.7335","23.562","12.8285"
594835,"Gonzales, Marco","SEA",2019,2019,"All",-0.2601571621632269,-0.23471539079231213,1040,0.0057692307692307696,4,2,0,0,0,4,2,2.94867836674391,-1.8886507455822399,"11.637696356","14.196432186","2.55873583","13.586333333","29.031","15.444666667"
656271,"Burke, Brock","TEX",2019,2019,"All",-0.14930578354094923,-0.16969949169972803,200,0.01,1,1,0,0,0,1,1,-0.22243431077195852,-0.23293093641457246,"11.921962963","15.36526455","3.443301587","13.4875","23.9395","10.452"
621097,"Waguespack, Jacob","TOR",2019,2019,"All",-0.10957459229074847,-0.12547435383458333,445,0.011235955056179775,3,2,0,0,0,3,2,-0.34193955169642465,-0.09152595989213892,"11.777019277","16.351098795","4.574079518","12.414","23.8228","11.4088"
605388,"Morgan, Adam","PHI",2019,2019,"All",-0.2183666668505482,-0.267954655057856,159,0.018867924528301886,1,2,0,0,0,1,2,-1.3226809433705249,0.10259893738568256,"10.991143836","13.128445205","2.13730137","11.414333333","24.806333333","13.392"
641851,"McGowin, Kyle","WSH",2019,2019,"All",0.0030151957813301256,,115,0,0,0,0,0,0,0,0,0.47094847890665065,-0.20261000000000023,"12.8131","16.084418182","3.271318182",,,
643617,"Reininger, Zac","DET",2019,2019,"All",-0.10570532755381717,-0.014553529863836318,204,0.00980392156862745,2,0,0,0,0,2,0,-0.3572619680404157,-0.0761176309905202,"12.310082051","16.135641026","3.825558974","13.809","26.812","13.003"
621244,"Berríos, José","MIN",2019,2019,"All",1.0883199010314335,0.3654023622850172,1097,0.009115770282588878,10,0,2,0,0,10,2,1.564337818851093,1.7232274161360353,"10.828753608","15.533694845","4.704941237","10.8985","22.0563","11.1578"
664192,"Lucchesi, Joey","SD",2019,2019,"All",0.05126005212266482,0.42360874135342896,885,0.007909604519774011,5,2,0,0,0,5,2,1.198671979325483,-0.41883187498317687,"11.70873913","14.09385639","2.38511726","11.849428571","21.972285714","10.122857143"
533167,"Shoemaker, Matt","TOR",2019,2019,"All",0.14035821782278132,0.0567857998847546,127,0.015748031496062992,0,2,0,0,0,0,2,-0.3520461474126204,0.46837210512290006,"11.722449153","16.645940678","4.923491525","11.453","22.1145","10.6615"
458708,"Tomlin, Josh","ATL",2019,2019,"All",0.2163468504024638,0.3261146736258316,422,0.002369668246445498,0,1,0,0,0,0,1,2.369377664624807,-0.5722859611611059,"11.701420912","13.926214477","2.224793566","10.741","17.209","6.468"
502085,"Robertson, David","PHI",2019,2019,"All",0.019004484336036884,,48,0,0,0,0,0,0,0,0,0.5569474216801847,-0.2053000000000001,"11.816658537","16.031390244","4.214731707",,,
543208,"Gaviglio, Sam","TOR",2019,2019,"All",0.5303745334219321,0.618081026445656,428,0.016355140186915886,3,4,0,0,0,3,4,-1.0360517095729882,1.6390775007478462,"11.84767","16.084675","4.237005","12.353285714","22.045857143","9.692571429"
543339,"Hudson, Daniel","WSH",2019,2019,"All",0.36085452025411535,0.14017669677221395,448,0.006696428571428571,3,0,0,0,0,3,0,1.0991054570968952,0.3134076196327492,"12.328674473","16.577903981","4.249229508","12.131","26.11","13.979"
518813,"Holland, Greg","AZ",2019,2019,"All",-0.07617886554354952,-0.11209445354785544,186,0.005376344086021506,1,0,0,0,0,1,0,0.6142590471974989,-0.44229038885122085,"12.000450867","16.193456647","4.19300578","12.268","24.204","11.936"
642073,"Sherfy, Jimmie","AZ",2019,2019,"All",-0.12595333463507924,-0.11619486271769458,131,0.015267175572519083,1,1,0,0,0,1,1,-0.5270396047289463,-0.04565647486508916,"13.478644068","17.668635593","4.189991525","10.387","22.166","11.779"
543699,"Roark, Tanner","OAK",2019,2019,"All",-0.2718238265744457,-0.1401076337329766,1074,0.006517690875232775,6,1,0,0,0,6,1,1.7115259123333164,-1.3647311312024615,"11.474874112","15.532753299","4.057879188","13.758142857","24.982142857","11.224"
608032,"Estévez, Carlos","COL",2019,2019,"All",0.05145564464604037,0.3903643893400757,496,0.004032258064516129,1,1,0,1,0,2,1,0.3932502350775278,-0.06043200526547843,"11.066505219","15.048073069","3.98156785","11.0795","20.8225","9.743"
641302,"Alexander, Tyler","DET",2019,2019,"All",0.08896835134491468,,329,0,0,0,0,0,0,0,0,2.775661756724574,-1.0359200000000002,"11.546458599","13.369366242","1.822907643",,,
543278,"Hardy, Blaine","DET",2019,2019,"All",0.12781003471764932,0.3038393541413694,208,0.004807692307692308,1,0,0,0,0,1,0,0.9503232697484099,-0.13834359829340667,"11.281203209","13.916850267","2.635647059","13.193","25.332","12.139"
606149,"Gallegos, Giovanny","STL",2019,2019,"All",0.030268836819367862,,289,0,0,0,0,0,0,0,0,1.7662816840968392,-0.717750000000001,"11.269855072","14.900057971","3.630202899",,,
657117,"Williams, Austen","WSH",2019,2019,"All",-0.16884818014931938,-0.22073893391211954,12,0.08333333333333333,1,0,0,0,0,1,0,-0.8466013172226505,0.0010490739893570097,"13.392181818","16.689181818","3.297","12.836","23.001","10.165"
572971,"Keuchel, Dallas","ATL",2019,2019,"All",0.46140527623448574,0.3215720529395714,650,0.0015384615384615385,0,1,0,0,0,0,1,5.13686265489196,-1.2577050105420144,"11.137487421","13.160213836","2.022726415","10.022","19.349","9.327"
673633,"Hirano, Yoshihisa","AZ",2019,2019,"All",0.47490008020422375,0.4597345535713202,358,0.002793296089385475,0,1,0,0,0,0,1,2.142840999281886,0.1029597341063278,"12.053612536","14.25031339","2.196700855","10.253","14.877","4.624"
675916,"Karinchak, James","CLE",2019,2019,"All",-0.08084869865890784,-0.04430209482792874,47,0.02127659574468085,1,0,0,0,0,1,0,-0.36382565840966385,-0.017963482171055936,"11.528652174","15.43423913","3.905586957","10.968","20.245","9.277"
459429,"McGee, Jake","COL",2019,2019,"All",0.010235306959853672,,186,0,0,0,0,0,0,0,0,1.2897340347992683,-0.5504700000000001,"11.349717647","14.162964706","2.813247059",,,
453385,"Richard, Clayton","TOR",2019,2019,"All",0.960720612634493,,217,0,0,0,2,0,0,0,2,1.8725505631724546,1.30269,"10.880815385","13.024774359","2.143958974",,,
593833,"Suero, Wander","WSH",2019,2019,"All",1.2173583552502556,0.4723584539311322,447,0.013422818791946308,4,2,2,1,0,5,4,-1.581383550628717,3.408077923057772,"11.472498771","16.0105086","4.538009828","11.365666667","25.697166667","14.3315"
656945,"Scott, Tanner","BAL",2019,2019,"All",-0.4175264018779455,-0.3648827476146208,209,0.019138755980861243,4,0,0,0,0,4,0,-2.4721808308306343,0.17091058730706948,"12.812228856","16.207199005","3.394970149","12.37325","25.62075","13.2475"
520980,"Báez, Pedro","LAD",2019,2019,"All",0.12866888684588462,0.0006314988341386829,404,0.007425742574257425,2,1,0,0,0,2,1,1.8407658952345578,-0.5321873160022801,"11.443231183","16.141819892","4.69858871","11.132","24.433666667","13.301666667"
547973,"Chapman, Aroldis","NYY",2019,2019,"All",-0.5307858569490007,-0.7101890629235703,461,0.008676789587852495,4,0,0,0,0,4,0,0.20975641606996753,-1.272749200362207,"11.919796209","14.959090047","3.039293839","12.22025","29.7075","17.48725"
475479,"Phelps, David","CHC",2019,2019,"All",0.07277231383745196,0.07168723655557996,276,0.0036231884057971015,0,1,0,0,0,0,1,1.4285936516398563,-0.47321425886782,"11.529771654","15.427574803","3.89780315","12.255","22.112","9.857"
501925,"Smith, Joe","HOU",2019,2019,"All",-0.2444759586584841,-0.39647188512087167,140,0.014285714285714285,2,0,0,0,0,2,0,-0.5973845644656737,-0.2777756572563322,"11.749587302","15.090246032","3.34065873","11.961","26.4595","14.4985"
640464,"Stewart, Kohl","MIN",2019,2019,"All",-0.2902133928447297,0.017634637627883448,153,0.026143790849673203,3,1,0,0,0,3,1,-2.2191847208784092,0.34138566962433836,"12.169340426","16.572950355","4.403609929","13.6155","23.53175","9.91625"
607391,"Mazza, Chris","NYM",2019,2019,"All",0.019091951327639852,,127,0,0,0,0,0,0,0,0,0.7971897566381992,-0.3118800000000002,"11.800816","15.3424","3.541584",,,
664196,"Anderson, Tanner","OAK",2019,2019,"All",0.14483400295638704,0.2172590041721193,164,0.006097560975609756,1,0,0,0,0,1,0,1.259554311031818,-0.23794857611105882,"11.20165035","14.661559441","3.459909091","10.589","17.229","6.64"
433589,"Petit, Yusmeiro","OAK",2019,2019,"All",0.36232271673155797,-0.0854581189653005,342,0.005847953216374269,2,0,1,0,0,2,1,0.4319121153899954,0.6132006525634639,"12.045065147","16.663729642","4.618664495","11.886","24.0295","12.1435"
650895,"Castillo, Diego","TB",2019,2019,"All",-0.20413096379048454,-0.21763886807826746,359,0.008356545961002786,3,0,0,0,0,3,0,-0.3554583426778516,-0.295642878344253,"12.015520349","15.767415698","3.751895349","11.699","24.476","12.777"
542947,"Bleier, Richard","BAL",2019,2019,"All",-0.19419662238966795,-0.7421557167436333,268,0.018656716417910446,5,0,1,0,0,5,1,-2.622496167578429,0.7340058025022598,"11.808538776","15.24782449","3.439285714","12.5172","31.3742","18.857"
534910,"Hahn, Jesse","KC",2019,2019,"All",-0.18884135539933383,-0.3522125473424544,39,0.02564102564102564,1,0,0,0,0,1,0,-0.6566651275564894,-0.12779628864007964,"11.212735294","16.659352941","5.446617647","19.116","42.947","23.831"
643478,"Palumbo, Joe","TEX",2019,2019,"All",0.011526085538778685,,122,0,0,0,0,0,0,0,0,0.7507429276938935,-0.30805000000000005,"11.663517241","14.456948276","2.793431034",,,
518774,"Harvey, Matt","LAA",2019,2019,"All",-0.2412928550908505,0.0458867323537786,354,0.014124293785310734,3,2,0,0,0,3,2,-1.6427744706390643,0.19391564230436248,"11.953217532","16.101840909","4.148623377","11.58225","22.47475","10.8925"
621397,"Olson, Tyler","CLE",2019,2019,"All",0.17495185145572886,-0.0729586516225122,256,0.01171875,2,1,0,0,0,2,1,-0.17947033843975427,0.46854648698595525,"12.252168033","14.488913934","2.236745902","10.942","18.447333333","7.505333333"
458677,"Wilson, Justin","NYM",2019,2019,"All",-1.0830210193571626,-1.196143692051928,320,0.021875,7,0,0,0,0,7,0,-3.415273061849485,-0.8888142377494784,"11.622446809","14.871276596","3.248829787","13.462","32.172428571","18.710428571"
450306,"Vargas, Jason","PHI",2019,2019,"All",0.3141505195835492,-0.48758480529674003,1008,0.012896825396825396,10,3,1,0,0,10,4,-2.4933840713728053,1.806282964129135,"11.64068048","14.642726281","3.002045802","11.902153846","22.778538462","10.876384615"
571858,"Kline, Branden","BAL",2019,2019,"All",0.07303416731058454,,257,0,0,0,0,0,0,0,0,1.8678558365529239,-0.6678600000000008,"12.256436","16.245316","3.98888",,,
597113,"Johnson, DJ","COL",2019,2019,"All",0.014054975954058684,,147,0,0,0,0,0,0,0,0,0.9334423797702924,-0.38362999999999975,"11.152555556","15.474761905","4.322206349",,,
656288,"Canning, Griffin","LAA",2019,2019,"All",0.5255932899840491,0.1180069049836534,472,0.00847457627118644,4,0,1,0,0,4,1,0.06617628270914566,1.1385734076493792,"12.314354545","16.621961364","4.307606818","12.3415","23.843","11.5015"
543045,"Conley, Adam","MIA",2019,2019,"All",-0.15199622177547065,-0.1149775661720761,430,0.0069767441860465115,2,1,0,0,0,2,1,0.33964001838918034,-0.48872050100734926,"11.339262774","14.270537713","2.931274939","11.925","23.347","11.422"
608344,"Irvin, Cole","PHI",2019,2019,"All",0.08446743464220147,,227,0,0,0,0,0,0,0,0,2.0941321732110083,-0.7430199999999998,"11.000650943","12.877627358","1.876976415",,,
476589,"Warren, Adam","SD",2019,2019,"All",0.20070837623327328,0.5368853490119131,144,0.020833333333333332,2,1,0,0,0,2,1,-0.8900239535754279,0.8415848154408002,"11.208014815","15.903525926","4.695511111","13.204666667","23.166666667","9.962"
642083,"Slegers, Aaron","TB",2019,2019,"All",-0.004385794558212714,,20,0,0,0,0,0,0,0,0,0.10875102720893651,-0.058080000000000034,"8.38975","13.7496","5.35985",,,
620982,"Pinto, Ricardo","TB",2019,2019,"All",0.0036378565342899045,,17,0,0,0,0,0,0,0,0,0.13584178267144956,-0.05229000000000001,"11.159411765","15.562294118","4.402882353",,,
608652,"Farrell, Luke","TEX",2019,2019,"All",0.18820159662507405,0.26996010277950644,41,0.024390243902439025,0,1,0,0,0,0,1,-0.06538012478008942,0.4472836035135377,"12.764666667","17.437384615","4.672717949","11.074","19.52","8.446"
606930,"Barnes, Jacob","KC",2019,2019,"All",0.2148520173459536,0.27188084866255297,223,0.008968609865470852,2,0,0,0,0,2,0,0.2571017842862011,0.36318146775269644,"11.922441315","15.35858216","3.436140845","11.0155","21.8525","10.837"
607188,"Faria, Jake","MIL",2019,2019,"All",0.027933676031141424,,163,0,0,0,0,0,0,0,0,1.0695033801557086,-0.4132600000000002,"11.809133758","15.370808917","3.561675159",,,
621389,"Blach, Ty","BAL",2019,2019,"All",0.001519870234040184,,198,0,0,0,0,0,0,0,0,1.0018743511702013,-0.4419000000000003,"11.126151832","12.968837696","1.842685864",,,
642231,"Yacabonis, Jimmy","BAL",2019,2019,"All",-0.056016787270092,-0.19761423806748601,285,0.010526315789473684,3,0,0,0,0,3,0,-0.11900369711990191,-0.07159121743580207,"11.981166065","16.278209386","4.297043321","11.580666667","23.676","12.095333333"
592858,"Wick, Rowan","CHC",2019,2019,"All",0.027690213227055924,0.09078675169045941,210,0.014285714285714285,3,0,0,0,0,3,0,-0.3413850894072884,0.213260513574475,"11.928219251","15.740449198","3.812229947","11.462666667","22.663666667","11.201"
592644,"Plutko, Adam","CLE",2019,2019,"All",0.17331564079360118,0.30130347833446136,537,0.0037243947858473,1,1,0,0,0,1,1,2.3541214339790413,-0.6611303244493517,"11.539575526","15.053768642","3.514193117","13.337","24.8725","11.5355"
448602,"Reynolds, Mark","COL",2019,2019,"All",-0.0001325875575120617,,16,0,0,0,0,0,0,0,0,0.016549562212439684,-0.007649999999999995,"11.7133125","14.0399375","2.326625",,,
592222,"Claudio, Alex","MIL",2019,2019,"All",-0.39354222462542326,-0.4740779245688647,343,0.008746355685131196,2,1,0,0,0,2,1,-0.3127487726130551,-0.7355388224506909,"11.560374214","13.999861635","2.439487421","12.267666667","25.982666667","13.715"
489295,"Schlitter, Brian","OAK",2019,2019,"All",0.00196249223114793,,42,0,0,0,0,0,0,0,0,0.21924246115573973,-0.09307999999999998,"12.0274","14.94085","2.91345",,,
592791,"Taillon, Jameson","PIT",2019,2019,"All",-0.08996378938498652,-0.2127612048695986,187,0.0213903743315508,3,1,0,0,0,3,1,-1.7356343273248291,0.5714735023999542,"12.026456647","16.447468208","4.421011561","11.07175","24.76025","13.6885"
448609,"Sipp, Tony","WSH",2019,2019,"All",0.04626330293017977,,151,0,0,0,0,0,0,0,0,1.2075015146508996,-0.43385999999999997,"12.349139706","15.301036765","2.951897059",,,
656257,"Brigham, Jeff","MIA",2019,2019,"All",-0.36352016993810443,-0.34148059828307276,206,0.014563106796116505,2,1,0,0,0,2,1,-1.1293447271247326,-0.30589161002923837,"12.268842105","16.311605263","4.042763158","13.296666667","26.864333333","13.567666667"
641482,"Cortes, Nestor","NYY",2019,2019,"All",0.061467331567490284,,465,0,0,0,0,0,0,0,0,3.494056657837451,-1.416320000000001,"11.552580569","13.298677725","1.746097156",,,
608331,"Fried, Max","ATL",2019,2019,"All",1.4461323450707912,-0.38128152991213327,853,0.004689331770222743,4,0,4,0,0,4,4,2.240273406134344,2.217950364097606,"11.093055762","13.451168525","2.358112763","11.79525","25.90075","14.1055"
519043,"Moore, Matt","DET",2019,2019,"All",0.00842877122529611,,23,0,0,0,0,0,0,0,0,0.32215635612648064,-0.12445000000000005,"11.308789474","12.544","1.235210526",,,
658792,"Wilkerson, Aaron","MIL",2019,2019,"All",0.3821717616650309,0.4755098756705293,144,0.006944444444444444,0,1,0,0,0,0,1,1.4674004520228192,0.19709260280103724,"11.657833333","15.74575","4.087916667","10.779","17.363","6.584"
664034,"France, Ty","SD",2019,2019,"All",-0.001247070853462161,,6,0,0,0,0,0,0,0,0,0.04087964573268922,-0.020940000000000007,"11.1","15.515","4.415",,,
572143,"Smith, Burch","SF",2019,2019,"All",0.06243497715796849,,189,0,0,0,0,0,0,0,0,1.617332385789843,-0.5800700000000003,"11.229679558","14.52061326","3.290933702",,,
582494,"Scott, Robby","AZ",2019,2019,"All",0.009195107767208301,,89,0,0,0,0,0,0,0,0,0.5868980388360414,-0.24040999999999962,"11.03954878","12.573487805","1.533939024",,,
593958,"Rodriguez, Eduardo","BOS",2019,2019,"All",0.053340801621901315,0.1932105908869997,1237,0.004850444624090542,3,3,0,0,0,3,3,6.409523926784354,-2.730142186077709,"11.405896048","13.684982818","2.27908677","12.038166667","21.5105","9.472333333"
519096,"Otero, Dan","CLE",2019,2019,"All",0.24126643878525494,0.4376775634978047,161,0.012422360248447204,1,1,0,0,0,1,1,0.5352716680155107,0.298249122627005,"11.642584906","15.790968553","4.148383648","13.3405","24.7205","11.38"
592165,"Brennan, Brandon","SEA",2019,2019,"All",-0.06974412068727395,-0.0012572827017414412,253,0.015810276679841896,3,1,0,0,0,3,1,-0.7154947813344321,0.16301074573247273,"12.290326446","16.547702479","4.257376033","11.7335","22.10025","10.36675"
641941,"Pagán, Emilio","TB",2019,2019,"All",-0.1607906109640863,-0.2393450612313388,230,0.004347826086956522,1,0,0,0,0,1,0,0.44481935610992873,-0.5550099604134929,"12.078527273","16.166154545","4.087627273","12.123","32.843","20.72"
592233,"Crichton, Stefan","AZ",2019,2019,"All",0.009656627501193572,,120,0,0,0,0,0,0,0,0,0.7698356375059682,-0.3206899999999999,"11.904119658","15.440102564","3.535982906",,,
628333,"Despaigne, Odrisamer","CWS",2019,2019,"All",0.14114171340640488,0.34267590135130355,93,0.021505376344086023,0,2,0,0,0,0,2,-0.5275364620616158,0.5481089018193959,"10.890733333","14.311855556","3.421122222","11.4355","19.0995","7.664"
571670,"Floro, Dylan","LAD",2019,2019,"All",0.006417921574430214,,250,0.004,1,0,0,0,0,1,0,0.6269569598431286,-0.2643854897648791,"11.545128755","16.205416309","4.660287554","11.178","21.612","10.434"
607560,"Harper, Ryne","MIN",2019,2019,"All",-0.0027017203083804157,0.16478198670727315,351,0.014245014245014245,4,1,0,0,0,4,1,-1.0967112516698139,0.48142340005684914,"12.491916923","16.557836923","4.06592","12.7242","23.8216","11.0974"
656756,"Montgomery, Jordan","NYY",2019,2019,"All",0.003749942839487412,,39,0,0,0,0,0,0,0,0,0.354742214197437,-0.14933000000000002,"12.406657895","14.041657895","1.635",,,
593423,"Montas, Frankie","OAK",2019,2019,"All",0.18519396917149022,0.2509487385192488,470,0.006382978723404255,2,1,0,0,0,2,1,1.1805365766369746,-0.1131407692353433,"12.134127517","16.051346756","3.917219239","11.716","21.591333333","9.875333333"
607074,"Rodón, Carlos","CWS",2019,2019,"All",-0.42940563792556014,-0.16405697693785384,277,0.018050541516245487,5,0,0,0,0,5,0,-2.4929400377379762,0.1537385991600782,"11.990768939","14.997079545","3.006310606","12.392","26.7538","14.3618"
641871,"Middleton, Keynan","LAA",2019,2019,"All",0.009282781130348841,,78,0,0,0,0,0,0,0,0,0.5751189056517445,-0.2349800000000001,"12.15771831","16.693732394","4.536014085",,,
592767,"Smyly, Drew","PHI",2019,2019,"All",-1.3745616180668283,-1.2691528154897582,808,0.012376237623762377,9,1,0,0,0,9,1,-3.7345697657722523,-1.3947725886941762,"11.991026954","14.994013477","3.002986523","14.3951","29.6162","15.2211"
605447,"Romano, Jordan","TOR",2019,2019,"All",-0.25570258586722505,-0.22612243672370017,124,0.016129032258064516,2,0,0,0,0,2,0,-0.8804318889542353,-0.17692490683639547,"11.125529915","16.733811966","5.608282051","14.619","31.867","17.248"
572140,"Skaggs, Tyler","LAA",2019,2019,"All",-0.05790471518720221,-0.18665818316673521,486,0.00411522633744856,2,0,0,0,0,2,0,2.446353427502293,-1.2159453348614653,"11.972022624","14.535963801","2.563941176","11.1195","21.3985","10.279"
621111,"Buehler, Walker","LAD",2019,2019,"All",0.386483239038735,-0.03190921721380732,915,0.007650273224043716,7,0,1,0,0,7,1,1.8222686304049436,0.048954473239436136,"11.453894432","16.287921114","4.834026682","13.268285714","26.132428571","12.864142857"
623381,"Pannone, Thomas","TOR",2019,2019,"All",0.46197373135902375,0.577448979924046,486,0.00205761316872428,1,0,0,0,0,1,0,3.725518074107529,-0.6291775188055126,"11.557620137","14.062661327","2.50504119","9.303","13.371","4.068"
455119,"Martin, Chris","ATL",2019,2019,"All",0.6786855356924242,0.2945458965962346,265,0.01509433962264151,4,0,1,0,0,4,1,-0.28119170081387895,1.6331641685671112,"12.046119835","16.813483471","4.767363636","11.03275","24.547","13.51425"
622065,"Young, Alex","AZ",2019,2019,"All",0.2806801478506852,-0.20466207103125156,421,0.004750593824228029,2,0,1,0,0,2,1,0.8335105007506468,0.2532845504456841,"11.751541555","14.510131367","2.758589812","12.2705","24.843","12.5725"
660853,"De Los Santos, Enyel","PHI",2019,2019,"All",-0.19264691433205053,,53,0,0,0,0,1,0,1,0,-0.657482071660252,-0.1358900000000001,"11.988265306","15.559020408","3.570755102",,,
453562,"Arrieta, Jake","PHI",2019,2019,"All",-0.18108459594986281,-0.4611748814803813,852,0.02112676056338028,12,6,1,0,0,12,7,-7.900079990330669,3.1087364491472727,"11.754744544","16.483356868","4.728612323","11.137777778","22.781111111","11.643333333"
517008,"Colomé, Alex","CWS",2019,2019,"All",0.05996038190506789,,299,0,0,0,0,0,0,0,0,2.1034694095253395,-0.8016300000000005,"12.041458042","15.609059441","3.567601399",,,
448179,"Hill, Rich","LAD",2019,2019,"All",-0.5087514682613927,-0.5300809516338947,325,0.012307692307692308,2,2,0,0,0,2,2,-1.2958122412099817,-0.5546422667097687,"11.3706875","14.317197917","2.946510417","11.7755","26.296","14.5205"
594951,"O'Rourke, Ryan","NYM",2019,2019,"All",0.003285498318744503,,11,0,0,0,0,0,0,0,0,0.09596499159372254,-0.03535000000000001,"11.4839","14.7806","3.2967",,,
476594,"Stock, Robert","SD",2019,2019,"All",0.013095070095007008,,118,0,0,0,0,0,0,0,0,0.5074203504750355,-0.19642000000000015,"13.243938053","16.472106195","3.228168142",,,
477132,"Kershaw, Clayton","LAD",2019,2019,"All",-0.16108268118697974,-0.017385568172999133,806,0.0037220843672456576,3,0,0,1,0,4,0,2.611846836022693,-1.5187823297589305,"11.041410761","13.289195538","2.247784777","11.359333333","21.973333333","10.614"
608638,"Chargois, JT","LAD",2019,2019,"All",-0.559919763983248,-0.734431880001067,98,0.04081632653061224,4,0,0,0,0,4,0,-3.03976165548797,0.10673903803188112,"11.4625","17.206090909","5.743590909","11.66925","28.6075","16.93825"
622253,"Tate, Dillon","BAL",2019,2019,"All",0.03247933778637242,,113,0,0,0,0,0,0,0,0,0.984749188931863,-0.36549000000000015,"12.381009346","16.08446729","3.703457944",,,
642067,"Shawaryn, Mike","BOS",2019,2019,"All",-0.2687064533848327,-0.26457567162125106,165,0.01818181818181818,3,0,0,0,0,3,0,-1.6392935467971608,0.1314494577213361,"12.388045455","17.587242424","5.19919697","13.584333333","27.361333333","13.777"
571657,"Farmer, Kyle","CIN",2019,2019,"All",-0.00015672027084214976,,5,0,0,0,0,0,0,0,0,0.002366398645789251,-0.0014000000000000002,"12.914","14.8386","1.9246",,,
594736,"Anderson, Cody","CLE",2019,2019,"All",0.0099953391744402,,73,0,0,0,0,0,0,0,0,0.4613441958722014,-0.18282999999999974,"11.852849315","15.731136986","3.878287671",,,
606131,"Perdomo, Luis","SD",2019,2019,"All",0.11616638201488841,0.10792905076860404,417,0.014388489208633094,4,2,0,0,0,4,2,-1.127935870111772,0.7594523467494302,"12.589430769","17.003438462","4.414007692","11.7625","23.964666667","12.202166667"
519242,"Sale, Chris","BOS",2019,2019,"All",-0.14331382939709114,0.11197318962937844,712,0.012640449438202247,7,2,0,0,0,7,2,-0.9941858363610112,0.12338519527802591,"11.74128863","14.385217201","2.643928571","12.667444444","23.704333333","11.036888889"
543243,"Gray, Sonny","CIN",2019,2019,"All",-0.8378241715869416,-0.8938270316387037,982,0.016293279022403257,13,3,0,1,0,14,3,-6.87057464079281,1.1917572368258242,"11.669270183","16.449698601","4.780428418","12.0290625","25.3586875","13.329625"
518566,"Cole, Taylor","LAA",2019,2019,"All",0.6857430967378413,-0.2819156613856003,431,0.009280742459396751,4,0,2,0,0,4,2,-0.3235285662673227,1.6676640222029007,"11.68217268","16.586971649","4.904798969","12.42575","24.2075","11.78175"
431145,"Martin, Russell","LAD",2019,2019,"All",-0.002296420556692086,,25,0,0,0,0,0,0,0,0,0.05691789721653958,-0.03040000000000001,"13.55592","16.25132","2.6954",,,
595014,"Treinen, Blake","OAK",2019,2019,"All",-0.3027522482240716,-0.10738010917827882,424,0.01179245283018868,3,2,0,0,0,3,2,-1.34034314581029,-0.07707470902669797,"12.016534704","16.811411311","4.794876607","12.888","28.2742","15.3862"
621052,"Reyes, Alex","STL",2019,2019,"All",-0.0044227163763279394,,33,0,0,0,0,0,0,0,0,0.060371418118360345,-0.03666000000000004,"9.264935484","13.929193548","4.664258065",,,
502304,"Carpenter, David","TEX",2019,2019,"All",0.00005457605688411526,,32,0,0,0,0,0,0,0,0,0.0702703802844206,-0.031109999999999995,"13.379892857","17.914464286","4.534571429",,,
605488,"Springs, Jeffrey","TEX",2019,2019,"All",-0.0003400323332940526,-0.15035299612232686,300,0.0033333333333333335,1,0,0,0,0,1,0,1.3564599975284217,-0.6036267374199521,"12.771695502","16.049754325","3.278058824","11.98","25.86","13.88"
580792,"Goody, Nick","CLE",2019,2019,"All",0.21669340367313655,0.39681722117214957,222,0.009009009009009009,1,1,0,0,0,1,1,0.19181317525492075,0.39629059693811786,"11.127647887","15.524901408","4.397253521","11.567","20.6155","9.0485"
642098,"Sparkman, Glenn","KC",2019,2019,"All",0.04444305172622774,-0.10984421312996384,803,0.0049813200498132005,1,3,0,0,0,1,3,3.1890540771705433,-1.3185950304619531,"11.809221204","15.360530105","3.551308901","12.409666667","19.211","6.801333333"
543776,"Shuck, JB","PIT",2019,2019,"All",0.0037536965218814013,,5,0,0,0,0,0,0,0,0,0.084310982609407,-0.029130000000000003,"16.195","17.2286","1.0336",,,
605446,"Rodríguez, Dereck","SF",2019,2019,"All",-0.14887029941220062,-0.11554421593370012,533,0.0150093808630394,5,3,0,0,0,5,3,-1.9932321347677604,0.5550580612030134,"11.79276","16.120434","4.327674","12.672285714","23.741428571","11.069142857"
592859,"Wilkerson, Stevie","BAL",2019,2019,"All",0.006237398184632477,,11,0,0,0,0,0,0,0,0,0.14991949092316242,-0.052770000000000025,"10.557909091","13.456818182","2.898909091",,,
571510,"Boyd, Matthew","DET",2019,2019,"All",-0.29969536614972164,-0.7393850489220328,1078,0.0037105751391465678,4,0,0,0,0,4,0,5.036443068001556,-2.9044088438889637,"11.130904153","13.361414271","2.230510117","11.25825","24.8575","13.59925"
623354,"Zamora, Daniel","NYM",2019,2019,"All",0.0047865464078022165,,41,0,0,0,0,0,0,0,0,0.2731652320390113,-0.11077000000000004,"12.115358974","13.981641026","1.866282051",,,
592314,"Foltynewicz, Mike","ATL",2019,2019,"All",0.37062982703871694,0.6651863027804252,634,0.007886435331230283,3,2,0,0,0,3,2,2.017455074484948,-0.07302486190727361,"11.566343284","15.154812604","3.58846932","11.2278","18.9092","7.6814"
474463,"Anderson, Brett","OAK",2019,2019,"All",-0.2663130945940303,-0.023828305075675113,932,0.0075107296137339056,5,2,0,0,0,5,2,2.392113608327967,-1.654968480576933,"11.393873708","13.656954076","2.263080367","13.682142857","25.403285714","11.721142857"
571946,"Miller, Shelby","TEX",2019,2019,"All",-0.07615372022326777,-0.02899831029511657,334,0.014970059880239521,5,0,0,0,0,5,0,-1.683991948116038,0.5792103764443126,"12.404190939","16.685430421","4.281239482","13.1944","25.201","12.0066"
592332,"Gausman, Kevin","CIN",2019,2019,"All",0.4134219876418383,0.9453214352275621,567,0.02292768959435626,11,2,0,0,0,11,2,-4.791079360328688,3.0480841326835018,"12.118853107","17.151163842","5.032310734","11.817846154","22.672615385","10.854769231"
650556,"Abreu, Bryan","HOU",2019,2019,"All",-0.1383391735602351,-0.1518658137258333,47,0.02127659574468085,1,0,0,0,0,1,0,-0.6378477702645621,-0.023932487794050307,"12.117826087","16.117369565","3.999543478","11.876","26.034","14.158"
622694,"Hernández, Elieser","MIA",2019,2019,"All",-0.02331130321743822,-0.09988728399375263,453,0.002207505518763797,1,0,0,0,0,1,0,2.2756732273313256,-1.0632132192971164,"11.507979499","15.215888383","3.707908884","11.173","21.307","10.134"
518715,"Gearrin, Cory","NYY",2019,2019,"All",-1.4191716631130726,-1.3568234209866057,390,0.02564102564102564,10,0,0,1,0,11,0,-7.090047835737968,-0.002582435478836076,"12.382456091","16.382597734","4.000141643","12.4653","28.3832","15.9179"
573009,"Mantiply, Joe","NYY",2019,2019,"All",-0.00017140102935631925,,2,0,0,0,0,0,0,0,0,0.012395494853218406,-0.00589,"10.0945","10.4155","0.321",,,
621086,"Marvel, James","PIT",2019,2019,"All",0.014922627657669529,,146,0,0,0,0,0,0,0,0,0.8823631382883494,-0.3589999999999998,"11.62159375","14.951648438","3.330054688",,,
659275,"Lamet, Dinelson","SD",2019,2019,"All",0.29617134049823257,0.8493970438691939,443,0.013544018058690745,4,2,0,0,0,4,2,-1.1739961388540427,1.1799345961534273,"11.685132212","15.955673077","4.270540865","11.934666667","23.274666667","11.34"
593643,"Alberto, Hanser","BAL",2019,2019,"All",0.007468903088278037,,10,0,0,0,0,0,0,0,0,0.15929451544139023,-0.05420000000000002,"14.0978","16.4065","2.3087",,,
670280,"Bednar, David","SD",2019,2019,"All",-0.005681187074550448,,47,0,0,0,0,0,0,0,0,0.11437906462724778,-0.06346000000000002,"11.188702128","15.574212766","4.385510638",,,
542914,"Bass, Anthony","SEA",2019,2019,"All",0.14982170989051447,0.2604910431200262,211,0.004739336492890996,0,1,0,0,0,0,1,1.1333410969467357,-0.17077002110851713,"11.201470588","14.869","3.667529412","11.076","17.415","6.339"
657140,"Wright, Kyle","ATL",2019,2019,"All",-0.19667701370873159,-0.08701790772904432,138,0.028985507246376812,4,0,0,0,0,4,0,-2.0311806325439923,0.46568691733348117,"11.576429688","15.601601563","4.025171875","11.6565","23.617","11.9605"
664129,"Hartlieb, Geoff","PIT",2019,2019,"All",-0.09498613711763242,0.10216280780976766,251,0.00398406374501992,0,1,0,1,0,1,1,0.15894550685220807,-0.2817227521957212,"11.867464435","15.744891213","3.877426778","11.038","21.663","10.625"
623913,"Wang, Wei-Chung","PIT",2019,2019,"All",-0.02000852128198248,-0.13308361247937178,201,0.009950248756218905,1,1,0,0,0,1,1,0.4526295360242781,-0.24563206330408405,"11.78292973","14.153951351","2.371021622","10.999","24.819","13.82"
596027,"Maples, Dillon","CHC",2019,2019,"All",0.2243553790439449,0.3982926649289306,94,0.02127659574468085,1,1,0,0,0,1,1,-0.3354207546923371,0.6476433999609157,"13.206784091","17.834965909","4.628181818","10.5465","20.025","9.4785"
607237,"Garrett, Amir","CIN",2019,2019,"All",-0.15322693759988248,-0.6283161681294532,356,0.019662921348314606,6,1,0,0,0,6,1,-2.843612941629223,0.9233236682799191,"11.043802432","15.133823708","4.090021277","11.788857143","26.662","14.873142857"
623167,"Flexen, Chris","NYM",2019,2019,"All",-0.18034308843476726,-0.31598372450458995,144,0.006944444444444444,1,0,0,0,0,1,0,-0.13553505113179753,-0.3405246182409062,"11.718929688","14.815132813","3.096203125",,,
656547,"Holder, Jonathan","NYY",2019,2019,"All",-0.125213701596129,-0.06867403509858983,238,0.008403361344537815,2,0,0,0,0,2,0,-0.13326133142443708,-0.21902541180275656,"12.81931982","17.033027027","4.213707207","12.6955","23.6075","10.912"
643615,"Zeuch, T.J.","TOR",2019,2019,"All",0.04859712200873284,,170,0,0,0,0,0,0,0,0,1.6187481100436647,-0.611450000000001,"11.92826875","15.5404125","3.61214375",,,
518586,"Culberson, Charlie","ATL",2019,2019,"All",0.02852661889712746,,30,0,0,0,0,0,0,0,0,0.2565505944856373,-0.05063000000000002,"13.322433333","16.6552","3.332766667",,,
435622,"Desmond, Ian","COL",2019,2019,"All",0.001822972299168974,,2,0,0,0,0,0,0,0,0,0.01806986149584486,-0.0039799999999999966,"13.276","16.5575","3.2815",,,
656186,"Altavilla, Dan","SEA",2019,2019,"All",0.041891598815921256,0.14136858147192802,94,0.010638297872340425,1,0,0,0,0,1,0,0.152385206406512,0.025365683410263695,"10.9232","15.654505882","4.731305882","11.029","18.407","7.378"
519144,"Porcello, Rick","BOS",2019,2019,"All",-0.5390786936231189,-0.5377251720912646,957,0.00522466039707419,5,0,0,1,0,6,0,1.683240567697623,-1.9460595714725346,"11.727259755","15.986113712","4.258853958","11.6176","23.8118","12.1942"
502624,"Anderson, Chase","MIL",2019,2019,"All",-0.42844398550060026,0.022363805354266963,869,0.014959723820483314,10,3,0,1,0,11,3,-3.966283487859805,0.8106949157141359,"11.664318788","16.243515152","4.579196364","11.785","23.966461538","12.181461538"
601713,"Pivetta, Nick","PHI",2019,2019,"All",-0.18992789914424346,-0.3091096975220532,549,0.01092896174863388,5,1,0,0,0,5,1,-1.2268448993690364,0.1232024016212527,"11.707258824","16.205205882","4.497947059","12.310166667","24.375333333","12.065166667"
545064,"Díaz, Jairo","COL",2019,2019,"All",-0.15337071163646582,-0.18114661417713396,317,0.012618296529968454,3,1,0,0,0,3,1,-1.2287035239680502,0.2052666514603212,"11.563381877","15.879517799","4.316135922","12.9235","25.1725","12.249"
641149,"Parsons, Wes","COL",2019,2019,"All",-0.053593670405226196,-0.05984749552616736,240,0.020833333333333332,4,1,0,0,0,4,1,-2.223351997089991,0.8690593978061607,"11.103004444","15.054746667","3.951742222","10.6518","23.8746","13.2228"
501789,"Harris, Will","HOU",2019,2019,"All",0.016402803841286614,,279,0.0035842293906810036,0,1,0,0,0,0,1,1.007408641347939,-0.4112864987295575,"11.987823077","15.99625","4.008426923","11.575","16.496","4.921"
593576,"Neris, Héctor","PHI",2019,2019,"All",-0.38333820874258695,-0.6401347706578928,351,0.011396011396011397,2,2,0,0,0,2,2,-1.002403933517038,-0.406349826753732,"11.613018293","16.164759146","4.551740854","13.02625","28.43925","15.413"
519443,"Workman, Brandon","BOS",2019,2019,"All",-1.0424122144129249,-1.1723974232212635,485,0.020618556701030927,7,3,0,0,0,7,3,-5.024075039510735,-0.08354934780172518,"11.786120536","16.503122768","4.717002232","12.4779","27.3565","14.8786"
543343,"Hultzen, Danny","CHC",2019,2019,"All",0.010139488941850506,,25,0,0,0,0,0,0,0,0,0.1509574447092525,-0.04456,"12.5316","14.9286","2.397",,,
456051,"Noesí, Hector","MIA",2019,2019,"All",0.25640252677550807,,154,0.006493506493506494,0,1,0,0,0,0,1,0.7014817159578843,0.2580137412976248,"10.967040268","15.381597315","4.414557047","12.468","23.83","11.362"
643778,"Webb, Tyler","STL",2019,2019,"All",-0.029668676992677834,-0.38294494594205886,210,0.014285714285714285,3,0,0,0,0,3,0,-0.6947221639034131,0.24283501286223527,"11.07059893","14.159518717","3.088919786","10.808666667","23.033","12.224333333"
663992,"Lovelady, Richard","KC",2019,2019,"All",0.028533063984298133,,125,0,0,0,0,0,0,0,0,0.7640703199214902,-0.27617999999999987,"12.401556522","15.029156522","2.6276",,,
641745,"Keller, Brad","KC",2019,2019,"All",0.02891430895231136,-0.0007401845187327005,921,0.003257328990228013,1,2,0,1,0,2,2,4.911981056182695,-2.1188486717427275,"11.476438717","15.466904926","3.990466208","12.652","21.681666667","9.029666667"
623402,"Peterson, Tim","NYM",2019,2019,"All",-0.06531359304783911,-0.03959519307406853,42,0.023809523809523808,1,0,0,0,0,1,0,-0.4754029263899706,0.0661488716225668,"12.476634146","15.996756098","3.520121951","11.305","24.073","12.768"
605309,"Kela, Keone","PIT",2019,2019,"All",0.018649879481672155,,157,0,0,0,0,0,0,0,0,0.8219343974083602,-0.32386000000000004,"12.290025806","16.764464516","4.47443871",,,
593974,"Peralta, Wandy","SF",2019,2019,"All",0.021098255018083774,,228,0,0,0,0,0,0,0,0,1.311896275090419,-0.5361800000000002,"11.131966981","13.177910377","2.045943396",,,
595001,"Smith, Josh A.","BOS",2019,2019,"All",-0.1425802070786335,-0.17096184109014445,194,0.020618556701030927,3,1,0,0,0,3,1,-1.8279120905720525,0.49556046896839756,"12.221351955","16.569256983","4.347905028","11.8425","24.532","12.6895"
545332,"Barrett, Jake","NYY",2019,2019,"All",-0.0015625799895081897,,23,0,0,0,0,0,0,0,0,0.03250710005245904,-0.01792000000000001,"12.569409091","16.143818182","3.574409091",,,
543483,"Magill, Matt","SEA",2019,2019,"All",0.04684268073427458,0.09866410683776755,290,0.0034482758620689655,1,0,0,0,0,1,0,0.8397722848084337,-0.2691372805053594,"12.479702797","16.931786713","4.452083916","12.645","22.021","9.376"
657053,"Toussaint, Touki","ATL",2019,2019,"All",0.4792907934196496,,281,0,0,0,1,0,0,0,1,1.70136146709825,0.3089300000000011,"11.794098113","15.645403774","3.85130566",,,
608566,"Márquez, Germán","COL",2019,2019,"All",0.9971368972072016,1.0017387612505781,807,0.008674101610904586,3,4,1,0,0,3,5,1.0702146762280886,1.7402088043590767,"11.113773458","15.668997319","4.555223861","11.372428571","21.902571429","10.530142857"
572096,"Rosenthal, Trevor","DET",2019,2019,"All",0.030505424716634505,,212,0,0,0,0,0,0,0,0,1.1725196235831719,-0.45332999999999923,"12.438090047","15.575781991","3.137691943",,,
502042,"Archer, Chris","PIT",2019,2019,"All",-0.04127313603223446,0.2825008112572668,656,0.018292682926829267,7,5,0,0,0,7,5,-3.4552211930759307,1.443935783517678,"11.139186196","15.360815409","4.221629213","11.409416667","21.855916667","10.4465"
623465,"Phillips, Evan","BAL",2019,2019,"All",0.04127840249295431,,273,0,0,0,0,0,0,0,0,1.920104512464773,-0.76165,"11.480872587","15.175861004","3.694988417",,,
622783,"Báez, Sandy","DET",2019,2019,"All",-0.0006136652415498943,,8,0,0,0,0,0,0,0,0,0.013829173792250515,-0.007509999999999996,"12.1505","14.756375","2.605875",,,
543507,"May, Trevor","MIN",2019,2019,"All",0.06253064399978206,0.1901701817418507,456,0.010964912280701754,5,0,0,0,0,5,0,-0.02683122601175825,0.15088197600474557,"11.587054245","16.249591981","4.662537736","12.6128","24.8034","12.1906"
573186,"Stroman, Marcus","NYM",2019,2019,"All",1.4195896727195776,1.082864818997844,1098,0.01639344262295082,10,8,2,0,0,10,10,-2.6576956201217774,4.335841770542077,"11.430580709","15.803416339","4.37283563","11.588666667","20.841555556","9.252888889"
489446,"Yates, Kirby","SD",2019,2019,"All",-0.13773996446175463,-0.19312555076822818,364,0.008241758241758242,2,1,0,0,0,2,1,-0.04981844458113183,-0.28394727899006367,"11.98724058","16.58284058","4.5956","12.322666667","25.041333333","12.718666667"
594577,"Mayers, Mike","STL",2019,2019,"All",0.005192739783554208,0.07551844958461285,137,0.0072992700729927005,1,0,0,0,0,1,0,0.27083350561309294,-0.1088310251979209,"11.580772358","14.751300813","3.170528455","12.838","20.033","7.195"
657031,"Taylor, Josh","BOS",2019,2019,"All",0.05962929933444868,0.004674790271901319,267,0.00749063670411985,0,2,0,0,0,0,2,0.7221689884511003,-0.18845444079060308,"11.456027273","14.5994","3.143372727","10.4825","23.7535","13.271"
621219,"Mills, Alec","CHC",2019,2019,"All",0.03672530299340272,0.03569375776726397,204,0.004901960784313725,1,0,0,0,0,1,0,1.5203229545048922,-0.5940873064612793,"11.933131148","15.653300546","3.720169399","11.984","22.077","10.093"
657141,"Yamamoto, Jordan","MIA",2019,2019,"All",0.021497428208690095,0.028110207646417834,421,0.014251781472684086,4,2,0,0,0,4,2,-1.564684067248212,0.7431872036851865,"11.571119512","15.775270732","4.20415122","11.581666667","23.125166667","11.5435"
592789,"Syndergaard, Noah","NYM",2019,2019,"All",-1.773642913619807,-2.5027255233926358,1029,0.03498542274052478,34,2,2,0,0,34,4,-21.445599811351777,5.589948997001212,"11.664779006","17.19081989","5.526040884","12.208805556","26.25825","14.049444444"
605361,"Martini, Nick","SD",2019,2019,"All",0.0003406215332716266,,11,0,0,0,0,0,0,0,0,0.058875607666358076,-0.025409999999999974,"11.9554","13.9797","2.0243",,,
664054,"Stashak, Cody","MIN",2019,2019,"All",0.0019560386879207492,,117,0,0,0,0,0,0,0,0,0.5722351934396042,-0.2499800000000001,"11.110410714","14.568848214","3.4584375",,,
621294,"Heller, Ben","NYY",2019,2019,"All",0.12050267539944609,0.19028078943918636,42,0.023809523809523808,0,1,0,0,0,0,1,-0.12478854726996147,0.3232452996743073,"11.84978125","17.15046875","5.3006875","10.937","19.202","8.265"
472610,"García, Luis","LAA",2019,2019,"All",-0.37852669918772297,-0.3994666929490268,431,0.009280742459396751,4,0,0,0,0,4,0,-0.34693554094269624,-0.6869768688870754,"12.604648649","17.118058968","4.513410319","12.091","25.43775","13.34675"
669060,"Wilson, Bryse","ATL",2019,2019,"All",0.1073160357676632,0.2763384205363578,128,0.015625,1,1,0,0,0,1,1,-0.2300753087641269,0.3407357722677527,"11.797589744","15.986923077","4.189333333","10.963","20.6255","9.6625"
596074,"Poyner, Bobby","BOS",2019,2019,"All",0.015230852042294976,,43,0,0,0,0,0,0,0,0,0.382761760211475,-0.13627000000000006,"12.33302381","15.247380952","2.914357143",,,
594056,"Guduan, Reymin","HOU",2019,2019,"All",0.0039690933047687085,,29,0,0,0,0,0,0,0,0,0.2126029665238436,-0.08567000000000001,"11.23862069","13.786827586","2.548206897",,,
650633,"King, Michael","NYY",2019,2019,"All",-0.0015380472469887264,,22,0,0,0,0,0,0,0,0,0.02128976376505636,-0.012879999999999996,"16.124666667","18.07747619","1.952809524",,,
620454,"Castillo, José","SD",2019,2019,"All",0.0022604905858077725,,13,0,0,0,0,0,0,0,0,0.06388495292903881,-0.02336999999999996,"10.758692308","13.331769231","2.573076923",,,
453286,"Scherzer, Max","WSH",2019,2019,"All",0.10651362758312055,0.5521274219613866,873,0.009163802978235968,8,0,0,0,0,8,0,-0.22872788308424852,0.3383537871110452,"12.09290241","16.320219277","4.227316867","12.65675","22.430875","9.774125"
622608,"Senzatela, Antonio","COL",2019,2019,"All",0.33277956673783243,0.320264594341781,835,0.003592814371257485,3,0,0,0,0,3,0,3.7626697800896687,-0.9327875317335587,"11.217042184","14.565844913","3.34880273","10.416333333","19.514666667","9.098333333"
521230,"Hendriks, Liam","OAK",2019,2019,"All",0.6420269887138049,0.2504066453706477,438,0.00228310502283105,0,1,1,0,0,0,2,2.5727189197556757,0.2832960105837103,"11.978974811","16.59186398","4.612889169","9.912","18.455","8.543"
621381,"Strahm, Matt","SD",2019,2019,"All",-0.3031948512311646,0.010787319065274067,610,0.011475409836065573,6,1,0,0,0,6,1,-1.9754455323112825,0.20420945606909263,"11.885368794","14.889585106","3.004216312","12.745142857","24.238714286","11.493571429"
543148,"Federowicz, Tim","TEX",2019,2019,"All",-0.0011407279651795433,,6,0,0,0,0,0,0,0,0,0.04411136017410235,-0.02214000000000003,"11.064833333","12.631833333","1.567",,,
623439,"Garton, Ryan","SEA",2019,2019,"All",0.03457121213223861,,15,0,0,0,0,0,0,0,0,0.43077356066119316,-0.11463000000000001,"12.8227","15.1465","2.3238",,,
650671,"Quijada, José","MIA",2019,2019,"All",0.3392674405802841,0.5069692233007916,259,0.007722007722007722,2,0,0,0,0,2,0,0.8539435826284935,0.3743971645657439,"11.453627615","13.459075314","2.005447699","11.216","19.5375","8.3215"
605540,"Woodruff, Brandon","MIL",2019,2019,"All",0.6039283275397744,0.9843319826094032,624,0.016025641025641024,7,3,1,1,0,8,4,-2.6478557741198077,2.5188877385860837,"10.993215385","15.855391453","4.862176068","11.104111111","22.696555556","11.592444444"
642233,"Yardley, Eric","SD",2019,2019,"All",0.003944704539440199,,42,0,0,0,0,0,0,0,0,0.2532735226972011,-0.10380000000000011,"10.821707317","13.748219512","2.926512195",,,
673258,"Baez, Michel","SD",2019,2019,"All",-0.15740249128598677,,199,0,0,0,0,1,0,1,0,0.6631350435700671,-0.6445099999999997,"11.207251309","14.988712042","3.781460733",,,
456387,"Feierabend, Ryan","TOR",2019,2019,"All",-0.10883881518623438,-0.14646776423499636,64,0.015625,1,0,0,0,0,1,0,-0.24458317549825262,-0.13316040019240827,"11.355166667","13.737222222","2.382055556","10.285","23.418","13.133"
641853,"McKay, David","DET",2019,2019,"All",-0.21921837112377068,-0.31931930105688794,186,0.026881720430107527,4,1,0,0,0,4,1,-2.3765830499357645,0.569107197474185,"13.121825843","17.07052809","3.948702247","14.9082","30.275","15.3668"
575070,"Franco, Enderson","SF",2019,2019,"All",0.0026356071916143393,,11,0,0,0,0,0,0,0,0,0.11620553595807175,-0.045790000000000004,"10.2104","14.9318","4.7214",,,
571948,"Milner, Hoby","TB",2019,2019,"All",0.01148853404140885,,39,0,0,0,0,0,0,0,0,0.19449017020704423,-0.060910000000000006,"13.559717949","16.754846154","3.195128205",,,
502327,"Santiago, Héctor","CWS",2019,2019,"All",-0.02396461306739536,,276,0.0036231884057971015,1,0,0,0,0,1,0,0.6939270388348143,-0.36166671296524044,"11.96825","14.903617424","2.935367424","12.334","24.641","12.307"
518617,"Diekman, Jake","OAK",2019,2019,"All",0.08234757921315003,,490,0,0,0,0,0,0,0,0,3.3937978960657524,-1.3253600000000008,"11.918265393","14.442087049","2.523821656",,,
592815,"Tuivailala, Sam","SEA",2019,2019,"All",0.21659274062502376,0.27811412538793007,141,0.0070921985815602835,0,1,0,0,0,0,1,0.6747357109359519,0.18143466319518486,"11.21547482","14.95052518","3.73505036","9.581","18.105","8.524"
445926,"Chavez, Jesse","TEX",2019,2019,"All",0.36714302438764945,0.4246496843008589,470,0.006382978723404255,0,3,0,0,0,0,3,1.45301299900945,0.17008983241279846,"11.653752193","15.335489035","3.681736842","11.413","21.586333333","10.173333333"
605151,"Bradley, Archie","AZ",2019,2019,"All",0.4888768278795826,-0.03847576571186459,472,0.00423728813559322,1,1,1,0,0,1,2,2.6331219726052595,-0.0838834814254868,"12.072449309","16.231550691","4.159101382","12.622","23.4515","10.8295"
598286,"Ramirez, Nick","DET",2019,2019,"All",-0.6124506785920305,-0.5534355789631311,463,0.01079913606911447,5,0,0,0,0,5,0,-0.9586649061760479,-0.9349282163484953,"11.137016667","13.773421429","2.636404762","13.2506","28.469","15.2184"
622864,"Romero, Fernando","MIN",2019,2019,"All",0.03337672997804618,,125,0,0,0,0,0,0,0,0,0.8149511498902312,-0.2880299999999998,"12.412596639","15.312563025","2.899966387",,,
664854,"Helsley, Ryan","STL",2019,2019,"All",0.22213070494090414,0.5160595184627046,245,0.004081632653061225,1,0,0,1,0,2,0,0.9683612043038992,0.06324103128916425,"11.627718487","13.811491597","2.183773109","10.827","15.393","4.566"
605154,"Brebbia, John","STL",2019,2019,"All",0.16687128273288787,0.2480831107178831,469,0.0021321961620469083,0,1,0,0,0,0,1,2.063620345453376,-0.5463395252395287,"11.896453515","15.630231293","3.733777778","10.377","19.938","9.561"
607192,"Glasnow, Tyler","TB",2019,2019,"All",-0.6866196072091448,-1.00565838247809,248,0.03225806451612903,7,1,0,0,0,7,1,-5.247399570062511,0.8063562373407945,"11.755974684","17.10364135","5.347666667","12.476625","27.527125","15.0505"
543219,"Gilmartin, Sean","BAL",2019,2019,"All",-0.15120249487853166,-0.13946019246559263,36,0.027777777777777776,1,0,0,0,0,1,0,-0.6154451546930296,-0.06247436431094541,"12.1605","14.080366667","1.919866667","12.286","27.678","15.392"
664353,"Urquidy, José","HOU",2019,2019,"All",0.03786133876991718,,208,0,0,0,0,0,0,0,0,1.8547791938495868,-0.7402100000000013,"11.558923469","14.519964286","2.961040816",,,
664126,"Fairbanks, Pete","TB",2019,2019,"All",0.038572917839407916,0.09649588062244047,174,0.011494252873563218,1,1,0,0,0,1,1,-0.31351870305709,0.2250592410018362,"11.785385965","15.800087719","4.014701754","16.9265","30.321","13.3945"
650530,"Garcia, Bryan","DET",2019,2019,"All",0.004005357911614551,,39,0,0,0,0,0,0,0,0,0.3273542895580729,-0.13659000000000004,"11.769157895","17.119","5.349842105",,,
605288,"Houser, Adrian","MIL",2019,2019,"All",0.1411286957146478,1.0632251404747435,609,0.031198686371100164,13,6,0,0,0,13,6,-8.475285956756657,4.080413082368847,"11.641490501","16.824580311","5.18308981","11.752","23.927052632","12.175052632"
656887,"Reid-Foley, Sean","TOR",2019,2019,"All",-0.15476871388886726,-0.2562782160922325,250,0.008,2,0,0,0,0,2,0,-0.4021520554916336,-0.16519622842342582,"12.198220339","16.763080508","4.564860169","13.191","25.3825","12.1915"
598287,"Ramirez, Noé","LAA",2019,2019,"All",-0.2500418951506401,-0.08720415428250075,373,0.01876675603217158,3,4,0,0,0,3,4,-2.5898268689797157,0.5953855081006736,"12.436886567","16.985050746","4.548164179","12.202714286","22.853571429","10.650857143"
663531,"Allen, Logan","CLE",2019,2019,"All",-0.08712501193229308,-0.1257769878331526,181,0.0055248618784530384,0,1,0,0,0,0,1,0.47023326713492053,-0.40260370079839314,"11.441358382","14.15850289","2.717144509","11.125","20.651","9.526"
592826,"Velasquez, Vince","PHI",2019,2019,"All",-0.12526714208691486,-0.2092624200688934,710,0.007042253521126761,4,1,0,0,0,4,1,0.620646560140421,-0.5542143424777745,"11.896981366","16.586791925","4.689810559","11.0382","24.5496","13.5114"
434538,"Liriano, Francisco","PIT",2019,2019,"All",-0.2596073512170181,-0.5202919395189607,387,0.00516795865633075,2,0,0,0,0,2,0,0.7001948897086002,-0.8881029536860764,"11.032612137","13.726912929","2.694300792","10.742","27.9345","17.1925"
502273,"Freeman, Mike","CLE",2019,2019,"All",0.000013277886497064594,,1,0,0,0,0,0,0,0,0,0.00029138943248532297,-0.0001,"15.535","18.637","3.102",,,
592346,"González, Chi Chi","COL",2019,2019,"All",0.1918166478644924,0.2477476006256777,366,0.00546448087431694,1,1,0,0,0,1,1,0.9568700029174151,0.0009836606244651436,"11.147022857","14.677008571","3.529985714","10.547","21.22","10.673"
600986,"Vieira, Thyago","CWS",2019,2019,"All",0.004766604020026845,,69,0,0,0,0,0,0,0,0,0.4084705201001346,-0.1709500000000001,"12.264362319","15.951971014","3.687608696",,,
572070,"Richards, Garrett","SD",2019,2019,"All",0.00755620191318942,,38,0,0,0,0,0,0,0,0,0.34474850956594716,-0.13643000000000005,"11.67527027","15.974216216","4.298945946",,,
518516,"Bumgarner, Madison","SF",2019,2019,"All",-0.9998130031785017,-1.2626487720538244,1064,0.011278195488721804,11,1,0,0,0,11,1,-1.8983788659555034,-1.378082733305333,"11.49255646","14.523536114","3.030979654","11.68125","26.591833333","14.910583333"
643256,"Cimber, Adam","CLE",2019,2019,"All",0.0692241404905909,,310,0,0,0,0,0,0,0,0,2.193033202452957,-0.8208500000000009,"11.846212544","15.454073171","3.607860627",,,
605498,"Suárez, Andrew","SF",2019,2019,"All",-0.012535654215008414,-0.05428389890434107,194,0.010309278350515464,1,1,0,0,0,1,1,-0.09648034732358295,0.015023144999351415,"11.043685864","14.374848168","3.331162304","13.591","26.433","12.842"
592741,"Shreve, Chasen","STL",2019,2019,"All",0.000720295394108368,,14,0,0,0,0,0,0,0,0,0.05445147697054181,-0.022599999999999988,"12.333714286","14.850785714","2.517071429",,,
592145,"Biddle, Jesse","TEX",2019,2019,"All",0.03152577789136874,-0.07746481354643786,252,0.003968253968253968,1,0,0,0,0,1,0,0.9403168420778328,-0.3478613122759956,"12.379023904","15.079677291","2.700653386","12.871","23.083","10.212"
571704,"Giles, Ken","TOR",2019,2019,"All",-0.19788739218741005,-0.12842184908098558,313,0.01597444089456869,4,1,0,0,0,4,1,-1.8163710384219443,0.3675262566599574,"11.88202381","16.680972789","4.79894898","12.2924","26.7274","14.435"
660623,"Ynoa, Huascar","ATL",2019,2019,"All",0.013022114628025784,,25,0,0,0,0,0,0,0,0,0.14485057314012878,-0.03543999999999997,"12.98612","16.67588","3.68976",,,
453343,"Melancon, Mark","ATL",2019,2019,"All",0.2026443077477064,0.3358181381182931,378,0.005291005291005291,2,0,0,0,0,2,0,1.5520258428938276,-0.2394685796245759,"11.674120879","15.672307692","3.998186813","13.7115","24.609","10.8975"
592866,"Williams, Trevor","PIT",2019,2019,"All",0.120576672266513,0.04027328774042363,797,0.005018820577164366,2,2,0,0,0,2,2,1.7962187454109126,-0.5303712818125994,"11.482402945","15.353697456","3.871294511","13.78575","24.86675","11.081"
607473,"Bradford, Chasen","SEA",2019,2019,"All",0.024433649001827665,,52,0,0,0,0,0,0,0,0,0.5319157450091383,-0.18211,"12.835176471","15.819137255","2.983960784",,,
656954,"Sheffield, Justus","SEA",2019,2019,"All",0.3642951526258981,0.7301477798801341,220,0.013636363636363636,2,1,0,0,0,2,1,-0.04024113368257004,0.8274297319164724,"11.742861244","14.128722488","2.385861244","11.038333333","20.541333333","9.503"
660546,"Díaz, Yennsy","TOR",2019,2019,"All",-0.0018212143673848604,,11,0,0,0,0,0,0,0,0,0.0440614281630757,-0.023629999999999998,"9.894727273","13.303363636","3.408636364",,,
541640,"Ramírez, Erasmo","BOS",2019,2019,"All",0.0007427559941226753,,10,0,0,0,0,0,0,0,0,0.051323779970613395,-0.02116000000000001,"12.7232","16.4764","3.7532",,,
669160,"May, Dustin","LAD",2019,2019,"All",0.27367839347420336,0.3233129098612357,195,0.005128205128205128,0,1,0,0,0,0,1,1.4573978146974578,-0.039558154367307474,"11.910041885","15.282780105","3.37273822","10.833","18.696","7.863"
608718,"Suter, Brent","MIL",2019,2019,"All",0.004674528503454422,,33,0,0,0,0,0,0,0,0,0.17137764251727222,-0.06578000000000006,"10.362866667","12.292","1.929133333",,,
642207,"Williams, Devin","MIL",2019,2019,"All",-0.16705533759699903,-0.10947959643635416,115,0.008695652173913044,1,0,0,0,0,1,0,-0.36472845302495294,-0.20913254887113017,"12.518313043","16.925704348","4.407391304","16.627","37.983","21.356"
571735,"Hale, David","NYY",2019,2019,"All",0.48702432989795147,,228,0,0,0,1,0,0,0,1,1.64789164948976,0.3498799999999993,"11.917630332","15.900464455","3.982834123",,,
503285,"O'Day, Darren","ATL",2019,2019,"All",0.0025514273267370404,,28,0,0,0,0,0,0,0,0,0.039532136633685155,-0.011899999999999977,"11.574107143","15.623821429","4.049714286",,,
606965,"Devenski, Chris","HOU",2019,2019,"All",-0.19273788332850966,-0.6486155291398157,428,0.030373831775700934,11,2,1,0,0,11,3,-7.005395394418427,2.685202656789282,"12.500965517","17.285331565","4.784366048","11.639769231","24.316","12.676230769"
448855,"Guerra, Junior","MIL",2019,2019,"All",0.07167103707657949,-0.12400565294795324,490,0.012244897959183673,5,1,0,0,0,5,1,-1.2471232009481745,0.7135459494804811,"11.422289362","15.683889362","4.2616","12.2944","24.3842","12.0898"
544928,"Lyons, Tyler","NYY",2019,2019,"All",0.024551161769949724,,67,0,0,0,0,0,0,0,0,0.5171133088497487,-0.17527000000000006,"12.343059701","14.600029851","2.256970149",,,
573046,"Morin, Mike","PHI",2019,2019,"All",0.5943032523899693,0.29995526517422855,265,0.007547169811320755,0,2,1,0,0,0,3,0.48689941732870057,1.1042741531649598,"11.960691057","15.709882114","3.749191057","12.0095","25.2525","13.243"
658551,"Fernández, Junior","STL",2019,2019,"All",0.008206849467387799,,72,0,0,0,0,0,0,0,0,0.3346592473369391,-0.1305000000000001,"11.532342857","14.549628571","3.017285714",,,
475054,"Roe, Chaz","TB",2019,2019,"All",-1.3862482578445308,-1.4975634931558455,403,0.022332506203473945,9,0,0,0,0,9,0,-5.989348155282974,-0.4186191706398636,"12.187490862","16.762793734","4.575302872","13.923888889","29.849666667","15.925777778"
642028,"Rogers, Josh","BAL",2019,2019,"All",0.004691663779978211,,79,0,0,0,0,0,0,0,0,0.48891581889989116,-0.20687000000000003,"13.155392405","14.711025316","1.555632911",,,
460086,"Gordon, Alex","KC",2019,2019,"All",0.0009776485889212072,,24,0,0,0,0,0,0,0,0,0.16313074294460606,-0.07033000000000002,"9.840166667","12.621291667","2.781125",,,
664918,"Keller, Kyle","MIA",2019,2019,"All",0.024812378725925205,,56,0,0,0,0,0,0,0,0,0.7730968936296261,-0.28846000000000016,"10.838132075","15.304830189","4.466698113",,,
669203,"Burnes, Corbin","MIL",2019,2019,"All",-0.27280994932204866,-0.3908745080663856,322,0.009316770186335404,3,0,0,0,0,3,0,-0.8217220383015579,-0.24103453702608252,"11.837603448","16.598510345","4.760906897","11.509666667","26.896","15.386333333"
656685,"Martin, Brett","TEX",2019,2019,"All",0.12847708161281263,,361,0,0,0,0,0,0,0,0,2.971562908064066,-1.0351899999999983,"12.316752907","14.652860465","2.336107558",,,
664199,"Clarke, Taylor","AZ",2019,2019,"All",0.7809871983634638,0.4034949195501283,493,0.006085192697768763,2,1,1,0,0,2,2,2.306185557167132,0.7105557487334161,"11.252435096","15.350211538","4.097776442","11.126333333","20.914666667","9.788333333"
424144,"Pérez, Oliver","CLE",2019,2019,"All",0.07515633902351822,-0.01429417334649924,293,0.0034129692832764505,1,0,0,0,0,1,0,1.9121825134178239,-0.6828448081334364,"11.782953737","14.117754448","2.334800712","10.977","19.181","8.204"
595897,"Burdi, Nick","PIT",2019,2019,"All",0.00313693356504151,,43,0,0,0,0,0,0,0,0,0.2482221678252077,-0.10335000000000001,"11.211902439","15.368146341","4.156243902",,,
642232,"Yarbrough, Ryan","TB",2019,2019,"All",0.02899217648993002,-0.0364340002904599,536,0.009328358208955223,3,2,0,0,0,3,2,0.3252220803694159,-0.08011608796433875,"11.672407921","14.080186139","2.407778218","11.14925","21.014","9.86475"
605260,"Guerrieri, Taylor","TEX",2019,2019,"All",-0.046714463580943874,0.037419406656174256,211,0.009478672985781991,1,1,0,0,0,1,1,0.1105354320679458,-0.15293677776562992,"12.687675","16.687605","3.99993","14.4145","27.6925","13.278"
641541,"Duplantier, Jon","AZ",2019,2019,"All",0.2906351479667482,0.38601765287267686,313,0.006389776357827476,1,1,0,0,0,1,1,1.541386135054361,-0.03920462009805148,"12.409595745","16.488510638","4.078914894","11.504","20.6905","9.1865"
605276,"Hess, David","BAL",2019,2019,"All",-0.022160895712123953,-0.24305977955984376,479,0.0020876826722338203,1,0,0,0,0,1,0,2.394858983700145,-1.1136282054492277,"12.058937916","15.274090909","3.215152993","12.152","27.428","15.276"
650644,"Civale, Aaron","CLE",2019,2019,"All",0.022436335527492673,,243,0,0,0,0,0,0,0,0,1.3328516776374635,-0.5425199999999999,"11.232294118","15.000348739","3.768054622",,,
593144,"Rodríguez, Richard","PIT",2019,2019,"All",0.39216028936524217,0.26190959106417905,453,0.004415011037527594,1,1,0,0,0,1,1,3.517850679278943,-0.6920218810901034,"11.139228972","14.956376168","3.817147196","12.6255","24.1635","11.538"
543903,"Webster, Allen","CHC",2019,2019,"All",-0.10709924581359684,-0.19958230888933376,72,0.027777777777777776,2,0,0,0,0,2,0,-0.9727007445138215,0.19431311797592762,"12.333385714","17.2082","4.874814286","12.726","27.498","14.772"
448281,"Doolittle, Sean","WSH",2019,2019,"All",-0.043048967406210684,-0.2065904993544438,433,0.004618937644341801,2,0,0,0,0,2,0,1.5675948529772465,-0.7923731955592446,"12.083830769","15.348976923","3.265146154","10.1985","24.5565","14.358"
664045,"Eshelman, Thomas","BAL",2019,2019,"All",0.033127356301863885,,182,0,0,0,0,0,0,0,0,1.4736517815093206,-0.5813400000000009,"11.668926829","15.776689024","4.107762195",,,
527055,"Vizcaíno, Arodys","ATL",2019,2019,"All",-0.0003840284373227761,,14,0,0,0,0,0,0,0,0,0.03727485781338612,-0.017419999999999995,"12.220142857","15.1615","2.941357143",,,
506433,"Darvish, Yu","CHC",2019,2019,"All",-1.9385844040628237,-2.1637077043543114,848,0.027122641509433963,22,1,0,0,0,22,1,-14.108305648781155,1.962392723763128,"12.178132832","17.437047619","5.258914787","12.45126087","25.912478261","13.461217391"
605501,"Tarpley, Stephen","NYY",2019,2019,"All",0.04849908408147044,,190,0,0,0,0,0,0,0,0,1.5116979204073542,-0.5640899999999998,"11.546864407","13.655039548","2.108175141",,,
621112,"Blackburn, Paul","OAK",2019,2019,"All",-0.37251166123522594,-0.3577273982841006,105,0.0380952380952381,4,0,0,0,0,4,0,-2.7490418708656854,0.3939926954175804,"13.278980392","17.626088235","4.347107843","13.68375","26.68025","12.9965"
605301,"Jerez, Williams","PIT",2019,2019,"All",0.017601497517914604,,81,0,0,0,0,0,0,0,0,0.601434987589573,-0.22819000000000003,"10.611025974","12.801753247","2.190727273",,,
592779,"Stewart, Brock","TOR",2019,2019,"All",0.3368210468314022,0.5903467578599171,234,0.008547008547008548,1,1,0,0,0,1,1,0.9297047914829655,0.33528908563290966,"12.281679612","16.366674757","4.084995146","13.9335","23.382","9.4485"
571710,"Givens, Mychal","BAL",2019,2019,"All",0.22860622090714483,-0.24562319937462862,415,0.024096385542168676,8,2,1,0,0,8,3,-4.506789129647406,2.5110312151925074,"11.215606684","16.726228792","5.510622108","10.4906","23.8104","13.3198"
622250,"Sborz, Josh","LAD",2019,2019,"All",0.0001381820727425426,,65,0,0,0,0,0,0,0,0,0.2901759103637128,-0.1286600000000001,"11.512828125","16.013140625","4.5003125",,,
502593,"Petricka, Jake","MIL",2019,2019,"All",0.10053565030963753,0.2297031763275342,55,0.01818181818181818,1,0,0,0,0,1,0,-0.1360799669181559,0.2838925415405974,"12.776716981","16.260679245","3.483962264","11.903","18.124","6.221"
519293,"Smith, Will","SF",2019,2019,"All",-0.06856097528384063,-0.1107925438698994,330,0.0030303030303030303,1,0,0,0,0,1,0,1.7948417781922463,-0.9500651798273116,"10.681176849","13.066803859","2.38562701","9.074","19.657","10.583"
543101,"DeSclafani, Anthony","CIN",2019,2019,"All",-0.7923927893138746,-0.5942498484101562,780,0.014102564102564103,8,3,0,0,0,8,3,-3.453085588085654,-0.22616815932609755,"11.453402315","16.160722142","4.707319826","13.833454545","27.916818182","14.083363636"
543606,"Odorizzi, Jake","MIN",2019,2019,"All",1.5498320815714428,0.8001626228679225,1011,0.002967359050445104,0,3,2,0,0,0,5,6.5828585579031955,0.5183563777573437,"11.105738938","14.999663717","3.893924779","10.481","18.963333333","8.482333333"
571578,"Corbin, Patrick","WSH",2019,2019,"All",-0.47987084563377513,-0.5507436318436557,1079,0.008341056533827619,7,2,0,0,0,7,2,0.5412395589393448,-1.306930572048098,"11.661002014","14.741818731","3.080816717","12.773","22.733555556","9.960555556"
407845,"Rodney, Fernando","WSH",2019,2019,"All",0.03675891762453665,0.24363324419572624,361,0.0221606648199446,5,3,0,0,0,5,3,-2.655491907784489,1.2619051092920857,"11.526383648","16.273783019","4.747399371","11.719","25.242","13.523"
640470,"Alzolay, Adbert","CHC",2019,2019,"All",0.011108319138799625,,81,0,0,0,0,0,0,0,0,0.4589665956939981,-0.1793000000000001,"11.925192308","14.731717949","2.806525641",,,
456696,"Hernandez, David","CIN",2019,2019,"All",-0.0794048600324905,-0.06386722706108533,285,0.0035087719298245615,1,0,0,0,0,1,0,0.8458410792968861,-0.55238461309304,"11.771837638","16.009461255","4.237623616","10.151","23.609","13.458"
489119,"Miley, Wade","HOU",2019,2019,"All",1.2971259353777256,0.07044645803210808,1038,0.0019267822736030828,1,1,3,1,0,2,4,4.632883322902108,0.8234428239940105,"10.74546875","12.985692888","2.240224138","10.526","19.1325","8.6065"
641312,"Anderson, Shaun","SF",2019,2019,"All",-0.04362940570170054,-0.12873970767203208,515,0.007766990291262136,1,3,0,0,0,1,3,0.9040247551576461,-0.4987430149627313,"11.475715481","16.176658996","4.700943515","12.6235","26.34975","13.72625"
543272,"Hand, Brad","CLE",2019,2019,"All",-0.20291790095299153,-0.17215017878490524,384,0.005208333333333333,2,0,0,0,0,2,0,1.0097711418396411,-0.8997158429353767,"11.757660377","14.22854717","2.470886792","15.8165","29.6755","13.859"
518468,"Blazek, Michael","WSH",2019,2019,"All",0.02572583820308653,,47,0,0,0,0,0,0,0,0,0.5211641910154329,-0.17446000000000003,"14.11287234","16.475297872","2.362425532",,,
543521,"McHugh, Collin","HOU",2019,2019,"All",-0.010044789193144173,0.04841572889421494,389,0.005141388174807198,2,0,0,0,0,2,0,1.0260125716304254,-0.47832734115384257,"11.679920844","15.219007916","3.539087071","12.139","22.4905","10.3515"
570632,"Ureña, José","MIA",2019,2019,"All",0.19978394208441957,0.20921172839175328,509,0.005893909626719057,2,1,0,0,0,2,1,2.4060187621000457,-0.6253773563013102,"11.131152361","15.069487124","3.938334764","10.995666667","23.097666667","12.102"
656322,"Coonrod, Sam","SF",2019,2019,"All",0.2467820266226313,0.38905328643642856,134,0.022388059701492536,2,1,0,0,0,2,1,-0.7708874436847873,0.8910211452435309,"11.895739496","16.559739496","4.664","10.854","22.091666667","11.237666667"
518886,"Kimbrel, Craig","CHC",2019,2019,"All",-0.27181564971826433,-0.3279426582638405,159,0.025157232704402517,2,2,0,0,0,2,2,-1.4421184683614334,0.03690676434227222,"12.28177037","17.1976","4.91582963","12.712","25.9885","13.2765"
547179,"Lorenzen, Michael","CIN",2019,2019,"All",0.07257094709110626,0.1647448981540005,416,0.009615384615384616,3,1,0,0,0,3,1,0.6960377341895498,-0.14808133277067492,"10.949105556","15.066869444","4.117763889","12.26225","22.0155","9.75325"
602922,"Rondón, José","BAL",2019,2019,"All",-0.0010787741272733796,,9,0,0,0,0,0,0,0,0,0.02864862936363309,-0.015129999999999996,"11.15","14.590888889","3.440888889",,,
607572,"Howard, Sam","COL",2019,2019,"All",-0.14212034771524765,-0.04575348674733003,187,0.0053475935828877,1,0,0,0,0,1,0,-0.3482487018338152,-0.16104579410774386,"12.236432584","15.42741573","3.190983146","20.758","33.671","12.913"
592229,"Covey, Dylan","CWS",2019,2019,"All",0.11314386913715122,0.308927628873692,371,0.013477088948787063,5,0,0,0,0,5,0,-1.1862801569527597,0.7786664456171231,"11.723420749","16.160072046","4.436651297","11.5218","21.6922","10.1704"
622772,"Cordero, Jimmy","CWS",2019,2019,"All",-0.41442109943438155,-0.4913173601680757,202,0.01485148514851485,3,0,0,0,0,3,0,-1.0440328148388902,-0.4569211921480074,"11.813755208","16.966671875","5.152916667","14.297666667","29.477","15.179333333"
623184,"Oberg, Scott","COL",2019,2019,"All",-0.09789217866699358,0.02399847319899584,323,0.01238390092879257,3,1,0,0,0,3,1,-0.1268577924040758,-0.1611569337470616,"10.868932886","15.502016779","4.633083893","11.485","22.853","11.368"
620446,"Urena, Richard","TOR",2019,2019,"All",0.005134095510627329,,13,0,0,0,0,0,0,0,0,0.13682047755313662,-0.049399999999999986,"11.848076923","14.978538462","3.130461538",,,
670167,"Schreiber, John","DET",2019,2019,"All",0.05307630283508139,,110,0,0,0,0,0,0,0,0,1.292214014175407,-0.45637000000000016,"10.399555556","12.873092593","2.473537037",,,
518693,"Freeman, Sam","LAA",2019,2019,"All",0.005300264038529341,,10,0,0,0,0,0,0,0,0,0.11148382019264673,-0.03777000000000001,"13.0919","15.0619","1.97",,,
572703,"Bard, Luke","LAA",2019,2019,"All",0.08429490785090306,0.11702921834005064,282,0.01773049645390071,4,1,0,1,0,5,1,-2.4061667169474488,1.2567294472008759,"11.839819742","16.025832618","4.186012876","12.8886","26.9166","14.028"
572998,"Lucas, Josh","BAL",2019,2019,"All",0.0026273239183412134,,95,0,0,0,0,0,0,0,0,0.5585591195917061,-0.2424100000000001,"12.235569892","15.440623656","3.205053763",,,
430935,"Hamels, Cole","CHC",2019,2019,"All",-0.28096322413827823,-0.7924158214187744,819,0.007326007326007326,6,0,1,0,0,6,1,-0.042375956645746726,-0.6055289617980577,"11.779959748","14.617962264","2.838002516","13.2735","29.850333333","16.576833333"
545333,"Bauer, Trevor","CIN",2019,2019,"All",0.2793663274080393,0.9041910468391621,1216,0.013980263157894737,13,4,0,0,0,13,4,-3.04669878007557,1.9749024076070172,"11.726763589","15.785167386","4.058403796","12.471058824","23.141882353","10.670823529"
542585,"Cisnero, José","DET",2019,2019,"All",0.040853843154671804,,280,0,0,0,0,0,0,0,0,1.7022742157733595,-0.6657800000000001,"11.662765799","14.972263941","3.309498141",,,
621078,"Lail, Brady","NYY",2019,2019,"All",0.0025003465803904185,,8,0,0,0,0,0,0,0,0,0.08103673290195208,-0.030459999999999994,"11.120625","15.314375","4.19375",,,
571539,"Carasiti, Matt","SEA",2019,2019,"All",0.3332608629252972,0.548518357927908,85,0.023529411764705882,1,1,0,0,0,1,1,-0.20242845753910854,0.8305478987402648,"12.094216867","15.389253012","3.295036145","11.0745","18.286","7.2115"
543557,"Montgomery, Mike","KC",2019,2019,"All",0.02033779402097069,-0.021440839279518176,551,0.019963702359346643,5,6,1,0,0,5,7,-4.333467293808537,1.9711805617392881,"11.632605634","14.0377666","2.405160966","12.4539","25.1733","12.7194"
543037,"Cole, Gerrit","HOU",2019,2019,"All",-0.13545054663679518,0.27825650858223666,892,0.014573991031390135,8,5,0,1,0,9,5,-3.9640231590405293,1.4607868559362467,"11.866326389","16.33487037","4.468543981","11.690538462","23.323153846","11.632615385"
446372,"Kluber, Corey","CLE",2019,2019,"All",-0.16751180140671487,0.12187257410529137,160,0.03125,3,2,0,0,0,3,2,-2.760144433143273,0.8544824116043107,"12.397584416","16.915441558","4.517857143","12.5446","23.0606","10.516"
457918,"Happ, J.A.","NYY",2019,2019,"All",0.08785406954938091,0.038653167988952214,945,0.0031746031746031746,2,1,0,0,0,2,1,4.8164945907712085,-1.9454329968996888,"11.506161326","13.647275138","2.141113812","11.521666667","20.878333333","9.356666667"
650893,"Cabrera, Génesis","STL",2019,2019,"All",-0.06167696672516959,0.0635189819178568,160,0.00625,1,0,0,0,0,1,0,0.4002986841648185,-0.3149704523514074,"11.025611842","12.941703947","1.916092105","13.164","28.142","14.978"
656427,"Flaherty, Jack","STL",2019,2019,"All",0.5060201129065177,0.14646925624350798,972,0.00411522633744856,1,3,1,0,0,1,4,4.245249412669583,-0.7622883769497732,"10.823821839","14.466393103","3.642571264","11.1855","20.60525","9.41975"
493200,"Oh, Seunghwan","COL",2019,2019,"All",0.014114767176274839,,121,0,0,0,0,0,0,0,0,0.8442813358813743,-0.34387000000000023,"11.06309322","14.470220339","3.407127119",,,
594902,"Lively, Ben","KC",2019,2019,"All",-0.001284417218653856,,8,0,0,0,0,0,0,0,0,0.005502913906730721,-0.005299999999999999,"11.907625","15.808625","3.901",,,
594027,"Guerrero, Tayron","MIA",2019,2019,"All",0.06975689766795666,0.055090499917568675,325,0.006153846153846154,1,1,0,0,0,1,1,1.1872103451687874,-0.3726337141462246,"12.173321543","16.199691318","4.026369775","10.989","28.913","17.924"
640455,"Manaea, Sean","OAK",2019,2019,"All",-0.051910084253198444,0.03637378494600202,128,0.0078125,0,1,0,0,0,0,1,-0.23430455074245302,-0.011220386899350721,"12.035889764","14.058984252","2.023094488","12.267","20.127","7.86"
656713,"McKay, Brendan","TB",2019,2019,"All",-0.054813864458602875,-0.08989605658276906,292,0.003424657534246575,0,1,0,0,0,0,1,1.2003619091900117,-0.6553027695480115,"12.046946809","14.780478723","2.733531915","13.323","23.706","10.383"
621142,"Buttrey, Ty","LAA",2019,2019,"All",-0.03171611725355872,0.15167673386062766,403,0.017369727047146403,5,2,0,0,0,5,2,-1.8651462182388494,0.7584736142093632,"12.283127717","16.660513587","4.37738587","12.104333333","22.774666667","10.670333333"
647336,"Soroka, Michael","ATL",2019,2019,"All",0.004115140021153929,-0.012177015856527806,825,0.008484848484848486,6,1,0,0,0,6,1,1.4082266169677293,-0.6167337408275293,"11.811306513","15.951773946","4.140467433","11.553714286","21.994428571","10.440714286"
502202,"Boxberger, Brad","KC",2019,2019,"All",-0.23545293635618836,-0.17868804504896485,170,0.023529411764705882,3,1,0,0,0,3,1,-1.632009401151159,0.20210876416454227,"11.628528662","16.369898089","4.741369427","11.87475","24.90775","13.033"
622103,"Reyes, Gerardo","SD",2019,2019,"All",0.004313800779586309,0.04467232132942048,130,0.007692307692307693,1,0,0,0,0,1,0,0.12551971181091282,-0.04620031462799146,"11.592869919","15.398178862","3.805308943","10.327","22.004","11.677"
521655,"Font, Wilmer","TOR",2019,2019,"All",0.24690800550423989,0.22810417296025154,535,0.013084112149532711,6,1,0,0,0,6,1,-0.7875464969838382,0.898705122002242,"12.138126953","16.479109375","4.340982422","13.681285714","28.458857143","14.777571429"
502190,"Leake, Mike","AZ",2019,2019,"All",0.9376111075960719,1.6186117324591014,1039,0.011549566891241578,5,7,0,0,0,5,7,-0.649020063268653,2.3720336005551212,"12.017290554","15.552468172","3.535177618","12.048","21.326666667","9.278666667"
607374,"Tropeano, Nick","LAA",2019,2019,"All",0.023662393650663,-0.6679568613214816,110,0.03636363636363636,4,0,1,0,0,4,1,-2.482277726378761,1.1558176420587005,"12.087061224","17.031591837","4.944530612","12.46775","23.826","11.35825"
572044,"Pounders, Brooks","NYM",2019,2019,"All",-0.005740807850985798,0.12921514292691286,71,0.028169014084507043,2,0,0,0,0,2,0,-0.6974423851466554,0.2972170426185453,"11.998523077","15.808507692","3.809984615","11.2365","21.0675","9.831"
665093,"Grotz, Zac","SEA",2019,2019,"All",-0.07228149306228014,-0.027763979206594958,109,0.027522935779816515,3,0,0,0,0,3,0,-1.2777267060615591,0.4072529958889601,"12.41447619","17.339780952","4.925304762","12.759","23.75","10.991"
657228,"Jewell, Jake","LAA",2019,2019,"All",0.20979496846140247,-0.07827708352852966,165,0.024242424242424242,4,0,1,0,0,4,1,-1.8654593615548558,1.2953040906052768,"12.319331126","16.160066225","3.840735099","11.57875","21.438","9.85925"
665001,"Kelley, Trevor","BOS",2019,2019,"All",-0.07389353087630172,0.04632356646704816,61,0.01639344262295082,1,0,0,0,0,1,0,-0.4120093930960792,0.018907439428698197,"12.138672131","14.938278689","2.799606557","15.165","30.669","15.504"
622505,"Alcántara, Victor","DET",2019,2019,"All",0.013859593295092926,0.21787493894263338,249,0.012048192771084338,2,1,0,0,0,2,1,-0.6502431035890534,0.3197960311397864,"12.574147541","16.387635246","3.813487705","12.867666667","23.411666667","10.544"
600968,"Rosario, Randy","KC",2019,2019,"All",-0.003226704360524669,,88,0,0,0,0,0,0,0,0,0.5374564781973769,-0.24604000000000006,"12.640627907","14.79044186","2.149813953",,,
571912,"Maile, Luke","TOR",2019,2019,"All",-0.0004835818060157752,,10,0,0,0,0,0,0,0,0,0.0059070909699211254,-0.0036999999999999997,"13.6335","16.7392","3.1057",,,
593679,"Ynoa, Gabriel","BAL",2019,2019,"All",0.12759553365946366,0.23076364264680777,559,0.005366726296958855,1,2,0,1,0,2,2,1.5201585518288458,-0.3920803926806723,"11.997085066","15.982393195","3.985308129","11.497333333","23.790333333","12.293"
622491,"Castillo, Luis","CIN",2019,2019,"All",-0.28782578158234545,0.3809858668712562,977,0.007164790174002047,6,1,0,2,0,8,1,0.2255499525220509,-0.7398572713039004,"11.194845238","14.914119048","3.71927381","11.163714286","21.551285714","10.387571429"
543001,"Carpenter, Ryan","DET",2019,2019,"All",0.09630284105738705,0.14065666566217064,251,0.00796812749003984,2,0,1,2,0,4,1,-1.4092891676424126,0.8403570546352677,"11.189123894","13.600384956","2.411261062","12.313","20.935","8.622"
600858,"Arteaga, Humberto","KC",2019,2019,"All",0.0007837115793073492,,4,0,0,0,0,0,0,0,0,0.017238557896536742,-0.005919999999999998,"11.53925","14.6765","3.13725",,,
657566,"DuRapau, Montana","PIT",2019,2019,"All",0.033221242697307696,,150,0,0,0,0,0,0,0,0,1.1816887134865393,-0.4513700000000006,"12.552788321","16.14520438","3.592416058",,,
643327,"Godley, Zack","TOR",2019,2019,"All",0.2019189421042372,0.20971839014529992,473,0.0021141649048625794,0,1,0,0,0,0,1,2.69247529223799,-0.7479469252074673,"12.101538298","15.068859574","2.967321277","11.232","18.144","6.912"
458924,"Venters, Jonny","WSH",2019,2019,"All",0.012678973763873955,,74,0,0,0,0,0,0,0,0,0.5826498688193706,-0.23078000000000004,"12.128058824","14.086632353","1.958573529",,,
663855,"Hicks, Jordan","STL",2019,2019,"All",-0.0014412157935300952,,153,0,0,0,0,0,0,0,0,1.05839392103235,-0.4736000000000002,"11.485993243","15.120533784","3.634540541",,,
592716,"Sampson, Adrian","TEX",2019,2019,"All",0.9961526418765435,0.20886417708216234,706,0.0056657223796034,2,2,2,0,0,2,4,1.790578914128076,1.4178596867798432,"11.74018196","15.581021773","3.840839813","12.56975","21.215","8.64525"
608337,"Giolito, Lucas","CWS",2019,2019,"All",0.28317496863641806,0.5766977814373628,894,0.005592841163310962,2,3,0,0,0,2,3,3.796538194518755,-1.058072600594072,"11.23452194","14.474159353","3.239637413","11.5266","20.0652","8.5386"
570666,"Cessa, Luis","NYY",2019,2019,"All",0.026969765203972484,0.2167082216137543,494,0.008097165991902834,3,1,0,0,0,3,1,1.1998285535807134,-0.47332432336037616,"11.556251174","15.5452277","3.988976526","12.38925","22.0965","9.70725"
572193,"Tepera, Ryan","TOR",2019,2019,"All",0.04864058606332432,0.1252977653316592,121,0.01652892561983471,1,1,0,0,0,1,1,-0.48084963715303897,0.32180114109762714,"12.616981651","16.611155963","3.994174312","11.726","21.857","10.131"
571974,"Murphy, John Ryan","ATL",2019,2019,"All",-0.0031094388405610196,,38,0,0,0,0,0,0,0,0,0.121342805797195,-0.06084000000000002,"11.728131579","13.936657895","2.208526316",,,
573124,"Rogers, Taylor","MIN",2019,2019,"All",0.07644277599385894,,336,0,0,0,0,0,0,0,0,2.918031379969295,-1.1270300000000002,"11.045819876","13.135332298","2.089512422",,,
519222,"Romine, Austin","NYY",2019,2019,"All",-0.0003352786550420387,,8,0,0,0,0,0,0,0,0,0.03846360672478979,-0.01783999999999999,"12.270625","12.96525","0.694625",,,
593334,"Germán, Domingo","NYY",2019,2019,"All",0.21698461704883457,-0.206572905504228,735,0.006802721088435374,1,4,0,0,0,1,4,1.6607601567970933,-0.2559275873568523,"11.673814815","16.096780741","4.422965926","11.897","24.7456","12.8486"
621237,"Alvarado, José","TB",2019,2019,"All",0.016825250277111615,,249,0,0,0,0,0,0,0,0,1.5622412513855592,-0.6569400000000003,"11.712807531","14.412698745","2.699891213",,,
450203,"Morton, Charlie","TB",2019,2019,"All",1.1507121130833657,0.8117315494669809,1021,0.0039177277179236044,1,3,1,0,0,1,4,6.133361373362927,-0.16880035908715307,"11.387642027","15.878832101","4.491190074","11.40925","20.0515","8.64225"
518875,"Kelley, Shawn","TEX",2019,2019,"All",-0.18296692879891485,-0.2546176751637593,273,0.007326007326007326,2,0,0,0,0,2,0,-0.21373672957476847,-0.31159907307547147,"12.41374717","16.383622642","3.969875472","12.226","25.541","13.315"
592468,"Kingham, Nick","TOR",2019,2019,"All",-0.4783975642238931,-0.4365742527820111,370,0.013513513513513514,4,1,0,0,0,4,1,-1.9237084496725103,-0.20812416508753473,"11.592075843","16.059266854","4.467191011","13.756","27.541","13.785"
543294,"Hendricks, Kyle","CHC",2019,2019,"All",1.2207641220011378,0.4650686229275352,849,0.01060070671378092,5,4,2,0,0,5,6,-0.8570880574482032,3.093737185535065,"11.645625488","16.174074122","4.528448635","11.685444444","23.844555556","12.159111111"
471911,"Carrasco, Carlos","CLE",2019,2019,"All",0.37950315445381677,-0.21033798684311605,423,0.014184397163120567,3,3,1,0,0,3,4,-1.4725718088524185,1.497816702720669,"11.937994937","16.325458228","4.387463291","12.025333333","24.221","12.195666667"
642840,"Harvey, Joe","COL",2019,2019,"All",-0.34535864982293846,-0.481056963657552,144,0.027777777777777776,3,1,0,0,0,3,1,-2.1207340441590747,0.17508479779750366,"11.937356061","16.951015152","5.013659091","11.822","26.77075","14.94875"
519151,"Pressly, Ryan","HOU",2019,2019,"All",-0.09891295377794057,-0.12226740018750393,226,0.004424778761061947,1,0,0,0,0,1,0,0.41319781243635817,-0.4034500361449159,"11.648075117","15.555873239","3.907798122","11.205","23.829","12.624"
518489,"Brasier, Ryan","BOS",2019,2019,"All",-0.03878994650918911,-0.09722771381748044,367,0.0027247956403269754,1,0,0,0,0,1,0,2.1789547456848917,-1.0546242125470378,"11.352996721","15.672439344","4.319442623","12.769","26.307","13.538"
525768,"Collins, Tim","CHC",2019,2019,"All",0.0028092268105156847,,39,0,0,0,0,0,0,0,0,0.1905586340525784,-0.07845000000000008,"13.359105263","16.352368421","2.993263158",,,
606162,"Ramírez, Yefry","PIT",2019,2019,"All",-0.21966534635500926,-0.27928291726145105,183,0.01639344262295082,2,1,0,0,0,2,1,-1.3335050754308513,0.1045237082914687,"12.369438889","16.837055556","4.467616667","12.077666667","25.928333333","13.850666667"
594965,"Ponce de Leon, Daniel","STL",2019,2019,"All",0.713949063791357,1.0670847240065962,303,0.006600660066006601,0,2,0,0,0,0,2,1.6437755648050134,0.8559865574007889,"11.973768421","15.538592982","3.564824561","11.966","17.0145","5.0485"
642226,"Wotherspoon, Matt","BAL",2019,2019,"All",0.0018174726447534244,,30,0,0,0,0,0,0,0,0,0.17938986322376727,-0.07569000000000005,"11.983068966","15.115896552","3.132827586",,,
643316,"Fry, Paul","BAL",2019,2019,"All",0.004023654054305056,-0.08035008869636726,401,0.0024937655860349127,1,0,0,0,0,1,0,2.127687333794708,-0.9366973615658605,"11.919184143","15.053790281","3.134606138","9.996","23.908","13.912"
596112,"Stephenson, Robert","CIN",2019,2019,"All",-0.11202622188379639,-0.038571170844808295,304,0.023026315789473683,6,1,0,0,0,6,1,-3.400822905051921,1.262529686947976,"12.367709343","16.352550173","3.98484083","11.262","22.570285714","11.308285714"
461325,"Clippard, Tyler","CLE",2019,2019,"All",0.2000622257467867,-0.06152800941499262,270,0.011111111111111112,1,2,0,0,0,1,2,0.011181751216247704,0.43961305667452755,"12.142992157","16.641329412","4.498337255","12.279","22.086333333","9.807333333"
542866,"Adams, Austin","DET",2019,2019,"All",0.08081221824407048,,113,0,0,0,0,0,0,0,0,1.2497460912203535,-0.37586000000000014,"12.436395349","17.301290698","4.864895349",,,
663465,"Allard, Kolby","TEX",2019,2019,"All",-0.2098028547985532,-0.15037203163448204,323,0.006191950464396285,2,0,0,0,0,2,0,0.7545864279157415,-0.8016003119593362,"10.503522436","12.759099359","2.255576923","14.2625","28.088","13.8255"
592662,"Ray, Robbie","AZ",2019,2019,"All",-0.7346680710680231,-0.8228050299388632,1051,0.007611798287345386,6,2,0,0,0,6,2,0.13268713828369938,-1.6915677749439182,"11.843621849","14.640856092","2.797234244","12.519875","24.923","12.403125"
668678,"Gallen, Zac","AZ",2019,2019,"All",0.3306555497441606,0.8101228239773597,550,0.016363636363636365,5,4,0,0,0,5,4,-1.3256413550627344,1.3239640461260178,"11.356644295","16.205744966","4.849100671","11.365666667","22.502444444","11.136777778"
448801,"Davis, Chris","BAL",2019,2019,"All",0.0016134556962025296,,1,0,0,0,0,0,0,0,0,0.013962278481012641,-0.0026199999999999973,"10.137","12.942","2.805",,,
643466,"Musgrave, Harrison","COL",2019,2019,"All",0.022525717791055666,,113,0,0,0,0,0,0,0,0,0.6889885889552783,-0.25616000000000017,"11.566672727","14.807945455","3.241272727",,,
591693,"Ramos, Edubray","PHI",2019,2019,"All",0.03590030492772,0.030088241941298055,103,0.009708737864077669,0,1,0,0,0,0,1,0.4323274398144088,-0.11236707341147045,"12.471527473","16.460505495","3.988978022","11.302","22.109","10.807"
639373,"Bautista, Gerson","SEA",2019,2019,"All",0.028498344457879566,,102,0,0,0,0,0,0,0,0,0.8003692222893984,-0.2923900000000002,"12.90570297","16.587316832","3.681613861",,,
476451,"Hellickson, Jeremy","WSH",2019,2019,"All",-0.4143126343603197,-0.4212590850534631,288,0.013888888888888888,4,0,0,0,0,4,0,-1.1810115698913903,-0.3958007119600842,"11.563405405","16.167374517","4.603969112","14.7725","30.09675","15.32425"
543883,"Vincent, Nick","PHI",2019,2019,"All",0.12069919730237401,0.10165187361525233,308,0.003246753246753247,0,1,0,0,0,0,1,1.6248627017817299,-0.4539407623421604,"12.421452632","15.087277193","2.665824561","11.809","19.889","8.08"
545358,"Stassi, Max","LAA",2019,2019,"All",0.00005164783427495281,,5,0,0,0,0,0,0,0,0,0.001383239171374764,-0.0005,"8.7996","9.476","0.6764",,,
656302,"Cease, Dylan","CWS",2019,2019,"All",-0.12745877332530098,-0.0262288739190671,423,0.002364066193853428,1,0,0,0,0,1,0,1.4222736308423376,-0.9153633322083745,"11.476367901","15.470925926","3.994558025","13.882","32.308","18.426"
608716,"Steckenrider, Drew","MIA",2019,2019,"All",0.004326178223602489,,41,0,0,0,0,0,0,0,0,0.3343358911180126,-0.13898000000000005,"11.110558824","16.722117647","5.611558824",,,
473879,"Dyson, Sam","MIN",2019,2019,"All",-0.3115681077065353,-0.2502880394006185,236,0.0211864406779661,4,1,0,0,0,4,1,-2.076095627725447,0.23033559519678642,"12.116637615","17.345752294","5.229114679","11.6808","23.6974","12.0166"
543193,"Gagnon, Drew","NYM",2019,2019,"All",0.012455345109304983,0.1448571551430298,109,0.01834862385321101,2,0,0,0,0,2,0,-0.23754712436041409,0.13325504440308375,"11.624412371","15.230670103","3.606257732","11.9345","21.3195","9.385"
641743,"Kay, Anthony","TOR",2019,2019,"All",0.0008267339682045518,,69,0,0,0,0,0,0,0,0,0.359476169841023,-0.15793000000000024,"10.9916","13.744984615","2.753384615",,,
595928,"Curtiss, John","LAA",2019,2019,"All",0.0036363090519871684,,12,0,0,0,0,0,0,0,0,0.07902154525993581,-0.027039999999999998,"12.685916667","15.991083333","3.305166667",,,
456034,"Price, David","BOS",2019,2019,"All",-0.3137893663746504,-0.5888175026680326,694,0.005763688760806916,3,1,0,0,0,3,1,2.208995640141551,-1.6790855431176908,"11.755436662","14.130490313","2.375053651","11.33325","29.50925","18.176"
614179,"Ruiz, José","CWS",2019,2019,"All",0.1782245497300975,0.42167487627733935,318,0.009433962264150943,1,2,0,0,0,1,2,0.9860898428359687,-0.04220759741577004,"11.72732872","15.415788927","3.688460208","13.181333333","27.117333333","13.936"
592773,"Stanek, Ryne","MIA",2019,2019,"All",-0.6200623714526936,-0.20838863373206673,353,0.0226628895184136,6,2,0,0,0,6,2,-4.242518831572917,0.5076475441375364,"11.592756522","15.780284058","4.187527536","13.839625","26.971125","13.1315"
641755,"Kinley, Tyler","MIA",2019,2019,"All",0.43243799784368986,-0.00023091233631392094,293,0.0034129692832764505,1,0,1,0,0,1,1,1.1152909702457634,0.4652884528767489,"11.752427509","15.524204461","3.771776952","12.197","19.487","7.29"
502043,"Gibson, Kyle","MIN",2019,2019,"All",0.20613277531901839,0.24996637748055373,969,0.006191950464396285,4,2,0,0,0,4,2,2.9116329353992128,-0.8359862483573874,"11.840138322","15.736987528","3.896849206","11.4375","21.709666667","10.272166667"
644364,"Arano, Víctor","PHI",2019,2019,"All",-0.0025024957834262488,0.05105249609911908,13,0.07692307692307693,0,1,0,0,0,0,1,-0.5891646642359724,0.2562898601417072,"10.272545455","15.048181818","4.775636364","11.543","21.978","10.435"
605400,"Nola, Aaron","PHI",2019,2019,"All",-0.5732729177168048,-1.418899524946844,1224,0.010620915032679739,7,6,1,0,0,7,7,-2.4950376303073996,-0.16503420367850097,"11.652012464","16.52642186","4.874409396","11.678538462","24.352538462","12.674"
570488,"Valdez, Phillips","TEX",2019,2019,"All",-0.20871432678154153,-0.21705074247556302,133,0.022556390977443608,3,0,0,0,0,3,0,-1.7257376686811001,0.30318490434373013,"12.068032","15.932144","3.864112","12.155","23.502","11.347"
606478,"Araújo, Pedro","BAL",2019,2019,"All",-0.0017635810038297568,,8,0,0,0,0,0,0,0,0,0.009182094980851218,-0.008,"10.881","13.649875","2.768875",,,
450314,"Zobrist, Ben","CHC",2019,2019,"All",0.004218707246151361,,14,0,0,0,0,0,0,0,0,0.11860853623075684,-0.04334000000000002,"10.512428571","12.796428571","2.284",,,
594986,"Ryan, Kyle","CHC",2019,2019,"All",0.09127931411530638,-0.4384795164798947,376,0.010638297872340425,3,1,1,0,0,3,2,-0.5658910351318164,0.45435004698149006,"11.406137931","14.178952978","2.772815047","13.096","26.4025","13.3065"
461829,"González, Gio","MIL",2019,2019,"All",-0.014412956786075237,0.32721814331622545,416,0.01201923076923077,4,1,0,0,0,4,1,-0.33463443348579536,0.11669762202463199,"11.115360614","13.75701023","2.641649616","13.3462","25.3886","12.0424"
605541,"Wright Jr., Mike","SEA",2019,2019,"All",0.05556551565069107,0.11872749016636933,215,0.004651162790697674,0,1,0,0,0,0,1,0.6156721536497322,-0.15015314462056661,"13.378133333","16.579252381","3.201119048","12.024","19.632","7.608"
571945,"Mikolas, Miles","STL",2019,2019,"All",-0.056703734094111176,0.03999711270673667,981,0.0061162079510703364,4,2,0,1,0,5,2,1.3642756536530753,-0.7323530329438359,"11.234449594","14.717955968","3.483506373","14.166","27.5445","13.3785"
543118,"Drake, Oliver","TB",2019,2019,"All",-0.11892563844788667,-0.08636339130035067,302,0.013245033112582781,1,3,0,0,0,1,3,-1.3698835074594409,0.3445579178755585,"11.6638","15.395844828","3.732044828","12.53775","23.64675","11.109"
656464,"Ginkel, Kevin","AZ",2019,2019,"All",-0.06380227686328538,-0.05704255104194356,151,0.006622516556291391,1,0,0,0,0,1,0,0.4962462421799882,-0.3623367228872964,"12.509345324","16.285582734","3.77623741","11.818","21.593","9.775"
584171,"Velázquez, Hector","BOS",2019,2019,"All",0.19646118397159895,0.41222296399865127,281,0.010676156583629894,0,3,0,0,0,0,3,-0.4590392449739032,0.6405978510364008,"12.209519531","16.236238281","4.02671875","14.336333333","25.183","10.846666667"
656803,"Norwood, James","CHC",2019,2019,"All",0.4538775116269518,,77,0,0,0,1,0,0,0,1,0.48626255813475844,0.7925000000000011,"11.878383562","16.761958904","4.883575342",,,
608596,"Murphy, Tom","SEA",2019,2019,"All",0.0016648905669990107,,10,0,0,0,0,0,0,0,0,0.09953945283499509,-0.04054000000000002,"14.2516","15.3326","1.081",,,
665120,"Walsh, Jared","LAA",2019,2019,"All",0.021817033256070956,,50,0,0,0,0,0,0,0,0,0.4707951662803549,-0.16076000000000001,"13.32674","15.95578","2.62904",,,
605170,"Caratini, Victor","CHC",2019,2019,"All",-0.001535550175315409,,9,0,0,0,0,0,0,0,0,0.04994474912342296,-0.025610000000000004,"11.43425","12.5565","1.12225",,,
595918,"Cole, A.J.","CLE",2019,2019,"All",-0.047760515038531334,-0.0835924543000085,184,0.005434782608695652,1,0,0,0,0,1,0,0.6741125026195142,-0.4057400345831872,"12.216815029","15.619410405","3.402595376","11.407","21.097","9.69"
623352,"Hader, Josh","MIL",2019,2019,"All",-0.006581254070003269,-0.18278926263585643,290,0.0034482758620689655,1,0,0,0,0,1,0,1.9187319225516397,-0.8673947524007355,"12.142683453","15.255971223","3.11328777","18.945","28.285","9.34"
592712,"Sadzeck, Connor","SEA",2019,2019,"All",-0.0792014108365643,-0.10673584928334157,123,0.008130081300813009,1,0,0,0,0,1,0,-0.34680852710266785,-0.021866012035623758,"12.926688525","17.569590164","4.642901639","12.676","24.933","12.257"
656222,"Beeks, Jalen","TB",2019,2019,"All",-0.15420210090975617,-0.38507644085898785,711,0.005625879043600563,3,1,0,0,0,3,1,1.5444788347770433,-1.0291063730336965,"11.811566814","14.689982379","2.878415565","11.339","24.263","12.924"
605156,"Brooks, Aaron","BAL",2019,2019,"All",-0.13207706767926253,0.25276085548158955,615,0.011382113821138212,6,1,0,0,0,6,1,-0.6302564186025936,-0.013390631019426003,"11.957710572","15.677097054","3.719386482","12.04","22.313857143","10.273857143"
622072,"Wood, Alex","CIN",2019,2019,"All",0.10175516620921093,0.22805534589091558,176,0.011363636363636364,1,1,0,0,0,1,1,0.24198512557632496,0.11857364687543555,"11.252266272","13.933816568","2.681550296","11.359","19.85","8.491"
592761,"Smith, Caleb","MIA",2019,2019,"All",-0.1766129840362567,-0.13344162690800254,945,0.008465608465608466,7,1,0,0,0,7,1,1.535718598560952,-1.075014897218768,"10.919028269","12.991597173","2.072568905","11.799125","22.701","10.901875"
643354,"Hart, Donnie","NYM",2019,2019,"All",-0.014537882487118745,0.031919880384467,44,0.022727272727272728,0,1,0,0,0,0,1,-0.4835107123964678,0.18258724442705515,"11.0767","13.6486","2.5719","11.034","20.068","9.034"
641341,"Bashlor, Tyler","NYM",2019,2019,"All",-0.1829752137690222,-0.19826347784004725,144,0.020833333333333332,3,0,0,0,0,3,0,-1.1810232435877037,0.11828763321892953,"12.258310606","16.328318182","4.070007576","11.897333333","24.109","12.211666667"
493603,"Ottavino, Adam","NYY",2019,2019,"All",-1.570672131409949,-1.766313041975717,463,0.032397408207343416,14,1,0,0,0,14,1,-10.003725234257583,0.9557175898701536,"12.29275895","18.053785203","5.761026253","12.6028","28.115866667","15.513066667"
658648,"Avila, Pedro","SD",2019,2019,"All",0.005809485901279497,,22,0,0,0,0,0,0,0,0,0.28415242950639746,-0.11338000000000004,"10.6719","14.56775","3.89585",,,
457754,"Edwards, Jon","CLE",2019,2019,"All",0.006565388119061155,,51,0,0,0,0,0,0,0,0,0.20569444059530587,-0.07683000000000005,"13.130568627","16.554882353","3.424313725",,,
594987,"Sadler, Casey","LAD",2019,2019,"All",0.0029285365878622144,-0.04114677687192758,220,0.00909090909090909,0,2,0,0,0,0,2,0.030050281815477916,-0.006847821722740752,"12.369851675","16.701779904","4.33192823","11.8785","24.044","12.1655"
596071,"Peters, Dillon","LAA",2019,2019,"All",-0.3928938770113894,-0.39770431411441803,507,0.005917159763313609,3,0,0,0,0,3,0,1.2717459706789493,-1.4383179358826212,"11.790270742","13.918572052","2.12830131","12.654666667","26.504333333","13.849666667"
641729,"Jiménez, Joe","DET",2019,2019,"All",-0.25942275680822247,-0.027188690831183,331,0.006042296072507553,1,1,0,1,0,2,1,-0.23226423098493884,-0.47326646802496675,"11.99325","16.519707792","4.526457792","12.576","22.8815","10.3055"
645261,"Alcantara, Sandy","MIA",2019,2019,"All",-0.7764082442344108,-0.980977778853595,1104,0.009963768115942028,9,2,0,0,0,9,2,-1.8181473052835133,-0.9172861848393472,"11.578272291","16.051554171","4.473281879","12.296545455","24.767818182","12.471272727"
605143,"Black, Ray","MIL",2019,2019,"All",-0.09551319163695202,-0.14923036633323628,75,0.013333333333333334,1,0,0,0,0,1,0,-0.3299752819640013,-0.06559585609811508,"12.112111111","16.284208333","4.172097222","10.051","27.192","17.141"
543548,"Milone, Tommy","SEA",2019,2019,"All",0.01405545151782337,0.09287443228663506,472,0.00847457627118644,3,1,0,0,0,3,1,-0.48470949003248176,0.24666077672071296,"11.867592255","14.407776765","2.54018451","12.712","24.70675","11.99475"
608723,"Voth, Austin","WSH",2019,2019,"All",0.12189941977625264,0.297732835804588,210,0.004761904761904762,0,1,0,0,0,0,1,0.78693090988187,-0.07885947155582584,"11.744474576","15.72280226","3.978327684","15.255","29.01","13.755"
518452,"Bettis, Chad","COL",2019,2019,"All",0.49165716546421867,0.46891449964052945,335,0.0029850746268656717,0,1,0,0,0,0,1,2.687772161381024,-0.1019939262488534,"10.828028391","14.09029653","3.262268139","11.469","18.219","6.75"
571927,"Matz, Steven","NYM",2019,2019,"All",-0.16154615995478033,-0.6882787532494816,955,0.009424083769633508,8,1,0,0,0,8,1,1.120090754467166,-0.8568095796626953,"11.317304153","14.079258137","2.761953984","12.888888889","26.050777778","13.161888889"
502578,"Barrett, Aaron","WSH",2019,2019,"All",0.0030725355226361873,,44,0,0,0,0,0,0,0,0,0.2927426776131809,-0.12328000000000004,"12.967325","17.402425","4.4351",,,
542882,"Andriese, Matt","AZ",2019,2019,"All",0.1262203908318716,0.5661529162492518,470,0.014893617021276596,5,2,0,0,0,5,2,-1.5714804035295424,0.9789254923061772,"12.494142523","16.593780374","4.09963785","12.994571429","23.453571429","10.459"
572086,"Rodgers, Brady","HOU",2019,2019,"All",0.005447919675789739,,25,0,0,0,0,0,0,0,0,0.21338209837894873,-0.08272999999999997,"13.871375","16.284166667","2.412791667",,,
608648,"Duffey, Tyler","MIN",2019,2019,"All",0.46167968036245766,0.501911309673587,336,0.002976190476190476,0,1,0,0,0,0,1,2.013212507610711,0.13119373075625604,"12.118128527","15.200109718","3.081981191","10.741","16.965","6.224"
518614,"Descalso, Daniel","CHC",2019,2019,"All",0.0000038468158347676454,,1,0,0,0,0,0,0,0,0,0.00024423407917383824,-0.0001,"13.482","14.653","1.171",,,
500610,"Guerra, Deolis","MIL",2019,2019,"All",-0.0006888528466155429,,5,0,0,0,0,0,0,0,0,0.008390735766922277,-0.0052599999999999964,"12.89825","14.2105","1.31225",,,
664092,"Poppen, Sean","MIN",2019,2019,"All",0.0061803673585125556,,30,0,0,0,0,0,0,0,0,0.20721183679256283,-0.07836000000000001,"11.596266667","14.1476","2.551333333",,,
488768,"Cashner, Andrew","BOS",2019,2019,"All",1.5817546709702857,2.1183101734747742,861,0.006968641114982578,1,5,0,0,0,1,5,3.5626014035433244,1.9316319783591835,"10.959268263","14.279366467","3.320098204","10.766666667","18.360666667","7.594"
607219,"Romano, Sal","CIN",2019,2019,"All",0.2968190985088055,0.4111463484799905,99,0.010101010101010102,0,1,0,0,0,0,1,0.3111855625600656,0.5212933022150944,"12.50272043","15.949247312","3.446526882","10.934","18.369","7.435"
622092,"Zimmer, Kyle","KC",2019,2019,"All",0.038878821415521556,0.0029232788646779695,140,0.007142857142857143,1,0,0,0,0,1,0,0.21495374053879293,-0.009137614871638115,"12.586294964","16.867776978","4.281482014","12.372","24.388","12.016"
607457,"Barraclough, Kyle","SF",2019,2019,"All",0.19698619814260956,0.5743625226534547,276,0.010869565217391304,1,2,0,0,0,1,2,0.40280750456352465,0.25872154939978725,"11.826967871","15.646128514","3.819160643","12.444333333","22.613333333","10.169"
592135,"Bedrosian, Cam","LAA",2019,2019,"All",0.1161441310114466,0.28087368002557445,388,0.007731958762886598,2,1,0,0,0,2,1,0.1355309918007257,0.19786207255844845,"12.248622283","15.978119565","3.729497283","11.405333333","20.701666667","9.296333333"
542888,"Armstrong, Shawn","BAL",2019,2019,"All",-0.16354916056512153,0.12286769274415027,477,0.012578616352201259,6,0,0,0,0,6,0,-1.5183634423177002,0.3113856175520424,"11.687810458","15.419557734","3.731747277","14.2705","27.887833333","13.617333333"
667498,"Dugger, Robert","MIA",2019,2019,"All",0.017363223146093898,,209,0,0,0,0,0,0,0,0,1.0980561157304685,-0.4494400000000004,"11.133811224","15.219479592","4.085668367",,,
543475,"Lyles, Jordan","MIL",2019,2019,"All",0.8520381039040936,0.989133050878527,813,0.006150061500615006,4,1,0,0,0,4,1,3.0666764940641142,0.5304506779806052,"11.106989835","15.178030496","4.071040661","12.463","21.8806","9.4176"
571666,"Fiers, Mike","OAK",2019,2019,"All",0.27787313189803503,-0.07710370396545049,923,0.011917659804983749,8,3,1,0,0,8,4,-2.020909962226931,1.5156780540964954,"11.681810237","16.654953808","4.973143571","10.8776","23.1673","12.2897"
502188,"Samardzija, Jeff","SF",2019,2019,"All",-0.27371065196841055,-0.28641181709966,949,0.01685985247629083,12,4,0,0,0,12,4,-3.7341621774193934,1.051381741145483,"11.774247696","16.83897235","5.064724654","12.0918125","23.3685","11.2766875"
596043,"Mengden, Daniel","OAK",2019,2019,"All",0.08137397526132953,0.30408111654554415,377,0.010610079575596816,2,2,0,0,0,2,2,-0.03128663386892605,0.19473622674469854,"11.846566766","15.690783383","3.844216617","13.33075","25.08775","11.757"
605195,"Crick, Kyle","PIT",2019,2019,"All",-0.6540098847421689,-0.5898783334295155,289,0.01730103806228374,5,0,0,0,0,5,0,-2.9033107368493987,-0.16299497193842544,"11.057265018","15.337286219","4.280021201","13.663","27.6972","14.0342"
661403,"Clase, Emmanuel","TEX",2019,2019,"All",0.04139561210110233,,97,0,0,0,0,0,0,0,0,0.9496580605055118,-0.33008000000000004,"13.025434783","16.789097826","3.763663043",,,
658791,"Huang, Wei-Chieh","TEX",2019,2019,"All",0.023155012240770045,0.08659920431864593,83,0.012048192771084338,0,1,0,0,0,0,1,-0.1458957539988811,0.1162981400901029,"12.261158537","16.379134146","4.11797561","10.415","19.623","9.208"
642558,"Jurado, Ariel","TEX",2019,2019,"All",0.36863026244688357,0.2619132968462644,678,0.01032448377581121,4,3,0,0,0,4,3,0.2054908039886843,0.7278491147758834,"11.689602184","15.936566303","4.246964119","11.675833333","21.580666667","9.904833333"
542953,"Boshers, Buddy","TOR",2019,2019,"All",0.003254269690904454,,144,0,0,0,0,0,0,0,0,0.6295538484545224,-0.27256999999999965,"11.195739437","13.682133803","2.486394366",,,
594840,"Grace, Matt","WSH",2019,2019,"All",-0.10112411715308038,-0.19714748009097127,260,0.0038461538461538464,1,0,0,0,0,1,0,0.5622057266609627,-0.4745894721894948,"12.21872332","15.284893281","3.06616996","12.366","26.055","13.689"
543766,"Shaw, Bryan","COL",2019,2019,"All",0.17065288791232397,0.17330109297943352,382,0.002617801047120419,0,1,0,0,0,0,1,2.270820334790466,-0.6300248423239319,"11.610305177","15.305689373","3.695384196","10.325","18.968","8.643"
448614,"Torres, Carlos","DET",2019,2019,"All",0.012653855291563088,,47,0,0,0,0,0,0,0,0,0.44054927645781533,-0.16768000000000005,"12.808181818","15.994954545","3.186772727",,,
429719,"Jackson, Edwin","DET",2019,2019,"All",-0.4641994726231021,-0.4400988458531587,487,0.008213552361396304,3,1,0,0,0,3,1,-0.3300320171820401,-0.8848734870815372,"11.006550336","16.336076063","5.329525727","14.19775","31.002","16.80425"
612672,"Chen, Wei-Yin","MIA",2019,2019,"All",0.136879504746917,,397,0,0,0,0,0,0,0,0,2.8385925237345893,-0.9574199999999983,"11.923392765","13.77120155","1.847808786",,,
544727,"Familia, Jeurys","NYM",2019,2019,"All",-0.05741266218603772,0.19444477792742704,421,0.011876484560570071,3,2,0,0,0,3,2,-0.6811551230667967,0.17515191650515927,"11.484274406","15.32255409","3.838279683","12.463","24.3424","11.8794"
608678,"Leone, Dominic","STL",2019,2019,"All",-0.03203048673960955,-0.0882388034779982,236,0.00423728813559322,1,0,0,0,0,1,0,1.0900604956494842,-0.5556501908211254,"11.280278027","15.398013453","4.117735426","11.516","24.576","13.06"
605482,"Sneed, Cy","HOU",2019,2019,"All",0.017667647928460328,,143,0,0,0,0,0,0,0,0,0.9157307396423022,-0.36773000000000006,"12.403695035","15.682808511","3.279113475",,,
595939,"Ellis, Chris","KC",2019,2019,"All",-0.00085534363915354,,9,0,0,0,0,0,0,0,0,0.01565828180423233,-0.00886000000000001,"11.606888889","14.450555556","2.843666667",,,
624133,"Suárez, Ranger","PHI",2019,2019,"All",-0.3929862458696159,-0.3776362132681982,276,0.007246376811594203,0,2,0,1,0,1,2,-0.5045308648239154,-0.6490668286774051,"11.324094118","13.849607843","2.525513725","11.4455","23.724","12.2785"
519166,"Ramírez, Neil","TOR",2019,2019,"All",-0.16375915437063726,-0.0953636706977957,166,0.018072289156626505,3,0,0,0,0,3,0,-0.9366986726365993,0.05240128923707331,"12.341428571","16.901350649","4.559922078","11.642333333","22.696666667","11.054333333"
429722,"Santana, Ervin","CWS",2019,2019,"All",-0.054696820770783236,-0.06818951707250992,75,0.013333333333333334,1,0,0,0,0,1,0,-0.4245603384697916,0.0671449931626115,"12.640147059","17.019485294","4.379338235","10.841","22.379","11.538"
641525,"Dixon, Brandon","DET",2019,2019,"All",0.0005702027441972103,,8,0,0,0,0,0,0,0,0,0.07692101372098609,-0.03292000000000001,"12.037333333","12.698166667","0.660833333",,,
527048,"Pérez, Martín","MIN",2019,2019,"All",-0.42763825247508297,-0.24946645844935106,1005,0.009950248756218905,9,1,0,0,0,9,1,0.35386104058443835,-1.107578801315489,"12.014401691","14.552001057","2.537599366","12.572","23.9314","11.3594"
571901,"Loup, Aaron","SD",2019,2019,"All",-0.0014329578633018418,,14,0,0,0,0,0,0,0,0,0.037407710683490844,-0.019810000000000022,"11.561583333","14.65775","3.096166667",,,
592705,"Rumbelow, Nick","SEA",2019,2019,"All",0.004469158153004578,,8,0,0,0,0,0,0,0,0,0.1163957907650229,-0.04180000000000001,,,,,,
518876,"Kelly, Merrill","AZ",2019,2019,"All",0.3462825555537382,0.3680346741977426,947,0.0031678986272439284,2,1,0,0,0,2,1,5.0466605096026935,-1.4734434363706697,"11.697906574","15.252254902","3.554348328","10.821","22.195","11.374"
489265,"Romo, Sergio","MIN",2019,2019,"All",-0.1763264291084206,-0.9011504633547491,344,0.01744186046511628,6,0,1,0,0,6,1,-2.995537513790248,0.9395134969991774,"12.471657534","16.761390411","4.289732877","12.777333333","24.670833333","11.8935"
621141,"Lockett, Walker","NYM",2019,2019,"All",0.5027798450055712,0.8307030130306681,141,0.014184397163120567,0,2,0,0,0,0,2,0.15632060517911237,1.0478127199327743,"11.803810606","15.733","3.929189394","11.3815","19.8575","8.476"
605218,"Edwards Jr., Carl","SD",2019,2019,"All",0.009412038059901229,,110,0,0,0,0,0,0,0,0,0.7245576902995062,-0.3011100000000001,"10.991849057","14.897198113","3.905349057",,,
662253,"Muñoz, Andrés","SD",2019,2019,"All",-0.3482007350854223,-0.35258489243136915,135,0.007407407407407408,1,0,0,1,0,2,0,-1.0381634876531525,-0.31237341678842573,"11.924522727","15.666901515","3.742378788","13.888","34.313","20.425"
663432,"Rainey, Tanner","WSH",2019,2019,"All",0.4655624050134366,-0.033519297450142954,359,0.008356545961002786,3,0,1,0,0,3,1,0.6959705867711058,0.7252628614649246,"11.605510769","15.95436","4.348849231","11.353","22.989666667","11.636666667"
592717,"Sanchez, Aaron","HOU",2019,2019,"All",0.05732420215466391,-0.047045734335878595,879,0.01478953356086462,11,2,1,0,0,11,3,-4.307899038384564,2.0420089107368335,"11.615322181","16.438957869","4.823635688","12.124","25.031538462","12.907538462"
501303,"Adrianza, Ehire","MIN",2019,2019,"All",0.00021211877006287595,,4,0,0,0,0,0,0,0,0,0.011410593850314368,-0.004599999999999995,"12.35175","14.44075","2.089",,,
501381,"Pineda, Michael","MIN",2019,2019,"All",-0.38507836611653584,0.01550018698411626,736,0.012228260869565218,8,1,0,0,0,8,1,-2.0389855608763727,0.05048610235275389,"11.80679351","15.983334808","4.176541298","13.554555556","24.858","11.303444444"
502154,"Britton, Zack","NYY",2019,2019,"All",0.017727590540047265,-0.031030929429088,315,0.0031746031746031746,1,0,0,0,0,1,0,1.4635295261373649,-0.6110629215276113,"12.309579125","15.294959596","2.985380471","11.723","23.4","11.677"
664139,"Gibaut, Ian","TEX",2019,2019,"All",0.4679493294030973,,103,0,0,0,1,0,0,0,1,0.47523914701548736,0.82867,"13.198244681","16.764617021","3.56637234",,,
503449,"Peralta, Wily","KC",2019,2019,"All",0.11039656706857931,0.2036617912630901,298,0.013422818791946308,3,1,0,0,0,3,1,-0.5566125536803743,0.4927090617881203,"11.770222222","15.692181481","3.921959259","11.34075","22.009","10.66825"
642528,"Loáisiga, Jonathan","NYY",2019,2019,"All",-0.0369638902671543,-0.15678110750679108,220,0.013636363636363636,3,0,0,0,0,3,0,-0.1686652027362805,-0.007179666044217742,"12.013256039","16.139560386","4.126304348","11.937333333","24.205","12.267666667"
613317,"Bird, Kyle","TEX",2019,2019,"All",-0.0758405009450717,,108,0.027777777777777776,3,0,0,1,0,4,0,-2.387134489097599,0.8924142152765512,"11.680407767","14.295980583","2.615572816","13.428666667","25.974666667","12.546"
660761,"Suarez, José","LAA",2019,2019,"All",-0.5554968521659681,-1.159737421447009,582,0.012027491408934709,5,2,0,0,0,5,2,-1.2124634683655482,-0.695564796650795,"11.850401186","14.632120553","2.781719368","12.731285714","24.590571429","11.859285714"
596133,"Weaver, Luke","AZ",2019,2019,"All",0.010508522947179216,,384,0,0,0,0,0,0,0,0,1.9047426147358972,-0.8232000000000005,"11.496225071","14.402165242","2.905940171",,,
572008,"Owings, Chris","BOS",2019,2019,"All",0.0015841235324897164,,25,0,0,0,0,0,0,0,0,0.11079061766244865,-0.045720000000000025,"12.3084","14.89528","2.58688",,,
592280,"Eades, Ryan","BAL",2019,2019,"All",-0.10398755047064519,0.11545961604150579,88,0.03409090909090909,3,0,0,0,0,3,0,-1.389886159800492,0.3866437366432308,"12.321025316","15.667088608","3.346063291","11.482","21.702","10.22"
624586,"Hoyt, James","CLE",2019,2019,"All",0.006860018234374912,0.09270035068691188,27,0.037037037037037035,0,1,0,0,0,0,1,-0.3766480937018862,0.18264363772167141,"9.219666667","14.303296296","5.08362963","11.118","20.896","9.778"
642100,"Speier, Gabe","KC",2019,2019,"All",0.0031883171530352724,,43,0,0,0,0,0,0,0,0,0.30457158576517646,-0.12827999999999998,"11.870810811","14.994810811","3.124",,,
641838,"McCarthy, Kevin","KC",2019,2019,"All",0.014738112937296842,0.0021119175633066423,369,0.0027100271002710027,1,0,0,0,0,1,0,1.5829027708077898,-0.670760980498357,"12.002324159","15.906183486","3.903859327","10.627","22.393","11.766"
664856,"Adams, Chance","NYY",2019,2019,"All",-0.15552114404645836,,203,0,0,0,0,1,0,1,0,0.5201492797677091,-0.5767799999999998,"11.839825843","15.125179775","3.285353933",,,
670456,"Hammer, JD","PHI",2019,2019,"All",-0.1304601771619875,-0.10758272078264092,113,0.008849557522123894,1,0,0,0,0,1,0,-0.28758914459377705,-0.16209410720718154,"12.556899083","16.957477064","4.400577982","11.758","26.682","14.924"
453192,"Miller, Andrew","STL",2019,2019,"All",0.06978029335564472,,375,0,0,0,0,0,0,0,0,2.7213464667782254,-1.0544199999999986,"11.633097143","13.832748571","2.199651429",,,
605441,"Ríos, Yacksel","PIT",2019,2019,"All",-0.1851249517737494,,122,0,0,0,0,1,0,1,0,-0.42936475886874625,-0.22056000000000014,"12.678274336","16.656911504","3.978637168",,,
445197,"Dunn, Mike","COL",2019,2019,"All",-0.044105481604814964,-0.049021060321460225,115,0.008695652173913044,0,1,0,0,0,0,1,0.06123100085905791,-0.12522595950361431,"10.945089109","13.284366337","2.339277228","11.304","20.925","9.621"
656686,"Martin, Corbin","HOU",2019,2019,"All",-0.061044900952534564,-0.11613545217499888,126,0.007936507936507936,1,0,0,0,0,1,0,-0.17513288327290777,-0.05781849843989509,"11.660775862","16.601318966","4.940543103","11.009","23.643","12.634"
606625,"Moronta, Reyes","SF",2019,2019,"All",-0.5356903067123706,-0.7805073864387668,505,0.011881188118811881,6,0,0,0,0,6,0,-1.4554460143541574,-0.5435580085367476,"11.657361345","15.77472479","4.117363445","12.2515","26.683166667","14.431666667"
622797,"Payano, Pedro","TEX",2019,2019,"All",-0.15887790448714373,-0.23554513297320281,194,0.005154639175257732,1,0,0,0,0,1,0,0.38479288118655974,-0.5240810682765678,"11.510516304","14.96376087","3.453244565","14.077","35.547","21.47"
467827,"Parra, Gerardo","WSH",2019,2019,"All",-0.00013117232322059215,,10,0,0,0,0,0,0,0,0,0.017569138383897027,-0.008099999999999993,"12.9408","15.3207","2.3799",,,
543901,"Weber, Ryan","BOS",2019,2019,"All",-0.11468990117011052,-0.2127505674806236,186,0.005376344086021506,1,0,0,0,0,1,0,-0.014628305658622089,-0.24836497786308026,"11.946363636","15.799545455","3.853181818","13.417","28.705","15.288"
502706,"Holland, Derek","CHC",2019,2019,"All",-0.24599338147569558,-0.37409617988834676,567,0.010582010582010581,5,1,0,0,0,5,1,-0.9026297803285181,-0.14548316757775767,"11.966792381","14.267081905","2.300289524","11.302333333","23.674666667","12.372333333"
642152,"Trivino, Lou","OAK",2019,2019,"All",-0.15919904577065241,-0.1489283552016892,414,0.026570048309178744,8,3,0,0,0,8,3,-5.086065452252313,1.9066978770662464,"12.212545213","17.008010638","4.795465426","11.162181818","22.877727273","11.715545455"
571917,"Markel, Parker","PIT",2019,2019,"All",0.06139314154482133,,182,0,0,0,0,0,0,0,0,1.379000707724106,-0.47646,"12.901320225","17.035039326","4.133719101",,,
518633,"Duffy, Danny","KC",2019,2019,"All",0.2879310053303371,0.23213937495614081,810,0.0024691358024691358,1,1,0,0,0,1,1,5.619250949656101,-1.8575981880019579,"11.290357238","13.722679947","2.432322709","13.971","21.004","7.033"
628711,"Urías, Julio","LAD",2019,2019,"All",-0.261750872493016,-0.12309717815099108,476,0.01050420168067227,4,1,0,1,0,5,1,-0.5968235007260901,-0.3164137163284406,"11.164648019","13.786086247","2.621438228","10.0322","22.3586","12.3264"
657024,"Swanson, Erik","SEA",2019,2019,"All",-0.11590492397706714,-0.07963969839995783,291,0.013745704467353952,4,0,0,0,0,4,0,-0.5549642170545662,-0.010915734591453063,"11.648234657","16.273270758","4.625036101","12.33275","23.1325","10.79975"
643493,"Pruitt, Austin","TB",2019,2019,"All",0.021730314926677177,,187,0,0,0,0,0,0,0,0,1.1848265746333864,-0.4783000000000003,"11.1489375","15.002920455","3.853982955",,,
519393,"Walden, Marcus","BOS",2019,2019,"All",-0.053926131091067364,0.08315896486751989,461,0.010845986984815618,4,1,0,0,0,4,1,-0.38846439664221294,0.052814996083057925,"11.735109005","16.487618483","4.752509479","12.3494","25.131","12.7816"
501817,"Barnette, Tony","CHC",2019,2019,"All",-0.0036318543505336467,,16,0,0,0,0,0,0,0,0,0.05663072824733181,-0.03324000000000002,"10.008933333","15.003866667","4.994933333",,,
502026,"Jeffress, Jeremy","MIL",2019,2019,"All",0.4958139504116824,0.4666161000467024,327,0.0030581039755351682,0,1,0,0,0,0,1,2.354762554690839,0.055247643274477065,"11.392217949","15.327608974","3.935391026","7.623","16.005","8.382"
660813,"Graterol, Brusdar","MIN",2019,2019,"All",0.0054623338659087525,,21,0,0,0,0,0,0,0,0,0.1343666693295438,-0.047580000000000004,"10.980285714","13.409142857","2.428857143",,,
462136,"Estrada, Marco","OAK",2019,2019,"All",0.004739644386702657,,128,0,0,0,0,0,0,0,0,0.8561757219335141,-0.3699899999999998,"11.969822917","14.922875","2.953052083",,,
605463,"Scott, Tayler","BAL",2019,2019,"All",0.02671429115890509,,151,0,0,0,0,0,0,0,0,0.9281589557945263,-0.3531499999999999,"12.795646259","16.367823129","3.572176871",,,
467008,"Strop, Pedro","CHC",2019,2019,"All",0.49469399445035694,,244,0,0,0,1,0,0,0,1,1.6309574722517857,0.37445000000000084,"12.704358407","16.396367257","3.69200885",,,
543022,"Chatwood, Tyler","CHC",2019,2019,"All",0.1615579947203637,0.18795923637020204,452,0.004424778761061947,2,0,0,0,0,2,0,1.574086550608373,-0.3405762564473576,"11.8437","15.473890698","3.630190698","15.373","26.2635","10.8905"
548389,"Stripling, Ross","LAD",2019,2019,"All",0.2452296473729649,0.37156743234263434,474,0.008438818565400843,2,2,0,0,0,2,2,0.8546268122804352,0.1651206331486179,"11.440535714","15.459227679","4.018691964","12.201","21.501","9.3"
606959,"Davis, Rookie","PIT",2019,2019,"All",0.00681086054074936,,69,0,0,0,0,0,0,0,0,0.3847168027037469,-0.15585000000000013,"10.65519403","15.91241791","5.257223881",,,
458681,"Lynn, Lance","TEX",2019,2019,"All",0.5381245436566311,0.5003014244708084,1210,0.008264462809917356,7,3,0,0,0,7,3,2.1547075626279018,0.23818451362455798,"12.197390863","16.204558376","4.007167513","11.9446","23.7586","11.814"
458584,"Cedeño, Xavier","CHC",2019,2019,"All",-0.1285572618601782,-0.13868435454611316,12,0.08333333333333333,1,0,0,0,0,1,0,-0.8155631571395655,0.07678971015052205,"14.89025","18.962875","4.072625","13.836","23.247","9.411"
668676,"Plesac, Zach","CLE",2019,2019,"All",2.498610842203165,0.28960122376263736,618,0.0016181229773462784,1,0,5,0,0,1,5,3.9859078215062462,3.7809539508931476,"10.746242857","14.706975","3.960732143","9.439","18.787","9.348"
642397,"Soto, Gregory","DET",2019,2019,"All",0.12244206221134882,0.3803109291815611,406,0.009852216748768473,3,1,0,0,0,3,1,-0.04355633460909496,0.29145184251815365,"11.563616541","14.423518797","2.859902256","13.2175","27.35525","14.13775"
475115,"Ross, Tyson","DET",2019,2019,"All",-0.19871492411787028,-0.02406839651934306,192,0.03125,3,3,0,0,0,3,3,-2.9815884119563596,0.883561685052004,"11.588606557","16.512153005","4.923546448","11.912666667","22.820666667","10.908"
605280,"Holmes, Clay","PIT",2019,2019,"All",0.3760954770974878,0.06011293916449986,358,0.008379888268156424,2,1,1,0,0,2,2,0.08856384336545178,0.7964060187208831,"12.156553517","16.207012232","4.050458716","12.051","23.927","11.876"
453265,"Watson, Tony","SF",2019,2019,"All",0.0040001233077266544,-0.04714450136417586,271,0.0036900369003690036,1,0,0,0,0,1,0,1.9127240990406038,-0.8412104366675384,"10.868356275","13.302267206","2.433910931","12.357","21.998","9.641"
600917,"Leclerc, José","TEX",2019,2019,"All",0.049856996211368396,0.03923596329345089,443,0.009029345372460496,4,0,0,0,0,4,0,-0.23098303435467715,0.21345245129400936,"12.499410798","16.724286385","4.224875587","10.76025","22.29275","11.5325"
465657,"Soria, Joakim","OAK",2019,2019,"All",-0.0517972183701572,-0.09627011429549119,336,0.002976190476190476,1,0,0,0,0,1,0,1.5308022868361073,-0.7954615016386188,"11.141111821","15.454025559","4.312913738","10.749","22.67","11.921"
433587,"Hernández, Félix","SEA",2019,2019,"All",0.025435801794387345,0.0232806678042817,384,0.010416666666666666,3,1,0,0,0,3,1,-0.5713727425580662,0.31046744512444774,"11.552301587","15.820206349","4.267904762","10.7205","20.299","9.5785"
600887,"Del Pozo, Miguel","LAA",2019,2019,"All",-0.1946756516102569,-0.09347797106049524,45,0.022222222222222223,1,0,0,0,0,1,0,-0.7087560266552216,-0.11760988062047234,"11.501175","15.14975","3.648575","15.118","35.71","20.592"
282332,"Sabathia, CC","NYY",2019,2019,"All",-1.0867745511581184,-1.1829141567572858,498,0.01606425702811245,6,2,0,0,0,6,2,-3.82110541159568,-0.7167854863088681,"11.785700405","14.368354251","2.582653846","13.058","28.916125","15.858125"
643230,"Brault, Steven","PIT",2019,2019,"All",-1.3038856927789013,-1.2315460280810253,772,0.010362694300518135,8,0,0,1,0,9,0,-3.0687311064041767,-1.5336432699956908,"11.740533875","15.121151762","3.380617886","12.247625","30.383125","18.1355"
670712,"Brosseau, Mike","TB",2019,2019,"All",0.0013572403381795397,,14,0,0,0,0,0,0,0,0,0.07093370169089765,-0.02850999999999997,"14.549428571","16.827071429","2.277642857",,,