"player_id","player_name","team_name","start_year","end_year","key_target_base","runs_prevented_on_running_attr","n_pitcher_cs_aa","n_init","rate_sbx","n_sb","n_cs","n_pk","n_bk","n_fb","n_plus","n_minus","net_attr_plus","net_attr_minus","r_primary_lead","r_secondary_lead","r_sec_minus_prim_lead","r_primary_lead_sbx","r_secondary_lead_sbx","r_sec_minus_prim_lead_sbx"
448855,"Guerra, Junior","AZ",2020,2020,"All",0.015315469195558285,,129,0,0,0,0,0,0,0,0,0.8013698459777915,-0.32213,"12.341530435","16.614704348","4.273173913",,,
641729,"Jiménez, Joe","DET",2020,2020,"All",0.15405383264448388,0.2224380351568664,155,0.012903225806451613,2,0,0,0,0,2,0,0.20548286261543025,0.2510161336031062,"12.573053691","16.265369128","3.692315436","12.0785","22.638","10.5595"
571602,"Davidson, Matt","CIN",2020,2020,"All",0.009725967654566837,,22,0,0,0,0,0,0,0,0,0.2716048382728343,-0.09910000000000002,"9.472047619","13.718238095","4.246190476",,,
545064,"Díaz, Jairo","COL",2020,2020,"All",0.02174918544873174,,159,0,0,0,0,0,0,0,0,0.8183284272436587,-0.3153699999999995,"12.275300654","16.133392157","3.858091503",,,
543557,"Montgomery, Mike","KC",2020,2020,"All",-0.10223830104013892,-0.07359845938114518,26,0.038461538461538464,1,0,0,0,0,1,0,-0.6060765820893026,0.042171145283825796,"10.1214","12.31244","2.19104","7.692","19.491","11.799"
641154,"López, Pablo","MIA",2020,2020,"All",0.018487943054855266,0.3285123343019902,274,0.01824817518248175,5,0,0,0,0,5,0,-1.1168429942774742,0.5374589820230001,"11.561126923","15.624246154","4.063119231","11.8684","21.2478","9.3794"
518489,"Brasier, Ryan","BOS",2020,2020,"All",-0.11477728004547343,0.12138521050385406,208,0.004807692307692308,0,1,0,1,0,1,1,0.31794127885725365,-0.3963678573709429,"11.303887701","15.632411765","4.328524064","11.608","21.383","9.775"
592804,"Thornburg, Tyler","CIN",2020,2020,"All",-0.00714855341232369,0.07588542049227029,43,0.023255813953488372,1,0,0,0,0,1,0,-0.5382727421934956,0.22334665561416736,"11.04715","14.559375","3.512225","10.087","21.319","11.232"
680692,"Stiever, Jonathan","CWS",2020,2020,"All",0.0049183500570437865,,33,0,0,0,0,0,0,0,0,0.22004925028521896,-0.08686999999999996,"10.184909091","14.447272727","4.262363636",,,
605240,"Fry, Jace","CWS",2020,2020,"All",0.09803646491935092,0.309490529034925,104,0.009615384615384616,0,1,0,0,0,0,1,0.26097503920488163,0.1018699046186099,"10.353049505","12.321277228","1.968227723","11.283","25.191","13.908"
656257,"Brigham, Jeff","MIA",2020,2020,"All",0.005426953095684807,,4,0,0,0,0,0,0,0,0,0.09670476547842406,-0.030920000000000017,"10.78225","15.22675","4.4445",,,
675921,"Howard, Spencer","PHI",2020,2020,"All",0.07231471147772965,0.08441190385307476,164,0.006097560975609756,1,0,0,0,0,1,0,0.9582311764375224,-0.2651811640217221,"11.488","15.589006711","4.101006711","10.666","19.377","8.711"
656464,"Ginkel, Kevin","AZ",2020,2020,"All",-0.11440288092794855,-0.0038807089357105196,156,0.019230769230769232,2,1,0,0,0,2,1,-0.9197317130325546,0.1545410259523612,"12.583742188","16.205523438","3.62178125","13.510333333","22.835","9.324666667"
607229,"Gsellman, Robert","NYM",2020,2020,"All",-0.00523983517911027,0.08797187099714865,119,0.008403361344537815,1,0,0,0,0,1,0,0.03238665081121539,-0.026038145203007096,"12.698348624","16.80840367","4.110055046","10.082","19.741","9.659"
516969,"Herrera, Kelvin","CWS",2020,2020,"All",-0.0011114366133364768,,6,0,0,0,0,0,0,0,0,0.016380316933317613,-0.009749999999999998,"13.533","14.378","0.845",,,
605482,"Sneed, Cy","HOU",2020,2020,"All",0.01217117151189532,,142,0,0,0,0,0,0,0,0,0.6916883575594763,-0.2803699999999999,"13.120444444","16.042807407","2.922362963",,,
660600,"Paredes, Enoli","HOU",2020,2020,"All",0.14158696597799322,0.28409809882014014,144,0.006944444444444444,0,1,0,0,0,0,1,0.8370299759197003,-0.0573756204576602,"12.035985612","16.057755396","4.021769784","11.654","17.401","5.747"
664141,"Brubaker, JT","PIT",2020,2020,"All",0.3837063263543252,0.6125721410706069,257,0.007782101167315175,1,1,0,0,0,1,1,1.115713837772563,0.35680790844403065,"11.527324675","15.538333333","4.011008658","10.578","19.398","8.82"
656546,"Hoffman, Jeff","COL",2020,2020,"All",-0.02233402123523218,0.045803731930939784,208,0.009615384615384616,1,1,0,0,0,1,1,-0.17734845152978518,0.029190375712721817,"11.712","15.599573604","3.887573604","10.487","21.9545","11.4675"
571656,"Farmer, Buck","DET",2020,2020,"All",-0.10415440991047083,-0.10306661907512515,109,0.009174311926605505,1,0,0,0,0,1,0,-0.03584651731586436,-0.21552245877177348,"10.766468085","14.531882979","3.765414894","11.26","23.14","11.88"
622065,"Young, Alex","AZ",2020,2020,"All",-0.23186302301955944,-0.2589528578984491,234,0.008547008547008548,2,0,0,0,0,2,0,-0.3179259899959571,-0.37395072226748466,"12.086177885","15.008759615","2.922581731","11.079","24.144","13.065"
607074,"Rodón, Carlos","CWS",2020,2020,"All",0.003740610651639732,,43,0,0,0,0,0,0,0,0,0.15732555325819844,-0.061609999999999915,"11.56472093","14.742232558","3.177511628",,,
669373,"Skubal, Tarik","DET",2020,2020,"All",-0.05325345709185439,0.08200894646635895,179,0.01675977653631285,3,0,0,0,0,3,0,-0.5247906392120704,0.11489926833457755,"10.996285714","13.509006211","2.512720497","11.506333333","21.989333333","10.483"
596057,"Norris, Daniel","DET",2020,2020,"All",-0.087638128163723,-0.05707422122579911,187,0.016042780748663103,3,0,0,0,0,3,0,-0.5421708803988929,0.0462134398134566,"12.347223464","15.255268156","2.908044693","12.456","25.567666667","13.111666667"
672715,"Patiño, Luis","SD",2020,2020,"All",-0.06403850927151793,-0.09509261775000727,151,0.006622516556291391,1,0,0,0,0,1,0,0.28893939344348285,-0.27072530657825505,"12.888517007","17.012333333","4.123816327","13.193","23.444","10.251"
571676,"Frankoff, Seth","SEA",2020,2020,"All",-0.06717105153206454,-0.04473523089779699,32,0.03125,1,0,0,0,0,1,0,-0.6873726096519965,0.15622993421852166,"11.134483871","15.483935484","4.349451613","12.225","21.294","9.069"
657611,"Hill, Cam","CLE",2020,2020,"All",0.005022255676365873,,55,0,0,0,0,0,0,0,0,0.45519877838182926,-0.19114999999999996,"10.52198","13.89952","3.37754",,,
460077,"Butera, Drew","COL",2020,2020,"All",0.0011785612039524247,,17,0,0,0,0,0,0,0,0,0.03239780601976203,-0.011779999999999957,"11.6285625","13.7549375","2.126375",,,
608371,"Sims, Lucas","CIN",2020,2020,"All",0.015439616808182038,,172,0,0,0,0,0,0,0,0,1.0137830840409094,-0.41625999999999996,"11.380935294","14.992447059","3.611511765",,,
622491,"Castillo, Luis","CIN",2020,2020,"All",0.09244515538193403,0.4067282127011056,376,0.007978723404255319,1,2,0,0,0,1,2,0.6407059828561197,-0.07932453597620004,"11.177447887","14.539047887","3.3616","10.712","19.078666667","8.366666667"
592229,"Covey, Dylan","BOS",2020,2020,"All",0.07075881220555179,0.13310226414497794,72,0.013888888888888888,0,1,0,0,0,0,1,-0.08399776382451446,0.19457414437878806,"11.8086","16.018538462","4.209938462","10.71","21.131","10.421"
641540,"Dunning, Dane","CWS",2020,2020,"All",0.08805073439935951,0.15121324164789085,179,0.00558659217877095,1,0,0,0,0,1,0,0.5451481327636873,-0.046619760340840366,"10.865190476","15.009607143","4.144416667","10.131","20.298","10.167"
579328,"Kikuchi, Yusei","SEA",2020,2020,"All",-0.20052060092251825,-0.20174341991240768,229,0.013100436681222707,3,0,0,0,0,3,0,-0.2048193874008718,-0.3545704965385425,"11.367334862","14.065559633","2.698224771","14.336333333","26.787","12.450666667"
572125,"Selman, Sam","SF",2020,2020,"All",0.012563338435218351,,121,0,0,0,0,0,0,0,0,0.7270391921760921,-0.29520999999999986,"12.099847458","14.270338983","2.170491525",,,
543548,"Milone, Tommy","ATL",2020,2020,"All",0.2937878314166229,-0.18436473361292843,264,0.007575757575757576,2,0,1,0,0,2,1,0.1694586958714699,0.5775468716496199,"11.316869388","14.24062449","2.923755102","11.3605","24.1845","12.824"
605359,"Marshall, Evan","CWS",2020,2020,"All",0.0176517049511243,,138,0,0,0,0,0,0,0,0,0.8639235247556221,-0.34473999999999955,"11.710105263","14.819030075","3.108924812",,,
641341,"Bashlor, Tyler","PIT",2020,2020,"All",-0.1979510774897688,-0.18714748548177085,56,0.03571428571428571,2,0,0,0,0,2,0,-1.050428823433178,0.026965971548592243,"11.490888889","15.211166667","3.720277778","15.1705","27.8165","12.646"
607237,"Garrett, Amir","CIN",2020,2020,"All",-0.14622912176828914,-0.22369098530998904,85,0.011764705882352941,1,0,0,0,0,1,0,-0.28187457926069637,-0.1996760131470003,"10.748826667","13.493693333","2.744866667","10.23","26.062","15.832"
641420,"Burdi, Zack","CWS",2020,2020,"All",0.03168085286284147,,67,0,0,0,0,0,0,0,0,0.7868292643142065,-0.27929999999999994,"12.005119403","15.511044776","3.505925373",,,
543037,"Cole, Gerrit","NYY",2020,2020,"All",0.059000036646907734,0.20634299388392563,341,0.005865102639296188,1,1,0,0,0,1,1,0.9108344748972311,-0.2737041296278635,"11.201436923","14.891141538","3.689704615","11.178","21.7375","10.5595"
650895,"Castillo, Diego","TB",2020,2020,"All",0.0212528117119149,,106,0,0,0,0,0,0,0,0,0.8409340585595737,-0.32652,"11.641533981","15.35638835","3.714854369",,,
453265,"Watson, Tony","SF",2020,2020,"All",-0.11859303684587635,-0.28278126111915275,100,0.01,1,0,0,0,0,1,0,-0.11980862298063841,-0.2102918049994412,"11.310474747","14.578505051","3.268030303","9.895","28.786","18.891"
542888,"Armstrong, Shawn","BAL",2020,2020,"All",0.036337073891922145,0.08432880996427733,79,0.012658227848101266,1,0,0,0,0,1,0,-0.11674079498417718,0.13263385086390564,"12.178189189","15.6895","3.511310811","13.86","22.334","8.474"
542585,"Cisnero, José","DET",2020,2020,"All",0.046323524166398566,,185,0,0,0,0,0,0,0,0,1.4996951208319926,-0.5635899999999998,"11.573920904","15.081463277","3.507542373",,,
453172,"Hughes, Jared","NYM",2020,2020,"All",-0.2476730963392031,-0.06341241919104162,159,0.012578616352201259,2,0,0,0,0,2,0,-1.035771906238473,-0.09004158909223929,"13.189884615","17.715865385","4.525980769","12.7765","25.9305","13.154"
664069,"Braymer, Ben","WSH",2020,2020,"All",0.05067426313952286,,57,0,0,0,0,0,0,0,0,0.8469213156976139,-0.2638,"11.978839286","14.350053571","2.371214286",,,
518886,"Kimbrel, Craig","CHC",2020,2020,"All",0.3622157587673973,-0.06114495716913429,101,0.009900990099009901,1,0,1,0,0,1,1,-0.033774163028646664,0.8199346474958368,"10.986976471","15.660317647","4.673341176","12.002","24.134","12.132"
592773,"Stanek, Ryne","MIA",2020,2020,"All",0.002237354932310587,,77,0,0,0,0,0,0,0,0,0.5222742746615527,-0.2271499999999999,"11.6595","15.241310811","3.581810811",,,
605538,"Wisler, Matt","MIN",2020,2020,"All",-0.4558614926853996,-0.3193549500139451,229,0.013100436681222707,3,0,0,1,0,4,0,-1.8096264853608262,-0.2087471013627455,"11.864940367","15.86459633","3.999655963","11.798","23.417333333","11.619333333"
640448,"Finnegan, Kyle","WSH",2020,2020,"All",-0.35193534357621514,-0.37524795040744985,134,0.014925373134328358,2,0,0,0,0,2,0,-0.8699561440892217,-0.39543136612971297,"11.821180328","16.073598361","4.252418033","12.709","30.6595","17.9505"
656849,"Peterson, David","NYM",2020,2020,"All",0.532384716229675,,295,0,0,0,1,0,0,0,1,2.773523581148376,-0.04959999999999942,"11.299639706","13.809544118","2.509904412",,,
605218,"Edwards Jr., Carl","SEA",2020,2020,"All",-0.18313368709524874,-0.21536835905468518,10,0.1,1,0,0,0,0,1,0,-0.9032453731285577,-0.005521361043415992,"13.774666667","19.641888889","5.867222222","12.395","26.703","14.308"
640444,"Crowe, Wil","WSH",2020,2020,"All",0.424250832970576,0.6432927736278474,86,0.011627906976744186,0,1,0,0,0,0,1,0.739129082166059,0.6142778145274758,"11.462333333","14.893024691","3.430691358","10.601","13.707","3.106"
606299,"Peraza, José","BOS",2020,2020,"All",-0.0009616015325670498,,4,0,0,0,0,0,0,0,0,0.019761992337164788,-0.010920000000000016,"14.4485","15.893","1.4445",,,
605525,"Wendelken, J.B.","OAK",2020,2020,"All",0.014018480793788304,,177,0,0,0,0,0,0,0,0,1.0102324039689412,-0.4178399999999999,"12.687982036","16.275479042","3.587497006",,,
643511,"Rogers, Tyler","SF",2020,2020,"All",0.14174323115551293,0.20479234383487838,201,0.004975124378109453,0,1,0,0,0,0,1,1.080782040124925,-0.16536261526549367,"11.405606557","14.823688525","3.418081967","10.998","18.614","7.616"
630263,"Bourque, James","WSH",2020,2020,"All",-0.0014186881996397335,,48,0,0,0,0,0,0,0,0,0.10338155900180107,-0.04909999999999986,"12.358041667","16.3903125","4.032270833",,,
608379,"Wacha, Michael","NYM",2020,2020,"All",-0.06041138053589461,0.0663034429662559,235,0.01276595744680851,2,1,0,0,0,2,1,-0.13339598994370935,-0.07496040566033939,"11.628830275","16.211637615","4.582807339","11.015333333","22.485666667","11.470333333"
664129,"Hartlieb, Geoff","PIT",2020,2020,"All",0.02587440575237829,,161,0,0,0,0,0,0,0,0,1.229532028761893,-0.48896000000000023,"11.020358108","14.954891892","3.934533784",,,
605498,"Suárez, Andrew","SF",2020,2020,"All",0.00785802866784755,,75,0,0,0,0,0,0,0,0,0.4326126433392377,-0.1748100000000001,"12.674689189","15.890851351","3.216162162",,,
622503,"Crismatt, Nabil","STL",2020,2020,"All",0.002773156267194409,,23,0,0,0,0,0,0,0,0,0.09243578133597205,-0.03492000000000002,"12.385105263","15.761894737","3.376789474",,,
607560,"Harper, Ryne","WSH",2020,2020,"All",-0.07294471893429734,-0.16848057580379003,178,0.0056179775280898875,1,0,0,0,0,1,0,0.2688433019842181,-0.2815852874025349,"12.831733728","16.688065089","3.856331361","11.698","24.639","12.941"
608348,"Kelly, Carson","AZ",2020,2020,"All",0.0019166927710843372,,9,0,0,0,0,0,0,0,0,0.03773096385542162,-0.012509999999999973,"14.873888889","16.991666667","2.117777778",,,
606303,"Payamps, Joel","AZ",2020,2020,"All",0.005648670895004741,,31,0,0,0,0,0,0,0,0,0.2493058544750238,-0.09825000000000003,"12.761071429","18.079357143","5.318285714",,,
607481,"Bummer, Aaron","CWS",2020,2020,"All",0.01946924055705726,,57,0,0,0,0,0,0,0,0,0.46069870278528624,-0.16149000000000002,"10.543982456","12.897736842","2.353754386",,,
666204,"Jiménez, Dany","SF",2020,2020,"All",0.0008560847145488049,,13,0,0,0,0,0,0,0,0,0.02651042357274396,-0.009879999999999974,"17.301461538","20.710923077","3.409461538",,,
628452,"Iglesias, Raisel","CIN",2020,2020,"All",0.02089864194700011,,152,0,0,0,0,0,0,0,0,1.0600682097350003,-0.42469999999999986,"11.568184932","14.398787671","2.83060274",,,
663903,"Singer, Brady","KC",2020,2020,"All",0.9534986925440718,0.026716750538485434,327,0.0030581039755351682,0,1,2,0,0,0,3,1.951457086642041,1.2515717227014753,"10.624230263","14.578694079","3.954463816","11.068","22.737","11.669"
477132,"Kershaw, Clayton","LAD",2020,2020,"All",0.33051506121610175,0.5539485083420198,251,0.00398406374501992,1,0,0,0,0,1,0,1.751754849716987,-0.04407979717176821,"11.172423729","13.81604661","2.643622881","15.279","24.681","9.402"
666129,"Garrett, Braxton","MIA",2020,2020,"All",0.014467077862052723,,53,0,0,0,0,0,0,0,0,0.3703253893102635,-0.13243999999999995,"11.09","14.274433962","3.184433962",,,
650668,"Mejía, Humberto","MIA",2020,2020,"All",0.09056674637113765,0.057696278465887096,96,0.010416666666666666,0,1,0,0,0,0,1,0.2933756269811285,0.07087026883313674,"11.537329787","15.519297872","3.981968085","11.453","22.841","11.388"
607231,"Gant, John","STL",2020,2020,"All",0.026695212399156322,,106,0,0,0,0,0,0,0,0,0.8869110619957813,-0.3348599999999999,"12.512188119","16.043356436","3.531168317",,,
571948,"Milner, Hoby","LAA",2020,2020,"All",0.0008106102316670831,,76,0,0,0,0,0,0,0,0,0.3656955511583353,-0.16072999999999998,"11.959191781","13.944863014","1.985671233",,,
476454,"Betances, Dellin","NYM",2020,2020,"All",-0.03380471932083444,0.03600964649509478,92,0.010869565217391304,1,0,0,0,0,1,0,-0.10427805905609344,-0.028775794465812618,"11.141188889","15.9798","4.838611111","14.026","33.297","19.271"
450172,"Volquez, Edinson","TEX",2020,2020,"All",0.0833154406582507,0.1587819074187727,59,0.01694915254237288,1,0,0,0,0,1,0,0.010368790087297776,0.18053707253509083,"11.29862963","15.326537037","4.027907407","12.441","21.459","9.018"
533167,"Shoemaker, Matt","TOR",2020,2020,"All",0.4778342438661999,0.11294226563834892,124,0.016129032258064516,2,0,1,0,0,2,1,-0.6281652915586767,1.3410384492843028,"12.055740741","17.065111111","5.00937037","11.416","21.87","10.454"
643338,"Green, Chad","NYY",2020,2020,"All",-0.3148969835945725,-0.3349043685488765,151,0.019867549668874173,3,0,0,0,0,3,0,-1.5565543460127997,-0.007969143093361577,"12.317277372","17.055036496","4.737759124","12.898","27.742666667","14.844666667"
623149,"Sewald, Paul","NYM",2020,2020,"All",0.005033232011005768,,55,0,0,0,0,0,0,0,0,0.2951436600550287,-0.11998999999999996,"12.285333333","15.412722222","3.127388889",,,
596295,"Gomber, Austin","STL",2020,2020,"All",-0.00780061605684846,0.0986211179605745,190,0.005263157894736842,0,1,0,0,0,0,1,0.8063935472827114,-0.3757318344742015,"11.113989071","12.940218579","1.826229508","13.853","21.38","7.527"
656548,"Holloway, Jordan","MIA",2020,2020,"All",-0.0017617324405319358,,11,0,0,0,0,0,0,0,0,0.022623837797340347,-0.013970000000000012,"10.917272727","16.476181818","5.558909091",,,
622098,"Smith, Drew","NYM",2020,2020,"All",-0.0004496552243040781,,49,0,0,0,0,0,0,0,0,0.2363642238784795,-0.10604999999999998,"11.522877551","15.723469388","4.200591837",,,
676604,"Zuber, Tyler","KC",2020,2020,"All",0.012137005684752771,,143,0,0,0,0,0,0,0,0,0.9026350284237642,-0.37420000000000037,"10.353839695","14.011801527","3.657961832",,,
663474,"McKenzie, Triston","CLE",2020,2020,"All",0.2107454541992234,0.48911501160726534,147,0.013605442176870748,0,2,0,0,0,0,2,-0.16778950502605472,0.5428963448987421,"10.9699","14.623078571","3.653178571","11.7445","19.9385","8.194"
623485,"Goudeau, Ashton","COL",2020,2020,"All",0.0088645469552362,,45,0,0,0,0,0,0,0,0,0.395885234776181,-0.15625,"12.159","14.652590909","2.493590909",,,
605335,"Leibrandt, Brandon","MIA",2020,2020,"All",0.0024817514558119584,,35,0,0,0,0,0,0,0,0,0.2573662572790597,-0.10887000000000002,"12.032911765","15.327941176","3.295029412",,,
661440,"Llovera, Mauricio","PHI",2020,2020,"All",0.000857032992139053,,16,0,0,0,0,0,0,0,0,0.08962766496069527,-0.037930000000000005,"10.0346875","13.2644375","3.22975",,,
676606,"Margevicius, Nick","SEA",2020,2020,"All",-0.10959186419903966,-0.020683003894101104,220,0.013636363636363636,2,1,0,0,0,2,1,-0.878447141110651,0.14688347560686793,"11.935373737","15.103585859","3.168212121","11.095666667","21.445","10.349333333"
592332,"Gausman, Kevin","SF",2020,2020,"All",-0.010752422319687299,-0.42727594462733415,267,0.0149812734082397,3,1,1,0,0,3,2,-2.009582274317724,0.8692534056530166,"12.224600806","16.218854839","3.994254032","12.73375","26.9365","14.20275"
502239,"Cahill, Trevor","SF",2020,2020,"All",-0.8025138256757895,-0.8809716960183708,188,0.03723404255319149,5,2,0,0,0,5,2,-4.930378349813381,0.4079152095264151,"11.810783626","16.724584795","4.91380117","12.092571429","25.156142857","13.063571429"
502578,"Barrett, Aaron","WSH",2020,2020,"All",-0.07160510710196263,-0.030951090082675298,26,0.038461538461538464,1,0,0,0,0,1,0,-0.5727129334105521,0.0954166212892174,"13.204136364","17.577818182","4.373681818","11.661","22.764","11.103"
622075,"Almonte, Yency","COL",2020,2020,"All",0.8202334744366545,1.2149643691694874,132,0.015151515151515152,1,1,0,0,0,1,1,0.430720840914193,1.6313095694529258,"11.363857143","15.282190476","3.918333333","11.7435","21.978","10.2345"
528748,"Castellanos, Humberto","HOU",2020,2020,"All",0.02354074977503203,,92,0,0,0,0,0,0,0,0,0.5518637488751599,-0.1929600000000001,"13.128066667","15.724466667","2.5964",,,
672335,"Pérez, Cionel","HOU",2020,2020,"All",-0.0019427502904529148,,42,0,0,0,0,0,0,0,0,0.2988287485477354,-0.13713,"11.557864865","13.632540541","2.074675676",,,
518649,"Eibner, Brett","MIA",2020,2020,"All",0.004506756201361924,,20,0,0,0,0,0,0,0,0,0.15125628100680957,-0.05721000000000001,"11.697631579","16.286210526","4.588578947",,,
656322,"Coonrod, Sam","SF",2020,2020,"All",-0.11043760791356647,0.04446457674217125,79,0.02531645569620253,2,0,0,0,0,2,0,-0.8953569228339324,0.1525195036738215,"11.654216216","15.652905405","3.998689189","12.7425","26.6045","13.862"
669459,"Nelson, Kyle","CLE",2020,2020,"All",0.0021749850800285788,,15,0,0,0,0,0,0,0,0,0.11270992540014287,-0.04525999999999999,"11.491466667","14.7176","3.226133333",,,
664076,"Cleavinger, Garrett","PHI",2020,2020,"All",-0.0006511950207468914,,4,0,0,0,0,0,0,0,0,0.03211402489626554,-0.015719999999999998,"10.497666667","8.513666667","-1.984",,,
621107,"Eflin, Zach","PHI",2020,2020,"All",-0.09841626646810124,-0.09535071875004045,355,0.005633802816901409,1,1,0,0,0,1,1,1.0677671887349707,-0.6932660093668788,"11.386201238","15.6714613","4.285260062","11.0145","22.8575","11.843"
658305,"García, Edgar","TB",2020,2020,"All",-0.002615780691617812,,22,0,0,0,0,0,0,0,0,0.11802859654191092,-0.05826999999999998,"11.613789474","15.747789474","4.134",,,
502026,"Jeffress, Jeremy","CHC",2020,2020,"All",0.07110192189879751,,156,0,0,0,0,0,0,0,0,1.6401021094939865,-0.5709299999999993,"11.8706","14.745128571","2.874528571",,,
641302,"Alexander, Tyler","DET",2020,2020,"All",0.08037746984774873,0.08515282742290967,200,0.01,1,1,0,0,0,1,1,0.8691921104966844,-0.20769100500352947,"10.869322404","13.330786885","2.461464481","12.133","22.258","10.125"
608328,"De Jong, Chase","HOU",2020,2020,"All",-0.009099629334109072,,83,0,0,0,0,0,0,0,0,0.4850293533294545,-0.23579000000000008,"10.648253731","14.443895522","3.795641791",,,
671790,"Bolaños, Ronald","KC",2020,2020,"All",-0.08665205278873517,-0.015607404667746044,41,0.024390243902439025,0,1,0,0,0,0,1,-0.3476310669908965,-0.038057420867902196,"11.330837838","15.368972973","4.038135135","11.137","19.988","8.851"
667498,"Dugger, Robert","MIA",2020,2020,"All",0.011363985053622757,,79,0,0,0,0,0,0,0,0,0.550604925268114,-0.21945999999999996,"12.981589744","16.053435897","3.071846154",,,
605388,"Morgan, Adam","PHI",2020,2020,"All",0.00833887521564551,,85,0,0,0,0,0,0,0,0,0.5170968760782276,-0.21129,"12.014901235","15.096395062","3.081493827",,,
461325,"Clippard, Tyler","MIN",2020,2020,"All",-0.7084446234371193,-0.8495354679848002,135,0.037037037037037035,5,0,0,0,0,5,0,-3.686953655280708,0.06432468359782707,"12.185769841","16.877190476","4.691420635","11.7302","26.382","14.6518"
518858,"Jones, Nate","CIN",2020,2020,"All",0.016989380326263317,,113,0,0,0,0,0,0,0,0,0.7437244016313165,-0.2927900000000003,"10.926298969","13.775701031","2.849402062",,,
434378,"Verlander, Justin","HOU",2020,2020,"All",-0.0021617508363854657,,13,0,0,0,0,0,0,0,0,0.10324374581807266,-0.050690000000000006,"10.4926","14.9629","4.4703",,,
570632,"Ureña, José","MIA",2020,2020,"All",0.19366786394672997,-0.2384778375015558,106,0.018867924528301886,2,0,1,0,0,2,1,-0.7662027470613675,0.7709075852422294,"10.783835165","15.901659341","5.117824176","12.2295","23.914","11.6845"
605143,"Black, Ray","MIL",2020,2020,"All",0.01750143155749853,,21,0,0,0,0,0,0,0,0,0.3295621577874928,-0.10758000000000001,"10.88135","13.0259","2.14455",,,
665759,"Rosso, Ramón","PHI",2020,2020,"All",-0.1557808778341886,0.06267669595217451,102,0.00980392156862745,1,0,0,1,0,2,0,-1.1719628951175955,0.17469266930962324,"12.122442105","16.458094737","4.335652632","11.253","21.849","10.596"
621290,"Bacus, Dakota","WSH",2020,2020,"All",0.01683587126032165,,100,0,0,0,0,0,0,0,0,0.7162043563016077,-0.28090000000000037,"12.359252632","15.461252632","3.102",,,
592407,"Holaday, Bryan","BAL",2020,2020,"All",0.004851126443519526,,11,0,0,0,0,0,0,0,0,0.10046313221759758,-0.03386999999999998,"10.966636364","14.978272727","4.011636364",,,
623470,"Newberry, Jake","KC",2020,2020,"All",0.02193490941825422,,176,0,0,0,0,0,0,0,0,1.1100020470912721,-0.4445900000000003,"11.579433735","14.505228916","2.925795181",,,
659275,"Lamet, Dinelson","SD",2020,2020,"All",-0.13231171067108108,-0.0833316837263908,320,0.015625,4,1,0,0,0,4,1,-1.6891308191303924,0.4566987847888825,"11.58648505","15.325850498","3.739365449","13.5738","25.913","12.3392"
663878,"Pearson, Nate","TOR",2020,2020,"All",-0.21839714108869662,-0.21977665012049122,103,0.02912621359223301,3,0,0,0,0,3,0,-1.4178661837656001,0.14483576814316285,"11.893510417","16.177270833","4.283760417","14.216666667","24.913666667","10.697"
595014,"Treinen, Blake","LAD",2020,2020,"All",0.023052907550164904,-0.07729776639747415,180,0.027777777777777776,4,1,0,0,0,4,1,-2.0786677680171635,0.9750810247857722,"11.802042169","16.310259036","4.508216867","11.2508","23.7022","12.4514"
670712,"Brosseau, Mike","TB",2020,2020,"All",-0.0009468486416558874,,4,0,0,0,0,0,0,0,0,0.021635756791720563,-0.01172,"13.18775","15.364","2.17625",,,
623474,"Herget, Jimmy","TEX",2020,2020,"All",0.3665208743813576,0.5968841419613345,136,0.007352941176470588,1,0,0,0,0,1,0,0.6944836023573396,0.5058314531330864,"13.060629921","16.619834646","3.559204724","12.082","16.038","3.956"
669424,"Lambert, Jimmy","CWS",2020,2020,"All",-0.0015867612026655906,,8,0,0,0,0,0,0,0,0,0.050206193986672074,-0.025840000000000012,"12.6355","14.813","2.1775",,,
628711,"Urías, Julio","LAD",2020,2020,"All",-0.20703853288873164,-0.18230907894800624,313,0.01597444089456869,4,1,0,0,0,4,1,-1.506871294585863,0.20963494672986943,"11.661117021","15.188124113","3.527007092","11.1502","22.7726","11.6224"
666120,"Anderson, Ian","ATL",2020,2020,"All",0.014676989866244688,0.07116870245094481,231,0.004329004329004329,1,0,0,0,0,1,0,0.8252037583204129,-0.3341416928840842,"11.477165919","15.378672646","3.901506726","11.829","21.505","9.676"
668338,"Miller, Tyson","CHC",2020,2020,"All",0.0027226034685796426,,11,0,0,0,0,0,0,0,0,0.08595051734289819,-0.03215,"10.878","14.437444444","3.559444444",,,
656803,"Norwood, James","CHC",2020,2020,"All",0.0028276280846921756,,24,0,0,0,0,0,0,0,0,0.162300640423461,-0.06585000000000005,"10.106913043","14.125086957","4.018173913",,,
519381,"Venditte, Pat","MIA",2020,2020,"All",0.00021740448509601244,,5,0,0,0,0,0,0,0,0,0.027029522425480065,-0.011530000000000002,"8.5996","11.0426","2.443",,,
547973,"Chapman, Aroldis","NYY",2020,2020,"All",-0.6755327186375382,-0.5378286805374117,63,0.047619047619047616,2,1,0,1,0,3,1,-3.440718036681774,0.028024197108481672,"13.122033333","18.061716667","4.939683333","14.698666667","36.047","21.348333333"
656756,"Montgomery, Jordan","NYY",2020,2020,"All",-0.4914238914868569,-0.5620999379812238,260,0.011538461538461539,3,0,0,0,0,3,0,-1.632802505114178,-0.36636308992004685,"12.447289157","15.628839357","3.181550201","15.551333333","37.343666667","21.792333333"
670280,"Bednar, David","SD",2020,2020,"All",0.01630396533830185,0.011424445176766052,59,0.01694915254237288,1,0,0,0,0,1,0,-0.24293111501047393,0.14420041853421472,"12.693865385","17.4275","4.733634615","12.486","24.311","11.825"
675916,"Karinchak, James","CLE",2020,2020,"All",0.0782696959310178,0.17453073682481568,189,0.015873015873015872,1,2,0,0,0,1,2,-0.4448652926450637,0.37165056546673514,"11.630790055","15.467867403","3.837077348","11.066333333","22.477333333","11.411"
543022,"Chatwood, Tyler","CHC",2020,2020,"All",0.32963273650805086,0.5022997757525298,129,0.007751937984496124,1,0,0,0,0,1,0,0.4762009396805327,0.5208723301598762,"11.45915748","15.231062992","3.771905512","11.961","16.826","4.865"
596112,"Stephenson, Robert","CIN",2020,2020,"All",-0.16395558091254048,-0.08504093818105518,40,0.05,0,2,0,0,0,0,2,-1.2914115704004883,0.20961496259457157,"12.764657895","17.486473684","4.721815789","12.2375","21.2665","9.029"
641627,"Gott, Trevor","SF",2020,2020,"All",-0.0002231880300940666,,65,0,0,0,0,0,0,0,0,0.2760615598495296,-0.12319000000000008,"12.32033871","15.942290323","3.621951613",,,
503285,"O'Day, Darren","ATL",2020,2020,"All",-0.2662504007782834,-0.3369982314530353,95,0.031578947368421054,3,0,0,0,0,3,0,-2.084781884048014,0.3349021689584879,"13.444305263","17.057273684","3.612968421","11.644333333","24.514","12.869666667"
600968,"Rosario, Randy","KC",2020,2020,"All",0.006577397830667463,,41,0,0,0,0,0,0,0,0,0.3955419891533376,-0.16117999999999993,"11.817378378","14.059405405","2.242027027",,,
433589,"Petit, Yusmeiro","OAK",2020,2020,"All",-0.014551330773114018,-0.0529533435437653,156,0.00641025641025641,1,0,0,0,0,1,0,0.40775663858182876,-0.2135614633099555,"11.719680851","15.917624113","4.197943262","11.063","23.13","12.067"
642231,"Yacabonis, Jimmy","SEA",2020,2020,"All",-0.0019453853152186166,,17,0,0,0,0,0,0,0,0,0.022853073423906894,-0.01447999999999999,"9.893647059","14.561","4.667352941",,,
592464,"Kickham, Mike","BOS",2020,2020,"All",0.24182952868335672,,116,0.008620689655172414,0,1,0,0,0,0,1,0.31611578932076906,0.3969030462648953,"10.5906","13.203156522","2.612556522","15.982","21.506","5.524"
656288,"Canning, Griffin","LAA",2020,2020,"All",1.0014512981147672,0.6359941556838684,360,0.022222222222222223,3,5,2,0,0,3,7,-2.4892405042140457,3.3317764421279463,"11.500266881","15.755688103","4.255421222","11.20325","22.766375","11.563125"
453284,"Parker, Blake","PHI",2020,2020,"All",-0.08114929850778356,-0.09188917836450364,155,0.0064516129032258064,1,0,0,0,0,1,0,0.19498744584330405,-0.2669928615032097,"11.967797203","15.864461538","3.896664336","10.8","21.602","10.802"
571704,"Giles, Ken","TOR",2020,2020,"All",0.011484789443338507,,17,0,0,0,0,0,0,0,0,0.20842144721669248,-0.06710999999999999,"14.01","17.975647059","3.965647059",,,
571788,"Holt, Brock","WSH",2020,2020,"All",0.01697422723153185,,19,0,0,0,0,0,0,0,0,0.2848511361576592,-0.08887999999999997,"12.036473684","15.082894737","3.046421053",,,
606930,"Barnes, Jacob","LAA",2020,2020,"All",-0.07044920111565205,-0.07460387876834759,159,0.006289308176100629,1,0,0,0,0,1,0,0.03671356537699055,-0.17287092042455632,"12.667194631","16.714275168","4.047080537","11.712","23.518","11.806"
642203,"Widener, Taylor","AZ",2020,2020,"All",-0.10721278941214028,-0.12452091775425946,129,0.007751937984496124,1,0,0,0,0,1,0,0.35938375720383897,-0.3979767574509073,"11.728178571","16.086803571","4.358625","11.811","23.75","11.939"
641853,"McKay, David","DET",2020,2020,"All",-0.17239528030059986,-0.16368453893894264,5,0.2,1,0,0,0,0,1,0,-0.9107454062335795,0.021675113213591394,"14.3554","20.5056","6.1502","11.808","27.385","15.577"
642578,"Rodríguez, José","LAA",2020,2020,"All",-0.0023109642971616516,,16,0,0,0,0,0,0,0,0,0.032387678514191824,-0.019530000000000037,"12.116375","15.943","3.826625",,,
657141,"Yamamoto, Jordan","MIA",2020,2020,"All",-0.3423261160359554,-0.44296038018170003,94,0.02127659574468085,2,0,0,0,0,2,0,-1.2836448159968292,-0.19021589519242266,"11.802141304","16.010684783","4.208543478","11.3295","25.5075","14.178"
641360,"Bickford, Phil","MIL",2020,2020,"All",0.0024586398659997566,,16,0,0,0,0,0,0,0,0,0.1215756993299988,-0.04857,"14.707125","18.133375","3.42625",,,
474463,"Anderson, Brett","MIL",2020,2020,"All",0.19465199059476074,0.34750333589925875,208,0.009615384615384616,0,2,0,0,0,0,2,0.6130377031004726,0.16009877772148057,"10.866820896","13.480308458","2.613487562","11.1885","18.993","7.8045"
571710,"Givens, Mychal","COL",2020,2020,"All",-0.2314992277847796,-0.3020362030445808,166,0.018072289156626505,2,1,0,0,0,2,1,-1.0316672408105836,-0.05592395471702869,"11.326418301","15.99372549","4.66730719","10.272","24.416","14.144"
642701,"Santana, Dennis","LAD",2020,2020,"All",0.02721663338024126,,148,0,0,0,0,0,0,0,0,1.0279606669012058,-0.3963899999999998,"11.591746479","15.494591549","3.90284507",,,
543056,"Coulombe, Danny","MIN",2020,2020,"All",-0.0014924469928134583,,27,0,0,0,0,0,0,0,0,0.029932765035932684,-0.01661999999999999,"13.467481481","17.955185185","4.487703704",,,
592866,"Williams, Trevor","PIT",2020,2020,"All",0.6171648081021849,0.45023689698344044,323,0.01238390092879257,4,0,1,0,0,4,1,-0.33497771857968156,1.5203563373736029,"11.197725424","15.338861017","4.141135593","11.3765","20.0385","8.662"
630023,"Chirinos, Yonny","TB",2020,2020,"All",0.09172326094726432,0.20173878189297736,68,0.014705882352941176,0,1,0,0,0,0,1,-0.1810225760345939,0.2842839470092959,"12.083820896","15.526373134","3.442552239","12.03","19.418","7.388"
656793,"Nelson, Nick","NYY",2020,2020,"All",-0.004022443009981197,0.027649742207177502,139,0.007194244604316547,1,0,0,0,0,1,0,0.30736650430140233,-0.14554609748947028,"11.553888889","15.473761905","3.919873016","11.406","21.148","9.742"
663399,"Waddell, Brandon","PIT",2020,2020,"All",-0.0017900546342353037,,17,0,0,0,0,0,0,0,0,0.05229472682882346,-0.02721999999999999,"10.6031875","12.4525625","1.849375",,,
641871,"Middleton, Keynan","LAA",2020,2020,"All",-0.43437817646901344,-0.4617300335674362,94,0.031914893617021274,3,0,0,0,0,3,0,-2.0241083920423986,-0.06568110680118738,"12.493855422","16.882060241","4.388204819","13.380666667","26.188333333","12.807666667"
606131,"Perdomo, Luis","SD",2020,2020,"All",-0.05612469523061542,-0.06111676338082403,113,0.008849557522123894,1,0,0,0,0,1,0,-0.06162134637269118,-0.09733427990239392,"12.447866071","16.278705357","3.830839286","12.916","24.673","11.757"
519393,"Walden, Marcus","BOS",2020,2020,"All",-0.06624257561027075,-0.03052338135327254,102,0.0196078431372549,1,1,0,0,0,1,1,-1.0323054540548182,0.3115967004459843,"11.783009901","16.568415842","4.785405941","11.5145","24.165","12.6505"
669060,"Wilson, Bryse","ATL",2020,2020,"All",-0.003324059312451854,,122,0,0,0,0,0,0,0,0,0.5168547034377405,-0.23710000000000006,"11.622416667","15.486608333","3.864191667",,,
611093,"Bracho, Silvino","AZ",2020,2020,"All",-0.00071380304806565,,4,0,0,0,0,0,0,0,0,0.008400984759671734,-0.005319999999999993,"8.4185","12.078","3.6595",,,
594840,"Grace, Matt","AZ",2020,2020,"All",0.0012373130355015092,,29,0,0,0,0,0,0,0,0,0.22702406517750767,-0.09815000000000002,"12.515363636","15.810590909","3.295227273",,,
623465,"Phillips, Evan","BAL",2020,2020,"All",0.4450182915275572,0.8263019172853545,115,0.017391304347826087,2,0,0,0,0,2,0,0.14900367256701091,0.9227056822536771,"12.590425743","15.968168317","3.377742574","11.774","17.0135","5.2395"
664054,"Stashak, Cody","MIN",2020,2020,"All",-0.22790931428463276,-0.17727738158779371,73,0.0273972602739726,2,0,0,0,0,2,0,-1.060195980745619,-0.03526692919002129,"12.427296875","15.972703125","3.54540625","11.203","23.657","12.454"
660896,"Alcala, Jorge","MIN",2020,2020,"All",0.06745237684168373,0.10110294725412464,135,0.007407407407407408,0,1,0,0,0,0,1,0.7269100320050832,-0.17317695457629612,"11.511624","15.027928","3.516304","14.255","21.898","7.643"
541640,"Ramírez, Erasmo","NYM",2020,2020,"All",0.04820982439514665,,54,0,0,0,0,0,0,0,0,0.7675266219757333,-0.2339900000000001,"10.44888","13.64416","3.19528",,,
656794,"Newcomb, Sean","ATL",2020,2020,"All",-0.11131208500884052,-0.18038202772485584,108,0.009259259259259259,1,0,0,0,0,1,0,0.021279266992403345,-0.2568176409051582,"10.543764706","12.638705882","2.094941176","11.473","24.506","13.033"
622253,"Tate, Dillon","BAL",2020,2020,"All",-0.018374235053189393,0.06923802893093581,93,0.010752688172043012,0,1,0,0,0,0,1,-0.03483108890930531,-0.02535114949184103,"11.41445679","15.632753086","4.218296296","11.104","19.727","8.623"
665621,"García, Rony","DET",2020,2020,"All",-0.00021809462653209243,,151,0,0,0,0,0,0,0,0,0.6239370268673389,-0.2777899999999995,"11.775648276","15.007648276","3.232",,,
642545,"Barria, Jaime","LAA",2020,2020,"All",0.20218127359393306,0.2876696036891503,179,0.0111731843575419,0,2,0,0,0,0,2,0.0026190435495564283,0.44812769974227024,"11.272375","15.87583125","4.60345625","12.071","21.267","9.196"
669952,"White, Mitch","LAD",2020,2020,"All",-0.09963936251120754,-0.10480299977262009,15,0.06666666666666667,1,0,0,0,0,1,0,-0.7848017193411734,0.12737995857117138,"14.737333333","19.649466667","4.912133333","11.728","22.309","10.581"
502706,"Holland, Derek","PIT",2020,2020,"All",0.5021384311744846,,304,0,0,0,1,0,0,0,1,2.448479655872423,0.02764999999999984,"11.236722807","12.984080702","1.747357895",,,
643230,"Brault, Steven","PIT",2020,2020,"All",0.293545248185042,0.36052866630156516,270,0.003703703703703704,0,1,0,0,0,0,1,2.0627136539202215,-0.264438850220005,"11.482003906","13.665636719","2.183632813","9.97","15.177","5.207"
642770,"Guerra, Javy","SD",2020,2020,"All",-0.011182782564070997,-0.05585103668592739,96,0.010416666666666666,1,0,0,0,0,1,0,0.14488902082015861,-0.08924574828467274,"12.277692308","16.331758242","4.054065934","13.226","24.866","11.64"
664682,"Meisinger, Ryan","STL",2020,2020,"All",-0.0011918815002615565,,22,0,0,0,0,0,0,0,0,0.13615059249869219,-0.06316000000000002,"12.046761905","14.999380952","2.952619048",,,
543118,"Drake, Oliver","TB",2020,2020,"All",-0.18524575726327683,-0.20923993709137806,42,0.023809523809523808,1,0,0,0,0,1,0,-0.7487138349935738,-0.07889553392124916,"10.758175","14.889525","4.13135","19.824","39.537","19.713"
458681,"Lynn, Lance","TEX",2020,2020,"All",-0.1640618640639429,-0.003599205262031155,404,0.01485148514851485,6,0,0,0,0,6,0,-1.4796227724331241,0.29302820093929305,"12.175764411","16.256922306","4.081157895","11.839666667","23.348","11.508333333"
467008,"Strop, Pedro","CIN",2020,2020,"All",0.0004510036157258473,,37,0,0,0,0,0,0,0,0,0.152240018078629,-0.06665999999999993,"11.512","15.045486486","3.533486486",,,
621295,"Wittgren, Nick","CLE",2020,2020,"All",0.022922109805595593,,92,0,0,0,0,0,0,0,0,0.8045280490279779,-0.3066299999999999,"11.784084337","14.936807229","3.152722892",,,
641793,"Littell, Zack","MIN",2020,2020,"All",0.4640360025923462,,35,0,0,0,1,0,0,0,1,0.4288750129617309,0.8405799999999999,"9.676275862","13.520758621","3.844482759",,,
594835,"Gonzales, Marco","SEA",2020,2020,"All",0.013656275364695701,,283,0,0,0,0,0,0,0,0,1.829986376823478,-0.7829800000000002,"11.129021898","13.783408759","2.654386861",,,
623168,"Heineman, Tyler","SF",2020,2020,"All",0.00007353046594982065,,2,0,0,0,0,0,0,0,0,0.00284265232974909,-0.0010999999999999942,"13.324","13.6815","0.3575",,,
542881,"Anderson, Tyler","SF",2020,2020,"All",1.0498649161231182,-0.5714666582190592,375,0.005333333333333333,2,0,3,0,0,2,3,1.2639971551385278,1.7712566335453623,"10.924132743","13.406551622","2.482418879","10.646","30.2415","19.5955"
676979,"Crochet, Garrett","CWS",2020,2020,"All",0.0019050190940668782,,15,0,0,0,0,0,0,0,0,0.18086259547033448,-0.07615000000000002,"9.848","12.364727273","2.516727273",,,
593619,"Tapia, Domingo","BOS",2020,2020,"All",0.010918035573740503,,26,0,0,0,0,0,0,0,0,0.2852601778687024,-0.10251999999999996,"12.6014","16.50436","3.90296",,,
657044,"Thompson, Ryan","TB",2020,2020,"All",-0.15492337351208302,-0.12175068406786473,126,0.007936507936507936,1,0,0,0,0,1,0,-0.2602691410016972,-0.22859898958165292,"12.025756098","15.842861789","3.817105691","16.397","35.022","18.625"
664139,"Gibaut, Ian","TEX",2020,2020,"All",0.01619451074217238,,89,0,0,0,0,0,0,0,0,0.6757600537108613,-0.26435000000000014,"12.296771084","16.549578313","4.252807229",,,
543208,"Gaviglio, Sam","TOR",2020,2020,"All",0.0030880679762612362,,29,0,0,0,0,0,0,0,0,0.18558533988130624,-0.07562000000000002,"10.991518519","14.333777778","3.342259259",,,
665152,"Kremer, Dean","BAL",2020,2020,"All",0.004948023561616799,,156,0,0,0,0,0,0,0,0,0.9319851178080839,-0.40322,"11.58225","14.9136","3.33135",,,
527048,"Pérez, Martín","BOS",2020,2020,"All",0.10958807897681408,0.0769989207327878,363,0.005509641873278237,1,1,0,0,0,1,1,1.4861153205644049,-0.4169666336357044,"11.582856305","14.371668622","2.788812317","12.1815","22.498","10.3165"
517008,"Colomé, Alex","CWS",2020,2020,"All",0.05188878306053772,,122,0,0,0,0,0,0,0,0,1.3183614153026886,-0.47063,"11.517109244","15.307689076","3.790579832",,,
641941,"Pagán, Emilio","SD",2020,2020,"All",0.03218298687530801,,82,0,0,0,0,0,0,0,0,1.0138674343765395,-0.37909000000000004,"11.361975","15.4262125","4.0642375",,,
656186,"Altavilla, Dan","SD",2020,2020,"All",-0.38069053026463406,-0.4372491407102707,154,0.01948051948051948,3,0,0,0,0,3,0,-1.8318173833224882,-0.03183789688918968,"12.618940397","16.663754967","4.04481457","12.513666667","25.654666667","13.141"
502188,"Samardzija, Jeff","SF",2020,2020,"All",0.015518509287921079,,99,0,0,0,0,0,0,0,0,0.804320046439605,-0.32299,"11.476511111","15.992577778","4.516066667",,,
527054,"Teheran, Julio","LAA",2020,2020,"All",-0.1554054755663491,-0.22099290303200736,199,0.010050251256281407,2,0,0,0,0,2,0,-0.33867237389045723,-0.19482444619612838,"11.576730061","15.650349693","4.073619632","12.622","24.0185","11.3965"
458708,"Tomlin, Josh","ATL",2020,2020,"All",-0.5757911055843481,-0.48050707451263,234,0.02564102564102564,5,1,0,0,0,5,1,-3.562657563628492,0.3038675714252199,"11.340914439","16.326283422","4.985368984","13.112833333","28.897833333","15.785"
554430,"Wheeler, Zack","PHI",2020,2020,"All",0.4899019282492786,,437,0,0,0,1,0,0,0,1,2.744507141246393,-0.13110999999999962,"11.461752451","15.768002451","4.30625",,,
592390,"Hembree, Heath","PHI",2020,2020,"All",-0.5976811568097431,-0.3630790784833283,131,0.03816793893129771,5,0,0,0,0,5,0,-3.314820102843479,0.14507303057544987,"11.891795082","16.608647541","4.716852459","12.7664","27.0656","14.2992"
660271,"Ohtani, Shohei","LAA",2020,2020,"All",0.005188523486895598,,28,0,0,0,0,0,0,0,0,0.18319511743447803,-0.06989000000000002,"12.208333333","16.518555556","4.310222222",,,
572021,"Pazos, James","COL",2020,2020,"All",-0.4783409045854798,-0.5442216745678358,63,0.047619047619047616,3,0,0,0,0,3,0,-2.436891008659976,0.02008288254781319,"13.357","17.244508475","3.887508475","12.067333333","28.501666667","16.434333333"
642584,"Kilome, Franklyn","NYM",2020,2020,"All",-0.09855373710569336,-0.11255495225685196,76,0.013157894736842105,1,0,0,0,0,1,0,-0.18930026383210433,-0.13487485408727218,"13.195972603","17.091465753","3.895493151","13.09","25.058","11.968"
605195,"Crick, Kyle","PIT",2020,2020,"All",-0.14623280478418318,-0.1337843816801217,51,0.0196078431372549,1,0,0,0,0,1,0,-0.5050914144614445,-0.10047671531532101,"10.394195652","15.189369565","4.795173913","11.653","23.099","11.446"
656492,"Griffin, Foster","KC",2020,2020,"All",0.000005339966832504259,,4,0,0,0,0,0,0,0,0,0.0009266998341625213,-0.0004,"17.177","20.223","3.046",,,
664714,"Newsome, Ljay","SEA",2020,2020,"All",-0.0019510753592571837,,75,0,0,0,0,0,0,0,0,0.2895396232037142,-0.13301999999999994,"12.490378378","16.368283784","3.877905405",,,
543483,"Magill, Matt","SEA",2020,2020,"All",0.0003380525677621994,,50,0,0,0,0,0,0,0,0,0.323935262838811,-0.14322000000000001,"10.387108696","14.677369565","4.29026087",,,
663765,"Woodford, Jake","STL",2020,2020,"All",0.03273814187936874,,125,0,0,0,0,0,0,0,0,1.0863257093968428,-0.4100599999999996,"11.5722","15.016108333","3.443908333",,,
656913,"Romero, Seth","WSH",2020,2020,"All",0.007339318867364475,,34,0,0,0,0,0,0,0,0,0.25505909433682233,-0.09704999999999998,"11.822323529","14.404058824","2.581735294",,,
676886,"Beasley, Jeremy","AZ",2020,2020,"All",-0.00004873131682691062,,9,0,0,0,0,0,0,0,0,0.040368843415865406,-0.018049999999999983,"11.206","14.872","3.666",,,
592233,"Crichton, Stefan","AZ",2020,2020,"All",-0.19856990743065658,-0.0762660865084814,168,0.023809523809523808,3,1,0,0,0,3,1,-1.7463395448577286,0.3348844478686433,"12.718482014","17.349992806","4.631510791","11.7715","22.4215","10.65"
453281,"LeBlanc, Wade","BAL",2020,2020,"All",0.024319642417716086,,106,0,0,0,0,0,0,0,0,1.1194957120885811,-0.4435100000000004,"10.151655914","12.735247312","2.583591398",,,
664180,"Hall, Matt","BOS",2020,2020,"All",-0.20114412762986694,-0.17781520251276933,91,0.01098901098901099,1,0,0,0,0,1,0,-0.6599511563917805,-0.15367532522557997,"11.7541","14.404222222","2.650122222","15.163","28.229","13.066"
543272,"Hand, Brad","CLE",2020,2020,"All",0.022556048067142738,,144,0,0,0,0,0,0,0,0,0.8561127403357132,-0.3303699999999997,"11.770151079","14.215719424","2.445568345",,,
660813,"Graterol, Brusdar","LAD",2020,2020,"All",-0.08991533153734675,-0.08215230669669915,117,0.008547008547008548,1,0,0,0,0,1,0,0.12168181503763567,-0.2538926545441653,"11.690818182","15.486018182","3.7952","11.141","24.829","13.688"
547888,"Tanaka, Masahiro","NYY",2020,2020,"All",0.21744877292541143,0.4088435289663247,243,0.00823045267489712,0,2,0,0,0,0,2,0.7735891934259652,0.13940207608937388,"10.844722727","14.484677273","3.639954545","11.3045","19.5595","8.255"
670990,"Ramírez, Yohan","SEA",2020,2020,"All",0.5987229093353896,0.13876706335034752,198,0.010101010101010102,2,0,1,0,0,2,1,0.5354739003999422,1.0925069539008905,"12.226766304","16.961918478","4.735152174","11.3765","22.4415","11.065"
643778,"Webb, Tyler","STL",2020,2020,"All",-0.09212750766744833,-0.06607563304622124,167,0.005988023952095809,1,0,0,0,0,1,0,0.521286903572106,-0.43641086307082066,"11.575559748","14.925327044","3.349767296","10.365","23.157","12.792"
573009,"Mantiply, Joe","AZ",2020,2020,"All",0.008343744651350321,,37,0,0,0,0,0,0,0,0,0.34558122325675167,-0.13505000000000006,"11.2466","13.566","2.3194",,,
430935,"Hamels, Cole","ATL",2020,2020,"All",0.002764357439308401,,15,0,0,0,0,0,0,0,0,0.12278928719654199,-0.048429999999999994,"11.490933333","15.149066667","3.658133333",,,
624407,"Lin, Tzu-Wei","BOS",2020,2020,"All",-0.0012083403321779987,,14,0,0,0,0,0,0,0,0,0.11271329833910991,-0.05277999999999998,"12.053357143","12.9215","0.868142857",,,
664299,"Javier, Cristian","HOU",2020,2020,"All",0.2873730907312297,0.5242656894949959,275,0.01090909090909091,1,2,0,0,0,1,2,0.5197714462668115,0.4075973366174823,"11.922027451","15.308572549","3.386545098","12.935666667","23.089","10.153333333"
622250,"Sborz, Josh","LAD",2020,2020,"All",-0.00026528613149334594,,8,0,0,0,0,0,0,0,0,0.0074260693425332635,-0.0038899999999999968,"12.55275","17.612375","5.059625",,,
518715,"Gearrin, Cory","MIN",2020,2020,"All",0.10073621354387426,0.20715468800299364,8,0.125,0,1,0,0,0,0,1,-0.5083861365608954,0.44980764634678516,"12.533571429","15.487428571","2.953857143","11.953","21.126","9.173"
457915,"Guerra, Javy","WSH",2020,2020,"All",0.01820581962917601,,118,0,0,0,0,0,0,0,0,0.7712040981458808,-0.3022999999999998,"11.643330357","15.593892857","3.9505625",,,
621142,"Buttrey, Ty","LAA",2020,2020,"All",-0.24501218697275573,-0.2998062437859781,147,0.013605442176870748,1,1,0,0,0,1,1,-0.6227005748682877,-0.2677157155535521,"12.101720588","16.564867647","4.463147059","13.086","25.9545","12.8685"
643290,"Dunn, Justin","SEA",2020,2020,"All",-1.1797571641172564,-1.2093363824614582,271,0.04428044280442804,11,1,0,0,0,11,1,-8.27290014028451,1.0551619198658797,"12.081155102","16.914873469","4.833718367","11.7775","25.20425","13.42675"
621052,"Reyes, Alex","STL",2020,2020,"All",-0.11853531971477317,-0.09764999255399148,175,0.005714285714285714,1,0,0,0,0,1,0,0.10182015222796356,-0.3086652225785906,"11.605631902","15.99098773","4.385355828","11.577","25.433","13.856"
592833,"Wahl, Bobby","MIL",2020,2020,"All",0.0008810938017396132,,7,0,0,0,0,0,0,0,0,0.05775296900869803,-0.023709999999999985,"9.319","13.648333333","4.329333333",,,
501303,"Adrianza, Ehire","MIN",2020,2020,"All",0.0028133738898756637,,3,0,0,0,0,0,0,0,0,0.06219436944937833,-0.021390000000000006,"17.178333333","18.836333333","1.658",,,
605309,"Kela, Keone","PIT",2020,2020,"All",-0.09498659113058024,-0.060344451013246425,30,0.03333333333333333,1,0,0,0,0,1,0,-0.4501729044227456,-0.011004467213402529,"12.947896552","16.528034483","3.580137931","11.188","22.16","10.972"
571901,"Loup, Aaron","TB",2020,2020,"All",0.005560105366005517,,111,0,0,0,0,0,0,0,0,0.5716255268300272,-0.24169999999999983,"11.813690909","14.5979","2.784209091",,,
518516,"Bumgarner, Madison","AZ",2020,2020,"All",-0.19557925282063757,-0.18481061174152683,261,0.0038314176245210726,1,0,0,0,0,1,0,0.8428411055550238,-0.8092166087369832,"10.668932432","12.720072072","2.05113964","18.658","46.099","27.441"
622608,"Senzatela, Antonio","COL",2020,2020,"All",-0.05266183534600815,0.05796294389953663,379,0.005277044854881266,2,0,0,0,0,2,0,1.6495916843687508,-0.8501781604883522,"11.666814607","15.093356742","3.426542135","11.3745","19.6435","8.269"
663554,"Mize, Casey","DET",2020,2020,"All",-0.35266148227779776,-0.22252106868505345,214,0.018691588785046728,4,0,0,0,0,4,0,-1.898153222309836,0.05993147152037652,"10.79048","15.623255","4.832775","11.39","23.39625","12.00625"
592165,"Brennan, Brandon","SEA",2020,2020,"All",-0.1962922525607112,-0.28927444178037265,41,0.024390243902439025,1,0,0,0,0,1,0,-0.6893409501120763,-0.12983125008510255,"12.049384615","16.592","4.542615385","17.805","37.384","19.579"
592662,"Ray, Robbie","TOR",2020,2020,"All",-0.4996219570975288,-0.4501611611654979,436,0.011467889908256881,5,0,0,0,0,5,0,-0.6024111883475796,-0.8425327098400286,"11.033588689","13.916822622","2.883233933","12.55","26.6966","14.1466"
666622,"Marquez, Brailyn","CHC",2020,2020,"All",0.006684652597495758,,24,0,0,0,0,0,0,0,0,0.17312576298747867,-0.062089999999999895,"14.607208333","16.580333333","1.973125",,,
676220,"Elledge, Seth","STL",2020,2020,"All",0.11230473598640243,0.2103408717562529,92,0.021739130434782608,0,2,0,0,0,0,2,-0.6591604013039354,0.5425262583270871,"13.293247191","16.184955056","2.891707865","11.7835","21.081","9.2975"
595411,"Sherriff, Ryan","TB",2020,2020,"All",0.0011180368134433875,,31,0,0,0,0,0,0,0,0,0.17206768406721698,-0.07399,"10.3219","12.540133333","2.218233333",,,
448281,"Doolittle, Sean","WSH",2020,2020,"All",0.006078081508909488,,32,0,0,0,0,0,0,0,0,0.2627254075445473,-0.10325999999999995,"11.985857143","15.049892857","3.064035714",,,
502171,"Cobb, Alex","BAL",2020,2020,"All",0.11802870843979761,0.19410764045411555,279,0.010752688172043012,1,2,0,0,0,1,2,0.07641977742942652,0.22832167323091623,"11.64700823","16.041646091","4.39463786","13.427666667","24.987666667","11.56"
620445,"Mujica, José","COL",2020,2020,"All",0.005059094519564574,,31,0,0,0,0,0,0,0,0,0.29131297259782274,-0.11822999999999997,"11.913964286","15.222357143","3.308392857",,,
501985,"Minor, Mike","OAK",2020,2020,"All",-0.2977956427790559,-0.3254272148217535,269,0.01486988847583643,4,0,0,0,0,4,0,-0.7824168722057918,-0.31402726297310585,"12.115573705","15.406721116","3.29114741","11.743","24.825666667","13.082666667"
669211,"Akin, Keegan","BAL",2020,2020,"All",0.26211853946721536,,214,0,0,0,1,1,0,1,1,0.4201551973360755,0.3957500000000005,"11.281867925","13.241382075","1.959514151",,,
607352,"Biagini, Joe","HOU",2020,2020,"All",0.011114474588274156,,79,0,0,0,0,0,0,0,0,0.4074273729413703,-0.15637999999999985,"13.544413333","16.286453333","2.74204",,,
621076,"Kaprielian, James","OAK",2020,2020,"All",0.001523090352220497,,12,0,0,0,0,0,0,0,0,0.15152545176110244,-0.06395999999999999,"12.855083333","15.304833333","2.44975",,,
605130,"Barlow, Scott","KC",2020,2020,"All",-0.4187096933252822,-0.33199503841282557,164,0.018292682926829267,3,0,0,0,0,3,0,-1.732222217748364,-0.16058944394579855,"10.642777778","15.425026144","4.782248366","13.267666667","25.387","12.119333333"
642083,"Slegers, Aaron","TB",2020,2020,"All",0.006068621729177468,,133,0,0,0,0,0,0,0,0,0.6942281086458866,-0.2950599999999999,"11.340833333","15.599730159","4.258896825",,,
664062,"Gonsolin, Tony","LAD",2020,2020,"All",0.06807631913030257,0.14212413469892493,196,0.015306122448979591,2,1,0,0,0,2,1,-0.3989227594649749,0.3285797133851056,"12.181057803","16.694526012","4.513468208","11.098","22.35","11.252"
645261,"Alcantara, Sandy","MIA",2020,2020,"All",0.01897431610033331,0.03882818196590318,223,0.013452914798206279,1,2,0,0,0,1,2,-0.4935640963023564,0.2615269674684545,"11.176953271","15.662897196","4.485943925","11.738666667","23.688","11.949333333"
664854,"Helsley, Ryan","STL",2020,2020,"All",0.009988297323670046,,89,0,0,0,0,0,0,0,0,0.5808964866183501,-0.23597999999999988,"12.046932584","14.518988764","2.47205618",,,
493603,"Ottavino, Adam","NYY",2020,2020,"All",-0.05816322633974564,-0.023519101188223396,139,0.007194244604316547,1,0,0,0,0,1,0,-0.057915504611983804,-0.1035113898163309,"12.027416667","17.244530303","5.217113636","11.163","22.926","11.763"
605400,"Nola, Aaron","PHI",2020,2020,"All",-0.6761808510461658,-0.6009387271340438,372,0.01881720430107527,5,2,0,0,0,5,2,-3.3957002588143275,0.006576001592666081,"10.927676647","16.194281437","5.26660479","11.094","25.636428571","14.542428571"
664192,"Lucchesi, Joey","SD",2020,2020,"All",0.032983005460159226,,83,0,0,0,0,0,0,0,0,0.9273275273007962,-0.33884999999999993,"11.981313433","13.30119403","1.319880597",,,
656685,"Martin, Brett","TEX",2020,2020,"All",0.0021752745072859004,,81,0,0,0,0,0,0,0,0,0.4095763725364295,-0.17719999999999997,"12.692271605","15.334160494","2.641888889",,,
621129,"Cody, Kyle","TEX",2020,2020,"All",0.17803774429235156,0.2562615650803459,115,0.017391304347826087,2,0,0,0,0,2,0,-0.363760677198157,0.5573108438488517,"11.480764706","15.79754902","4.316784314","10.922","21.543","10.621"
664337,"Yajure, Miguel","NYY",2020,2020,"All",0.023255077850545546,,65,0,0,0,0,0,0,0,0,0.5608528892527277,-0.19759000000000002,"12.596854839","15.845129032","3.248274194",,,
673258,"Baez, Michel","SD",2020,2020,"All",0.0054717490759044595,,23,0,0,0,0,0,0,0,0,0.22038624537952223,-0.08579,"12.7357","16.46","3.7243",,,
425794,"Wainwright, Adam","STL",2020,2020,"All",0.17641440922342128,0.1890976602078095,248,0.004032258064516129,0,1,0,0,0,0,1,1.9942038078384638,-0.4942807829872702,"10.543192469","13.886912134","3.343719665","11.078","20.496","9.418"
622490,"Leyer, Robinson","BOS",2020,2020,"All",0.004802905764815112,,78,0,0,0,0,0,0,0,0,0.2915845288240754,-0.11892000000000008,"12.33325974","15.436298701","3.103038961",,,
506433,"Darvish, Yu","CHC",2020,2020,"All",0.2514935909008311,-0.10525639198308018,348,0.011494252873563218,4,0,1,0,0,4,1,-1.0638458532405108,1.031695025664297,"11.538580645","16.281783871","4.743203226","11.696","23.25175","11.55575"
621294,"Heller, Ben","NYY",2020,2020,"All",-0.005483445824090884,,37,0,0,0,0,0,0,0,0,0.04899277087954551,-0.03396,"10.300459459","12.964216216","2.663756757",,,
657140,"Wright, Kyle","ATL",2020,2020,"All",-0.22110396768342488,0.13455666139697123,223,0.026905829596412557,6,0,0,0,0,6,0,-2.79722475123118,0.7518688501395797,"11.514086957","15.751014493","4.236927536","12.584666667","23.8165","11.231833333"
502748,"Peacock, Brad","HOU",2020,2020,"All",-0.00132167467459248,,31,0,0,0,0,0,0,0,0,0.12517412662703759,-0.05857000000000001,"13.946037037","17.379148148","3.433111111",,,
664126,"Fairbanks, Pete","TB",2020,2020,"All",-0.8148593743435473,-0.802250641274546,249,0.0321285140562249,7,1,0,0,0,7,1,-4.92247833029632,0.3769695371460356,"11.434947826","16.238630435","4.803682609","11.64925","25.340875","13.691625"
572193,"Tepera, Ryan","CHC",2020,2020,"All",0.465253280442447,,117,0,0,0,1,0,0,0,1,0.5518939022122347,0.7886100000000001,"12.962427273","16.739945455","3.777518182",,,
642207,"Williams, Devin","MIL",2020,2020,"All",0.25285394258946003,0.2782940232860815,111,0.009009009009009009,0,1,0,0,0,0,1,0.4321894915866096,0.36981343171586256,"10.716961905","15.288628571","4.571666667","10.131","19.724","9.593"
665620,"García, Deivi","NYY",2020,2020,"All",-0.14955255965460554,-0.07827219984647842,252,0.011904761904761904,2,1,0,0,0,2,1,-0.32388086039462965,-0.18839197239039934,"11.086802691","15.185569507","4.098766816","10.969333333","22.951","11.981666667"
446321,"Detwiler, Ross","CWS",2020,2020,"All",0.013647982896081962,,88,0,0,0,0,0,0,0,0,0.5114899144804096,-0.19700000000000012,"11.022209877","13.891839506","2.86962963",,,
641582,"Foster, Matt","CWS",2020,2020,"All",0.029598332967887435,,124,0,0,0,0,0,0,0,0,1.0018666648394379,-0.37950000000000034,"10.808169492","13.446372881","2.63820339",,,
642558,"Jurado, Ariel","NYM",2020,2020,"All",0.005218478309087652,,44,0,0,0,0,0,0,0,0,0.33443239154543797,-0.13704000000000002,"11.827552632","14.890842105","3.063289474",,,
476594,"Stock, Robert","BOS",2020,2020,"All",0.027795586420848617,,89,0,0,0,0,0,0,0,0,0.8260154321042436,-0.3053500000000002,"10.963186047","14.089430233","3.126244186",,,
471911,"Carrasco, Carlos","CLE",2020,2020,"All",-0.019032068600985323,0.18039450585227004,373,0.00804289544235925,1,2,0,0,0,1,2,-0.013317835497497349,-0.03637444778107943,"11.438934097","15.725329513","4.286395415","10.839333333","20.836333333","9.997"
605513,"Turnbull, Spencer","DET",2020,2020,"All",-0.8722025929209906,-0.8360441251878492,355,0.030985915492957747,10,1,0,0,0,10,1,-6.69768536367641,1.0385210662539759,"11.623545171","16.344598131","4.72105296","11.364090909","26.159636364","14.795545455"
523260,"Kelly, Joe","LAD",2020,2020,"All",-0.10723746734061884,-0.11182989790321682,55,0.01818181818181818,0,1,0,0,0,0,1,-0.5118991879325729,-0.010794732786898464,"12.340607843","16.132647059","3.792039216","10.824","24.966","14.142"
622780,"Perdomo, Angel","MIL",2020,2020,"All",-0.09900255658404256,-0.11014363852107537,39,0.02564102564102564,1,0,0,0,0,1,0,-0.7113026840742611,0.09612884495735498,"12.958216216","16.279","3.320783784","11.502","23.216","11.714"
592865,"Williams, Taylor","SD",2020,2020,"All",-0.17134376077138164,,137,0,0,0,0,1,0,1,0,-0.044941303856907894,-0.36078999999999994,"12.061392308","15.9323","3.870907692",,,
669214,"Menez, Conner","SF",2020,2020,"All",0.006993186288671096,,58,0,0,0,0,0,0,0,0,0.3934809314433554,-0.15934,"13.037481481","16.068777778","3.031296296",,,
519293,"Smith, Will","ATL",2020,2020,"All",0.011583560060456815,,34,0,0,0,0,0,0,0,0,0.229547800302284,-0.07627999999999996,"11.562647059","14.770941176","3.208294118",,,
572971,"Keuchel, Dallas","CWS",2020,2020,"All",0.14778227408677078,-0.12405312869257433,281,0.0071174377224199285,1,1,0,0,0,1,1,0.9295364502262085,-0.0847222576854908,"10.746121864","13.557003584","2.81088172","15.384","28.1195","12.7355"
573204,"Thielbar, Caleb","MIN",2020,2020,"All",-0.06802699196970309,-0.016945600696269048,155,0.0064516129032258064,1,0,0,0,0,1,0,-0.08408970886866862,-0.11379788932437634,"11.173205298","13.142423841","1.969218543","9.762","18.203","8.441"
572020,"Paxton, James","NYY",2020,2020,"All",-0.002331930568526063,,99,0,0,0,0,0,0,0,0,0.5386678471573698,-0.2445900000000001,"10.666104167","12.694666667","2.0285625",,,
685493,"Yamaguchi, Shun","TOR",2020,2020,"All",-0.19221135260894817,,195,0,0,0,0,1,0,1,0,-0.014324263044741633,-0.42076999999999964,"12.458816754","15.871643979","3.412827225",,,
518876,"Kelly, Merrill","AZ",2020,2020,"All",-0.0025724024491711405,-0.03761846187957538,129,0.015503875968992248,2,0,0,0,0,2,0,-0.5923841196304823,0.257565381059834,"11.864008475","16.403322034","4.539313559","10.897","24.0435","13.1465"
518774,"Harvey, Matt","KC",2020,2020,"All",-0.03511141482942979,-0.051876470556501686,117,0.008547008547008548,1,0,0,0,0,1,0,0.30880774621846374,-0.2152732534958276,"11.26312037","15.565296296","4.302175926","11.786","22.384","10.598"
595897,"Burdi, Nick","PIT",2020,2020,"All",-0.0000251818257927393,,20,0,0,0,0,0,0,0,0,0.0910440908710363,-0.04052000000000001,"9.7316","13.8248","4.0932",,,
605483,"Snell, Blake","TB",2020,2020,"All",0.08511596514567119,0.09000519034764004,311,0.00964630225080386,1,2,0,0,0,1,2,0.0553168703800877,0.16456131348811928,"11.133713311","13.565986348","2.432273038","9.948","23.306333333","13.358333333"
605138,"Benjamin, Wes","TEX",2020,2020,"All",-0.05049609369421944,-0.07799952393300982,147,0.006802721088435374,1,0,0,0,0,1,0,0.275156599695634,-0.23450536362965801,"11.75871831","14.273316901","2.514598592","11.91","22.516","10.606"
642840,"Harvey, Joe","COL",2020,2020,"All",0.003062682286853878,,24,0,0,0,0,0,0,0,0,0.19265841143426934,-0.07882,"11.40965","15.9252","4.51555",,,
641312,"Anderson, Shaun","SF",2020,2020,"All",0.017354461598794148,0.09179590314123132,103,0.009708737864077669,0,1,0,0,0,0,1,0.5165079038814142,-0.1909935981721973,"11.204022727","15.628102273","4.424079545","18.026","30.017","11.991"
623433,"Anderson, Nick","TB",2020,2020,"All",0.008099516481100775,,57,0,0,0,0,0,0,0,0,0.40108258240550343,-0.16026000000000004,"12.023696429","15.680678571","3.656982143",,,
681911,"Vesia, Alex","MIA",2020,2020,"All",0.014207890718515113,,55,0,0,0,0,0,0,0,0,0.5156394535925757,-0.19760000000000005,"12.597924528","15.077415094","2.479490566",,,
667465,"Fletcher, Aaron","SEA",2020,2020,"All",0.014424478380350422,,62,0,0,0,0,0,0,0,0,0.34938989190175207,-0.12322999999999991,"13.325672131","16.056655738","2.730983607",,,
641995,"Ramírez, Roel","STL",2020,2020,"All",-0.0004734243208279437,,2,0,0,0,0,0,0,0,0,0.010817878395860282,-0.00586,"9.1355","15.5865","6.451",,,
667463,"King, John","TEX",2020,2020,"All",0.11444700334875794,0.20039214575522618,76,0.013157894736842105,1,0,0,0,0,1,0,-0.16571218154978842,0.32797653257492393,"11.337743243","14.144283784","2.806540541","10.41","20.082","9.672"
592836,"Walker, Taijuan","TOR",2020,2020,"All",0.19609452990940218,-0.047693758324854535,250,0.028,6,1,1,0,0,6,2,-3.150831981257716,1.8361353914687673,"11.942712446","16.559128755","4.616416309","11.619833333","25.143","13.523166667"
456124,"Kratz, Erik","NYY",2020,2020,"All",0.0018527294249227983,,7,0,0,0,0,0,0,0,0,0.06180114712461396,-0.023349999999999985,"12.321714286","14.857714286","2.536",,,
666200,"Luzardo, Jesús","OAK",2020,2020,"All",-0.0725920044747338,0.009410252525677787,311,0.003215434083601286,0,1,0,1,0,1,1,0.7893004778449777,-0.5121157778749545,"10.734186047","13.665797342","2.931611296","7.631","21.291","13.66"
641755,"Kinley, Tyler","COL",2020,2020,"All",0.47847910792198217,,144,0,0,0,1,0,0,0,1,1.0117730396099103,0.6136100000000001,"12.43224812","15.912481203","3.480233083",,,
542882,"Andriese, Matt","LAA",2020,2020,"All",-0.010939626253573961,0.09283072652320665,208,0.009615384615384616,2,0,0,0,0,2,0,-0.08972634397644097,0.015568094537142307,"12.015513661","15.86804918","3.852535519","11.8475","21.615","9.7675"
656605,"Keller, Mitch","PIT",2020,2020,"All",0.01152951718165252,0.05565981877367118,131,0.015267175572519083,1,1,0,0,0,1,1,-0.2983785969700368,0.158233859057022,"11.471533898","16.596661017","5.125127119","11.1845","22.2995","11.115"
621121,"McCullers Jr., Lance","HOU",2020,2020,"All",-0.21711995729145286,-0.20821920142729533,277,0.010830324909747292,2,1,0,0,0,2,1,-0.570886276405725,-0.22876156002290648,"12.285492701","16.121627737","3.836135036","11.902333333","21.752333333","9.85"
621141,"Lockett, Walker","SEA",2020,2020,"All",-0.028064280220482556,0.053319880273068915,90,0.011111111111111112,0,1,0,0,0,0,1,-0.34246034906001954,0.0898395324256031,"13.123091954","17.008149425","3.885057471","12.088","21.835","9.747"
624418,"Castellani, Ryan","COL",2020,2020,"All",-0.07457483715685821,0.06920914748460735,263,0.011406844106463879,2,1,0,0,0,2,1,-0.23457757617647557,-0.061465159825696725,"10.86321519","14.782485232","3.919270042","11.294333333","22.081","10.786666667"
596001,"Junis, Jakob","KC",2020,2020,"All",-0.1975535504475533,0.057064417956312535,167,0.005988023952095809,1,0,0,1,0,2,0,-0.43512754322622826,-0.24561787067179486,"11.718140845","16.110352113","4.392211268","11.422","21.431","10.009"
621111,"Buehler, Walker","LAD",2020,2020,"All",-0.1584658807643515,0.13633099518381203,153,0.032679738562091505,4,1,0,0,0,4,1,-2.625079157723489,0.8145554461785476,"10.6846875","15.493513889","4.808826389","11.9358","22.8174","10.8816"
519008,"McFarland, T.J.","OAK",2020,2020,"All",-0.043841948379953075,-0.06371504998394398,111,0.009009009009009009,1,0,0,0,0,1,0,0.579699759881567,-0.35507088968059225,"10.788901961","12.485215686","1.696313725","10.967","21.437","10.47"
658551,"Fernández, Junior","STL",2020,2020,"All",0.018942564974453614,,13,0,0,0,0,0,0,0,0,0.28346532487226805,-0.08388999999999999,"10.611923077","13.260846154","2.648923077",,,
595928,"Curtiss, John","TB",2020,2020,"All",-0.21276595661981035,-0.3355838075432296,133,0.015037593984962405,1,1,0,0,0,1,1,-0.6271659899970647,-0.19407279693421492,"11.583529915","16.960333333","5.376803419","12.056","29.302","17.246"
664045,"Eshelman, Thomas","BAL",2020,2020,"All",0.3315384140792041,0.650836869248083,204,0.014705882352941176,1,2,0,0,0,1,2,0.5197984405669748,0.505730502146241,"11.619738889","15.695983333","4.076244444","11.094","18.669","7.575"
656382,"Doyle, Tommy","COL",2020,2020,"All",0.006783479756553095,,19,0,0,0,0,0,0,0,0,0.22824989878276541,-0.08637,"9.805277778","13.411333333","3.606055556",,,
571927,"Matz, Steven","NYM",2020,2020,"All",0.05476203686836043,0.17794891025258475,207,0.004830917874396135,0,1,0,0,0,0,1,0.8659644576081376,-0.2631796770072602,"10.918936842","13.690368421","2.771431579","15.472","29.048","13.576"
544928,"Lyons, Tyler","NYY",2020,2020,"All",0.00031040148698884646,,4,0,0,0,0,0,0,0,0,0.009022007434944185,-0.003319999999999979,"14.1355","15.31375","1.17825",,,
543219,"Gilmartin, Sean","TB",2020,2020,"All",-0.003475542343878016,,34,0,0,0,0,0,0,0,0,0.09408728828060985,-0.049539999999999966,"13.290941176","14.759647059","1.468705882",,,
554431,"Matzek, Tyler","ATL",2020,2020,"All",0.1013404867915868,0.16764393237456132,189,0.010582010582010581,2,0,0,0,0,2,0,0.04225771295977923,0.2064198759991799,"11.969956522","15.270711957","3.300755435","9.872","21.5825","11.7105"
664042,"Lakins Sr., Travis","BAL",2020,2020,"All",0.16674788720538952,0.37954626138371406,196,0.01020408163265306,2,0,0,0,0,2,0,0.1027006172070084,0.3249061416977504,"12.101919355","16.022193548","3.920274194","14.5985","24.591","9.9925"
607067,"Rea, Colin","CHC",2020,2020,"All",0.05175229366967858,0.08841468072862707,78,0.01282051282051282,1,0,0,0,0,1,0,0.08853493389791106,0.07565623753354733,"13.531569444","16.447694444","2.916125","10.41","20.915","10.505"
663465,"Allard, Kolby","TEX",2020,2020,"All",0.025141891493052612,0.08045893180240374,208,0.004807692307692308,0,1,0,0,0,0,1,0.6196604107734128,-0.21953375702584413,"11.118724138","13.363418719","2.244694581","7.91","18.625","10.715"
621366,"Borucki, Ryan","TOR",2020,2020,"All",0.0639664978108043,,123,0,0,0,0,0,0,0,0,1.4874699890540222,-0.5189500000000002,"11.127345455","13.781063636","2.653718182",,,
656232,"Bielak, Brandon","HOU",2020,2020,"All",0.7084499895482546,0.5557459252125161,259,0.019305019305019305,5,0,1,0,0,5,1,-0.8431597757497309,1.949070988218227,"11.911241071","15.574665179","3.663424107","10.911","20.4116","9.5006"
656004,"Sanabria, Carlos","HOU",2020,2020,"All",0.003775264936733617,,27,0,0,0,0,0,0,0,0,0.16652132468366793,-0.06561999999999996,"13.083208333","17.063625","3.980416667",,,
657571,"Ferguson, Caleb","LAD",2020,2020,"All",-0.26399101723133733,-0.34482164234830764,117,0.017094017094017096,2,0,0,0,0,2,0,-1.2801527470087537,-0.01768992851019309,"12.137678899","16.099917431","3.962238532","16.3795","31.4085","15.029"
628317,"Maeda, Kenta","MIN",2020,2020,"All",0.47387938840395905,0.3057092129460287,218,0.01834862385321101,3,1,1,0,0,3,2,-0.9518630925884048,1.4761155709369773,"10.99582266","14.334586207","3.338763547","12.0375","20.16875","8.13125"
607374,"Tropeano, Nick","PIT",2020,2020,"All",0.015507103930860043,,98,0,0,0,0,0,0,0,0,0.5349830196543008,-0.20330999999999994,"12.971957895","16.084568421","3.112610526",,,
521655,"Font, Wilmer","TOR",2020,2020,"All",-0.10306456680248907,-0.07738206861297864,170,0.0058823529411764705,1,0,0,0,0,1,0,0.21294446977999784,-0.3236743572410863,"11.476453988","15.737828221","4.261374233","11.203","24.497","13.294"
570240,"Peña, Félix","LAA",2020,2020,"All",0.4554576545723312,0.046730475171596286,188,0.015957446808510637,2,1,1,0,0,2,2,-0.6698104216432282,1.3098216420021715,"11.739942197","16.019560694","4.279618497","11.89","22.825333333","10.935333333"
670912,"Oviedo, Johan","STL",2020,2020,"All",0.003922578021670925,,169,0,0,0,0,0,0,0,0,0.9518553901083548,-0.41433000000000003,"11.115411392","14.977101266","3.861689873",,,
656222,"Beeks, Jalen","TB",2020,2020,"All",-0.001133630711590822,,114,0,0,0,0,0,0,0,0,0.5312718464420456,-0.23863999999999994,"11.461955357","14.15425","2.692294643",,,
641907,"Murphy, Patrick","TOR",2020,2020,"All",0.0031068503740640787,,34,0,0,0,0,0,0,0,0,0.2470367518703205,-0.10289000000000002,"13.519411765","16.874176471","3.354764706",,,
641656,"Hamilton, Ian","CWS",2020,2020,"All",0.018677255581157418,,32,0,0,0,0,0,0,0,0,0.38410877790578707,-0.12921000000000002,"11.466806452","13.521774194","2.054967742",,,
605135,"Bassitt, Chris","OAK",2020,2020,"All",0.0823968887636837,0.18261835153982842,317,0.006309148264984227,1,1,0,0,0,1,1,0.9523925464438322,-0.24018137894462815,"11.352401993","15.152003322","3.799601329","11.205","20.0775","8.8725"
642003,"Reed, Cody","TB",2020,2020,"All",0.037061953637410716,,99,0,0,0,0,0,0,0,0,1.053427268187053,-0.38583000000000034,"11.500886598","14.409618557","2.908731959",,,
664208,"Maton, Phil","CLE",2020,2020,"All",0.25741703780961195,0.3750346657884729,148,0.006756756756756757,1,0,0,0,0,1,0,1.2108289454986392,0.033891663799742566,"10.605611511","14.318129496","3.712517986","10.288","17.979","7.691"
672578,"Hernández, Carlos","KC",2020,2020,"All",-0.024532560365293596,,121,0.008264462809917356,1,0,0,0,0,1,0,0.2301369772919778,-0.1567999018304204,"11.217633028","15.10359633","3.885963303","12.089","22.261","10.172"
656427,"Flaherty, Jack","STL",2020,2020,"All",0.3455810037108647,0.5027292828268988,222,0.0045045045045045045,0,1,0,0,0,0,1,1.4060383847772726,0.14305183723424494,"10.879752381","14.396128571","3.51637619","9.379","16.89","7.511"
641712,"Hudson, Dakota","STL",2020,2020,"All",0.09952794161864162,0.21397237069064123,202,0.009900990099009901,1,1,0,0,0,1,1,0.37208829362858536,0.0558006286509434,"11.215494505","15.86239011","4.646895604","11.0445","21.572","10.5275"
656725,"McRae, Alex","CWS",2020,2020,"All",0.00570765319333702,,12,0,0,0,0,0,0,0,0,0.13055326596668515,-0.04534000000000001,"12.2315","16.401833333","4.170333333",,,
656240,"Blewett, Scott","KC",2020,2020,"All",-0.0004271191681894266,,20,0,0,0,0,0,0,0,0,0.025944404159052734,-0.012479999999999936,"12.523263158","14.625631579","2.102368421",,,
592222,"Claudio, Alex","MIL",2020,2020,"All",0.00318044761740974,,93,0,0,0,0,0,0,0,0,0.44585473808704856,-0.19108999999999998,"11.257426966","14.219337079","2.961910112",,,
606149,"Gallegos, Giovanny","STL",2020,2020,"All",-0.11016880105012641,-0.06317885094671587,75,0.013333333333333334,1,0,0,0,0,1,0,-0.222919823065174,-0.14574408097131486,"10.870863014","14.63969863","3.768835616","10.487","20.019","9.532"
656420,"Feyereisen, J.P.","MIL",2020,2020,"All",-0.003327328310860579,,28,0,0,0,0,0,0,0,0,0.11777835844569717,-0.05974000000000006,"10.2034","13.68316","3.47976",,,
640451,"Harvey, Hunter","BAL",2020,2020,"All",0.06903794964833557,0.19097317562946456,68,0.014705882352941176,0,1,0,0,0,0,1,0.0123245057936755,0.14794010775466768,"11.005229508","14.134245902","3.129016393","10.099","19.339","9.24"
656302,"Cease, Dylan","CWS",2020,2020,"All",0.10408706136598915,0.07746963684814329,376,0.007978723404255319,2,1,0,0,0,2,1,1.12188966613467,-0.26731304857987725,"10.886133705","14.948980501","4.062846797","11.656","22.074666667","10.418666667"
641816,"Mahle, Tyler","CIN",2020,2020,"All",0.24530128557227648,0.5189606509352681,354,0.005649717514124294,1,1,0,1,0,2,1,1.3367841204764372,-0.04901230782891372,"10.926708207","14.525103343","3.598395137","9.9345","18.3535","8.419"
605447,"Romano, Jordan","TOR",2020,2020,"All",-0.0700792989456764,-0.15415356893721444,86,0.023255813953488372,2,0,0,0,0,2,0,-1.0853410406392725,0.3266420204048399,"13.518176471","19.112223529","5.594047059","11.459","29.1185","17.6595"
571578,"Corbin, Patrick","WSH",2020,2020,"All",-0.321848790270573,-0.4186318252893808,447,0.008948545861297539,4,0,0,0,0,4,0,0.18283497108128355,-0.7964795210818437,"11.270948529","14.66639951","3.39545098","10.8875","23.68075","12.79325"
608335,"Funkhouser, Kyle","DET",2020,2020,"All",0.15443432105017596,0.3032508481833631,126,0.015873015873015872,2,0,0,0,0,2,0,-0.5105170526512666,0.5700838479565103,"12.440512397","16.346867769","3.906355372","10.766","20.963","10.197"
576397,"Gyorko, Jedd","MIL",2020,2020,"All",-0.0013359914945322003,,6,0,0,0,0,0,0,0,0,0.019375042527338994,-0.011579999999999998,"13.040833333","15.371666667","2.330833333",,,
683232,"Mears, Nick","PIT",2020,2020,"All",0.010866730094099752,,30,0,0,0,0,0,0,0,0,0.2971086504704989,-0.10790000000000005,"13.210172414","16.428586207","3.218413793",,,
595465,"Winkler, Dan","CHC",2020,2020,"All",0.0048045831362100635,,114,0,0,0,0,0,0,0,0,0.6868954156810507,-0.29461000000000015,"10.708724771","14.063192661","3.35446789",,,
543883,"Vincent, Nick","MIA",2020,2020,"All",0.034981065557399285,,113,0,0,0,0,0,0,0,0,0.9253478277869964,-0.3335299999999998,"11.826445455","14.584854545","2.758409091",,,
518617,"Diekman, Jake","OAK",2020,2020,"All",0.038835593333007803,,131,0,0,0,0,0,0,0,0,1.3656629666650386,-0.5206599999999997,"11.665692308","13.250084615","1.584392308",,,
543294,"Hendricks, Kyle","CHC",2020,2020,"All",0.0516697670181544,0.09345849735240697,324,0.006172839506172839,0,2,0,0,0,0,2,1.0375251017676348,-0.34630056296749456,"10.681747405","15.065598616","4.383851211","11.963","22.6505","10.6875"
592351,"Gray, Jon","COL",2020,2020,"All",0.25027760095982854,0.3117077484310269,223,0.008968609865470852,1,1,0,0,0,1,1,0.3567160561075008,0.3976319771962852,"11.178743842","15.607724138","4.428980296","11.2895","22.498","11.2085"
669432,"Rogers, Trevor","MIA",2020,2020,"All",-0.4109809151549162,-0.37897368523595687,204,0.014705882352941176,3,0,0,0,0,3,0,-1.6147592409434537,-0.19562014881383388,"11.15044898","14.969867347","3.819418367","11.856666667","26.033666667","14.177"
656876,"Rasmussen, Drew","MIL",2020,2020,"All",0.0051103717579488285,,134,0,0,0,0,0,0,0,0,0.7552718587897442,-0.3243199999999999,"12.51903876","15.895697674","3.376658915",,,
519144,"Porcello, Rick","NYM",2020,2020,"All",0.6527744627050508,0.0864129163521242,402,0.009950248756218905,4,0,1,0,0,4,1,1.0975412990251598,0.9628137842222653,"11.54831339","16.699344729","5.151031339","10.9405","22.74675","11.80625"
596043,"Mengden, Daniel","OAK",2020,2020,"All",-0.1108013445294926,-0.15127078929997156,95,0.010526315789473684,1,0,0,0,0,1,0,0.01601680775211789,-0.2533437912887024,"12.475431818","15.847409091","3.371977273","12.457","20.491","8.034"
572383,"Moran, Brian","MIA",2020,2020,"All",-0.09743428885924521,-0.03903732531274287,58,0.017241379310344827,1,0,0,0,0,1,0,-0.3298182726909035,-0.069934742935699,"10.618381818","12.958345455","2.339963636","14.142","28.744","14.602"
656547,"Holder, Jonathan","NYY",2020,2020,"All",0.01876728600378116,,160,0,0,0,0,0,0,0,0,0.9688164300189055,-0.3888799999999997,"11.516636364","15.537409091","4.020772727",,,
607455,"Banda, Anthony","TB",2020,2020,"All",-0.0027868785869607057,,63,0,0,0,0,0,0,0,0,0.20960310706519647,-0.09934999999999997,"13.893372881","16.677779661","2.78440678",,,
664157,"Bergen, Travis","AZ",2020,2020,"All",0.09829132415465501,0.12252782875300444,122,0.00819672131147541,0,1,0,0,0,0,1,0.3861291357346942,0.04681221557270182,"11.06240678","13.079991525","2.017584746","10.765","21.48","10.715"
642397,"Soto, Gregory","DET",2020,2020,"All",-0.10567212660745612,-0.1607175591013908,138,0.007246376811594203,1,0,0,0,0,1,0,0.6491740141031862,-0.5233487320624297,"10.562492754","13.128630435","2.566137681","15.399","36.224","20.825"
668941,"Romero, JoJo","PHI",2020,2020,"All",0.005541021126284032,,80,0,0,0,0,0,0,0,0,0.4449226056314202,-0.18542999999999976,"10.253975","12.2947375","2.0407625",,,
542914,"Bass, Anthony","TOR",2020,2020,"All",1.042857084838383,1.5501073193007444,111,0.02702702702702703,1,2,0,0,0,1,2,0.3131407488353216,2.178286522380708,"12.004485981","15.292299065","3.287813084","10.224666667","16.119666667","5.895"
453286,"Scherzer, Max","WSH",2020,2020,"All",0.09272302726596998,0.507353903014507,432,0.013888888888888888,6,0,0,0,0,6,0,-1.194303496886385,0.7368527258738826,"12.16563","16.562505","4.396875","12.321333333","21.335","9.013666667"
571858,"Kline, Branden","BAL",2020,2020,"All",-0.00006379053645407537,,42,0,0,0,0,0,0,0,0,0.23316354731772962,-0.10377000000000004,"12.462878049","15.881073171","3.418195122",,,
605155,"Brewer, Colten","BOS",2020,2020,"All",-0.011418887687991805,0.013694652445223554,206,0.009708737864077669,2,0,0,0,0,2,0,-0.16185934930704343,0.04656218260759248,"11.528904762","16.432417989","4.903513228","10.741","23.014","12.273"
518813,"Holland, Greg","KC",2020,2020,"All",0.03395275750617519,,159,0,0,0,0,0,0,0,0,1.1142462875308758,-0.4197700000000002,"11.40080137","15.235979452","3.835178082",,,
672911,"Cruz, Jesus","STL",2020,2020,"All",-0.0006264025604551964,,6,0,0,0,0,0,0,0,0,0.05532298719772398,-0.025979999999999986,"11.260333333","15.2755","4.015166667",,,
607644,"Means, John","BAL",2020,2020,"All",-0.17536098738781786,-0.2292701092486582,187,0.0106951871657754,2,0,0,0,0,2,0,0.24899018609691237,-0.5003533880160003,"11.189580838","12.91648503","1.726904192","12.9405","21.0935","8.153"
571670,"Floro, Dylan","LAD",2020,2020,"All",0.013343182214836598,,148,0,0,0,0,0,0,0,0,1.0688659110741827,-0.44539999999999996,"11.779706349","15.11884127","3.339134921",,,
605540,"Woodruff, Brandon","MIL",2020,2020,"All",0.07601269660203025,0.18092285159158486,338,0.005917159763313609,2,0,0,0,0,2,0,1.5151526897740006,-0.504484091895044,"10.669480892","15.053433121","4.383952229","11.3395","21.4225","10.083"
640455,"Manaea, Sean","OAK",2020,2020,"All",-0.04132462101728142,-0.16813167622340458,221,0.004524886877828055,1,0,0,0,0,1,0,1.404955359619997,-0.7162570954250687,"12.314339806","14.66138835","2.347048544","20.23","32.417","12.187"
600917,"Leclerc, José","TEX",2020,2020,"All",0.0011853437041677013,,38,0,0,0,0,0,0,0,0,0.1568342185208384,-0.06706999999999995,"10.346578947","14.942026316","4.595447368",,,
661255,"López, Yoan","AZ",2020,2020,"All",0.052337272642247745,0.15439402007834999,126,0.007936507936507936,1,0,0,0,0,1,0,0.10456060069175024,0.06983367223088399,"12.082212389","15.598769912","3.516557522","10.769","20.378","9.609"
520980,"Báez, Pedro","LAD",2020,2020,"All",0.1703411040042614,0.1897207372142739,105,0.009523809523809525,1,0,0,0,0,1,0,0.15206044154309742,0.31095336821253694,"10.985141414","15.976626263","4.991484848","9.038","22.964","13.926"
656061,"Abreu, Albert","NYY",2020,2020,"All",-0.0003097082261183439,,22,0,0,0,0,0,0,0,0,0.021468958869408257,-0.01022999999999999,"12.852318182","16.167045455","3.314727273",,,
641743,"Kay, Anthony","TOR",2020,2020,"All",0.011737228100750143,,147,0,0,0,0,0,0,0,0,0.7461736405037511,-0.30555000000000027,"11.417690141","14.488577465","3.070887324",,,
503569,"Dolis, Rafael","TOR",2020,2020,"All",0.4037244196001482,-0.02231386175194644,188,0.005319148936170213,1,0,1,0,0,1,1,0.5420664383938655,0.6562469598252793,"12.280777778","16.051005556","3.770227778","12.062","19.776","7.714"
621345,"Minter, A.J.","ATL",2020,2020,"All",0.059044634499680074,-0.09105434230093201,145,0.006896551724137931,1,0,0,0,0,1,0,0.728067396888088,-0.1923752108398613,"12.814156716","16.580470149","3.766313433","11.318","25.805","14.487"
642121,"Sulser, Cole","BAL",2020,2020,"All",-0.018722559999077952,-0.04826060678725466,170,0.0058823529411764705,1,0,0,0,0,1,0,0.32492690900240173,-0.18601764844346347,"11.337851852","15.057734568","3.719882716","10.33","23.019","12.689"
424144,"Pérez, Oliver","CLE",2020,2020,"All",0.009161441555666606,,123,0,0,0,0,0,0,0,0,0.44110970777833275,-0.17568999999999974,"11.347928571","14.314392857","2.966464286",,,
626929,"Thorpe, Lewis","MIN",2020,2020,"All",0.41775527582270466,0.6495293511398739,108,0.009259259259259259,0,1,0,0,0,0,1,0.5056945916322763,0.7035919055472211,"11.442518868","13.306839623","1.864320755","10.313","11.807","1.494"
607572,"Howard, Sam","PIT",2020,2020,"All",-0.06317002780421965,0.03255157240740292,103,0.009708737864077669,1,0,0,0,0,1,0,-0.16214258650887733,-0.06831446778320877,"11.224928571","13.953540816","2.728612245","12.47","17.335","4.865"
670329,"Garcia, Rico","SF",2020,2020,"All",0.013483198727671574,,81,0,0,0,0,0,0,0,0,0.5156834936383577,-0.19922999999999969,"12.31177027","16.149486486","3.837716216",,,
642130,"Taylor, Blake","HOU",2020,2020,"All",-0.10608565826604485,-0.16292311180058006,137,0.0072992700729927005,1,0,0,0,0,1,0,0.17727468376732766,-0.3145346555989118,"11.656908397","13.667167939","2.010259542","10.432","24.91","14.478"
435522,"Walker, Neil","PHI",2020,2020,"All",0.010727398899852816,,14,0,0,0,0,0,0,0,0,0.19039199449926406,-0.06077999999999998,"14.608076923","17.686538462","3.078461538",,,
519141,"Pomeranz, Drew","SD",2020,2020,"All",-0.10499779400824677,-0.09157518646400975,148,0.006756756756756757,1,0,0,0,0,1,0,0.27453848215958687,-0.35534553431147586,"10.959972414","12.868703448","1.908731034","12.181","21.915","9.734"
552640,"Kittredge, Andrew","TB",2020,2020,"All",-0.1919760500330276,-0.16378318882369497,47,0.02127659574468085,1,0,0,0,0,1,0,-0.7444387539771733,-0.09575177608353971,"11.938934783","17.106282609","5.167347826","16.397","30.236","13.839"
543699,"Roark, Tanner","TOR",2020,2020,"All",0.08988561634765392,0.26996512079268614,377,0.005305039787798408,2,0,0,0,0,2,0,0.9252595125365776,-0.21148063591035843,"11.960609065","16.121067989","4.160458924","12.739","20.8865","8.1475"
607200,"Fedde, Erick","WSH",2020,2020,"All",-0.2949123262823017,0.0828274895226703,343,0.01749271137026239,4,2,0,0,0,4,2,-2.2379407646173917,0.33927961475816965,"10.989561905","15.857803175","4.86824127","11.1935","22.092333333","10.898833333"
570488,"Valdez, Phillips","BOS",2020,2020,"All",-0.0693764072288356,-0.02011088001687253,235,0.00851063829787234,2,0,0,0,0,2,0,0.40386618531827206,-0.33366587620553356,"12.257009174","16.418651376","4.161642202","14.2775","28.711","14.4335"
592254,"De León, José","CIN",2020,2020,"All",-0.12294838824366328,-0.18320063439652087,49,0.02040816326530612,1,0,0,0,0,1,0,-0.4736022443522166,-0.06272875416271091,"10.903880952","14.659142857","3.755261905","11.59","23.441","11.851"
451584,"Davis, Wade","COL",2020,2020,"All",-0.15633386587062031,-0.16922538084976185,28,0.03571428571428571,1,0,0,0,0,1,0,-0.7568694608276537,-0.01102216378908778,"12.009615385","17.496384615","5.486769231","11.239","25.77","14.531"
548389,"Stripling, Ross","TOR",2020,2020,"All",0.8129152163242185,0.5741766515724506,292,0.00684931506849315,2,0,1,0,0,2,1,1.3656299993370538,1.1995315921262393,"11.812445652","15.628032609","3.815586957","10.4605","16.213","5.7525"
452657,"Lester, Jon","CHC",2020,2020,"All",-0.35297176804275027,-0.31775615621131326,380,0.010526315789473684,3,1,0,0,0,3,1,-0.5517659965418313,-0.5391523749652981,"12.716679144","16.265804813","3.549125668","14.2785","24.9105","10.632"
670426,"Diehl, Phillip","COL",2020,2020,"All",0.005263181557718758,,22,0,0,0,0,0,0,0,0,0.18174590778859362,-0.06907999999999995,"11.254047619","13.798142857","2.544095238",,,
641745,"Keller, Brad","KC",2020,2020,"All",0.04183013692590165,,274,0,0,0,0,0,0,0,0,2.2376606846295077,-0.9015600000000003,"11.042043478","15.282873518","4.24083004",,,
523253,"Forsythe, Logan","MIA",2020,2020,"All",0.020919830852980575,,15,0,0,0,0,0,0,0,0,0.3320741542649029,-0.10109999999999998,"10.2652","12.6046","2.3394",,,
665093,"Grotz, Zac","SEA",2020,2020,"All",0.008655526733796447,,76,0,0,0,0,0,0,0,0,0.5323151336689824,-0.21735000000000004,"12.284426667","15.594533333","3.310106667",,,
664353,"Urquidy, José","HOU",2020,2020,"All",0.1345615543470325,0.1262644836923263,109,0.01834862385321101,1,1,0,0,0,1,1,-0.19060654033481556,0.3837396942533236,"10.959634615","14.469326923","3.509692308","12.261","26.767","14.506"
657031,"Taylor, Josh","BOS",2020,2020,"All",-0.0013730828137950048,,66,0,0,0,0,0,0,0,0,0.3442020859310249,-0.15602999999999997,"11.480769231","14.475923077","2.995153846",,,
669270,"Kuhnel, Joel","CIN",2020,2020,"All",-0.00010440042674253274,,1,0,0,0,0,0,0,0,0,0.009220497866287331,-0.004329999999999998,"8.579","10.743","2.164",,,
518553,"Cishek, Steve","CWS",2020,2020,"All",0.00238584564936246,,144,0,0,0,0,0,0,0,0,0.6983592282468121,-0.30508000000000013,"11.781481752","14.825547445","3.044065693",,,
625643,"López, Reynaldo","CWS",2020,2020,"All",0.01882361417984197,0.0923913997380709,159,0.012578616352201259,1,1,0,0,0,1,1,-0.14812068492142286,0.10766166925361431,"11.255668874","15.292821192","4.037152318","10.8925","22.471","11.5785"
595001,"Smith, Josh A.","MIA",2020,2020,"All",0.28258138929083176,-0.09665779188595176,156,0.00641025641025641,1,0,1,0,0,1,1,-0.20767898957235986,0.7202604160117867,"11.471802721","15.15462585","3.682823129","13.04","27.268","14.228"
664350,"Sánchez, Sixto","MIA",2020,2020,"All",0.06260559658025086,0.1948902652576644,181,0.011049723756906077,1,1,0,0,0,1,1,0.1468633792112205,0.07385093497334777,"10.541894118","14.826364706","4.284470588","11.045","21.128","10.083"
621097,"Waguespack, Jacob","TOR",2020,2020,"All",-0.25418415945620243,-0.291129427478044,165,0.01818181818181818,3,0,0,0,0,3,0,-0.9062021167314486,-0.16209719135536108,"11.90684","16.296913333","4.390073333","11.476333333","24.065666667","12.589333333"
621593,"Castro, Anthony","DET",2020,2020,"All",0.0018755825932504425,,2,0,0,0,0,0,0,0,0,0.04146291296625222,-0.014260000000000005,"10.6305","10.925","0.2945",,,
663992,"Lovelady, Richard","KC",2020,2020,"All",0.0030264328358208794,,6,0,0,0,0,0,0,0,0,0.10058716417910438,-0.037979999999999986,"9.182","10.2645","1.0825",,,
501789,"Harris, Will","WSH",2020,2020,"All",-0.16303332893973013,-0.16276652910007158,184,0.005434782608695652,1,0,0,0,0,1,0,0.42641736711115835,-0.5518151163599165,"10.945347305","15.557826347","4.612479042","17.647","32.672","15.025"
571521,"Brothers, Rex","CHC",2020,2020,"All",-0.20210031462928738,,17,0,0,0,0,1,0,1,0,-0.9655690731464367,-0.019970000000000026,"12.4265","14.977875","2.551375",,,
676051,"Heuer, Codi","CWS",2020,2020,"All",0.039349291281359354,,139,0,0,0,0,0,0,0,0,1.0829989564067954,-0.39388999999999935,"12.297152174","15.601094203","3.303942029",,,
593974,"Peralta, Wandy","SF",2020,2020,"All",0.4694493352242407,,190,0,0,0,1,0,0,0,1,1.3577866761212032,0.43975999999999965,"11.789718391","13.966298851","2.17658046",,,
657624,"James, Josh","HOU",2020,2020,"All",-0.09724870451981196,-0.10288105592243246,164,0.018292682926829267,2,1,0,0,0,2,1,-1.3333592125426545,0.37649586219715353,"12.962467105","17.321026316","4.358559211","11.45","23.44","11.99"
669160,"May, Dustin","LAD",2020,2020,"All",-0.05090387534386866,0.2129359112649315,305,0.01639344262295082,4,1,0,0,0,4,1,-1.2840402805763773,0.45756484615867965,"10.933199288","15.173","4.239800712","11.3804","22.3964","11.016"
475054,"Roe, Chaz","TB",2020,2020,"All",0.04647543359176781,0.22824609632759324,96,0.020833333333333332,2,0,0,0,0,2,0,-0.8953282895806105,0.5012024255730891,"11.742956989","16.423419355","4.680462366","12.3835","25.741","13.3575"
592879,"Wojciechowski, Asher","BAL",2020,2020,"All",0.2637797472316735,0.24767404379925645,240,0.004166666666666667,1,0,0,0,0,1,0,1.4201982060114628,-0.045021986601375776,"11.081504545","14.949027273","3.867522727","10.981","19.331","8.35"
608337,"Giolito, Lucas","CWS",2020,2020,"All",-0.1500309654804356,-0.42164424021940317,332,0.0030120481927710845,1,0,0,0,0,1,0,1.4168904831226792,-0.9631312491221589,"11.358116208","14.777553517","3.419437309","19.203","38.976","19.773"
445213,"Kintzler, Brandon","MIA",2020,2020,"All",-0.31588678088319166,-0.4205480515386079,110,0.01818181818181818,2,0,0,0,0,2,0,-0.9285800997122394,-0.2892683576460975,"11.142663366","15.759683168","4.617019802","12.5585","38.512","25.9535"
669145,"Zimmermann, Bruce","BAL",2020,2020,"All",0.005521403561425572,,40,0,0,0,0,0,0,0,0,0.38240951780712773,-0.15768999999999994,"10.783384615","13.299666667","2.516282051",,,
547179,"Lorenzen, Michael","CIN",2020,2020,"All",0.14097917367823606,0.2940119132533604,253,0.011857707509881422,1,2,0,0,0,1,2,-0.1792881583184795,0.3929706785376264,"11.150225532","15.380374468","4.230148936","11.328333333","22.086666667","10.758333333"
668676,"Plesac, Zach","CLE",2020,2020,"All",0.7217062530636108,-0.1789786017337829,230,0.008695652173913044,1,1,2,0,0,1,3,0.7583721077501427,1.266737403363515,"9.806127778","14.486522222","4.680394444","9.8595","22.2005","12.341"
641838,"McCarthy, Kevin","KC",2020,2020,"All",0.005082564572488046,,75,0,0,0,0,0,0,0,0,0.40674282286244035,-0.16948000000000013,"12.971560606","15.454121212","2.482560606",,,
501381,"Pineda, Michael","MIN",2020,2020,"All",0.010251627747386458,0.026533024934187188,148,0.006756756756756757,1,0,0,0,0,1,0,0.36656282982394023,-0.14013541826089257,"11.709384615","16.512286713","4.802902098","10.659","21.871","11.212"
593140,"Feliz, Michael","PIT",2020,2020,"All",0.0003760245041298995,,21,0,0,0,0,0,0,0,0,0.08141762252064952,-0.03535000000000001,"11.982","14.433285714","2.451285714",,,
664977,"Cederlind, Blake","PIT",2020,2020,"All",0.004717469431063319,,20,0,0,0,0,0,0,0,0,0.09646484715531657,-0.03239,"12.78795","16.96195","4.174",,,
670950,"Richards, Trevor","TB",2020,2020,"All",0.005562010867839959,,245,0,0,0,0,0,0,0,0,1.3133025543391998,-0.5713300000000002,"10.891549356","15.100545064","4.208995708",,,
622256,"Weigel, Patrick","ATL",2020,2020,"All",-0.0002039334284535372,,17,0,0,0,0,0,0,0,0,0.023437832857732228,-0.010869999999999958,"11.215588235","14.768882353","3.553294118",,,
656557,"Houck, Tanner","BOS",2020,2020,"All",-0.0056549320580726115,,108,0,0,0,0,0,0,0,0,0.5943228397096368,-0.2767100000000001,"11.535227723","15.973316832","4.438089109",,,
543606,"Odorizzi, Jake","MIN",2020,2020,"All",0.258139333464349,0.5098800890459797,76,0.02631578947368421,0,2,0,0,0,0,2,-0.40275742769175693,0.7526462644504452,"10.335746479","14.006915493","3.671169014","10.6255","19.112","8.4865"
642528,"Loáisiga, Jonathan","NYY",2020,2020,"All",0.04951085203723593,0.11912921518038513,139,0.007194244604316547,0,1,0,0,0,0,1,0.3384082470060444,-0.04037954969771776,"12.159421875","16.315921875","4.1565","10.952","20.55","9.598"
491624,"Valdez, César","BAL",2020,2020,"All",0.0028381263119550883,,40,0,0,0,0,0,0,0,0,0.26092563155977533,-0.10966000000000009,"11.109078947","13.410315789","2.301236842",,,
650633,"King, Michael","NYY",2020,2020,"All",0.031981254466194264,,155,0,0,0,0,0,0,0,0,1.087738772330971,-0.4123699999999998,"11.495444444","15.1505","3.655055556",,,
572955,"Johnson, Pierce","SD",2020,2020,"All",0.7082119629559213,0.4476321023165307,144,0.006944444444444444,0,1,1,0,0,0,2,0.9273225329898104,1.1616610141287982,"11.955992754","15.094398551","3.138405797","11.06","16.528","5.468"
663734,"Neidert, Nick","MIA",2020,2020,"All",0.3906384773794024,0.5480897190592037,61,0.01639344262295082,0,1,0,0,0,0,1,0.7746331486694831,0.523804105878902,"10.33077193","14.200649123","3.869877193","8.983","15.059","6.076"
660431,"Perez, Hector","TOR",2020,2020,"All",0.0019540424153906195,,10,0,0,0,0,0,0,0,0,0.0683152120769531,-0.026019999999999995,"13.153","16.3359","3.1829",,,
664918,"Keller, Kyle","LAA",2020,2020,"All",-0.023375240566645274,-0.061545292270525215,28,0.03571428571428571,1,0,0,0,0,1,0,-0.3211777352788039,0.09080068108692338,"11.25228","14.5056","3.25332","12.799","23.556","10.757"
622251,"Staumont, Josh","KC",2020,2020,"All",0.13070933618449038,0.2723488817869146,178,0.0056179775280898875,0,1,0,0,0,0,1,0.687097586405709,-0.014911513548114874,"10.377890173","14.355346821","3.977456647","11.616","18.989","7.373"
606115,"Arcia, Orlando","MIL",2020,2020,"All",0.0011326367786179746,,6,0,0,0,0,0,0,0,0,0.07761818389308987,-0.03198,"10.265833333","11.828833333","1.563",,,
606424,"García, Jarlín","SF",2020,2020,"All",0.029154921914458176,,110,0,0,0,0,0,0,0,0,0.8304271095722914,-0.30428999999999995,"11.981711538","14.576298077","2.594586538",,,
596071,"Peters, Dillon","LAA",2020,2020,"All",0.00008709058614564792,,3,0,0,0,0,0,0,0,0,0.0036754529307282185,-0.0014399999999999905,"13.531333333","17.550333333","4.019",,,
601713,"Pivetta, Nick","BOS",2020,2020,"All",0.06984206722233832,0.185226694408507,105,0.009523809523809525,1,0,0,0,0,1,0,-0.05673658698999076,0.18042085471185884,"12.23957732","16.832814433","4.593237113","11.236","20.084","8.848"
606996,"Hart, Kyle","BOS",2020,2020,"All",0.0001393685067030032,,115,0,0,0,0,0,0,0,0,0.5766068425335139,-0.25596,"11.240088235","14.140970588","2.900882353",,,
624586,"Hoyt, James","MIA",2020,2020,"All",-0.38976747207821394,-0.1563640162072889,107,0.009345794392523364,1,0,0,1,0,2,0,-1.5013456847623312,-0.19888518916832773,"11.883615385","15.758971154","3.875355769","16.014","29.369","13.355"
554340,"García, Yimi","MIA",2020,2020,"All",-0.18590768394832186,,89,0,0,0,0,1,0,1,0,-0.3579034197416099,-0.2540600000000001,"11.081149425","15.488678161","4.407528736",,,
670970,"Morejon, Adrian","SD",2020,2020,"All",-0.18251575765302216,-0.2394993071323288,77,0.012987012987012988,1,0,0,0,0,1,0,-0.38925843504384094,-0.23258682365389843,"10.7632","12.898457143","2.135257143","13.331","25.133","11.802"
472610,"García, Luis","TEX",2020,2020,"All",0.00431608605362065,,83,0,0,0,0,0,0,0,0,0.4125854302681032,-0.17377999999999996,"11.967950617","15.709580247","3.74162963",,,
468504,"Chacín, Jhoulys","ATL",2020,2020,"All",0.010609219898606127,0.08623093697251777,28,0.03571428571428571,1,0,0,0,0,1,0,-0.5828442542204899,0.28261793498378696,"12.155888889","16.875185185","4.719296296","11.596","20.979","9.383"
642098,"Sparkman, Glenn","KC",2020,2020,"All",0.0018073602572907456,,27,0,0,0,0,0,0,0,0,0.09804680128645372,-0.03956,"14.20762963","17.171888889","2.964259259",,,
592145,"Biddle, Jesse","CIN",2020,2020,"All",0.003032823275319374,,16,0,0,0,0,0,0,0,0,0.13702411637659684,-0.054160000000000014,"10.31525","11.9341875","1.6189375",,,
606965,"Devenski, Chris","HOU",2020,2020,"All",-0.09616233956896952,-0.08658954863804316,35,0.02857142857142857,1,0,0,0,0,1,0,-0.517384574091792,0.016254611665308547,"13.471","17.298766667","3.827766667","11.947","23.494","11.547"
657024,"Swanson, Erik","SEA",2020,2020,"All",-0.000495963296476106,,32,0,0,0,0,0,0,0,0,0.2423201835176196,-0.10880000000000008,"10.385","14.7484","4.3634",,,
598286,"Ramirez, Nick","DET",2020,2020,"All",-0.0005657463630132074,,48,0,0,0,0,0,0,0,0,0.26960126818493396,-0.12107999999999995,"10.87773913","13.661413043","2.783673913",,,
642546,"Hernández, Jonathan","TEX",2020,2020,"All",-0.026249337843957218,0.03135330117648072,203,0.0049261083743842365,1,0,0,0,0,1,0,0.8677169979853074,-0.4439838609800424,"12.192584211","16.206668421","4.014084211","10.828","20.58","9.752"
580792,"Goody, Nick","TEX",2020,2020,"All",0.027516978850900643,,112,0,0,0,0,0,0,0,0,0.8228673942545032,-0.3045699999999995,"12.943731481","16.778601852","3.83487037",,,
570560,"Sánchez, Yolmer","CWS",2020,2020,"All",0.0004711683569979712,,2,0,0,0,0,0,0,0,0,0.008925841784989844,-0.0029199999999999946,"8.784","12.2695","3.4855",,,
571510,"Boyd, Matthew","DET",2020,2020,"All",-0.14649668419354273,-0.14146204137169915,434,0.004608294930875576,1,1,0,0,0,1,1,1.2310256105266613,-0.8726706806641672,"11.675690594","14.22444802","2.548757426","14.194","33.1175","18.9235"
606160,"Montero, Rafael","TEX",2020,2020,"All",0.011866032515005651,,84,0,0,0,0,0,0,0,0,0.5463201625750281,-0.21643999999999997,"12.24021519","15.940291139","3.700075949",,,
592499,"Lewicki, Artie","AZ",2020,2020,"All",-0.0003867297485746115,,29,0,0,0,0,0,0,0,0,0.13398885125712678,-0.06040999999999998,"13.210925926","17.181296296","3.97037037",,,
608331,"Fried, Max","ATL",2020,2020,"All",2.160259678765495,0.7211173444100825,306,0.00980392156862745,2,1,4,0,0,2,5,1.1373968261494134,4.295067363412473,"11.174549828","13.648061856","2.473512027","15.876666667","29.533","13.656333333"
592169,"Brice, Austin","BOS",2020,2020,"All",0.15659597529091213,0.27544175538922594,152,0.019736842105263157,2,1,0,0,0,2,1,-0.7852693700780965,0.6969996651256258,"11.963638298","16.322070922","4.358432624","11.282333333","21.117333333","9.835"
664285,"Valdez, Framber","HOU",2020,2020,"All",-0.07351812500216696,0.16899207618080983,341,0.01466275659824047,5,0,0,0,0,5,0,-0.9426954718906334,0.25560215416879867,"11.736117264","14.462983713","2.72686645","11.6336","23.9712","12.3376"
660422,"Guzmán, Jorge","MIA",2020,2020,"All",-0.00035680600214362305,,2,0,0,0,0,0,0,0,0,0.002715969989281885,-0.002,"9.987","13.8755","3.8885",,,
657376,"Schmidt, Clarke","NYY",2020,2020,"All",-0.05245031403140238,-0.006625539475869913,45,0.022222222222222223,1,0,0,0,0,1,0,-0.45008470361801145,0.08348139264933316,"13.373292683","18.173536585","4.800243902","11.725","22.222","10.497"
521230,"Hendriks, Liam","OAK",2020,2020,"All",0.0834747544836192,0.12596534541477142,140,0.014285714285714285,2,0,0,0,0,2,0,-0.37497244223592824,0.35215387317956637,"11.694839695","15.699305344","4.004465649","11.1405","23.119","11.9785"
519443,"Workman, Brandon","PHI",2020,2020,"All",0.05796104990180966,0.17574287053021037,179,0.00558659217877095,1,0,0,0,0,1,0,0.8499014858238056,-0.24893166058433702,"11.503590909","15.830585227","4.326994318","13.868","29.399","15.531"
663770,"Evans, Demarcus","TEX",2020,2020,"All",0.00550061121796783,,19,0,0,0,0,0,0,0,0,0.22386055608983924,-0.08727000000000001,"9.604722222","12.004222222","2.3995",,,
592094,"Adam, Jason","CHC",2020,2020,"All",-0.18256576037490846,-0.2889627651707801,112,0.017857142857142856,1,1,0,0,0,1,1,-1.0643173593207076,0.06732824775385163,"11.537009901","16.802861386","5.265851485","11.7235","26.5635","14.84"
592346,"González, Chi Chi","COL",2020,2020,"All",0.004977122214603346,,79,0,0,0,0,0,0,0,0,0.4478856110730166,-0.188,"11.090266667","14.608466667","3.5182",,,
547943,"Ryu, Hyun Jin","TOR",2020,2020,"All",0.06568319524029376,0.09737986071971252,409,0.0024449877750611247,1,0,0,0,0,1,0,2.892764572238915,-1.1397104871277541,"10.874163539","13.15908311","2.284919571","11.08","19.744","8.664"
543901,"Weber, Ryan","BOS",2020,2020,"All",0.08331291389544612,0.2157368948273272,236,0.00847457627118644,1,1,0,0,0,1,1,0.6311427553925447,-0.0953680826290287,"11.847013889","15.785296296","3.938282407","11.106","20.141","9.035"
622772,"Cordero, Jimmy","CWS",2020,2020,"All",-0.27029522126245403,-0.09722705712188572,151,0.026490066225165563,2,2,0,0,0,2,2,-2.0259986341442144,0.2997877901475305,"11.075228188","15.656315436","4.581087248","11.46475","22.996","11.53125"
622072,"Wood, Alex","LAD",2020,2020,"All",0.07554806358662595,,110,0,0,0,0,0,0,0,0,1.23899531793313,-0.38278,"11.750733333","15.077219048","3.326485714",,,
573124,"Rogers, Taylor","MIN",2020,2020,"All",-0.09718440258220777,-0.09967696640429605,129,0.007751937984496124,1,0,0,0,0,1,0,-0.01472708402672851,-0.20941996839302676,"11.193459677","13.587725806","2.394266129","11.438","21.827","10.389"
623352,"Hader, Josh","MIL",2020,2020,"All",0.008803782333065911,,126,0,0,0,0,0,0,0,0,0.6712289116653293,-0.27875999999999995,"11.274672131","14.840590164","3.565918033",,,
608344,"Irvin, Cole","PHI",2020,2020,"All",0.007427226171495828,,46,0,0,0,0,0,0,0,0,0.3686286308574789,-0.14732999999999996,"11.631195652","14.203282609","2.572086957",,,
596035,"McClain, Reggie","PHI",2020,2020,"All",0.006749129247697858,,50,0,0,0,0,0,0,0,0,0.26353814623848937,-0.10213000000000001,"12.272866667","17.119288889","4.846422222",,,
680702,"Gerber, Joey","SEA",2020,2020,"All",-0.13918826629675699,-0.25952923654343824,84,0.011904761904761904,1,0,0,0,0,1,0,-0.4873893255304004,-0.09268978042372664,"12.204","15.273097561","3.069097561","12.669","28.836","16.167"
663776,"Sandoval, Patrick","LAA",2020,2020,"All",0.019922023749205642,,195,0,0,0,0,0,0,0,0,1.3364576187460278,-0.5497099999999998,"11.857413978","14.020537634","2.163123656",,,
608032,"Estévez, Carlos","COL",2020,2020,"All",0.05682293876144665,-0.030012132313245676,157,0.006369426751592357,1,0,0,0,0,1,0,0.7890904288954023,-0.22443366003918652,"12.608333333","16.378567376","3.770234043","10.271","20.263","9.992"
607536,"Freeland, Kyle","COL",2020,2020,"All",-0.2964596179474251,-0.4265598019052632,393,0.007633587786259542,3,0,0,0,0,3,0,0.07739184942544769,-0.6931955285166994,"11.378554645","14.522483607","3.143928962","11.29","24.497333333","13.207333333"
519151,"Pressly, Ryan","HOU",2020,2020,"All",0.04060836447504067,,102,0,0,0,0,0,0,0,0,1.0090818223752036,-0.35824000000000006,"12.13210989","15.61856044","3.486450549",,,
607625,"Lugo, Seth","NYM",2020,2020,"All",0.07451723083341867,,167,0,0,0,0,0,0,0,0,1.842286154167093,-0.6531999999999998,"11.14425","15.095085526","3.950835526",,,
612434,"Castro, Miguel","NYM",2020,2020,"All",-0.08285793888795887,0.03519003663699888,222,0.018018018018018018,4,0,0,0,0,4,0,-1.1371407406435976,0.3212671316461347,"11.568912037","16.563777778","4.994865741","12.47175","25.1305","12.65875"
543867,"Turley, Nik","PIT",2020,2020,"All",-0.1686589846684332,,170,0,0,0,0,1,0,1,0,-0.001074923342166887,-0.3743199999999995,"11.337993631","14.653305732","3.315312102",,,
596720,"Neverauskas, Dovydas","PIT",2020,2020,"All",0.11646038894374353,0.11046405976755141,177,0.011299435028248588,2,0,0,0,0,2,0,-0.2449410796068333,0.36766356636691233,"11.813285714","16.17264881","4.359363095","12.385","23.1625","10.7775"
605397,"Musgrove, Joe","PIT",2020,2020,"All",-0.1798935331199342,-0.19222882812561615,232,0.008620689655172414,1,1,0,0,0,1,1,-0.08578649492795734,-0.3616360758540949,"10.932884615","15.238538462","4.305653846","11.2865","20.944","9.6575"
453343,"Melancon, Mark","ATL",2020,2020,"All",0.0058159313860575365,0.06057365204251855,136,0.007352941176470588,0,1,0,0,0,0,1,0.26516209128586843,-0.1049255263802582,"11.639955882","15.046580882","3.406625","12.559","21.354","8.795"
461829,"González, Gio","CWS",2020,2020,"All",0.5701538401376774,0.19641797821676918,266,0.0037593984962406013,0,1,1,0,0,0,2,1.3255713991138984,0.6778656895886617,"11.498458015","13.680553435","2.18209542","12.306","17.566","5.26"
502202,"Boxberger, Brad","MIA",2020,2020,"All",0.018321770682215174,,133,0,0,0,0,0,0,0,0,1.1021063534110758,-0.4491100000000003,"10.861576","14.901256","4.03968",,,
456501,"Cueto, Johnny","SF",2020,2020,"All",-0.09234548647073054,-0.12996320656265353,377,0.002652519893899204,1,0,0,0,0,1,0,1.7677215368869623,-0.9908662085513837,"11.003844444","14.525705556","3.521861111","10.741","25.592","14.851"
572362,"Erlin, Robbie","ATL",2020,2020,"All",-0.12188523534757272,-0.035948252018580526,144,0.013888888888888888,2,0,0,0,0,2,0,-0.5870941694696434,-0.009925336563653735,"11.537770992","14.621916031","3.084145038","11.0475","22.134","11.0865"
643327,"Godley, Zack","BOS",2020,2020,"All",-0.013491923926431584,-0.05827476086468614,218,0.0045871559633027525,1,0,0,0,0,1,0,0.6474112219690656,-0.3177203740449885,"11.883361111","15.055171296","3.171810185","12.582","23.744","11.162"
615698,"Quantrill, Cal","CLE",2020,2020,"All",-0.3048432252457386,-0.37733337060406713,190,0.010526315789473684,2,0,0,0,0,2,0,-0.9534252733964049,-0.2536848234810176,"11.389522472","15.394162921","4.004640449","10.822","28.677","17.855"
453268,"Bard, Daniel","COL",2020,2020,"All",-0.18961705688327785,-0.1007105069240527,161,0.012422360248447204,2,0,0,0,0,2,0,-0.7044398679406969,-0.10828685176697482,"12.895473333","17.09166","4.196186667","14.03","24.839","10.809"
670550,"Rodriguez, Nivaldo","HOU",2020,2020,"All",-0.15810429208040477,-0.02605835242034521,83,0.024096385542168676,2,0,0,0,0,2,0,-1.0202757590327858,0.10211302161367196,"12.4064125","16.7656125","4.3592","12.4925","28.319","15.8265"
544931,"Strasburg, Stephen","WSH",2020,2020,"All",-0.002006522207839136,,18,0,0,0,0,0,0,0,0,0.09432238896080433,-0.046380000000000005,"11.5344","16.199466667","4.665066667",,,
641851,"McGowin, Kyle","WSH",2020,2020,"All",0.024594625597293848,,57,0,0,0,0,0,0,0,0,0.45919062798646937,-0.14942999999999984,"12.114545455","16.524963636","4.410418182",,,
641513,"Demeritte, Travis","DET",2020,2020,"All",-0.0004591369583933022,,5,0,0,0,0,0,0,0,0,0.011339315208033478,-0.006059999999999996,"13.5984","15.3936","1.7952",,,
608665,"Graveman, Kendall","SEA",2020,2020,"All",-0.04528027748003418,-0.0878164088944762,121,0.008264462809917356,1,0,0,0,0,1,0,0.07973613370957772,-0.1360611204932215,"10.548576577","15.654972973","5.106396396","12.06","23.29","11.23"
518748,"Grimm, Justin","MIL",2020,2020,"All",-0.005194182385270952,,31,0,0,0,0,0,0,0,0,0.06823658807364529,-0.04187000000000001,"10.172275862","14.043551724","3.871275862",,,
592741,"Shreve, Chasen","NYM",2020,2020,"All",-0.029723394154429164,-0.028304228787114777,154,0.006493506493506494,1,0,0,0,0,1,0,0.662150727406735,-0.36034119919061397,"11.949986207","14.233034483","2.283048276","21.237","30.518","9.281"
465657,"Soria, Joakim","OAK",2020,2020,"All",-0.19159321437223345,-0.10177031490589732,155,0.012903225806451613,1,1,0,0,0,1,1,-0.30776149779152306,-0.2889798106976198,"11.427777778","15.786785185","4.359007407","11.18","22.189","11.009"
641771,"Kuhl, Chad","PIT",2020,2020,"All",0.19531235292072632,0.400819522672403,269,0.01486988847583643,2,2,0,0,0,2,2,-0.5662510275601801,0.6856945742950272,"11.194015748","15.520456693","4.326440945","10.809","21.2805","10.4715"
592767,"Smyly, Drew","SF",2020,2020,"All",-0.5516012614824152,-0.8439962300633677,144,0.034722222222222224,5,0,0,0,0,5,0,-3.455242832110316,0.30988289986588485,"12.50307438","16.287636364","3.784561983","11.6398","27.1238","15.484"
570257,"Rodríguez, Joely","TEX",2020,2020,"All",-0.06034271430655674,-0.17926365853179857,89,0.011235955056179775,1,0,0,0,0,1,0,-0.3769962595823292,0.03345897246646439,"12.316034091","15.755954545","3.439920455","12.738","27.927","15.189"
489334,"Stammen, Craig","SD",2020,2020,"All",-0.0004048512247199522,0.20089527699983986,130,0.015384615384615385,1,1,0,0,0,1,1,-0.36507069046478047,0.16135397081830197,"11.306311475","15.400934426","4.094622951","16.812","30.39","13.578"
434671,"Sánchez, Aníbal","WSH",2020,2020,"All",-0.7530478922372649,-0.6924108545986586,376,0.02925531914893617,9,2,0,1,0,10,2,-6.873111969226613,1.3812766702401285,"10.729633229","16.025884013","5.296250784","9.846636364","23.263727273","13.417090909"
656970,"Smeltzer, Devin","MIN",2020,2020,"All",0.03445831946472437,,102,0,0,0,0,0,0,0,0,0.7637940973236222,-0.26289000000000007,"11.1634","13.323266667","2.159866667",,,
548384,"Raley, Brooks","HOU",2020,2020,"All",-0.03381679436269098,-0.011060518356858895,122,0.00819672131147541,1,0,0,0,0,1,0,0.0314214489641218,-0.08911352034558966,"11.283420561","13.99188785","2.70846729","11.375","21.701","10.326"
543507,"May, Trevor","MIN",2020,2020,"All",0.3975103449742211,-0.036160974243975186,176,0.005681818181818182,1,0,1,0,0,1,1,0.5785371995768473,0.6262286779085592,"11.862662791","16.47525","4.612587209",,,
489446,"Yates, Kirby","SD",2020,2020,"All",0.0024927836133657316,,34,0,0,0,0,0,0,0,0,0.2225914180668286,-0.09338999999999997,"11.380533333","16.021133333","4.6406",,,
504379,"Nicasio, Juan","TEX",2020,2020,"All",0.01868395628024707,,28,0,0,0,0,0,0,0,0,0.2887197814012353,-0.08679999999999995,"12.498653846","16.018","3.519346154",,,
444468,"Rondón, Héctor","AZ",2020,2020,"All",0.019511207520779717,,136,0,0,0,0,0,0,0,0,0.9615560376038972,-0.3839999999999997,"11.62653719","15.891818182","4.265280992",,,
605242,"Fulmer, Michael","DET",2020,2020,"All",0.0435112547264945,0.09233736543099197,220,0.00909090909090909,2,0,0,0,0,2,0,0.9368642629995139,-0.3196924397186849,"10.859927461","15.395476684","4.535549223","11.888","21.603","9.715"
669064,"Bailey, Brandon","HOU",2020,2020,"All",-0.10099263794090689,-0.09411719059703991,43,0.023255813953488372,0,1,0,0,0,0,1,-0.4641188715437362,-0.018153030293688283,"12.107025","16.182725","4.0757","10.764","24.288","13.524"
501625,"Alvarez, Jose","PHI",2020,2020,"All",0.08441811580084353,0.09574900830256117,67,0.014925373134328358,1,0,0,0,0,1,0,-0.35416669594242534,0.34500323330961913,"11.781092308","15.526307692","3.745215385","11.367","21.567","10.2"
594965,"Ponce de Leon, Daniel","STL",2020,2020,"All",-0.06956360756073453,-0.052777469407752686,227,0.004405286343612335,1,0,0,0,0,1,0,0.6332606805373066,-0.4360349859293219,"10.977474178","14.642028169","3.664553991","11.885","21.248","9.363"
605276,"Hess, David","BAL",2020,2020,"All",0.0022361201314937858,,18,0,0,0,0,0,0,0,0,0.13673060065746886,-0.055799999999999954,"11.879176471","14.010647059","2.131470588",,,
664948,"Misiewicz, Anthony","SEA",2020,2020,"All",0.3115432870267484,-0.16553538241332133,132,0.007575757575757576,1,0,1,0,0,1,1,-0.43165954226275466,0.884167101065109,"12.348408333","15.523541667","3.175133333","10.668","20.502","9.834"
641739,"Kaminsky, Rob","STL",2020,2020,"All",0.0019538003551468415,,9,0,0,0,0,0,0,0,0,0.09367150177573419,-0.03728999999999999,"11.968571429","15.064428571","3.095857143",,,
641672,"Hatch, Thomas","TOR",2020,2020,"All",0.04408994246447334,0.3080955045456997,144,0.020833333333333332,2,1,0,0,0,2,1,-1.1416629377765202,0.6053834000439512,"11.729949275","15.660528986","3.93057971","10.675333333","20.535","9.859666667"
669203,"Burnes, Corbin","MIL",2020,2020,"All",-0.4757025129174671,-0.24732815483265308,383,0.020887728459530026,7,1,0,0,0,7,1,-3.342434769303253,0.4284098687626292,"11.838866667","16.443912121","4.605045455","10.845375","21.740125","10.89475"
623437,"Topa, Justin","MIL",2020,2020,"All",-0.046400266012796516,0.10179723362069082,35,0.02857142857142857,1,0,0,0,0,1,0,-0.4926112007738285,0.11582660920437612,"10.598771429","15.560028571","4.961257143","13.637","29.308","15.671"
502624,"Anderson, Chase","TOR",2020,2020,"All",-0.131590085481289,-0.08930362020302232,271,0.0036900369003690036,1,0,0,0,0,1,0,0.7496109701353644,-0.6255828433519154,"11.738024291","16.33694332","4.598919028","11.337","22.422","11.085"
571760,"Heaney, Andrew","LAA",2020,2020,"All",-0.5066392285210541,-0.522002726675759,394,0.01015228426395939,3,1,0,0,0,3,1,-0.22137423650402832,-1.0274764027116632,"11.603991477","14.147215909","2.543224432","12.631","27.11525","14.48425"
543135,"Eovaldi, Nathan","BOS",2020,2020,"All",0.715664295664195,0.5745021602609923,229,0.008733624454148471,1,1,1,0,0,1,2,0.42637740646444083,1.4008640319362369,"11.466316038","15.538778302","4.072462264","10.5835","18.2935","7.71"
542947,"Bleier, Richard","MIA",2020,2020,"All",0.0190493859803618,,72,0,0,0,0,0,0,0,0,0.6408719299018086,-0.24249999999999988,"10.929887097","13.636790323","2.706903226",,,
641778,"Lauer, Eric","MIL",2020,2020,"All",0.058813682544279614,,119,0,0,0,0,0,0,0,0,1.2406434127213979,-0.4206999999999999,"10.897567568","13.029603604","2.132036036",,,
542960,"Brach, Brad","NYM",2020,2020,"All",0.07277946734596903,0.12698407436309594,88,0.011363636363636364,0,1,0,0,0,0,1,-0.045015672611284835,0.18173911526272446,"12.984363636","17.195704545","4.211340909","12.76","21.652","8.892"
622694,"Hernández, Elieser","MIA",2020,2020,"All",-0.02150521126908318,-0.006027230181872678,134,0.007462686567164179,1,0,0,0,0,1,0,0.11277427150953835,-0.09791125682442436,"10.298298387","14.123887097","3.82558871","11.399","21.161","9.762"
677976,"Dobnak, Randy","MIN",2020,2020,"All",0.09182371648222014,0.35063932600219794,274,0.010948905109489052,2,1,0,0,0,2,1,0.11303861153277983,0.15381332039036277,"10.966707224","14.670425856","3.703718631","12.228666667","22.554","10.325333333"
605200,"Davies, Zach","SD",2020,2020,"All",0.11385108508835493,0.1609617274868081,313,0.006389776357827476,2,0,0,0,0,2,0,1.211430985688949,-0.28541136010985546,"10.727467797","14.769525424","4.042057627","12.257","21.5475","9.2905"
545333,"Bauer, Trevor","CIN",2020,2020,"All",-0.8378044742218127,-0.7498760202956678,306,0.026143790849673203,6,2,0,0,0,6,2,-4.894940956605648,0.3137415935540362,"10.923751701","15.633870748","4.710119048","12.92","25.598125","12.678125"
594987,"Sadler, Casey","SEA",2020,2020,"All",-0.039255250095785385,-0.0799787650240561,105,0.009523809523809525,1,0,0,0,0,1,0,-0.3614634280776237,0.0734165233771985,"11.817731959","16.656309278","4.83857732","9.705","26.447","16.742"
642547,"Peralta, Freddy","MIL",2020,2020,"All",-0.37301967013114684,-0.13991768681257977,212,0.009433962264150943,2,0,0,1,0,3,0,-1.6699658604970995,-0.08672555118161536,"11.917207729","16.43857971","4.521371981","11.8425","24.102","12.2595"
664092,"Poppen, Sean","MIN",2020,2020,"All",-0.15549638082185038,0.010678204066188995,48,0.041666666666666664,2,0,0,0,0,2,0,-1.0568246907661218,0.12415234962527513,"10.819642857","14.736071429","3.916428571","12.3755","24.9565","12.581"
656977,"Sobotka, Chad","ATL",2020,2020,"All",0.01814502684925146,,42,0,0,0,0,0,0,0,0,0.35073513424625713,-0.11556000000000002,"12.413025","16.93055","4.517525",,,
663366,"Burrows, Beau","DET",2020,2020,"All",0.001070401053718965,,26,0,0,0,0,0,0,0,0,0.09022200526859483,-0.037720000000000004,"11.824461538","14.891538462","3.067076923",,,
668687,"Scrubb, Andre","HOU",2020,2020,"All",0.21984034190505408,0.42765498095251364,179,0.0111731843575419,1,1,0,0,0,1,1,0.06775079304392947,0.45842262954726254,"11.101969136","14.78812963","3.686160494","11.0065","19.39","8.3835"
673633,"Hirano, Yoshihisa","SEA",2020,2020,"All",0.0344668893758172,,101,0,0,0,0,0,0,0,0,0.978284446879086,-0.3582000000000001,"10.899737374","13.055565657","2.155828283",,,
643316,"Fry, Paul","BAL",2020,2020,"All",-0.06484148633968108,-0.06566748470826983,140,0.007142857142857143,1,0,0,0,0,1,0,0.16933556687103907,-0.21935244380864158,"10.842122137","13.173870229","2.331748092","13.628","23.436","9.808"
608717,"Stratton, Chris","PIT",2020,2020,"All",-0.2280394301633088,0.09234801374761563,157,0.025477707006369428,3,1,0,0,0,3,1,-1.9921365588578577,0.3786397369072504,"11.184829932","15.514244898","4.329414966","11.35525","22.9825","11.62725"
606944,"Carroll, Cody","BAL",2020,2020,"All",0.01246339692603346,,31,0,0,0,0,0,0,0,0,0.26436698463016717,-0.08979999999999999,"11.63883871","15.234258065","3.595419355",,,
650382,"Hernández, Darwinzon","BOS",2020,2020,"All",0.003881856177039524,,92,0,0,0,0,0,0,0,0,0.633614280885198,-0.27297999999999994,"10.705108696","13.164282609","2.459173913",,,
500779,"Quintana, Jose","CHC",2020,2020,"All",-0.010122283399572787,-0.011774534207349807,52,0.019230769230769232,0,1,0,0,0,0,1,-0.3499974023980514,0.13306043795563885,"11.392625","14.0176875","2.6250625","11.55","21.257","9.707"
660761,"Suarez, José","LAA",2020,2020,"All",0.0005398711295719473,,56,0,0,0,0,0,0,0,0,0.22733935564785973,-0.09983999999999998,"12.107019231","15.353634615","3.246615385",,,
656887,"Reid-Foley, Sean","TOR",2020,2020,"All",-0.05911000730039387,0.020187344730870166,31,0.06451612903225806,2,0,0,0,0,2,0,-1.2756871803455534,0.4356165083749265,"12.394068966","17.376137931","4.982068966","15.618","29.6595","14.0415"
605441,"Ríos, Yacksel","PIT",2020,2020,"All",0.006477288050612073,,24,0,0,0,0,0,0,0,0,0.21240894025306037,-0.08000999999999998,"12.863434783","16.377782609","3.514347826",,,
593372,"Martinez, Carlos","STL",2020,2020,"All",0.015369318198562788,,138,0,0,0,0,0,0,0,0,0.9612990909928139,-0.39309,"10.398902985","13.853746269","3.454843284",,,
571735,"Hale, David","PHI",2020,2020,"All",0.3536495729252246,-0.1031855822481549,100,0.01,1,0,1,0,0,1,1,0.03495732740276296,0.7703513498770481,"10.613967391","15.56475","4.950782609","10.326","22.124","11.798"
621381,"Strahm, Matt","SD",2020,2020,"All",-0.04528313072593706,0.11904068765180498,116,0.017241379310344827,1,1,0,0,0,1,1,-0.6206326349519399,0.1752075472543354,"11.630584906","14.246688679","2.616103774","13.156","24.2825","11.1265"
657097,"Webb, Jacob","ATL",2020,2020,"All",-0.11505551111995886,-0.05071372750870429,62,0.016129032258064516,1,0,0,0,0,1,0,-0.548418381643121,-0.011937410647410468,"12.771053571","16.504285714","3.733232143","10.443","22.652","12.209"
605177,"Chafin, Andrew","CHC",2020,2020,"All",0.02961970855802205,,85,0,0,0,0,0,0,0,0,0.9931760427901101,-0.37558999999999987,"11.25039726","13.953630137","2.703232877",,,
573046,"Morin, Mike","MIA",2020,2020,"All",0.10930890236706148,0.1713530035374946,20,0.05,0,1,0,0,0,0,1,-0.48210818617831475,0.4571789768949433,"12.36755","16.47065","4.1031","12.302","21.536","9.234"
608718,"Suter, Brent","MIL",2020,2020,"All",0.038888396925857285,,184,0,0,0,0,0,0,0,0,1.6377044846292863,-0.6414499999999999,"10.391323529","12.050205882","1.658882353",,,
656354,"Davis, Austin","PIT",2020,2020,"All",-0.19882544525332624,-0.16060774836969743,61,0.01639344262295082,1,0,0,0,0,1,0,-0.6276946532724761,-0.16285892133073634,"11.78835","14.4941","2.70575","15.085","37.474","22.389"
608652,"Farrell, Luke","TEX",2020,2020,"All",0.00008078594929145989,,45,0,0,0,0,0,0,0,0,0.2814514297464574,-0.12490999999999998,"11.137568182","14.767113636","3.629545455",,,
607555,"Guilbeau, Taylor","SEA",2020,2020,"All",-0.004358268291246243,,48,0,0,0,0,0,0,0,0,0.18833615854376878,-0.09339000000000001,"12.479361702","14.397617021","1.918255319",,,
657277,"Webb, Logan","SF",2020,2020,"All",-0.2229704720218921,0.2727766721544104,378,0.0291005291005291,7,4,0,0,0,7,4,-5.012223471693324,1.7321649384817173,"11.445426036","16.104994083","4.659568047","12.319181818","22.481636364","10.162454545"
543475,"Lyles, Jordan","TEX",2020,2020,"All",-0.10376333497453034,-0.03732253369865454,384,0.005208333333333333,2,0,0,0,0,2,0,0.4938136256764373,-0.4500579113551508,"11.959609418","15.720204986","3.760595568","13.099","21.624","8.525"
621532,"Bemboom, Anthony","LAA",2020,2020,"All",-0.001968149402390442,,9,0,0,0,0,0,0,0,0,0.05759175298804775,-0.029969999999999983,"13.694666667","15.953333333","2.258666667",,,
650530,"Garcia, Bryan","DET",2020,2020,"All",-0.016843174164815483,0.10410438195460028,160,0.0125,1,1,0,0,0,1,1,-0.12377941533010241,0.01758379755823375,"11.482271429","15.708314286","4.226042857","10.8565","20.624","9.7675"
453178,"Kennedy, Ian","KC",2020,2020,"All",0.0033373729043898437,0.0773431217724829,66,0.015151515151515152,1,0,0,0,0,1,0,-0.06910751005289553,0.03813083314437546,"10.187349206","14.21947619","4.032126984","9.433","18.793","9.36"
600887,"Del Pozo, Miguel","PIT",2020,2020,"All",0.14721776012901264,0.23833318395279673,65,0.015384615384615385,0,1,0,0,0,0,1,-0.08507488970248334,0.3649616401544652,"11.732578125","14.962734375","3.23015625","10.135","15.93","5.795"
656954,"Sheffield, Justus","SEA",2020,2020,"All",-0.5414814533601106,-0.9001854416029539,294,0.013605442176870748,4,0,0,0,0,4,0,-1.0301125016617025,-0.7454643400617194,"12.192136029","15.374448529","3.1823125","15.09025","28.48675","13.3965"
596027,"Maples, Dillon","CHC",2020,2020,"All",0.012736564028014206,,12,0,0,0,0,0,0,0,0,0.2210028201400711,-0.06992000000000002,"12.311666667","14.793","2.481333333",,,
594986,"Ryan, Kyle","CHC",2020,2020,"All",-0.11271891941555892,-0.11372014496768036,75,0.013333333333333334,1,0,0,0,0,1,0,0.019837631817778905,-0.2593032128424774,"11.007698413","13.09784127","2.090142857","10.827","24.235","13.408"
669456,"Bieber, Shane","CLE",2020,2020,"All",0.18571134781156304,0.48718001664863475,354,0.00847457627118644,1,2,0,0,0,1,2,1.3814788144855252,-0.2012987001900931,"10.227349254","13.976137313","3.74878806","11.565","20.732","9.167"
592826,"Velasquez, Vince","PHI",2020,2020,"All",1.6463480713284477,0.39563629191556005,330,0.006060606060606061,1,1,3,0,0,1,4,1.3467862933622778,3.0599795836799837,"11.291633898","15.59079322","4.299159322","10.0055","19.908","9.9025"
592858,"Wick, Rowan","CHC",2020,2020,"All",-0.0705610948577022,-0.05598257374167043,150,0.006666666666666667,1,0,0,0,0,1,0,0.10247046604348886,-0.20234486236977778,"12.080189394","15.771015152","3.690825758","12.176","21.096","8.92"
663531,"Allen, Logan","CLE",2020,2020,"All",-0.14260743556573655,-0.14438772749654974,98,0.01020408163265306,1,0,0,0,0,1,0,-0.3059489014576302,-0.18092812283157877,"12.973094737","15.970884211","2.997789474","11.353","23.799","12.446"
623454,"Anderson, Drew","CWS",2020,2020,"All",0.013318276136388479,,21,0,0,0,0,0,0,0,0,0.31483388068194257,-0.11033000000000007,"10.2376","14.13565","3.89805",,,
570663,"Robles, Hansel","LAA",2020,2020,"All",-0.24238857365230868,-0.23355047995939532,113,0.017699115044247787,2,0,0,0,0,2,0,-1.0133482900669464,-0.08826425697537593,"13.192304762","17.660152381","4.467847619","13.0335","25.9795","12.946"
642233,"Yardley, Eric","MIL",2020,2020,"All",0.026269641988010527,,128,0,0,0,0,0,0,0,0,0.7128607099400515,-0.2584499999999998,"12.7675","16.376828125","3.609328125",,,
641482,"Cortes, Nestor","SEA",2020,2020,"All",-0.0023131515589774054,,71,0,0,0,0,0,0,0,0,0.2821492422051128,-0.13053999999999993,"12.624985507","15.676376812","3.051391304",,,
676831,"Whitley, Kodi","STL",2020,2020,"All",0.002796416972514465,,7,0,0,0,0,0,0,0,0,0.08127958486257228,-0.029909999999999985,"13.837857143","16.560285714","2.722428571",,,
677651,"Garcia, Luis","HOU",2020,2020,"All",0.02316744149380466,,74,0,0,0,0,0,0,0,0,0.5059647074690231,-0.17338999999999988,"14.034151515","17.768833333","3.734681818",,,
624647,"González, Victor","LAD",2020,2020,"All",-0.16363839091292073,-0.1617415520174148,105,0.009523809523809525,1,0,0,0,0,1,0,-0.1576776798686223,-0.29356189986488096,"11.28971","14.26908","2.97937","13.336","23.609","10.273"
621261,"Oswalt, Corey","NYM",2020,2020,"All",0.33016677753348456,-0.06931126794587023,90,0.022222222222222223,2,0,1,0,0,2,1,-0.8315770650281836,1.1032937567536028,"13.218038462","18.682884615","5.464846154","11.4765","22.8475","11.371"
650893,"Cabrera, Génesis","STL",2020,2020,"All",-0.04586730402886242,-0.02831024724550016,171,0.005847953216374269,1,0,0,0,0,1,0,0.16357594833159578,-0.1746277637670697,"10.763416667","12.778904762","2.015488095","13.186","23.554","10.368"
642092,"Smith, Riley","AZ",2020,2020,"All",0.0019443627815567818,,80,0,0,0,0,0,0,0,0,0.38711431390778367,-0.16773000000000002,"12.296","16.398727273","4.102727273",,,
596133,"Weaver, Luke","AZ",2020,2020,"All",-0.0665695972160954,0.01645587575118332,301,0.006644518272425249,1,1,0,0,0,1,1,1.101888885178822,-0.6376608316707999,"11.479197802","14.995380952","3.51618315","10.627","20.673","10.046"
607391,"Mazza, Chris","BOS",2020,2020,"All",0.013670626230218176,0.31326090425052544,232,0.021551724137931036,4,1,0,0,0,4,1,-1.9643366725446907,0.9034176905314587,"11.954345794","16.227154206","4.272808411","11.5982","21.7724","10.1742"
629498,"Quezada, Johan","MIA",2020,2020,"All",0.002319532747373386,,28,0,0,0,0,0,0,0,0,0.3374876637368671,-0.14484,"11.356740741","15.072814815","3.716074074",,,
592454,"Kahnle, Tommy","NYY",2020,2020,"All",0.008415503631961247,,2,0,0,0,0,0,0,0,0,0.08766251815980623,-0.020260000000000004,"10.675","13.265","2.59",,,
642152,"Trivino, Lou","OAK",2020,2020,"All",0.21333074147449255,0.3556828247325782,129,0.015503875968992248,1,1,0,0,0,1,1,0.2152547274013743,0.37839954665381675,"11.682","15.869578947","4.187578947","11.395","22.3555","10.9605"
500610,"Guerra, Deolis","PHI",2020,2020,"All",0.0041494118366380865,,31,0,0,0,0,0,0,0,0,0.16562455918319044,-0.06438999999999998,"12.606548387","17.498612903","4.892064516",,,
605446,"Rodríguez, Dereck","SF",2020,2020,"All",0.020394883376979322,0.13874295279881002,53,0.018867924528301886,0,1,0,0,0,0,1,-0.29312977849002775,0.17560186461107735,"12.613571429","16.321122449","3.70755102","11.992","19.829","7.837"
605164,"Bundy, Dylan","LAA",2020,2020,"All",-0.8357633403674041,-0.9291324842511839,394,0.025380710659898477,9,1,0,0,0,9,1,-5.456259343047828,0.5677522849825788,"11.963022346","16.188706704","4.225684358","12.4995","23.9676","11.4681"
670056,"Baragar, Caleb","SF",2020,2020,"All",-0.09822705188512884,-0.18666725194506703,165,0.006060606060606061,1,0,0,0,0,1,0,0.5049672154265923,-0.44271221104543834,"12.034523179","14.152410596","2.117887417","11.402","26.528","15.126"
453562,"Arrieta, Jake","PHI",2020,2020,"All",0.4951341708247612,,263,0,0,0,1,0,0,0,1,2.173428354123806,0.1343300000000002,"11.256117409","15.893129555","4.637012146",,,
664074,"Ponce, Cody","PIT",2020,2020,"All",0.0040378923080662,0.034048910096297014,74,0.013513513513513514,0,1,0,0,0,0,1,-0.1617465889874078,0.08086046690121748,"10.869830769","15.319446154","4.449615385","10.833","21.144","10.311"
621249,"Underwood Jr., Duane","CHC",2020,2020,"All",-0.0803898447216153,0.019911551143968614,129,0.015503875968992248,2,0,0,0,0,2,0,-0.4599686525907905,0.025786412881206155,"11.966226891","15.939428571","3.973201681","12.728","25.4565","12.7285"
608566,"Márquez, Germán","COL",2020,2020,"All",0.04672657750072482,0.2782855720955557,402,0.007462686567164179,3,0,0,0,0,3,0,0.30012393220159816,-0.029551575421322064,"11.706433511","15.922843085","4.216409574","14.802666667","25.500666667","10.698"
663460,"Bubic, Kris","KC",2020,2020,"All",0.1292280982293957,0.1309941883914877,345,0.002898550724637681,1,0,0,0,0,1,0,2.31577869692181,-0.7420614247888149,"10.733309446","12.840423453","2.107114007","11.308","17.553","6.245"
534910,"Hahn, Jesse","KC",2020,2020,"All",-0.11570707417182637,-0.10776557310585524,149,0.013422818791946308,2,0,0,0,0,2,0,-0.05733928710067465,-0.23164270389264727,"11.045283688","15.542255319","4.496971631","11.1865","21.8495","10.663"
656353,"Davidson, Tucker","ATL",2020,2020,"All",-0.031605585979706426,,24,0.041666666666666664,1,0,0,0,0,1,0,-0.5844320861720629,0.18951295834379156,"13.515105263","16.714263158","3.199157895","12.255","24.265","12.01"
676596,"Fleming, Josh","TB",2020,2020,"All",-0.04022887121240316,-0.14253317629646295,113,0.008849557522123894,0,1,0,0,0,0,1,0.7763639485808622,-0.4344481353968347,"10.494317308","12.782615385","2.288298077","12.404","22.111","9.707"
593833,"Suero, Wander","WSH",2020,2020,"All",-0.42918588258701257,-0.11341957701642788,180,0.027777777777777776,5,0,0,0,0,5,0,-3.0546674404871217,0.40388356780091256,"11.731078788","15.959090909","4.228012121","11.2012","24.12","12.9188"
543101,"DeSclafani, Anthony","CIN",2020,2020,"All",-0.23822450848956847,-0.24567350356832776,189,0.010582010582010581,2,0,0,0,0,2,0,-0.46578259822262225,-0.3223733085445428,"11.132283237","15.583317919","4.451034682","16.489","35.457","18.968"
622092,"Zimmer, Kyle","KC",2020,2020,"All",0.4711081647876582,,125,0,0,0,1,0,0,0,1,0.9092858239382893,0.6427799999999998,"12.111991597","15.235319328","3.123327731",,,
666674,"Colina, Edwar","MIN",2020,2020,"All",0.0016193818705373063,,8,0,0,0,0,0,0,0,0,0.052736909352686524,-0.01984,"11.306375","15.57875","4.272375",,,
664856,"Adams, Chance","KC",2020,2020,"All",0.08356122946594695,0.16149620755885183,75,0.013333333333333334,1,0,0,0,0,1,0,0.13343695944076372,0.12638630572843157,"12.057527027","15.052540541","2.995013514","12.075","20.011","7.936"
501593,"Avilán, Luis","NYY",2020,2020,"All",-0.061292072323651296,-0.07892844662593795,75,0.013333333333333334,1,0,0,0,0,1,0,-0.2707451987340594,-0.015873405726309523,"13.115847222","17.443333333","4.327486111","10.161","23.62","13.459"
624133,"Suárez, Ranger","PHI",2020,2020,"All",0.015625849468974256,,54,0,0,0,0,0,0,0,0,0.5034467473448712,-0.18902999999999995,"12.910230769","15.044134615","2.133903846",,,
621237,"Alvarado, José","TB",2020,2020,"All",-0.13491878114616915,-0.1383866704604072,85,0.011764705882352941,1,0,0,0,0,1,0,-0.18790411807648433,-0.2163065722908274,"10.97905","14.4337875","3.4547375","11.52","26.968","15.448"
642232,"Yarbrough, Ryan","TB",2020,2020,"All",0.10805565821085764,0.39249545176907724,283,0.007067137809187279,1,1,0,0,0,1,1,1.1045393603161013,-0.2507826974496952,"11.214255639","13.579105263","2.364849624","15.878","27.53","11.652"
607192,"Glasnow, Tyler","TB",2020,2020,"All",-1.426015979891057,-1.9068333710209324,304,0.03289473684210526,9,1,0,0,0,9,1,-7.697921762772281,0.2523741614742201,"11.624733333","17.09725614","5.472522807","11.5694","28.3215","16.7521"
502179,"Espino, Paolo","WSH",2020,2020,"All",0.014013193365851209,,67,0,0,0,0,0,0,0,0,0.5906259668292557,-0.23135999999999998,"11.848857143","14.950746032","3.101888889",,,
650644,"Civale, Aaron","CLE",2020,2020,"All",0.07377041001091073,0.6053512287849424,409,0.014669926650366748,3,3,0,0,0,3,3,-0.825652972442733,0.5308911211099063,"10.924811024","14.921671916","3.996860892","11.5895","21.439166667","9.849666667"
519455,"Zimmermann, Jordan","DET",2020,2020,"All",0.0068253319777273405,0.044302079736747685,61,0.01639344262295082,0,1,0,0,0,0,1,0.013877129894196316,0.008999791108640257,"11.484703704","14.559166667","3.074462963","11.243","20.902","9.659"
608349,"Knebel, Corey","MIL",2020,2020,"All",-0.09235097158262924,-0.030155785461005447,108,0.018518518518518517,1,1,0,0,0,1,1,-0.8027387759236833,0.15154840800468303,"12.66307619","16.4766","3.81352381","10.738","22.0265","11.2885"
543243,"Gray, Sonny","CIN",2020,2020,"All",-0.08674488157914961,-0.137759773900242,269,0.0037174721189591076,0,1,0,0,0,0,1,0.9826444955533277,-0.6294972904218117,"11.18953629","15.365064516","4.175528226","11.343","20.698","9.355"
622786,"Tinoco, Jesus","COL",2020,2020,"All",0.03625620948386666,0.050249689202879866,31,0.03225806451612903,0,1,0,0,0,0,1,-0.4413516933414059,0.2767256625603285,"12.616290323","16.335612903","3.719322581","11.978","22.552","10.574"
593423,"Montas, Frankie","OAK",2020,2020,"All",0.5016691012043302,0.7479332055504391,344,0.005813953488372093,1,1,0,0,0,1,1,1.7080708270251503,0.3556776351095564,"11.00223913","14.904121118","3.901881988","10.0785","17.4765","7.398"
605479,"Smith, Josh D.","MIA",2020,2020,"All",-0.0006753270544659774,,19,0,0,0,0,0,0,0,0,0.07337086472767008,-0.034109999999999994,"11.464578947","14.933947368","3.469368421",,,
621078,"Lail, Brady","SEA",2020,2020,"All",-0.3214648764629967,-0.4061230590691775,113,0.017699115044247787,2,0,0,0,0,2,0,-1.2721215900468756,-0.14897901878582684,"13.08193578","18.045522936","4.963587156","13.2925","24.6665","11.374"
489119,"Miley, Wade","CIN",2020,2020,"All",-0.35486729740951545,-0.2806988075835689,110,0.00909090909090909,1,0,0,1,0,2,0,-1.3036043597098026,-0.2092142788167889,"10.310616822","12.75288785","2.442271028","10.204","21.556","11.352"
670167,"Schreiber, John","DET",2020,2020,"All",0.03209306882225586,,105,0,0,0,0,0,0,0,0,0.8386153441112791,-0.30139999999999983,"12.387446602","15.582038835","3.194592233",,,
572703,"Bard, Luke","LAA",2020,2020,"All",0.0044338570773279976,,21,0,0,0,0,0,0,0,0,0.17402178538664,-0.06749000000000002,"12.157588235","15.873352941","3.715764706",,,
605501,"Tarpley, Stephen","MIA",2020,2020,"All",-0.08988800092111159,-0.12031801675542683,58,0.017241379310344827,1,0,0,0,0,1,0,-0.4048833089300112,-0.019802975855798412,"10.925163636","13.830254545","2.905090909","10.252","23.73","13.478"
643532,"Sharp, Sterling","MIA",2020,2020,"All",0.0021622862283788864,,52,0,0,0,0,0,0,0,0,0.26816643114189415,-0.11437999999999998,"11.55906","16.04288","4.48382",,,
572143,"Smith, Burch","OAK",2020,2020,"All",-0.029544531372080497,0.0032571739100867303,46,0.021739130434782608,1,0,0,0,0,1,0,-0.44272045443162866,0.1311101322538783,"12.823179487","16.549589744","3.726410256","10.755","18.928","8.173"
650556,"Abreu, Bryan","HOU",2020,2020,"All",0.00566588094344418,,27,0,0,0,0,0,0,0,0,0.17482690471722087,-0.06510999999999997,"13.247407407","17.06662963","3.819222222",,,
621242,"Díaz, Edwin","NYM",2020,2020,"All",-0.14719144029962855,-0.06389501457774907,165,0.012121212121212121,2,0,0,0,0,2,0,-0.5509846279295003,-0.08221003269717425,"11.243840764","16.042229299","4.798388535","10.947","23.048","12.101"
519326,"Strickland, Hunter","NYM",2020,2020,"All",0.3999545675849596,0.6257474917902237,34,0.029411764705882353,0,1,0,0,0,0,1,0.209758611052475,0.7955618786099214,"11.4375","14.425533333","2.988033333","9.868","14.113","4.245"
456701,"Bailey, Homer","MIN",2020,2020,"All",0.008767119577968496,,21,0,0,0,0,0,0,0,0,0.26885809788984255,-0.10001000000000004,"12.66247619","17.461571429","4.799095238",,,
607179,"Weems, Jordan","OAK",2020,2020,"All",0.010987962833860058,,70,0,0,0,0,0,0,0,0,0.43617981416930024,-0.16943999999999992,"12.777028986","16.525536232","3.748507246",,,
572070,"Richards, Garrett","SD",2020,2020,"All",-0.13431837595004742,-0.09915667887280408,239,0.008368200836820083,2,0,0,0,0,2,0,-0.04756290667510177,-0.2773462102556159,"11.797645455","15.742936364","3.945290909","10.805","24.2045","13.3995"
592644,"Plutko, Adam","CLE",2020,2020,"All",-0.06718107470867629,-0.021317841339735633,153,0.006535947712418301,1,0,0,0,0,1,0,0.14250805212782164,-0.21262818918720167,"11.567614865","14.448195946","2.880581081","11.519","20.923","9.404"
598287,"Ramirez, Noé","LAA",2020,2020,"All",-0.10131976677928901,0.04670725560132408,121,0.03305785123966942,3,1,0,0,0,3,1,-2.228605970907248,0.7653365053381342,"12.617893204","17.447097087","4.829203883","12.13625","22.3685","10.23225"
445276,"Jansen, Kenley","LAD",2020,2020,"All",-0.31019291006902894,-0.33557171635015626,223,0.008968609865470852,2,0,0,0,0,2,0,-0.11714143438765934,-0.6372547182033274,"12.50861809","17.783190955","5.274572864","13.129","30.7515","17.6225"
663978,"Paddack, Chris","SD",2020,2020,"All",0.13588538960636,0.5821402202802972,340,0.014705882352941176,2,3,0,0,0,2,3,-1.089451678539043,0.7861682784759314,"11.849610932","15.778864952","3.929254019","13.7976","25.6034","11.8058"
450203,"Morton, Charlie","TB",2020,2020,"All",0.5417390898069312,0.7674184324716485,260,0.007692307692307693,0,2,0,0,0,0,2,1.9897159776757514,0.3195464317150683,"11.038780992","15.575024793","4.536243802","9.1295","17.5445","8.415"
572888,"Greene, Shane","ATL",2020,2020,"All",0.03985630188806969,0.20252162605295077,151,0.013245033112582781,1,1,0,0,0,1,1,-0.34624466658957553,0.24245607823552193,"11.208632653","14.413979592","3.205346939","10.995","20.487","9.492"
489265,"Romo, Sergio","MIN",2020,2020,"All",-0.2162164294579118,-0.16152546808793744,100,0.02,2,0,0,0,0,2,0,-0.8331765326870921,-0.11018027315665255,"11.276776596","15.971851064","4.695074468","14.544","27.327","12.783"
621112,"Blackburn, Paul","OAK",2020,2020,"All",-0.06859272063234145,,5,0.2,1,0,0,0,0,1,0,-0.748903352482509,0.18041766636480067,"13.8386","18.3812","4.5426","11.227","18.409","7.182"
605280,"Holmes, Clay","PIT",2020,2020,"All",0.0003450048483481792,,9,0,0,0,0,0,0,0,0,0.011445024241740834,-0.004319999999999971,"12.037888889","16.589444444","4.551555556",,,
621368,"Hearn, Taylor","TEX",2020,2020,"All",-0.2135982711841813,-0.3075574408178984,116,0.017241379310344827,1,1,0,0,0,1,1,-0.6389139345220115,-0.1907010761772868,"12.323964602","15.228672566","2.904707965","13.8195","29.484","15.6645"
657053,"Toussaint, Touki","ATL",2020,2020,"All",-0.31802588482995453,-0.257065998183489,163,0.018404907975460124,3,0,0,0,0,3,0,-1.4704236581309051,-0.05320256267505205,"11.937496732","16.159856209","4.222359477","11.645","22.977","11.332"
543339,"Hudson, Daniel","WSH",2020,2020,"All",0.024448906341840278,,99,0,0,0,0,0,0,0,0,0.722859531709201,-0.26693999999999996,"12.207587629","16.930865979","4.723278351",,,
573109,"Ramos, AJ","COL",2020,2020,"All",0.009001127413457315,,29,0,0,0,0,0,0,0,0,0.23168813706728641,-0.08296999999999999,"13.915206897","17.100344828","3.185137931",,,
643478,"Palumbo, Joe","TEX",2020,2020,"All",0.0015229300095916443,,12,0,0,0,0,0,0,0,0,0.07115465004795815,-0.028239999999999967,"12.243666667","15.741416667","3.49775",,,
664199,"Clarke, Taylor","AZ",2020,2020,"All",1.120766404201608,0.329420511680449,220,0.004545454545454545,1,0,2,0,0,1,2,1.0641351223105002,2.0176430660877953,"11.3348","15.053810256","3.719010256","9.83","18.62","8.79"
623364,"Wieck, Brad","CHC",2020,2020,"All",-0.0011586623616236169,,5,0,0,0,0,0,0,0,0,0.018169188191881944,-0.010650000000000014,"12.15275","12.60575","0.453",,,
594798,"deGrom, Jacob","NYM",2020,2020,"All",-0.09550388968547618,0.43877087126840497,328,0.039634146341463415,11,2,0,0,0,11,2,-7.163985308169739,2.9717626043299377,"11.741154088","17.034625786","5.293471698","12.289692308","24.449923077","12.160230769"
571666,"Fiers, Mike","OAK",2020,2020,"All",0.06410495123542646,-1.001852637631746,341,0.02346041055718475,6,2,2,0,0,6,4,-4.136003699101643,1.9806793134572265,"11.797440789","16.780414474","4.982973684","13.85225","27.785625","13.933375"
643615,"Zeuch, T.J.","TOR",2020,2020,"All",0.010862884331468058,,46,0,0,0,0,0,0,0,0,0.3641169216573402,-0.13769,"13.259227273","16.418090909","3.158863636",,,
594577,"Mayers, Mike","LAA",2020,2020,"All",-0.08746684313312879,-0.08745485720288099,140,0.007142857142857143,0,1,0,0,0,0,1,-0.15862244323269264,-0.12387189885908967,"12.19118705","15.123985612","2.932798561","11.199","17.014","5.815"
459429,"McGee, Jake","LAD",2020,2020,"All",0.006404980630027139,,106,0,0,0,0,0,0,0,0,0.5108699031501353,-0.21282,"13.319197917","16.758479167","3.43928125",,,
605288,"Houser, Adrian","MIL",2020,2020,"All",-0.22186291148284673,-0.08111112537149778,285,0.028070175438596492,3,5,0,0,0,3,5,-4.135528539297915,1.3449839919483024,"11.103621818","15.785789091","4.682167273","11.74975","24.13675","12.387"
570666,"Cessa, Luis","NYY",2020,2020,"All",0.2187766206950249,0.2228896676363174,131,0.007633587786259542,0,1,0,0,0,0,1,0.39105268232640245,0.31236907606609854,"11.972709677","15.868209677","3.8955","12.053","19.803","7.75"
645307,"Sánchez, Ricardo","STL",2020,2020,"All",-0.20301443556945006,,52,0,0,0,0,1,0,1,0,-0.8461871778472543,-0.07506000000000007,"11.449711538","14.573192308","3.123480769",,,
445926,"Chavez, Jesse","TEX",2020,2020,"All",0.020347730996874498,,116,0,0,0,0,0,0,0,0,0.8970686549843724,-0.35347999999999996,"12.614214286","16.554232143","3.940017857",,,
657240,"Merryweather, Julian","TOR",2020,2020,"All",-0.004830349389419168,,80,0,0,0,0,0,0,0,0,0.4634682530529042,-0.21672000000000025,"10.217896104","14.358415584","4.140519481",,,
593576,"Neris, Héctor","PHI",2020,2020,"All",-0.2690580561963054,-0.44655444648310394,154,0.012987012987012988,2,0,0,0,0,2,0,-0.4609860173215301,-0.39302411718222086,"11.077524476","15.393713287","4.316188811","12.774","26.894","14.12"
613534,"Adams, Austin","SD",2020,2020,"All",-0.005227841710497161,,42,0,0,0,0,0,0,0,0,0.15336579144751428,-0.07978000000000011,"10.863071429","14.67347619","3.810404762",,,
598264,"Barnes, Matt","BOS",2020,2020,"All",-0.39753102808386576,-0.22310315525183438,192,0.020833333333333332,4,0,0,0,0,4,0,-2.071308208440585,0.03717914134277951,"11.503224138","16.504189655","5.000965517","12.97675","26.614","13.63725"
458677,"Wilson, Justin","NYM",2020,2020,"All",-0.08713627127743045,-0.18602402441499982,150,0.006666666666666667,1,0,0,0,0,1,0,0.9338579746504213,-0.6086841471278106,"11.779027211","14.62247619","2.84344898","16.537","31.099","14.562"
657612,"Hill, Tim","SD",2020,2020,"All",0.026205867480428042,,136,0,0,0,0,0,0,0,0,0.9465643374021409,-0.36246000000000006,"11.559962406","14.037458647","2.477496241",,,
543766,"Shaw, Bryan","SEA",2020,2020,"All",-0.0035124815176449326,,45,0,0,0,0,0,0,0,0,0.15613759241177533,-0.0772,"11.845177778","15.325133333","3.479955556",,,
656945,"Scott, Tanner","BAL",2020,2020,"All",0.003196321631507155,,156,0,0,0,0,0,0,0,0,0.5571516081575354,-0.24051999999999985,"12.314802632","15.193427632","2.878625",,,
605488,"Springs, Jeffrey","BOS",2020,2020,"All",0.030254863972154614,,190,0,0,0,0,0,0,0,0,1.1855318198607727,-0.45967,"12.246754386","14.991614035","2.744859649",,,
518633,"Duffy, Danny","KC",2020,2020,"All",0.044194887853908515,,296,0,0,0,0,0,0,0,0,2.2555369392695437,-0.9042500000000004,"10.857058394","13.238682482","2.381624088",,,
502154,"Britton, Zack","NYY",2020,2020,"All",0.02938709324646352,0.16287254403317197,88,0.011363636363636364,0,1,0,0,0,0,1,-0.032497562834588156,0.0797480129186247,"12.646358025","16.049","3.402641975","15.121","29.853","14.732"
592612,"Osich, Josh","CHC",2020,2020,"All",0.3226108051749011,0.46590715916402686,126,0.007936507936507936,1,0,0,0,0,1,0,0.7828271703389127,0.3689897135713741,"11.177704918","13.542319672","2.364614754","10.28","14.045","3.765"
446372,"Kluber, Corey","TEX",2020,2020,"All",-0.08882430979769032,-0.0343047080687382,2,0.5,0,1,0,0,0,0,1,-0.7847826731769921,0.15140494408379582,"12.479","20.0835","7.6045","12.37","23.396","11.026"
592811,"Triggs, Andrew","BOS",2020,2020,"All",0.004505795350635286,0.018409405877028773,51,0.0196078431372549,1,0,0,0,0,1,0,-0.3681695568144583,0.17364379269672633,"12.05618","15.62936","3.57318","10.719","22.001","11.282"
669289,"Espinal, Santiago","TOR",2020,2020,"All",-0.00232891049122846,,15,0,0,0,0,0,0,0,0,0.021992947543857708,-0.014950000000000008,"9.731866667","13.405333333","3.673466667",,,
518693,"Freeman, Sam","WSH",2020,2020,"All",0.015587523079344053,,55,0,0,0,0,0,0,0,0,0.49729261539672015,-0.18638000000000018,"12.41044","14.3955","1.98506",,,
622492,"Mella, Keury","AZ",2020,2020,"All",-0.012441842096785461,0.027212615094967002,63,0.015873015873015872,1,0,0,0,0,1,0,-0.33243404458404513,0.12009992626671896,"13.019127273","17.392818182","4.373690909","13.011","22.354","9.343"
592426,"Jackson, Luke","ATL",2020,2020,"All",-0.04854001076203164,-0.060596901022615196,203,0.0049261083743842365,1,0,0,0,0,1,0,0.6202873762090184,-0.38354996889741183,"12.133015544","15.980611399","3.847595855","11.796","23.26","11.464"
643256,"Cimber, Adam","CLE",2020,2020,"All",-0.19569666248278741,-0.10629808478172087,59,0.03389830508474576,2,0,0,0,0,2,0,-1.2207110749812728,0.10765678336325989,"12.095614035","15.497947368","3.402333333","10.581","21.8425","11.2615"
608723,"Voth, Austin","WSH",2020,2020,"All",0.46457626018251097,0.683898296802223,349,0.014326647564469915,4,1,0,0,0,4,1,-0.7238428978417834,1.354099643890818,"11.822587859","15.987801917","4.165214058","10.9624","20.4874","9.525"
641576,"Flores Jr., Bernardo","CWS",2020,2020,"All",-0.0002725037336509207,,9,0,0,0,0,0,0,0,0,0.03166748133174542,-0.014680000000000009,"13.540444444","16.483222222","2.942777778",,,
467100,"Nova, Iván","DET",2020,2020,"All",0.04391004183582283,,99,0,0,0,0,0,0,0,0,1.0628277091791145,-0.37479,"11.286344086","15.562096774","4.275752688",,,
458676,"Lindblom, Josh","MIL",2020,2020,"All",-0.29890769332709477,-0.06730911966143883,258,0.01937984496124031,3,2,0,0,0,3,2,-1.7264860439284104,0.10308781213019717,"11.652008032","15.505325301","3.853317269","11.0262","21.3182","10.292"
641401,"Brogdon, Connor","PHI",2020,2020,"All",0.0030500778849215093,,30,0,0,0,0,0,0,0,0,0.19592538942460777,-0.08030000000000012,"11.040035714","14.952107143","3.912071429",,,
592314,"Foltynewicz, Mike","ATL",2020,2020,"All",-0.0030185792342129003,,19,0,0,0,0,0,0,0,0,0.1253746038289355,-0.06243000000000001,"9.770823529","14.541823529","4.771",,,
592135,"Bedrosian, Cam","LAA",2020,2020,"All",0.06318738110431397,0.11391918013961547,89,0.033707865168539325,1,2,0,0,0,1,2,-1.2409099238885801,0.6919319241822891,"11.799666667","16.280192308","4.480525641","13.5","24.038","10.538"
448179,"Hill, Rich","MIN",2020,2020,"All",-0.3384769596649536,-0.4532703279657656,193,0.015544041450777202,3,0,0,0,0,3,0,-0.9831420300789373,-0.3152190081092582,"10.810104294","13.389779141","2.579674847","14.557666667","30.338666667","15.781"
668678,"Gallen, Zac","AZ",2020,2020,"All",-0.20450544939707238,-0.0932147593721685,457,0.01312910284463895,6,0,0,0,0,6,0,-0.729228399901129,-0.13035504314854973,"11.308224359","15.565958333","4.257733974","11.2","22.5765","11.3765"
605347,"López, Jorge","BAL",2020,2020,"All",0.36588151692958004,0.5514721541087614,255,0.00784313725490196,1,1,0,0,0,1,1,1.5860366999497044,0.1081648376436429,"11.133823789","14.781088106","3.647264317","9.775","15.1775","5.4025"
614179,"Ruiz, José","CWS",2020,2020,"All",-0.0017899766216965454,,17,0,0,0,0,0,0,0,0,0.07855261689151727,-0.038889999999999994,"9.966375","15.269625","5.30325",,,
650671,"Quijada, José","LAA",2020,2020,"All",0.017905692816039803,,55,0,0,0,0,0,0,0,0,0.4341834640801989,-0.15318000000000004,"12.441134615","15.144211538","2.703076923",,,
544727,"Familia, Jeurys","NYM",2020,2020,"All",-0.3739840530832398,-0.05776247200062548,166,0.030120481927710843,4,1,0,0,0,4,1,-2.6839286104049487,0.36178148666166693,"11.858986111","15.241590278","3.382604167","13.7236","23.2624","9.5388"
658431,"Medina, Adonis","PHI",2020,2020,"All",-0.0015750416706128598,,34,0,0,0,0,0,0,0,0,0.17817729164693577,-0.08269000000000006,"11.305766667","14.782766667","3.477",,,
640470,"Alzolay, Adbert","CHC",2020,2020,"All",0.09649655222322044,0.33773401229927486,175,0.017142857142857144,2,1,0,0,0,2,1,-0.8723810300173659,0.6021616849482085,"11.72443949","16.152178344","4.427738854","12.609666667","23.883","11.273333333"
608678,"Leone, Dominic","CLE",2020,2020,"All",0.0203637719099321,,89,0,0,0,0,0,0,0,0,0.5596938595496606,-0.20350000000000001,"11.817460674","15.098359551","3.280898876",,,
547942,"Kim, Kwang Hyun","STL",2020,2020,"All",0.02023101529697844,,195,0,0,0,0,0,0,0,0,1.0457500764848926,-0.41981999999999986,"11.557142105","14.271710526","2.714568421",,,
608334,"Fulmer, Carson","BAL",2020,2020,"All",0.013296275041254132,,80,0,0,0,0,0,0,0,0,0.46137887520627063,-0.17551000000000008,"11.450371795","14.253935897","2.803564103",,,
532077,"Osuna, Roberto","HOU",2020,2020,"All",-0.0015972186797557216,,18,0,0,0,0,0,0,0,0,0.03222140660122142,-0.01787000000000001,"11.282666667","15.564","4.281333333",,,
518397,"Alexander, Scott","LAD",2020,2020,"All",0.004825607743141574,,86,0,0,0,0,0,0,0,0,0.37564553871570777,-0.1562299999999999,"12.116278481","15.880962025","3.764683544",,,
641447,"Castano, Daniel","MIA",2020,2020,"All",0.48476765730460625,-0.13367190985082503,207,0.004830917874396135,0,1,1,0,0,0,2,1.3626413963206625,0.47164306231216413,"11.370122995","14.068502674","2.698379679","12.048","24.113","12.065"
457918,"Happ, J.A.","NYY",2020,2020,"All",0.21617547948889534,0.4246607591292707,205,0.014634146341463415,1,2,0,0,0,1,2,-0.03836576516358675,0.49744140560358324,"11.281680203","13.544385787","2.262705584","12.865","21.699","8.834"
641726,"Jefferies, Daulton","OAK",2020,2020,"All",0.023612925315932044,,30,0,0,0,0,0,0,0,0,0.5166296265796603,-0.1771400000000001,"9.960821429","13.694428571","3.733607143",,,
572096,"Rosenthal, Trevor","SD",2020,2020,"All",-0.17778083160441596,,122,0,0,0,0,1,0,1,0,-0.07827415802208082,-0.36028,"13.045391667","15.966933333","2.921541667",,,
502043,"Gibson, Kyle","TEX",2020,2020,"All",0.17289775066205398,0.45118574240968407,439,0.018223234624145785,5,3,0,0,0,5,3,-2.067021174700857,1.3028933013382775,"11.617614428","15.361771144","3.744156716","11.56","21.444625","9.884625"
592761,"Smith, Caleb","AZ",2020,2020,"All",-0.06337206214434925,0.026484864355762888,102,0.0196078431372549,1,1,0,0,0,1,1,-0.48818138995823246,0.07614270188288316,"11.976336957","14.570663043","2.594326087","10.795","20.981","10.186"
605151,"Bradley, Archie","CIN",2020,2020,"All",0.07934282337134332,,136,0,0,0,0,0,0,0,0,1.7682691168567168,-0.6095800000000002,"10.689234783","14.936608696","4.247373913",,,
622088,"Antone, Tejay","CIN",2020,2020,"All",0.35753181591344546,0.6370317196569579,212,0.009433962264150943,1,1,0,0,0,1,1,1.0151730091655506,0.3433271424007438,"10.905295337","14.503331606","3.598036269","11.785","20.699","8.914"
665733,"Santos, Antonio","COL",2020,2020,"All",0.03242779359225753,,59,0,0,0,0,0,0,0,0,0.6316239679612875,-0.20865999999999998,"10.956877193","14.862894737","3.906017544",,,
596101,"Shafer, Justin","MIA",2020,2020,"All",0.002587607947894946,,52,0,0,0,0,0,0,0,0,0.49743053973947465,-0.21533,"10.780612245","14.681163265","3.90055102",,,
621244,"Berríos, José","MIN",2020,2020,"All",0.6899367863532697,-0.08410586235755602,435,0.006896551724137931,3,0,2,0,0,3,2,1.4263344898733157,0.8992664186191263,"10.645479381","15.430811856","4.785332474","10.689666667","20.954666667","10.265"
621139,"Kriske, Brooks","NYY",2020,2020,"All",-0.006825718425818474,,60,0,0,0,0,0,0,0,0,0.24946140787090773,-0.12604,"12.450754717","14.759037736","2.308283019",,,
593144,"Rodríguez, Richard","PIT",2020,2020,"All",-0.33686296470862265,-0.45896416395902295,134,0.014925373134328358,2,0,0,0,0,2,0,-0.8557126759960889,-0.3682676211320088,"11.479295082","15.662229508","4.182934426","12.72","32.458","19.738"
455119,"Martin, Chris","ATL",2020,2020,"All",0.014698997731083643,,93,0,0,0,0,0,0,0,0,0.5866074886554178,-0.22804999999999986,"12.272862069","16.570896552","4.298034483",,,
594795,"Dayton, Grant","ATL",2020,2020,"All",0.03996177474158446,,208,0,0,0,0,0,0,0,0,1.6148113737079246,-0.6288900000000003,"12.215542289","14.547333333","2.331791045",,,
642100,"Speier, Gabe","KC",2020,2020,"All",-0.03564384396471896,-0.0842971009183952,41,0.024390243902439025,1,0,0,0,0,1,0,-0.5383934324824612,0.16007742784838488,"12.529025","15.4968","2.967775","9.25","24.037","14.787"
621005,"Lopes, Tim","SEA",2020,2020,"All",0.000014327323034678393,,8,0,0,0,0,0,0,0,0,0.059786636615173375,-0.026539999999999998,"13.5","15.641875","2.141875",,,
621219,"Mills, Alec","CHC",2020,2020,"All",0.01982144440559533,-0.2355350954783365,260,0.011538461538461539,1,2,1,1,0,2,3,-1.5689913207836124,0.7413771301384837,"11.973125523","16.091627615","4.118502092","11.693","22.895","11.202"
592473,"Kolarek, Adam","LAD",2020,2020,"All",0.01962624621259218,,90,0,0,0,0,0,0,0,0,0.5653887310629608,-0.20766999999999988,"11.965611765","14.823917647","2.858305882",,,
665001,"Kelley, Trevor","PHI",2020,2020,"All",0.0020878719847293717,,41,0,0,0,0,0,0,0,0,0.18449935992364666,-0.07735999999999996,"10.739974359","14.22225641","3.482282051",,,
475479,"Phelps, David","PHI",2020,2020,"All",-0.01225901524923663,0.03410193373004666,109,0.009174311926605505,1,0,0,0,0,1,0,0.3333289623650275,-0.17538846160498234,"10.55563","14.79041","4.23478","12.22","21.44","9.22"
453192,"Miller, Andrew","STL",2020,2020,"All",-0.00567498992019519,,85,0,0,0,0,0,0,0,0,0.26486755039902415,-0.13032999999999997,"11.273385542","14.080445783","2.807060241",,,
647336,"Soroka, Michael","ATL",2020,2020,"All",0.029334638434732836,,79,0,0,0,0,0,0,0,0,0.8338231921736645,-0.30540000000000006,"11.624746667","16.310293333","4.685546667",,,
543734,"Rusin, Chris","ATL",2020,2020,"All",0.05648774624008439,0.16057230302776854,17,0.058823529411764705,1,0,0,0,0,1,0,-0.5357613307318803,0.3636444719699121,"10.965705882","13.604176471","2.638470588","14.988","30.518","15.53"
660623,"Ynoa, Huascar","ATL",2020,2020,"All",-0.49072315267296257,-0.2534617658590418,136,0.022058823529411766,3,0,0,1,0,4,0,-2.7746547627052456,0.14268399970685916,"11.544527132","16.101085271","4.55655814","10.430333333","22.148333333","11.718"
608648,"Duffey, Tyler","MIN",2020,2020,"All",0.002890989782481144,,81,0,0,0,0,0,0,0,0,0.32837494891240565,-0.13951999999999995,"11.660123457","14.610617284","2.950493827",,,
595918,"Cole, A.J.","TOR",2020,2020,"All",0.07150460931251718,,159,0,0,0,0,0,0,0,0,1.6017055465625856,-0.5529700000000006,"11.735937063","15.616762238","3.880825175",,,
425844,"Greinke, Zack","HOU",2020,2020,"All",0.009461715621570322,-0.09864400258392259,321,0.003115264797507788,1,0,0,0,0,1,0,1.7245138076523263,-0.7454245464642112,"11.464525424","15.484569492","4.020044068","10.941","21.919","10.978"
488748,"Buchter, Ryan","LAA",2020,2020,"All",0.1733331087747721,0.2888052082740759,55,0.01818181818181818,1,0,0,0,0,1,0,-0.05141926256927881,0.40803769175250637,"13.383607843","16.683941176","3.300333333","12.497","19.371","6.874"
488984,"Hunter, Tommy","PHI",2020,2020,"All",-0.11330920198087108,-0.15798682234097747,157,0.012738853503184714,1,1,0,0,0,1,1,-0.05352050396971397,-0.22801133597095188,"10.899028369","15.821652482","4.922624113","12.26","24.5015","12.2415"
605182,"Clevinger, Mike","SD",2020,2020,"All",0.08755491680054446,0.3275297288726874,210,0.01904761904761905,1,3,0,0,0,1,3,-1.2767969143399804,0.7620317770412015,"10.47536","14.857615","4.382255","11.58625","23.6205","12.03425"
663423,"Thornton, Trent","TOR",2020,2020,"All",0.004302367035324179,,40,0,0,0,0,0,0,0,0,0.30633933517662093,-0.12658999999999998,"10.248657895","14.474526316","4.225868421",,,
663432,"Rainey, Tanner","WSH",2020,2020,"All",-0.009917665540204094,0.29957350128932136,97,0.010309278350515464,0,1,0,1,0,1,1,-0.8207950476261571,0.34275854218895,"11.704340426","15.156117021","3.451776596","9.919","19.553","9.634"