"player_id","player_name","team_name","start_year","end_year","key_target_base","runs_prevented_on_running_attr","n_pitcher_cs_aa","n_init","rate_sbx","n_sb","n_cs","n_pk","n_bk","n_fb","n_plus","n_minus","net_attr_plus","net_attr_minus","r_primary_lead","r_secondary_lead","r_sec_minus_prim_lead","r_primary_lead_sbx","r_secondary_lead_sbx","r_sec_minus_prim_lead_sbx"
665625,"Peguero, Elvis","LAA",2022,2022,"All",-0.17862101974806524,,98,0,0,0,0,1,0,1,0,-0.3751550987403253,-0.2302000000000001,"11.6876","16.717778947","5.030178947",,,
686973,"Varland, Louis","MIN",2022,2022,"All",0.1273047609972492,,131,0,0,0,0,0,0,0,0,1.843581304986249,-0.53647,"10.974072581","14.611459677","3.637387097",,,
547179,"Lorenzen, Michael","LAA",2022,2022,"All",0.6200268530247914,0.7518487829880187,578,0.006920415224913495,3,1,0,0,0,3,1,2.33851163723641,0.3384989457277988,"10.743582255","14.821937153","4.078354898","10.56525","18.75975","8.1945"
502202,"Boxberger, Brad","MIL",2022,2022,"All",-0.20001381190941508,-0.37843412830077244,345,0.017391304347826087,6,0,0,0,0,6,0,-1.5209370785049525,0.23149689731461234,"11.142285714","15.118546584","3.97626087","11.235833333","24.3245","13.088666667"
543507,"May, Trevor","NYM",2022,2022,"All",-0.12136815920291406,-0.15535509341715653,193,0.0051813471502590676,1,0,0,0,0,1,0,-0.06522578596240991,-0.2407177822454047,"11.963191489","16.733340426","4.770148936","11.308","25.362","14.054"
595881,"Beede, Tyler","PIT",2022,2022,"All",-0.5341695801447158,-0.6197346161345415,434,0.016129032258064516,5,2,0,0,0,5,2,-2.5596834812096323,-0.049406408672860225,"11.870189448","15.900717026","4.030527578","12.066571429","24.904285714","12.837714286"
571510,"Boyd, Matthew","SEA",2022,2022,"All",0.07023305974458117,0.18281338923721407,73,0.0136986301369863,1,0,0,0,0,1,0,0.02124020938952552,0.14663337303705787,"11.264114754","13.167327869","1.903213115","12.258","19.015","6.757"
605397,"Musgrove, Joe","SD",2022,2022,"All",0.24017285926381782,-0.026614357113402654,906,0.004415011037527594,4,0,0,0,0,4,0,4.085843468476491,-1.2822129654032905,"11.292020359","15.038973653","3.746953293","11.73625","21.6835","9.94725"
641743,"Kay, Anthony","TOR",2022,2022,"All",0.0005774556629227544,,24,0,0,0,0,0,0,0,0,0.029392278314613808,-0.011780000000000007,"13.048545455","16.756909091","3.708363636",,,
670329,"Garcia, Rico","BAL",2022,2022,"All",0.027944970665169613,0.045842523012316894,59,0.01694915254237288,1,0,0,0,0,1,0,-0.14857997972539522,0.12813548135610817,"12.502189655","15.455310345","2.95312069","12.053","22.067","10.014"
663629,"Small, Ethan","MIL",2022,2022,"All",0.027613085328326546,,53,0,0,0,0,0,0,0,0,0.3784554266416327,-0.10683999999999995,"11.18688","14.10478","2.9179",,,
572816,"Dickerson, Corey","STL",2022,2022,"All",0.0046125,,9,0,0,0,0,0,0,0,0,0.04797000000000001,-0.011070000000000003,"10.183444444","12.612222222","2.428777778",,,
664062,"Gonsolin, Tony","LAD",2022,2022,"All",0.13955145686298992,0.3472397339369811,623,0.008025682182985553,4,1,0,0,0,4,1,0.7799521275584715,-0.03653104144156438,"11.605045918","15.89285034","4.287804422","11.0872","20.7434","9.6562"
572125,"Selman, Sam","OAK",2022,2022,"All",0.00908785546514102,,86,0,0,0,0,0,0,0,0,0.41747677732570515,-0.16535000000000005,"11.861289157","14.086951807","2.225662651",,,
528748,"Castellanos, Humberto","AZ",2022,2022,"All",0.48642171083684577,0.5124988262364303,275,0.0036363636363636364,1,0,0,0,0,1,0,2.8817229477357342,-0.1998286193562238,"11.444526923","14.395511538","2.950984615","10.366","16.323","5.957"
670032,"Lopez, Nicky","KC",2022,2022,"All",0.0035224706994328816,,3,0,0,0,0,0,0,0,0,0.06121735349716441,-0.01938,"13.752","16.292666667","2.540666667",,,
477132,"Kershaw, Clayton","LAD",2022,2022,"All",0.6246289369063925,0.5388150568268086,570,0.005263157894736842,2,1,1,1,0,3,2,1.1484746690460712,0.8776311179937293,"11.370425926","13.731222222","2.360796296","11.817","22.537","10.72"
543901,"Weber, Ryan","NYY",2022,2022,"All",0.4930395086754714,0.13810905321099257,19,0.05263157894736842,0,1,1,0,0,0,2,-0.4973825647338923,1.3167022702716673,"10.175176471","12.414","2.238823529","11.14","19.977","8.837"
606273,"Elías, Roenis","SEA",2022,2022,"All",0.014925738426491253,,34,0,0,0,0,0,0,0,0,0.34879119213245635,-0.12184999999999996,"11.546030303","14.401575758","2.855545455",,,
446372,"Kluber, Corey","TB",2022,2022,"All",0.02203118147773417,0.28472409646459584,739,0.012178619756427604,4,5,0,0,0,4,5,0.07232124105443054,0.016815407259664295,"11.425568768","15.76530659","4.339737822","12.518777778","22.132","9.613222222"
676766,"Snyder, Nick","TEX",2022,2022,"All",0.006035782859324631,,12,0,0,0,0,0,0,0,0,0.10361891429662318,-0.03264000000000001,"9.894","16.3493","6.4553",,,
676083,"Junk, Janson","LAA",2022,2022,"All",0.016714711601255386,,58,0,0,0,0,0,0,0,0,0.5168335580062768,-0.19255999999999995,"11.412944444","15.125037037","3.712092593",,,
656546,"Hoffman, Jeff","CIN",2022,2022,"All",-0.35033975777939774,-0.19959978711955242,281,0.03202846975088968,5,4,0,0,0,5,4,-4.71201292364146,1.3156951709975442,"11.907278431","16.865541176","4.958262745","11.209777778","23.294444444","12.084666667"
661403,"Clase, Emmanuel","CLE",2022,2022,"All",-0.20738256314973535,-0.15685796665367976,251,0.01593625498007968,4,0,0,0,0,4,0,-1.4085540598258404,0.16517388625652013,"12.871348178","16.521639676","3.650291498","11.4065","23.25725","11.85075"
670124,"Oller, Adam","OAK",2022,2022,"All",0.657112802141189,0.08586478216560056,478,0.0020920502092050207,1,0,1,0,0,1,1,2.8695148107790827,0.18491075552305036,"11.321567198","15.427681093","4.106113895","10.811","21.682","10.871"
667725,"Tyler, Kyle","SD",2022,2022,"All",0.0013614390857691668,,11,0,0,0,0,0,0,0,0,0.09097969542884593,-0.03741000000000004,"12.01","14.727545455","2.717545455",,,
642701,"Santana, Dennis","TEX",2022,2022,"All",0.37126372549929293,-0.37336045353470204,434,0.004608294930875576,2,0,1,0,0,2,1,1.5257394957662704,0.1469240585467524,"11.536995272","15.910555556","4.373560284","10.823","25.181","14.358"
665152,"Kremer, Dean","BAL",2022,2022,"All",0.8296510039321923,0.41531567553396265,687,0.010189228529839884,4,3,1,0,0,4,4,1.6821025782152232,1.0960677517536659,"11.33412709","15.120458194","3.786331104","11.939428571","21.615","9.675571429"
650644,"Civale, Aaron","CLE",2022,2022,"All",0.2541969193035424,0.19395988519953106,466,0.017167381974248927,7,1,1,0,0,7,2,-2.2067745142302666,1.5456707158879932,"11.732785553","15.578273138","3.845487585","11.88225","21.806375","9.924125"
592094,"Adam, Jason","TB",2022,2022,"All",-1.1643159366515141,-1.224870346575358,365,0.021917808219178082,8,0,0,0,0,8,0,-4.917324211919894,-0.4018913205945286,"11.744660494","16.540691358","4.796030864","12.211125","27.10675","14.895625"
570488,"Valdez, Phillips","BOS",2022,2022,"All",-0.1168786174450556,0.10102635065257601,129,0.015503875968992248,2,0,0,1,0,3,0,-1.484225196544049,0.3999253819194546,"12.210228346","16.261251969","4.051023622","10.998","22.246","11.248"
608703,"Reynolds, Matt","CIN",2022,2022,"All",-0.00009407246376811614,,3,0,0,0,0,0,0,0,0,0.004164637681159418,-0.0020599999999999993,"11.379333333","13.102","1.722666667",,,
669674,"Long, Sam","SF",2022,2022,"All",0.08584996376327465,,195,0,0,0,0,0,0,0,0,1.7691698188163736,-0.5955199999999993,"11.238694301","12.694316062","1.455621762",,,
542888,"Armstrong, Shawn","TB",2022,2022,"All",0.19088403072800703,0.07884851418462571,396,0.007575757575757576,2,1,0,0,0,2,1,1.083734595537425,-0.057473085287728654,"12.378305128","15.665207692","3.286902564","10.795","22.460333333","11.665333333"
617228,"Sawamura, Hirokazu","BOS",2022,2022,"All",0.4349904046190473,0.5656299304848585,365,0.005479452054794521,1,1,0,0,0,1,1,1.5913361389426195,0.25938483740116564,"12.466344023","15.710180758","3.243836735","10.92","18.022","7.102"
623485,"Goudeau, Ashton","COL",2022,2022,"All",-0.0023941773278811714,0.023054322243336728,147,0.006802721088435374,1,0,0,0,0,1,0,0.19354752763054506,-0.09134151745331145,"11.96342029","16.029043478","4.065623188","6.462","19.594","13.132"
656302,"Cease, Dylan","CWS",2022,2022,"All",0.4215631762536336,0.6129052685298373,1108,0.011732851985559567,8,5,1,1,0,9,6,-0.8937987392810791,1.3340509424663336,"11.389105005","15.800999019","4.411894014","11.966384615","22.009769231","10.043384615"
663903,"Singer, Brady","KC",2022,2022,"All",0.21960295128098095,0.48680169640765825,699,0.00715307582260372,2,3,0,1,0,3,3,1.7183226390980222,-0.2756923923080522,"11.206157353","14.630755882","3.424598529","11.451","20.7514","9.3004"
664942,"Naile, James","STL",2022,2022,"All",0.02590307935450061,,41,0,0,0,0,0,0,0,0,0.4590953967725029,-0.14648,"11.103073171","15.775268293","4.672195122",,,
605538,"Wisler, Matt","TB",2022,2022,"All",-0.04150090909841307,-0.21842832194864492,255,0.011764705882352941,3,0,0,0,0,3,0,-0.9301401449218786,0.3211713775243615,"12.820417671","17.081321285","4.260903614","10.922666667","22.752666667","11.83"
543294,"Hendricks, Kyle","CHC",2022,2022,"All",-0.8708465440115646,-0.8237595238563751,491,0.02240325865580448,9,2,0,0,0,9,2,-4.42796795676206,0.03277121631299415,"11.386112644","16.040889655","4.654777011","11.565","23.394454545","11.829454545"
661255,"López, Yoan","NYM",2022,2022,"All",-0.07581276933589705,-0.05206953529732494,81,0.012345679012345678,1,0,0,0,0,1,0,-0.33783974284726176,-0.01832182392543242,"11.71672","15.729213333","4.012493333","12.5","24.024","11.524"
665896,"Marte, José","LAA",2022,2022,"All",-0.19129535797494154,-0.24692362470780188,101,0.019801980198019802,2,0,0,0,0,2,0,-1.0350108436203398,0.03490402388694672,"12.52792","16.21584","3.68792","12.7585","24.2725","11.514"
502085,"Robertson, David","PHI",2022,2022,"All",0.007917927389316584,-0.14366204064274063,386,0.0025906735751295338,0,1,0,0,0,0,1,2.2653893778059913,-0.9892443292708485,"10.974315068","15.217049315","4.242734247","13.443","26.307","12.864"
669923,"Kirby, George","SEA",2022,2022,"All",0.28589744786636656,0.5927321091949159,768,0.015625,8,4,0,0,0,8,4,-1.7936873761268208,1.4325220513149663,"11.33962465","15.372368347","4.032743697","11.998","22.481916667","10.483916667"
623474,"Herget, Jimmy","LAA",2022,2022,"All",0.1582147322627632,0.2930420267802014,377,0.013262599469496022,5,0,0,0,0,5,0,-0.3628899901269812,0.5128727339736863,"11.718166667","15.330701149","3.612534483","10.9262","21.9146","10.9884"
664161,"Swarmer, Matt","CHC",2022,2022,"All",-0.007408752853379219,0.0909536661096958,207,0.014492753623188406,2,1,0,0,0,2,1,-1.0606250904090766,0.45492503384097116,"11.328447059","15.174576471","3.846129412","11.397333333","22.360666667","10.963333333"
621016,"Cuas, Jose","KC",2022,2022,"All",0.5103460772945491,0.5660166317153059,319,0.012539184952978056,3,1,0,0,0,3,1,1.1926439933485298,0.6040383969440966,"11.968825658","15.075878289","3.107052632","13.1415","23.5625","10.421"
643361,"Herget, Kevin","TB",2022,2022,"All",0.001690039567778193,,33,0,0,0,0,0,0,0,0,0.101532697838891,-0.04137000000000004,"10.604757576","13.241515152","2.636757576",,,
592332,"Gausman, Kevin","TOR",2022,2022,"All",-1.414851903426034,-1.2552663137563322,1050,0.02,17,4,1,2,0,19,5,-11.872201046519976,2.13241845750658,"11.350859454","15.420230536","4.069371082","11.835285714","23.775761905","11.94047619"
670288,"Fishman, Jake","MIA",2022,2022,"All",0.005128494256995022,,76,0,0,0,0,0,0,0,0,0.1598324712849753,-0.05964000000000011,"13.052789474","15.961210526","2.908421053",,,
608348,"Kelly, Carson","AZ",2022,2022,"All",0.006674282467199617,,32,0,0,0,0,0,0,0,0,0.11410141233599809,-0.03588000000000002,"13.2215","15.678","2.4565",,,
663978,"Paddack, Chris","MIN",2022,2022,"All",0.050951621812969465,,98,0,0,0,0,0,0,0,0,0.8418281090648475,-0.26092000000000004,"13.029564706","16.893352941","3.863788235",,,
573204,"Thielbar, Caleb","MIN",2022,2022,"All",0.2872860375126709,-0.08994329792330868,398,0.007537688442211055,2,1,1,1,0,3,2,0.7719909585776717,0.2953063239936391,"11.923642667","14.075976","2.152333333","10.812333333","19.78","8.967666667"
685503,"Arihara, Kohei","TEX",2022,2022,"All",0.07249590883735398,0.11006643362763915,154,0.006493506493506494,1,0,0,0,0,1,0,0.30055594701286564,0.02752159874395744,"12.337202614","15.970640523","3.633437908","12.088","19.507","7.419"
600921,"Machado, Andrés","WSH",2022,2022,"All",-0.47131556512299844,-0.3306026170753852,384,0.018229166666666668,7,0,0,0,0,7,0,-2.6128695073552306,0.11390741410676757,"11.847330645","16.120543011","4.273212366","12.142571429","24.310285714","12.167714286"
650959,"Diplán, Marcos","BAL",2022,2022,"All",0.007830653948743405,,20,0,0,0,0,0,0,0,0,0.14130326974371707,-0.04540000000000002,"13.08335","15.67105","2.5877",,,
663773,"Hoeing, Bryan","MIA",2022,2022,"All",-0.050974564294439015,-0.05934715875731994,104,0.009615384615384616,1,0,0,0,0,1,0,0.21902407279386374,-0.2106208418960263,"11.58827","14.92845","3.34018","13.125","21.379","8.254"
621242,"Díaz, Edwin","NYM",2022,2022,"All",-1.084798690384109,-0.9208680267167662,330,0.02727272727272727,7,2,0,0,0,7,2,-5.314743812144775,-0.048555395455899125,"11.659659306","16.742179811","5.082520505","13.208888889","26.714888889","13.506"
453286,"Scherzer, Max","NYM",2022,2022,"All",0.25191449080517275,0.34572437152700725,536,0.013059701492537313,3,4,0,0,0,3,4,-0.9221179937662713,0.9696401990187267,"11.547619691","15.675907336","4.128287645","11.740428571","21.877571429","10.137142857"
664092,"Poppen, Sean","AZ",2022,2022,"All",0.5080816425487873,0.03823131133599117,169,0.005917159763313609,0,1,1,0,0,0,2,0.4623389202137878,0.92358635223562,"12.232793939","15.72230303","3.489509091","10.641","19.391","8.75"
642060,"Sedlock, Cody","BAL",2022,2022,"All",0.004056329799116464,,27,0,0,0,0,0,0,0,0,0.19447664899558237,-0.07742000000000007,"10.114884615","13.705307692","3.590423077",,,
607481,"Bummer, Aaron","CWS",2022,2022,"All",-0.19766883307770314,-0.1736858798305171,235,0.00851063829787234,2,0,0,0,0,2,0,-0.36312597527530305,-0.27787475116142824,"11.437268398","13.91561039","2.478341991","12.3735","27.726","15.3525"
608648,"Duffey, Tyler","MIN",2022,2022,"All",0.531184991033735,0.8307011267203684,278,0.007194244604316547,1,1,0,0,0,1,1,1.1886123607848325,0.6521389308372628,"11.289845588","14.713397059","3.423551471","10.859","16.6225","5.7635"
607455,"Banda, Anthony","NYY",2022,2022,"All",0.20207163066547462,0.3839546594931472,214,0.009345794392523364,1,1,0,0,0,1,1,-0.14149814135119154,0.5119361309682511,"12.019237864","14.735305825","2.716067961","10.2075","19.3205","9.113"
595939,"Ellis, Chris","BAL",2022,2022,"All",-0.031630948799818766,-0.02277101069760029,46,0.043478260869565216,2,0,0,0,0,2,0,-1.1528581888196578,0.4420904199202503,"12.801184211","17.261973684","4.460789474","10.594","20.5665","9.9725"
621112,"Blackburn, Paul","OAK",2022,2022,"All",0.12403386725695684,0.03771318416045122,520,0.025,12,1,1,0,0,12,2,-4.913995066335243,2.4596286233866795,"11.707667382","16.125748927","4.418081545","11.254307692","21.538230769","10.283923077"
674681,"Plassmeyer, Michael","PHI",2022,2022,"All",0.011320128083987139,,27,0,0,0,0,0,0,0,0,0.2409431404199358,-0.08193,"10.376037037","13.267444444","2.891407407",,,
666808,"Doval, Camilo","SF",2022,2022,"All",0.002399553576572353,-0.1844764099821397,426,0.007042253521126761,2,1,0,0,0,2,1,0.9487461029639617,-0.4163325933693797,"11.683693627","15.454764706","3.771071078","12.858333333","25.142","12.283666667"
661563,"Gil, Luis","NYY",2022,2022,"All",0.4680727450614802,,38,0,0,0,1,0,0,0,1,0.3852937253074009,0.86892,"11.084","15.091575758","4.007575758",,,
612434,"Castro, Miguel","NYY",2022,2022,"All",-0.07643284906737094,-0.04236856769630559,242,0.012396694214876033,2,1,0,0,0,2,1,-0.8239784254852112,0.19636185784371413,"11.911012766","16.341855319","4.430842553","11.211333333","23.274666667","12.063333333"
571946,"Miller, Shelby","SF",2022,2022,"All",0.006374397770308178,,40,0,0,0,0,0,0,0,0,0.21677698885154098,-0.08218000000000003,"11.811742857","16.684285714","4.872542857",,,
548384,"Raley, Brooks","TB",2022,2022,"All",0.15104038205502976,,271,0,0,0,0,0,0,0,0,2.3952719102751496,-0.7289200000000002,"11.007422925","13.023695652","2.016272727",,,
657585,"Garrett, Reed","WSH",2022,2022,"All",0.025281630191626034,0.03588557807170731,111,0.009009009009009009,0,1,0,0,0,0,1,0.42347000301508186,-0.13202748980308987,"11.241194444","14.908185185","3.666990741","11.125","21.34","10.215"
606993,"Hager, Jake","AZ",2022,2022,"All",0.00676264529613386,,12,0,0,0,0,0,0,0,0,0.1686332264806694,-0.05992000000000003,"13.82375","17.0255","3.20175",,,
641712,"Hudson, Dakota","STL",2022,2022,"All",1.0339721522584435,1.07256213122647,887,0.007891770011273957,4,3,0,0,0,4,3,5.061672495455692,0.048083673705122565,"11.536161567","15.182816401","3.646654835","11.243285714","20.886","9.642714286"
669270,"Kuhnel, Joel","CIN",2022,2022,"All",-0.07533965632592848,-0.112324314196592,353,0.0056657223796034,2,0,0,0,0,2,0,0.47868336594532485,-0.38016962114442887,"11.716471976","15.94959292","4.233120944","11.9015","22.5655","10.664"
622766,"Díaz, Miguel","DET",2022,2022,"All",-0.042013787531242804,0.0018202088049872889,18,0.05555555555555555,1,0,0,0,0,1,0,-0.6188791458539522,0.18169342586566128,"10.4612","15.403666667","4.942466667","13.54","22.213","8.673"
598265,"Bradley Jr., Jackie","TOR",2022,2022,"All",-0.0009712877582708592,,21,0,0,0,0,0,0,0,0,0.012018561208645705,-0.0075,"12.670857143","15.846238095","3.175380952",,,
518516,"Bumgarner, Madison","AZ",2022,2022,"All",-1.0953153448769832,-1.547639912744153,964,0.011410788381742738,9,2,0,0,0,9,2,-4.319715835732989,-0.5141603949564111,"11.700383146","14.647231461","2.946848315","12.496363636","28.754363636","16.258"
605488,"Springs, Jeffrey","TB",2022,2022,"All",-0.7506508728970521,-0.9275375139764028,727,0.0068775790921595595,4,1,0,1,0,5,1,0.5401848667466664,-1.908195213880859,"11.822106447","14.648889055","2.826782609","11.8032","26.9662","15.163"
657240,"Merryweather, Julian","TOR",2022,2022,"All",0.059313624781997976,0.10658892156401568,159,0.012578616352201259,2,0,0,0,0,2,0,0.4622819767705017,-0.07365060127133793,"11.329520548","14.690054795","3.360534247","12.3645","20.609","8.2445"
424144,"Pérez, Oliver","AZ",2022,2022,"All",0.0013429824570311063,,25,0,0,0,0,0,0,0,0,0.09455491228515553,-0.03904,"11.831173913","15.141173913","3.31",,,
570632,"Ureña, José","COL",2022,2022,"All",0.2734779393402141,0.6968240057076543,608,0.013157894736842105,7,1,0,0,0,7,1,0.9040534831108212,0.2059272060401124,"11.166873418","15.402587703","4.235714286","12.62725","24.750625","12.123375"
641302,"Alexander, Tyler","DET",2022,2022,"All",-0.3944743626430789,-0.3198939329073592,545,0.01651376146788991,7,2,0,0,0,7,2,-1.8592062453525318,-0.050295807939050585,"11.775993988","14.193893788","2.4178998","12.144222222","24.337444444","12.193222222"
669169,"Heasley, Jonathan","KC",2022,2022,"All",0.8102872265241932,0.11579341504115301,653,0.0030627871362940277,1,1,1,0,0,1,2,5.717214956470897,-0.7403461439332957,"11.181523577","14.809413008","3.627889431","11.463","18.8415","7.3785"
607609,"Ladwig, A.J.","MIA",2022,2022,"All",0.0008223168536461878,,8,0,0,0,0,0,0,0,0,0.046344084268231,-0.018770000000000023,"11.414666667","14.745833333","3.331166667",,,
594580,"Moll, Sam","OAK",2022,2022,"All",-0.28296906854646836,-0.2418157901730351,305,0.009836065573770493,2,1,0,0,0,2,1,0.49018224997981213,-0.8466789300942889,"11.389503759","13.769484962","2.379981203","12.869333333","29.537","16.667666667"
622065,"Young, Alex","SF",2022,2022,"All",0.15169057065764788,0.09380549327447762,214,0.004672897196261682,1,0,0,0,0,1,0,1.6821928045019747,-0.4105510894283262,"11.69434466","14.155082524","2.460737864","16.636","28.285","11.649"
605525,"Wendelken, J.B.","AZ",2022,2022,"All",-0.02818085343246103,0.16158694376938562,194,0.020618556701030927,2,2,0,0,0,2,2,-1.1180978750190882,0.43430827015857215,"11.415261111","15.196283333","3.781022222","12.841","23.94675","11.10575"
672335,"Pérez, Cionel","BAL",2022,2022,"All",0.33935811846623454,0.5290169712651014,357,0.0056022408963585435,1,1,0,0,0,1,1,1.3677506974916394,0.14623995326201505,"11.830724928","14.810295129","2.979570201","11.3035","22.5025","11.199"
622379,"Castillo, Luis F.","DET",2022,2022,"All",0.017862044696018993,,10,0,0,0,0,0,0,0,0,0.24951022348009502,-0.07120000000000001,"10.4674","14.3554","3.888",,,
664353,"Urquidy, José","HOU",2022,2022,"All",-0.15302815013311488,0.201330286358582,955,0.012565445026178011,9,3,0,0,0,9,3,-2.0484181219768103,0.570345498360554,"11.471012415","15.522768623","4.051756208","11.271083333","21.3795","10.108416667"
660813,"Graterol, Brusdar","LAD",2022,2022,"All",0.3411901386856461,0.5741250448436912,215,0.004651162790697674,1,0,0,0,0,1,0,1.1701361100852723,0.2381398148190919,"11.86083","15.0718","3.21097","18.954","27.057","8.103"
595191,"Eickhoff, Jerad","PIT",2022,2022,"All",0.004326325030269015,,25,0,0,0,0,0,0,0,0,0.22908162515134528,-0.09220000000000012,"10.833954545","16.018681818","5.184727273",,,
405395,"Pujols, Albert","STL",2022,2022,"All",-0.0007355907491201604,,11,0,0,0,0,0,0,0,0,0.012972046254399197,-0.0073999999999999995,"11.033454545","13.005636364","1.972181818",,,
678394,"Bello, Brayan","BOS",2022,2022,"All",0.08653328626435683,0.05056463881531442,422,0.0071090047393364926,2,1,0,0,0,2,1,1.6274525482434212,-0.531016051965172,"11.644255583","15.702057072","4.057801489","13.241","25.462333333","12.221333333"
663804,"Kowar, Jackson","KC",2022,2022,"All",0.06449452164776358,,110,0,0,0,0,0,0,0,0,1.0065176082388174,-0.30402,"11.450118182","15.192309091","3.742190909",,,
646242,"Díaz, Jhonathan","LAA",2022,2022,"All",-0.009509885351155264,-0.010180415595250403,73,0.0136986301369863,1,0,0,0,0,1,0,-0.17965264793999283,0.05871254274854121,"11.767731343","14.479328358","2.711597015","8.558","21.166","12.608"
683769,"Gaddis, Hunter","CLE",2022,2022,"All",0.011021421469309131,,47,0,0,0,0,0,0,0,0,0.24178960734654567,-0.08297000000000003,"11.808297872","14.671191489","2.862893617",,,
657265,"Strzelecki, Peter","MIL",2022,2022,"All",-0.029292901172840446,-0.04854579979072288,257,0.0038910505836575876,1,0,0,0,0,1,0,0.7629947629156096,-0.4042041194576933,"11.646891129","15.405951613","3.759060484","12.808","21.854","9.046"
658431,"Medina, Adonis","NYM",2022,2022,"All",-0.017730108825144242,0.11117614333883147,146,0.02054794520547945,2,1,0,0,0,2,1,-1.058052839651514,0.43084546467813206,"12.60880597","16.155156716","3.546350746","11.155333333","21.583333333","10.428"
655889,"Rodríguez, Manuel","CHC",2022,2022,"All",0.0234100447814008,,77,0,0,0,0,0,0,0,0,0.5065927239070039,-0.17313000000000014,"11.755694444","15.539875","3.784180556",,,
670712,"Brosseau, Mike","MIL",2022,2022,"All",0.0034493896772331296,,17,0,0,0,0,0,0,0,0,0.07572444838616563,-0.025989999999999985,"11.926411765","14.691176471","2.764764706",,,
682847,"Ortiz, Luis L.","PIT",2022,2022,"All",0.046293371991423964,,111,0,0,0,0,0,0,0,0,1.0481718599571201,-0.3629800000000004,"10.591663462","13.75625","3.164586538",,,
622072,"Wood, Alex","SF",2022,2022,"All",0.5362280954557351,0.5497272045565201,744,0.002688172043010753,0,2,0,0,0,0,2,5.273628886621518,-1.1522170708190398,"11.267723433","13.703012262","2.435288828","14.4015","22.017","7.6155"
611093,"Bracho, Silvino","ATL",2022,2022,"All",0.008666242059255456,,10,0,0,0,0,0,0,0,0,0.17023121029627733,-0.056400000000000027,"11.0419","14.4043","3.3624",,,
519326,"Strickland, Hunter","CIN",2022,2022,"All",-0.5585569142757864,0.04495429812272167,420,0.02619047619047619,11,0,0,0,0,11,0,-5.72396732567443,1.3027478907979988,"11.970434896","16.247789063","4.277354167","12.9751","25.0672","12.0921"
663986,"Stephan, Trevor","CLE",2022,2022,"All",-0.7491342990320831,-0.6389223583144061,401,0.022443890274314215,9,0,0,0,0,9,0,-4.82967823963789,0.48178077532331987,"12.380300518","16.711443005","4.331142487","12.657555556","25.248666667","12.591111111"
663436,"Martin, Davis","CWS",2022,2022,"All",0.7556499109185123,0.3774850163576675,398,0.010050251256281407,4,0,1,0,0,4,1,0.9274930040078188,1.2670029113710028,"11.391401662","15.366249307","3.974847645","11.58325","20.76975","9.1865"
672578,"Hernández, Carlos","KC",2022,2022,"All",-0.1842165706010201,-0.17355218569926817,398,0.010050251256281407,3,1,0,0,0,3,1,0.35710204768215603,-0.5680821780832214,"11.153941799","15.371314815","4.217373016","13.95025","26.94575","12.9955"
664076,"Cleavinger, Garrett","TB",2022,2022,"All",0.049402722473290375,,122,0,0,0,0,0,0,0,0,1.150343612366452,-0.4014799999999998,"10.699214286","12.314053571","1.614839286",,,
656420,"Feyereisen, J.P.","TB",2022,2022,"All",0.004997807980005931,,81,0,0,0,0,0,0,0,0,0.3933815399000295,-0.16373000000000013,"11.818291139","15.764772152","3.946481013",,,
615698,"Quantrill, Cal","CLE",2022,2022,"All",-0.9174644399283609,-1.0743022716613493,976,0.014344262295081968,12,2,0,0,0,12,2,-3.0657725195239784,-0.676244302274585,"11.844497303","16.350898598","4.506401294","12.043214286","24.523714286","12.4805"
641447,"Castano, Daniel","MIA",2022,2022,"All",0.2691231621933885,0.30105525054404597,240,0.004166666666666667,0,1,0,0,0,0,1,1.0156295983400176,0.14666053894530034,"11.886312217","14.807190045","2.920877828","10.334","19.668","9.334"
677960,"Weathers, Ryan","SD",2022,2022,"All",0.004301526175621633,,33,0,0,0,0,0,0,0,0,0.17288763087810827,-0.06728000000000006,"12.005","14.274","2.269",,,
656427,"Flaherty, Jack","STL",2022,2022,"All",0.13039905209013858,,258,0,0,0,0,0,0,0,0,2.256200260450694,-0.7129800000000005,"11.587556911","15.412304878","3.824747967",,,
665665,"Sanmartin, Reiver","CIN",2022,2022,"All",0.24296534350906215,0.5676843605011658,396,0.0025252525252525255,1,0,0,1,0,2,0,1.6908726890744852,-0.21157598734630062,"11.539599469","14.19202122","2.652421751","11.094","12.678","1.584"
671790,"Bolaños, Ronald","KC",2022,2022,"All",0.10224942141338049,0.233413000178162,98,0.02040816326530612,0,2,0,0,0,0,2,-0.6159195451328475,0.5009629565332226,"11.133168421","14.3174","3.184231579","11.9725","19.0705","7.098"
656605,"Keller, Mitch","PIT",2022,2022,"All",-0.3281077392575178,-0.2792658668556219,988,0.01417004048582996,11,3,0,0,0,11,3,-2.524878473133934,0.39303990082060086,"11.469844046","15.75389568","4.284051633","11.834428571","23.643785714","11.809357143"
670036,"Festa, Matt","SEA",2022,2022,"All",0.24482289321648032,0.4199664043595965,297,0.016835016835016835,4,1,0,0,0,4,1,-0.45935607801441447,0.7482091307097013,"11.819637631","15.622313589","3.802675958","11.3178","20.4732","9.1554"
606424,"García, Jarlín","SF",2022,2022,"All",-0.19145735066034775,-0.3136165772757493,365,0.005479452054794521,2,0,0,0,0,2,0,1.5785969840820375,-1.1270594388372284,"11.162717325","13.496115502","2.333398176","11.752","26.0945","14.3425"
630023,"Chirinos, Yonny","TB",2022,2022,"All",0.018298102104770862,,54,0,0,0,0,0,0,0,0,0.30139301052385437,-0.09329000000000004,"12.625092593","15.594537037","2.969444444",,,
548389,"Stripling, Ross","TOR",2022,2022,"All",0.05140438590299967,0.14061940670884054,575,0.01565217391304348,6,3,0,0,0,6,3,-1.6344593904884697,0.8406583644459876,"11.299746812","15.064114754","3.764367942","11.645","21.436666667","9.791666667"
661527,"Martinez, Seth","HOU",2022,2022,"All",-0.0074772451338424376,0.017586820973573836,230,0.008695652173913044,1,1,0,0,0,1,1,0.3146289878343762,-0.1564512060015943,"11.52115493","15.378126761","3.856971831","10.55","21.335","10.785"
519293,"Smith, Will","HOU",2022,2022,"All",-1.1385541014698597,-0.5340497080508941,310,0.01935483870967742,4,2,0,3,0,7,2,-5.809981018263029,0.05209356040610158,"11.463244068","14.514447458","3.05120339","11.317166667","25.958333333","14.641166667"
656578,"Jackson, Andre","LAD",2022,2022,"All",0.011079906605029612,,74,0,0,0,0,0,0,0,0,0.44257953302514774,-0.17207999999999987,"11.637914286","15.350742857","3.712828571",,,
676684,"Vest, Will","DET",2022,2022,"All",0.750550597534168,1.2296380971470364,421,0.011876484560570071,1,4,0,0,0,1,4,1.0522794715346628,1.2002104516160603,"12.108235443","15.016397468","2.908162025","12.1818","20.25","8.0682"
656061,"Abreu, Albert","NYY",2022,2022,"All",0.5525790193471424,-0.023382003664923573,298,0.003355704697986577,0,1,1,0,0,0,2,2.3809077442992477,0.1697721566384277,"11.604996324","15.056121324","3.451125","10.682","21.202","10.52"
592789,"Syndergaard, Noah","PHI",2022,2022,"All",-2.476126162062502,-2.910679646354454,732,0.03551912568306011,25,1,1,0,0,25,2,-17.35685617501823,2.21165571764697,"11.683318182","16.979737879","5.296419697","12.436269231","26.425923077","13.989653846"
668834,"McGee, Easton","TB",2022,2022,"All",0.015488144640127249,,29,0,0,0,0,0,0,0,0,0.28777072320063646,-0.09348000000000006,"10.864535714","14.194928571","3.330392857",,,
667463,"King, John","TEX",2022,2022,"All",-0.48225083460120227,-0.593709887084519,317,0.012618296529968454,4,0,0,0,0,4,0,-1.2690120218563026,-0.5076631782887592,"11.798496667","14.56271","2.764213333","12.651","27.13425","14.48325"
592848,"Weiss, Zack","LAA",2022,2022,"All",-0.06268774020328333,-0.05774683027461211,74,0.02702702702702703,2,0,0,0,0,2,0,-1.0567930230763345,0.33037969869329686,"11.507367647","15.486191176","3.978823529","12.2045","22.1725","9.968"
571901,"Loup, Aaron","LAA",2022,2022,"All",-0.30395665680990885,-0.16749118881573125,379,0.0079155672823219,3,0,0,0,0,3,0,0.36491607178220753,-0.8376441581474473,"11.381005618","14.207216292","2.826210674","14.83","31.823666667","16.993666667"
641745,"Keller, Brad","KC",2022,2022,"All",0.10301191794764637,0.2893663776120905,790,0.007594936708860759,4,2,0,0,0,4,2,1.2679105970518347,-0.3346004476949348,"11.334690314","15.585058663","4.250368349","13.095","22.45","9.355"
641907,"Murphy, Patrick","WSH",2022,2022,"All",0.01713611171773042,,76,0,0,0,0,0,0,0,0,0.3798905585886523,-0.13076000000000004,"12.583644737","16.331960526","3.748315789",,,
608686,"Mayfield, Jack","LAA",2022,2022,"All",0.0011337576736672045,,4,0,0,0,0,0,0,0,0,0.047608788368336055,-0.018640000000000014,"12.51825","14.78525","2.267",,,
663989,"Vespi, Nick","BAL",2022,2022,"All",-0.1578552157942091,-0.0370877659940964,217,0.013824884792626729,3,0,0,0,0,3,0,-0.5229873300002543,-0.11835055509812856,"11.40697","14.38356","2.97659","12.137333333","26.172","14.034666667"
592662,"Ray, Robbie","SEA",2022,2022,"All",-1.6013327112159472,-1.5582899149595109,906,0.018763796909492272,14,3,0,0,0,14,3,-7.441788513650104,-0.2510555744131684,"11.28068024","14.386213174","3.105532934","11.998058824","26.128588235","14.130529412"
606115,"Arcia, Orlando","ATL",2022,2022,"All",-0.0003769184549356234,,6,0,0,0,0,0,0,0,0,0.039425407725321916,-0.018360000000000015,"12.816166667","15.372833333","2.556666667",,,
681799,"Roberts, Ethan","CHC",2022,2022,"All",0.018825409302739488,,71,0,0,0,0,0,0,0,0,0.4436195465136977,-0.15533000000000002,"13.079928571","17.213514286","4.133585714",,,
642068,"Sheffield, Jordan","COL",2022,2022,"All",-0.00041207451338941097,,16,0,0,0,0,0,0,0,0,0.03942962743305297,-0.01844000000000001,"11.5538","15.1318","3.578",,,
502042,"Archer, Chris","MIN",2022,2022,"All",0.1453273879080827,0.23662115444927564,550,0.007272727272727273,3,1,0,0,0,3,1,1.346421598486798,-0.27545984842061444,"11.503558659","15.21961825","3.71605959","10.898","20.71325","9.81525"
656849,"Peterson, David","NYM",2022,2022,"All",1.910907264083821,0.48571811407363874,714,0.0014005602240896359,1,0,3,0,0,1,3,5.071564085427106,1.99243210444089,"11.30426003","13.930304606","2.626044577","9.614","16.644","7.03"
606965,"Devenski, Chris","PHI",2022,2022,"All",-0.4893166112093159,-0.36870324028144896,101,0.0297029702970297,3,0,0,0,0,3,0,-2.0953239526807272,-0.15611515705149004,"13.371258065","17.460193548","4.088935484","12.860333333","30.512","17.651666667"
607259,"Martinez, Nick","SD",2022,2022,"All",0.8492268365944435,0.3831983864272241,672,0.00744047619047619,4,1,1,0,0,4,2,2.055494214817635,0.9736177636242603,"11.720916533","15.482287319","3.761370787","12.508","20.85","8.342"
642232,"Yarbrough, Ryan","TB",2022,2022,"All",-0.6385032843091316,-0.41092379348546826,549,0.014571948998178506,6,2,0,0,0,6,2,-2.3980887711833514,-0.3530789557165817,"11.832779762","14.242452381","2.409672619","12.171125","22.338","10.166875"
600917,"Leclerc, José","TEX",2022,2022,"All",-0.44780163777141097,-0.43532931276505005,336,0.011904761904761904,4,0,0,0,0,4,0,-1.3494239254946145,-0.3953707837166399,"12.303848943","16.456178248","4.152329305","13.81075","25.83325","12.0225"
656529,"Hentges, Sam","CLE",2022,2022,"All",0.19647529280210382,0.40522621440805767,271,0.025830258302583026,6,1,0,0,0,6,1,-2.0524930108269617,1.3488308777055313,"12.035825095","14.963539924","2.927714829","11.672428571","22.299571429","10.627142857"
571800,"Hutchison, Drew","DET",2022,2022,"All",0.11771067582633898,-0.5899868965830423,741,0.010796221322537112,7,1,1,0,0,7,2,0.6099757274821705,-0.009521043711355093,"11.456304414","15.767138508","4.310834094","12.7065","24.715625","12.009125"
661309,"Martínez, Adrián","OAK",2022,2022,"All",-0.09695942250904764,0.0765402856992499,363,0.011019283746556474,2,2,0,0,0,2,2,-0.40201551282995784,-0.03679182209567711,"10.92163522","15.279226415","4.357591195","11.4295","23.5775","12.148"
453178,"Kennedy, Ian","AZ",2022,2022,"All",0.09509604814641878,0.15122405359499885,360,0.011111111111111112,3,1,0,0,0,3,1,0.16958488885558587,0.13595348972289328,"11.830979104","15.764429851","3.933450746","11.819","24.48625","12.66725"
668881,"Greene, Hunter","CIN",2022,2022,"All",0.5347151582716095,0.7869265466787565,811,0.012330456226880395,8,2,0,0,0,8,2,1.090916873144952,0.7034039636502698,"11.319994543","15.610959072","4.290964529","11.5638","22.3102","10.7464"
642165,"VanMeter, Josh","PIT",2022,2022,"All",0.021554643423087414,,36,0,0,0,0,0,0,0,0,0.34643071711543705,-0.10607000000000005,"11.022685714","13.399542857","2.376857143",,,
676714,"Hughes, Brandon","CHC",2022,2022,"All",0.17288735827194396,,409,0,0,0,0,0,0,0,0,3.1526867913597174,-1.0169999999999997,"11.87192562","14.110567493","2.238641873",,,
573124,"Rogers, Taylor","MIL",2022,2022,"All",-0.18607415897054225,-0.10215035152253582,419,0.00954653937947494,4,0,0,0,0,4,0,0.0010211713002001854,-0.41395198495684954,"11.816352792","14.425619289","2.609266497","13.09325","27.07275","13.9795"
656794,"Newcomb, Sean","CHC",2022,2022,"All",0.20885374983798272,0.08298687836868585,201,0.014925373134328358,2,1,0,0,0,2,1,-0.3571713631941394,0.6228622721706903,"11.438461929","14.309274112","2.870812183","11.811","26.542333333","14.731333333"
656290,"Carlton, Drew","DET",2022,2022,"All",0.04234033057954246,,34,0,0,0,0,0,0,0,0,0.6628941528977125,-0.20053000000000012,"12.812121212","15.551090909","2.738969697",,,
669854,"Blanco, Ronel","HOU",2022,2022,"All",0.02006575152030386,,49,0,0,0,0,0,0,0,0,0.35034875760151946,-0.11112000000000002,"13.211734694","16.725938776","3.514204082",,,
669622,"Bender, Anthony","MIA",2022,2022,"All",0.2648344526391033,-0.1940995728079889,91,0.02197802197802198,2,0,1,0,0,2,1,-0.9761793349364436,1.022378488058652,"10.826759494","15.525177215","4.698417722","12.683","23.653","10.97"
663753,"Knehr, Reiss","SD",2022,2022,"All",0.009677220794628235,,96,0,0,0,0,0,0,0,0,0.49003860397314203,-0.19629000000000027,"12.038","15.485882979","3.447882979",,,
642851,"Wynns, Austin","SF",2022,2022,"All",0.006117484001329754,,10,0,0,0,0,0,0,0,0,0.10179992000664881,-0.03165000000000002,"11.64125","13.1155","1.47425",,,
622786,"Tinoco, Jesus","TEX",2022,2022,"All",-0.04409832082403828,0.024206840152193806,144,0.013888888888888888,2,0,0,0,0,2,0,-0.32412846478486057,0.04606082696207431,"11.236438849","15.358798561","4.122359712","10.87","21.7075","10.8375"
644364,"Arano, Víctor","WSH",2022,2022,"All",-0.4404361980513312,-0.3289985038443638,269,0.01858736059479554,4,1,0,0,0,4,1,-2.6002941475881673,0.17693918103622414,"12.408784615","16.256307692","3.847523077","12.6462","24.6112","11.965"
643290,"Dunn, Justin","CIN",2022,2022,"All",-0.45882846665848864,-0.4714701468560774,209,0.028708133971291867,5,1,0,0,0,5,1,-3.1577837008366463,0.3838406077974226,"11.946865591","16.194747312","4.24788172","10.972166667","23.206166667","12.234"
641771,"Kuhl, Chad","COL",2022,2022,"All",0.08601436081022823,-0.026633121972999607,880,0.007954545454545454,4,3,0,0,0,4,3,1.5230702363053437,-0.4857770810018657,"11.751805031","16.801696855","5.049891824","11.728285714","23.177571429","11.449285714"
605347,"López, Jorge","MIN",2022,2022,"All",-0.39197005342433056,0.0052807139261925595,480,0.008333333333333333,3,1,0,2,0,5,1,-0.5679064205072604,-0.6186417096063956,"11.849730942","15.809923767","3.960192825","12.625","25.87925","13.25425"
543272,"Hand, Brad","PHI",2022,2022,"All",-0.07471590948054246,-0.2610705609767481,322,0.003105590062111801,1,0,0,0,0,1,0,1.2146101883412181,-0.7058621047750804,"11.94942517","15.233819728","3.284394558","11.804","30.362","18.558"
608328,"De Jong, Chase","PIT",2022,2022,"All",0.8014259746232351,1.3490399379144522,432,0.011574074074074073,3,2,0,0,0,3,2,0.5733230061235972,1.5261363853300394,"12.111877108","15.585893976","3.474016867","12.18","20.6582","8.4782"
605194,"Cotton, Jharel","SF",2022,2022,"All",-0.19490321582176767,-0.22220875009136326,300,0.013333333333333334,3,1,0,0,0,3,1,-0.7269310516440346,-0.11003778998435668,"12.212077193","15.826859649","3.614782456","12.40375","23.84525","11.4415"
649144,"Wells, Alex","BAL",2022,2022,"All",0.006672650880719561,,21,0,0,0,0,0,0,0,0,0.15432325440359776,-0.05376000000000001,"12.0621","15.2208","3.1587",,,
596112,"Stephenson, Robert","PIT",2022,2022,"All",0.5634299235326834,0.7624949879626202,367,0.01634877384196185,3,3,0,0,0,3,3,-0.27765039090438315,1.375466670474579,"11.778707692","15.981723077","4.203015385","13.143333333","21.492666667","8.349333333"
607216,"Krehbiel, Joey","BAL",2022,2022,"All",-0.3203583361921721,-0.4458699079299858,324,0.009259259259259259,2,1,0,0,0,2,1,-0.6801582653229936,-0.4096148513946042,"11.89704698","16.109040268","4.211993289","12.35","23.221666667","10.871666667"
640470,"Alzolay, Adbert","CHC",2022,2022,"All",0.03377107449214271,,35,0,0,0,0,0,0,0,0,0.4325553724607135,-0.11720000000000004,"10.7049375","14.31703125","3.61209375",,,
641582,"Foster, Matt","CWS",2022,2022,"All",0.03516471511624234,0.06095612014363136,304,0.003289473684210526,1,0,0,0,0,1,0,1.139884676287779,-0.4284716003140292,"11.429568027","15.027819728","3.598251701","10.545","20.316","9.771"
670280,"Bednar, David","PIT",2022,2022,"All",-0.2115753843607606,0.023428189319412207,317,0.012618296529968454,4,0,0,1,0,5,0,-1.4332276068779188,0.16682252669960718,"12.005636964","16.444267327","4.438630363","11.8905","20.62525","8.73475"
663465,"Allard, Kolby","TEX",2022,2022,"All",0.043852234506537274,0.018165148520478458,100,0.01,0,1,0,0,0,0,1,-0.08832197425502336,0.13670362079453757,"11.602813187","14.116549451","2.513736264","10.732","22.113","11.381"
624503,"Gordon, Nick","MIN",2022,2022,"All",0.05988757266640392,,43,0,0,0,0,0,0,0,0,0.7869228633320197,-0.21666000000000016,"10.6805","13.847642857","3.167142857",,,
605483,"Snell, Blake","SD",2022,2022,"All",-0.9234088728481847,-1.4340218929014192,727,0.012379642365887207,8,1,0,0,0,8,1,-3.5283334959231096,-0.4838714970301389,"11.697570803","14.908331387","3.210760584","12.331","27.880555556","15.549555556"
607359,"Patton, Spencer","TEX",2022,2022,"All",-0.13833543444045868,-0.032191597835613844,46,0.043478260869565216,2,0,0,0,0,2,0,-1.2956000787030322,0.2684101806669957,"13.042025","18.08155","5.039525","11.9135","22.0085","10.095"
592222,"Claudio, Alex","NYM",2022,2022,"All",0.008520414883617107,,11,0,0,0,0,0,0,0,0,0.17670207441808558,-0.05960000000000003,"11.881571429","13.453571429","1.572",,,
663947,"Holton, Tyler","AZ",2022,2022,"All",0.018245728109319122,,49,0,0,0,0,0,0,0,0,0.3438811405465956,-0.11229000000000004,"12.590340426","15.051191489","2.460851064",,,
669618,"Barlow, Joe","TEX",2022,2022,"All",0.06957934605103903,0.13288247333254444,199,0.005025125628140704,0,1,0,0,0,0,1,1.0151659763382792,-0.2965641093702599,"12.072532663","15.854763819","3.782231156","15.795","30.689","14.894"
640462,"Puk, A.J.","OAK",2022,2022,"All",-0.1862159206602751,-0.05525384860745283,472,0.012711864406779662,6,0,0,1,0,7,0,-1.4410947215427852,0.22667338588507213,"11.952346604","14.516665105","2.564318501","11.3755","22.042333333","10.666833333"
686972,"Waites, Cole","SF",2022,2022,"All",-0.1425276152487491,-0.18998885529025322,42,0.023809523809523808,1,0,0,0,0,1,0,-0.5381400125232167,-0.07755469498690153,"12.999857143","16.742714286","3.742857143","13.127","29.455","16.328"
664199,"Clarke, Taylor","KC",2022,2022,"All",0.6084112351634615,0.09443088259086196,351,0.002849002849002849,1,0,1,0,0,1,1,1.5710843196435484,0.6537652694105595,"11.474339564","14.710049844","3.23571028","12.008","21.704","9.696"
641941,"Pagán, Emilio","MIN",2022,2022,"All",0.20860301314022694,0.17110222081985774,395,0.005063291139240506,1,1,0,0,0,1,1,2.293220929801323,-0.5556470507111936,"11.743899736","15.711680739","3.967781003","12.1615","20.089","7.9275"
664849,"Young, Danny","ATL",2022,2022,"All",0.008370815295395021,,52,0,0,0,0,0,0,0,0,0.25528907647697535,-0.09486000000000011,"13.029326923","15.182846154","2.153519231",,,
592741,"Shreve, Chasen","NYM",2022,2022,"All",-0.06654588904008851,-0.09258566877655522,200,0.01,1,1,0,0,0,1,1,-0.7538021840657457,0.1871434394956899,"12.074051813","14.810507772","2.736455959","12.2755","22.4915","10.216"
571446,"Appel, Mark","PHI",2022,2022,"All",0.24580198817666976,0.3660232482660365,67,0.014925373134328358,0,1,0,0,0,0,1,0.16424776194044616,0.47322763508573434,"11.336907692","14.863676923","3.526769231","11.638","18.263","6.625"
681867,"Criswell, Cooper","TB",2022,2022,"All",0.0014085735009878404,,5,0,0,0,0,0,0,0,0,0.0243678675049392,-0.007699999999999999,"13.4858","15.3136","1.8278",,,
693821,"Elder, Bryce","ATL",2022,2022,"All",-0.07786610067633737,0.09084210800895057,241,0.029045643153526972,6,1,0,0,0,6,1,-3.360296223415444,1.3204292089038898,"11.564066079","15.615951542","4.051885463","11.66","21.608428571","9.948428571"
676879,"Ashby, Aaron","MIL",2022,2022,"All",-0.8449211524047239,-0.5812765680889637,701,0.008559201141226819,6,0,0,1,0,7,0,-0.6922827858125102,-1.5699213227605338,"11.513816199","14.059113707","2.545297508","13.909","30.984","17.075"
676391,"Clement, Ernie","OAK",2022,2022,"All",0.005657273877515152,,15,0,0,0,0,0,0,0,0,0.11567636938757576,-0.038840000000000006,"9.4154","11.307733333","1.892333333",,,
657514,"Bernardino, Brennan","SEA",2022,2022,"All",0.02105621833877819,,31,0,0,0,0,0,0,0,0,0.3296060916938908,-0.0997,"11.503962963","14.167185185","2.663222222",,,
621121,"McCullers Jr., Lance","HOU",2022,2022,"All",0.36673580356282154,0.6172597746766195,278,0.014388489208633094,2,2,0,0,0,2,2,0.018607016606986826,0.8066986672031649,"11.411366906","15.387647482","3.976280576","11.07225","19.514","8.44175"
622268,"Walton, Donovan","SF",2022,2022,"All",0.0031062417580608025,,14,0,0,0,0,0,0,0,0,0.07943120879030406,-0.028400000000000026,"11.775785714","15.125142857","3.349357143",,,
541640,"Ramírez, Erasmo","WSH",2022,2022,"All",0.002365462891284517,-0.19032245116947183,361,0.002770083102493075,1,0,0,0,0,1,0,2.4947145840623803,-1.1035054531582043,"11.639925373","15.310677612","3.670752239","15.251","27.722","12.471"
668948,"McCarty, Kirk","CLE",2022,2022,"All",0.2674240736812577,0.2732206512175903,211,0.004739336492890996,0,1,0,0,0,0,1,1.8393829003556383,-0.22322779197748957,"11.579136585","13.30635122","1.727214634","12.095","18.375","6.28"
622503,"Crismatt, Nabil","SD",2022,2022,"All",-1.2727497034824122,-1.0012753894580795,387,0.01808785529715762,7,0,0,2,0,9,0,-5.641822211316243,-0.32085613604259366,"11.920555556","16.071783333","4.151227778","13.339142857","27.030857143","13.691714286"
668868,"Thompson, Zack","STL",2022,2022,"All",-0.030948101121431648,-0.14135557360213216,181,0.0055248618784530384,1,0,0,0,0,1,0,0.9375683476309147,-0.4854706014391438,"11.499091463","13.887134146","2.388042683","10.886","22.916","12.03"
650893,"Cabrera, Génesis","STL",2022,2022,"All",0.08376872887264286,,248,0,0,0,0,0,0,0,0,1.672453644363214,-0.5571600000000005,"11.487564655","13.850594828","2.363030172",,,
663558,"Morán, Jovani","MIN",2022,2022,"All",-0.33160525079139913,-0.3856522125208821,219,0.0228310502283105,5,0,0,0,0,5,0,-2.224211623722541,0.25163794211801266,"12.417553398","15.463456311","3.045902913","11.845","22.67425","10.82925"
621076,"Kaprielian, James","OAK",2022,2022,"All",0.6258521750926344,0.5548763251528193,843,0.00830367734282325,4,3,0,0,0,4,3,3.235181328732875,-0.04707575700875215,"11.482054054","15.331217503","3.849163449","10.354857143","21.698428571","11.343571429"
666157,"Lodolo, Nick","CIN",2022,2022,"All",0.1607212786171776,0.6052968331671298,606,0.013201320132013201,6,2,0,0,0,6,2,-0.4537970190117654,0.558845960932284,"11.89605","14.316890741","2.420840741","12.610428571","22.942","10.331571429"
642545,"Barria, Jaime","LAA",2022,2022,"All",0.8471258209866874,0.37898985218581244,360,0.002777777777777778,1,0,1,0,0,1,1,2.754178849688893,0.6584223356642473,"11.651072254","15.459884393","3.808812139","11.612","17.937","6.325"
656629,"Kopech, Michael","CWS",2022,2022,"All",-1.3831897811201692,-0.6308825212371396,647,0.02627511591962906,13,4,0,1,0,14,4,-9.668566568256395,1.2233856278468926,"11.470126878","15.874777963","4.404651085","12.365411765","24.963176471","12.597764706"
672839,"Morales, Francisco","PHI",2022,2022,"All",0.009242093161605146,,16,0,0,0,0,0,0,0,0,0.1050704658080258,-0.026160000000000017,"12.889375","14.79525","1.905875",,,
641540,"Dunning, Dane","TEX",2022,2022,"All",0.350703634932502,0.7178120585497628,889,0.010123734533183352,4,5,0,0,0,4,5,0.46066214280469153,0.5746026808256959,"11.615358885","15.723303136","4.107944251","11.948888889","19.939666667","7.990777778"
657006,"Steele, Justin","CHC",2022,2022,"All",-0.3851303244213807,-0.3865355225450894,778,0.010282776349614395,6,2,0,1,0,7,2,-0.3290236524584002,-0.709612430954883,"11.331768717","14.05234492","2.720576203","12.013125","24.203625","12.1905"
621295,"Wittgren, Nick","STL",2022,2022,"All",0.04275150257295086,,181,0,0,0,0,0,0,0,0,1.0706700128647546,-0.3808500000000003,"11.171141104","14.679208589","3.508067485",,,
676917,"Cavalli, Cade","WSH",2022,2022,"All",0.15467929062671645,0.30260275961362826,60,0.016666666666666666,0,1,0,0,0,0,1,-0.05211147334028269,0.3668924117661625,"12.093288136","15.990288136","3.897","11.138","18.536","7.398"
621433,"Phillips, Brett","BAL",2022,2022,"All",0.008015303598719213,,20,0,0,0,0,0,0,0,0,0.1734790179935962,-0.05929000000000003,"13.21295","15.7173","2.50435",,,
666214,"Wentz, Joey","DET",2022,2022,"All",0.050398680066774934,,127,0,0,0,0,0,0,0,0,1.1086809003338751,-0.3807500000000003,"11.08405042","13.726361345","2.642310924",,,
672282,"Detmers, Reid","LAA",2022,2022,"All",-0.542891630857254,-0.765422284490349,831,0.01444043321299639,11,1,0,0,0,11,1,-2.546921717138411,-0.07446063873239572,"11.153704188","13.855132199","2.70142801","11.697166667","23.824166667","12.127"
656945,"Scott, Tanner","MIA",2022,2022,"All",-0.06730261488711971,-0.08943742902500298,562,0.0035587188612099642,1,1,0,0,0,1,1,2.2110675570037897,-1.1322580584175062,"11.610731317","13.923903915","2.313172598","12.8695","26.896","14.0265"
623149,"Sewald, Paul","SEA",2022,2022,"All",0.20669969008992778,0.4186743237196836,277,0.018050541516245487,4,1,0,0,0,4,1,-1.4093560435234305,1.085713108432476,"11.818030303","15.48919697","3.671166667","11.0368","20.1628","9.126"
607536,"Freeland, Kyle","COL",2022,2022,"All",-0.6290242887744254,-1.1136117520248063,1068,0.015917602996254682,12,5,1,0,0,12,6,-5.8190895108338445,1.1884302519829881,"11.590352941","14.65653854","3.066185598","11.745823529","25.032705882","13.286882353"
605195,"Crick, Kyle","CWS",2022,2022,"All",0.13606140347852153,0.11198496362471394,145,0.006896551724137931,0,1,0,0,0,0,1,0.5283174091827427,0.06755093698216225,"11.278917293","15.570383459","4.291466165","11.001","21.641","10.64"
542947,"Bleier, Richard","MIA",2022,2022,"All",-0.1982957200826424,-0.43500838561821786,265,0.007547169811320755,2,0,1,2,0,4,1,-2.347798884962965,0.6028090153554455,"11.309962343","14.64483682","3.334874477","12.0015","30.664","18.6625"
621079,"Wiles, Collin","OAK",2022,2022,"All",0.016423646374920643,-0.06278375764231842,82,0.012195121951219513,1,0,0,0,0,1,0,0.5436148258872787,-0.20510959733896672,"10.552435897","13.827064103","3.274628205","12.011","20.446","8.435"
666720,"Rodríguez, Yerry","TEX",2022,2022,"All",-0.00005740579710144944,,5,0,0,0,0,0,0,0,0,0.004797971014492751,-0.002259999999999999,"15.0942","19.3646","4.2704",,,
676641,"Sulser, Beau","BAL",2022,2022,"All",0.05039384927823711,,141,0,0,0,0,0,0,0,0,1.1203117463911867,-0.38593000000000016,"11.346824427","14.781183206","3.434358779",,,
571882,"Law, Derek","CIN",2022,2022,"All",0.09028154376987457,,135,0,0,0,0,0,0,0,0,1.366617718849373,-0.40676000000000007,"11.461977099","15.098221374","3.636244275",,,
676974,"Meyer, Max","MIA",2022,2022,"All",0.09650272566850454,0.24341882819264585,15,0.06666666666666667,0,1,0,0,0,0,1,-0.3909554524341319,0.38820848034518,"11.302692308","15.742","4.439307692","10.901","17.952","7.051"
670059,"Holderman, Colin","PIT",2022,2022,"All",0.03211392512210505,,161,0,0,0,0,0,0,0,0,0.8980071256105258,-0.32775000000000004,"11.241583333","15.514057692","4.272474359",,,
669302,"Gilbert, Logan","SEA",2022,2022,"All",0.6477574919295922,0.7455218651172855,982,0.008146639511201629,4,4,0,0,0,4,4,2.5306731973997856,0.3147174498880868,"11.357843284","15.420607676","4.062764392","11.362125","20.99025","9.628125"
592716,"Sampson, Adrian","CHC",2022,2022,"All",-0.15706744270940295,0.032419557957294856,527,0.0056925996204933585,1,2,0,1,0,2,2,1.6938360180880463,-1.1018547696155836,"11.351374207","14.897585624","3.546211416","12.582333333","20.588","8.005666667"
664875,"Lawrence, Justin","COL",2022,2022,"All",0.15411203261417522,0.18254149434544836,323,0.009287925696594427,2,1,0,0,0,2,1,0.6939820692015471,0.03403470838637046,"12.373058632","15.954791531","3.581732899","13.809","24.569666667","10.760666667"
622554,"Domínguez, Seranthony","PHI",2022,2022,"All",-0.10524912065196894,-0.00018704749477316263,282,0.010638297872340425,2,1,0,0,0,2,1,-0.142470702047772,-0.17056662276092094,"12.214710037","16.761579926","4.546869888","14.356333333","25.873333333","11.517"
641871,"Middleton, Keynan","AZ",2022,2022,"All",-0.4061179108275972,-0.33279888662608537,120,0.025,3,0,0,0,0,3,0,-1.8907476174664355,-0.06215197185402292,"11.729066667","16.085733333","4.356666667","12.456666667","28.151666667","15.695"
670167,"Schreiber, John","BOS",2022,2022,"All",-0.11712246227813494,-0.09270872997355521,340,0.0029411764705882353,1,0,0,0,0,1,0,0.9691917041157219,-0.6910240068917322,"11.690434251","15.039272171","3.34883792","16.08","33.634","17.554"
656234,"Bird, Jake","COL",2022,2022,"All",0.02327410364167766,0.19734866266459578,289,0.01384083044982699,4,0,0,0,0,4,0,-0.572170141175053,0.3060180708370867,"11.259079848","15.42234981","4.163269962","13.23625","27.792","14.55575"
518748,"Grimm, Justin","OAK",2022,2022,"All",0.16993030229961675,-0.16761003134253388,136,0.007352941176470588,1,0,1,1,0,2,1,-0.7288099444349716,0.7015384248591341,"12.230336066","16.524983607","4.294647541","10.98","24.337","13.357"
642657,"Ogando, Cristofer","TB",2022,2022,"All",-0.07249026898232586,-0.02444599379276055,31,0.03225806451612903,0,1,0,0,0,0,1,-0.3689178224275667,0.002873990007083332,"11.555464286","15.419928571","3.864464286","11.583","21.162","9.579"
622250,"Sborz, Josh","TEX",2022,2022,"All",-0.36412262959127456,-0.15046347013102915,191,0.02617801047120419,3,2,0,0,0,3,2,-2.6852240111455417,0.38427149475074074,"12.394059459","17.035010811","4.640951351","13.574","26.0474","12.4734"
666818,"Frías, Luis","AZ",2022,2022,"All",0.06004319359563388,,136,0,0,0,0,0,0,0,0,1.1546759679781708,-0.37976000000000026,"11.758059259","14.697733333","2.939674074",,,
571466,"Barnhart, Tucker","DET",2022,2022,"All",0.00034415184717960555,,12,0,0,0,0,0,0,0,0,0.036280759235898075,-0.01536000000000002,,,,,,
543339,"Hudson, Daniel","LAD",2022,2022,"All",0.07906111639909824,,163,0,0,0,0,0,0,0,0,1.4048355819954912,-0.44868,"12.05429078","17.042950355","4.988659574",,,
676617,"O'Brien, Riley","SEA",2022,2022,"All",0.005288186799736351,,7,0,0,0,0,0,0,0,0,0.10816093399868174,-0.03632,"18.177714286","20.800571429","2.622857143",,,
571863,"Koch, Matt","SEA",2022,2022,"All",0.006346320450887618,,22,0,0,0,0,0,0,0,0,0.21713160225443823,-0.08240000000000008,"11.070772727","13.857727273","2.786954545",,,
502179,"Espino, Paolo","WSH",2022,2022,"All",0.4952700967756829,0.629455208450825,624,0.003205128205128205,0,2,0,0,0,0,2,4.3137101989721165,-0.8166043178194169,"11.538136286","15.06528109","3.527144804","10.9385","15.8475","4.909"
675916,"Karinchak, James","CLE",2022,2022,"All",-0.6464571037988864,-0.3767610307353382,272,0.03308823529411765,8,1,0,0,0,8,1,-5.41278256855227,0.9691097998034932,"11.700576336","16.004751908","4.304175573","13.029777778","26.051333333","13.021555556"
681464,"German, Frank","BOS",2022,2022,"All",0.024904002878260126,,40,0,0,0,0,0,0,0,0,0.3945200143913004,-0.12000000000000005,"11.944","15.56715","3.62315",,,
656755,"Montes de Oca, Bryce","NYM",2022,2022,"All",-0.027230599158667088,-0.04610008479386474,35,0.02857142857142857,1,0,0,0,0,1,0,-0.4627501753514594,0.145154302025833,"13.272428571","17.645571429","4.373142857","10.781","24.057","13.276"
547943,"Ryu, Hyun Jin","TOR",2022,2022,"All",0.04324310800294186,,139,0,0,0,0,0,0,0,0,0.8836780400147094,-0.2966500000000002,"11.660585185","14.063540741","2.402955556",,,
625643,"López, Reynaldo","CWS",2022,2022,"All",-0.23147081032946346,0.026864522932541254,372,0.01881720430107527,6,1,0,0,0,6,1,-2.3177739565458277,0.5157421799548935,"11.240369822","15.168630178","3.928260355","12.841428571","23.836857143","10.995428571"
594798,"deGrom, Jacob","NYM",2022,2022,"All",-0.1487618714631038,-0.18079263065109563,178,0.016853932584269662,3,0,0,0,0,3,0,-0.8308599365786129,0.038689146339152686,"11.705805882","16.781","5.075194118","12.250333333","23.663666667","11.413333333"
624418,"Castellani, Ryan","OAK",2022,2022,"All",0.008826059762479197,,19,0,0,0,0,0,0,0,0,0.18792779881239605,-0.06391000000000006,"12.361666667","16.797866667","4.4362",,,
543101,"DeSclafani, Anthony","SF",2022,2022,"All",0.2581416862199972,0.3690031585875229,132,0.007575757575757576,0,1,0,0,0,0,1,0.6948282364515916,0.26483564206595295,"11.32107874","15.137480315","3.816401575","11.574","18.533","6.959"
657277,"Webb, Logan","SF",2022,2022,"All",-0.8686881801700699,-0.8819180192862882,1055,0.014218009478672985,12,3,0,0,0,12,3,-3.545022804214451,-0.35485248739372816,"11.682571577","16.181460581","4.498889004","11.631071429","23.623071429","11.992"
672391,"Ort, Kaleb","BOS",2022,2022,"All",-0.18536916145400092,-0.08847552403809716,269,0.01858736059479554,4,1,0,0,0,4,1,-1.6004211898564313,0.29936683670508035,"11.508559846","15.11392278","3.605362934","11.9852","22.557","10.5718"
607457,"Barraclough, Kyle","LAA",2022,2022,"All",0.21339458274860423,0.33277176193355523,75,0.02666666666666667,1,1,0,0,0,1,1,-0.4955268996467419,0.6944443615065615,"11.63228","15.190053333","3.557773333","11.2855","20.382","9.0965"
664054,"Stashak, Cody","MIN",2022,2022,"All",0.03416453889709084,,59,0,0,0,0,0,0,0,0,0.6367976944854545,-0.20710000000000015,"11.498571429","14.142571429","2.644",,,
608716,"Steckenrider, Drew","SEA",2022,2022,"All",0.1806014935423748,0.26470973111002283,139,0.014388489208633094,1,1,0,0,0,1,1,0.5002393513492421,0.17900805171672615,"10.589138211","14.837918699","4.248780488","11.3015","20.4245","9.123"
656876,"Rasmussen, Drew","TB",2022,2022,"All",0.3723986625240554,1.2831140809071346,647,0.01854714064914992,8,4,0,0,0,8,4,-3.301418581957606,2.2948497309235005,"11.445158416","15.519843234","4.074684818","12.679833333","23.276416667","10.596583333"
642231,"Yacabonis, Jimmy","TB",2022,2022,"All",-0.08911435746695581,-0.06135028406146939,142,0.007042253521126761,0,1,0,0,0,0,1,0.15626722017857775,-0.2674840033392696,"12.568333333","17.286007576","4.717674242","11.256","22.783","11.527"
621368,"Hearn, Taylor","TEX",2022,2022,"All",0.17734138886131756,-0.1296138660482414,661,0.0045385779122541605,2,1,0,0,0,2,1,3.418571540266033,-1.1252731537597525,"11.743101106","14.522889415","2.77978831","11.890333333","22.709","10.818666667"
501303,"Adrianza, Ehire","ATL",2022,2022,"All",0.009393255198487684,,8,0,0,0,0,0,0,0,0,0.16324627599243843,-0.051680000000000004,"10.245625","13.669875","3.42425",,,
689225,"Brieske, Beau","DET",2022,2022,"All",-0.14510741481817196,-0.060226227439572594,472,0.00423728813559322,2,0,0,1,0,3,0,1.213985524444785,-0.86201004379362,"11.543257075","15.135662736","3.59240566","12.192","21.1065","8.9145"
641154,"López, Pablo","MIA",2022,2022,"All",-0.2541373233955167,-0.3498012250726191,795,0.00880503144654088,6,1,0,0,0,6,1,0.18346709087168428,-0.646290536821897,"11.505787798","16.045385942","4.539598143","11.488285714","23.096142857","11.607857143"
605288,"Houser, Adrian","MIL",2022,2022,"All",0.43890845248300336,0.05314966106201596,658,0.00911854103343465,5,1,1,0,0,5,2,0.7170914275538757,0.6566448154938418,"11.718331137","16.524836903","4.806505766","12.226333333","25.920166667","13.693833333"
668820,"Kranick, Max","PIT",2022,2022,"All",0.005211017186161985,,38,0,0,0,0,0,0,0,0,0.13599008593081,-0.048860000000000015,"13.373394737","18.129315789","4.755921053",,,
663546,"Hjelle, Sean","SF",2022,2022,"All",0.04338982090057763,,196,0,0,0,0,0,0,0,0,1.1698691045028886,-0.4235200000000004,"11.375888298","15.237829787","3.861941489",,,
445276,"Jansen, Kenley","ATL",2022,2022,"All",-1.3879539398353988,-1.3830736232747056,278,0.03597122302158273,8,2,0,1,0,9,2,-8.09270356257694,0.5124150503999789,"12.551020161","18.227451613","5.676431452","11.7483","25.7888","14.0405"
686613,"Brown, Hunter","HOU",2022,2022,"All",-0.154569690567797,0.0035691212629355984,80,0.025,1,1,0,0,0,1,1,-0.9877048202434512,0.09549171884642929,"11.261467532","15.360727273","4.09925974","12.1435","22.044","9.9005"
425844,"Greinke, Zack","KC",2022,2022,"All",0.8457890074749802,-0.02915239109960857,830,0.00963855421686747,6,2,2,0,0,6,4,0.8399054321465181,1.5062398245459494,"11.159103185","15.22995414","4.070850955","11.182625","20.382","9.199375"
642121,"Sulser, Cole","MIA",2022,2022,"All",-0.11758483940974142,-0.2748752423440405,237,0.004219409282700422,1,0,0,0,0,1,0,0.44545641085865495,-0.4592802701810514,"11.350380531","14.937331858","3.586951327","10.884","24.003","13.119"
595345,"Okert, Steven","MIA",2022,2022,"All",0.058517345346466,-0.0792711965198071,369,0.0027100271002710027,1,0,0,0,0,1,0,2.535231698020345,-0.9967310983502278,"11.040311047","13.460837209","2.420526163","10.783","21.968","11.185"
676130,"Buttó, José","NYM",2022,2022,"All",-0.08302215421202261,-0.0922443791252566,45,0.022222222222222223,1,0,0,0,0,1,0,-0.2876765153099925,-0.05663744700005356,"11.413880952","15.53702381","4.123142857","12.949","22.033","9.084"
668338,"Miller, Tyson","TEX",2022,2022,"All",-0.027390012269516123,0.1445649400700388,89,0.02247191011235955,2,0,0,0,0,2,0,-0.671036940022814,0.2373719460778816,"10.865081395","14.677767442","3.812686047","12.2315","24.3395","12.108"
489265,"Romo, Sergio","TOR",2022,2022,"All",-0.2074644007327821,-0.20032975151003055,139,0.02158273381294964,3,0,0,0,0,3,0,-0.9775425621017206,-0.02656864069430845,"11.835603175","16.834849206","4.999246032","12.885666667","25.480666667","12.595"
622103,"Reyes, Gerardo","LAA",2022,2022,"All",-0.0004939307231890699,,16,0,0,0,0,0,0,0,0,0.028512846384054682,-0.013770000000000011,"13.896625","17.7476875","3.8510625",,,
608566,"Márquez, Germán","COL",2022,2022,"All",-0.37274918270698354,-0.2402849490732301,1005,0.009950248756218905,9,1,1,2,0,11,2,-3.5946861460963833,0.7693067700273193,"11.363825212","15.801269068","4.437443856","11.4882","22.7463","11.2581"
665001,"Kelley, Trevor","MIL",2022,2022,"All",-0.12109310220483832,-0.12886147238414686,151,0.006622516556291391,1,0,0,0,0,1,0,0.48473356652202315,-0.4845329233538729,"10.204286667","12.495946667","2.29166","22.17","46.694","24.524"
663158,"Suarez, Robert","SD",2022,2022,"All",0.22708864701422707,0.6629205787067959,295,0.006779661016949152,0,2,0,1,0,1,2,0.3941520214265718,0.3294627616198055,"12.385243816","15.919657244","3.534413428","12.3005","22.011","9.7105"
607200,"Fedde, Erick","WSH",2022,2022,"All",-0.7615917494300404,-0.5413240638996075,836,0.01674641148325359,13,1,0,0,0,13,1,-5.8128563676357246,0.8910656091046781,"11.553399494","16.152176991","4.598777497","11.682857143","23.228928571","11.546071429"
570663,"Robles, Hansel","BOS",2022,2022,"All",-0.7511294415510682,-0.49913137716423395,151,0.019867549668874173,3,0,0,2,0,5,0,-3.5501991911625885,-0.09131022959677977,"12.312192857","16.701492857","4.3893","10.436","24.858","14.422"
663385,"Smith, Chad","COL",2022,2022,"All",-0.19179243794879058,-0.17727164705139922,130,0.015384615384615385,1,1,0,0,0,1,1,-0.9182259111835142,-0.01810501269352885,"12.393653543","16.343346457","3.949692913","11.123","24.2445","13.1215"
456501,"Cueto, Johnny","CWS",2022,2022,"All",0.9347980282259928,0.7257401198990131,729,0.0054869684499314125,3,1,1,1,0,4,2,3.3163640594493655,0.6033893696358255,"10.863524229","13.896662261","3.033138032","10.51975","19.92525","9.4055"
663460,"Bubic, Kris","KC",2022,2022,"All",0.3234663606228285,0.7397879219941709,908,0.005506607929515419,3,2,0,1,0,4,2,3.1521427855881674,-0.6821382144328946,"11.345152761","13.502542891","2.157390129","11.8198","19.1976","7.3778"
641927,"Ober, Bailey","MIN",2022,2022,"All",-0.09551603508350143,0.1202079239274852,275,0.0036363636363636364,1,0,0,1,0,2,0,0.7875268667753866,-0.5622697965301753,"11.872142292","15.510541502","3.638399209","11.658","18.362","6.704"
656657,"Logue, Zach","OAK",2022,2022,"All",-0.15737356109222386,-0.35235097811980665,383,0.010443864229765013,3,1,0,0,0,3,1,0.8464082716534798,-0.7259004787175998,"11.409566092","13.66608908","2.256522989","12.5235","23.5875","11.064"
643400,"Knight, Dusten","TB",2022,2022,"All",0.03682086694319469,,69,0,0,0,0,0,0,0,0,0.5944818347159733,-0.18239000000000005,"11.895609375","14.873546875","2.9779375",,,
605447,"Romano, Jordan","TOR",2022,2022,"All",-0.1812029980294998,-0.36591439307248164,335,0.005970149253731343,2,0,0,0,0,2,0,0.8820549313970315,-0.7946977429086789,"11.897264798","16.657548287","4.760283489","12.157","28.7915","16.6345"
670955,"Uceta, Edwin","AZ",2022,2022,"All",0.01036532007510621,,103,0,0,0,0,0,0,0,0,0.4409641003755312,-0.17295000000000016,"12.485768421","16.020715789","3.534947368",,,
664294,"Moreta, Dauri","CIN",2022,2022,"All",0.06979646755804099,,213,0,0,0,0,0,0,0,0,1.607587337790206,-0.5593800000000003,"11.484612745","14.767813725","3.28320098",,,
622608,"Senzatela, Antonio","COL",2022,2022,"All",0.5154154557532294,-0.13226091929524636,591,0.00338409475465313,2,0,1,0,0,2,1,2.580301348882756,-0.0014329200518266028,"11.528729682","14.847309187","3.318579505","14.867","26.173","11.306"
663534,"Walters, Nash","LAA",2022,2022,"All",-0.0007082851182197503,,7,0,0,0,0,0,0,0,0,0.0383535744089013,-0.018620000000000022,"10.581833333","16.367833333","5.786",,,
642207,"Williams, Devin","MIL",2022,2022,"All",0.36924248859799047,0.04047483997257169,367,0.01634877384196185,4,2,1,0,0,4,3,-0.7605121891632918,1.1585442809569981,"11.807505882","16.394388235","4.586882353","12.375333333","23.085333333","10.71"
642152,"Trivino, Lou","NYY",2022,2022,"All",0.14200517678363192,,382,0,0,0,0,0,0,0,0,2.7169808839181595,-0.8919800000000008,"11.910159091","15.571997159","3.661838068",,,
448281,"Doolittle, Sean","WSH",2022,2022,"All",0.00582269155735866,,29,0,0,0,0,0,0,0,0,0.08111095778679336,-0.02311000000000003,"12.142571429","15.515821429","3.37325",,,
664584,"Romero, Jhon","MIN",2022,2022,"All",0.008271674879521086,,30,0,0,0,0,0,0,0,0,0.21100837439760556,-0.07540000000000008,"12.249103448","15.985551724","3.736448276",,,
459429,"McGee, Jake","WSH",2022,2022,"All",0.09406403109874747,,234,0,0,0,0,0,0,0,0,1.7371376554937379,-0.5630300000000004,"11.652321739","14.330386957","2.678065217",,,
572362,"Erlin, Robbie","LAD",2022,2022,"All",0.0013048571281752664,,11,0,0,0,0,0,0,0,0,0.08356428564087642,-0.03424000000000004,"13.511727273","15.996545455","2.484818182",,,
607625,"Lugo, Seth","NYM",2022,2022,"All",0.28934832524435944,-0.2103120941072663,415,0.004819277108433735,1,1,0,0,0,1,1,2.862406882880829,-0.6291845585151256,"11.039307692","15.063030769","4.023723077","16.894","19.726","2.832"
571710,"Givens, Mychal","NYM",2022,2022,"All",0.8381241218764849,-0.20898123833474194,427,0.00702576112412178,1,2,2,0,0,1,4,0.7532544154041394,1.5277183084347936,"11.283007874","15.555015748","4.272007874","12.799","24.610333333","11.811333333"
593974,"Peralta, Wandy","NYY",2022,2022,"All",0.3364237058181699,,325,0,0,0,1,1,0,1,1,1.3982585290908502,0.12615999999999933,"10.844516892","12.576388514","1.731871622",,,
641672,"Hatch, Thomas","TOR",2022,2022,"All",0.012155652781816337,,38,0,0,0,0,0,0,0,0,0.2927082639090816,-0.10308000000000003,"11.301971429","14.776028571","3.474057143",,,
666974,"Cano, Yennier","BAL",2022,2022,"All",0.14983443680898267,0.21012585547628862,156,0.00641025641025641,1,0,0,0,0,1,0,0.5295812883417079,0.09759595364586872,"12.570503268","15.849071895","3.278568627","10.328","19.33","9.002"
656232,"Bielak, Brandon","HOU",2022,2022,"All",0.060319947361559496,,92,0,0,0,0,0,0,0,0,0.8162647368077977,-0.22874000000000017,"10.785595506","14.507134831","3.721539326",,,
592712,"Sadzeck, Connor","MIL",2022,2022,"All",-0.06934211118207015,-0.05682277460562965,28,0.03571428571428571,1,0,0,0,0,1,0,-0.6867407631841251,0.15112453656612235,"13.581259259","16.637518519","3.056259259","10.657","21.943","11.286"
593619,"Tapia, Domingo","OAK",2022,2022,"All",-0.1611729577053774,-0.19670578815458062,151,0.006622516556291391,1,0,0,0,0,1,0,-0.1431765144998814,-0.29452812178978033,"11.34069863","14.402630137","3.061931507","18.568","44.446","25.878"
665621,"García, Rony","DET",2022,2022,"All",0.24210779054409656,0.36079544883067005,217,0.018433179723502304,3,1,0,0,0,3,1,-0.9791693066406754,0.9732036708271811,"11.793913876","15.414267943","3.620354067","10.928","21.08975","10.16175"
666159,"Manning, Matt","DET",2022,2022,"All",0.30045482797765055,0.4181468382268238,333,0.012012012012012012,2,2,0,0,0,2,2,0.5864345384822599,0.4070398228471136,"11.167444079","15.381917763","4.214473684","11.50775","20.83775","9.33"
680573,"Woods Richardson, Simeon","MIN",2022,2022,"All",-0.1529735907356374,-0.15339664755083454,32,0.03125,1,0,0,0,0,1,0,-0.5700246071849951,-0.08659704288586367,"9.850541667","13.614291667","3.76375","12.328","26.712","14.384"
670768,"González, Luis","SF",2022,2022,"All",0.014435548638345154,,45,0,0,0,0,0,0,0,0,0.3023752431917258,-0.10231000000000001,"11.723829268","14.085170732","2.361341463",,,
621381,"Strahm, Matt","BOS",2022,2022,"All",-0.31057088691891543,-0.1367775490704329,332,0.006024096385542169,2,0,0,1,0,3,0,-0.09915199878733727,-0.6460899714698852,"11.739825658","14.117082237","2.377256579","15.5625","28.307","12.7445"
656412,"Faedo, Alex","DET",2022,2022,"All",-0.1722987549561702,0.017416590287005485,405,0.022222222222222223,6,3,0,0,0,6,3,-2.862934298580144,0.8895291216885717,"12.615292876","16.78285752","4.167564644","12.663444444","22.927222222","10.263777778"
642100,"Speier, Gabe","KC",2022,2022,"All",0.01696986927771119,,84,0,0,0,0,0,0,0,0,0.4616343463885558,-0.16746000000000014,"11.042851852","13.838567901","2.795716049",,,
642528,"Loáisiga, Jonathan","NYY",2022,2022,"All",-0.003696918926872357,-0.07741003622336694,310,0.0032258064516129032,1,0,0,0,0,1,0,1.4473912695250144,-0.651500384070833,"11.853481728","16.10666113","4.253179402","11.849","22.441","10.592"
664944,"Vieaux, Cam","PIT",2022,2022,"All",0.012159368338903938,,116,0,0,0,0,0,0,0,0,0.23679184169451956,-0.07822000000000014,"13.321904348","16.777513043","3.455608696",,,
572971,"Keuchel, Dallas","TEX",2022,2022,"All",0.5362589207723396,0.7199119004173788,432,0.004629629629629629,0,2,0,0,0,0,2,1.8342036423429804,0.37648487178609635,"11.031421801","13.788398104","2.756976303","9.0435","16.202","7.1585"
444876,"Escobar, Alcides","WSH",2022,2022,"All",0.005832909676488716,,13,0,0,0,0,0,0,0,0,0.13410454838244365,-0.04664000000000003,"13.590076923","15.063692308","1.473615385",,,
503449,"Peralta, Wily","DET",2022,2022,"All",-0.03812745391297566,-0.10671219835409324,321,0.006230529595015576,2,0,0,0,0,2,0,1.0851845703218577,-0.5670319288385504,"11.077390572","15.723915825","4.646525253","10.8885","21.8855","10.997"
518886,"Kimbrel, Craig","LAD",2022,2022,"All",-0.4608460419783921,-0.43537305984817265,389,0.010282776349614395,3,1,0,1,0,4,1,-2.2216509853310367,-0.03670187758263281,"11.772724324","15.809464865","4.036740541","10.83475","25.843","15.00825"
676477,"Whitlock, Garrett","BOS",2022,2022,"All",-0.3200390389423889,-0.3495159217233061,305,0.013114754098360656,4,0,0,0,0,4,0,-0.6611888821628613,-0.41733613891070326,"11.867861017","16.326983051","4.459122034","12.301","25.1875","12.8865"
573668,"Minaya, Juan","MIN",2022,2022,"All",-0.0026230422796867776,-0.008570350899824858,88,0.011363636363636364,1,0,0,0,0,1,0,0.14665083973965626,-0.07100713383915094,"12.174148148","16.884246914","4.710098765","12.65","21.597","8.947"
676103,"Jones, Damon","PHI",2022,2022,"All",0.03066768626802606,,58,0,0,0,0,0,0,0,0,0.5472234313401306,-0.17506000000000016,"12.147089286","14.243285714","2.096196429",,,
622491,"Castillo, Luis","SEA",2022,2022,"All",1.6701167572631297,1.3992822647333862,870,0.013793103448275862,11,1,1,0,0,11,2,-0.23495019725688054,3.8157928815877926,"11.552488623","15.453020359","3.900531737","10.699","22.845166667","12.146166667"
672715,"Patiño, Luis","TB",2022,2022,"All",0.018605078601249894,0.3863196429222332,160,0.01875,1,2,0,0,0,1,2,-0.9205384223669439,0.4504728068325316,"11.666244898","15.884931973","4.218687075","14.884666667","26.329333333","11.444666667"
448179,"Hill, Rich","BOS",2022,2022,"All",-0.3229362209423968,-0.4034621625288291,604,0.011589403973509934,6,1,1,2,0,8,2,-1.25333146900719,-0.16059983809101863,"11.087493849","13.505360281","2.417866432","11.703","24.460857143","12.757857143"
468504,"Chacín, Jhoulys","COL",2022,2022,"All",0.10793454521840981,-0.0008984318923880574,318,0.0031446540880503146,1,0,0,0,0,1,0,2.067266847263164,-0.6789307205204955,"11.90225784","15.897958188","3.995700348","10.987","21.823","10.836"
669804,"De Jesus, Angel","DET",2022,2022,"All",0.07514152490421766,,78,0,0,0,0,0,0,0,0,0.7812926245210887,-0.18026000000000006,"13.134649351","16.558519481","3.42387013",,,
605164,"Bundy, Dylan","MIN",2022,2022,"All",-0.0731284624118099,0.09617735044345802,731,0.012311901504787962,8,1,0,0,0,8,1,0.2716729582806082,-0.28325123126206775,"11.329960184","15.513012251","4.183052067","11.445888889","20.930555556","9.484666667"
621114,"Burr, Ryan","CWS",2022,2022,"All",0.05906750627454399,0.14232338792588997,61,0.01639344262295082,1,0,0,0,0,1,0,-0.16683568874223925,0.20541032005109305,"11.424017857","15.693178571","4.269160714","10.65","17.045","6.395"
605182,"Clevinger, Mike","SD",2022,2022,"All",-0.8718705093634557,-0.6898359492810375,657,0.0197869101978691,12,1,0,0,0,12,1,-5.1774826112193955,0.36361336195649785,"11.963866116","16.408733884","4.444867769","11.83025","22.9105","11.08025"
660825,"Bazardo, Eduard","BOS",2022,2022,"All",0.44927488438244084,0.010264919312192478,81,0.024691358024691357,1,1,1,0,0,1,2,-0.4961124243254742,1.218883042772302,"11.447772152","15.238493671","3.790721519","10.945","22.097","11.152"
664854,"Helsley, Ryan","STL",2022,2022,"All",0.12067163958907842,0.016701740589523395,326,0.003067484662576687,1,0,0,0,0,1,0,2.4867974209364245,-0.8370840991071256,"12.022159744","15.083623003","3.061463259","11.522","20.691","9.169"
519242,"Sale, Chris","BOS",2022,2022,"All",0.018117070517365247,,38,0,0,0,0,0,0,0,0,0.34092035258682624,-0.11126,"11.730552632","14.372210526","2.641657895",,,
608032,"Estévez, Carlos","COL",2022,2022,"All",0.11943994900016044,,354,0,0,0,0,0,0,0,0,2.601387245000802,-0.8907500000000004,"12.006309735","15.827359882","3.821050147",,,
650530,"Garcia, Bryan","DET",2022,2022,"All",0.004265919816798851,-0.013502761521583723,89,0.011235955056179775,0,1,0,0,0,0,1,0.32606645182501676,-0.13543860121823223,"11.345964286","14.936547619","3.590583333","11.424","19.65","8.226"
664202,"Cyr, Tyler","OAK",2022,2022,"All",-0.13638482022923998,-0.2054309309326846,95,0.010526315789473684,1,0,0,0,0,1,0,-0.3323508485718252,-0.1553658900330564,"11.599755319","15.196","3.596244681","14.109","27.897","13.788"
656814,"Ortiz, Luis F.","SF",2022,2022,"All",0.01565131039127144,,36,0,0,0,0,0,0,0,0,0.41049155195635695,-0.14766000000000007,"10.052428571","13.497371429","3.444942857",,,
608638,"Chargois, JT","TB",2022,2022,"All",0.06983899460868216,0.1535422135041873,124,0.008064516129032258,1,0,0,0,0,1,0,0.18706014207223223,0.07205992487608004,"11.60275","15.725058333","4.122308333","9.822","18.392","8.57"
641501,"Danish, Tyler","BOS",2022,2022,"All",0.5125852123715825,0.032308423599120534,211,0.004739336492890996,1,0,1,0,0,1,1,1.1015606586234492,0.6494957347708747,"11.153933673","14.540336735","3.386403061","13.094","20.863","7.769"
668873,"Kilian, Caleb","CHC",2022,2022,"All",-0.07654615213110555,-0.001067605354876447,97,0.020618556701030927,1,1,0,0,0,1,1,-0.5069931472486583,0.05522772737472478,"12.424176471","16.914552941","4.490376471","13.9935","27.2515","13.258"
661269,"Gutierrez, Vladimir","CIN",2022,2022,"All",0.1788638672194121,0.441377149496714,282,0.010638297872340425,2,1,0,0,0,2,1,-0.24226175238494757,0.5051471504364483,"12.529906716","16.236600746","3.70669403","12.424","22.924666667","10.500666667"
642397,"Soto, Gregory","DET",2022,2022,"All",0.2475851788989175,0.18775805120108674,379,0.002638522427440633,1,0,0,0,0,1,0,2.7112580299713445,-0.6548142824341129,"11.490881402","13.446204852","1.95532345","15.571","29.456","13.885"
596133,"Weaver, Luke","KC",2022,2022,"All",0.056563557054384844,0.15098548314342444,321,0.006230529595015576,2,0,0,0,0,2,0,0.9947695475438205,-0.3164230054541764,"12.162729373","15.320415842","3.157686469","13.2895","26.7345","13.445"
608717,"Stratton, Chris","STL",2022,2022,"All",0.0392496617625672,-0.13773825359464353,438,0.00228310502283105,1,0,0,0,0,1,0,2.611023646956132,-1.0732334836192428,"12.339049412","16.454138824","4.115089412","12.446","25.404","12.958"
500779,"Quintana, Jose","STL",2022,2022,"All",0.3774520370641807,0.5584566970812129,1020,0.00784313725490196,5,3,0,0,0,5,3,2.9504071214560437,-0.4725097493933961,"11.345571121","14.169898707","2.824327586","11.1765","20.0085","8.832"
670090,"Mills, Wyatt","KC",2022,2022,"All",-0.054037618746917516,0.10261566231581991,169,0.011834319526627219,2,0,0,0,0,2,0,-0.1145899067616167,-0.06915474976576434,"12.301969325","15.391398773","3.089429448","15.135","24.73","9.595"
675627,"Grove, Michael","LAD",2022,2022,"All",0.035761069022817615,0.2888626840621938,193,0.025906735751295335,5,0,0,0,0,5,0,-1.923552126626579,0.9343810985514066,"12.052664773","16.394943182","4.342278409","10.8966","21.959","11.0624"
547184,"Kelly, Michael","PHI",2022,2022,"All",0.0003154454759928401,,20,0,0,0,0,0,0,0,0,0.14040222737996427,-0.06170000000000006,"11.0065","14.001722222","2.995222222",,,
657424,"Gage, Matt","TOR",2022,2022,"All",0.02451744535542363,,87,0,0,0,0,0,0,0,0,0.3807522267771185,-0.11474000000000013,"13.711634146","17.05552439","3.343890244",,,
656457,"Gilbert, Tyler","AZ",2022,2022,"All",0.12252686314469266,0.01716594738145849,184,0.005434782608695652,1,0,0,0,0,1,0,1.4442018714985496,-0.36958558034448147,"11.39073913","13.219242236","1.828503106","10.343","21.303","10.96"
657766,"St. John, Locke","CHC",2022,2022,"All",0.0009239999999999995,,3,0,0,0,0,0,0,0,0,0.010559999999999991,-0.0026399999999999974,"13.830333333","16.56","2.729666667",,,
656638,"Lange, Alex","DET",2022,2022,"All",-0.14022056337765754,-0.14172771041960247,416,0.014423076923076924,5,1,0,0,0,5,1,-1.996774320252694,0.5758540014952879,"11.840936061","16.267028133","4.426092072","12.4865","22.424166667","9.937666667"
666129,"Garrett, Braxton","MIA",2022,2022,"All",-0.9028547980367538,-0.6802889517133365,505,0.02178217821782178,8,3,0,0,0,8,3,-5.783290276175253,0.5640072382184337,"11.459686848","14.575768267","3.11608142","11.674","24.756727273","13.082727273"
592866,"Williams, Trevor","NYM",2022,2022,"All",0.17872383050460847,0.20932230968280285,416,0.004807692307692308,1,1,0,0,0,1,1,1.963220703604864,-0.4753784671474766,"11.272793814","14.945448454","3.672654639","10.6235","16.229","5.6055"
640455,"Manaea, Sean","SD",2022,2022,"All",-0.5057323488959091,-0.8755646598802272,745,0.006711409395973154,5,0,0,0,0,5,0,1.0643286881050722,-1.5968846367042753,"11.524969739","14.632090784","3.107121045","12.335","28.5424","16.2074"
676534,"Faucher, Calvin","TB",2022,2022,"All",-0.1462236674768329,-0.26249143152572024,177,0.011299435028248588,2,0,0,0,0,2,0,-0.37466318900152984,-0.15842451039228217,"11.521297619","15.294244048","3.772946429","10.745","21.598","10.853"
572008,"Owings, Chris","BAL",2022,2022,"All",0.00026105760249091933,,2,0,0,0,0,0,0,0,0,0.003195288012454601,-0.000840000000000002,"12.477","13.9265","1.4495",,,
501985,"Minor, Mike","CIN",2022,2022,"All",-1.307447573787049,-1.123005900171845,678,0.02064896755162242,14,0,0,0,0,14,0,-7.104815346488121,0.2522566566901632,"11.555012598","14.360305512","2.805292913","12.129142857","25.292214286","13.163071429"
668676,"Plesac, Zach","CLE",2022,2022,"All",1.2141459918401172,0.932298064463902,786,0.003816793893129771,1,2,1,0,0,1,3,5.816239567000579,0.1131068409777819,"10.7347","14.744888889","4.010188889","12.954","20.941333333","7.987333333"
523260,"Kelly, Joe","CWS",2022,2022,"All",0.2770367797025937,-0.3936929118544399,263,0.011406844106463879,3,0,1,0,0,3,1,-0.363100786438332,0.7770154155339118,"11.902537849","15.823976096","3.921438247","11.632","24.662666667","13.030666667"
672710,"Contreras, Roansy","PIT",2022,2022,"All",-0.20959521088180577,0.018598338399297698,498,0.014056224899598393,5,2,0,0,0,5,2,-1.776239606958607,0.3236726900220452,"11.529658065","16.098264516","4.568606452","10.782857143","21.961142857","11.178285714"
642585,"Bautista, Félix","BAL",2022,2022,"All",-0.4858626938932726,-0.5560313322494996,352,0.019886363636363636,5,2,0,0,0,5,2,-3.4603689489544003,0.4582468797724593,"12.055672727","16.782987879","4.727315152","12.012142857","24.524","12.511857143"
643524,"Schwindel, Frank","CHC",2022,2022,"All",0.007946026709928375,,15,0,0,0,0,0,0,0,0,0.17770013354964187,-0.06132000000000003,"6.112714286","8.339071429","2.226357143",,,
547973,"Chapman, Aroldis","NYY",2022,2022,"All",0.2430994774450404,-0.4833479469587113,232,0.008620689655172414,2,0,1,0,0,2,1,0.3271618425257272,0.3948157976442116,"11.975641148","14.819889952","2.844248804","11.568","27.0055","15.4375"
641793,"Littell, Zack","SF",2022,2022,"All",0.13333731447687303,,290,0,0,0,0,0,0,0,0,2.3164090723843653,-0.7332100000000003,"11.601728261","15.60659058","4.004862319",,,
666721,"Castillo, Max","KC",2022,2022,"All",-0.23701655167805658,-0.2887366130649014,213,0.014084507042253521,2,1,0,0,0,2,1,-0.6374335885594988,-0.24339963103590498,"11.049502439","14.80235122","3.75284878","11.946666667","22.129666667","10.183"
605130,"Barlow, Scott","KC",2022,2022,"All",-0.25805998115351225,-0.38160707675645394,380,0.010526315789473684,3,1,0,0,0,3,1,0.32133419344401304,-0.7162818218718104,"11.031619303","15.012699732","3.981080429","12.80225","25.3045","12.50225"
641360,"Bickford, Phil","LAD",2022,2022,"All",-0.31072263880714757,-0.32551188311444734,306,0.02287581699346405,6,1,0,0,0,6,1,-3.574123663757469,0.8980046532096613,"12.51270068","16.715789116","4.203088435","12.123428571","24.827428571","12.704"
656730,"Megill, Trevor","MIN",2022,2022,"All",0.5469886126147573,0.46366323483259386,365,0.019178082191780823,4,3,1,0,0,4,4,-1.9552348523843783,2.084523517981413,"11.464855457","15.353451327","3.88859587","11.261571429","22.377142857","11.115571429"
663559,"Falter, Bailey","PHI",2022,2022,"All",-0.25110662637883113,-0.05909904686822322,406,0.009852216748768473,2,2,0,0,0,2,2,-0.4183605698005801,-0.3720766942638123,"11.545172324","15.023036554","3.47786423","12.7775","27.33225","14.55475"
640444,"Crowe, Wil","PIT",2022,2022,"All",0.2149554108804172,,487,0,0,0,0,0,0,0,0,4.174287054402088,-1.3775599999999997,"11.632410638","14.148802128","2.516391489",,,
670912,"Oviedo, Johan","PIT",2022,2022,"All",-0.3385488789131763,-0.10888255951651707,350,0.014285714285714285,4,1,0,1,0,5,1,-1.6564006430783218,-0.016152778438915716,"11.929452888","16.294662614","4.365209726","12.1982","25.564","13.3658"
613534,"Adams, Austin","SD",2022,2022,"All",0.005204110338946213,,14,0,0,0,0,0,0,0,0,0.12589805169473114,-0.04439000000000004,"11.832571429","15.298714286","3.466142857",,,
673258,"Baez, Michel","SD",2022,2022,"All",0.0018884730824611574,,5,0,0,0,0,0,0,0,0,0.029827365412305788,-0.009060000000000002,"13.337","16.1094","2.7724",,,
663562,"Davis, Noah","COL",2022,2022,"All",0.01783347904402076,,16,0,0,0,0,0,0,0,0,0.17804239522010384,-0.03950000000000001,"13.3139375","17.4988125","4.184875",,,
501381,"Pineda, Michael","DET",2022,2022,"All",-0.33990999016406165,-0.07958152787128372,222,0.02702702702702703,4,2,0,0,0,4,2,-2.364098838396133,0.2953550611448109,"11.434728643","15.539396985","4.104668342","12.252166667","21.228","8.975833333"
650496,"Mejía, J.C.","MIL",2022,2022,"All",-0.0010705587038697946,,30,0,0,0,0,0,0,0,0,0.054092206480651085,-0.02642000000000002,"11.775333333","15.237","3.461666667",,,
623437,"Topa, Justin","MIL",2022,2022,"All",-0.18662659473411403,-0.37239793938106763,63,0.015873015873015872,1,0,0,0,0,1,0,-0.6991806558505784,-0.10397880791999732,"12.379618182","16.474781818","4.095163636","16.552","38.801","22.249"
660636,"Castillo, Diego","PIT",2022,2022,"All",0.016157737488798934,,29,0,0,0,0,0,0,0,0,0.32507118744399466,-0.10856999999999999,"12.044517241","15.51162069","3.467103448",,,
677161,"Kelly, Zack","BOS",2022,2022,"All",0.019219160861024587,0.038852844292418615,60,0.03333333333333333,1,1,0,0,0,1,1,-1.0383944070402138,0.5042178717090398,"11.381525424","16.608644068","5.227118644","10.6225","22.191","11.5685"
641729,"Jiménez, Joe","DET",2022,2022,"All",-0.0027886441691018227,0.055477808004127355,340,0.020588235294117647,6,1,0,0,0,6,1,-1.3455578324423745,0.5918287162652729,"11.601954248","15.789673203","4.187718954","12.815571429","24.675714286","11.860142857"
622075,"Almonte, Yency","LAD",2022,2022,"All",-0.16369216658169047,-0.16404508110601,169,0.011834319526627219,2,0,0,0,0,2,0,-0.09845630668182018,-0.3200020116562797,"10.64938255","14.930691275","4.281308725","11.167","21.447","10.28"
676831,"Whitley, Kodi","STL",2022,2022,"All",0.030932284859174656,,93,0,0,0,0,0,0,0,0,0.6951564242958727,-0.24022000000000016,"12.861818182","15.931340909","3.069522727",,,
669952,"White, Mitch","TOR",2022,2022,"All",0.08632332104365215,0.36373335807823415,659,0.01669195751138088,10,1,0,0,0,10,1,-1.9067220706388546,1.03926163371425,"11.438887439","15.783280587","4.344393148","11.670818182","22.546909091","10.876090909"
668678,"Gallen, Zac","AZ",2022,2022,"All",0.4613611668341826,0.6096186341110779,919,0.007616974972796518,4,3,0,0,0,4,3,4.593751075297533,-1.0164201071673857,"11.525586599","15.771633375","4.246046776","13.302","25.330571429","12.028571429"
489119,"Miley, Wade","CHC",2022,2022,"All",0.15204186181991391,0.28846980598828653,174,0.011494252873563218,1,1,0,0,0,1,1,-0.04638065464695844,0.3584844283317903,"10.640127389","12.577872611","1.937745223","9.213","17.9475","8.7345"
650960,"Duarte, Daniel","CIN",2022,2022,"All",0.04196608450165632,,39,0,0,0,0,0,0,0,0,0.6324254225082817,-0.18782000000000001,"11.1756","15.674","4.4984",,,
502154,"Britton, Zack","NYY",2022,2022,"All",-0.0002743126064956643,,6,0,0,0,0,0,0,0,0,0.0399384369675217,-0.018360000000000015,"8.920666667","10.297166667","1.3765",,,
592473,"Kolarek, Adam","OAK",2022,2022,"All",0.02091537873185563,0.06279955142170573,114,0.008771929824561403,1,0,0,0,0,1,0,0.10765762393617383,-0.001369213456397395,"12.339842593","15.645305556","3.305462963","15.07","21.54","6.47"
669060,"Wilson, Bryse","PIT",2022,2022,"All",0.11136177901303812,0.41788617535046824,617,0.011345218800648298,4,3,0,0,0,4,3,-0.5123020664046178,0.4751604273199168,"11.615189916","15.797371429","4.182181513","11.958428571","21.347142857","9.388714286"
605521,"Warren, Art","CIN",2022,2022,"All",-0.5236607106664983,-0.5242817445288843,274,0.032846715328467155,8,1,0,0,0,8,1,-4.857643798860253,0.9952623313456723,"11.889073171","16.52896748","4.639894309","12.191555556","25.647333333","13.455777778"
543766,"Shaw, Bryan","CLE",2022,2022,"All",-0.1607902084725103,-0.20811841544216245,415,0.004819277108433735,2,0,0,0,0,2,0,0.7295206912088024,-0.6815429926983776,"11.869863861","15.434022277","3.564158416","12.1595","22.3885","10.229"
642239,"Zastryzny, Rob","LAA",2022,2022,"All",-0.1368864530438222,-0.12385111044537674,45,0.022222222222222223,1,0,0,0,0,1,0,-0.7130939840602142,0.012738541707157231,"10.952452381","14.05497619","3.10252381","11.26","22.147","10.887"
572703,"Bard, Luke","NYY",2022,2022,"All",-0.7109623114023857,-0.5732212733817258,93,0.07526881720430108,6,1,0,1,0,7,1,-5.6893055598805855,0.9486640012749586,"12.225443038","16.503797468","4.27835443","12.796","24.902857143","12.106857143"
669145,"Zimmermann, Bruce","BAL",2022,2022,"All",0.30479385185718594,0.18342466729126267,381,0.0026246719160104987,1,0,0,0,0,1,0,2.9794555104640583,-0.6468827783013911,"11.409597101","13.928521739","2.518924638","10.411","20.209","9.798"
621011,"Schrock, Max","CIN",2022,2022,"All",0.004781271246795421,,7,0,0,0,0,0,0,0,0,0.09732385623397712,-0.032630000000000006,"14.876714286","15.931571429","1.054857143",,,
593576,"Neris, Héctor","HOU",2022,2022,"All",-0.00811758682793126,0.34195901817706775,386,0.010362694300518135,3,1,0,1,0,4,1,0.13849548236702752,-0.07959262955852581,"11.721608939","16.433114525","4.711505587","12.47","24.9765","12.5065"
677053,"Nardi, Andrew","MIA",2022,2022,"All",0.058929755304291793,,147,0,0,0,0,0,0,0,0,1.075578776521462,-0.3470799999999997,"12.538611111","15.309902778","2.771291667",,,
663734,"Neidert, Nick","MIA",2022,2022,"All",0.0035754054627801036,,20,0,0,0,0,0,0,0,0,0.0554520273139005,-0.016699999999999996,"11.10945","14.67985","3.5704",,,
669935,"Alexy, A.J.","TEX",2022,2022,"All",0.00858493600339077,,65,0,0,0,0,0,0,0,0,0.3963096800169539,-0.15706,"11.427095238","15.532746032","4.105650794",,,
666120,"Anderson, Ian","ATL",2022,2022,"All",-0.15238734237687385,-0.02705240791525655,697,0.00860832137733142,4,2,0,0,0,4,2,-0.3951236833638345,-0.163028012675791,"11.483869822","15.434806213","3.950936391","12.848166667","24.972","12.123833333"
596082,"Reed, Jake","BAL",2022,2022,"All",-0.182778900643639,,138,0,0,0,0,1,0,1,0,-0.2871570032181944,-0.27855000000000013,"11.642105691","14.99102439","3.348918699",,,
669373,"Skubal, Tarik","DET",2022,2022,"All",0.8310972672148894,0.37153603185556927,667,0.004497751124437781,0,3,1,0,0,0,4,3.459824026561792,0.3091832486722912,"11.744833856","14.355015674","2.610181818","11.071333333","19.697666667","8.626333333"
660761,"Suarez, José","LAA",2022,2022,"All",0.34352467220656824,0.2569867490421394,627,0.003189792663476874,1,1,0,0,0,1,1,3.4011009518363644,-0.7482122625793416,"11.169890459","13.454325088","2.284434629","10.6245","20.2525","9.628"
643377,"Jax, Griffin","MIN",2022,2022,"All",-0.004322165379508861,-0.0854843421105432,481,0.008316008316008316,4,0,0,0,0,4,0,1.758841760869489,-0.7913122612297927,"11.625459341","15.399934066","3.774474725","11.913","21.339","9.426"
628708,"Marte, Yunior","SF",2022,2022,"All",0.1463038296072522,,355,0,0,0,0,0,0,0,0,2.9075616480362663,-0.967129999999999,"11.765217391","15.791721739","4.026504348",,,
673904,"Walsh, Jake","STL",2022,2022,"All",0.0038648629403379344,,24,0,0,0,0,0,0,0,0,0.13749431470168974,-0.05252000000000005,"12.898666667","16.426166667","3.5275",,,
621219,"Mills, Alec","CHC",2022,2022,"All",0.027842852043923012,,89,0,0,0,0,0,0,0,0,0.632571760219615,-0.21926999999999996,"11.534404762","14.773238095","3.238833333",,,
592743,"Simmons, Andrelton","CHC",2022,2022,"All",0.00016747149801358096,,13,0,0,0,0,0,0,0,0,0.022864857490067923,-0.009790000000000007,"12.382769231","14.532461538","2.149692308",,,
643230,"Brault, Steven","CHC",2022,2022,"All",-0.031642439708808215,-0.03490910979562373,70,0.014285714285714285,1,0,0,0,0,1,0,-0.24444582301560364,0.038326055320694816,"12.555954545","15.882090909","3.326136364","11.514","22.551","11.037"
669395,"Coleman, Dylan","KC",2022,2022,"All",0.22391502402613872,0.3381939568068948,491,0.006109979633401222,1,2,0,0,0,1,2,1.2797017995527125,-0.07116741307645294,"11.444385246","14.852829918","3.408444672","11.604333333","19.228333333","7.624"
623211,"Brazobán, Huascar","MIA",2022,2022,"All",0.10574004542180543,0.027308664435811925,247,0.004048582995951417,0,1,0,0,0,0,1,1.3045517056746965,-0.34482287936251965,"12.054190678","16.14159322","4.087402542","8.892","22.907","14.015"
666200,"Luzardo, Jesús","MIA",2022,2022,"All",0.14455728580120125,0.022584552171458883,549,0.0036429872495446266,2,0,0,0,0,2,0,2.866309334467735,-0.9526768468718783,"10.723190751","13.918427746","3.195236994","12.015","25.7375","13.7225"
657746,"Ryan, Joe","MIN",2022,2022,"All",-0.3555828713568288,-0.4418461633310446,844,0.013033175355450236,10,1,0,0,0,10,1,-1.8749975385378594,0.04314808077942395,"11.882092875","16.113087786","4.230994911","11.5516","22.8518","11.3002"
621249,"Underwood Jr., Duane","PIT",2022,2022,"All",-0.13481017376373383,-0.15886136375975546,413,0.012106537530266344,3,2,0,0,0,3,2,-0.3202950268675251,-0.15722481864495366,"11.202434783","15.300309463","4.09787468","13.0102","24.3632","11.353"
475479,"Phelps, David","TOR",2022,2022,"All",1.0341675420002003,1.3115346659435292,481,0.006237006237006237,1,2,0,0,0,1,2,2.7828572125739295,1.06132466552314,"11.279061404","14.366631579","3.087570175","10.532666667","16.831666667","6.299"
677865,"Bruihl, Justin","LAD",2022,2022,"All",-0.13474013686311193,-0.14352275083321492,104,0.009615384615384616,1,0,0,0,0,1,0,-0.042940227385478646,-0.28033798085781425,"11.040383838","13.524393939","2.484010101","11.64","23.827","12.187"
669160,"May, Dustin","LAD",2022,2022,"All",-0.20005870982519852,-0.03542196684452911,158,0.02531645569620253,4,0,0,0,0,4,0,-1.7455552890556119,0.3312274399687186,"11.846373333","16.61666","4.770286667","11.772","22.20375","10.43175"
643338,"Green, Chad","NYY",2022,2022,"All",0.03419048452128132,,112,0,0,0,0,0,0,0,0,0.8353549226064068,-0.29529000000000005,"11.942424242","16.176656566","4.234232323",,,
643511,"Rogers, Tyler","SF",2022,2022,"All",0.023759274820125117,0.03671623650037065,401,0.0024937655860349127,1,0,0,1,0,2,0,1.585885335708912,-0.6520395384925706,"11.975882353","15.153780051","3.177897698","11.968","21.26","9.292"
660906,"Pérez, Francisco","WSH",2022,2022,"All",-0.08090773245937598,-0.20505330962638454,140,0.007142857142857143,1,0,0,0,0,1,0,-0.4151571353836052,0.004719321371878145,"12.126797101","14.534471014","2.407673913","13.297","22.458","9.161"
641329,"Baker, Bryan","BAL",2022,2022,"All",0.702774999001391,0.1712440640744376,446,0.002242152466367713,1,0,1,0,0,1,1,3.3198536015186715,0.08623173043923904,"11.747464198","15.497839506","3.750375309","10.143","19.516","9.373"
670174,"Winckowski, Josh","BOS",2022,2022,"All",-0.09000731760875513,-0.10722146065988013,409,0.007334963325183374,3,0,0,0,0,3,0,1.31384536880015,-0.7839475363750759,"12.02708794","15.641562814","3.614474874","12.893333333","24.938666667","12.045333333"
571760,"Heaney, Andrew","LAD",2022,2022,"All",0.14803079892631404,,364,0,0,0,0,0,0,0,0,2.969228994631571,-0.9907000000000004,"11.130437143","13.202911429","2.072474286",,,
547001,"Poteet, Cody","MIA",2022,2022,"All",-0.0939075590625733,-0.0544126432365348,162,0.012345679012345678,1,1,0,0,0,1,1,-0.5228497502916952,0.023694202212813046,"12.449921053","16.392111842","3.942190789","12.054","21.675","9.621"
596117,"Stubbs, Garrett","PHI",2022,2022,"All",0.0013890120231294094,,11,0,0,0,0,0,0,0,0,0.0655800601156471,-0.026060000000000024,"12.428545455","14.762818182","2.334272727",,,
676050,"Naughton, Packy","STL",2022,2022,"All",0.1038780491479298,,211,0,0,0,0,0,0,0,0,1.8858827457396512,-0.6073300000000007,"11.709605128","13.697979487","1.988374359",,,
672851,"Adon, Joan","WSH",2022,2022,"All",0.24121587016006663,0.3493720016111645,496,0.008064516129032258,3,1,0,0,0,3,1,1.0518691403156555,0.06853787132652983,"11.879656904","15.560638075","3.680981172","11.3385","21.0925","9.754"
659275,"Lamet, Dinelson","COL",2022,2022,"All",-0.18215423705580802,-0.04399765147272708,238,0.01680672268907563,4,0,0,0,0,4,0,-1.2986004982453199,0.17236858354057005,"11.739810345","15.590051724","3.850241379","10.792","20.20225","9.41025"
641394,"Brentz, Jake","KC",2022,2022,"All",0.020060769907646832,,68,0,0,0,0,0,0,0,0,0.5584263495382339,-0.20361000000000024,"10.968226415","13.130018868","2.161792453",,,
455119,"Martin, Chris","LAD",2022,2022,"All",-0.4618194167298557,-0.27923620096362867,332,0.018072289156626505,4,2,0,1,0,5,2,-3.21880335763818,0.4043138995506229,"11.487631922","16.337781759","4.850149837","11.405166667","25.224","13.818833333"
657770,"Stout, Eric","PIT",2022,2022,"All",0.03008844983505341,,205,0,0,0,0,0,0,0,0,0.8894772491752672,-0.3284599999999997,"11.216882051","13.49665641","2.279774359",,,
666619,"Santos, Gregory","SF",2022,2022,"All",0.008060907130367757,,23,0,0,0,0,0,0,0,0,0.20684953565183875,-0.07402000000000007,"11.323090909","15.823227273","4.500136364",,,
675921,"Howard, Spencer","TEX",2022,2022,"All",-0.026580517680398652,-0.3365956101328196,238,0.012605042016806723,3,0,1,1,0,4,1,-2.1542429425317122,0.8983734907243212,"11.886744395","16.690578475","4.803834081","11.863666667","22.601666667","10.738"
628452,"Iglesias, Raisel","ATL",2022,2022,"All",0.30689385952654263,0.4193905932935651,340,0.0029411764705882353,1,0,0,0,0,1,0,1.7413236020396483,-0.09193524640308229,"11.448626911","14.330360856","2.881733945","11.227","16.875","5.648"
593140,"Feliz, Michael","BOS",2022,2022,"All",-0.023275894818505453,0.039485097150062015,15,0.06666666666666667,1,0,0,0,0,1,0,-0.6654206810666827,0.2440183142107358,"8.799714286","16.074714286","7.275","14.828","30.066","15.238"
458677,"Wilson, Justin","CIN",2022,2022,"All",0.008230058874713763,,18,0,0,0,0,0,0,0,0,0.09224779437356884,-0.022710000000000015,"12.899222222","17.418555556","4.519333333",,,
571656,"Farmer, Buck","CIN",2022,2022,"All",0.19266318610333533,0.6720657496252259,338,0.014792899408284023,3,2,0,0,0,3,2,-0.6871758046781817,0.7335518823088267,"11.36116129","15.613787097","4.252625806","12.7976","21.3666","8.569"
572191,"Taylor, Michael A.","KC",2022,2022,"All",0.014423466092599233,,11,0,0,0,0,0,0,0,0,0.20493483046299632,-0.059030000000000055,"7.052181818","11.044","3.991818182",,,
543238,"Gose, Anthony","CLE",2022,2022,"All",0.031059268682359642,,149,0,0,0,0,0,0,0,0,0.7970638434117984,-0.2852299999999997,"12.104694444","14.500243056","2.395548611",,,
543056,"Coulombe, Danny","MIN",2022,2022,"All",-0.13594057453469785,-0.11885150960667479,81,0.012345679012345678,1,0,0,0,0,1,0,-0.4003368248689847,-0.124162687913113,"12.453358974","15.606987179","3.153628205","14.239","34.401","20.162"
605507,"Thompson, Zach","PIT",2022,2022,"All",-0.13532732222397292,-0.005607866048200877,681,0.011747430249632892,7,1,0,0,0,7,1,-0.9474591137927336,0.12036555674349914,"11.216129032","15.416434716","4.200305684","11.30225","20.782625","9.480375"
596071,"Peters, Dillon","PIT",2022,2022,"All",-0.054357455038145604,-0.19662767303105047,191,0.005235602094240838,1,0,0,0,0,1,0,0.38222798286325654,-0.290673448023993,"11.788741758","14.526258242","2.737516484","10.421","23.579","13.158"
667498,"Dugger, Robert","CIN",2022,2022,"All",0.052804051336875026,0.015828723487779917,136,0.022058823529411766,2,1,0,0,0,2,1,-0.944160874808033,0.536969391774404,"11.508592308","15.449161538","3.940569231","12.200666667","22.419666667","10.219"
593423,"Montas, Frankie","NYY",2022,2022,"All",0.22477522809947964,0.39526345020868753,825,0.007272727272727273,3,3,0,0,0,3,3,1.6926333865750054,-0.25278099825671335,"11.543394737","15.387490789","3.844096053","12.567833333","21.935333333","9.3675"
657745,"Rossman, Bubby","PHI",2022,2022,"All",-0.000783694530443757,,4,0,0,0,0,0,0,0,0,0.005081527347781216,-0.004,"8.067","11.99075","3.92375",,,
608349,"Knebel, Corey","PHI",2022,2022,"All",0.3392016336495588,-0.018157573089938345,303,0.0165016501650165,3,2,1,0,0,3,3,-0.9514679811023969,1.176656066377865,"11.894107407","16.384981481","4.490874074","12.7192","23.0654","10.3462"
605400,"Nola, Aaron","PHI",2022,2022,"All",-1.035422999440258,-0.9955854755936291,996,0.01706827309236948,9,8,0,0,0,9,8,-5.81173918501193,0.28205519458250766,"11.351062857","16.234517714","4.883454857","11.436941176","23.328529412","11.891588235"
670990,"Ramírez, Yohan","PIT",2022,2022,"All",0.4476169560145718,0.05451409503319134,197,0.005076142131979695,1,0,1,0,0,1,1,0.8023244472197931,0.6381157034902515,"11.776071429","15.374494505","3.598423077","13.142","26.528","13.386"
661440,"Llovera, Mauricio","SF",2022,2022,"All",-0.13112281874603257,-0.10239226429242426,136,0.014705882352941176,2,0,0,0,0,2,0,-0.6537874335162605,-0.0008118489839582972,"12.066023256","15.926093023","3.860069767","12.0935","25.077","12.9835"
596001,"Junis, Jakob","SF",2022,2022,"All",0.3290553662469937,0.2360118456373669,624,0.016025641025641024,9,1,1,0,0,9,2,-2.876033582567996,2.0094712950235403,"10.97982646","15.366164948","4.386338488","12.3208","24.3228","12.002"
664285,"Valdez, Framber","HOU",2022,2022,"All",0.1906099307250128,0.0508498376416712,1069,0.002806361085126286,3,0,0,1,0,4,0,7.47228878300563,-2.897439613058029,"10.734054455","13.098719802","2.364665347","13.836333333","28.12","14.283666667"
650382,"Hernández, Darwinzon","BOS",2022,2022,"All",0.032896081542921694,,71,0,0,0,0,0,0,0,0,0.6722829077146083,-0.22569000000000017,"12.731774648","14.79056338","2.058788732",,,
607229,"Gsellman, Robert","CHC",2022,2022,"All",0.04847317247770224,,72,0,0,0,0,0,0,0,0,0.5790108623885113,-0.1496200000000001,"12.730492754","16.634594203","3.904101449",,,
488984,"Hunter, Tommy","NYM",2022,2022,"All",-0.0011891486951620955,0.058136042549039535,141,0.014184397163120567,2,0,0,0,0,2,0,0.19043522904025856,-0.08728043222936316,"11.157086614","15.87984252","4.722755906","12.849","25.63","12.781"
664141,"Brubaker, JT","PIT",2022,2022,"All",0.01057471380269151,0.2726685242300675,951,0.006309148264984227,5,1,0,2,0,7,1,1.4043794452552412,-0.6006692783296694,"11.415743079","15.674683278","4.258940199","11.094333333","23.2485","12.154166667"
666374,"Brash, Matt","SEA",2022,2022,"All",0.573719769002867,0.715086494150442,353,0.0056657223796034,0,2,0,0,0,0,2,2.068881007861639,0.3554301498456478,"11.256390029","14.458809384","3.202419355","10.9265","16.895","5.9685"
453343,"Melancon, Mark","AZ",2022,2022,"All",-0.019461910779862843,-0.1364033963638137,311,0.00964630225080386,2,1,0,0,0,2,1,0.9542330401571378,-0.4673522640250887,"11.652996622","14.848023649","3.195027027","12.899333333","22.537333333","9.638"
675912,"Lowther, Zac","BAL",2022,2022,"All",0.004121069238316731,,30,0,0,0,0,0,0,0,0,0.11355284619158366,-0.04131000000000003,"11.451538462","12.892846154","1.441307692",,,
663574,"Santillan, Tony","CIN",2022,2022,"All",0.10422468683953849,,214,0,0,0,0,0,0,0,0,1.7698509341976933,-0.5549899999999995,"11.263563107","14.369398058","3.105834951",,,
614179,"Ruiz, José","CWS",2022,2022,"All",-0.6603231674884635,-0.2122638060603035,452,0.01991150442477876,8,1,0,1,0,9,1,-4.7017837968182725,0.6222968708337602,"11.621363426","15.292175926","3.6708125","11.951333333","21.917222222","9.965888889"
621389,"Blach, Ty","COL",2022,2022,"All",0.09202389955954815,,224,0,0,0,0,0,0,0,0,1.5710794977977411,-0.4937600000000001,"12.189270642","14.186568807","1.997298165",,,
622253,"Tate, Dillon","BAL",2022,2022,"All",0.2171838526861928,0.6337571531620028,458,0.010917030567685589,4,1,0,0,0,4,1,-0.1712426236914968,0.5587386164988726,"11.633198068","15.154722222","3.521524155","12.2796","21.3746","9.095"
476595,"Luetge, Lucas","NYY",2022,2022,"All",0.15475193378179652,,386,0,0,0,0,0,0,0,0,3.2817221689089755,-1.11465,"11.755819945","14.27533795","2.519518006",,,
594835,"Gonzales, Marco","SEA",2022,2022,"All",0.22488014540463702,-0.3899324306221737,912,0.009868421052631578,8,1,1,0,0,8,2,-0.12419676346463393,0.5549322179945892,"11.311875986","13.885811725","2.573935738","11.215666667","22.340777778","11.125111111"
592351,"Gray, Jon","TEX",2022,2022,"All",-1.2538381779747652,-0.339880613007928,638,0.0219435736677116,13,1,0,2,0,15,1,-8.504270780041853,0.9933688400746804,"11.467543131","15.861573482","4.394030351","11.958428571","22.542642857","10.584214286"
434671,"Sánchez, Aníbal","WSH",2022,2022,"All",-0.4439003897404186,-0.7144929953293033,464,0.010775862068965518,5,0,0,0,0,5,0,-0.72418857216819,-0.6645837229039581,"10.678755155","15.95443299","5.275677835","10.6424","23.624","12.9816"
681217,"Silseth, Chase","LAA",2022,2022,"All",-0.09057359317942655,-0.016463463680673487,214,0.014018691588785047,3,0,0,0,0,3,0,-0.5820231375923901,0.05740229853122554,"10.889239583","14.952765625","4.063526042","11.114","21.632333333","10.518333333"
642547,"Peralta, Freddy","MIL",2022,2022,"All",-0.020066209352537306,0.12973660337972237,436,0.011467889908256881,3,2,0,0,0,3,2,-0.5175574656423839,0.1854339639465323,"11.556016787","16.113561151","4.557544365","11.7922","21.7832","9.991"
606303,"Payamps, Joel","OAK",2022,2022,"All",0.5355930905100597,0.8521858587305304,396,0.007575757575757576,2,1,0,0,0,2,1,1.368731242290678,0.5818818712265004,"12.107167539","16.007722513","3.900554974","12.461","21.315666667","8.854666667"
640451,"Harvey, Hunter","WSH",2022,2022,"All",-0.3134314493912306,-0.3584467672923012,271,0.01107011070110701,3,0,0,0,0,3,0,-0.647376942603546,-0.4087912463789351,"11.783038314","16.057498084","4.27445977","11.196666667","24.147333333","12.950666667"
518617,"Diekman, Jake","CWS",2022,2022,"All",0.10498970952639035,0.28531234280711126,524,0.013358778625954198,5,2,0,0,0,5,2,-1.3997569207905907,0.8554246526322415,"12.285438835","14.797333981","2.511895146","13.586714286","27.400142857","13.813428571"
671345,"Foley, Jason","DET",2022,2022,"All",-0.09759608363528645,0.20786121400495905,397,0.015113350125944584,3,3,0,1,0,4,3,-1.2720855145089716,0.3484911539255733,"12.229554945","15.66035989","3.430804945","12.5645","21.251833333","8.687333333"
676840,"Peacock, Matt","KC",2022,2022,"All",0.03843799169363075,,77,0,0,0,0,0,0,0,0,0.6859524584681539,-0.21945000000000012,"11.94568","15.419173333","3.473493333",,,
660853,"De Los Santos, Enyel","CLE",2022,2022,"All",0.19377433957622664,0.5303841034771073,283,0.007067137809187279,2,0,0,1,0,3,0,0.19179985884974693,0.34536526179172944,"12.298212454","16.476340659","4.178128205","10.7745","18.5155","7.741"
571670,"Floro, Dylan","MIA",2022,2022,"All",0.2212398492728342,,328,0,0,0,0,0,0,0,0,3.1075967463641705,-0.8895100000000002,"11.544322368","15.180197368","3.635875",,,
682051,"Hill, Garrett","DET",2022,2022,"All",0.1933154894125047,0.2600129683164389,463,0.008639308855291577,3,1,0,0,0,3,1,1.799950613869095,-0.37038807413624825,"11.857004773","15.735078759","3.878073986","12.5625","21.782","9.2195"
572193,"Tepera, Ryan","LAA",2022,2022,"All",-0.2599869822531957,-0.5610732440537185,311,0.01929260450160772,5,1,0,0,0,5,1,-2.1458449957435195,0.3759600375455794,"12.046540146","15.900956204","3.854416058","12.704666667","24.1725","11.467833333"
670046,"Rosenberg, Kenny","LAA",2022,2022,"All",0.05452960478466225,0.058317595211536455,59,0.01694915254237288,0,1,0,0,0,0,1,-0.46946872071651097,0.32982966428436566,"11.560596491","15.377859649","3.817263158","9.378","22.13","12.752"
446321,"Detwiler, Ross","CIN",2022,2022,"All",0.08986681079802834,,204,0,0,0,0,0,0,0,0,1.4491665539901442,-0.44437000000000043,"12.383319372","15.258104712","2.87478534",,,
596295,"Gomber, Austin","COL",2022,2022,"All",-0.4828746581679004,-0.4279901214454723,737,0.010854816824966078,6,2,0,0,0,6,2,0.4519715353695225,-1.273931033870676,"11.678205539","14.826039359","3.147833819","12.79325","25.07525","12.282"
592826,"Velasquez, Vince","CWS",2022,2022,"All",-0.1490049133278083,0.04419402871331281,465,0.008602150537634409,3,1,0,1,0,4,1,0.2954394102565266,-0.46242843417580815,"11.55278673","15.651746445","4.098959716","11.4075","21.7785","10.371"
663975,"Duron, Nick","PHI",2022,2022,"All",-0.00044570682148040337,,12,0,0,0,0,0,0,0,0,0.08579146589259812,-0.039120000000000064,"10.9888","15.8979","4.9091",,,
683232,"Mears, Nick","PIT",2022,2022,"All",0.00940485426692103,,13,0,0,0,0,0,0,0,0,0.2094292713346051,-0.07218000000000004,"9.689","14.323461538","4.634461538",,,
656492,"Griffin, Foster","TOR",2022,2022,"All",-0.08976983172398562,-0.13937718107004016,45,0.022222222222222223,1,0,0,0,0,1,0,-0.3625265040234079,-0.03836562426511983,"11.490886364","14.879318182","3.388431818","11.805","25.365","13.56"
624522,"Thompson, Keegan","CHC",2022,2022,"All",0.8252731907540618,1.0262446200921411,631,0.006339144215530904,1,3,0,0,0,1,3,3.434747426845269,0.3073860119666922,"11.062778702","14.144026622","3.08124792","10.86025","18.201","7.34075"
570666,"Cessa, Luis","CIN",2022,2022,"All",-0.41272348825622496,-0.5237441865315795,395,0.010126582278481013,3,1,0,0,0,3,1,-0.6501683827026287,-0.6281995815904431,"11.435872973","15.196221622","3.760348649","13.33975","24.12675","10.787"
570257,"Rodríguez, Joely","NYM",2022,2022,"All",0.006525214363742801,-0.22707472530461392,334,0.005988023952095809,2,0,0,0,0,2,0,1.1284582191619095,-0.4870365099303037,"11.23371519","13.53946519","2.30575","11.716","26.312","14.596"
656803,"Norwood, James","PHI",2022,2022,"All",0.07664855573238491,0.020629228011297573,170,0.0058823529411764705,1,0,0,0,0,1,0,1.4433853026985972,-0.47117445512740813,"12.4375","15.741740506","3.304240506","12.453","21.64","9.187"
461325,"Clippard, Tyler","WSH",2022,2022,"All",-0.0933710981374361,-0.06378684598755881,33,0.030303030303030304,1,0,0,0,0,1,0,-0.5349901387927747,0.030282065824708507,"12.4369375","17.6086875","5.17175","12.294","23.249","10.955"
592858,"Wick, Rowan","CHC",2022,2022,"All",-0.21728799532438658,-0.1637152360891291,518,0.007722007722007722,3,1,0,0,0,3,1,0.46668136888543044,-0.6902761535588279,"11.729231263","15.758278373","4.029047109","12.39875","26.046","13.64725"
660730,"Rodríguez, Elvin","DET",2022,2022,"All",0.05631077914295157,,163,0,0,0,0,0,0,0,0,1.1401763957147588,-0.38160999999999984,"11.557698113","14.766308176","3.208610063",,,
672582,"Zerpa, Angel","KC",2022,2022,"All",0.02767968369881549,,57,0,0,0,0,0,0,0,0,0.6263784184940779,-0.21688000000000002,"10.028240741","11.536277778","1.508037037",,,
669276,"Lee, Dylan","ATL",2022,2022,"All",-0.09065632985858094,-0.17865536234085755,267,0.003745318352059925,1,0,0,0,0,1,0,0.9797561986308215,-0.6369057101883234,"11.101708333","13.805056818","2.703348485","11.804","25.778","13.974"
608337,"Giolito, Lucas","CWS",2022,2022,"All",0.49803140208762303,-0.14589551799564887,1029,0.0058309037900874635,5,1,1,0,0,5,2,3.553365295729108,-0.4725370156848851,"11.211880412","14.513280412","3.3014","11.9212","23.0252","11.104"
623465,"Phillips, Evan","LAD",2022,2022,"All",-0.2550524021344846,-0.2411064627613571,309,0.009708737864077669,3,0,0,0,0,3,0,-0.5845473691490228,-0.30698428512151016,"11.441996503","15.625601399","4.183604895","11.766333333","23.151","11.384666667"
657612,"Hill, Tim","SD",2022,2022,"All",0.08384850352897796,0.0821649780198859,252,0.003968253968253968,1,0,0,0,0,1,0,1.1193825363508316,-0.31117334164708443,"11.828418033","14.361237705","2.532819672","14","30.703","16.703"
674072,"Henry, Tommy","AZ",2022,2022,"All",0.1916285402368138,0.3994338446640361,212,0.009433962264150943,2,0,0,0,0,2,0,0.17786107985881697,0.3467918317001114,"11.194961538","13.797413462","2.602451923","11.2185","18.332","7.1135"
544727,"Familia, Jeurys","BOS",2022,2022,"All",0.0578055808610958,0.21278065876743146,376,0.013297872340425532,2,3,0,0,0,2,3,-0.7595091927949654,0.466016487600197,"11.18282235","14.786750716","3.603928367","12.5676","25.272","12.7044"
676710,"Crawford, Kutter","BOS",2022,2022,"All",0.23556515237861472,0.5588823242521825,396,0.020202020202020204,4,4,0,0,0,4,4,-2.703617878182286,1.72508606225572,"11.554606218","15.972111399","4.417505181","11.316375","20.73325","9.416875"
676092,"Snider, Collin","KC",2022,2022,"All",0.05756592673672672,,260,0,0,0,0,0,0,0,0,1.6367721336836338,-0.59953,"11.283984127","15.163492063","3.879507937",,,
605280,"Holmes, Clay","NYY",2022,2022,"All",0.25760279071691633,0.08396044186470641,367,0.0027247956403269754,1,0,0,0,0,1,0,2.3096645396429025,-0.4540669271370305,"11.961030812","15.134448179","3.173417367","14.959","23.577","8.618"
670950,"Richards, Trevor","TOR",2022,2022,"All",-0.12257392970753181,0.2867615336139689,385,0.015584415584415584,3,3,0,0,0,3,3,-1.7067750369186865,0.48618017261379004,"11.193615385","14.969989011","3.776373626","12.467666667","21.2245","8.756833333"
668933,"Ashcraft, Graham","CIN",2022,2022,"All",-0.12037911539945163,0.22758956928744153,641,0.0093603744149766,5,1,0,0,0,5,1,0.36280234457023136,-0.428754631807772,"11.344039735","14.924326159","3.580286424","14.513333333","26.828","12.314666667"
667297,"Nance, Tommy","MIA",2022,2022,"All",-0.680196378689678,-0.6508001390916476,284,0.02112676056338028,6,0,0,0,0,6,0,-3.2475233468578586,-0.06820379848467858,"12.091684411","16.712171103","4.620486692","13.743833333","27.279666667","13.535833333"
669912,"Snead, Kirby","OAK",2022,2022,"All",-0.41566481880489836,-0.6131511686624141,363,0.011019283746556474,4,0,0,0,0,4,0,-0.7118078139674661,-0.6073405689142337,"11.24145768","13.956266458","2.714808777","10.96","22.837","11.877"
660787,"De los Santos, Yerry","PIT",2022,2022,"All",-0.2082456685229004,0.03204737099691532,164,0.024390243902439025,3,1,0,0,0,3,1,-1.9911339569134694,0.42218027302176403,"11.464107595","16.698063291","5.233955696","12.79225","26.8065","14.01425"
656222,"Beeks, Jalen","TB",2022,2022,"All",0.19526193960594257,,397,0,0,0,0,0,0,0,0,3.3653146980297133,-1.061780000000001,"11.399821244","13.559253886","2.159432642",,,
676194,"Tetreault, Jackson","WSH",2022,2022,"All",0.06278255351558543,0.134123195702823,132,0.007575757575757576,1,0,0,0,0,1,0,0.5279442964972595,-0.09512512396414768,"11.239646154","14.8167","3.577053846","13.478","19.597","6.119"
445926,"Chavez, Jesse","ATL",2022,2022,"All",0.23420124209859855,0.3349028166402741,462,0.008658008658008658,3,1,0,0,0,3,1,1.183924794932341,-0.0057415930841545615,"11.360943182","14.945025","3.584081818","10.85325","19.99325","9.14"
543606,"Odorizzi, Jake","ATL",2022,2022,"All",0.32914467525829694,0.3150115060729921,556,0.01618705035971223,5,4,1,0,0,5,5,-2.137463691631422,1.6814164746324058,"11.224318359","15.148630859","3.9243125","11.790111111","21.717888889","9.927777778"
650556,"Abreu, Bryan","HOU",2022,2022,"All",-0.40742001861811694,-0.19308777819770645,428,0.014018691588785047,5,1,0,0,0,5,1,-2.368608089663073,0.14733688736555306,"12.157104369","16.649820388","4.492716019","13.0165","26.558166667","13.541666667"
676946,"Batten, Matthew","SD",2022,2022,"All",0.000750620637329276,,11,0,0,0,0,0,0,0,0,0.09928810318664635,-0.04246,"12.178363636","14.646090909","2.467727273",,,
650895,"Castillo, Diego","SEA",2022,2022,"All",-0.8646895308883082,-0.5668211944908188,299,0.03678929765886288,10,1,0,0,0,10,1,-6.205342910660764,0.8363978916529842,"12.12665704","16.273393502","4.146736462","11.540909091","23.458545455","11.917636364"
669093,"Estrada, Jeremiah","CHC",2022,2022,"All",-0.18379612892288086,-0.390709582262438,40,0.025,1,0,0,0,0,1,0,-0.8404552534909261,-0.03490017383265697,"12.450216216","17.105081081","4.654864865","21.549","45.215","23.666"
605170,"Caratini, Victor","MIL",2022,2022,"All",0.0012954750811287117,,8,0,0,0,0,0,0,0,0,0.023712375405643565,-0.0076600000000000045,"11.49075","14.617875","3.127125",,,
605154,"Brebbia, John","SF",2022,2022,"All",0.881173439363806,1.5212290942507614,465,0.010752688172043012,2,3,0,0,0,2,3,1.3330715053205917,1.3656869739993094,"11.549026608","15.212","3.662973392","12.3984","21.2214","8.823"
680686,"Gray, Josiah","WSH",2022,2022,"All",-0.274426494737223,0.13706430950484766,874,0.014874141876430207,9,4,0,0,0,9,4,-3.437677592776537,0.9180200529290667,"11.513189843","16.11501451","4.601824667","12.273230769","23.569769231","11.296538462"
666205,"Muller, Kyle","ATL",2022,2022,"All",-0.6124024365079812,-0.6575167718688026,115,0.034782608695652174,4,0,0,0,0,4,0,-2.786932805215643,-0.12225750103300602,"12.20122","16.48079","4.27957","12.472","27.6235","15.1515"
641682,"Hendrix, Ryan","CIN",2022,2022,"All",0.054846171926774434,0.23631824093947673,62,0.03225806451612903,1,1,0,0,0,1,1,-0.7437170947400925,0.4524213130550957,"11.652098361","14.573688525","2.921590164","10.4805","19.3725","8.892"
663630,"McKenna, Ryan","BAL",2022,2022,"All",0.00014896229398443748,,6,0,0,0,0,0,0,0,0,0.03759981146992219,-0.016380000000000002,"13.623","14.867666667","1.244666667",,,
601713,"Pivetta, Nick","BOS",2022,2022,"All",-0.7890667355879284,-0.19663845614836137,1141,0.016652059596844872,15,4,0,1,0,16,4,-7.049775645893191,1.3797519857571368,"12.134852294","16.477073394","4.342221101","12.233157895","23.287052632","11.053894737"
608718,"Suter, Brent","MIL",2022,2022,"All",1.287485540391092,0.3901926968652597,379,0.005277044854881266,0,2,2,0,0,0,4,2.0056183408659205,1.9696930493731286,"10.87467147","13.217587896","2.342916427","10.9525","19.282","8.3295"
622098,"Smith, Drew","NYM",2022,2022,"All",0.19818472784033736,0.2958514213222066,305,0.003278688524590164,0,1,0,0,0,0,1,1.5180331919059236,-0.2342709123129928,"11.298003497","14.841262238","3.543258741","12.301","18.443","6.142"
642203,"Widener, Taylor","AZ",2022,2022,"All",-0.21151407550496598,-0.32557180806228025,149,0.013422818791946308,2,0,0,0,0,2,0,-0.26173803854540323,-0.3537032617686314,"11.556263158","15.569661654","4.013398496","10.6595","24.1515","13.492"
598287,"Ramirez, Noé","AZ",2022,2022,"All",0.9516118601839507,0.8059763464645515,352,0.02556818181818182,5,4,1,0,0,5,5,-2.4049685617393664,3.1835679389596128,"12.322903427","16.482875389","4.159971963","11.978888889","21.654666667","9.675777778"
518489,"Brasier, Ryan","BOS",2022,2022,"All",0.30972932975425693,0.16053596253731348,328,0.01524390243902439,5,0,1,0,0,5,1,-1.2055315503841986,1.2240791996246596,"12.16347","15.808863333","3.645393333","10.4826","20.9356","10.453"
501925,"Smith, Joe","MIN",2022,2022,"All",-0.30500600691186114,-0.04190210143272169,157,0.012738853503184714,2,0,0,1,0,3,0,-1.1156612715938705,-0.18194167242908107,"11.047565517","14.389462069","3.341896552","14.1815","25.6545","11.473"
676206,"Tarnok, Freddy","ATL",2022,2022,"All",-0.0696139981989272,-0.17425237485012446,7,0.14285714285714285,1,0,0,0,0,1,0,-0.7959251933692645,0.199046756610946,"12.062714286","16.666428571","4.603714286","16.358","27.597","11.239"
543521,"McHugh, Collin","ATL",2022,2022,"All",-0.02225982944774503,-0.12378759799667569,389,0.002570694087403599,1,0,0,0,0,1,0,1.8102014981173546,-0.8540002868249245,"11.458352","15.387445333","3.929093333","12.824","21.626","8.802"
605200,"Davies, Zach","AZ",2022,2022,"All",0.7982524049781563,0.9884329010668839,807,0.011152416356877323,6,3,0,0,0,6,3,2.402477004476465,0.7061266757396972,"11.458866667","15.507393056","4.048526389","11.009555556","20.133888889","9.124333333"
656820,"Padilla, Nicholas","CHC",2022,2022,"All",0.0006831712932624913,,15,0,0,0,0,0,0,0,0,0.03172085646631242,-0.012579999999999985,"12.824666667","15.838933333","3.014266667",,,
642130,"Taylor, Blake","HOU",2022,2022,"All",0.021894186076993827,,119,0,0,0,0,0,0,0,0,0.6591684303849695,-0.2443100000000004,"12.002905172","14.006008621","2.003103448",,,
669432,"Rogers, Trevor","MIA",2022,2022,"All",0.06353850831955554,-0.6417969773508622,709,0.007052186177715092,5,0,1,0,0,5,1,1.7066366504360926,-0.6173084928170284,"11.748649469","14.936444613","3.187795144","11.9892","23.847","11.8578"
656731,"Megill, Tylor","NYM",2022,2022,"All",-0.024598220649936428,-0.15480967293988637,245,0.004081632653061225,1,0,0,0,0,1,0,0.5631586545991842,-0.3049554479328293,"11.665670996","15.758562771","4.092891775","10.066","25.819","15.753"
592169,"Brice, Austin","PIT",2022,2022,"All",0.009876560370664719,,41,0,0,0,0,0,0,0,0,0.23381530185332383,-0.08196999999999999,"11.969219512","15.717341463","3.748121951",,,
682171,"Murfee, Penn","SEA",2022,2022,"All",0.05703530869685925,0.1890893880602424,382,0.005235602094240838,2,0,0,0,0,2,0,1.6690056333307914,-0.6150351510428864,"12.403046961","16.133701657","3.730654696","18.776","32.8265","14.0505"
656257,"Brigham, Jeff","MIA",2022,2022,"All",-0.24135744178315083,-0.2160785131881352,180,0.016666666666666666,3,0,0,0,0,3,0,-1.395332705593588,0.0837979985234814,"12.60683432","17.343337278","4.736502959","11.598","22.499333333","10.901333333"
676664,"Sears, JP","OAK",2022,2022,"All",0.03707041637735487,0.058574919080431415,373,0.013404825737265416,4,1,0,0,0,4,1,-0.09332424173972102,0.12385614383399815,"11.561789157","13.956481928","2.394692771","11.8752","23.6234","11.7482"
643493,"Pruitt, Austin","OAK",2022,2022,"All",0.07607421146446895,0.3877620303848578,260,0.019230769230769232,3,2,0,0,0,3,2,-1.33858282526443,0.7639795033718972,"12.126619835","16.042793388","3.916173554","11.7478","24.0034","12.2556"
607074,"Rodón, Carlos","SF",2022,2022,"All",-1.2068066601318224,-1.5311113461400363,1014,0.015779092702169626,16,0,0,0,0,16,0,-5.703962236056602,-0.14669825093444858,"12.033692387","15.127747942","3.094055556","12.441625","25.2044375","12.7628125"
605612,"Castro, Harold","DET",2022,2022,"All",0.007624146868786229,,14,0,0,0,0,0,0,0,0,0.15446823434393117,-0.051710000000000006,"14.0775","15.296833333","1.219333333",,,
592804,"Thornburg, Tyler","MIN",2022,2022,"All",0.0689815018964941,,161,0,0,0,0,0,0,0,0,1.2450650094824716,-0.40006999999999987,"12.328662338","16.536850649","4.208188312",,,
650633,"King, Michael","NYY",2022,2022,"All",0.45956266337676144,0.6637406422817924,262,0.003816793893129771,1,0,0,0,0,1,0,1.655796650868219,0.28534074045137164,"12.031258333","15.208508333","3.17725","14.136","17.139","3.003"
666142,"Ragans, Cole","TEX",2022,2022,"All",-0.17280693074579986,-0.14578264962650342,281,0.010676156583629894,1,2,0,0,0,1,2,-0.03215125297936239,-0.36972595588872814,"11.78209319","14.435612903","2.653519713","15.628","27.927","12.299"
657140,"Wright, Kyle","ATL",2022,2022,"All",0.5589827771538807,0.5832935350638667,837,0.0023894862604540022,2,0,0,0,0,2,0,4.7251966163863495,-0.8579034358297504,"11.090069853","14.053746324","2.963676471","10.885","18.2675","7.3825"
664670,"Lopez, Alejo","CIN",2022,2022,"All",0.0054405460122699395,,3,0,0,0,0,0,0,0,0,0.07620773006134973,-0.021780000000000015,"10.167","12.356","2.189",,,
664948,"Misiewicz, Anthony","KC",2022,2022,"All",0.03156131202820603,,146,0,0,0,0,0,0,0,0,0.6805490601410302,-0.23232999999999993,"12.234434783","15.270536232","3.036101449",,,
623352,"Hader, Josh","SD",2022,2022,"All",-0.041284334181268256,0.026166060615502335,332,0.012048192771084338,4,0,0,0,0,4,0,0.3925577207022677,-0.26621306293715974,"11.846288344","15.038187117","3.191898773","12.19075","24.68475","12.494"
656756,"Montgomery, Jordan","STL",2022,2022,"All",-0.23462559067119276,-0.5516599491865373,878,0.0056947608200455585,5,0,0,0,0,5,0,3.0742993120935944,-1.887745451310911,"11.916947368","14.868185464","2.951238095","12.1672","24.4222","12.255"
450203,"Morton, Charlie","ATL",2022,2022,"All",2.423364824560763,1.3764432548545125,970,0.010309278350515464,8,2,3,0,0,8,5,2.7040390924000586,4.183460013512781,"10.904132139","15.30687794","4.402745801","11.5126","21.2111","9.6985"
663531,"Allen, Logan","BAL",2022,2022,"All",0.030975561796263314,,71,0,0,0,0,0,0,0,0,0.6214828089813165,-0.2073800000000001,"11.660848485","13.184212121","1.523363636",,,
644374,"Chang, Yu","BOS",2022,2022,"All",0.0013352514226636551,,12,0,0,0,0,0,0,0,0,0.07710125711331835,-0.031300000000000036,"13.612636364","15.480363636","1.867727273",,,
571948,"Milner, Hoby","MIL",2022,2022,"All",-0.04756362445978718,-0.13805663971082432,413,0.002421307506053269,1,0,0,0,0,1,0,1.991040431902596,-0.9906038018673483,"11.214621827","13.624984772","2.410362944","18.252","40.821","22.569"
573131,"Ruf, Darin","NYM",2022,2022,"All",0.0014171970920840056,,5,0,0,0,0,0,0,0,0,0.059510985460420066,-0.02330000000000002,"11.7868","16.441","4.6542",,,
657697,"Nittoli, Vinny","PHI",2022,2022,"All",-0.0004210712931361396,,6,0,0,0,0,0,0,0,0,0.005319643534319303,-0.0032999999999999995,"14.1376","17.3022","3.1646",,,
667373,"Rondón, Angel","STL",2022,2022,"All",-0.11163650687484612,-0.12057416909039212,44,0.022727272727272728,1,0,0,0,0,1,0,-0.665239775432565,0.04758099602592611,"11.873046512","14.846372093","2.973325581","19.475","24.669","5.194"
572383,"Moran, Brian","LAA",2022,2022,"All",-0.0006688276356294491,,23,0,0,0,0,0,0,0,0,0.030990861821852764,-0.015260000000000006,"10.886","14.473526316","3.587526316",,,
605540,"Woodruff, Brandon","MIL",2022,2022,"All",-0.43862359517063754,-0.25570295759505013,736,0.016304347826086956,9,3,0,0,0,9,3,-4.127931996150046,0.859917342354162,"11.881593343","16.232972504","4.351379161","11.0055","22.203916667","11.198416667"
472610,"García, Luis","SD",2022,2022,"All",-0.1128881799423907,0.07432384344690962,399,0.015037593984962405,6,0,0,0,0,6,0,-1.404749844412486,0.37347064208912706,"11.916880637","16.681421751","4.764541114","10.785166667","21.462333333","10.677166667"
676760,"Marinaccio, Ron","NYY",2022,2022,"All",0.06720439109754231,0.1661657485554762,360,0.011111111111111112,3,1,0,0,0,3,1,-0.21368744486823982,0.2443152890470891,"12.337923754","16.553956012","4.216032258","10.73475","21.5605","10.82575"
579328,"Kikuchi, Yusei","TOR",2022,2022,"All",0.6900414423348734,0.3596401806808254,719,0.005563282336578581,1,3,1,0,0,1,4,3.0776441332211375,0.16558359042365847,"11.171264881","13.905433036","2.734168155","11.84875","21.372","9.52325"
681911,"Vesia, Alex","LAD",2022,2022,"All",-0.3866825346020296,-0.585926084567771,362,0.008287292817679558,3,0,0,0,0,3,0,-0.6011923683104836,-0.5920979131998516,"11.927459538","15.007456647","3.07999711","11.403333333","25.982333333","14.579"
650204,"Ruiz, Norge","OAK",2022,2022,"All",0.07432578659175507,,186,0,0,0,0,0,0,0,0,1.3863339329587787,-0.45097999999999916,"11.557917127","14.273751381","2.715834254",,,
593160,"Merrifield, Whit","TOR",2022,2022,"All",-0.000653644829267587,,6,0,0,0,0,0,0,0,0,0.024136775853662078,-0.012180000000000007,"12.448166667","14.449833333","2.001666667",,,
686753,"Jameson, Drey","AZ",2022,2022,"All",0.05451286941113487,0.08365600471306636,110,0.00909090909090909,1,0,0,0,0,1,0,0.05572438631483326,0.09637331588481865,"11.4498","15.688590476","4.238790476","11.08","21.661","10.581"
656970,"Smeltzer, Devin","MIN",2022,2022,"All",0.08083061727457055,-0.0344468017979358,366,0.00273224043715847,0,1,0,0,0,0,1,3.0070853605999783,-1.1568587885453856,"11.026011834","12.55952071","1.533508876","17.626","31.728","14.102"
554431,"Matzek, Tyler","ATL",2022,2022,"All",-0.39426911141319176,-0.43779915035244205,326,0.012269938650306749,3,1,0,0,0,3,1,-0.7979463262034624,-0.5215107692722218,"11.581646302","14.310192926","2.728546624","13.35525","27.471","14.11575"
641755,"Kinley, Tyler","COL",2022,2022,"All",-0.3535328761376485,-0.22863813133453215,147,0.034013605442176874,5,0,0,0,0,5,0,-2.8086023725904328,0.4626391075120845,"12.400092308","17.174330769","4.774238462","12.6618","25.7178","13.056"
592390,"Hembree, Heath","LAD",2022,2022,"All",-0.4939233983379675,-0.4897853240962172,205,0.02926829268292683,5,1,0,0,0,5,1,-3.6777550930284555,0.5369502672616094,"11.532455497","16.334544503","4.802089005","11.584666667","23.376833333","11.792166667"
669022,"Gore, MacKenzie","SD",2022,2022,"All",0.034308540735153555,-0.21054804916499506,496,0.0020161290322580645,1,0,0,0,0,1,0,3.3462769722728467,-1.4109930082653663,"11.738826923","14.59583547","2.857008547","10.181","24.496","14.315"
502171,"Cobb, Alex","SF",2022,2022,"All",-0.4079748041777399,-0.16614513813397058,838,0.016706443914081145,13,1,0,0,0,13,1,-3.994263391410862,0.8686174980098563,"10.916657289","15.428975703","4.512318414","12.596285714","25.760142857","13.163857143"
544931,"Strasburg, Stephen","WSH",2022,2022,"All",-0.020596071429886405,0.021110329556123686,41,0.024390243902439025,1,0,0,0,0,1,0,-0.38448137767497825,0.12511156467802068,"10.998564103","14.806128205","3.807564103","10.741","21.682","10.941"
573186,"Stroman, Marcus","CHC",2022,2022,"All",0.4516068240660884,1.4514786560846813,733,0.01227830832196453,5,4,0,1,0,6,4,-0.6912924954466811,1.3108118292342774,"11.116543353","15.210810694","4.094267341","11.382","21.019555556","9.637555556"
663372,"Feltner, Ryan","COL",2022,2022,"All",-0.6317858608339334,-0.43804072568527846,565,0.01415929203539823,7,1,0,0,0,7,1,-2.596107427375176,-0.2501430563531094,"11.060015123","15.302799622","4.242784499","11.366625","24.32675","12.960125"
668970,"Hollowell, Gavin","COL",2022,2022,"All",0.04449341519678736,,49,0,0,0,0,0,0,0,0,0.5251820759839377,-0.13453999999999972,"11.883361702","15.944978723","4.061617021",,,
596057,"Norris, Daniel","DET",2022,2022,"All",0.1578647104595737,0.047956285046273084,346,0.002890173410404624,0,1,0,0,0,0,1,2.2307459081326835,-0.6406321581488068,"11.966829341","13.938329341","1.9715","12.681","20.41","7.729"
519151,"Pressly, Ryan","HOU",2022,2022,"All",0.08342029507024817,-0.029597582906134207,192,0.005208333333333333,0,1,0,0,0,0,1,1.3507043806165124,-0.4149346245623431,"10.647559783","14.257472826","3.609913043","10.448","22.092","11.644"
596043,"Mengden, Daniel","KC",2022,2022,"All",0.022053101950089922,,56,0,0,0,0,0,0,0,0,0.43629050975044975,-0.14490000000000008,"11.953176471","15.232333333","3.279156863",,,
656354,"Davis, Austin","MIN",2022,2022,"All",-0.09307822040725577,-0.36000325553897644,396,0.007575757575757576,3,0,0,0,0,3,0,1.867188950827087,-1.03670224571705,"11.077093923","13.093861878","2.016767956","13.528","29.459","15.931"
518397,"Alexander, Scott","SF",2022,2022,"All",0.07529114794926628,,88,0,0,0,0,0,0,0,0,1.1978407397463315,-0.3650600000000002,"11.2986","13.333586667","2.034986667",,,
606149,"Gallegos, Giovanny","STL",2022,2022,"All",-0.2400504245322879,-0.15901901497401402,375,0.008,3,0,0,1,0,4,0,-0.4659488180450636,-0.32635702427394453,"12.628994366","16.784904225","4.155909859","11.211666667","21.439","10.227333333"
554340,"García, Yimi","TOR",2022,2022,"All",-0.11443281142297278,0.024190457364646728,330,0.00909090909090909,2,1,0,1,0,3,1,-0.20536988962094896,-0.1630196299972945,"11.789155556","15.5388","3.749644444","12.797666667","26.119","13.321333333"
668684,"Tully, Tanner","CLE",2022,2022,"All",0.000030545853874281164,,36,0,0,0,0,0,0,0,0,0.17835272926937154,-0.07920000000000012,"11.334138889","13.301583333","1.967444444",,,
517008,"Colomé, Alex","COL",2022,2022,"All",-0.6592232180053932,-0.6485824811137006,323,0.021671826625386997,6,1,0,0,0,6,1,-3.666358085378974,0.1645519979342263,"12.110229236","16.096677741","3.986448505","12.383428571","27.045428571","14.662"
668665,"Nogosek, Stephen","NYM",2022,2022,"All",-0.07973967170054119,-0.202403197041798,125,0.008,1,0,0,0,0,1,0,0.42520824701487037,-0.36618071356336773,"11.327626087","14.9102","3.582573913","12.414","22.823","10.409"
592836,"Walker, Taijuan","NYM",2022,2022,"All",1.3722222628370457,-0.2816726483841404,854,0.0117096018735363,8,2,4,0,0,8,6,-0.3074581609997221,3.1860308778599795,"10.99397551","15.203917007","4.209941497","11.6565","22.4086","10.7521"
501625,"Alvarez, Jose","SF",2022,2022,"All",0.08363348090038372,,150,0,0,0,0,0,0,0,0,1.2144874045019187,-0.35392000000000023,"11.473057971","14.518492754","3.045434783",,,
621244,"Berríos, José","TOR",2022,2022,"All",1.3073717814434624,0.2600450295779032,976,0.005122950819672131,2,3,2,0,0,2,5,4.913654528508611,0.7214241683149801,"10.723648855","15.078057797","4.354408942","10.4944","20.632","10.1376"
670810,"Gillaspie, Logan","BAL",2022,2022,"All",0.03556906339859125,,103,0,0,0,0,0,0,0,0,0.8786303169929564,-0.3114600000000001,"12.359833333","15.489333333","3.1295",,,
669459,"Nelson, Kyle","AZ",2022,2022,"All",0.16184233286033847,0.1318066740239322,266,0.0037593984962406013,1,0,0,0,0,1,0,1.2218817774035273,-0.18340893915637033,"11.587675781","14.795148438","3.207472656","8.452","18.641","10.189"
665019,"Clemens, Kody","DET",2022,2022,"All",0.007147028112814877,,38,0,0,0,0,0,0,0,0,0.17584264056407434,-0.062270000000000006,"10.767184211","13.953684211","3.1865",,,
605446,"Rodríguez, Dereck","MIN",2022,2022,"All",0.06307067867995268,,44,0,0,0,0,0,0,0,0,0.6273833933997635,-0.13868000000000003,"12.979135135","17.517513514","4.538378378",,,
605242,"Fulmer, Michael","MIN",2022,2022,"All",0.09398945017556039,0.14123421120154417,384,0.013020833333333334,5,0,0,0,0,5,0,-0.4945226726121239,0.42865329932885665,"12.016260504","15.994117647","3.977857143","12.1494","21.9978","9.8484"
621082,"Lemoine, Jacob","OAK",2022,2022,"All",0.03772976593344453,,118,0,0,0,0,0,0,0,0,0.8292913296672226,-0.2847300000000001,"11.740558559","14.659279279","2.918720721",,,
621107,"Eflin, Zach","PHI",2022,2022,"All",-0.025524359922003276,-0.17061040414077375,386,0.0051813471502590676,2,0,0,0,0,2,0,1.604589878679864,-0.769871857017725,"11.635087324","16.017732394","4.38264507","11.531","22.691","11.16"
656793,"Nelson, Nick","PHI",2022,2022,"All",-0.09347466053569026,-0.10813101236069159,504,0.00992063492063492,3,2,0,0,0,3,2,-0.28516272155525657,-0.08098248049919454,"11.97251797","16.052928118","4.080410148","12.4486","25.525","13.0764"
605156,"Brooks, Aaron","STL",2022,2022,"All",-0.08328227036973954,-0.17949667546629802,34,0.029411764705882353,1,0,0,0,0,1,0,-0.39761781037583865,-0.008352685099048351,"12.56053125","16.5954375","4.03490625","11.365","26.357","14.992"
642546,"Hernández, Jonathan","TEX",2022,2022,"All",-0.14638057798562248,-0.00649877290754397,186,0.005376344086021506,0,1,0,1,0,1,1,-0.35085462921245236,-0.16935478254029418,"11.174370787","15.070966292","3.896595506","11.477","21.578","10.101"
621345,"Minter, A.J.","ATL",2022,2022,"All",-0.5789749823963283,-0.9324928897218515,437,0.013729977116704805,6,0,0,0,0,6,0,-1.3257965842379746,-0.697368145663851,"11.62869509","14.611144703","2.982449612","13.911","28.176666667","14.265666667"
656986,"Sousa, Bennett","CWS",2022,2022,"All",-0.09260436588439036,0.0292284141803891,131,0.015267175572519083,2,0,0,0,0,2,0,-0.5961095081056627,0.05915007941498302,"11.624672566","14.072247788","2.447575221","13.042","26.779","13.737"
664123,"Effross, Scott","NYY",2022,2022,"All",-0.19123024007523412,-0.015646922009136907,332,0.012048192771084338,2,2,0,1,0,3,2,-1.6344406799055,0.3014619909019261,"11.662891447","15.590828947","3.9279375","12.48","22.48525","10.00525"
573009,"Mantiply, Joe","AZ",2022,2022,"All",-0.23552777821094684,-0.16042960672160245,349,0.0057306590257879654,2,0,0,1,0,3,0,0.588251272744447,-0.7848400727996354,"11.53554375","14.301875","2.76633125","11.6055","22.957","11.3515"
669084,"Hall, DL","BAL",2022,2022,"All",-0.19773218805230822,-0.09747561376476498,141,0.014184397163120567,2,0,0,0,0,2,0,-0.24581306784987578,-0.3301546099607415,"10.971343284","13.618119403","2.646776119","13.755","28.935","15.18"
664747,"Díaz, Alexis","CIN",2022,2022,"All",0.0032965456999489457,0.19447687123289703,383,0.010443864229765013,4,0,0,0,0,4,0,-0.08347191027068435,0.04442428389797351,"11.405102041","16.219306122","4.814204082","12.57925","26.04525","13.466"
605177,"Chafin, Andrew","DET",2022,2022,"All",-0.11063219496893743,-0.25694297246537784,383,0.005221932114882507,2,0,0,0,0,2,0,1.1241497653331418,-0.7454714400790341,"11.728544944","14.398449438","2.669904494","12.7055","25.019","12.3135"
657649,"Koenig, Jared","OAK",2022,2022,"All",0.011239310960045767,0.3089193234644457,263,0.0038022813688212928,0,1,0,1,0,1,1,0.31412072641846894,-0.1146329651636625,"11.755380567","14.221668016","2.466287449","10.502","16.454","5.952"
621237,"Alvarado, José","PHI",2022,2022,"All",-0.3743692963844736,-0.23545786898474313,330,0.012121212121212121,4,0,0,0,0,4,0,-1.1371998140004935,-0.32650963018749957,"11.675384365","14.846684039","3.171299674","13.19775","26.962","13.76425"
641816,"Mahle, Tyler","MIN",2022,2022,"All",0.0778567173289033,0.37420649931632255,650,0.012307692307692308,5,3,0,0,0,5,3,-0.2892932295350823,0.3015896960798219,"11.330961477","15.346232745","4.015271268","11.950625","22.870625","10.92"
665155,"Maton, Nick","PHI",2022,2022,"All",0.006817700339711843,,7,0,0,0,0,0,0,0,0,0.09094600169855922,-0.025270000000000004,"9.441571429","11.761428571","2.319857143",,,
502043,"Gibson, Kyle","PHI",2022,2022,"All",0.8382824307261176,0.45884438315206477,924,0.005411255411255411,2,3,1,0,0,2,4,4.423711478058026,-0.10324414418997163,"11.712757895","15.437950877","3.725192982","11.201","20.0638","8.8628"
658551,"Fernández, Junior","PIT",2022,2022,"All",0.12129598740076251,,146,0,0,0,0,0,0,0,0,1.6791224370038123,-0.47672999999999977,"11.381228571","14.215214286","2.833985714",,,
571927,"Matz, Steven","STL",2022,2022,"All",0.07169947347109468,,263,0,0,0,0,0,0,0,0,1.7239773673554746,-0.6068800000000005,"11.419704453","13.857036437","2.437331984",,,
657044,"Thompson, Ryan","TB",2022,2022,"All",-0.4388109409560178,-0.2768473357591182,268,0.011194029850746268,3,0,0,1,0,4,0,-1.3988913114491255,-0.35340595259153834,"12.05231405","16.046429752","3.994115702","12.981333333","26.955666667","13.974333333"
543475,"Lyles, Jordan","BAL",2022,2022,"All",-0.2601190614969574,-0.3412556941326218,1062,0.005649717514124294,5,1,0,0,0,5,1,4.118874716685376,-2.4086533440756255,"11.588326984","15.448055026","3.859728042","13.8845","28.705166667","14.820666667"
598264,"Barnes, Matt","BOS",2022,2022,"All",-0.2699139969733883,-0.3447421582746501,269,0.01858736059479554,5,0,0,0,0,5,0,-1.812376669841564,0.20569185998872186,"12.468189076","16.665092437","4.196903361","12.2206","24.58","12.3594"
605135,"Bassitt, Chris","NYM",2022,2022,"All",-0.18270186610864442,0.009034428591497695,933,0.00857449088960343,5,3,0,1,0,6,3,0.7303572296385656,-0.7306073600807954,"11.331698646","15.534890519","4.203191874","11.441375","20.94125","9.499875"
592791,"Taillon, Jameson","NYY",2022,2022,"All",-0.08590352836914314,-0.4456729634997466,921,0.00760043431053203,5,2,0,0,0,5,2,2.543113661871611,-1.3211694683188115,"12.030665476","16.444592857","4.413927381","11.568285714","24.119142857","12.550857143"
571704,"Giles, Ken","SEA",2022,2022,"All",0.0011144069465577819,,22,0,0,0,0,0,0,0,0,0.09440203473278905,-0.03948000000000007,"12.344818182","15.201136364","2.856318182",,,
608331,"Fried, Max","ATL",2022,2022,"All",0.14084790192365448,-0.2446203798056301,915,0.00546448087431694,3,2,0,0,0,3,2,5.171319459816254,-1.985368866754658,"11.042194476","12.937364787","1.895170311","10.362","21.3348","10.9728"
656818,"Overton, Connor","CIN",2022,2022,"All",-0.13834120799076588,-0.1869855057380283,138,0.014492753623188406,1,1,0,0,0,1,1,-0.4983532276512839,-0.08593458324557583,"11.710816","16.065232","4.354416","13.036","23.6455","10.6095"
621383,"Banks, Tanner","CWS",2022,2022,"All",0.09452151992184463,0.09316761023978079,317,0.006309148264984227,0,2,0,0,0,0,2,1.51895945961365,-0.4650452711130763,"11.228436426","13.518824742","2.290388316","11.326","20.255","8.929"
660271,"Ohtani, Shohei","LAA",2022,2022,"All",0.7623541641101305,0.9762194869011633,888,0.0045045045045045045,3,1,0,0,0,3,1,4.006844394956911,-0.08669936640278207,"11.231639306","14.550085549","3.318446243","10.985","18.41925","7.43425"
669194,"Nelson, Ryne","AZ",2022,2022,"All",0.005315114906119089,,63,0,0,0,0,0,0,0,0,0.43252057453059584,-0.18042000000000022,"11.192315789","14.346298246","3.153982456",,,
643316,"Fry, Paul","AZ",2022,2022,"All",-0.026650013131830727,-0.05985912250177851,83,0.012048192771084338,1,0,0,0,0,1,0,0.36869407482202426,-0.2230862846583015,"12.338036145","15.388373494","3.050337349","8.863","18.51","9.647"
545343,"Head, Louis","BAL",2022,2022,"All",-0.03595714625639195,-0.08357559326536304,219,0.0045662100456621,1,0,0,0,0,1,0,0.33641023205339216,-0.22942042814904529,"11.899497653","15.674211268","3.774713615","11.863","21.901","10.038"
663752,"Morris, Cody","CLE",2022,2022,"All",-0.15979383034167216,0.09677375653948198,184,0.03804347826086957,5,2,0,0,0,5,2,-3.5606441297241904,1.2274111013403715,"12.236494318","16.693494318","4.457","11.980428571","21.864","9.883571429"
657571,"Ferguson, Caleb","LAD",2022,2022,"All",-0.10313404387524006,-0.21033333004704263,213,0.004694835680751174,1,0,0,0,0,1,0,0.5383333230932027,-0.468446018875291,"11.966215311","14.998019139","3.031803828","10.006","23.818","13.812"
686610,"Waldichuk, Ken","OAK",2022,2022,"All",-0.24156624931755893,-0.3410914907226936,218,0.009174311926605505,2,0,0,0,0,2,0,-0.667410792734605,-0.24018686837918962,"11.758995025","15.020104478","3.261109453","11.663","23.729","12.066"
506433,"Darvish, Yu","SD",2022,2022,"All",-1.1112288066224,-0.8278572846843606,908,0.016519823788546256,13,2,0,1,0,14,2,-5.71908060201739,0.07241625284683997,"11.542052885","16.195052885","4.653","11.9318","24.796266667","12.864466667"
650671,"Quijada, José","LAA",2022,2022,"All",0.04171903038654001,-0.001980677115151319,247,0.004048582995951417,0,1,0,0,0,0,1,0.832121824855035,-0.277122965743259,"11.953451064","14.875608511","2.922157447","10.986","22.049","11.063"
645261,"Alcantara, Sandy","MIA",2022,2022,"All",0.403186945269241,-0.17158425773524733,977,0.02354145342886387,20,3,2,0,0,20,5,-9.697736728915633,5.2060762023386,"11.391358225","16.164624459","4.773266234","11.272043478","22.159086957","10.887043478"
680694,"Bradish, Kyle","BAL",2022,2022,"All",0.3822170162030617,0.3740844882104326,741,0.001349527665317139,1,0,0,0,0,1,0,4.887295861030127,-1.3227603466732485,"11.044778098","14.290211816","3.245433718","10.03","18.207","8.177"
669713,"Wesneski, Hayden","CHC",2022,2022,"All",0.3593967861584826,0.7184106469345174,153,0.026143790849673203,2,2,0,0,0,2,2,-1.5688787685523753,1.4959389774865717,"12.361148649","16.752797297","4.391648649","11.7545","21.25075","9.49625"
660896,"Alcala, Jorge","MIN",2022,2022,"All",-0.00010068063497960028,,19,0,0,0,0,0,0,0,0,0.11375159682510211,-0.050780000000000075,"10.814736842","14.979894737","4.165157895",,,
647315,"Pop, Zach","TOR",2022,2022,"All",-0.04072225390835725,-0.052871606953683814,217,0.009216589861751152,1,1,0,0,0,1,1,0.07596074703494488,-0.12425422958965782,"12.321138889","16.526203704","4.205064815","12.2585","22.1345","9.876"
518876,"Kelly, Merrill","AZ",2022,2022,"All",0.37599973550383536,-1.196856681658649,1051,0.017126546146527116,13,5,4,1,0,14,9,-8.013659067793721,4.397181220139065,"11.474304671","15.929880042","4.455575372","11.848944444","23.7665","11.917555556"
571439,"Alvarez, R.J.","NYM",2022,2022,"All",0.014684538615380455,,25,0,0,0,0,0,0,0,0,0.2848776930769023,-0.09398000000000006,"10.305545455","14.628","4.322454545",,,
659262,"Espinoza, Anderson","CHC",2022,2022,"All",-0.14054940944886568,0.08474025111069,167,0.005988023952095809,1,0,0,1,0,2,0,-0.5791167685169148,-0.05494679054551861,"12.15604375","16.37766875","4.221625","11.759","21.953","10.194"
502624,"Anderson, Chase","CIN",2022,2022,"All",-0.14168686976890388,0.07962031317260469,160,0.025,2,2,0,0,0,2,2,-1.5628450876832012,0.37973810615052545,"11.867111888","16.394615385","4.527503497","12.99275","25.17325","12.1805"
593643,"Alberto, Hanser","LAD",2022,2022,"All",0.04886612775885189,,46,0,0,0,0,0,0,0,0,0.5688706387942595,-0.14424,"10.911318182","13.810613636","2.899295455",,,
663893,"Little, Brendon","CHC",2022,2022,"All",0.0001971452165013923,,2,0,0,0,0,0,0,0,0,0.010705726082506953,-0.004319999999999997,"11.499","13.5375","2.0385",,,
641482,"Cortes, Nestor","NYY",2022,2022,"All",0.41463864436787917,-0.4482949086513207,690,0.005797101449275362,3,1,1,0,0,3,2,4.365581292538115,-1.018839142532764,"11.125536392","13.074919304","1.949382911","12.12225","25.61425","13.492"
656954,"Sheffield, Justus","SEA",2022,2022,"All",0.043498167389430034,,56,0,0,0,0,0,0,0,0,0.7238983369471506,-0.22507000000000016,"11.046490909","13.000709091","1.954218182",,,
680739,"Winder, Josh","MIN",2022,2022,"All",-0.5142799579623176,-0.4840138223991671,403,0.02729528535980149,9,2,0,0,0,9,2,-4.9634943431269685,1.06315313480683,"12.231799458","16.346368564","4.114569106","11.748636364","22.878909091","11.130272727"
670970,"Morejon, Adrian","SD",2022,2022,"All",-0.29920491523078085,-0.3764031297348237,168,0.011904761904761904,2,0,0,0,0,2,0,-1.0674977222198059,-0.19045637952626837,"11.755117284","15.003549383","3.248432099","11.3975","26.8305","15.433"
668941,"Romero, JoJo","STL",2022,2022,"All",0.03600895707495454,,95,0,0,0,0,0,0,0,0,0.8968047853747736,-0.3185600000000001,"10.403411111","12.559088889","2.155677778",,,
521230,"Hendriks, Liam","CWS",2022,2022,"All",-0.479700426298511,-0.5408701713867048,328,0.012195121951219513,4,0,0,0,0,4,0,-0.946733898704096,-0.6452303256837592,"11.8245387","15.789718266","3.965179567","14.85325","32.2345","17.38125"
458681,"Lynn, Lance","CWS",2022,2022,"All",0.9323201669166494,1.154153182445396,649,0.0030816640986132513,0,2,0,0,0,0,2,4.662096225572095,-0.0002201737728220049,"11.243106518","14.382992051","3.139885533","10.744","15.9375","5.1935"
664299,"Javier, Cristian","HOU",2022,2022,"All",-0.25645753695103,-0.5325955491998982,787,0.015247776365946633,9,3,1,1,0,10,4,-4.257592431135486,1.3223576650579274,"11.3605","16.037409218","4.676909218","11.4015","23.171416667","11.769916667"
641726,"Jefferies, Daulton","OAK",2022,2022,"All",0.12019865335303037,0.09296877529572437,251,0.00398406374501992,0,1,0,0,0,0,1,1.5933041616672303,-0.4410270644009241,"12.014598131","15.568065421","3.55346729","12.205","20.677","8.472"
663855,"Hicks, Jordan","STL",2022,2022,"All",0.1275779141240928,0.3640491790057715,378,0.010582010582010581,3,1,0,0,0,3,1,-0.020536598150661778,0.2926338527871695,"11.7121","15.510478125","3.798378125","11.2055","20.1945","8.989"
608700,"Plawecki, Kevin","TEX",2022,2022,"All",0.019948668711656445,,11,0,0,0,0,0,0,0,0,0.2794283435582824,-0.07986000000000004,"13.981181818","16.403545455","2.422363636",,,
675911,"Strider, Spencer","ATL",2022,2022,"All",-0.24234818825351134,-0.3129877323814779,645,0.006201550387596899,4,0,0,0,0,4,0,0.8679789508788245,-0.9243199520650552,"11.321162939","15.561410543","4.240247604","11.70675","23.275","11.56825"
543135,"Eovaldi, Nathan","BOS",2022,2022,"All",0.37318329110494763,0.39696847151940806,570,0.007017543859649123,3,1,0,0,0,3,1,2.1577499216878766,-0.12970376273917236,"11.512866913","15.735543438","4.222676525","10.4975","21.28475","10.78725"
677651,"Garcia, Luis","HOU",2022,2022,"All",0.04627116325618997,-0.1938601381351274,827,0.0048367593712212815,4,0,0,0,0,4,0,3.433402887893645,-1.4231320318278629,"11.456078667","15.605502667","4.149424","11.44925","21.2695","9.82025"
669711,"Weissert, Greg","NYY",2022,2022,"All",0.3673822280652308,0.6718624950419295,87,0.022988505747126436,2,0,0,1,0,3,0,-0.7606923367153419,1.1544904342406657,"12.059987805","15.664243902","3.604256098","10.539","18.7885","8.2495"
519008,"McFarland, T.J.","STL",2022,2022,"All",-0.02141679099977244,-0.05782537931476739,194,0.005154639175257732,1,0,0,0,0,1,0,0.8470987877768241,-0.4240812190114157,"10.83024","12.637771429","1.807531429","11.519","21.038","9.519"
552640,"Kittredge, Andrew","TB",2022,2022,"All",0.01897481296919723,,64,0,0,0,0,0,0,0,0,0.38343656484598626,-0.12825000000000003,"13.46084127","18.33768254","4.87684127",,,
642028,"Rogers, Josh","WSH",2022,2022,"All",0.05375955267573504,,161,0,0,0,0,0,0,0,0,1.3209652633786773,-0.46763000000000043,"11.492624161","14.075463087","2.582838926",,,
657376,"Schmidt, Clarke","NYY",2022,2022,"All",0.23245296420596626,0.3368952808570873,440,0.006818181818181818,1,2,0,0,0,1,2,0.5249145968535953,0.28326676630055186,"12.249302158","15.92616307","3.676860911","11.326","20.211333333","8.885333333"
675540,"Curry, Xzavion","CLE",2022,2022,"All",0.04232906429880831,0.10422947812451791,88,0.011363636363636364,0,1,0,0,0,0,1,0.02999675732736029,0.08073269518519183,"10.575952941","14.486788235","3.910835294","10.199","19.688","9.489"
641778,"Lauer, Eric","MIL",2022,2022,"All",0.1794092578440194,-0.12382852172979042,908,0.006607929515418502,4,2,1,2,0,6,3,1.3507608847715307,-0.20165093135618561,"10.99798227","13.362609929","2.36462766","10.793333333","23.371166667","12.577833333"
607179,"Weems, Jordan","WSH",2022,2022,"All",0.07738640610441153,,220,0,0,0,0,0,0,0,0,1.7394295305220588,-0.6011099999999998,"11.660207547","15.527448113","3.867240566",,,
657508,"Baumann, Mike","BAL",2022,2022,"All",0.5202164290571161,0.9288920869901608,247,0.016194331983805668,1,3,0,0,0,1,3,0.32300222728230704,1.0124799635570065,"11.023925764","13.986222707","2.962296943","12.6345","21.89075","9.25625"
664139,"Gibaut, Ian","CIN",2022,2022,"All",-0.07132067582063618,0.0477234077123512,300,0.0033333333333333335,1,0,0,1,0,2,0,1.0101575034075878,-0.6074492811158971,"11.332498208","15.211071685","3.878573477","10.365","22.284","11.919"
669920,"Alexander, Jason","MIL",2022,2022,"All",0.26235641079423366,0.5230680546841131,355,0.011267605633802818,1,3,0,0,0,1,3,0.4589634883433257,0.37903047361237485,"11.663242515","16.013071856","4.349829341","12.0595","23.30875","11.24925"
669203,"Burnes, Corbin","MIL",2022,2022,"All",0.9146691449490558,0.39508999362259967,959,0.0072992700729927005,4,3,1,0,0,4,4,2.461462762172753,0.9386146500322345,"11.345063564","15.706530079","4.361466515","11.306571429","21.756857143","10.450285714"
623167,"Flexen, Chris","SEA",2022,2022,"All",0.006417932150038316,-0.2356577104908303,889,0.006749156355455568,6,0,0,0,0,6,0,4.322991480317312,-1.907067475363164,"11.26992803","14.88042298","3.610494949","11.419833333","21.6495","10.229666667"
663378,"Szapucki, Thomas","SF",2022,2022,"All",-0.14492842419696653,-0.14281619480087454,96,0.020833333333333332,2,0,0,0,0,2,0,-0.6891900955164489,-0.015756455763725537,"12.573134831","15.850202247","3.277067416","10.8825","23.003","12.1205"
572070,"Richards, Garrett","TEX",2022,2022,"All",-0.22793619619584604,-0.13174168208330447,252,0.01984126984126984,4,1,0,0,0,4,1,-1.499559511606897,0.159946013612296,"11.836811715","16.251205021","4.414393305","11.6918","23.893","12.2012"
682016,"Woods, William","ATL",2022,2022,"All",0.0013056679673386737,,13,0,0,0,0,0,0,0,0,0.10656333983669337,-0.04446000000000002,"11.2165","14.819","3.6025",,,
489446,"Yates, Kirby","ATL",2022,2022,"All",0.004923166190071701,,52,0,0,0,0,0,0,0,0,0.34240583095035854,-0.14124000000000006,"11.139096154","15.745211538","4.606115385",,,
669330,"Wells, Tyler","BAL",2022,2022,"All",0.4151843548776052,0.8372359906038906,542,0.012915129151291513,4,3,0,0,0,4,3,0.597720580606554,0.6569783083473306,"11.739727273","15.163836777","3.424109504","12.035428571","22.288428571","10.253"
592767,"Smyly, Drew","CHC",2022,2022,"All",-0.6833785165281652,-0.6328727652851046,576,0.008680555555555556,5,0,0,0,0,5,0,-0.7633077965115966,-1.1793710160574364,"11.417529293","14.557319192","3.139789899","13.528","32.7384","19.2104"
681810,"Warren, Austin","LAA",2022,2022,"All",0.05323988698416324,,89,0,0,0,0,0,0,0,0,0.7278994349208163,-0.20520000000000016,"12.448882353","15.523058824","3.074176471",,,
663485,"Sands, Cole","MIN",2022,2022,"All",-0.04254216962006242,0.11828516407059345,236,0.01694915254237288,4,0,0,0,0,4,0,-0.8148336738752344,0.26761014478885514,"11.661316964","15.552049107","3.890732143","12.78875","23.1545","10.36575"
606930,"Barnes, Jacob","NYY",2022,2022,"All",0.039067214466785134,,115,0,0,0,0,0,0,0,0,0.6045885723339257,-0.18189000000000008,"11.914078947","15.330035088","3.41595614",,,
571479,"Bellatti, Andrew","PHI",2022,2022,"All",0.41238442359331917,-0.14448578269570608,346,0.008670520231213872,2,1,1,0,0,2,2,-0.3454833690899778,1.0699579942473672,"11.72888253","15.650584337","3.921701807","11.612666667","22.725666667","11.113"
620443,"Torrens, Luis","SEA",2022,2022,"All",0.009631364709999573,,16,0,0,0,0,0,0,0,0,0.14434432354999796,-0.042750000000000024,"9.718","13.6394375","3.9214375",,,
607755,"Vasquez, Andrew","SF",2022,2022,"All",-0.25868077109203347,0.0038429303738656273,63,0.015873015873015872,1,0,0,1,0,2,0,-1.2613316161095935,-0.014254328600254948,"11.688616667","15.19605","3.507433333","11.755","28.008","16.253"
657248,"Otto, Glenn","TEX",2022,2022,"All",-0.6768765673175822,-0.6182047186906939,866,0.018475750577367205,14,2,0,0,0,14,2,-4.554718805862509,0.5201493196775555,"11.628955901","15.986645914","4.357690013","12.16475","23.427125","11.262375"
596271,"Lawrence, Casey","TOR",2022,2022,"All",0.04566239820802484,,90,0,0,0,0,0,0,0,0,0.8635319910401245,-0.2823200000000003,"12.28237037","15.834037037","3.551666667",,,
608379,"Wacha, Michael","BOS",2022,2022,"All",0.3145789739081479,0.22605676230479316,578,0.006920415224913495,4,0,0,0,0,4,0,2.5432072603914113,-0.4312499514891883,"11.187479129","15.464470054","4.276990926","11.3795","20.34575","8.96625"
640461,"Pinder, Chad","OAK",2022,2022,"All",0.00035978236688088505,,14,0,0,0,0,0,0,0,0,0.05044391183440444,-0.02162000000000001,"11.9095","13.903714286","1.994214286",,,
676265,"Abbott, Cory","WSH",2022,2022,"All",-0.22031293066549978,-0.11511746843367143,282,0.014184397163120567,3,1,0,0,0,3,1,-1.2663645272982793,0.07324438843146369,"12.028648352","15.793802198","3.765153846","11.3755","21.5435","10.168"
594577,"Mayers, Mike","LAA",2022,2022,"All",0.24768041117956302,0.20554935368757074,276,0.007246376811594203,2,0,0,0,0,2,0,0.9672615235688178,0.1205069032573321,"10.814595506","14.283910112","3.469314607","10.908","20.736","9.828"
660593,"Reyes, Denyi","BAL",2022,2022,"All",0.013686737396944797,,33,0,0,0,0,0,0,0,0,0.22084868698472412,-0.06774000000000005,"11.911677419","15.315225806","3.403548387",,,
542881,"Anderson, Tyler","LAD",2022,2022,"All",-0.05135797736270237,-0.07768266799452006,818,0.004889975550122249,4,0,0,0,0,4,0,3.4982466822455467,-1.6689051418040268,"10.822704485","12.703328496","1.880624011","11.95175","23.1695","11.21775"
669358,"Baz, Shane","TB",2022,2022,"All",0.03136267655641511,0.0761858980757478,163,0.006134969325153374,1,0,0,0,0,1,0,0.31793575142910074,-0.07160994162090106,"11.170184211","15.320881579","4.150697368","11.152","20.835","9.683"
606160,"Montero, Rafael","HOU",2022,2022,"All",-0.8469709814611109,-0.756101747649129,361,0.0221606648199446,8,0,0,0,0,8,0,-3.9317424303541215,-0.13471665642286088,"11.465197568","16.11550152","4.650303951","11.858625","26.048","14.189375"
543243,"Gray, Sonny","MIN",2022,2022,"All",0.47223188207008165,0.12860005781365247,638,0.0109717868338558,7,0,1,0,0,7,1,0.8194337215620757,0.6852114172392588,"11.448065789","15.066856908","3.618791118","11.029857143","20.458","9.428142857"
572955,"Johnson, Pierce","SD",2022,2022,"All",-0.16207858780498174,-0.08855463058818673,100,0.01,1,0,0,0,0,1,0,-0.23199277259943435,-0.25706674063354423,"11.538704082","15.228795918","3.690091837","14.842","31.602","16.76"
656685,"Martin, Brett","TEX",2022,2022,"All",-0.4053395799793591,-0.40916291870854593,307,0.009771986970684038,3,0,0,0,0,3,0,-0.4064094773852769,-0.7201281877829002,"11.822466216","14.159111486","2.33664527","14.022","31.049666667","17.027666667"
493603,"Ottavino, Adam","NYM",2022,2022,"All",-1.5756970989645118,-2.08367307738216,342,0.04678362573099415,14,2,1,0,0,14,3,-12.058685628885101,1.8578667262500212,"12.273669935","18.789924837","6.516254902","12.425375","28.757125","16.33175"
543037,"Cole, Gerrit","NYY",2022,2022,"All",-0.6219441874519821,-0.5421932329252365,1036,0.012548262548262547,9,4,0,1,0,10,4,-3.304630854348043,0.08662662981694716,"11.401841779","15.927346432","4.525504654","11.263461538","23.322615385","12.059153846"
666204,"Jiménez, Dany","OAK",2022,2022,"All",-0.7621011958971634,-0.5677883985685203,196,0.03571428571428571,7,0,0,0,0,7,0,-4.271265952214253,0.20478221010152364,"12.24827933","16.149368715","3.901089385","12.105428571","23.219714286","11.114285714"
544365,"Bañuelos, Manny","PIT",2022,2022,"All",-0.13346785759631893,-0.06629992109422878,264,0.015151515151515152,4,0,0,0,0,4,0,-1.0877681170132605,0.18685725734740927,"12.175592593","14.743555556","2.567962963","10.84025","21.50775","10.6675"
571578,"Corbin, Patrick","WSH",2022,2022,"All",-0.5606923386051693,-0.5265798178922776,1018,0.011787819253438114,10,2,0,0,0,10,2,-3.0702703789605037,0.11858163819318113,"11.947580105","15.184699476","3.237119372","11.48675","22.5365","11.04975"
543281,"Harrison, Josh","CWS",2022,2022,"All",-0.0020542426758800737,,35,0,0,0,0,0,0,0,0,0.1807312866205998,-0.08489000000000008,"13.022794118","14.927058824","1.904264706",,,
658648,"Avila, Pedro","SD",2022,2022,"All",0.0004145751391838677,,13,0,0,0,0,0,0,0,0,0.06534287569591939,-0.028120000000000027,"12.436","17.836","5.4",,,
621366,"Borucki, Ryan","SEA",2022,2022,"All",0.08384513570596971,,162,0,0,0,0,0,0,0,0,1.5801356785298486,-0.5159600000000004,"11.37372973","14.493574324","3.119844595",,,
554430,"Wheeler, Zack","PHI",2022,2022,"All",0.4065245286432615,0.0846545666357722,753,0.00796812749003984,3,3,1,1,0,4,4,1.3329097235053529,0.31098351987153594,"11.120662873","15.192034139","4.071371266","11.26","23.101666667","11.841666667"
542194,"Bethancourt, Christian","TB",2022,2022,"All",0.022456294218016103,,30,0,0,0,0,0,0,0,0,0.40172147109008066,-0.12864000000000003,"13.651206897","15.776758621","2.125551724",,,
543829,"Strange-Gordon, Dee","WSH",2022,2022,"All",-0.0004737616419243909,,9,0,0,0,0,0,0,0,0,0.009781191790378046,-0.0054,"15.707333333","16.146222222","0.438888889",,,
641914,"Neuse, Sheldon","OAK",2022,2022,"All",0.00045023750734862,,9,0,0,0,0,0,0,0,0,0.031141187536743126,-0.01284000000000001,"14.092666667","15.849111111","1.756444444",,,
623451,"Stephens, Jackson","ATL",2022,2022,"All",-0.22398003167959976,-0.18548605551873848,351,0.014245014245014245,5,0,0,0,0,5,0,-1.3863284547475985,0.11841257615537774,"12.05126506","15.967457831","3.916192771","11.7626","26.184","14.4214"
670426,"Diehl, Phillip","CIN",2022,2022,"All",0.006680034175195331,,54,0,0,0,0,0,0,0,0,0.11635767087597654,-0.03686999999999997,"12.940730769","17.422","4.481269231",,,
660600,"Paredes, Enoli","HOU",2022,2022,"All",0.015082533277740432,,26,0,0,0,0,0,0,0,0,0.2654926663887023,-0.08448000000000006,"10.722692308","13.528923077","2.806230769",,,
594311,"Gustave, Jandel","MIL",2022,2022,"All",0.12387849294942402,0.16968915462022774,179,0.00558659217877095,0,1,0,0,0,0,1,0.6042804167151646,0.006716465791979986,"11.936289773","14.997892045","3.061602273","10.998","18.658","7.66"
667376,"Sánchez, Miguel","MIL",2022,2022,"All",0.02140781046362061,,79,0,0,0,0,0,0,0,0,0.4725515523181024,-0.16245000000000012,"12.232303797","16.299582278","4.067278481",,,
656271,"Burke, Brock","TEX",2022,2022,"All",0.12235254765831216,0.5636686425353088,473,0.006342494714587738,1,2,0,1,0,2,2,1.1293604891795483,-0.23004344483910255,"11.252852273","13.746197727","2.493345455","13.026666667","22.616","9.589333333"
571616,"Dermody, Matt","CHC",2022,2022,"All",0.008852872813990475,,14,0,0,0,0,0,0,0,0,0.09641936406995243,-0.023180000000000013,"11.964363636","15.488363636","3.524",,,
669456,"Bieber, Shane","CLE",2022,2022,"All",-0.36510846988472645,-0.3118963710809063,798,0.015037593984962405,9,3,0,1,0,10,3,-3.3808370890132244,0.6912421064842704,"11.119498688","15.655994751","4.536496063","11.112583333","22.599583333","11.487"
656458,"Gilbreath, Lucas","COL",2022,2022,"All",0.3269920147026092,0.7122618909063805,303,0.009900990099009901,1,2,0,0,0,1,2,0.6592901116604075,0.4336310941567285,"11.936597938","14.067484536","2.130886598","13.245666667","24.711666667","11.466"
656353,"Davidson, Tucker","LAA",2022,2022,"All",0.0683444004669243,-0.09370816023997128,388,0.005154639175257732,2,0,0,0,0,2,0,0.9908273658222898,-0.2884912726611866,"11.190864865","14.216235135","3.02537027","10.429","22.1375","11.7085"
456034,"Price, David","LAD",2022,2022,"All",-0.11425916199120013,-0.23790696470331596,171,0.005847953216374269,1,0,0,0,0,1,0,-0.0858538267402641,-0.2157519925403274,"12.21666875","15.21885625","3.0021875","16.846","34.625","17.779"
621111,"Buehler, Walker","LAD",2022,2022,"All",-0.6647076961203583,-0.9268247173134462,387,0.01808785529715762,6,1,0,0,0,6,1,-3.499080931996187,0.07801886728639826,"11.460606648","16.499083102","5.038476454","10.676142857","25.526571429","14.850428571"
621363,"Poche, Colin","TB",2022,2022,"All",-0.2529411342504468,-0.2426710885801622,329,0.0060790273556231,2,0,0,0,0,2,0,0.5350170406228435,-0.7998767608333678,"11.944119497","15.078616352","3.134496855","17.703","33.069","15.366"
666201,"Manoah, Alek","TOR",2022,2022,"All",0.9093154048700092,1.1708421455779527,947,0.012671594508975714,7,5,0,0,0,7,5,0.6518973538540189,1.7309687424426472,"11.443908989","15.363273034","3.919364045","11.424833333","19.6075","8.182666667"
570560,"Sánchez, Yolmer","BOS",2022,2022,"All",0.0031544300306435135,,10,0,0,0,0,0,0,0,0,0.034627150153217566,-0.008379999999999999,"10.983","13.4426","2.4596",,,
620454,"Castillo, José","SD",2022,2022,"All",0.013221616372745703,,10,0,0,0,0,0,0,0,0,0.21325808186372858,-0.06540000000000003,"9.3405","11.0279","1.6874",,,
592761,"Smith, Caleb","AZ",2022,2022,"All",0.4219510459045406,-0.07386613079268525,470,0.00425531914893617,1,1,1,0,0,1,2,1.4241777035351262,0.30470112266114613,"11.256460699","13.649120087","2.392659389","11.9205","21.7555","9.835"
471911,"Carrasco, Carlos","NYM",2022,2022,"All",0.17498926140625026,-0.5291316273609012,814,0.009828009828009828,7,1,1,0,0,7,2,-0.0320123690825006,0.4030927449394461,"11.581754915","16.238684142","4.656929227","12.086375","23.143125","11.05675"
669211,"Akin, Keegan","BAL",2022,2022,"All",0.45547308324840186,0.43026621827412037,423,0.002364066193853428,0,1,0,0,0,0,1,3.7453256795998833,-0.6524267837146088,"10.919643564","12.77944802","1.859804455","12.232","16.376","4.144"
656557,"Houck, Tanner","BOS",2022,2022,"All",0.1651237054676149,0.3704032499291239,299,0.016722408026755852,4,1,0,0,0,4,1,-1.610485953129523,1.082713102430044,"11.566265957","15.773042553","4.206776596","10.8268","20.8952","10.0684"
676660,"Solomon, Jared","CIN",2022,2022,"All",0.016908840304242573,,66,0,0,0,0,0,0,0,0,0.449021701521213,-0.16198999999999994,"12.627096774","16.286516129","3.659419355",,,
663554,"Mize, Casey","DET",2022,2022,"All",0.013064932083869102,,45,0,0,0,0,0,0,0,0,0.302339660419346,-0.10534000000000016,"10.196355556","14.745888889","4.549533333",,,
656786,"Mushinski, Parker","HOU",2022,2022,"All",0.006139732892365364,,34,0,0,0,0,0,0,0,0,0.21816866446182687,-0.08332000000000009,"11.351","13.97278125","2.62178125",,,
592773,"Stanek, Ryne","HOU",2022,2022,"All",0.25971030796960526,0.4234022816539119,369,0.016260162601626018,4,2,0,0,0,4,2,-0.4863267926239755,0.7932792588764468,"11.124017341","15.156523121","4.03250578","10.642","20.975666667","10.333666667"
607237,"Garrett, Amir","KC",2022,2022,"All",-0.6687262781636266,-0.5155458394758811,409,0.009779951100244499,4,0,0,1,0,5,0,-0.6988414422022358,-1.175462199384842,"11.042115183","13.316746073","2.27463089","17.5175","34.3035","16.786"
664126,"Fairbanks, Pete","TB",2022,2022,"All",-0.08656460997649743,-0.17903453884222725,101,0.019801980198019802,2,0,0,0,0,2,0,-0.6407230807278077,0.0924000137090322,"11.31916","14.6838","3.36464","11.4575","23.929","12.4715"
676637,"Sanders, Phoenix","TB",2022,2022,"All",0.006443980255313546,,66,0,0,0,0,0,0,0,0,0.284647401276568,-0.11219000000000018,"12.060126984","15.674031746","3.613904762",,,
453268,"Bard, Daniel","COL",2022,2022,"All",0.3257892535750975,0.6784498772721174,329,0.0121580547112462,4,0,0,0,0,4,0,-0.3791852840376617,0.8925029119614016,"12.955263158","16.547805921","3.592542763","12.6855","22.769","10.0835"
520980,"Báez, Pedro","HOU",2022,2022,"All",-0.19949366583141195,,37,0,0,0,0,1,0,1,0,-0.8912008291570604,-0.047230000000000036,"13.17990625","17.3665","4.18659375",,,
571917,"Markel, Parker","OAK",2022,2022,"All",0.009754654928063548,,44,0,0,0,0,0,0,0,0,0.25993577464031786,-0.09385000000000004,"12.403325581","15.662116279","3.258790698",,,
668800,"Knizner, Andrew","STL",2022,2022,"All",0.003951728323699421,,3,0,0,0,0,0,0,0,0,0.06471364161849713,-0.01998000000000001,"13.8335","15.7935","1.96",,,
572403,"VerHagen, Drew","STL",2022,2022,"All",-0.028589486238883834,-0.04907073503039924,171,0.011695906432748537,2,0,0,0,0,2,0,-0.33686920312926005,0.08618745419326394,"11.609802469","16.350759259","4.74095679","11.424","22.445","11.021"
607391,"Mazza, Chris","TB",2022,2022,"All",-0.282747928165786,-0.2369080325934686,39,0.05128205128205128,2,0,0,0,0,2,0,-1.2679369453310092,-0.06480119799907574,"11.868571429","16.393571429","4.525","11.4485","21.9175","10.469"
663455,"Pilkington, Konnor","CLE",2022,2022,"All",0.13067081618576057,,397,0,0,0,0,0,0,0,0,2.906594080928798,-1.0014400000000012,"11.00767268","13.395103093","2.387430412",,,
527055,"Vizcaíno, Arodys","KC",2022,2022,"All",0.11697329653046126,0.19227624260508167,62,0.016129032258064516,1,0,0,0,0,1,0,-0.047526513345569184,0.2810635537768338,"12.243209677","15.685774194","3.442564516","9.912","16.645","6.733"
664776,"Cousins, Jake","MIL",2022,2022,"All",-0.1263038630088131,-0.21005926619270981,123,0.008130081300813009,1,0,0,0,0,1,0,-0.4499571534771992,-0.08069429402972118,"12.938122807","17.031815789","4.093692982","11.52","28.282","16.762"
607192,"Glasnow, Tyler","TB",2022,2022,"All",0.018748654674471753,,37,0,0,0,0,0,0,0,0,0.43038827337235885,-0.14962000000000003,"11.4198","16.456085714","5.036285714",,,
518813,"Holland, Greg","TEX",2022,2022,"All",-0.13381177255154852,-0.20671086283198073,26,0.038461538461538464,1,0,0,0,0,1,0,-0.7072506087525106,0.01697410933100798,"12.38204","18.36684","5.9848","11.467","26.238","14.771"
681806,"Wantz, Andrew","LAA",2022,2022,"All",-0.38810239082427184,-0.3774378435431194,353,0.0084985835694051,2,1,0,1,0,3,1,-0.18147828221784923,-0.781792743068221,"11.44406079","15.046033435","3.601972644","12.679","23.803333333","11.124333333"
656548,"Holloway, Jordan","MIA",2022,2022,"All",-0.0000064963612614299575,,18,0,0,0,0,0,0,0,0,0.030657518193692883,-0.013640000000000001,"13.578888889","17.503777778","3.924888889",,,
608344,"Irvin, Cole","OAK",2022,2022,"All",0.5987241793180358,0.4371458869592135,929,0.001076426264800861,0,1,0,0,0,0,1,7.8109249300504064,-2.1410240148711974,"11.183074915","13.170274688","1.987199773","10.016","14.373","4.357"
676886,"Beasley, Jeremy","TOR",2022,2022,"All",-0.06165352733921269,-0.06165895824104983,103,0.009708737864077669,0,1,0,0,0,0,1,-0.01532934133624285,-0.13019479793769834,"11.118444444","14.821494949","3.703050505","11.406","24.283","12.877"
518553,"Cishek, Steve","WSH",2022,2022,"All",1.0132265487832113,1.8411143346328762,443,0.011286681715575621,3,2,0,0,0,3,2,0.9616150412331489,1.8242300900812922,"11.281331019","14.702314815","3.420983796","11.82","19.0316","7.2116"
661531,"Serven, Brian","COL",2022,2022,"All",0.0008035223613595674,,1,0,0,0,0,0,0,0,0,0.017202611806797836,-0.00586,"14.844","16.29","1.446",,,
681885,"Lee, Evan","WSH",2022,2022,"All",0.010901817731225052,,65,0,0,0,0,0,0,0,0,0.37544908865612514,-0.14264000000000004,"12.086050847","14.596813559","2.510762712",,,
656322,"Coonrod, Sam","PHI",2022,2022,"All",0.021678581962405123,,75,0,0,0,0,0,0,0,0,0.5846504098120259,-0.21167000000000008,"10.323464789","14.924394366","4.600929577",,,
641401,"Brogdon, Connor","PHI",2022,2022,"All",0.0442935790037195,0.03639315906762554,328,0.009146341463414634,2,1,0,0,0,2,1,1.028967057858117,-0.3588885168175628,"12.224457912","16.817835017","4.593377104","12.376666667","21.353666667","8.977"
663423,"Thornton, Trent","TOR",2022,2022,"All",0.1583965140071726,0.21722941996849413,248,0.012096774193548387,3,0,0,0,0,3,0,-0.17368596294731325,0.42918601465919176,"11.461211864","14.97334322","3.512131356","11.39","21.294666667","9.904666667"
542914,"Bass, Anthony","TOR",2022,2022,"All",0.5042142960107538,0.21783028764114837,359,0.011142061281337047,2,2,1,0,0,2,3,-0.5171514307382875,1.350321293685359,"11.532092754","15.187857971","3.655765217","11.4115","21.01","9.5985"
657272,"Uelmen, Erich","CHC",2022,2022,"All",0.04145377221470917,0.07732237974230474,158,0.012658227848101266,2,0,0,0,0,2,0,-0.12752252952388005,0.14879617359885602,"12.143918919","15.896452703","3.752533784","11.0465","19.328","8.2815"
640448,"Finnegan, Kyle","WSH",2022,2022,"All",-0.38218390805924984,-0.14215700664349665,272,0.014705882352941176,4,0,0,1,0,5,0,-1.9783315227743345,0.029960881101369935,"11.880073469","15.771004082","3.890930612","12.5595","23.32675","10.76725"
664042,"Lakins Sr., Travis","BAL",2022,2022,"All",-0.11000180705571933,-0.08607237774734394,82,0.012195121951219513,1,0,0,0,0,1,0,-0.15272757049489555,-0.17656953990386703,"12.744164557","16.311848101","3.567683544","12.047","18.987","6.94"
664871,"Dowdy, Kyle","CIN",2022,2022,"All",0.024943869912616278,,52,0,0,0,0,0,0,0,0,0.4312143495630811,-0.13622000000000012,"10.833708333","14.271708333","3.438",,,
669212,"Morgan, Eli","CLE",2022,2022,"All",-0.11470867069897422,-0.4655670621434892,366,0.02185792349726776,6,2,1,0,0,6,3,-3.633936911452742,1.3601749146479278,"11.555093939","16.011766667","4.456672727","12.6315","24.949375","12.317875"
663738,"Lynch IV, Daniel","KC",2022,2022,"All",-0.427576057141494,-0.24879989624342622,973,0.0051387461459403904,4,1,0,2,0,6,1,2.618821516455051,-2.114089689850015,"11.271204444","13.97","2.698795556","13.079","26.5282","13.4492"
661383,"Ortega, Oliver","LAA",2022,2022,"All",-0.03435466678053059,0.1605940961142402,206,0.024271844660194174,3,2,0,0,0,3,2,-1.4513169277867393,0.5686860417262632,"11.615026316","15.809763158","4.194736842","12.452","23.5468","11.0948"
642758,"Acevedo, Domingo","OAK",2022,2022,"All",0.25769187474519306,-0.22038178361811064,339,0.0058997050147492625,2,0,1,0,0,2,1,0.862147805611549,0.1894718080508531,"11.846233333","16.209453333","4.36322","16.4605","31.792","15.3315"
669461,"Liberatore, Matthew","STL",2022,2022,"All",0.037205041732518346,-0.007518248872658201,284,0.0035211267605633804,1,0,0,0,0,1,0,1.532331047744521,-0.5983581507030784,"11.115899628","13.23832342","2.122423792","10.455","18.724","8.269"
519043,"Moore, Matt","TEX",2022,2022,"All",-0.02579084809479364,0.0726959649401484,478,0.012552301255230125,5,1,0,0,0,5,1,0.13087687277202742,-0.11548049477599753,"11.045779018","13.378475446","2.332696429","12.322833333","24.6295","12.306666667"
660623,"Ynoa, Huascar","ATL",2022,2022,"All",0.022289925057570784,,67,0,0,0,0,0,0,0,0,0.41967712528785434,-0.1369900000000001,"11.944553846","16.4168","4.472246154",,,
643615,"Zeuch, T.J.","CIN",2022,2022,"All",-0.039742430077294014,-0.1606530845254592,85,0.011764705882352941,1,0,0,0,0,1,0,-0.2358057559915953,0.016486046935611086,"11.61945","16.13025","4.5108","10.501","25.892","15.391"
594838,"Gosselin, Phil","LAA",2022,2022,"All",0.0025625000000000005,,5,0,0,0,0,0,0,0,0,0.026650000000000007,-0.006150000000000002,"14.23","15.6936","1.4636",,,
608371,"Sims, Lucas","CIN",2022,2022,"All",0.01170118163126474,,32,0,0,0,0,0,0,0,0,0.14648090815632375,-0.03910000000000002,"12.4808125","15.80190625","3.32109375",,,
680704,"Sandlin, Nick","CLE",2022,2022,"All",0.09561162673409583,0.10298508807311427,318,0.015723270440251572,5,0,0,0,0,5,0,-1.0918482242259737,0.6977361590650946,"12.033912458","15.981653199","3.947740741","11.2976","22.174","10.8764"
542585,"Cisnero, José","DET",2022,2022,"All",0.09525732745053095,,213,0,0,0,0,0,0,0,0,1.6887441372526553,-0.5388700000000002,"11.826182692","14.697908654","2.871725962",,,
595014,"Treinen, Blake","LAD",2022,2022,"All",-0.00026147826086956563,,2,0,0,0,0,0,0,0,0,0.007062608695652169,-0.003719999999999999,"8.8625","13.8955","5.033",,,
667465,"Fletcher, Aaron","PIT",2022,2022,"All",0.007086602140137793,,47,0,0,0,0,0,0,0,0,0.24722551070068896,-0.09412999999999999,"11.927244444","14.171488889","2.244244444",,,
434378,"Verlander, Justin","HOU",2022,2022,"All",-0.1035564663355345,-0.09958600698903941,786,0.01272264631043257,7,3,0,0,0,7,3,-1.0810333541250083,0.25033378775437115,"10.604292537","14.842352239","4.238059701","10.7262","22.4431","11.7169"
641531,"Dozier, Hunter","KC",2022,2022,"All",0.011214391914790563,,13,0,0,0,0,0,0,0,0,0.1887769595739528,-0.05898,"12.502230769","15.172","2.669769231",,,
673316,"Barker, Luke","MIL",2022,2022,"All",0.003980689265049153,,13,0,0,0,0,0,0,0,0,0.08240844632524581,-0.02778000000000002,"12.633538462","15.638230769","3.004692308",,,
456713,"Bush, Matt","MIL",2022,2022,"All",0.2272231901872854,-0.1346772013353119,296,0.010135135135135136,3,0,1,0,0,3,1,-0.042938059232301484,0.5240240045194365,"11.78690458","16.270603053","4.483698473","14.542","28.678","14.136"
571945,"Mikolas, Miles","STL",2022,2022,"All",0.281035129502309,0.45808982938378684,900,0.0033333333333333335,2,1,0,1,0,3,1,3.5532963757635576,-0.9547203236675613,"11.383838288","14.860624257","3.476785969","11.387","22.760666667","11.373666667"
607644,"Means, John","BAL",2022,2022,"All",0.025951333590888127,,48,0,0,0,0,0,0,0,0,0.4853241679544408,-0.15803000000000006,"11.968577778","13.669333333","1.700755556",,,
608723,"Voth, Austin","BAL",2022,2022,"All",0.4379185107030438,0.28216588623571215,709,0.0014104372355430183,0,1,0,0,0,0,1,5.240277448802333,-1.3558599534609352,"11.22304918","14.365280179","3.142230999","12.558","18.473","5.915"
644429,"Severino, Anderson","CWS",2022,2022,"All",0.05518062688639426,,65,0,0,0,0,0,0,0,0,0.7701381344319711,-0.21966000000000005,"10.387262295","12.948606557","2.561344262",,,
676720,"Romero, Tommy","WSH",2022,2022,"All",0.0019841532238452546,,47,0,0,0,0,0,0,0,0,0.30579576611922643,-0.13150000000000006,"10.191155556","14.867","4.675844444",,,
605218,"Edwards Jr., Carl","WSH",2022,2022,"All",1.3529746236365705,1.214199604188523,397,0.007556675062972292,0,3,1,0,0,0,4,3.2772628933316477,1.550048988822757,"11.634739474","14.84655","3.211810526","11.21","17.415","6.205"
669424,"Lambert, Jimmy","CWS",2022,2022,"All",0.32026420167594083,1.2035131040347895,299,0.026755852842809364,7,1,0,0,0,7,1,-2.3347568097639377,1.7493679191749538,"11.560410256","15.711238095","4.150827839","11.68325","22.90275","11.2195"
656008,"Zabala, Aneurys","MIA",2022,2022,"All",-0.02910080074390918,-0.011680974226441848,30,0.03333333333333333,1,0,0,0,0,1,0,-0.5131328145211229,0.16339058257847835,"10.951862069","16.623310345","5.671448276","11.089","22.898","11.809"
667427,"Jackson, Zach","OAK",2022,2022,"All",0.38824249484777673,0.6548127289756009,336,0.011904761904761904,3,1,0,0,0,3,1,1.1603867568445598,0.34703365217525645,"11.557635802","14.559935185","3.002299383","11.1835","19.2505","8.067"
642770,"Guerra, Javy","TB",2022,2022,"All",0.029417373839895015,,103,0,0,0,0,0,0,0,0,0.7053118691994753,-0.24809999999999988,"12.205530612","16.153255102","3.94772449",,,
622251,"Staumont, Josh","KC",2022,2022,"All",-0.29137683342779275,0.03931517640013918,283,0.014134275618374558,3,1,0,1,0,4,1,-1.6710960635071657,0.09520528727475525,"12.244656489","16.472339695","4.227683206","12.47825","23.83525","11.357"
641627,"Gott, Trevor","MIL",2022,2022,"All",-0.12814472623821976,-0.11194242520517703,272,0.014705882352941176,3,1,0,0,0,3,1,-1.5806766723361156,0.417756907175562,"11.283785992","15.219801556","3.936015564","11.37225","22.28325","10.911"
624133,"Suárez, Ranger","PHI",2022,2022,"All",-0.1269724283744356,0.10309138916787347,821,0.00243605359317905,0,2,0,2,0,2,2,2.927790561482109,-1.583401201490796,"11.514022989","13.890090677","2.376067688","10.1745","18.636","8.4615"
678061,"Kerr, Ray","SD",2022,2022,"All",0.04773887704414802,,18,0,0,0,0,0,0,0,0,0.42499438522074,-0.08280000000000004,"13.232058824","16.613294118","3.381235294",,,
657024,"Swanson, Erik","SEA",2022,2022,"All",0.8193248650946274,0.4757802020934176,329,0.0121580547112462,3,1,1,0,0,3,2,0.4973083277399738,1.5996959989925168,"11.678718954","16.550627451","4.871908497","11.60675","22.8165","11.20975"
666168,"Thompson, Mason","WSH",2022,2022,"All",0.05195679726649604,,123,0,0,0,0,0,0,0,0,0.8051839863324809,-0.24239999999999978,"12.700284553","16.038382114","3.338097561",,,
605151,"Bradley, Archie","LAA",2022,2022,"All",0.23618332649034202,0.43067986415229875,108,0.027777777777777776,3,0,0,0,0,3,0,-0.8716165499903125,0.912236969974233,"12.573786517","16.946764045","4.372977528","11.612333333","20.331333333","8.719"
665645,"Castro, Kervin","CHC",2022,2022,"All",-0.10568536772440154,-0.09965589702210177,72,0.013888888888888888,1,0,0,0,0,1,0,-0.29602842090903725,-0.10328818565020936,"11.579179104","16.351641791","4.772462687","10.8","21.17","10.37"
608652,"Farrell, Luke","CIN",2022,2022,"All",0.03479308595204578,,92,0,0,0,0,0,0,0,0,0.7420004297602283,-0.2524600000000001,"11.529945055","14.87410989","3.344164835",,,
592346,"González, Chi Chi","NYY",2022,2022,"All",0.4193418977185433,-0.01115374434173469,121,0.008264462809917356,0,1,1,0,0,0,2,0.3178210648128681,0.7906170772354881,"11.455534483","15.284706897","3.829172414","12.008","21.881","9.873"
622663,"Severino, Luis","NYY",2022,2022,"All",-0.08373653857874146,-0.12842192066283337,457,0.0087527352297593,1,3,0,0,0,1,3,0.15928507869205855,-0.25687456514922946,"10.845338824","14.825364706","3.980025882","10.51275","22.176","11.66325"
608678,"Leone, Dominic","SF",2022,2022,"All",-0.15589181737034888,-0.18579042098285453,333,0.009009009009009009,2,1,0,0,0,2,1,0.6651050729392376,-0.6420285154626593,"12.130391753","16.14824055","4.017848797","12.122666667","24.951","12.828333333"
650339,"Palacios, Jermaine","MIN",2022,2022,"All",0.0005823969072164951,,5,0,0,0,0,0,0,0,0,0.006579484536082476,-0.0016300000000000004,"12.638","15.096","2.458",,,
688010,"Fisher, Nate","NYM",2022,2022,"All",0.01387784066034917,,25,0,0,0,0,0,0,0,0,0.30469420330174596,-0.10458000000000006,"10.71905","12.11655","1.3975",,,
621051,"Wilson, Steven","SD",2022,2022,"All",-0.20356819610662386,-0.40727208542085735,288,0.006944444444444444,2,0,0,0,0,2,0,0.24879194854759681,-0.5629479684803185,"12.370985612","16.374741007","4.003755396","12.783","29.113","16.33"
489334,"Stammen, Craig","SD",2022,2022,"All",-0.4128118512544176,-0.4756497912701185,225,0.022222222222222223,4,1,0,0,0,4,1,-2.7576159503073274,0.30824741957121776,"12.000460829","16.233082949","4.23262212","11.8972","24.224","12.3268"
663765,"Woodford, Jake","STL",2022,2022,"All",0.15691782658272985,,250,0,0,0,0,0,0,0,0,2.7714741329136445,-0.8830600000000003,"12.049133621","15.097241379","3.048107759",,,
641853,"McKay, David","OAK",2022,2022,"All",0.004438398224337192,,35,0,0,0,0,0,0,0,0,0.2431419911216861,-0.09820000000000004,"13.133257143","16.578971429","3.445714286",,,
543548,"Milone, Tommy","SEA",2022,2022,"All",0.12721837834058733,0.11949917077927869,74,0.013513513513513514,0,1,0,0,0,0,1,0.2481847791232477,0.17240316114652837,"12.081263889","14.052152778","1.970888889","9.557","20.478","10.921"
662253,"Muñoz, Andrés","SEA",2022,2022,"All",-0.12885427096787722,0.1014550746498088,309,0.019417475728155338,5,1,0,0,0,5,1,-1.8631295818656746,0.5417147675672428,"11.354065744","16.292712803","4.938647059","12.119333333","23.663166667","11.543833333"
645801,"Ford, Mike","LAA",2022,2022,"All",0.00008452466367713093,,3,0,0,0,0,0,0,0,0,0.025127623318385677,-0.01098000000000001,"5.3605","13.4495","8.089",,,
664337,"Yajure, Miguel","PIT",2022,2022,"All",-0.4891065885900949,-0.40876066551541074,202,0.009900990099009901,1,1,0,1,0,2,1,-1.3533651381517189,-0.4854079132438902,"11.269549738","15.176272251","3.906722513","10.933","28.5835","17.6505"
527048,"Pérez, Martín","TEX",2022,2022,"All",-1.1085324913846695,-1.0168843120261746,1114,0.008976660682226212,10,0,0,2,0,12,0,-1.1980643580198607,-1.9309324884015506,"12.123723247","14.899366236","2.775642989","12.1125","24.5056","12.3931"
657053,"Toussaint, Touki","LAA",2022,2022,"All",-0.09115518010137147,-0.05680284996783369,150,0.02,2,1,0,0,0,2,1,-0.8748909547558601,0.18627335744400292,"10.232286713","14.04786014","3.815573427","12.407333333","24.572","12.164666667"
678692,"Henriquez, Ronny","MIN",2022,2022,"All",0.24803647108506743,0.4754389030906848,72,0.027777777777777776,2,0,0,0,0,2,0,-0.5086843954217749,0.7772741114876054,"12.006731343","16.09241791","4.085686567","11.014","19.134","8.12"
592717,"Sanchez, Aaron","MIN",2022,2022,"All",-0.34951095168974594,-0.2559781607979241,323,0.018575851393188854,4,2,0,0,0,4,2,-2.4427995534194373,0.30899768665364763,"11.692336667","15.642643333","3.950306667","11.3195","22.094666667","10.775166667"
605463,"Scott, Tayler","SD",2022,2022,"All",0.04099699255902211,,88,0,0,0,0,0,0,0,0,0.7780374627951107,-0.2546900000000003,"12.697511905","15.891535714","3.19402381",,,
663474,"McKenzie, Triston","CLE",2022,2022,"All",1.2596687185652449,1.73126540084174,749,0.014686248331108143,6,5,0,0,0,6,5,0.39239541835037006,2.6248658553226116,"11.066687055","15.064190612","3.997503556","10.636363636","20.589363636","9.953"
686752,"Pepiot, Ryan","LAD",2022,2022,"All",0.09576524677610612,0.12348187880995695,319,0.003134796238244514,1,0,0,0,0,1,0,1.265495556421688,-0.3496308100182909,"10.86186645","14.924824104","4.062957655","11.55","21.416","9.866"
657093,"Watkins, Spenser","BAL",2022,2022,"All",0.38150523630044664,0.6028961393656247,681,0.005873715124816446,2,2,0,1,0,3,2,3.011400813048729,-0.4906109473539982,"11.541645591","15.209981697","3.668336106","10.92325","20.19275","9.2695"
593334,"Germán, Domingo","NYY",2022,2022,"All",-0.14882476094521796,-0.06733380809923006,416,0.002403846153846154,1,0,0,1,0,2,0,1.2619304028146372,-0.8915796477958792,"10.982139842","15.519891821","4.537751979","12.557","21.698","9.141"
622694,"Hernández, Elieser","MIA",2022,2022,"All",0.11813457394054273,0.3949373662629752,371,0.018867924528301886,4,3,0,0,0,4,3,-2.2236730949121313,1.250820428717706,"11.614706553","15.713301994","4.098595442","11.594857143","20.997428571","9.402571429"
663556,"McClanahan, Shane","TB",2022,2022,"All",0.9085871828144086,0.5694176392477299,673,0.005943536404160475,4,0,1,0,0,4,1,3.3250179014450425,0.5412968945008924,"10.574469673","13.2628507","2.688381026","11.62","23.19525","11.57525"
656686,"Martin, Corbin","AZ",2022,2022,"All",-0.0569663629164051,0.25917166220350496,168,0.023809523809523808,2,2,0,0,0,2,2,-1.5220684347242148,0.5498829422854209,"12.430222222","17.283138889","4.852916667","13.19575","23.4235","10.22775"
593958,"Rodriguez, Eduardo","DET",2022,2022,"All",0.14815296166724637,0.28424867732943265,480,0.00625,3,0,0,0,0,3,0,1.4321653806620909,-0.3072891432559378,"11.706897059","14.249296218","2.54239916","11.344333333","21.323333333","9.979"
663776,"Sandoval, Patrick","LAA",2022,2022,"All",0.8969467158310531,0.31807309753905033,983,0.003051881993896236,2,1,1,0,0,2,2,6.769293823134037,-1.0153601084350097,"11.029231414","13.078898429","2.049667016","13.952","25.334666667","11.382666667"
592454,"Kahnle, Tommy","LAD",2022,2022,"All",0.02597748937121243,,48,0,0,0,0,0,0,0,0,0.5569824468560625,-0.18982000000000013,"11.008125","13.231395833","2.223270833",,,
607572,"Howard, Sam","PIT",2022,2022,"All",-0.0022630255130081127,,21,0,0,0,0,0,0,0,0,0.04677987243495947,-0.025820000000000003,"12.201764706","13.110823529","0.909058824",,,
571976,"Myers, Wil","SD",2022,2022,"All",0.0059183673252712395,,6,0,0,0,0,0,0,0,0,0.0938968366263562,-0.028580000000000005,"13.2048","14.8392","1.6344",,,
676596,"Fleming, Josh","TB",2022,2022,"All",0.13513608381979486,0.10628719488248606,262,0.003816793893129771,0,1,0,0,0,0,1,0.8238615408881259,-0.0658582763507334,"11.204793774","13.587603113","2.382809339","12.359","21.11","8.751"
641835,"Mayza, Tim","TOR",2022,2022,"All",-0.03655946903305232,0.0512620708564705,238,0.004201680672268907,1,0,0,1,0,2,0,0.6960141533835171,-0.39058288824390147,"10.834630137","14.275392694","3.440762557","12.434","21.655","9.221"
621074,"Rucker, Michael","CHC",2022,2022,"All",-0.09807775743741125,-0.2670287272008914,379,0.002638522427440633,1,0,0,0,0,1,0,1.5783595069907765,-0.9194436863012622,"11.387732394","14.685822535","3.298090141","12.5","37.052","24.552"
661395,"Duran, Jhoan","MIN",2022,2022,"All",-0.09802905507487268,-0.21861178806477705,316,0.015822784810126583,3,2,0,0,0,3,2,-1.1445433418372852,0.2908435850946327,"12.186479233","15.692753994","3.50627476","11.002","23.1984","12.1964"
518586,"Culberson, Charlie","TEX",2022,2022,"All",0.006607728323699425,,7,0,0,0,0,0,0,0,0,0.09095364161849716,-0.025740000000000013,"15.927285714","17.234285714","1.307",,,
643256,"Cimber, Adam","TOR",2022,2022,"All",-0.4271397581573083,-0.16741958822674108,341,0.01466275659824047,5,0,0,0,0,5,0,-1.8749534341937701,-0.11588682515234265,"11.460966767","15.178655589","3.717688822","14.1178","25.3396","11.2218"
657756,"Seabold, Connor","BOS",2022,2022,"All",0.04961947576980533,,159,0,0,0,0,0,0,0,0,1.029499878849027,-0.34729000000000027,"12.057632911","15.472677215","3.415044304",,,
669214,"Menez, Conner","CHC",2022,2022,"All",0.010264653912996718,,17,0,0,0,0,0,0,0,0,0.25431826956498366,-0.09022000000000005,"11.329333333","12.189533333","0.8602",,,
621348,"Clay, Sam","NYM",2022,2022,"All",0.0056064027937493535,,32,0,0,0,0,0,0,0,0,0.1710645139687469,-0.06357000000000004,"11.42775","12.93825","1.5105",,,
572888,"Greene, Shane","NYY",2022,2022,"All",0.0036552750970334797,,21,0,0,0,0,0,0,0,0,0.20831137548516743,-0.08446000000000004,"10.777722222","14.346333333","3.568611111",,,
650911,"Sánchez, Cristopher","PHI",2022,2022,"All",-0.18675991939801037,-0.2133178837314997,229,0.008733624454148471,1,1,0,0,0,1,1,-0.21808235849999902,-0.3180965504400232,"11.820849315","14.431406393","2.610557078","11.071","24.0505","12.9795"
425794,"Wainwright, Adam","STL",2022,2022,"All",0.9625151593738359,1.2980693800937222,1135,0.010572687224669603,6,6,0,0,0,6,6,2.578914604040531,0.992738307923844,"11.44280449","14.911434986","3.468630496","11.159416667","19.18425","8.024833333"
643410,"Leiter Jr., Mark","CHC",2022,2022,"All",-0.513447053041053,-0.5068907881258797,421,0.014251781472684086,4,2,0,0,0,4,2,-1.5540114858708356,-0.45032167970418907,"11.107352941","15.521846547","4.414493606","11.959666667","25.302833333","13.343166667"
642659,"Espinal, Raynel","CIN",2022,2022,"All",0.000723699159216139,,16,0,0,0,0,0,0,0,0,0.032778495796080706,-0.01296,"11.5402","15.736066667","4.195866667",,,
665795,"Cabrera, Edward","MIA",2022,2022,"All",-0.17778281487392253,-0.13988913963535338,394,0.012690355329949238,4,1,0,0,0,4,1,-0.5571819123426602,-0.14743651645642153,"11.731721354","15.983614583","4.251893229","11.6788","22.0446","10.3658"
606131,"Perdomo, Luis","MIL",2022,2022,"All",-0.16928281790468167,-0.1304523874254278,121,0.01652892561983471,2,0,0,0,0,2,0,-0.7930284189897125,-0.023726964681642905,"11.27193913","15.905513043","4.633573913","10.996","23.1665","12.1705"
656887,"Reid-Foley, Sean","NYM",2022,2022,"All",-0.21698603092217067,-0.20108125627701792,54,0.037037037037037035,2,0,0,0,0,2,0,-1.4173804954672087,0.14775570704726798,"12.700339623","15.936773585","3.236433962","11.8725","23.2015","11.329"
672911,"Cruz, Jesus","ATL",2022,2022,"All",-0.1336531255782274,-0.15731264846949866,52,0.019230769230769232,1,0,0,0,0,1,0,-0.35262276611647103,-0.1402857163442957,"12.040423077","16.293423077","4.253","11.048","26.998","15.95"
628711,"Urías, Julio","LAD",2022,2022,"All",-0.5314132012441037,-0.7200674935362743,821,0.008526187576126675,5,2,0,1,0,6,2,0.27235937712694236,-1.3019668370433157,"11.282762914","14.028270199","2.745507285","11.940333333","25.148833333","13.2085"
663432,"Rainey, Tanner","WSH",2022,2022,"All",-0.0824215839775626,-0.16232580460420076,171,0.011695906432748537,2,0,0,0,0,2,0,-0.26662194658268135,-0.06466043258005813,"11.272710843","15.269277108","3.996566265","18.0825","29.519","11.4365"
656464,"Ginkel, Kevin","AZ",2022,2022,"All",0.047258532468756415,,146,0,0,0,0,0,0,0,0,1.1853651623437824,-0.42181000000000035,"11.055684211","14.338218045","3.282533835",,,
642048,"Saucedo, Tayler","TOR",2022,2022,"All",0.019439639931469202,,23,0,0,0,0,0,0,0,0,0.3218156996573461,-0.09983000000000004,"11.02325","13.9038","2.88055",,,
665871,"Assad, Javier","CHC",2022,2022,"All",-0.33959058034818956,-0.12356427304811513,274,0.01824817518248175,4,1,0,0,0,4,1,-1.7301274414768233,0.014299795438165924,"11.292767068","16.040409639","4.74764257","11.8626","23.106","11.2434"
608665,"Graveman, Kendall","CWS",2022,2022,"All",-0.11468453549203658,-0.25031999771634855,423,0.009456264775413711,4,0,0,0,0,4,0,0.9675943130948805,-0.6848964402466959,"11.190876344","15.161916667","3.971040323","10.89875","22.5225","11.62375"
669467,"Pallante, Andre","STL",2022,2022,"All",0.08139023406203312,0.20927510247719622,653,0.007656967840735069,4,1,0,0,0,4,1,1.0332093673049043,-0.2783369764421036,"11.601495146","15.687962783","4.086467638","11.183","23.1448","11.9618"
425877,"Molina, Yadier","STL",2022,2022,"All",0.00009214520135565661,,17,0,0,0,0,0,0,0,0,0.09950572600677829,-0.04402000000000002,"8.0966875","11.0434375","2.94675",,,
518585,"Cruz, Fernando","CIN",2022,2022,"All",-0.04330882998683968,0.00539685058115047,72,0.013888888888888888,1,0,0,0,0,1,0,-0.29575691255230097,0.03520567227471298,"12.785149254","17.120268657","4.335119403","10.194","20.723","10.529"
621593,"Castro, Anthony","CLE",2022,2022,"All",-0.18708930588165817,-0.06387451038035818,86,0.023255813953488372,1,1,0,0,0,1,1,-1.237264327144706,0.13414124343840653,"11.480341176","15.118729412","3.638388235","18.968","33.527","14.559"
641656,"Hamilton, Ian","MIN",2022,2022,"All",0.0011560586520263883,,18,0,0,0,0,0,0,0,0,0.06464029326013193,-0.026159999999999996,"12.221058824","14.889882353","2.668823529",,,
621248,"Garza Jr., Ralph","TB",2022,2022,"All",0.049048692308601295,,188,0,0,0,0,0,0,0,0,1.2937884615430064,-0.46602,"11.564824561","14.957409357","3.392584795",,,
641312,"Anderson, Shaun","TOR",2022,2022,"All",0.0003907192006028428,,2,0,0,0,0,0,0,0,0,0.02067359600301423,-0.008320000000000008,"7.229","10.3985","3.1695",,,
503285,"O'Day, Darren","ATL",2022,2022,"All",-0.29041681459525825,-0.32647428647853083,137,0.029197080291970802,4,0,0,0,0,4,0,-2.4243352499740256,0.4321116342212157,"11.7721875","15.287273438","3.515085938","11.8955","23.138","11.2425"
543351,"Jackson, Jay","ATL",2022,2022,"All",0.00022708474576271093,,2,0,0,0,0,0,0,0,0,0.019405423728813563,-0.008120000000000004,"10.9405","15.8735","4.933",,,
553902,"Astudillo, Willians","MIA",2022,2022,"All",0.006058611975404289,,12,0,0,0,0,0,0,0,0,0.11363305987702149,-0.037040000000000024,"14.537916667","16.317416667","1.7795",,,
606625,"Moronta, Reyes","AZ",2022,2022,"All",-0.04390025639563376,-0.13252491086234308,276,0.007246376811594203,2,0,0,0,0,2,0,-0.0211487877142513,-0.08815666411729656,"12.224149254","16.031660448","3.807511194","11.171","24.2705","13.0995"
664208,"Maton, Phil","HOU",2022,2022,"All",0.010891562986072877,-0.048459834180152234,526,0.0038022813688212928,1,1,0,0,0,1,1,2.5952070294614416,-1.1292218731249242,"11.357058586","14.867888889","3.510830303","12.3585","22.1135","9.755"