MLBAMID,Name,Team,Year,Age,Primary_Position,two_way_player,G,PA,WAR,K%,BB%,AVG,OBP,SLG,GDP,Positional_WAR,Enhanced_Baserunning,Enhanced_Defense,WAR_per_600,Predicted_WAR_per_600,Residual,Predicted_Current_WAR,Actual_Current_WAR,Current_Residual,ROS_WAR,Total_Projected_WAR,Error
592450,Aaron Judge,NYY,2025,33,RF,False,96,429,6.985231921397041,25.407925399999996,16.083916000000002,0.36004781782289735,0.46795137915906,0.7431386962865729,10,-0.75,-0.6133312757709699,0.5285245104001945,9.769555134821037,8.877532733318688,0.8920224015023486,6.347435904322862,6.985231921397041,0.6377960170741792,0.9765286006650556,7.323964504987917,0.6377960170741792
663728,Cal Raleigh,SEA,2025,28,C,False,94,417,6.167232455570275,25.1798561,14.8681055,0.28163434364935,0.408823804491378,0.6884395065777604,4,1.25,-0.16639489792265838,8.679664179104478,8.873715763410468,9.645780118241586,-0.7720643548311177,6.703817182177901,6.167232455570275,-0.536584726607626,1.0610358130065745,7.764852995184476,-0.536584726607626
677951,Bobby Witt Jr.,KCR,2025,25,SS,False,97,420,4.751118696728982,19.047618999999997,7.1428571,0.293963254,0.345238095,0.503937007,3,0.75,6.364394385389311,30.0,6.787312423898546,6.3282606712234575,0.45905175267508813,4.42978246985642,4.751118696728982,0.32133622687256214,0.6855615727158746,5.1153440425722945,0.32133622687256214
691718,Pete Crow-Armstrong,CHC,2025,23,CF,False,95,401,4.574877717432409,22.9426433,4.488778,0.27594394898137703,0.31425721097689646,0.5658244613471707,1,0.25,4.636139969225871,0.6628592483419304,6.845203567230538,6.580353906022266,0.264849661208272,4.397869860524881,4.574877717432409,0.17700785690752863,0.7348061861724863,5.132676046697367,0.17700785690752863
660271,Shohei Ohtani,LAD,2025,30,,False,95,438,4.11775792679658,24.8858447,14.1552511,0.28078796862925465,0.38923786490226014,0.6166324027940484,5,-0.7,1.6565164013044298,0.19155182777505733,5.640764283282986,6.880653538096361,-1.2398892548133746,5.022877082810344,4.11775792679658,-0.9051191560137637,0.7683396450874269,5.791216727897771,-0.9051191560137637
665161,Jeremy Peña,HOU,2025,27,SS,False,82,350,4.039300594781596,15.7142857,5.7142857,0.32333927594113804,0.38007215739620204,0.49134889996077047,6,0.75,3.6174021213285315,30.0,6.924515305339879,6.031298411267851,0.8932168940720278,3.5182574065729137,4.039300594781596,0.5210431882086826,0.6031298411267851,4.121387247699699,0.5210431882086826
607208,Trea Turner,PHI,2025,32,SS,False,94,423,3.8389426249415712,16.548463299999998,6.8557919,0.2812191228047034,0.33395364506527203,0.42182868469416673,5,0.75,4.680160126000787,30.0,5.4453086878603845,4.547574425709233,0.8977342621511513,3.2060399701250093,3.8389426249415712,0.6329026548165619,0.4850746054089849,3.691114575533994,0.6329026548165619
663656,Kyle Tucker,CHC,2025,28,RF,False,95,423,3.7770117594701142,14.184397100000002,14.184397100000002,0.2912234187854806,0.3991141045183148,0.5183776861451294,5,-0.7500000000000001,5.223664618940454,0.7980423491809829,5.357463488610091,6.363130649050558,-1.005667160440467,4.486007107580643,3.7770117594701142,-0.7089953481105287,0.7105495891439789,5.196556696724622,-0.7089953481105287
608070,José Ramírez,CLE,2025,32,3B,False,92,391,3.767619731250359,11.253196899999999,8.9514066,0.296138899878727,0.3648236410252656,0.5080814465302161,2,0.2,8.126178256159086,15.0,5.781513654092623,6.938332464229569,-1.1568188101369463,4.5214799891896025,3.767619731250359,-0.7538602579392433,0.8094721208267831,5.330952110016385,-0.7538602579392433
621439,Byron Buxton,MIN,2025,31,CF,False,78,333,3.740097117539313,26.1261261,8.108108099999999,0.2804397526856877,0.3414279072655541,0.5576185777207784,0,0.25,8.282816767604796,0.11356628982528205,6.738913725296059,7.843122809667344,-1.104209084371285,4.352933159365376,3.740097117539313,-0.6128360418260632,0.7712404096172888,5.124173568982665,-0.6128360418260632
665487,Fernando Tatis Jr.,SDP,2025,26,RF,False,94,413,3.610533435695673,17.433414,12.3486682,0.268907563,0.365617433,0.450980392,4,-0.75,3.5784365422322044,1.1662817551963045,5.245327025223738,4.445412083043877,0.7999149421798615,3.0599253171618686,3.610533435695673,0.5506081185338045,0.4741772888580136,3.534102606019882,0.5506081185338045
682829,Elly De La Cruz,CIN,2025,23,SS,False,97,415,3.520256801397384,24.3373493,10.1204819,0.2783489719132618,0.35216015695337255,0.4851224946626253,6,0.75,4.416366551154579,30.0,5.089527905634772,5.867408467721193,-0.7778805620864206,4.058290856840491,3.520256801397384,-0.5380340554431076,0.6356359173364625,4.693926774176954,-0.5380340554431076
669257,Will Smith,LAD,2025,30,C,False,74,301,3.4055417923855518,18.2724252,14.9501661,0.32856277228182984,0.4331352424358392,0.5503426431901107,5,1.25,-2.138201294792575,-0.7322159287943606,6.78845540010409,6.798616383157315,-0.010160983053224548,3.4106392188839196,3.4055417923855518,-0.005097426498367863,0.589213419873634,3.9998526387575537,-0.005097426498367863
682998,Corbin Carroll,ARI,2025,24,RF,False,80,361,3.3661330013921176,25.7617728,8.587257600000001,0.24395291641576608,0.32226523296385834,0.5465780542674235,2,-0.75,5.6323980263817655,0.7144058531662612,5.594680888740362,5.557670482453006,0.0370104062873553,3.3438650736092255,3.3661330013921176,0.022267927782892105,0.5094531275581922,3.8533182011674176,0.022267927782892105
672695,Geraldo Perdomo,ARI,2025,25,SS,False,96,427,3.298949679251371,11.943793900000001,13.5831381,0.26345753671589556,0.36818711945186605,0.410767128516932,6,0.75,2.136959972331942,30.0,4.63552648138366,4.823072234114195,-0.18754575273053575,3.4324197399446024,3.298949679251371,-0.1334700606932313,0.5305379457525615,3.962957685697164,-0.1334700606932313
672580,Maikel Garcia,KCR,2025,25,SS,False,95,386,3.287559808980918,13.4715025,8.031088,0.297142857,0.354166666,0.454285714,7,0.2424445471349353,-1.749540073865969,3.1336734693877553,5.110196594270858,3.309302224227755,1.8008943700431024,2.128984430919856,3.287559808980918,1.1585753780610624,0.3474767335439143,2.47646116446377,1.1585753780610624
678882,Ceddanne Rafaela,BOS,2025,24,CF,False,92,341,3.231148621878952,19.3548387,4.6920821,0.26404108125036113,0.3052259671178091,0.46974750543390886,2,0.25619322873658135,2.116085950925793,-0.19591294661982617,5.6853054930421445,3.337547146138995,2.3477583469031496,1.896839294722329,3.231148621878952,1.334309327156623,0.33931729319079784,2.236156587913127,1.334309327156623
596019,Francisco Lindor,NYM,2025,31,SS,False,95,430,3.2104182274857416,17.6744186,7.674418600000001,0.26573693402706405,0.3377237405816352,0.46705279397521815,5,0.75,4.17,30.0,4.479653340677779,5.183048555140703,-0.7033952144629234,3.71451813118417,3.2104182274857416,-0.5040999036984286,0.5442200982897738,4.258738229473944,-0.5040999036984286
695578,James Wood,WSN,2025,22,LF,False,95,420,3.2087789550480186,27.619047600000002,14.047619000000001,0.2774546782626226,0.3800822143031773,0.5324887775218027,5,-0.7,-0.0734835986955703,0.22610345797020037,4.583969935782884,5.120364262259345,-0.5363943264764615,3.5842549835815416,3.2087789550480186,-0.375476028533523,0.5547061284114291,4.138961111992971,-0.375476028533523
606466,Ketel Marte,ARI,2025,31,2B,False,68,297,3.13954021953369,15.1515151,13.4680134,0.2880428602046039,0.391709593193622,0.5642483434643302,7,0.3,-0.5182012947925747,20.0,6.3425054940074554,6.495043981884162,-0.15253848787670687,3.2150467710326605,3.13954021953369,-0.07550655149897034,0.4979533719444524,3.713000142977113,-0.07550655149897034
665742,Juan Soto,NYM,2025,26,RF,False,96,423,3.060820154944952,18.4397163,18.2033096,0.2677027239841332,0.4047116649727976,0.5203659704256905,14,-0.75,3.563605102077341,-0.7914847161572053,4.341588872262343,5.802581179551272,-1.4609923072889286,4.090819731583646,3.060820154944952,-1.0299995766386938,0.618941992485469,4.709761724069115,-1.0299995766386938
669065,Kyle Stowers,MIA,2025,27,RF,False,91,346,3.0189688408390905,28.034682,9.8265895,0.2854982500621311,0.3589811584829062,0.5292945092872383,6,-0.6518334695784188,1.1645875261594743,-0.1181712514529254,5.235206082379926,4.667540312724655,0.5676657696552709,2.6916149136712177,3.0189688408390905,0.3273539271678727,0.5523256036724175,3.2439405173436353,0.3273539271678727
682928,CJ Abrams,WSN,2025,24,SS,False,82,364,2.959750096340358,16.2087912,6.5934065,0.2868051571415758,0.3518116363715549,0.48207675453345883,3,0.75,5.1259618395870765,30.0,4.878708950011578,5.798765603521961,-0.9200566535103825,3.5179177994699895,2.959750096340358,-0.5581677031296315,0.5412181229953831,4.059135922465373,-0.5581677031296315
641355,Cody Bellinger,NYY,2025,29,RF,False,88,375,2.923842598161261,14.399999999999999,7.7333333,0.28627613799355,0.3406686044252424,0.5009832417421861,4,-0.49139689407401677,2.18651640130443,0.4086538461538458,4.6781481570580175,4.677430491501085,0.00071766555693209,2.9233940571881782,2.923842598161261,0.0004485409730827783,0.46774304915010856,3.3911371063382867,0.0004485409730827783
656941,Kyle Schwarber,PHI,2025,32,LF,False,96,426,2.899586993748827,26.2910798,15.492957700000002,0.24078816713836115,0.3681924085966284,0.5313945772653506,1,-0.7,0.786959972331942,0.7045454545454544,4.0839253433082074,5.218730583542631,-1.1348052402344235,3.705298714315268,2.899586993748827,-0.8057117205664408,0.5740603641896894,4.279359078504958,-0.8057117205664408
592518,Manny Machado,SDP,2025,32,3B,False,96,408,2.876958992720657,16.911764700000003,8.8235294,0.291553133,0.350490196,0.490463215,11,0.2,0.409421769317712,15.0,4.230822048118613,4.7769014424615275,-0.5460793943429145,3.2482929808738388,2.876958992720657,-0.37133398815318186,0.525459158670768,3.773752139544607,-0.37133398815318186
656716,Zach McKinstry,DET,2025,30,SS,False,88,331,2.8260298411388485,21.7522658,10.2719033,0.27775355660394746,0.35473624933207387,0.4606644354858921,3,0.08080064626155643,1.5384365422322044,19.090725806451612,5.122712702970722,4.550057384877864,0.572655318092858,2.5101149906576214,2.8260298411388485,0.315914850481227,0.47017259643737924,2.9802875870950007,0.315914850481227
683737,Michael Busch,CHC,2025,27,1B,False,90,341,2.8120957833364626,22.580645099999998,10.2639296,0.3015036063489986,0.3902564619132642,0.5718171844549974,1,-1.25,0.12456591935394723,15.0,4.94796912024011,5.15362258445299,-0.20565346421288044,2.9289755021641164,2.8120957833364626,-0.1168797188276538,0.5411303713675639,3.47010587353168,-0.1168797188276538
681624,Andy Pages,LAD,2025,24,RF,False,93,378,2.8108531922635605,20.6349206,4.7619047,0.2901836442633458,0.3314311771982024,0.4875085232587402,4,-0.033674214755295834,-0.05999999999999994,0.5555555555555558,4.461671733751683,3.274522391624521,1.1871493421271624,2.0629491067234484,2.8108531922635605,0.747904085540112,0.3547399257593231,2.4176890324827713,0.747904085540112
672386,Alejandro Kirk,TOR,2025,26,C,False,81,319,2.808774863303378,9.4043887,8.4639498,0.30406339901083623,0.3616046009397367,0.40891284739525474,8,1.25,-1.431375661075104,14.983587193036993,5.282962125335508,4.5728572692589475,0.7101048560765602,2.4312357814893404,2.808774863303378,0.37753908181403784,0.44204286936169823,2.873278650851039,0.37753908181403784
805779,Jacob Wilson,ATH,2025,23,SS,False,87,366,2.781684600713304,7.6502732,5.4644808000000005,0.329411764,0.372602739,0.458823529,15,0.75,-0.903040027668058,30.0,4.56013868969394,4.676283882150116,-0.11614519245617583,2.8525331681115706,2.781684600713304,-0.07084856739826684,0.4364531623340109,3.2889863304455815,-0.07084856739826684
683002,Gunnar Henderson,BAL,2025,24,SS,False,88,371,2.732632406082723,23.9892183,8.8948787,0.28535726318136234,0.35466322239377673,0.4644644819517921,6,0.75,6.185961839587077,30.0,4.419351600133784,5.705154539906163,-1.2858029397723785,3.527687223841977,2.732632406082723,-0.795054817759254,0.7036357265884268,4.231322950430404,-0.795054817759254
682985,Riley Greene,DET,2025,24,LF,False,95,397,2.7077818223463224,31.486145999999998,6.801007500000001,0.27719827136797653,0.3268130560269871,0.5304082306874669,6,-0.6098497495826377,0.29666872422903023,0.9509028249684504,4.092365474578825,3.3724769520476072,0.7198885225312179,2.2314555832715,2.7077818223463224,0.4763262390748224,0.37659325964531615,2.608048842916816,0.4763262390748224
624413,Pete Alonso,NYM,2025,30,1B,False,97,423,2.700958805167025,22.6950354,10.8747044,0.2861250446961646,0.38441334703136265,0.5439208770360487,14,-1.25,-1.2368288580873403,15.0,3.8311472413716667,4.266604835280711,-0.4354575939090446,3.0079564088729014,2.700958805167025,-0.30699760370587637,0.4622155238220771,3.4701719326949787,-0.30699760370587637
641487,J.P. Crawford,SEA,2025,30,SS,False,93,409,2.6574701761220343,16.8704156,13.4474327,0.31474111812882877,0.42466679051221257,0.4249005092567475,3,0.75,0.30456591935394717,30.0,3.898489255924745,5.326285506967671,-1.4277962510429258,3.630751287249629,2.6574701761220343,-0.9732811111275947,0.5770142632548311,4.20776555050446,-0.9732811111275947
553993,Eugenio Suárez,ARI,2025,33,3B,False,95,391,2.654476706757589,26.854219899999997,6.3938618,0.2485849347348857,0.3178835476287347,0.565745023639382,7,0.19999999999999998,0.23762008023419612,15.0,4.073365790420853,5.143653495157124,-1.0702877047362707,3.351947527677392,2.654476706757589,-0.6974708209198028,0.5572291286420218,3.909176656319414,-0.6974708209198028
668227,Randy Arozarena,SEA,2025,30,LF,False,94,412,2.57443462410399,27.427184399999998,10.4368932,0.27301543843977866,0.3874295099237156,0.5025966025082841,5,-0.7,4.6916912264792545,0.07565158724522458,3.7491766370446458,5.702814260438896,-1.9536376233942505,3.9159324588347086,2.57443462410399,-1.3414978347307187,0.6273095686482786,4.543242027482988,-1.3414978347307187
677594,Julio Rodríguez,SEA,2025,24,CF,False,95,431,2.571434204789999,21.5777262,6.4965197,0.2735364597072836,0.34011757772824913,0.4531311056058,9,0.25,2.1963665511545787,0.4927458928952422,3.57972279089095,3.7443538846876727,-0.1646310937967228,2.6896942071673116,2.571434204789999,-0.11826000237731238,0.4181195171234568,3.1078137242907684,-0.11826000237731238
670623,Isaac Paredes,HOU,2025,26,3B,False,92,403,2.5506833878156483,16.6253101,11.9106699,0.2584826869559815,0.35906659079429876,0.47049657673117173,8,0.2,-1.9424346476466186,10.36440877055599,3.797543505432727,4.363566992172876,-0.566023486740149,2.930862496409448,2.5506833878156483,-0.3801791085937998,0.4945375924462592,3.4254000888557075,-0.3801791085937998
665862,Jazz Chisholm Jr.,NYY,2025,27,3B,False,65,271,2.5501444290906607,26.9372693,11.808117999999999,0.25347366400687676,0.3529855467630736,0.5200580342832635,2,0.2781450872359963,3.269374659797206,4.773109243697479,5.646076226768991,6.2501339434538865,-0.6040577166848955,2.8229771644600055,2.5501444290906607,-0.2728327353693447,0.458343155853285,3.2813203203132906,-0.2728327353693447
680977,Brendan Donovan,STL,2025,28,LF,False,89,388,2.507526688342375,13.4020618,8.7628865,0.2981676741182877,0.368974377212479,0.43263544990369407,4,0.1418314255983351,-1.2525333724512264,0.43092105263157876,3.8776185902201674,3.124697577689715,0.7529210125304524,2.0206377669060154,2.507526688342375,0.48688892143635965,0.35934022143431726,2.3799779883403325,0.48688892143635965
691026,Masyn Winn,STL,2025,23,SS,False,85,358,2.4869813226240947,17.877094900000003,7.5418994,0.2568109636393596,0.31829444280188834,0.3805752835745964,9,0.75,-0.2134835986955702,30.0,4.1681251217163595,2.4081175682403706,1.760007553475989,1.436843482383421,2.4869813226240947,1.0501378402406736,0.26489293250644075,1.701736414889862,1.0501378402406736
608369,Corey Seager,TEX,2025,31,SS,False,65,285,2.478321913212182,20.0,13.3333333,0.27215458506138374,0.38116562746778493,0.4847753557614999,9,0.75,-0.2837098430394619,30.0,5.217519817288805,5.617256536110952,-0.39973671882214745,2.6681968546527024,2.478321913212182,-0.1898749414405203,0.4119321459814698,3.080129000634172,-0.1898749414405203
621566,Matt Olson,ATL,2025,31,1B,False,95,420,2.4406368717812432,23.5714285,13.3333333,0.26259225805494085,0.3629466643317295,0.46931382228790514,10,-1.25,-1.0768288580873402,15.0,3.486624102544633,2.551665861751113,0.9349582407935202,1.786166103225779,2.4406368717812432,0.6544707685554643,0.2849360212288743,2.0711021244546535,0.6544707685554643
608348,Carson Kelly,CHC,2025,30,C,False,62,234,2.429335288585972,15.8119658,13.6752136,0.2873453182521405,0.3909861089579696,0.5433438752503573,7,1.25,-0.5484380281523682,1.783333333333335,6.229064842528134,6.5619698624624565,-0.33290501993432287,2.559168246360358,2.429335288585972,-0.12983295777438597,0.4702745068098094,3.0294427531701675,-0.12983295777438597
686217,Sal Frelick,MIL,2025,25,RF,False,93,385,2.42401653197546,12.7272727,6.7532467,0.29841489053870635,0.35935454925991805,0.41068979962890845,1,-0.6902356902356902,1.141405786325741,0.7005371530886306,3.7776881017799377,2.6241463174206023,1.1535417843593354,1.6838272203448867,2.42401653197546,0.7401893116305733,0.2842825177205653,1.968109738065452,0.7401893116305733
608324,Alex Bregman,BOS,2025,31,3B,False,53,234,2.407181760333872,18.3760683,9.4017094,0.2896064880939746,0.37017446975988677,0.5317365034159944,3,0.2,-1.0023799197658039,15.0,6.172260923933004,5.549884875809045,0.6223760481239591,2.164455101565528,2.407181760333872,0.2427266587683441,0.3237432844221943,2.488198385987722,0.2427266587683441
665966,Carlos Narváez,BOS,2025,26,C,False,73,285,2.3775210351655094,23.5087719,10.5263157,0.2654366468968929,0.3380824668979501,0.42700678008686566,7,1.25,-2.7411098703357615,8.548109243697478,5.005307442453704,4.061668512365552,0.9436389300881523,1.929292543373637,2.3775210351655094,0.4482284917918724,0.32493348098924413,2.254226024362881,0.4482284917918724
676694,Jake Meyers,HOU,2025,29,CF,False,89,322,2.375456613014582,18.0124223,8.3850931,0.3094637014600023,0.3705523583082788,0.40682306822275455,8,0.25,0.8584365422322043,-0.42180094786729905,4.426316670213507,3.4147317822799548,1.011584887933552,1.832572723156909,2.375456613014582,0.5428838898576731,0.375620496050795,2.208193219207704,0.5428838898576731
663538,Nico Hoerner,CHC,2025,28,2B,False,92,378,2.3649240015648165,7.4074074,5.5555555,0.2940774082571407,0.34380542524387786,0.3921032120491885,1,0.3,2.5676466995775864,20.0,3.7538476215314547,3.2974299104443063,0.45641771108714835,2.077380843579913,2.3649240015648165,0.2875431579849037,0.35172585711405935,2.429106700693972,0.2875431579849037
650402,Gleyber Torres,DET,2025,28,2B,False,84,359,2.312017935764874,12.813370399999998,14.2061281,0.2740604464592907,0.37771011520921294,0.41435329444640184,7,0.3,-0.36364726481668325,20.0,3.864096828576391,3.5244996950115652,0.3395971335648258,2.1088256508485865,2.312017935764874,0.2031922849162875,0.3465758033428039,2.4554014541913904,0.2031922849162875
680757,Steven Kwan,CLE,2025,27,LF,False,92,404,2.2887649166553574,8.4158415,8.1683168,0.2866166455954713,0.34648236941847255,0.3979240808952135,2,-0.7,2.6570062694925083,0.688629518072289,3.399155816814887,2.6377033112493056,0.7614525055655816,1.7760535629078658,2.2887649166553574,0.5127113537474917,0.3077320529790857,2.0837856158869514,0.5127113537474917
666018,Jonathan Aranda,TBR,2025,27,1B,False,91,358,2.281006861420549,23.7430167,9.217877,0.323809523,0.39944134,0.492063492,7,-1.25,-1.5305782306822882,15.0,3.8229165275204733,3.6346959966615433,0.18822053085892998,2.1687019446747207,2.281006861420549,0.11230491674582854,0.4301056929382826,2.598807637613003,0.11230491674582854
593428,Xander Bogaerts,SDP,2025,32,SS,False,94,379,2.2697819688348613,16.358839,10.8179419,0.265861027,0.343915343,0.36858006,8,0.75,3.574307964579863,30.0,3.5933223781026826,3.485912717697089,0.10740966040559341,2.2019348666786613,2.2697819688348613,0.06784710215619993,0.3718306898876895,2.573765556566351,0.06784710215619993
677800,Wilyer Abreu,BOS,2025,26,RF,False,83,301,2.256077368009353,23.5880398,9.6345514,0.24872396925187035,0.31687785804132124,0.48302915843923316,6,-0.75,-0.500625340202794,0.8965883602880409,4.497164188722963,1.7980159635251458,2.6991482251978174,0.9020046750351148,2.256077368009353,1.3540726929742384,0.16481812998980502,1.0668228050249198,1.3540726929742384
656305,Matt Chapman,SFG,2025,32,3B,False,73,307,2.2371422502298453,23.7785016,13.6807817,0.236641221,0.348534201,0.423664122,4,0.2,-0.28374964843530404,15.0,4.372264984162564,3.0470703530942376,1.3251946310683267,1.5590843306665516,2.2371422502298453,0.6780579195632936,0.25392252942451976,1.8130068600910714,0.6780579195632936
571970,Max Muncy,LAD,2025,34,3B,False,81,315,2.236333781918786,21.9047619,16.1904761,0.2546361486457362,0.3815500379913143,0.4655067092429865,4,0.20000000000000004,1.210459926134031,11.404312819872676,4.25968339413102,5.262295371009801,-1.0026119768787805,2.7627050697801456,2.236333781918786,-0.5263712878613598,0.49991806024593105,3.2626231300260766,-0.5263712878613598
673548,Seiya Suzuki,CHC,2025,30,RF,False,92,407,2.2319777749087013,26.7813267,8.108108099999999,0.2733001563877198,0.3320805623571864,0.5691405331665861,8,-0.7347976307996051,0.820459926134031,-0.37234042553191515,3.2903849261553337,4.3851983630258715,-1.0948134368705378,2.974626222919216,2.2319777749087013,-0.7426484480105149,0.467754492056093,3.442380714975309,-0.7426484480105149
656811,Ryan O'Hearn,BAL,2025,31,RF,False,82,319,2.222252314036852,16.300940399999998,12.225705300000001,0.29142869437798713,0.39009420937015865,0.4670331643419025,8,-1.1420446312128676,-0.10062534020279407,-0.4697986577181207,4.179784916683735,3.242262326021196,0.9375225906625388,1.7238028033346025,2.222252314036852,0.49844951070224974,0.36745639694906884,2.0912592002836714,0.49844951070224974
660670,Ronald Acuña Jr.,ATL,2025,27,RF,False,45,193,2.167246949314288,26.9430051,16.5803108,0.32391121107966153,0.4364861716438097,0.5917608664341077,1,-0.7500000000000001,1.2484365422322043,-0.11999486652977454,6.737555282842346,7.48727983337769,-0.749724550535344,2.408408346403157,2.167246949314288,-0.24116139708886886,0.38684279139118066,2.7952511377943376,-0.24116139708886886
687263,Zach Neto,LAA,2025,24,SS,False,77,328,2.167057985708786,26.5243902,4.8780487,0.27684198844399144,0.3240580454303476,0.4885446858399993,5,0.75,0.6043079645798634,30.0,3.9641304616624136,4.598172841122617,-0.6340423794602033,2.5136678198136972,2.167057985708786,-0.3466098341049113,0.4214991771029065,2.9351669969166037,-0.3466098341049113
667670,Brent Rooker,ATH,2025,30,RF,False,98,426,2.167004354939605,21.5962441,10.0938967,0.278947368,0.355294117,0.505263157,9,-0.7375,0.43430796457986337,-0.41666666666666685,3.052118809774092,3.353268171593416,-0.30114936181932395,2.380820401831325,2.167004354939605,-0.21381604689171985,0.3576819383032977,2.7385023401346227,-0.21381604689171985
669224,Austin Wells,NYY,2025,25,C,False,78,289,2.1343596762650923,23.8754325,6.5743944,0.22881669193600188,0.28767945235074854,0.4615785007011289,8,1.25,0.14746662754877365,11.114999999999998,4.431196559719915,3.7833177561674707,0.6478788035524441,1.8222980525539985,2.1343596762650923,0.3120616237110938,0.3341930684614599,2.1564911210154585,0.3120616237110938
694671,Wyatt Langford,TEX,2025,23,LF,False,76,332,2.1080659841204934,26.204819200000003,10.2409638,0.2483381569923323,0.3302922767839204,0.4442105053754991,6,-0.4387131529046716,1.6359618395870767,0.3593805730590893,3.8097578026273977,2.7493501742243134,1.0604076284030843,1.5213070964041202,2.1080659841204934,0.5867588877163732,0.2382770150994405,1.7595841115035606,0.5867588877163732
607043,Brandon Nimmo,NYM,2025,32,LF,False,93,383,2.084253254344545,19.0600522,7.5718015,0.2644873873425883,0.32843394703194884,0.47313854950245565,5,-0.7,2.1145875261594744,-0.10167954581296323,3.2651487013230467,3.0218552842162003,0.24329341710684638,1.9289509564246745,2.084253254344545,0.15530229791987038,0.31225837936900736,2.2412093357936818,0.15530229791987038
669221,Sean Murphy,ATL,2025,30,,False,60,225,2.0770730286035763,32.0,8.0,0.23182126240695072,0.3120067822870903,0.5140384533426592,3,1.25,-0.39330345097443686,0.19155182777505733,5.538861409609536,3.525512838107861,2.0133485715016755,1.3220673142904478,2.0770730286035763,0.7550057143131286,0.2467858986675503,1.5688532129579982,0.7550057143131286
621020,Dansby Swanson,CHC,2025,31,SS,False,95,400,2.05187541732449,26.25,6.75,0.2627420854262413,0.31268198667150915,0.4463790273003529,4,0.75,2.990459926134031,30.0,3.077813125986735,3.6666060996991447,-0.5887929737124096,2.444404066466096,2.05187541732449,-0.39252864914160623,0.40943768113307116,2.8538417475991675,-0.39252864914160623
693307,Dillon Dingler,DET,2025,26,C,False,72,265,2.038014157563535,23.7735849,3.3962263999999998,0.25857280776031555,0.29817924371443477,0.40353029190376033,3,1.25,-0.07083402604599787,9.880340189873419,4.614371677502343,3.1688484433147384,1.445523234187605,1.3995747291306762,2.038014157563535,0.638439428432859,0.26407070360956153,1.6636454327402377,0.638439428432859
670770,TJ Friedl,CIN,2025,29,CF,False,93,411,2.03657411394361,15.815085100000001,11.192214100000001,0.2702907088716822,0.360606161280313,0.39846980910731816,4,0.25,0.1,0.015444015444014969,2.973100896268044,2.805730343260918,0.1673705530071259,1.921925285133729,2.03657411394361,0.11464882880988103,0.2899254688036282,2.211850753937357,0.11464882880988103
671732,Lawrence Butler,ATH,2025,24,RF,False,93,408,2.006926212532986,27.4509803,10.049019600000001,0.250681198,0.325980392,0.433242506,2,-0.3818259040530702,1.4345875261594743,1.3956466069142126,2.951362077254391,2.547826979322068,0.4035350979323229,1.7325223459390064,2.006926212532986,0.2744038665939794,0.2547826979322068,1.9873050438712132,0.2744038665939794
696100,Hunter Goodman,COL,2025,25,C,False,85,345,1.99701834056378,26.6666666,5.7971014,0.24391351563532696,0.2855944875672833,0.4549398169446079,12,1.25,-0.42820129479257485,0.9684758054928067,3.4730753748935306,1.5005029497902864,1.9725724251032442,0.8627891961294146,1.99701834056378,1.1342291444343653,0.15255113322867914,1.0153403293580938,1.1342291444343653
665489,Vladimir Guerrero Jr.,TOR,2025,26,1B,False,94,414,1.995920331138386,14.251207699999998,13.52657,0.277990836607885,0.3852330809457479,0.4356145067874243,7,-1.25,-0.9954340806460529,15.0,2.8926381610701246,2.835410405773275,0.05722775529684965,1.9564331799835595,1.995920331138386,0.03948715115482648,0.3213465126543045,2.277779692637864,0.03948715115482648
543807,George Springer,TOR,2025,35,RF,False,90,356,1.944452178622944,19.6629213,12.3595505,0.27082612446377774,0.3639673833402321,0.4914992629157447,10,-0.5843649701971573,3.754587526159474,-0.8686440677966101,3.2771665931847376,4.909839018539343,-1.6326724253546057,2.9131711510000105,1.944452178622944,-0.9687189723770664,0.5318992270084288,3.445070378008439,-0.9687189723770664
680776,Jarren Duran,BOS,2025,28,LF,False,97,438,1.929004087512906,23.515981699999998,6.849315000000001,0.25124454574789,0.3095748542545846,0.4195539991592951,3,-0.5627699180938198,2.5881595748847763,-0.03067885117493452,2.6424713527574055,1.854829641597792,0.7876417111596135,1.3540256383663882,1.929004087512906,0.5749784491465177,0.2009398778397608,1.554965516206149,0.5749784491465177
676391,Ernie Clement,TOR,2025,29,SS,False,94,342,1.924671826134476,10.2339181,5.8479532,0.2884197277608988,0.3294071853648707,0.38776430014364455,8,0.22826654019445108,0.2870062694925084,7.98235294117647,3.376617238832414,2.5127010042015243,0.8639162346308895,1.4322395723948687,1.924671826134476,0.4924322537396073,0.2847727804761727,1.7170123528710413,0.4924322537396073
691406,Junior Caminero,TBR,2025,21,3B,False,91,384,1.921656750309876,20.3125,5.46875,0.25210084,0.291666666,0.498599439,25,0.2,0.04746662754877368,15.0,3.002588672359181,2.933286524063102,0.06930214829607895,1.8773033754003854,1.921656750309876,0.04435337490949065,0.3471055720141337,2.224408947414519,0.04435337490949065
663586,Austin Riley,ATL,2025,28,,False,93,408,1.915435757367561,27.6960784,6.1274508999999995,0.2751963323049655,0.32446083387021024,0.4419018031830085,8,0.2,-0.5969325426986716,0.19155182777505733,2.8168172902464135,2.4593339344328635,0.35748335581354995,1.6723470754143472,1.915435757367561,0.24308868195321387,0.26642784289689353,1.9387749183112408,0.24308868195321387
543760,Marcus Semien,TEX,2025,34,,False,96,401,1.896445144298761,18.9526184,9.9750623,0.24456220816410001,0.3245727635732592,0.3872234971992545,5,0.3,2.4870062694925084,0.19155182777505733,2.8375737819931586,2.830892017543749,0.0066817644494094885,1.891979498391739,1.896445144298761,0.004465645907022031,0.3113981219298124,2.2033776203215516,0.004465645907022031
646240,Rafael Devers,- - -,2025,28,1B,False,98,443,1.8906080160950565,24.8306997,16.4785553,0.254847645,0.383747178,0.459833795,8,-1.25,-1.3368288580873404,7.763855421686746,2.560642911189693,2.8339592493156505,-0.27331633812595735,2.0924065790780553,1.8906080160950565,-0.2017985629829988,0.30228898659366943,2.3946955656717246,-0.2017985629829988
694192,Jackson Chourio,MIL,2025,21,RF,False,95,424,1.8750657280945249,20.5188679,4.245283,0.2686699234515003,0.30203845994583056,0.4689050548695012,10,-0.0763486206290634,1.6268048628428915,-0.09398496240601517,2.6533948982469693,2.484756742233286,0.16863815601368337,1.755894764511522,1.8750657280945249,0.11917096358300294,0.2774645028827169,2.0333592673942387,0.11917096358300294
691016,Tyler Soderstrom,ATH,2025,23,LF,False,97,395,1.860190447092077,23.2911392,9.367088599999999,0.262108262,0.339240506,0.461538461,13,-0.8718204884237234,0.4330674573013285,1.5288284132841323,2.8256057424183445,2.300451152229378,0.5251545901889667,1.5144636752176737,1.860190447092077,0.34572677187440326,0.24154737098408466,1.7560110462017584,0.34572677187440326
547180,Bryce Harper,PHI,2025,32,1B,False,68,302,1.830527798488584,19.8675496,14.2384105,0.2541452326051677,0.3645272954367399,0.4389781290452896,3,-1.25,2.229165973954002,15.0,3.6368101956726835,3.078975220815162,0.5578349748575215,1.5497508611436315,1.830527798488584,0.28077693734495246,0.23605476692916239,1.7858056280727939,0.28077693734495246
672640,Otto Lopez,MIA,2025,26,SS,False,79,328,1.8284425686391368,13.719512100000001,8.8414634,0.24379625922510725,0.31217813659857235,0.3821671081858139,4,0.6523212969786293,0.930459926134031,30.0,3.344712015803299,2.3218385868159457,1.0228734289873533,1.2692717607927169,1.8284425686391368,0.5591708078464199,0.23605358965962114,1.505325350452338,0.5591708078464199
518692,Freddie Freeman,LAD,2025,35,1B,False,84,356,1.7992702929989592,22.4719101,9.2696629,0.30202899603825356,0.3719404415102013,0.4851742390535886,8,-1.25,-0.26843802815236817,15.0,3.032478021908358,3.2735132515677754,-0.24103522965941737,1.9422845292635469,1.7992702929989592,-0.14301423626458765,0.3218954697374979,2.264179999001045,-0.14301423626458765
669701,Josh Smith,TEX,2025,27,SS,False,84,341,1.771908669310548,16.715542499999998,9.3841642,0.2841118721568148,0.36170545121237146,0.4261678092600543,1,0.05271223930903736,1.2665164013044297,11.585820895522387,3.117727863889527,3.4813813701504523,-0.3636535062609254,1.978585078702174,1.771908669310548,-0.20667640939162601,0.33073123016429296,2.309316308866467,-0.20667640939162601
657656,Ramón Laureano,BAL,2025,30,RF,False,68,237,1.7444050412526213,25.7383966,8.4388185,0.2900475158718355,0.3572153409968578,0.5269196541568347,5,-0.6222564102564103,-0.6483087735207452,0.23972602739726012,4.416215294310434,3.6715770614974286,0.7446382328130055,1.4502729392914844,1.7444050412526213,0.2941321019611369,0.3487998208422557,1.7990727601337402,0.2941321019611369
665833,Oneil Cruz,PIT,2025,26,CF,False,85,360,1.7245121615972492,32.2222222,13.055555499999999,0.2084668528180305,0.31452659150352086,0.4073121585374779,5,0.25,8.60680486284289,0.030958439355386336,2.8741869359954153,3.5067344679467767,-0.6325475319513614,2.104040680768066,1.7245121615972492,-0.37952851917081665,0.3857407914741454,2.4897814722422114,-0.37952851917081665
680718,Addison Barger,TOR,2025,25,RF,False,72,266,1.7189655635002383,24.81203,7.1428571,0.2620237628551879,0.31795100558407835,0.5076710410961476,3,-0.18237013936263524,1.2530674573013285,0.2845036319612593,3.8773659327073045,3.6324406044079334,0.24492532829937108,1.6103820012875172,1.7189655635002383,0.10858356221272114,0.3148115190486876,1.9251935203362047,0.10858356221272114
679529,Spencer Torkelson,DET,2025,25,1B,False,91,383,1.713608754232444,24.0208877,11.488250599999999,0.228122695298089,0.32857097785279504,0.47725669298069134,10,-1.25,-0.1360613599173982,15.0,2.6845045758210615,2.1869067454225832,0.49759783039847827,1.3959754724947488,1.713608754232444,0.31763328173769523,0.23327005284507557,1.6292455253398244,0.31763328173769523
663757,Trent Grisham,NYY,2025,28,CF,False,79,309,1.6947718448575535,22.6537216,13.268608400000002,0.25442300297626036,0.3576521601544798,0.4708724238576004,3,0.25,-0.7154124738405259,-1.0984112974404237,3.290819116228259,3.442466633641401,-0.1516475174131422,1.7728703163253217,1.6947718448575535,-0.07809847146776816,0.3098219970277261,2.0826923133530477,-0.07809847146776816
701358,Cam Smith,HOU,2025,22,RF,False,82,323,1.6579281273984023,27.554179499999996,8.359133100000001,0.2787531088305214,0.34844404999558065,0.41985036168415407,8,-0.75,2.0263665511545788,0.3377814845704763,3.07974265151406,2.3998223692011713,0.6799202823128887,1.291904375419964,1.6579281273984023,0.3660237519784384,0.23998223692011714,1.5318866123400812,0.3660237519784384
575929,Willson Contreras,STL,2025,33,1B,False,91,384,1.6375252903131792,24.4791666,8.072916600000001,0.2543890873446458,0.34132131288067336,0.42797223000728774,9,-1.25,0.7317987052074253,15.0,2.5586332661143425,1.6856209017218404,0.8730123643925021,1.0787973771019779,1.6375252903131792,0.5587279132112013,0.19946514003708446,1.2782625171390622,0.5587279132112013
686948,Drake Baldwin,ATL,2025,24,C,False,65,211,1.6267384861323075,16.113744,9.0047393,0.279750441690695,0.3517205768392164,0.4803262303754587,5,1.25,-0.17857164318120516,3.727528977871441,4.625796643030259,5.0730767721838435,-0.44728012915358484,1.784031998217985,1.6267384861323075,-0.15729351208567754,0.38048075791378827,2.1645127561317734,-0.15729351208567754
664056,Harrison Bader,MIN,2025,31,LF,False,84,266,1.6229020507622918,24.4360902,8.2706766,0.2470566996360005,0.3214833039096846,0.4241140003291795,3,-0.19277391467769214,-0.8636334488454214,1.147177419354839,3.660681317508929,1.5653416835584417,2.095339633950487,0.6939681463775759,1.6229020507622918,0.9289339043847159,0.16436087677363637,0.8583290231512122,0.9289339043847159
605141,Mookie Betts,LAD,2025,32,SS,False,89,391,1.6149190492449068,10.7416879,9.2071611,0.2480695997928167,0.32041172656743655,0.3881559627597158,6,0.75,0.03916597395400212,30.0,2.4781366484576575,2.6820948359947785,-0.20395818753712103,1.7478318014565972,1.6149190492449068,-0.1329127522116904,0.27714979971946047,2.0249816011760577,-0.1329127522116904
687363,Victor Scott II,STL,2025,24,CF,False,90,323,1.6082730445398346,27.244582,8.359133100000001,0.23618724686630968,0.3193839459897644,0.32207351909397647,2,0.25,5.697434916751248,0.30877483443708553,2.9875041075043365,1.9039625560938283,1.0835415514105082,1.0249665093638443,1.6082730445398346,0.5833065351759903,0.2221289648776133,1.2470954742414575,0.5833065351759903
630105,Jake Cronenworth,SDP,2025,31,SS,False,71,270,1.6047363507059984,20.3703703,13.7037037,0.237668161,0.354477611,0.403587443,2,0.21259572220755216,-0.7134835986955703,-0.5208860759493668,3.5660807793466636,2.33992635681675,1.2261544225299135,1.0529668605675375,1.6047363507059984,0.5517694901384609,0.18719410854534002,1.2401609691128774,0.5517694901384609
668930,Brice Turang,MIL,2025,25,2B,False,93,392,1.559716332014691,21.1734693,9.9489795,0.2782605821692201,0.35092521122013404,0.37199046235046684,2,0.3,2.7774021213285316,20.0,2.387320916349017,3.1603704096007155,-0.7730494932516985,2.0647753342724675,1.559716332014691,-0.5050590022577766,0.34237346104007754,2.407148795312545,-0.5050590022577766
595879,Javier Báez,DET,2025,32,SS,False,79,284,1.5529230040908413,22.1830985,3.1690139999999998,0.2683599503891976,0.30227525433469776,0.43155181321971053,3,0.4606045134279588,0.17456591935394722,18.608988764044945,3.2808232480792423,1.9682455371978518,1.3125777108813905,0.9316362209403165,1.5529230040908413,0.6212867831505248,0.18042250757646974,1.1120587285167862,0.6212867831505248
643289,Mauricio Dubón,HOU,2025,30,SS,False,72,214,1.551311560437615,8.878504600000001,5.140186900000001,0.25624637659284366,0.2938822667130309,0.4170284168079612,7,0.19140658631080495,0.8830674573013284,1.0652838427947593,4.34947166477836,1.6023601126180766,2.747111552160283,0.571508440167114,1.551311560437615,0.9798031202705011,0.14154180994793011,0.7130502501150441,0.9798031202705011
592885,Christian Yelich,MIL,2025,33,LF,False,91,386,1.5490138134837546,26.1658031,9.5854922,0.26372630172325495,0.34493840407177007,0.4652250497582571,4,-0.7,1.7665164013044297,1.4224363161332465,2.4077934924617947,3.250528450421169,-0.8427349579593741,2.091173303104285,1.5490138134837546,-0.5421594896205306,0.3467230347115914,2.4378963378158764,-0.5421594896205306
514888,Jose Altuve,HOU,2025,35,LF,False,93,396,1.5402620774739848,15.6565656,8.3333333,0.2786663508416214,0.3375001782503905,0.4672587299173402,9,-0.1263877715205149,-2.5419451371571085,-1.111185983827493,2.3337304204151286,2.576734986244888,-0.2430045658297595,1.7006450909216262,1.5402620774739848,-0.1603830134476414,0.2963245234181621,1.9969696143397884,-0.1603830134476414
661388,William Contreras,MIL,2025,27,C,False,90,390,1.5277514675120076,18.2051282,14.3589743,0.24872221838287412,0.35703724188407787,0.35312413838976003,6,1.25,-1.7095001493820463,6.386069114470842,2.3503868730953963,3.0299419120821365,-0.6795550389867402,1.9694622428533888,1.5277514675120076,-0.44171077534138115,0.3181439007686243,2.287606143622013,-0.44171077534138115
671056,Iván Herrera,STL,2025,25,C,False,43,175,1.526321401151271,18.2857142,9.7142857,0.32205012918454806,0.3964878391815927,0.5323685816972696,7,1.25,0.9614283568187949,1.2722772277227703,5.233101946804357,6.892777480484529,-1.659675533680172,2.0103934318079877,1.526321401151271,-0.4840720306567168,0.3791027614266491,2.3894961932346366,-0.4840720306567168
642715,Willy Adames,SFG,2025,29,SS,False,96,408,1.52270270086141,26.2254901,11.029411699999999,0.220338983,0.307125307,0.372881355,5,0.75,-0.31999999999999995,30.0,2.2392686777373676,1.6912251978833779,0.5480434798539897,1.1500331345606971,1.52270270086141,0.3726695663007129,0.18603477176717156,1.3360679063278686,0.3726695663007129
672275,Patrick Bailey,SFG,2025,26,C,False,76,250,1.4898200086374924,31.2,8.0,0.202702702,0.267206477,0.297297297,4,1.25,0.29689096735595655,20.791954916439952,3.575568020729982,0.9051497535511364,2.6704182671788455,0.37714573064630685,1.4898200086374924,1.1126742779911856,0.07844631197443182,0.45559204262073866,1.1126742779911856
596115,Trevor Story,BOS,2025,32,SS,False,94,384,1.4515099072459576,27.8645833,4.6875,0.2500383887032573,0.289693259776471,0.40597630828853143,2,0.7499999999999999,7.77651640130443,30.0,2.267984230071809,3.1407582244449204,-0.8727739943731114,2.0100852636447493,1.4515099072459576,-0.5585753563987916,0.3245450165259751,2.3346302801707246,-0.5585753563987916
666182,Bo Bichette,TOR,2025,27,SS,False,93,420,1.449932094347631,16.1904761,5.4761904,0.2833069437916274,0.3248002895502018,0.4441027762935777,7,0.75,-1.7884380281523682,30.0,2.0713315633537586,2.976576775603616,-0.9052452122498575,2.083603742922531,1.449932094347631,-0.6336716485749001,0.3323844066090705,2.415988149531602,-0.6336716485749001
669364,Xavier Edwards,MIA,2025,25,SS,False,79,357,1.4342638441286586,14.565826300000001,8.9635854,0.2803656981088733,0.3433750129381688,0.3382673096748363,2,0.4377652774226541,1.6359618395870767,19.907405345211583,2.410527469123796,2.48543362399578,-0.07490615487198404,1.478833006277489,1.4342638441286586,-0.044569162148830443,0.2526857517729043,1.7315187580503935,-0.044569162148830443
701538,Jackson Merrill,SDP,2025,22,CF,False,64,272,1.4257077028105234,21.6911764,8.4558823,0.263374485,0.328413284,0.41563786,3,0.25,0.09680486284289141,0.0852562181600236,3.1449434620820367,2.5501306189194284,0.5948128431626083,1.1560592139101409,1.4257077028105234,0.2696484889003825,0.18700957872075807,1.3430687926308988,0.2696484889003825
664040,Brandon Lowe,TBR,2025,30,2B,False,84,343,1.4164146821135593,24.781341100000002,6.997084500000001,0.272151898,0.32361516,0.487341772,3,0.3,-0.5119451371571087,20.0,2.477693321481445,3.554977989554888,-1.077284668073443,2.032262417362211,1.4164146821135593,-0.6158477352486516,0.38512261553511284,2.4173850328973234,-0.6158477352486516
650489,Willi Castro,MIN,2025,28,RF,False,74,290,1.415792003122495,24.4827586,10.0,0.2573425909758866,0.3463353089132341,0.4225027612456791,4,-0.2963312829525483,-0.21299373050749182,-0.78125,2.9292248340465417,1.8231065076685375,1.1061183263780041,0.8811681453731265,1.415792003122495,0.5346238577493686,0.17015660738239685,1.0513247527555234,0.5346238577493686
647304,Josh Naylor,ARI,2025,28,1B,False,87,369,1.410408475489945,12.4661246,9.4850948,0.29191625298593804,0.3593673508259657,0.4530783516411268,12,-1.25,6.0088901296642385,15.0,2.293347114617797,3.9710829287417924,-1.6777358141239955,2.4422160011762024,1.410408475489945,-1.0318075256862573,0.39048982132627624,2.832705822502479,-1.0318075256862573
690993,Colt Keith,DET,2025,23,3B,False,85,295,1.386339374908693,20.338983,11.1864406,0.25711503341926834,0.33730006055260703,0.42348358508648737,5,-0.12694487377640395,0.460459926134031,5.348347107438017,2.8196733048990366,2.675261494899975,0.14441180999906145,1.3153369016591543,1.386339374908693,0.07100247324953868,0.26306738033183086,1.5784042819909851,0.07100247324953868
672515,Gabriel Moreno,ARI,2025,25,C,False,53,188,1.3631615482710786,17.0212765,6.914893599999999,0.2685860209119498,0.3226315109331134,0.41145092601200334,4,1.25,-0.8,5.906354515050168,4.350515579588548,3.158556565969217,1.1919590136193312,0.9896810573370215,1.3631615482710786,0.3734804909340571,0.18951339395815303,1.1791944512951744,0.3734804909340571
643446,Jeff McNeil,NYM,2025,33,LF,False,63,229,1.3460215235255082,11.3537117,10.0436681,0.2582536779936763,0.3483379740520066,0.4751867678356235,4,0.21752638444207278,0.15916597395400212,0.5799492385786797,3.5266939481017685,3.7593004863057873,-0.23260653820401878,1.4347996856067087,1.3460215235255082,-0.08877816208120048,0.2631510340414051,1.6979507196481138,-0.08877816208120048
702332,Caleb Durbin,MIL,2025,25,3B,False,74,272,1.3456058328433094,9.1911764,6.9852941,0.2649546437383187,0.3538519949286271,0.3691990944501898,3,0.2,-0.5983087735207453,13.298387096774194,2.9682481606837707,1.8879946706959678,1.080253489987803,0.855890917382172,1.3456058328433094,0.4897149154611373,0.16362620479365056,1.0195171221758226,0.4897149154611373
621493,Taylor Ward,LAA,2025,31,LF,False,94,407,1.3370836441338625,26.5356265,9.3366093,0.22289005474298818,0.2953274633601486,0.4650422132888809,7,-0.7,0.0330674573013284,0.43892728365384603,1.9711306793128194,1.1925833491055564,0.778547330207263,0.8089690384766024,1.3370836441338625,0.5281146056572601,0.13515944623196305,0.9441284847085655,0.5281146056572601
592663,J.T. Realmuto,PHI,2025,34,C,False,79,324,1.334694644543843,23.765432,7.0987654,0.26066177683110053,0.315720543782232,0.37144303256885225,11,1.25,0.6645875261594743,1.191790461297889,2.471656749155265,1.7803042100888762,0.6913525390663886,0.9613642734479932,1.334694644543843,0.37333037109584977,0.16022737890799885,1.1215916523559921,0.37333037109584977
573262,Mike Yastrzemski,SFG,2025,34,RF,False,88,337,1.330727274898738,23.145400499999997,12.7596439,0.243986254,0.342261904,0.381443298,4,-0.7500000000000001,0.8345875261594742,0.04095933675483554,2.3692473737069517,1.3665028853587797,1.002744488348172,0.767519120609848,1.330727274898738,0.56320815428889,0.136650288535878,0.904169409145726,0.56320815428889
663968,Jake Mangum,TBR,2025,29,RF,False,61,230,1.3211290457219804,12.173913,5.2173913,0.310185185,0.349344978,0.393518518,3,-0.42841055341055334,2.0860859509257934,1.0013562386980113,3.4464235975356012,2.765188216966864,0.6812353805687374,1.0599888165039646,1.3211290457219804,0.26114022921801583,0.21660641032907102,1.2765952268330356,0.26114022921801583
623168,Tyler Heineman,TOR,2025,34,C,False,35,94,1.3085982207298752,20.212765899999997,6.3829787,0.33027576085617594,0.38159880600104495,0.4648325531334074,1,1.25,1.3945659193539472,9.182319660537482,8.35275460040346,6.1146242177800705,2.238130382623389,0.9579577941188777,1.3085982207298752,0.3506404266109975,0.2547760090741696,1.2127338031930472,0.3506404266109975
701762,Nick Kurtz,ATH,2025,22,1B,False,58,235,1.2962578429970493,33.1914893,10.6382978,0.257281553,0.333333333,0.558252427,4,-1.25,-0.06791528641083824,15.0,3.3095944927584235,3.333864792772358,-0.024270300013934598,1.3057637105025068,1.2962578429970493,-0.009505867505457566,0.20558832888762876,1.5113520393901356,-0.009505867505457566
686555,Isaac Collins,MIL,2025,27,RF,False,76,228,1.2815671145331238,23.6842105,12.7192982,0.26331175857737676,0.36877627387798245,0.39496763837425686,3,-0.7032583884957773,-0.8123533004224135,-0.6654991243432573,3.372545038245063,1.6359732752334324,1.7365717630116304,0.6216698445887043,1.2815671145331238,0.6598972699444194,0.14451097264561985,0.7661808172343242,0.6598972699444194
808982,Jung Hoo Lee,SFG,2025,26,CF,False,92,385,1.278842335770011,11.4285714,8.3116883,0.249275362,0.316883116,0.40289855,2,0.25,0.7745875261594742,-0.8185382685069009,1.9930010427584586,2.2484157116935886,-0.25541466893513,1.4427334150033861,1.278842335770011,-0.1638910792333752,0.23608364972782678,1.6788170647312128,-0.1638910792333752
808975,Hyeseong Kim,LAD,2025,26,CF,False,48,119,1.275393759634612,25.210084,5.0420168,0.34557763001391495,0.38516392180772974,0.4728957043367831,0,0.2882814651611126,3.0463665511545788,0.3742655699177444,6.430556771266952,6.081806074958917,0.3487506963080351,1.2062248715335184,1.275393759634612,0.06916888810109367,0.3344993341227404,1.540724205656259,0.06916888810109367
700250,Ben Rice,NYY,2025,26,C,False,78,302,1.2711007467040143,20.5298013,8.940397299999999,0.23811162290376148,0.3301052364924809,0.47238273654563884,8,-0.2911529490169943,-1.479540073865969,3.271416159860991,2.5253657219285053,2.53852520110065,-0.01315947917214455,1.2777243512206604,1.2711007467040143,-0.00662360451664612,0.22423639276389074,1.5019607439845513,-0.00662360451664612
664770,Nathan Lukes,TOR,2025,30,RF,False,70,216,1.2708317320511011,12.5,12.037037,0.2770883195817664,0.3725650385149966,0.39900718128104806,8,-0.5009074909250907,-1.5519451371571085,0.5480833893745796,3.530088144586392,2.289532870703429,1.240555273882963,0.8242318334532344,1.2708317320511011,0.44659989859786675,0.1907944058919524,1.0150262393451868,0.44659989859786675
694497,Evan Carter,TEX,2025,22,,False,42,151,1.2586986774225788,18.5430463,9.2715231,0.27532802996614353,0.3597092842472395,0.4359360477880046,1,0.25,3.801405786325741,0.19155182777505733,5.0014516983678625,5.126600378566037,-0.1251486801981745,1.2901944286057858,1.2586986774225788,-0.03149575118320702,0.23924135099974841,1.5294357796055342,-0.03149575118320702
694384,Nolan Schanuel,LAA,2025,23,1B,False,92,396,1.2526217935159387,11.8686868,10.8585858,0.27303267356724426,0.3614567680191594,0.3979305986357324,6,-1.25,-0.46765942287139506,15.0,1.8979118083574829,1.757913661730974,0.13999814662650878,1.160223016742443,1.2526217935159387,0.09239877677349573,0.19337050279040716,1.3535935195328501,0.09239877677349573
545361,Mike Trout,LAA,2025,33,RF,False,70,299,1.2338975313422944,26.755852800000003,16.0535117,0.23612993178734523,0.36213306710549187,0.4681886575116762,5,-0.75,0.7065164013044297,0.8378378378378382,2.476048557877514,3.16658494891799,-0.6905363910404758,1.578014832877465,1.2338975313422944,-0.3441173015351706,0.26388207907649913,1.841896911953964,-0.3441173015351706
663853,Romy Gonzalez,BOS,2025,28,2B,False,44,154,1.217904187961374,22.077922,5.844155799999999,0.3175199607056529,0.35391552952027977,0.5660138436317732,1,-0.5696159122085048,-0.26348359869557014,13.06875,4.7450812517975605,4.831603232554269,-0.08652198075670814,1.2401114963555955,1.217904187961374,-0.02220730839422158,0.23352748957345631,1.4736389859290517,-0.02220730839422158
676475,Alec Burleson,STL,2025,26,RF,False,85,316,1.2087219678114127,13.291139199999998,6.9620253000000005,0.2947404600974062,0.3415796999833149,0.46811720139032664,8,-0.921239406779661,0.4679116647521979,-0.08620689655172431,2.2950417110343277,2.482307512372315,-0.1872658013379871,1.3073486231827525,1.2087219678114127,-0.09862665537133974,0.27305382636095465,1.580402449543707,-0.09862665537133974
680777,Ryan Jeffers,MIN,2025,28,C,False,77,288,1.1822238440069732,17.7083333,11.1111111,0.24003543347963252,0.334041246144331,0.38715392477906735,8,1.25,-1.040578230682288,2.59754004576659,2.462966341681194,2.4824312875755923,-0.019464945894398067,1.1915670180362843,1.1822238440069732,-0.009343174029311063,0.2399683577989739,1.4315353758352583,-0.009343174029311063
682177,Daniel Schneemann,CLE,2025,28,SS,False,77,239,1.146894882144186,25.104602500000002,9.6234309,0.21593122336564965,0.2954557659656935,0.3896150332238886,4,0.23521165780141845,0.8484365422322044,-3.266666666666666,2.879234013751095,1.0131448061475135,1.8660892076035813,0.40356934778209286,1.146894882144186,0.7433255343620931,0.0979373312609263,0.5015066790430192,0.7433255343620931
668939,Adley Rutschman,BAL,2025,27,C,False,68,276,1.1178783933427694,16.3043478,11.5942028,0.23181827992021714,0.32521752859746395,0.3793390035058099,7,1.25,0.02049985061795373,3.996789391031232,2.4301704203103682,2.8855611580470213,-0.45539073773665306,1.32735813270163,1.1178783933427694,-0.20947973935886055,0.274128310014467,1.601486442716097,-0.20947973935886055
657757,Gavin Sheets,SDP,2025,29,LF,False,92,349,1.1126727603343871,19.4842406,7.7363896,0.264984227,0.323782234,0.4511041,7,-0.7942829960214495,-0.4396150400697299,-0.1936325678496864,1.9129044590275996,1.441308808658331,0.47159565036926865,0.8383612903695958,1.1126727603343871,0.2743114699647913,0.15133742490912475,0.9896987152787206,0.2743114699647913
650490,Yandy Díaz,TBR,2025,33,1B,False,91,404,1.1060319599167636,13.6138613,7.1782178000000005,0.285326086,0.33910891,0.453804347,10,-1.25,0.5303849599302701,5.254185593770278,1.6426217226486588,2.1506056170541794,-0.5079838944055206,1.4480744488164807,1.1060319599167636,-0.3420424888997171,0.25448833135141125,1.702562780167892,-0.3420424888997171
502671,Paul Goldschmidt,NYY,2025,37,1B,False,91,367,1.098906519803644,16.6212534,7.629427699999999,0.29141882257901,0.3500019903895158,0.4371282343754623,7,-1.25,0.08393864008260177,15.0,1.7965774165727153,2.1631189651872256,-0.36654154861451027,1.3231077670395197,1.098906519803644,-0.22420124723587564,0.22352229306934665,1.5466300601088663,-0.22420124723587564
593871,Jorge Polanco,SEA,2025,31,2B,False,78,293,1.092879064219717,13.993174,6.8259385,0.27758746697806314,0.33840059588764493,0.5143532485619949,5,0.3,-0.21791528641083824,20.0,2.2379776059106833,4.777157962738055,-2.539180356827372,2.3328454718037506,1.092879064219717,-1.2399664075840335,0.4379061465843217,2.770751618388072,-1.2399664075840335
669242,Tommy Edman,LAD,2025,30,CF,False,75,291,1.092211455295336,16.494845299999998,5.8419243000000005,0.22677030552174005,0.2835124124526289,0.3997307086252793,4,0.27633834306297356,0.07700626949250822,-0.5921787709497206,2.251982382052239,0.7657116287221247,1.4862707533301145,0.3713701399302305,1.092211455295336,0.7208413153651054,0.06636167448925082,0.4377318144194813,0.7208413153651054
666176,Jo Adell,LAA,2025,26,RF,False,89,326,1.083484498317188,23.619631899999998,7.0552147,0.24153961520882938,0.31482320579381384,0.4796772655173149,2,-0.17494042891183478,0.09045992613403092,0.5514018691588785,1.9941432484365424,2.66650115431589,-0.6723579058793476,1.4487989605116336,1.083484498317188,-0.3653144621944455,0.28442678979369496,1.7332257503053285,-0.3653144621944455
671218,Heliot Ramos,SFG,2025,25,LF,False,95,413,1.0820990986393872,23.7288135,7.748183999999999,0.262295081,0.336561743,0.428961748,9,-0.7,-1.2469325426986715,0.1310238702897465,1.5720568018974148,1.350809563030721,0.22124723886669373,0.9298072492194797,1.0820990986393872,0.1522918494199076,0.14633770266166146,1.0761449518811412,0.1522918494199076
664761,Alec Bohm,PHI,2025,28,3B,False,91,379,1.0518727476312368,16.358839,5.8047493,0.2735641615241863,0.3187432735215969,0.3852230025649874,13,0.04325066262779252,-0.4385716431812051,15.0,1.6652339012631718,1.486375586845378,0.17885831441779376,0.9388939123573306,1.0518727476312368,0.11297883527390629,0.1535921439740224,1.092486056331353,0.11297883527390629
656555,Rhys Hoskins,MIL,2025,32,1B,False,82,318,1.0473392458598365,26.7295597,11.9496855,0.24559449872730424,0.3451868112214659,0.4345133445276204,6,-1.25,-1.6344622996285052,14.13679498657117,1.9761117846412009,1.3811311499950338,0.594980634646167,0.7319995094973679,1.0473392458598365,0.3153397363624686,0.1312074592495282,0.8632069687468962,0.3153397363624686
672761,Wenceel Pérez,DET,2025,25,RF,False,39,142,1.019807802036705,21.1267605,6.3380281,0.255137225402353,0.3091451469664305,0.49526637906651755,1,-0.523542878356639,-1.060625340202794,-0.14077747560390375,4.309047050859316,1.8525680139096938,2.4564790369496228,0.4384410966252942,1.019807802036705,0.5813667054114108,0.08336556062593622,0.5218066572512304,0.5813667054114108
624431,Jose Trevino,CIN,2025,32,C,False,58,186,1.0045620284078765,12.3655913,5.3763440000000005,0.2721430084077454,0.3075093407450455,0.4365627430832129,5,1.25,-1.7278635045040476,6.351618033467016,3.2405226722834723,2.981817964046713,0.2587047082367593,0.924363568854481,1.0045620284078765,0.08019845955339544,0.18884847105629185,1.1132120399107728,0.08019845955339544
664023,Ian Happ,CHC,2025,30,LF,False,86,402,0.9939369673775166,22.3880597,12.686567100000001,0.23669666000341671,0.33879715507682023,0.3895008325353647,5,-0.7,-0.17569203542013662,0.6361549328938076,1.4834880110112187,1.0908975230348987,0.39259048797632,0.7309013404333822,0.9939369673775166,0.2630356269441344,0.10908975230348988,0.8399910927368721,0.2630356269441344
669397,Nick Allen,ATL,2025,26,SS,False,86,283,0.9930054384426676,22.261484,8.4805653,0.23858813492511893,0.3102431253944588,0.2709390690692158,4,0.75,-1.6556920354201368,30.0,2.1053118836240303,0.4771970170743586,1.6281148665496716,0.22507792638673912,0.9930054384426676,0.7679275120559286,0.04771970170743586,0.27279762809417496,0.7679275120559286
689414,Liam Hicks,MIA,2025,26,C,False,64,198,0.9903892766106976,15.6565656,11.6161616,0.2670149497904439,0.35823123728878964,0.4005224251732583,2,0.44892723880597013,0.1036646189404532,1.6902539464653379,3.0011796260930232,2.8864107845205336,0.11476884157248968,0.9525155588917761,0.9903892766106976,0.03787371771892156,0.23572354740251023,1.1882391062942863,0.03787371771892156
665019,Kody Clemens,- - -,2025,29,RF,False,62,170,0.9867397465654753,24.705882300000003,8.235294099999999,0.213333333,0.295857988,0.5,1,-0.5938614582069635,1.0865164013044297,-0.357142857142857,3.482610870231089,2.468062683488619,1.0145481867424704,0.699284426988442,0.9867397465654753,0.2874553195770333,0.1645375122325746,0.8638219392210166,0.2874553195770333
676059,Jordan Westburg,BAL,2025,26,3B,False,44,180,0.9786546220754456,25.0,5.5555555,0.25652705396625197,0.3116667983667363,0.48251517461223653,2,0.22443220922229867,-1.0534835986955702,4.243852459016393,3.2621820735848184,2.9617672798763137,0.30041479370850466,0.8885301839628941,0.9786546220754456,0.09012443811255155,0.18264231559237268,1.0711724995552667,0.09012443811255155
681082,Bryson Stott,PHI,2025,27,SS,False,86,348,0.9769913290298152,16.9540229,8.9080459,0.22794329280057937,0.29564582710303294,0.32474113049692405,2,0.3370277078085642,2.735961839587077,4.7,1.6844678086720952,0.8387590524451863,0.8457087562269089,0.486480250418208,0.9769913290298152,0.4905110786116072,0.08247797349044332,0.5689582239086514,0.4905110786116072
665926,Andrés Giménez,TOR,2025,26,SS,False,61,238,0.973293038901002,16.3865546,6.722689,0.218676526011523,0.30049468404944796,0.3232609519750191,3,0.3638869005010737,2.625993007172788,8.150840336134452,2.4536799300025263,0.6824053023048972,1.771274627697629,0.2706874365809425,0.973293038901002,0.7026056023200595,0.05004305550235912,0.3207304920833016,0.7026056023200595
571448,Nolan Arenado,STL,2025,34,3B,False,84,347,0.96563201936038,9.798270800000001,7.2046109,0.24743103375831724,0.30718161526863735,0.3901797073124814,6,0.2,-1.4079725344173815,15.0,1.6696807251188128,1.268845362355517,0.4008353627632959,0.7338155678956073,0.96563201936038,0.2318164514647727,0.13745824758851433,0.8712738154841216,0.2318164514647727
643565,Mike Tauchman,CHW,2025,34,RF,False,45,184,0.9585049111051076,22.8260869,12.5,0.283018867,0.375,0.433962264,1,-0.75,-0.19243464764661855,1.2259194395796846,3.1255594927340464,2.796509172887882,0.3290503198461643,0.8575961463522838,0.9585049111051076,0.10090876475282384,0.15380800450883353,1.0114041508611173,0.10090876475282384
669720,Austin Hays,CIN,2025,29,LF,False,47,192,0.953208355033596,26.5625,5.2083333000000005,0.28102970023615886,0.3167324117134563,0.5069555387579244,4,-0.7,1.5543079645798634,0.7962433445079864,2.9787761094799876,3.1302017756532114,-0.15142566617322384,1.0016645682090277,0.953208355033596,-0.048456213175431695,0.16172709174208258,1.1633916599511103,-0.048456213175431695
672016,Denzel Clarke,ATH,2025,25,CF,False,44,149,0.9392802252817316,40.2684563,4.0268456,0.210144927,0.258503401,0.326086956,1,0.25,2.4760859509257935,3.7165970772442583,3.7823364776445567,-0.10190025896870605,3.884236736613263,-0.025305230977228668,0.9392802252817316,0.9645854562589603,-0.004755345418539616,-0.030060576395768285,0.9645854562589603
702616,Jackson Holliday,BAL,2025,21,SS,False,88,373,0.9204498752962,24.6648793,5.3619302,0.26379321472990214,0.31447734427949,0.42206914417984365,3,0.32037007623888186,-2.613821743840913,-5.723684210526315,1.4806164213879893,1.1625729282734738,0.3180434931145155,0.7227328370766762,0.9204498752962,0.1977170382195238,0.14338399448706177,0.866116831563738,0.1977170382195238
542303,Marcell Ozuna,ATL,2025,34,,False,90,389,0.9181317603708978,22.3650385,16.4524421,0.23968175936973846,0.36703301493218304,0.3973671284318074,8,-0.7,-1.1785648554669668,0.19155182777505733,1.416141532705755,1.7187227645314767,-0.3025812318257217,1.1143052590045741,0.9181317603708978,-0.19617349863367628,0.18046589027580504,1.294771149280379,-0.19617349863367628
680474,Max Schuemann,ATH,2025,28,SS,False,66,116,0.9164357084576858,16.3793103,13.793103400000001,0.237113402,0.353448275,0.350515463,4,0.40184690698709385,0.12458752615947422,8.757956318252731,4.740184698919065,1.9514840460352585,2.7887006528838065,0.37728691556681665,0.9164357084576858,0.5391487928908691,0.13985635663252688,0.5171432721993435,0.5391487928908691
691176,Jasson Domínguez,NYY,2025,22,LF,False,80,309,0.8961904378491286,28.478964400000002,10.6796116,0.2693742251175945,0.34780852257950867,0.4227678816506106,4,-0.6999999999999998,3.7261399692258705,0.44230769230769296,1.740175607474036,3.1557699231585286,-1.4155943156844926,1.6252215104266423,0.8961904378491286,-0.7290310725775138,0.2892789096228651,1.9145004200495075,-0.7290310725775138
672356,Gabriel Arias,CLE,2025,25,SS,False,77,281,0.8903019201394454,31.316725899999998,6.405693899999999,0.2324252025864669,0.2941895261664931,0.37030455909954424,5,0.6754718807472656,0.04049985061795369,30.0,1.901000541223015,1.259385158393363,0.641615382829652,0.5898120491808917,0.8903019201394454,0.30048987095855373,0.12174056531135843,0.7115526144922502,0.30048987095855373
642851,Austin Wynns,- - -,2025,34,,False,36,96,0.885526711713328,27.0833333,5.2083333000000005,0.292134831,0.326315789,0.561797752,2,1.25,0.4004144134046881,0.19155182777505733,5.5345419482083,5.714094354964572,-0.1795524067562715,0.9142550967943315,0.885526711713328,-0.028728385081003505,0.21904028360697522,1.1332953804013066,-0.028728385081003505
467793,Carlos Santana,CLE,2025,39,1B,False,89,360,0.8808621727286221,18.6111111,11.9444444,0.2325645386393569,0.32926903624408255,0.36176705977081636,6,-1.25,1.2039386400826018,15.0,1.46810362121437,0.9460996501207437,0.5220039710936264,0.5676597900724462,0.8808621727286221,0.31320238265617595,0.10564779426348304,0.6733075843359292,0.31320238265617595
660821,Jesús Sánchez,MIA,2025,27,RF,False,75,293,0.8772378215724532,21.1604095,8.1911262,0.25296153189367576,0.3128579975740829,0.3996058984915125,6,-0.6757572656569792,1.6030674573013284,0.35121681415929196,1.7963914434930783,1.2779530510458113,0.5184383924472671,0.6240670732607045,0.8772378215724532,0.2531707483117487,0.12353546160109509,0.7476025348617996,0.2531707483117487
680574,Matt McLain,CIN,2025,25,2B,False,87,357,0.8744826717186113,26.890756300000003,9.8039215,0.20551116843241402,0.29205047277520724,0.33006339205173574,6,0.3,4.195961839587077,20.0,1.469718775997666,0.9741283936431879,0.49559038235447805,0.5796063942176968,0.8744826717186113,0.2948762775009145,0.0941657447188415,0.6737721389365383,0.2948762775009145
663457,Lars Nootbaar,STL,2025,27,RF,False,88,386,0.8722712077830361,21.502590599999998,12.4352331,0.2278516080614576,0.3334582709164865,0.3827907021868232,4,-0.638031914893617,-2.118201294792575,0.9090909090909094,1.3558619810099006,0.7646473604451198,0.5912146205647808,0.4919231352196937,0.8722712077830361,0.3803480725633424,0.08666003418378024,0.578583169403474,0.3803480725633424
663647,Ke'Bryan Hayes,PIT,2025,28,3B,False,89,350,0.8721616728044715,21.4285714,4.8571428,0.2341438679717673,0.27930055328507314,0.28817706751555594,8,0.2,0.42746662754877374,15.0,1.4951342962362368,-0.4226017179947167,1.9177360142309534,-0.24651766883025142,0.8721616728044715,1.118679341634723,-0.04859919756939242,-0.29511686639964385,1.118679341634723
656775,Cedric Mullins,BAL,2025,30,CF,False,79,312,0.8681809959468553,23.3974358,10.256410200000001,0.2225455488050085,0.3082959498961985,0.4191274496714324,2,0.25,3.2963665511545788,0.11826895968424012,1.669578838359337,3.0564824233887937,-1.3869035850294567,1.5893708601621728,0.8681809959468553,-0.7211898642153175,0.33621306657276734,1.9255839267349402,-0.7211898642153175
641857,Ryan McMahon,COL,2025,30,3B,False,94,377,0.8652785044196479,32.0954907,11.936339499999999,0.18661003447499078,0.2706870825203443,0.3305663463067,4,0.2,0.10179870520742523,15.0,1.37710106804188,-0.2677257059843014,1.6448267740261815,-0.16822098526013604,0.8652785044196479,1.033499489679784,-0.030342246678220823,-0.19856323193835687,1.033499489679784
669743,Alex Call,WSN,2025,30,RF,False,65,217,0.8561198280449334,14.7465437,11.0599078,0.27869156751056,0.3764965334126627,0.38459436412237996,5,-0.7291103865859339,-0.7479152864108383,0.9399999999999997,2.3671515982809215,1.9097677339963663,0.45738386428455513,0.6906993304620193,0.8561198280449334,0.1654204975829141,0.1400496338264002,0.8307489642884195,0.1654204975829141
643396,Isiah Kiner-Falefa,PIT,2025,30,SS,False,83,299,0.8485766536729014,15.719063499999999,4.6822742,0.270144327547862,0.3126786090559646,0.3341258783687165,4,0.6187010808796124,1.5945659193539472,27.593206854345166,1.7028294053636817,1.3642443833494862,0.3385850220141955,0.6798484510358273,0.8485766536729014,0.1687282026370741,0.14551940089061186,0.8253678519264391,0.1687282026370741
665804,Miguel Amaya,CHC,2025,26,C,False,27,100,0.8426323940765287,22.0,4.0,0.29065976091241397,0.32555248320792096,0.5254234147568003,0,1.25,-0.6233034509744368,2.7041884816753923,5.055794364459172,5.211859512953052,-0.1560651484938802,0.868643252158842,0.8426323940765287,-0.026010858082313293,0.16504221791018,1.033685470069022,-0.026010858082313293
681481,Kerry Carpenter,DET,2025,27,RF,False,78,280,0.8270951870616622,21.4285714,2.5,0.2503233154338827,0.27821823120485667,0.4822405052063375,2,-0.7343646041250831,-0.01569203542013664,0.11858664085188764,1.7723468294178475,0.9222163187967584,0.8501305106210891,0.4303676154384872,0.8270951870616622,0.39672757162317496,0.08453649588970284,0.51490411132819,0.39672757162317496
701350,Roman Anthony,BOS,2025,21,RF,False,31,124,0.8210468663285512,21.7741935,12.096774100000001,0.2570895828290039,0.36105092298197083,0.3948161453021444,1,-0.7328093191585614,0.9404599261340311,0.2740434332988617,3.972807417718796,1.8545915860783648,2.1182158316404314,0.38328226112286207,0.8210468663285512,0.4377646052056891,0.06181971953594549,0.44510198065880757,0.4377646052056891
656976,Pavin Smith,ARI,2025,29,,False,79,264,0.8072112512366839,31.8181818,15.1515151,0.25978245405775574,0.369110963486334,0.4434217745324477,7,-1.25,-0.5185716431812052,0.19155182777505733,1.834571025537918,2.314795414555726,-0.48022438901780795,1.0185099824045194,0.8072112512366839,-0.21129873116783549,0.20833158731001533,1.2268415697145347,-0.21129873116783549
673237,Yainer Diaz,HOU,2025,26,C,False,84,339,0.8067069204639775,17.9941002,4.1297935,0.24730882353647796,0.2816057118271201,0.4100943777987059,7,1.25,-0.6079152864108384,4.145454545454545,1.4277998592282788,1.523674551346663,-0.09587469211838417,0.8608761215108645,0.8067069204639775,-0.05416920104688694,0.15744637030582184,1.0183224918166862,-0.05416920104688694
676609,José Caballero,TBR,2025,28,SS,False,75,243,0.796633663188534,30.0411522,10.6995884,0.219047619,0.3125,0.314285714,1,0.20156538888204115,4.819374659797206,25.035840707964603,1.966996699230948,1.4965548075362136,0.4704418916947344,0.6061046970521665,0.796633663188534,0.1905289661363675,0.14466696472850066,0.7507716617806672,0.1905289661363675
682622,Noelvi Marte,CIN,2025,23,RF,False,28,104,0.7904957200309685,16.3461538,7.6923076,0.27876754225602585,0.3300933324601616,0.5368856374824472,2,-0.3733844241922121,1.9516912264792547,-0.05833905284831853,4.560552230947895,5.182327196554642,-0.6217749656067468,0.8982700474028046,0.7904957200309685,-0.10777432737183612,0.15546981589663925,1.053739863299444,-0.10777432737183612
805367,Chase Meidroth,CHW,2025,23,SS,False,71,296,0.7779372638593969,13.851351300000001,10.810810799999999,0.243243243,0.332203389,0.293436293,8,0.5512511039152193,0.2504998506179537,27.584446397188053,1.5768998591744532,1.2310973882598037,0.34580247091464944,0.6073413782081699,0.7779372638593969,0.17059588565122696,0.10669510698251633,0.7140364851906862,0.17059588565122696
650968,Yohel Pozo,STL,2025,28,C,False,38,97,0.7750237751758078,9.2783505,3.0927835,0.31356954634895234,0.3317394142490307,0.5081989214705691,1,1.25,-1.8195855865953119,1.6444444444444442,4.793961495932831,3.656412400444772,1.1375490954880592,0.5911200047385714,0.7750237751758078,0.18390377043723638,0.17672659935483065,0.767846604093402,0.18390377043723638
620443,Luis Torrens,NYM,2025,29,C,False,63,192,0.7712919735951866,23.9583333,8.3333333,0.210380824477266,0.28230355166223914,0.3155712372272413,5,1.25,-0.5631090326440436,9.579943767572633,2.4102874174849584,1.225182698509495,1.1851047189754635,0.39205846352303836,0.7712919735951866,0.3792335100721483,0.08576278889566465,0.477821252418703,0.3792335100721483
621043,Carlos Correa,MIN,2025,30,SS,False,83,322,0.7709602948784944,19.5652173,5.5900621,0.2565693333500628,0.2957519332606779,0.3784397667399304,11,0.5585878818227341,-1.00961504006973,25.405760368663596,1.4365719780344617,1.413204248679333,0.023367729355128652,0.7584196134579086,0.7709602948784944,0.012540681420585731,0.14838644611132995,0.9068060595692387,0.012540681420585731
624641,Edmundo Sosa,PHI,2025,29,SS,False,49,144,0.76031973625483,20.1388888,4.8611111,0.27102455208781495,0.3133865451670638,0.41019932257913194,3,0.3551400301861479,0.06740212132853163,0.4285714285714288,3.1679989010617913,1.7183511729832124,1.449647728078579,0.41240428151597097,0.76031973625483,0.347915454738859,0.09450931451407668,0.5069135960300477,0.347915454738859
687597,Jordan Beck,COL,2025,24,LF,False,84,337,0.732165686601169,27.893175,6.5281899,0.23195532932467366,0.2793217597636832,0.39036384770616106,5,-0.7,0.439374659797206,0.6946460980036306,1.3035590859367996,0.13687796305669742,1.1666811228801022,0.07687978925017838,0.732165686601169,0.6552858973509906,0.013687796305669742,0.09056758555584812,0.6552858973509906
666969,Adolis García,TEX,2025,32,RF,False,92,373,0.726596620864259,24.6648793,5.3619302,0.23972680941878333,0.2857440740962953,0.41352874645236765,5,-0.75,1.26,0.48487544483985734,1.1687881300765561,0.5440705188465943,0.6247176112299618,0.33823050588296616,0.726596620864259,0.38836611498129286,0.0571274044788924,0.3953579103618586,0.38836611498129286
663743,Nick Fortes,MIA,2025,28,C,False,52,128,0.7141626826896457,14.84375,4.6875,0.25004744495900844,0.29410342325438577,0.3584013378395911,4,1.25,-0.9063353810595467,5.284381408065615,3.347637575107714,1.4574215483789752,1.890216026728739,0.3109165969875147,0.7141626826896457,0.40324608570213094,0.09716143655859835,0.40807803354611305,0.40324608570213094
642136,Matt Thaiss,- - -,2025,30,,False,54,173,0.7139454944737682,23.6994219,16.184971,0.226950354,0.360465116,0.29787234,2,1.25,-1.0936472648166833,0.19155182777505733,2.47611154152752,0.6904159641081321,1.785695577419388,0.19906993631784475,0.7139454944737682,0.5148755581559235,0.04027426457297437,0.23934420089081912,0.5148755581559235
500743,Miguel Rojas,LAD,2025,36,SS,False,57,139,0.7135325397040501,12.949640200000001,5.7553956,0.25855362699382517,0.30261107492171047,0.4230877542811676,6,0.3487318594873186,0.46635273518331677,2.75,3.0799965742620863,1.8533971951636252,1.226599379098461,0.4293703502129065,0.7135325397040501,0.2841621894911436,0.12355981301090835,0.5529301632238148,0.2841621894911436
669016,Brandon Marsh,PHI,2025,27,LF,False,74,225,0.7118755336510965,24.444444400000002,10.222222200000001,0.2522101161189168,0.3232848925450159,0.3560613409189419,1,-0.08835616438356164,1.3559618395870767,-0.3565088757396445,1.8983347564029238,1.4393294006113941,0.4590053557915297,0.5397485252292729,0.7118755336510965,0.1721270084218236,0.11994411671761618,0.659692641946889,0.1721270084218236
693304,Nick Gonzales,PIT,2025,26,SS,False,35,144,0.7043959574799133,15.2777777,7.6388888,0.261069503043054,0.31452659150352086,0.41771120486888635,4,0.35844852240228786,-0.48348359869557034,-2.9766055045871553,2.9349831561663056,1.5659923132760731,1.3689908428902324,0.3758381551862575,0.7043959574799133,0.32855780229365583,0.07046965409742328,0.4463078092836808,0.32855780229365583
683146,Brett Baty,NYM,2025,25,3B,False,75,242,0.6924233786086373,24.793388399999998,7.0247933,0.23137659795311427,0.2885583007007476,0.4118503458496629,4,0.2394291754756871,0.26208471358916174,13.575130890052355,1.7167521783685222,1.3447019121069963,0.37205026626152593,0.5423631045498218,0.6924233786086373,0.1500602740588155,0.11205849267558302,0.6544215972254048,0.1500602740588155
669127,Shea Langeliers,ATH,2025,27,C,False,66,267,0.6789451207999091,19.4756554,7.8651685,0.226337448,0.284644194,0.423868312,8,1.25,2.210459926134031,2.598491379310347,1.5257193725840654,2.658920217723642,-1.1332008451395765,1.1832194968870207,0.6789451207999091,-0.5042743760871116,0.190555948936861,1.3737754458238816,-0.5042743760871116
686527,Dominic Canzone,SEA,2025,27,RF,False,30,97,0.6744456817122202,17.5257731,3.0927835,0.34655006128809784,0.3694152195523533,0.6122384416813633,2,-0.75,-0.2254340806460528,-0.2003338898163609,4.171828959044661,5.611643177483199,-1.4398142184385376,0.9072156470264504,0.6744456817122202,-0.23276996531423022,0.19640751121191197,1.1036231582383624,-0.23276996531423022
683011,Anthony Volpe,NYY,2025,24,SS,False,95,384,0.6742528747975463,23.6979166,8.854166600000001,0.21705076180182997,0.29119689827501466,0.38950205172276486,7,0.75,-0.5323533004224137,30.0,1.053520116871166,1.7338854618458135,-0.6803653449746474,1.1096866955813207,0.6742528747975463,-0.43543382078377446,0.18783759169996314,1.2975242872812838,-0.43543382078377446
666971,Lourdes Gurriel Jr.,ARI,2025,31,LF,False,90,385,0.6619568435973846,13.766233699999999,5.7142857,0.24998936901801633,0.29701057067422254,0.4185215277389813,6,-0.7,-0.1963353810595468,0.10289732630951232,1.031621054956963,0.6440929017713483,0.38752815318561484,0.4132929453032818,0.6619568435973846,0.2486638982941028,0.06548277834675374,0.47877572365003557,0.2486638982941028
608701,Rob Refsnyder,BOS,2025,34,RF,False,41,124,0.6328086638445881,26.612903199999998,12.096774100000001,0.26627135340100855,0.35320198997945706,0.4682703118247169,3,-0.7345084214649432,0.5904998506179537,0.7463110102156645,3.06197740569962,3.048599094081541,0.013378311618078786,0.6300438127768518,0.6328086638445881,0.0027648510677362736,0.13718695923366933,0.7672307720105211,0.0027648510677362736
667472,Dane Myers,MIA,2025,29,RF,False,66,218,0.6317222384844037,21.559633,5.9633027,0.2751759749576423,0.32207946137966265,0.3717289489178351,8,-0.0584286094123903,1.489374659797206,0.014285714285714457,1.7386850600488173,1.6225573188256501,0.11612774122316716,0.5895291591733196,0.6317222384844037,0.04219307931108407,0.13791737210018026,0.7274465312734999,0.04219307931108407
681715,Heriberto Hernández,MIA,2025,25,RF,False,30,85,0.6217515910255978,28.2352941,8.235294099999999,0.31661851781559874,0.3671284842507062,0.4939248883384377,1,-0.7115606936416184,-0.04693254269867159,1.7500000000000004,4.388834760180691,4.307784953807211,0.08104980637348014,0.6102695351226882,0.6217515910255978,0.011482055902909627,0.16513175656260973,0.7754012916852979,0.011482055902909627
664702,Myles Straw,TOR,2025,30,LF,False,78,189,0.6184701772828276,14.2857142,5.2910052,0.2463655452331876,0.2905036344826755,0.31675570044092133,5,0.07399326290001533,2.9063665511545786,-0.28719008264462775,1.9633973881994529,0.4475343307068035,1.5158630574926493,0.1409733141726431,0.6184701772828276,0.47749686311018447,0.041769870865968325,0.18274318503861142,0.47749686311018447
687401,Joey Ortiz,MIL,2025,26,SS,False,93,319,0.6129667146043385,16.300940399999998,6.2695924,0.2130563118892843,0.2718987407301187,0.3073599252485036,8,0.75,2.147006269492508,30.0,1.1529154506664674,0.39283365342215854,0.7600817972443088,0.2088565590694476,0.6129667146043385,0.4041101555348909,0.04255697912073384,0.2514135381901815,0.4041101555348909
686780,Pedro Pagés,STL,2025,26,C,False,74,246,0.6083394658788112,25.609756,5.6910569,0.2091261041143177,0.2565690369592218,0.33371186942288134,6,1.25,-0.799335437388055,5.172769640479359,1.4837547948263687,0.3402874970983723,1.1434672977279965,0.13951787381033265,0.6083394658788112,0.4688215920684785,0.03232731222434537,0.17184518603467802,0.4688215920684785
606192,Teoscar Hernández,LAD,2025,32,RF,False,77,311,0.5983446463299038,23.7942122,4.5016077,0.26071960587162335,0.29570649454437453,0.469295290772631,7,-0.75,-0.4019451371571086,0.309674502712477,1.154362661729718,1.0906699179466117,0.0636927437831063,0.5653305741356603,0.5983446463299038,0.03301407219424346,0.09816029261519506,0.6634908667508554,0.03301407219424346
673962,Josh Jung,TEX,2025,27,3B,False,75,297,0.5872252722328388,24.5791245,5.387205300000001,0.24243340230272564,0.28985150589635317,0.374669803931424,6,0.2,0.035362555150583064,15.0,1.1863136812784623,0.9083414758118288,0.2779722054666335,0.44962903052685527,0.5872252722328388,0.13759624170598356,0.07720902544400546,0.5268380559708608,0.13759624170598356
662139,Daulton Varsho,TOR,2025,28,CF,False,24,100,0.5866142311554599,31.0,5.0,0.20715363774403636,0.24073433285669127,0.5451411514300643,0,0.25,1.7470062694925081,-0.48745682603163143,3.519685386932759,3.0146840850395704,0.5050013018931887,0.502447347506595,0.5866142311554599,0.08416688364886482,0.08541604907612116,0.5878633965827162,0.08416688364886482
666023,Freddy Fermin,KCR,2025,30,C,False,57,179,0.581683616075717,16.7597765,6.7039106,0.274390243,0.331460674,0.353658536,2,1.25,-1.8656920354201367,5.884217407545762,1.9497774840526825,2.6093013587590743,-0.6595238747063918,0.7784415720297905,0.581683616075717,-0.19675795595407353,0.16525575272140805,0.9436973247511985,-0.19675795595407353
677595,Ronny Mauricio,NYM,2025,24,3B,False,29,103,0.5755943057629619,28.1553398,8.737864,0.2419253806338834,0.3177272434457154,0.4178711128407223,3,0.2,0.4512624100127023,5.955479452054794,3.352976538425021,2.4209036432788005,0.9320728951462205,0.4155884587628607,0.5755943057629619,0.16000584700010118,0.07666194870382868,0.4922504074666894,0.16000584700010118
643376,Danny Jansen,TBR,2025,30,C,False,66,233,0.5619436829018213,25.7510729,10.7296137,0.206896551,0.301724137,0.379310344,3,1.25,-0.43856485546696666,-0.6224259234203773,1.4470652778587674,0.5904068551341657,0.8566584227246017,0.22927466207710098,0.5619436829018213,0.3326690208247203,0.050184582686404085,0.2794592447635051,0.3326690208247203
696285,Jacob Young,WSN,2025,25,CF,False,71,226,0.5580381045699391,14.159292,7.9646017,0.23683153148007646,0.3066374288530194,0.2821822498920297,4,0.25,-2.963821743840913,0.5413938519587169,1.4815170917785994,-0.2866438497065379,1.7681609414851374,-0.1079691833894626,0.5580381045699391,0.6660072879594017,-0.022931507976523033,-0.13090069136598564,0.6660072879594017
666310,Bo Naylor,CLE,2025,25,C,False,72,244,0.5464434757482606,27.049180299999996,12.2950819,0.17139234883279317,0.2728406330438741,0.35230649588332164,4,1.25,-0.4095400738659689,3.645127499735479,1.343713464954739,0.46528769802307945,0.8784257669316596,0.1892169971960523,0.5464434757482606,0.35722647855220824,0.04187589282207715,0.23109289001812947,0.35722647855220824
802415,Chandler Simpson,TBR,2025,24,LF,False,53,200,0.5422071838303519,9.0,5.0,0.308108108,0.340101522,0.351351351,3,-0.20103987130874407,5.6531768140624035,-0.557115198451113,1.6266215514910558,2.6945812351065817,-1.0679596836155258,0.8981937450355272,0.5422071838303519,-0.35598656120517524,0.18412971773228307,1.0823234627678102,-0.35598656120517524
641555,J.C. Escarra,NYY,2025,30,C,False,36,93,0.5421442175005005,13.9784946,11.8279569,0.21817986226593794,0.3161606981883806,0.35935506720190397,1,1.25,-0.9676594228713951,8.618421052631579,3.497704629035487,2.731924077314817,0.7657805517206699,0.4234482319837966,0.5421442175005005,0.11869598551670385,0.10927696309259269,0.5327251950763893,0.11869598551670385
681297,Colton Cowser,BAL,2025,25,LF,False,37,147,0.5392307581226408,30.6122448,4.0816326,0.22500009518668132,0.28448991601327317,0.457500193376252,1,-0.20172550052687035,3.8484365422322044,0.9840720221606647,2.2009418698883296,2.8056225884747152,-0.6046807185863856,0.6873775341763052,0.5392307581226408,-0.14814677605366444,0.14495716707119363,0.8323347012474989,-0.14814677605366444
672820,Lenyn Sosa,CHW,2025,25,2B,False,81,298,0.525973486203619,23.8255033,2.6845637,0.267361111,0.289562289,0.416666666,4,-0.15239022999429766,-0.5285716431812052,20.0,1.0590070192019174,0.8668024042558321,0.19220461494608532,0.4305118607803966,0.525973486203619,0.09546162542322234,0.08668024042558321,0.5171921012059798,0.09546162542322234
669477,Casey Schmitt,SFG,2025,26,3B,False,40,135,0.5173731673521154,24.444444400000002,9.629629600000001,0.254237288,0.343283582,0.398305084,3,0.025953995479324532,-0.71,1.7036548980606665,2.2994362993427346,1.8995563604357255,0.3998799389070091,0.42740018109803823,0.5173731673521154,0.08997298625407713,0.08548003621960765,0.5128802173176459,0.08997298625407713
602104,Ramón Urías,BAL,2025,31,3B,False,68,256,0.5094117346727183,20.703125,7.03125,0.2460527358211077,0.2988282518182488,0.3668422601223785,5,0.22247600534564452,-0.733040027668058,15.0,1.1939337531391834,0.9610487086518237,0.2328850444873597,0.41004744902477813,0.5094117346727183,0.09936428564794014,0.09129962732192325,0.5013470763467014,0.09936428564794014
686469,Vinnie Pasquantino,KCR,2025,27,1B,False,96,404,0.5043286941788921,16.8316831,6.6831683,0.272237196,0.32920792,0.436657681,3,-1.25,-0.47310903264404347,15.0,0.7490030111567705,1.2341375575939004,-0.48513454643712994,0.8309859554465596,0.5043286941788921,-0.3266572612676675,0.13164133947668272,0.9626272949232424,-0.3266572612676675
660844,Leo Rivas,SEA,2025,27,2B,False,30,73,0.4986067239826467,20.5479452,16.4383561,0.307659443101233,0.44624254479134323,0.32575705778454905,1,0.3,0.9330674573013285,11.186363636363637,4.098137457391617,4.605617937418853,-0.5074804800272359,0.5603501823859605,0.4986067239826467,-0.061743458403313745,0.16119662780965988,0.7215468101956204,-0.061743458403313745
605170,Victor Caratini,HOU,2025,31,C,False,66,237,0.490700113107933,17.299578,4.641350200000001,0.25706430799271374,0.30528235448266816,0.43934627235367185,7,0.779126213592233,-1.233931593139049,3.6186602870813385,1.2422787673618556,1.8440360457497151,-0.6017572783878595,0.7283942380711375,0.490700113107933,-0.23769412496320447,0.1475228836599772,0.8759171217311147,-0.23769412496320447
679032,Johan Rojas,PHI,2025,24,CF,False,66,156,0.4766494344637529,23.7179487,7.0512820000000005,0.22428164397907455,0.27560266941640926,0.2943696577834243,2,0.25,4.149078484890136,-0.36657101865136266,1.833267055629819,0.3693787408572058,1.4638883147726132,0.0960384726228735,0.4766494344637529,0.3806109618408794,0.027703405564290434,0.12374187818716394,0.3806109618408794
668715,Spencer Steer,CIN,2025,27,LF,False,89,351,0.4665879653486636,23.931623899999998,6.8376068,0.24597136029486752,0.30179961805312083,0.3978055341882563,9,-1.2138492871690427,0.9920847135891617,-0.3133802816901404,0.7975862655532711,0.29157184552087567,0.5060144200323954,0.17056952962971225,0.4665879653486636,0.29601843571895137,0.02867123147621944,0.1992407611059317,0.29601843571895137
664728,Kyle Isbel,KCR,2025,28,CF,False,84,250,0.4620016318913084,19.6,3.5999999999999996,0.244541484,0.269709543,0.362445414,3,0.25,-2.433821743840913,0.7383720930232551,1.1088039165391401,-0.039115597891991,1.1479195144311312,-0.016298165788329582,0.4620016318913084,0.478299797679638,-0.0036507891365858266,-0.01994895492491541,0.478299797679638
671289,Tyler Freeman,COL,2025,26,RF,False,54,188,0.4531692804924578,9.042553100000001,9.574468,0.2841373725699795,0.3556367527038663,0.37156425657300907,6,-0.5645357316480312,-1.5129937305074919,-0.26175949616217276,1.4462849377418865,1.4084405647137574,0.03784437302812904,0.44131137694364403,0.4531692804924578,0.011857903548813775,0.09154863670639424,0.5328600136500383,0.011857903548813775
670042,Luke Raley,SEA,2025,30,RF,False,43,156,0.4512078619704806,24.3589743,9.6153846,0.2422296069870347,0.37129298964739565,0.3925790177710465,2,-0.9980449657869013,0.3465164013044298,-0.30795344325897145,1.7354148537326175,1.5763545599538398,0.15906029377877773,0.40985218558799835,0.4512078619704806,0.04135567638248222,0.07881772799769199,0.48866991358569034,0.04135567638248222
664034,Ty France,MIN,2025,30,1B,False,92,353,0.4464148773797001,16.1473087,4.2492917,0.24143014872795585,0.3028135933851033,0.3440379632006203,8,-1.25,-1.0544622996285051,15.0,0.7587788284074223,-0.7709807911168198,1.529759619524242,-0.453593698773729,0.4464148773797001,0.9000085761534291,-0.08994775896362898,-0.543541457737358,0.9000085761534291
670242,Matt Wallner,MIN,2025,27,RF,False,55,201,0.4351756709893216,30.348258700000002,10.4477611,0.19876834428310672,0.29007652244323356,0.43618608965328115,1,-0.75,-0.06569203542013663,0.05656627426998906,1.2990318536994674,0.5317570869897036,0.7672747667097638,0.1781386241415507,0.4351756709893216,0.25703704684777084,0.03633673427762974,0.21447535841918045,0.25703704684777084
660162,Yoán Moncada,LAA,2025,30,3B,False,36,135,0.4328475881220042,24.444444400000002,11.1111111,0.22924019829710965,0.32376640368028653,0.47546115298021735,1,0.2,-1.062379919765804,8.78186646433991,1.9237670583200186,3.3508585685875185,-1.4270915102675,0.7539431779321917,0.4328475881220042,-0.3210955898101875,0.14520387130545914,0.8991470492376508,-0.3210955898101875
624512,Reese McGuire,CHC,2025,30,C,False,20,66,0.4306815118592246,19.6969696,3.030303,0.2310372460134061,0.25591818029543456,0.4950798131829181,1,1.25,-0.26843802815236817,5.021844225604296,3.915286471447496,2.6830926105336976,1.2321938609137986,0.29514018715870677,0.4306815118592246,0.13554132470051783,0.06260549424578628,0.35774568140449303,0.13554132470051783
663886,Tyler Stephenson,CIN,2025,28,C,False,54,217,0.420385784601141,35.4838709,11.0599078,0.22714392321074156,0.3073627450509419,0.37685241834398103,3,1.25,-1.334637444849417,-1.3295221843003393,1.162357008113754,0.5484963462456157,0.6138606618681383,0.1983728452254977,0.420385784601141,0.22201293937564331,0.03290978077473694,0.23128262600023464,0.22201293937564331
666139,Josh Lowe,TBR,2025,27,RF,False,52,211,0.4153201398848127,20.379146900000002,9.0047393,0.248677248,0.319047619,0.402116402,3,-0.75,3.2976466995775864,-0.02107481559536384,1.1810051371132115,1.765845294823048,-0.5848401577098366,0.6209889286794386,0.4153201398848127,-0.20566878879462586,0.11772301965486986,0.7387119483343084,-0.20566878879462586
621438,Tyrone Taylor,NYM,2025,31,CF,False,86,273,0.4150709985821363,22.344322299999998,4.029304,0.21767984695396558,0.2727158838467816,0.32035902093307184,3,0.25,2.846178256159087,0.5402298850574705,0.9122439529277722,0.1444281957646289,0.7678157571631432,0.06571482907290616,0.4150709985821363,0.34935616950923015,0.013720678597639745,0.0794355076705459,0.34935616950923015
691785,Marcelo Mayer,BOS,2025,22,,False,40,124,0.4110532142516125,29.8387096,5.6451611999999995,0.2181462103542294,0.2590147929760244,0.4027314648950128,2,0.21867627785058977,1.489374659797206,0.19155182777505733,1.988967165733609,0.7205987484361421,1.268368417297467,0.14892374134346936,0.4110532142516125,0.26212947290814315,0.03122594576556616,0.18014968710903553,0.26212947290814315
516782,Starling Marte,NYM,2025,36,LF,False,58,188,0.407504159221754,17.553191400000003,7.4468085,0.27606209138699406,0.3609474937477281,0.3952707217121649,3,-0.7,0.05430796457986331,-1.5999999999999996,1.3005451890055977,1.52417785575319,-0.2236326667475923,0.4775757281359996,0.407504159221754,-0.0700715689142456,0.09653126419770204,0.5741069923337017,-0.0700715689142456
676914,Davis Schneider,TOR,2025,26,LF,False,34,93,0.4026095445870227,31.182795600000002,13.9784946,0.2186155790998617,0.34513882796145195,0.43723115920278316,3,-0.4317587515816111,-0.16820129479257478,0.826368876080692,2.597480932819501,1.9830882283834252,0.614392704436076,0.3073786753994309,0.4026095445870227,0.09523086918759177,0.07932352913533701,0.38670220453476795,0.09523086918759177
656537,Derek Hill,MIA,2025,29,CF,False,31,99,0.4006093537800926,37.3737373,7.070707,0.2081855696096297,0.27144325724152846,0.31775692152249524,1,0.25,2.521405786325741,0.6590909090909092,2.4279354774551067,0.012604268820624452,2.4153312086344823,0.0020797043554030346,0.4006093537800926,0.39852964942468955,0.0005041707528249781,0.0025838751082280127,0.39852964942468955
671277,Luis García Jr.,WSN,2025,25,2B,False,85,327,0.3841454091628833,14.0672782,5.5045871,0.2585442969619919,0.29900963204092573,0.3944457871326225,4,0.3,1.2145659193539473,20.0,0.7048539617667584,1.633280338762365,-0.9284263769956065,0.890137784625489,0.3841454091628833,-0.5059923754626057,0.15788376608036195,1.048021550705851,-0.5059923754626057
642201,Eli White,ATL,2025,31,RF,False,69,189,0.3750680568680729,21.6931216,4.7619047,0.2422685080947272,0.2827265100272788,0.38312229208063625,2,-0.7324944485566247,2.539078484890136,0.7659453302961272,1.1906922440256282,0.35853053118854467,0.8321617128370835,0.11293711732439157,0.3750680568680729,0.2621309395436813,0.028682442495083574,0.14161955981947516,0.2621309395436813
678246,Miguel Vargas,CHW,2025,25,3B,False,93,380,0.3726185150338747,17.368421,8.9473684,0.218289085,0.297368421,0.383480825,4,-0.4187044606362182,1.951798705207425,10.408648481091134,0.5883450237376969,1.0096463644252347,-0.4213013406875378,0.6394426974693153,0.3726185150338747,-0.26682418243544054,0.11610933190890199,0.7555520293782172,-0.26682418243544054
595978,Austin Hedges,CLE,2025,32,C,False,39,102,0.3722799460583647,30.3921568,10.7843137,0.11415336350668069,0.21095541694169626,0.228306728017911,1,1.25,-2.454672409884382,11.701001669449084,2.189882035637439,-1.3832093846308866,3.5730914202683257,-0.23514559538725074,0.3722799460583647,0.6074255414456154,-0.06685512025715952,-0.3020007156444103,0.6074255414456154
677347,Kyren Paris,LAA,2025,23,CF,False,44,140,0.366627576063157,42.1428571,7.1428571,0.1892141320854515,0.26442334676127593,0.378428264170903,1,0.2727138643067846,3.318159574884776,0.18918918918918948,1.5712610402706728,0.7056047085931431,0.8656563316775298,0.16464109867173338,0.366627576063157,0.2019864773914236,0.036456243277312395,0.20109734194904577,0.2019864773914236
518595,Travis d'Arnaud,LAA,2025,36,C,False,44,151,0.3659003238387238,31.7880794,4.6357615,0.23953703938590148,0.282881392629135,0.42975763039219383,3,1.25,-0.40873758998729776,1.4631578947368427,1.4539085715445978,1.1936511796559164,0.26025739188868147,0.30040221354673896,0.3659003238387238,0.06549811029198482,0.06167197761555568,0.36207419116229467,0.06549811029198482
682626,Francisco Alvarez,NYM,2025,23,C,False,35,138,0.3622765584674713,27.5362318,9.420289799999999,0.24112075082490406,0.3260733394709505,0.3408948553198192,3,1.25,-0.7723799197658039,0.4347315436241632,1.5751154715977014,0.8410557510650303,0.7340597205326711,0.19344282274495697,0.3622765584674713,0.16883373572251434,0.03224047045749282,0.2256832932024498,0.16883373572251434
649966,Luis Urías,ATH,2025,28,,False,71,259,0.3609612005106384,13.8996138,9.6525096,0.238938053,0.3203125,0.362831858,7,0.3,-1.347659422871395,0.19155182777505733,0.8362035533064982,1.1705945415796346,-0.3343909882731364,0.5053066437818756,0.3609612005106384,-0.14434544327123722,0.08974558152110532,0.595052225302981,-0.14434544327123722
669003,Garrett Mitchell,MIL,2025,26,,False,25,78,0.3600800823657032,32.051282,8.9743589,0.2092554028918684,0.29039525359433,0.2989362911523049,0,0.25,1.910160126000787,0.19155182777505733,2.7698467874284862,-0.27275789699206454,3.0426046844205508,-0.035458526608968394,0.3600800823657032,0.39553860897467163,-0.007728140414775162,-0.043186667023743554,0.39553860897467163
678662,Ezequiel Tovar,COL,2025,23,SS,False,32,138,0.3582416454058788,21.7391304,5.0724637,0.22680616926271174,0.265213630873822,0.35739153944427304,2,0.7500000000000001,-0.023331275770969828,30.0,1.5575723713299077,0.5615638561541779,0.9960085151757297,0.12915968691546093,0.3582416454058788,0.22908195849041785,0.021526614485910152,0.15068630140137107,0.22908195849041785
663330,Jahmai Jones,DET,2025,27,,False,25,48,0.3573549808275823,14.583333300000001,12.5,0.2855194198847955,0.3861451884255971,0.5472455555921286,1,-0.7,-0.18194513715710858,0.19155182777505733,4.466937260344779,5.43013417207581,-0.9631969117310311,0.4344107337660648,0.3573549808275823,-0.07705575293848249,0.15385380154214795,0.5882645353082128,-0.07705575293848249
810938,Ben Williamson,SEA,2025,24,3B,False,73,256,0.3564794107536153,23.828125,4.296875,0.2815184447174746,0.319369664430782,0.34854664584068284,4,0.19999999999999998,1.1745875261594743,8.219132290184922,0.8354986189537859,1.326401517797753,-0.4909028988439672,0.5659313142603747,0.3564794107536153,-0.2094519035067594,0.11274412901280902,0.6786754432731837,-0.2094519035067594
543309,Kyle Higashioka,TEX,2025,35,C,False,51,180,0.3498988456603866,18.3333333,6.1111111000000005,0.24694749670876442,0.30175612174532973,0.3704212455755627,2,1.25,-0.1311098703357615,4.534538983611985,1.166329485534622,1.5729647953753716,-0.4066353098407496,0.47188943861261146,0.3498988456603866,-0.12199059295222486,0.09175627973023001,0.5636457183428415,-0.12199059295222486
663698,Joey Bart,PIT,2025,28,C,False,59,219,0.3488898569818084,26.484018199999998,11.4155251,0.23197499586786405,0.3282016608277529,0.2886799948796665,11,1.25,-1.233040027668058,0.5472196900638095,0.9558626218679682,0.2821720470217628,0.6736905748462054,0.10299279716294342,0.3488898569818084,0.245897059818865,0.02163319027166848,0.1246259874346119,0.245897059818865
678554,Curtis Mead,TBR,2025,24,3B,False,49,132,0.3467379771169598,25.0,9.090909,0.226086956,0.318181818,0.339130434,4,-0.33013988588256954,1.1969599723319422,4.062663755458516,1.5760817141679992,0.6993194117267443,0.876762302441255,0.15385027057988374,0.3467379771169598,0.19288770653707607,0.044290229409360476,0.1981404999892442,0.19288770653707607
677950,Alek Thomas,ARI,2025,25,CF,False,86,281,0.3364720268955636,25.9786476,5.3380782,0.2437486511918752,0.29329445459807596,0.36368846396721244,2,0.25,-0.3323533004224136,0.3327006758633466,0.7184456090296731,0.6263909823471365,0.09205462668253661,0.29335977673257563,0.3364720268955636,0.043112250162987975,0.06159511326413509,0.3549548899967107,0.043112250162987975
682663,Agustín Ramírez,MIA,2025,23,C,False,71,301,0.3311316157457761,18.936877,6.312292299999999,0.23598783756281116,0.2818641128262125,0.4580940380234743,7,1.25,2.6204998506179535,0.6990085922009248,0.6600630214201516,2.8550428098406666,-2.194979788420515,1.4322798096034013,0.3311316157457761,-1.1011481938576253,0.26171225756872774,1.693992067172129,-1.1011481938576253
670224,Kameron Misner,TBR,2025,27,RF,False,71,217,0.3236405599114699,31.797235,7.3732718,0.213197969,0.273148148,0.345177664,1,0.01803036693378321,3.1065164013044297,2.5681818181818183,0.8948586909994559,0.5624138617785703,0.3324448292208856,0.20340634667658294,0.3236405599114699,0.12023421323488695,0.05155460399636894,0.2549609506729519,0.12023421323488695
572191,Michael A. Taylor,CHW,2025,34,RF,False,81,197,0.3217973989812699,34.5177664,9.1370558,0.217142857,0.290816326,0.388571428,3,-0.32936648157496207,-0.5895400738659691,1.4942273534635886,0.9800936009581824,0.3480401842610216,0.6320534166971608,0.11427319383236875,0.3217973989812699,0.20752420514890116,0.034804018426102167,0.14907721225847093,0.20752420514890116
680779,Henry Davis,PIT,2025,25,C,False,46,146,0.3144191378784934,23.287671200000002,6.849315000000001,0.19541778254242262,0.2547579320555442,0.3231909479751909,0,1.25,0.5680548628428914,4.468232530827949,1.2921334433362743,-0.13717708711704768,1.429310530453322,-0.03337975786514827,0.3144191378784934,0.34779889574364165,-0.008001996748494448,-0.04138175461364271,0.34779889574364165
592206,Nick Castellanos,PHI,2025,33,RF,False,95,390,0.3116029250288817,20.5128205,5.128205100000001,0.2656972881455636,0.3047570604332768,0.4267259478638987,7,-0.75,0.7745659193539473,-0.39980134094859676,0.4793891154290488,1.003717683328356,-0.5243285678993073,0.6524164941634315,0.3116029250288817,-0.3408135691345498,0.10873608236057192,0.7611525765240035,-0.3408135691345498
596103,Austin Slater,CHW,2025,32,RF,False,44,111,0.310919283596779,28.8288288,8.108108099999999,0.237623762,0.3,0.435643564,5,-0.7283505154639175,-0.17299373050749178,0.8636363636363631,1.6806447761988055,0.9409080338422783,0.7397367423565272,0.17406798626082148,0.310919283596779,0.13685129733595752,0.05018176180492151,0.224249748065743,0.13685129733595752
596146,Max Kepler,PHI,2025,32,RF,False,85,313,0.3089391516024515,20.4472843,11.501597400000001,0.20415710746403154,0.29880334064874536,0.36175206812445415,6,-0.7114260053886837,0.646250351564696,0.1091703056768556,0.592215626074987,0.11531503573017245,0.4769005903448146,0.06015601030590662,0.3089391516024515,0.24878314129654489,0.011147120120583337,0.07130313042648996,0.24878314129654489
700932,Kyle Manzardo,CLE,2025,24,1B,False,82,300,0.3046182588781569,25.0,9.3333333,0.21821676759392503,0.29466788364720203,0.44395825162353525,5,-1.25,0.335362555150583,12.503310104529616,0.6092365177563138,0.7404193522004069,-0.13118283444409307,0.37020967610020344,0.3046182588781569,-0.06559141722204653,0.07650999972737538,0.4467196758275788,-0.06559141722204653
666160,Mickey Moniak,COL,2025,27,RF,False,79,248,0.2977718822213753,24.1935483,6.048387,0.22567064418986343,0.2695956021608838,0.45516621447788275,1,-0.4406426155580609,0.17596183958707678,0.6911764705882351,0.7204158440839724,0.8237316065361228,-0.10331576245215035,0.3404757307015974,0.2977718822213753,-0.04270384848022213,0.07825450262093166,0.41873023332252907,-0.04270384848022213
650333,Luis Arraez,SDP,2025,28,2B,False,90,393,0.2934000283094007,2.7989821000000004,4.5801526,0.279452054,0.314432989,0.389041095,5,-1.1317894345238095,1.079165973954002,-0.8658536585365848,0.447938974518169,0.5492225127053268,-0.10128353818715785,0.3597407458219891,0.2934000283094007,-0.06634071751258841,0.055837622125041564,0.4155783679470307,-0.06634071751258841
606992,Eric Haase,MIL,2025,32,,False,27,68,0.2870162443155539,42.647058799999996,5.8823529,0.22950592617859708,0.2882281249954473,0.37704545022315117,1,1.25,-0.02791528641083829,0.19155182777505733,2.5324962733725345,0.594294710515094,1.9382015628574405,0.06735340052504397,0.2870162443155539,0.21966284379050993,0.018819332499644643,0.08617273302468861,0.21966284379050993
666158,Gavin Lux,CIN,2025,27,LF,False,84,310,0.2731988628069092,24.1935483,12.2580645,0.259636436357229,0.3480431080347501,0.371424346373743,3,-0.4596358706178578,0.31843654223220436,-0.5620856705762362,0.5287719925295017,1.3592536513279003,-0.8304816587983986,0.7022810531860819,0.2731988628069092,-0.4290821903791727,0.12686367412393737,0.8291447273100193,-0.4290821903791727
691781,Brady House,WSN,2025,22,3B,False,23,98,0.2691059313245433,23.4693877,4.0816326,0.2574750489138767,0.285061660727383,0.3754844464990228,4,0.2,-0.33954007386596907,9.07823931068119,1.6475873346400611,0.6941407074089573,0.9534466272311038,0.11337631554346302,0.2691059313245433,0.1557296157810803,0.017353517685223932,0.13072983322868695,0.1557296157810803
641584,Jake Fraley,CIN,2025,30,,False,48,146,0.2686946865182663,19.178082099999997,13.6986301,0.21971012243701973,0.32918896734310915,0.3687991340907117,0,-0.7500000000000001,0.5368048628428914,0.19155182777505733,1.1042247391161628,0.8943976600766731,0.20982707903948972,0.21763676395199047,0.2686946865182663,0.05105792256627581,0.04770120853742257,0.26533797248941304,0.05105792256627581
691019,Kyle Teel,CHW,2025,23,C,False,25,87,0.2560142429839648,27.586206800000003,16.091954,0.231884057,0.372093023,0.289855072,0,1.25,-0.760625340202794,3.4649171821991605,1.7656154688549297,1.5748491893268288,0.19076627952810088,0.22835313245239017,0.2560142429839648,0.027661110531574634,0.04724547567980486,0.27559860813219506,0.027661110531574634
680862,Willie MacIver,ATH,2025,28,C,False,17,52,0.2489848543816412,21.153846100000003,5.7692307,0.244897959,0.288461538,0.448979591,1,1.25,1.6404998506179538,4.845783132530121,2.872902165942014,3.140308199285456,-0.2674060333434416,0.27216004393807286,0.2489848543816412,-0.023175189556431663,0.057572316986900025,0.3297323609249729,-0.023175189556431663
518934,DJ LeMahieu,NYY,2025,36,,False,45,142,0.2466509932820468,24.647887299999997,9.8591549,0.26931576800730656,0.342724954135863,0.34060523600924064,4,0.3,-1.3437098430394618,0.19155182777505733,1.042187295557944,1.1773259450853955,-0.13513864952745136,0.27863380700354357,0.2466509932820468,-0.03198281372149678,0.05886629725426978,0.33750010425781335,-0.03198281372149678
642708,Amed Rosario,WSN,2025,29,3B,False,45,149,0.2420176486702177,13.4228187,4.6979865,0.2727568405599354,0.3147157262825099,0.4306686968812232,5,0.23500846979107848,-0.40950014938204626,0.8280191138140753,0.9745677127659773,1.8697672011843363,-0.895199488418359,0.4643255216274435,0.2420176486702177,-0.22230787295722582,0.09348836005921682,0.5578138816866604,-0.22230787295722582
641343,Jake Bauers,MIL,2025,29,LF,False,59,148,0.2362160162511156,30.405405400000003,15.540540499999999,0.20491600584329922,0.32963785592585837,0.3688488101113852,0,-1.0253021756647864,0.79,-0.6079881656804731,0.9576324983153335,0.6778814791889904,0.27975101912634304,0.16721076486661765,0.2362160162511156,0.06900525138449795,0.04632190107791435,0.213532665944532,0.06900525138449795
686797,Brooks Lee,MIN,2025,24,SS,False,79,297,0.2310631024739371,19.528619499999998,4.0404040000000006,0.24988020476914474,0.2813839937569888,0.3678791900036622,4,0.5113849143260908,-0.862379919765804,21.2827731092437,0.4667941464119942,0.7499402726922735,-0.2831461262802793,0.3712204349826754,0.2310631024739371,-0.14015733250873827,0.07499402726922735,0.44621446225190275,-0.14015733250873827
683766,Christian Koss,SFG,2025,27,3B,False,41,108,0.2295820939089143,23.1481481,4.6296296,0.265306122,0.304761904,0.357142857,2,0.28288508557457215,0.7765164013044298,1.6571428571428577,1.275456077271746,1.0241399683626424,0.2513161089091036,0.18434519430527563,0.2295820939089143,0.045236899603638664,0.04779319852358998,0.23213839282886561,0.045236899603638664
664059,Sam Haggerty,TEX,2025,31,,False,47,144,0.2093067590808758,17.361111100000002,9.7222222,0.25620802828370715,0.33683293160107036,0.3843120424255607,0,-0.3307860262008734,1.6960859509257935,0.19155182777505733,0.8721114961703158,1.9022276707311283,-1.0301161745608125,0.45653464097547075,0.2093067590808758,-0.24722788189459496,0.10145214243899352,0.5579867834144643,-0.24722788189459496
673357,Luis Robert Jr.,CHW,2025,27,CF,False,79,306,0.2071056691707469,30.3921568,10.1307189,0.190298507,0.274834437,0.324626865,6,0.25,4.756366551154579,1.06761442441054,0.40608954739362135,0.5638357574738606,-0.15774621008023926,0.28755623631166893,0.2071056691707469,-0.08045056714092202,0.054504123222473194,0.34206035953414216,-0.08045056714092202
666149,Tyler Fitzgerald,SFG,2025,27,2B,False,63,222,0.2068526606073048,27.9279279,6.7567566999999995,0.227272727,0.287037037,0.333333333,3,0.3,-0.023914049074206467,20.0,0.5590612448846076,0.22501073152522189,0.33405051335938574,0.0832539706643321,0.2068526606073048,0.12359868994297271,0.016125769092640903,0.099379739756973,0.12359868994297271
669357,Nolan Gorman,STL,2025,25,3B,False,66,226,0.2043477203939869,30.0884955,11.946902600000001,0.22061305757289157,0.3114644112602389,0.4104428976931023,1,0.23439449688049913,-1.8937098430394619,10.069166057059254,0.5425160718424431,1.7561940527359687,-1.2136779808935256,0.6614997598638815,0.2043477203939869,-0.45715203946989463,0.14927649448255736,0.810776254346439,-0.45715203946989463
519317,Giancarlo Stanton,NYY,2025,35,RF,False,21,78,0.181407580940918,32.051282,10.256410200000001,0.2498001320419991,0.3379648850045375,0.45551788861662373,1,-0.75,-1.8195855865953119,0.5670103092783507,1.3954429303147537,1.7736812607529067,-0.3782383304381529,0.23057856389787787,0.181407580940918,-0.049170982956959874,0.04138589608423449,0.2719644599821124,-0.049170982956959874
683083,Nasim Nuñez,WSN,2025,24,SS,False,23,49,0.178405819243312,20.4081632,10.2040816,0.1856215463577375,0.2702146995741299,0.23202693319660084,1,0.5654377880184331,2.8296352443142814,5.5453125,2.1845610519589225,-1.0851285374736936,3.269689589432616,-0.08861883056035165,0.178405819243312,0.26702464980366364,-0.027128213436842342,-0.11574704399719399,0.26702464980366364
702176,Alan Roden,TOR,2025,25,,False,42,111,0.1754285463976715,21.621621599999997,6.3063063,0.2068164371517651,0.28013379546151146,0.31022465522611775,0,-0.7090855803048065,-0.11299373050749184,0.19155182777505733,0.9482624129603865,-1.3293082661444648,2.2775706791048513,-0.245922029236726,0.1754285463976715,0.4213505756343975,-0.06646541330722325,-0.31238744254394923,0.4213505756343975
695681,Christian Moore,LAA,2025,22,2B,False,18,64,0.1651203078034445,31.25,12.5,0.18742909329094234,0.29958904263419384,0.39360109640766605,0,0.3,0.52,19.156760700389107,1.5480028856572923,1.112946819831875,0.4350560658254172,0.11871432744873335,0.1651203078034445,0.04640598035471115,0.02411384776302396,0.1428281752117573,0.04640598035471115
682668,Luisangel Acuña,NYM,2025,23,2B,False,70,166,0.1648605238271915,19.2771084,6.0240963,0.24063166215759052,0.2913101485150597,0.2807369390134082,6,0.29999999999999993,5.0190784848901355,20.0,0.5958814114235838,0.7763768830335966,-0.1804954716100129,0.21479760430596173,0.1648605238271915,-0.04993708047877024,0.059522227699242404,0.27431983200520416,-0.04993708047877024
670156,Miles Mastrobuoni,SEA,2025,29,RF,False,68,162,0.1602192919514323,16.6666666,9.8765432,0.26764077491510513,0.34829370851559543,0.31352205052176396,2,0.00617977528089889,1.0070062694925084,0.3051317614424409,0.5934047850053048,1.2873415938367265,-0.6939368088314217,0.3475822303359162,0.1602192919514323,-0.18736293838448387,0.10084175818387692,0.4484239885197931,-0.18736293838448387
665052,Griffin Conine,MIA,2025,27,RF,False,20,71,0.1558671983355271,26.7605633,9.8591549,0.27427079162824564,0.3433750129381688,0.4266434536439377,0,-0.7180790960451977,-0.9815634577677956,-0.78125,1.3171875915678346,1.5581889678205685,-0.24100137625273388,0.18438569452543394,0.1558671983355271,-0.028518496189906845,0.03895472419551421,0.22334041872094815,-0.028518496189906845
457705,Andrew McCutchen,PIT,2025,38,RF,False,85,345,0.1521701575710734,21.7391304,10.4347826,0.2510416675594876,0.3301153725501904,0.37493236028275506,4,-0.75,-0.5854340806460527,-0.7547169811320753,0.26464375229751896,0.7340511712675374,-0.4694074189700184,0.422079423478834,0.1521701575710734,-0.26990926590776054,0.08074562883942911,0.5028250523182631,-0.26990926590776054
621512,Tomás Nido,DET,2025,31,,False,11,37,0.1381256632213224,27.027026999999997,0.0,0.33446560626224897,0.3522728036642424,0.33446560626224897,1,1.25,-0.71,0.19155182777505733,2.239875619805228,1.8627379207793466,0.37713769902588146,0.11486883844805972,0.1381256632213224,0.02325682477326267,0.02173194240909238,0.1366007808571521,0.02325682477326267
677588,José Tena,WSN,2025,24,3B,False,44,154,0.135263748566599,21.4285714,9.7402597,0.2476083039818626,0.32393370550807826,0.36412985885554594,4,0.2,0.6265164013044298,5.945756194816291,0.5270016177919442,1.6056886347071027,-1.0786870169151586,0.412126749574823,0.135263748566599,-0.276863001008224,0.08028443173535514,0.49241118131017814,-0.276863001008224
641313,Tim Anderson,LAA,2025,32,,False,31,90,0.1293567977565198,32.2222222,3.3333333,0.20346218460126,0.2567146795574107,0.2393672757093135,1,0.5011061946902655,0.5476466995775864,0.19155182777505733,0.8623786517101318,-2.2383749358698997,3.1007535875800314,-0.33575624038048496,0.1293567977565198,0.4651130381370048,-0.08207374764856298,-0.4178299880290479,0.4651130381370048
663604,Brandon Lockridge,SDP,2025,28,RF,False,47,95,0.1289196613765025,25.263157800000002,4.2105263,0.21590909,0.258064516,0.261363636,2,-0.32674902831760133,4.770160126000787,1.2867647058823528,0.8142294402726473,-0.9941355043394712,1.8083649446121184,-0.15740478818708292,0.1289196613765025,0.2863244495635854,-0.05302056023143847,-0.2104253484185214,0.2863244495635854
628451,Andy Ibáñez,DET,2025,32,3B,False,46,106,0.1278672131773811,13.2075471,6.6037735,0.20755844368548285,0.28529495555633033,0.3113376660159866,5,0.2,0.05456591935394722,6.5263231197771585,0.7237766783625346,-0.5801037569913362,1.3038804353538707,-0.10248499706846939,0.1278672131773811,0.23035221024585048,-0.030938867039537934,-0.13342386410800733,0.23035221024585048
666134,Nolan Jones,CLE,2025,27,RF,False,85,261,0.1163050314917037,26.0536398,10.7279693,0.23011708914222756,0.32068314273815873,0.33189964828424634,5,-0.5290306294177045,-0.5154340806460528,0.21571152607855693,0.26736788848667514,0.12812834101538226,0.13923954747129288,0.05573582834169128,0.1163050314917037,0.060569203150012414,0.013667023041640775,0.06940285138333205,0.060569203150012414
641598,Mitch Garver,SEA,2025,34,C,False,52,171,0.1118345022585574,30.994152000000003,11.1111111,0.23730646554744456,0.3365521254682366,0.37393746046778287,4,1.25,-0.21843802815236818,2.5763157894736857,0.3924017623107277,2.580902927440746,-2.188501165130018,0.7355573343206125,0.1118345022585574,-0.6237228320620551,0.15485417564644474,0.8904115099670573,-0.6237228320620551
624428,Adam Frazier,PIT,2025,33,RF,False,78,262,0.1050362309418292,17.1755725,6.4885496,0.251388505495569,0.31311192878616395,0.3309948660286482,8,-0.018477394374217086,-1.3225333724512263,1.1643835616438358,0.2405409868896852,0.4991501481197518,-0.2586091612300666,0.21796223134562492,0.1050362309418292,-0.11292600040379572,0.04991501481197518,0.2678772461576001,-0.11292600040379572
668670,Jake Rogers,DET,2025,30,C,False,26,79,0.1017191932969308,25.316455599999998,13.924050600000001,0.16258744724471208,0.2751479886954624,0.2660521867551742,0,1.25,0.9263527351833167,2.6398230088495587,0.7725508351665631,-0.44252847847390103,1.215079313640464,-0.058266249665730296,0.1017191932969308,0.1599854429626611,-0.01327585435421703,-0.07154210401994733,0.1599854429626611
665828,Oswaldo Cabrera,NYY,2025,26,,False,34,122,0.098499976420913,20.4918032,9.0163934,0.246366925555229,0.326792491843688,0.31269648173355585,1,0.2,-0.7595001493820462,0.19155182777505733,0.48442611354547377,0.40010517087124325,0.08432094267423051,0.08135471807715279,0.098499976420913,0.01714525834376021,0.015337364883397656,0.09669208296055044,0.01714525834376021
647351,Abraham Toro,BOS,2025,28,,False,52,193,0.0919721544131343,15.5440414,5.6994818,0.2639370048680185,0.31265594730278706,0.40690288347812964,0,-1.0076204523107177,-0.037915286410838245,0.19155182777505733,0.2859237961030082,0.7022960629715044,-0.41637226686849615,0.22590523358916723,0.0919721544131343,-0.13393307917603292,0.03979677690171858,0.2657020104908858,-0.13393307917603292
687221,Dalton Rushing,LAD,2025,24,C,False,24,75,0.0844733189143587,44.0,9.3333333,0.22467895438784236,0.2987730807381489,0.3145505361429793,0,1.25,-0.36382174384091304,4.742248538911102,0.6757865513148696,0.6566106758229595,0.019175875491910133,0.08207633447786994,0.0844733189143587,0.0023969844364887666,0.01750961802194559,0.09958595249981553,0.0023969844364887666
690022,Ryan Ritter,COL,2025,24,SS,False,29,106,0.0816550765986669,32.0754716,6.6037735,0.2129879942181676,0.262228111713925,0.30559147011819404,3,0.5348676412485184,1.915993007172788,16.78050719152158,0.46219854678490696,-0.4235413919650717,0.8857399387499787,-0.07482564591382933,0.0816550765986669,0.15648072251249623,-0.014118046398835722,-0.08894369231266505,0.15648072251249623
665839,Enmanuel Valdez,PIT,2025,26,,False,31,102,0.0813796640496299,15.6862745,10.7843137,0.20557686390107527,0.2895897009620419,0.35705455381683965,2,-1.25,-0.29364726481668324,0.19155182777505733,0.47870390617429354,-0.6068452599155958,1.0855491660898893,-0.10316369418565129,0.0813796640496299,0.18454335823528117,-0.02427381039662383,-0.12743750458227512,0.18454335823528117
663616,Trevor Larnach,MIN,2025,28,RF,False,90,367,0.0804661148302965,22.3433242,8.1743869,0.23852201333407932,0.30267820731832773,0.4034261219179838,9,-0.7351473922902494,-1.8660613599173983,0.879032258064516,0.131552231330185,0.4785093500605292,-0.3469571187303442,0.29268821912035703,0.0804661148302965,-0.21222210429006053,0.05423105967352664,0.3469192787938837,-0.21222210429006053
595777,Jurickson Profar,ATL,2025,32,LF,False,15,64,0.0742627953140733,20.3125,1.5625,0.27061812674686236,0.2820597028379489,0.4775614014393651,1,-0.7,1.2536646189404532,0.5139087018544941,0.6962137060694372,1.5436118962770629,-0.8473981902076256,0.1646519356028867,0.0742627953140733,-0.09038914028881341,0.02572686493795105,0.19037880054083775,-0.09038914028881341
456781,Donovan Solano,SEA,2025,37,1B,False,59,152,0.0717864958339294,19.0789473,5.2631578,0.27528765363995317,0.32147078007978264,0.3823439644746807,8,-1.25,-0.08527847049044235,12.720047732696898,0.28336774671287923,0.5673383870634573,-0.28397064035057806,0.14372572472274253,0.0717864958339294,-0.07193922888881313,0.03876812311600291,0.18249384783874545,-0.07193922888881313
681393,Connor Norby,MIA,2025,25,3B,False,72,273,0.0678986713085637,26.739926699999998,5.128205100000001,0.23512366466495638,0.2821964022516111,0.3546127400704928,2,0.2,1.0984365422322044,9.030434782608696,0.14922784902981034,0.5785279169531663,-0.42930006792335595,0.2632302022136907,0.0678986713085637,-0.195331530905127,0.05399593891562886,0.31722614112931957,-0.195331530905127
701305,Zach Dezenzo,HOU,2025,25,,False,34,109,0.0668529890486091,33.944954100000004,10.0917431,0.24609495932836387,0.3226703784387821,0.3691424384901019,2,-0.7221649484536082,0.7345875261594742,0.19155182777505733,0.367998104854729,0.8051728046755926,-0.4371746998208636,0.146273059516066,0.0668529890486091,-0.0794200704674569,0.03354886686148302,0.179821926377549,-0.0794200704674569
664238,Dylan Moore,SEA,2025,32,RF,False,70,186,0.0637282923871455,33.3333333,8.0645161,0.23130678607213898,0.2977349448666218,0.4304876304486513,1,-0.08837831809056433,3.2491659739540024,-0.1643489254108721,0.20557513673272743,2.7263901188775077,-2.5208149821447803,0.8451809368520273,0.0637282923871455,-0.7814526444648818,0.22265519304166312,1.0678361298936905,-0.7814526444648818
676801,Chas McCormick,HOU,2025,30,LF,False,36,53,0.060061818896278,26.415094300000003,9.4339622,0.25706430799271374,0.3486345254639602,0.30380327326500495,1,-0.01209546925566344,-2.9025333724512263,0.8585043988269792,0.6799451195805056,0.5091819793376351,0.17076314024287054,0.04497774150815777,0.060061818896278,0.015084077388120232,0.022064552437964187,0.06704229394612196,0.015084077388120232
686611,Dylan Crews,WSN,2025,23,RF,False,45,173,0.056153872701801,27.7456647,6.3583815,0.19575436812960137,0.2652885974632671,0.35362079445896716,0,-0.5929172510518934,2.5360859509257936,0.8402662229617308,0.1947533157287896,-0.35857659088923116,0.5533299066180207,-0.10338958370639498,0.056153872701801,0.15954345640819598,-0.01792882954446156,-0.12131841325085654,0.15954345640819598
694362,Blake Dunn,CIN,2025,26,RF,False,30,75,0.0551241089643762,33.3333333,10.6666666,0.14712731413193286,0.31387160348145676,0.22886471054494598,1,-0.75,-0.37092151510986415,3.1382978723404253,0.44099287171500956,-2.090904462788849,2.5318973345038587,-0.26136305784860614,0.0551241089643762,0.31648716681298233,-0.06969681542629497,-0.3310598732749011,0.31648716681298233
545341,Randal Grichuk,ARI,2025,33,RF,False,65,174,0.0470147729725741,21.8390804,5.7471264,0.2408649048659128,0.28001521343927477,0.46320174142704584,3,-0.7352628380431478,-1.1095001493820462,-0.6376561826798793,0.16211990680197963,0.6077122299718587,-0.44559232316987907,0.176236546691839,0.0470147729725741,-0.1292217737192649,0.044565563531269635,0.22080211022310864,-0.1292217737192649
521692,Salvador Perez,KCR,2025,35,C,False,92,382,0.0418697575503315,20.157068,4.4502617,0.243697478,0.286842105,0.420168067,10,0.6296918214144607,-1.284672409884382,-2.5658959537572272,0.06576401709476153,0.6814204817114538,-0.6156564646166922,0.43383770668962557,0.0418697575503315,-0.39196794913929406,0.0692777489739978,0.5031154556636234,-0.39196794913929406
689172,Brett Wisely,SFG,2025,26,2B,False,17,41,0.0393444677428993,17.073170700000002,7.3170731,0.222222222,0.282051282,0.388888888,0,0.3,0.54,10.0046875,0.5757726986765751,0.8798516738316566,-0.30407897515508153,0.06012319771182987,0.0393444677428993,-0.02077872996893057,0.016130614020247038,0.0762538117320769,-0.02077872996893057
682657,Angel Martínez,CLE,2025,23,CF,False,79,284,0.0324576026474256,21.478873200000002,3.1690139999999998,0.23702855818086327,0.26096840171616176,0.3912852385828379,6,0.2610333588957055,0.16430796457986352,-0.16236162361623618,0.06857239995934986,0.1740593017483915,-0.10548690178904163,0.08238806949423863,0.0324576026474256,-0.04993046684681303,0.01740593017483915,0.09979399966907779,-0.04993046684681303
669208,Ryan Bliss,SEA,2025,25,,False,11,39,0.0268129826040116,28.2051282,10.256410200000001,0.21717137185636606,0.30626731922893385,0.3412692983211876,2,0.3,-2.21,0.19155182777505733,0.41250742467710155,0.24008853257967314,0.17241889209742842,0.015605754617678755,0.0268129826040116,0.011207227986332845,0.0028010328800961866,0.01840678749777494,0.011207227986332845
645277,Ozzie Albies,ATL,2025,28,2B,False,95,403,0.0245882658173184,15.384615300000002,8.188585600000001,0.2204129538161754,0.29115840228247697,0.31684362129879196,5,0.3,0.8530674573013284,20.0,0.036607839926528635,0.26659005351076764,-0.229982213584239,0.17905965260806558,0.0245882658173184,-0.15447138679074718,0.02976922264203572,0.2088288752501013,-0.15447138679074718
665561,Rafael Marchán,PHI,2025,26,C,False,24,69,0.0245466619537889,17.391304299999998,10.144927500000001,0.1623705647613503,0.2578826623674788,0.2435558481162489,1,1.25,-0.7379152864108383,3.05,0.21344923438077304,-1.6891300070069968,1.9025792413877698,-0.19424995080580465,0.0245466619537889,0.21879661275959356,-0.04504346685351992,-0.23929341765932458,0.21879661275959356
663609,Luken Baker,STL,2025,28,,False,19,41,0.0238517971280464,24.3902439,17.073170700000002,0.23660825819692483,0.3678969873027188,0.32533635514646975,3,-0.7,1.51,0.19155182777505733,0.3490506896787278,1.3338704051862271,-0.9848197155074994,0.09114781102105884,0.0238517971280464,-0.06729601389301244,0.031123642787678634,0.12227145380873748,-0.06729601389301244
666624,Christopher Morel,TBR,2025,26,LF,False,65,188,0.018106515797315,33.510638199999995,7.9787234,0.222222222,0.292553191,0.409356725,2,-0.7,-0.2899999999999999,0.1036950021358396,0.05778675254462234,0.4026655589282838,-0.3448788063836615,0.12616854179752893,0.018106515797315,-0.10806202600021393,0.03355546324402365,0.15972400504155257,-0.10806202600021393
572233,Christian Walker,HOU,2025,34,1B,False,90,377,0.0180405404461059,27.3209549,6.1007957,0.23010473121970682,0.2878723526265445,0.3757406369786437,9,-1.25,-0.17857164318120516,15.0,0.02871173545799347,-0.32982865776656384,0.35854039322455733,-0.20724233996332428,0.0180405404461059,0.22528288040943018,-0.03628115235432202,-0.2435234923176463,0.22528288040943018
527038,Wilmer Flores,SFG,2025,33,1B,False,88,347,0.0150173763130462,17.5792507,8.3573487,0.24437299,0.319884726,0.376205787,13,-1.25,-1.3022590385024007,4.485576923076925,0.02596664492169372,0.04788823948263647,-0.021921594560942753,0.027695365167458096,0.0150173763130462,-0.012677988854411895,0.0047888239482636475,0.03248418911572174,-0.012677988854411895
609280,Miguel Andujar,ATH,2025,30,LF,False,49,193,0.0143330645096028,11.917098399999999,5.1813471,0.287292817,0.321243523,0.386740331,5,-0.22998678996036984,0.4336646189404534,-1.0172811059907834,0.04455874977078591,1.2420286526441027,-1.1974699028733167,0.3995192166005197,0.0143330645096028,-0.3851861520909169,0.06624152814101882,0.4657607447415385,-0.3851861520909169
681351,Logan O'Hoppe,LAA,2025,25,C,False,77,296,0.0114322511396078,33.1081081,4.3918918,0.22705695850254176,0.26512351762291086,0.4221840332711237,7,1.25,-0.6863353810595467,-3.6249136939010373,0.02317348203974554,0.2588119073477112,-0.23563842530796567,0.1276805409582042,0.0114322511396078,-0.11624828981859639,0.02372442484020686,0.15140496579841106,-0.11624828981859639
642731,Thairo Estrada,COL,2025,29,,False,29,125,0.0095703157142249,12.8,3.2,0.25026887588177865,0.2744767022932017,0.3488596458083458,4,0.3,-2.375412473840526,0.19155182777505733,0.04593751542827953,-0.006446756898306677,0.052384272326586205,-0.001343074353813891,0.0095703157142249,0.010913390068038792,-0.00021489189661022255,-0.0015579662504241136,0.010913390068038792
670764,Taylor Walls,TBR,2025,28,,False,83,258,0.008590115130806,20.5426356,9.3023255,0.21585903,0.284046692,0.295154185,1,0.7500000000000001,0.28306745730132854,0.19155182777505733,0.019977011932106978,-0.6212003221963239,0.6411773341284309,-0.2671161385444193,0.008590115130806,0.2757062536752253,-0.06626136770094122,-0.3333775062453605,0.2757062536752253
656413,Stuart Fairchild,ATL,2025,29,,False,28,55,0.0070502200807735,27.272727200000002,7.272727199999999,0.21630722258014018,0.27351243838622036,0.33429298080697983,2,-0.75,0.4,0.19155182777505733,0.07691149179025636,-0.8084158035972163,0.8853272953874727,-0.07410478199641149,0.0070502200807735,0.08115500207718498,-0.025599833780578517,-0.09970461577699001,0.08115500207718498
688363,Graham Pauley,MIA,2025,24,3B,False,29,94,-0.0015722422444648,22.3404255,7.4468085,0.1950370073800858,0.2516606545581514,0.26387359793329696,1,0.2,-0.5623799197658039,5.75,-0.01003558879445617,-1.9687619831562848,1.9587263943618287,-0.3084393773611513,-0.0015722422444648,0.3068671351166865,-0.0721879393823971,-0.3806273167435484,0.3068671351166865
669450,Cooper Hummel,- - -,2025,30,,False,26,76,-0.0039312512498738,32.894736800000004,15.7894736,0.180327868,0.333333333,0.278688524,0,-0.7,-0.584006992827212,0.19155182777505733,-0.031036194077951048,-0.6358520287918976,0.6048158347139466,-0.08054125698030704,-0.0039312512498738,0.07661000573043324,-0.016956054101117272,-0.09749731108142431,0.07661000573043324
694374,Tim Tawa,ARI,2025,26,LF,False,59,173,-0.0089430230899121,27.16763,7.5144508,0.19886794778790856,0.26014702375133925,0.35283022927270435,4,-0.23975279949292205,1.7516912264792548,-2.1680327868852456,-0.031016265051718266,-0.4663094635762707,0.4352931985245524,-0.1344525619978247,-0.0089430230899121,0.1255095389079126,-0.03108729757175138,-0.1655398595695761,0.1255095389079126
656541,Sam Hilliard,COL,2025,31,,False,20,61,-0.0103741600166951,37.704918,16.3934426,0.17249667029392657,0.28843705538980063,0.3622430075292725,1,-0.7,1.29,0.19155182777505733,-0.10204091819700098,-0.005332880509686513,-0.09670803768731447,-0.0005421761851514622,-0.0103741600166951,-0.009831983831543639,-0.000124433878559352,-0.0006666100637108142,-0.009831983831543639
663584,Hayden Senger,NYM,2025,28,C,False,21,49,-0.0154643195137093,28.5714285,4.0816326,0.1778581850730017,0.21305928444705147,0.2000904578236202,2,1.25,0.021428356818794847,8.360302409021017,-0.18935901445358327,-1.9587023242382786,1.7693433097846953,-0.15996068981279274,-0.0154643195137093,0.14449637029908344,-0.0457030542322265,-0.20566374404501925,0.14449637029908344
641658,Garrett Hampson,- - -,2025,30,,False,39,78,-0.0231433830319114,29.487179400000002,14.1025641,0.169230769,0.289473684,0.2,1,0.2809701492537313,0.03680486284289142,0.19155182777505733,-0.1780260233223954,-2.0160277659828916,1.8380017426604962,-0.26208360957777593,-0.0231433830319114,0.23894022654586453,-0.0840011569159538,-0.34608476649372977,0.23894022654586453
683090,Matthew Lugo,LAA,2025,24,CF,False,17,43,-0.0250491471881572,37.209302300000004,0.0,0.23651766560350143,0.2541189798695757,0.5439906304907036,2,0.25,1.1560859509257937,-0.9565217391304348,-0.3495229840207981,2.9375969258873766,-3.2871199099081747,0.21052777968859535,-0.0250491471881572,-0.23557692687675255,0.058751938517747536,0.2692797182063429,-0.23557692687675255
666181,Will Benson,CIN,2025,27,RF,False,53,174,-0.028548575808298,29.3103448,6.896551700000001,0.21866055148855792,0.2705789675714708,0.4185787702165763,4,-0.5803250043683383,0.20907848489013592,1.8981831945495842,-0.0984433648562,0.34776490774054525,-0.4462082725967452,0.10085182324475811,-0.028548575808298,-0.12940039905305611,0.02028628628486514,0.12113810952962326,-0.12940039905305611
642086,Dominic Smith,SFG,2025,30,1B,False,28,93,-0.0317273496277299,19.3548387,8.6021505,0.234567901,0.311827956,0.37037037,2,-1.25,0.3066965490255631,15.0,-0.20469257824341872,0.2724169774593766,-0.47710955570279534,0.04222463150620337,-0.0317273496277299,-0.07395198113393327,0.008626537619546926,0.050851169125750294,-0.07395198113393327
608671,Travis Jankowski,- - -,2025,34,,False,26,50,-0.0339505186893226,24.0,6.0,0.244444444,0.285714285,0.288888888,0,-0.75,0.79,0.19155182777505733,-0.4074062242718712,-0.7931107638328625,0.3857045395609913,-0.06609256365273854,-0.0339505186893226,0.03214204496341594,-0.021149620368876333,-0.08724218402161488,0.03214204496341594
700337,Edgar Quero,CHW,2025,22,C,False,61,210,-0.034330723497295,18.095238,9.523809499999999,0.268817204,0.347619047,0.338709677,3,1.25,-2.167926445568324,-5.055181347150262,-0.09808778142084285,0.5860022914980386,-0.6840900729188815,0.2051008020243135,-0.034330723497295,-0.23943152552160848,0.043950171862352894,0.2490509738866664,-0.23943152552160848
655316,Andruw Monasterio,MIL,2025,28,SS,False,29,49,-0.0413353730290483,22.4489795,10.2040816,0.18479697919043422,0.2696527356982457,0.30029509207379107,1,0.6362453531598513,-0.6819451371571086,7.585820895522389,-0.5061474248454894,-0.7070727181429819,0.20092529329749254,-0.05774427198167685,-0.0413353730290483,0.01640889895262855,-0.023569090604766064,-0.08131336258644292,0.01640889895262855
681546,James Outman,LAD,2025,28,RF,False,14,37,-0.0418392565614623,43.243243199999995,10.810810799999999,0.12345995064248386,0.2202258580679784,0.33951486452146673,0,-0.17179559570863917,0.901405786325741,0.4435483870967738,-0.6784744307264156,-1.80451810733797,1.1260436766115545,-0.11127861661917482,-0.0418392565614623,0.06943936005771252,-0.027067771610069548,-0.13834638822924436,0.06943936005771252
702284,Cole Young,SEA,2025,21,2B,False,35,129,-0.0430212745021546,22.4806201,5.4263565,0.27606530306001015,0.33084701181243265,0.3772892475877377,2,0.3,1.210459926134031,20.0,-0.2000989511728121,2.41838650051187,-2.6184854516846823,0.519953097610052,-0.0430212745021546,-0.5629743721122067,0.09673546002047481,0.6166885576305269,-0.5629743721122067
657557,Paul DeJong,WSN,2025,31,SS,False,22,80,-0.0435462948989885,35.0,5.0,0.21284604020932246,0.2619004014480341,0.3192690608128416,1,0.30949074074074073,1.109421769317712,-0.21617647058823453,-0.3265972117424138,-0.5376109916893425,0.21101377994692866,-0.07168146555857899,-0.0435462948989885,0.028135170659590487,-0.013440274792233562,-0.08512174035081255,0.028135170659590487
687957,Dustin Harris,TEX,2025,25,LF,False,16,38,-0.0445859899194659,28.947368400000002,7.8947368,0.20496642262696574,0.26969266059613123,0.351371009339228,1,-0.7,5.710000000000001,2.2045454545454546,-0.7039893145178826,0.03736506393132147,-0.741354378449204,0.002366454048983693,-0.0445859899194659,-0.046952443968449595,0.000685026172074227,0.00305148022105792,-0.046952443968449595
645302,Victor Robles,SEA,2025,28,RF,False,10,46,-0.0481884607600304,15.2173913,0.0,0.2961427790144215,0.3068725899584367,0.37017847376802687,1,-0.75,0.018436542232204367,-0.033319450229071235,-0.6285451403482226,0.16783530895056126,-0.7963804492987838,0.012867373686209695,-0.0481884607600304,-0.0610558344462401,0.001958078604423215,0.01482545229063291,-0.0610558344462401
690924,Braxton Fulford,COL,2025,26,C,False,14,42,-0.0487116622094491,42.8571428,2.3809522999999997,0.21993325504262956,0.23040626639156775,0.37388653357247026,0,1.25,-0.20235330042241362,-1.7337349397590365,-0.6958808887064157,-0.7494433040176975,0.05356241531128181,-0.052461031281238836,-0.0487116622094491,0.0037493690717897363,-0.012490721733628292,-0.06495175301486712,0.0037493690717897363
807713,Matt Shaw,CHC,2025,23,3B,False,63,232,-0.0534126893985515,19.3965517,9.0517241,0.20592450120347006,0.28680485640307823,0.29130783147791744,1,0.2,1.6170062694925083,15.0,-0.13813626568590903,-0.3899325191876881,0.2517962535017791,-0.1507739074192394,-0.0534126893985515,0.09736121802068791,-0.02859505140709713,-0.17936895882633652,0.09736121802068791
679845,Nick Loftin,KCR,2025,26,LF,False,33,103,-0.054696185247096,14.5631067,3.8834950999999998,0.197916666,0.242718446,0.385416666,3,-0.2612535612535612,-0.17062534020279402,-1.0721153846153841,-0.31861855483745244,-1.1553804885459975,0.836761933708545,-0.19834031720039624,-0.054696185247096,0.14364413195330025,-0.04236395124668658,-0.24070426844708281,0.14364413195330025
645444,Jose Herrera,ARI,2025,28,,False,44,159,-0.0554904763399908,22.6415094,11.9496855,0.1957361683857664,0.3003039471877179,0.2662011895216989,1,1.25,-1.0744622996285051,0.19155182777505733,-0.2093980239244936,-0.9121223836925023,0.7027243597680087,-0.2417124316785131,-0.0554904763399908,0.18622195533852232,-0.04560611918462512,-0.28731855086313823,0.18622195533852232
553869,Elias Díaz,SDP,2025,34,C,False,76,205,-0.0633654602125852,26.3414634,8.292682899999999,0.193548387,0.264705882,0.29032258,7,1.25,-1.2344622996285053,6.576923076923079,-0.18545988354902987,0.2852949271038874,-0.47075481065291724,0.09747576676049485,-0.0633654602125852,-0.16084122697308006,0.024725560349003573,0.12220132710949842,-0.16084122697308006
686765,Nick Sogard,BOS,2025,27,2B,False,17,65,-0.0662373553057286,18.4615384,4.6153846,0.24744094255040128,0.3144403363184216,0.3299212560850232,3,-0.6167504714016342,0.33000000000000007,-1.2384615384615385,-0.6114217412836487,0.016280757290447284,-0.627702498574096,0.0017637487064651226,-0.0662373553057286,-0.06800110401219372,0.0002984805503248669,0.0020622292567899895,-0.06800110401219372
668904,Royce Lewis,MIN,2025,26,3B,False,42,153,-0.0665289468048016,14.3790849,8.496732,0.20973158672737086,0.2731079938548636,0.29362422122396786,4,0.2,1.0774666275487736,10.870702179176757,-0.2608978306070651,-0.7387504531988444,0.47785262259177924,-0.1883813655657053,-0.0665289468048016,0.1218524187609037,-0.038168773415273624,-0.22655013898097892,0.1218524187609037
643217,Andrew Benintendi,CHW,2025,30,LF,False,67,270,-0.0700252741046924,15.5555555,8.1481481,0.233333333,0.297397769,0.429166666,3,-0.7,0.45805486284289143,0.9138893813153692,-0.15561172023264977,0.9736525382393103,-1.12926425847196,0.43814364220768964,-0.0700252741046924,-0.508168916312382,0.07951495728954368,0.5176585994972334,-0.508168916312382
571771,Enrique Hernández,LAD,2025,33,LF,False,72,186,-0.0744399150089807,25.806451600000003,8.0645161,0.198887405849963,0.2642710294778652,0.37366724738534096,6,-0.3791819409608335,0.47791166475219793,-1.0052011095700408,-0.24012875809348613,-0.38152818724715365,0.14139942915366752,-0.11827373804661763,-0.0744399150089807,0.04383382303763693,-0.03179401560392947,-0.1500677536505471,0.04383382303763693
663697,Jonathan India,KCR,2025,28,LF,False,89,387,-0.0829200448285973,16.2790697,9.0439276,0.251461988,0.331606217,0.347953216,5,0.11840650039498926,-2.49333127577097,0.027397260273973045,-0.12855820903658496,0.9455933775319891,-1.074151586568574,0.609907728508133,-0.0829200448285973,-0.6928277733367303,0.0929833487906456,0.7028910772987786,-0.6928277733367303
608385,Jesse Winker,NYM,2025,31,,False,26,81,-0.0919563762946384,25.925925900000003,11.1111111,0.2337564718686699,0.3156433845553882,0.4090738267928569,1,-0.7,-0.45999999999999996,0.19155182777505733,-0.6811583429232474,0.9177954174668094,-1.5989537603900568,0.12390238135801927,-0.0919563762946384,-0.21585875765265766,0.026004203494892932,0.1499065848529122,-0.21585875765265766
669234,Justyn-Henry Malloy,DET,2025,25,RF,False,46,118,-0.0959906833075209,26.2711864,16.1016949,0.20323430954365246,0.33068633387510493,0.2743663183229169,1,-0.75,0.7053625551505831,0.5555555555555558,-0.4880882202077334,-0.26512937956409444,-0.22295884064363897,-0.052142111314271905,-0.0959906833075209,-0.043848571993249,-0.014140233576751704,-0.06628234489102361,-0.043848571993249
695336,Thomas Saggese,STL,2025,23,SS,False,28,90,-0.0987473199891605,25.5555555,3.3333333,0.23385699948591715,0.25698285835637114,0.32739979968251803,2,0.4491177836248259,1.1076466995775864,2.234298209079551,-0.6583154665944034,-0.41821576963024193,-0.2400996969641615,-0.06273236544453628,-0.0987473199891605,-0.03601495454462422,-0.01463755193705847,-0.07736991738159475,-0.03601495454462422
666185,Dylan Carlson,BAL,2025,26,RF,False,41,118,-0.1094005346216278,26.2711864,5.0847457,0.23891902007366528,0.27661028618927586,0.385946109349767,2,-0.5429695607056382,-1.1856920354201366,1.4209274673008332,-0.5562739048557346,-0.08926108144567317,-0.4670128234100614,-0.01755467935098239,-0.1094005346216278,-0.09184585527064541,-0.005058127948588146,-0.022612807299570534,-0.09184585527064541
678009,Parker Meadows,DET,2025,25,CF,False,32,119,-0.1101562515073738,30.252100799999997,8.403361299999998,0.1879451228073538,0.25412827923919334,0.27744280028821156,0,0.25,1.1263665511545788,-0.7788461538461544,-0.5554096714657503,-1.453115729669617,0.8977060582038668,-0.28820128638447406,-0.1101562515073738,0.17804503487710027,-0.05328091008788596,-0.34148219647236,0.17804503487710027
502054,Tommy Pham,PIT,2025,37,LF,False,67,234,-0.1164137301769883,24.3589743,9.4017094,0.24615124586696588,0.3155785198373383,0.3408248018181674,8,-0.7,-1.8254340806460527,0.26514823631248685,-0.29849674404355975,0.09492825391892011,-0.39342499796247987,0.037022019028378844,-0.1164137301769883,-0.15343574920536715,0.008227115339639744,0.045249134368018584,-0.15343574920536715
596142,Gary Sánchez,BAL,2025,32,,False,30,101,-0.1280406911884223,26.7326732,3.9603960000000002,0.23538471449375872,0.3029704246161251,0.4259342461001352,2,1.25,-0.71,0.19155182777505733,-0.760637769436172,1.3169737633326226,-2.0776115327687945,0.2216905834943248,-0.1280406911884223,-0.3497312746827471,0.05487390680552594,0.27656449029985075,-0.3497312746827471
665155,Nick Maton,CHW,2025,28,,False,25,63,-0.1404850685453479,30.158730099999996,14.2857142,0.166666666,0.285714285,0.314814814,0,-0.7,-1.21,0.19155182777505733,-1.3379530337652181,-1.4857749885274836,0.14782195476226545,-0.15600637379538576,-0.1404850685453479,0.015521305250037865,-0.04457324965582451,-0.20057962345121028,0.015521305250037865
669289,Santiago Espinal,CIN,2025,30,3B,False,84,276,-0.1436254786279045,11.231884,6.1594202000000005,0.24138074974770235,0.2899589393221218,0.28735803541393135,10,0.2206806709005048,-1.0854340806460527,1.416351878464381,-0.3122293013650098,-0.37634444912722764,0.06411514776221783,-0.1731184465985247,-0.1436254786279045,0.029492967970620204,-0.03512548191854125,-0.20824392851706597,0.029492967970620204
656896,Emmanuel Rivera,BAL,2025,29,,False,27,77,-0.144245419161198,15.5844155,7.7922077000000005,0.23314295550238967,0.3046754532597138,0.2768572599140879,3,0.2,-1.0436472648166832,0.19155182777505733,-1.1239902791781664,-0.4832719426851617,-0.6407183364930047,-0.062019899311262415,-0.144245419161198,-0.08222551984993559,-0.017719971231789262,-0.07973987054305168,-0.08222551984993559
676724,Jared Young,NYM,2025,29,,False,19,45,-0.144759544381594,33.3333333,4.4444444,0.174604681843417,0.22726323687987948,0.4240399420580203,1,-0.7,-0.71,0.19155182777505733,-1.9301272584212532,-1.0300878364765553,-0.9000394219446979,-0.07725658773574165,-0.144759544381594,-0.06750295664585235,-0.020601756729531108,-0.09785834446527275,-0.06750295664585235
663662,Daz Cameron,MIL,2025,28,,False,21,42,-0.1481164257187483,30.952380899999998,2.3809522999999997,0.19831871004442578,0.21779644044984334,0.297478064558447,1,-0.7,2.4,0.19155182777505733,-2.1159489388392614,-2.100559785087032,-0.01538915375222949,-0.14703918495609225,-0.1481164257187483,-0.0010772407626560565,-0.049013061652030745,-0.19605224660812298,-0.0010772407626560565
663837,Matt Vierling,DET,2025,28,CF,False,13,47,-0.1587166771003335,19.1489361,12.7659574,0.1540302129738273,0.29058182135478094,0.17970191578648165,0,0.25,0.5562503515646959,0.3275862068965518,-2.026170345961704,-2.1679231162643178,0.14175277030261357,-0.16982064410737158,-0.1587166771003335,0.011103967007038085,-0.03251884674396477,-0.20233949085133635,0.011103967007038085
642215,Weston Wilson,PHI,2025,30,LF,False,22,42,-0.1612489750549292,30.952380899999998,14.2857142,0.18943232587964984,0.3015453352526673,0.27061760826032505,1,-0.40188679245283015,-1.6819451371571086,-0.9999999999999998,-2.3035567864989885,-1.3524732343313284,-0.9510835521676602,-0.09467312640319299,-0.1612489750549292,-0.0665758486517362,-0.03381183085828321,-0.12848495726147618,-0.0665758486517362
570482,Gio Urshela,ATH,2025,33,,False,40,133,-0.1613789211877019,17.293233,7.518796899999999,0.231404958,0.290076335,0.330578512,6,0.2,-0.6268100020219736,0.19155182777505733,-0.7280252083655725,0.12804709947514992,-0.8560723078407224,0.028383773716991568,-0.1613789211877019,-0.18976269490469347,0.005548707643923163,0.03393248136091473,-0.18976269490469347
672569,Gustavo Campero,LAA,2025,27,,False,17,37,-0.165818348593606,18.9189189,10.810810799999999,0.12417177449150697,0.24163156093103066,0.2173006053601372,1,-0.75,1.04,0.19155182777505733,-2.688946193409827,-3.424509850092069,0.7355636566822423,-0.21117810742234427,-0.165818348593606,0.04535975882873827,-0.06849019700184139,-0.27966830442418567,0.04535975882873827
670231,John Rave,KCR,2025,27,RF,False,35,80,-0.1721748010824453,26.25,11.25,0.176470588,0.269230769,0.235294117,1,-0.5630797773654916,2.0361399692258706,1.1764705882352944,-1.2913110081183397,-1.8514518050563575,0.5601407969380179,-0.246860240674181,-0.1721748010824453,0.07468543959173571,-0.07097231919382703,-0.317832559868008,0.07468543959173571
691594,Javier Sanoja,MIA,2025,22,SS,False,70,198,-0.1736757159254099,14.6464646,6.5656565,0.225890319204887,0.27144325724152846,0.325061678641748,1,0.10372333548804137,-0.7137496484353041,0.34999999999999964,-0.5262900482588179,-0.5720332698980467,0.04574322163922884,-0.18877097906635543,-0.1736757159254099,0.01509526314094553,-0.0514829942908242,-0.24025397335717963,0.01509526314094553
543877,Christian Vázquez,MIN,2025,34,C,False,51,162,-0.1753860060001263,17.2839506,8.0246913,0.16526468558076432,0.2339413433812608,0.24459173469840145,2,1.25,-1.3078635045040476,4.214161849710983,-0.6495778000004678,-1.7959629619358564,1.1463851619353886,-0.48490999972268123,-0.1753860060001263,0.3095239937225549,-0.11374432092260424,-0.5986543206452855,0.3095239937225549
669087,Sam Huff,SFG,2025,27,,False,20,58,-0.1774271206215285,43.1034482,6.896551700000001,0.207547169,0.258620689,0.339622641,2,1.25,2.6199999999999997,0.19155182777505733,-1.8354529719468464,-0.017965085624202015,-1.8174878863226445,-0.0017366249436728614,-0.1774271206215285,-0.17569049567785563,-0.00038924352185771037,-0.002125868465530572,-0.17569049567785563
692225,Kristian Campbell,BOS,2025,23,CF,False,67,263,-0.1885604063784735,27.3764258,11.0266159,0.2167539431119597,0.31085356354050153,0.3357561079195741,1,0.29460431654676256,-0.5556920354201367,-2.5526315789473686,-0.4301758320421448,0.11577961905049376,-0.5459554510926385,0.05075006635046644,-0.1885604063784735,-0.23931047272893993,0.00849050539703621,0.05924057174750265,-0.23931047272893993
621035,Chris Taylor,- - -,2025,34,RF,False,38,69,-0.1921490643874684,37.681159400000006,1.4492753,0.2,0.246376811,0.323076923,1,-0.27557451253481896,0.2136646189404532,-0.7278481012658228,-1.670861429456247,-1.574880849803379,-0.09598057965286788,-0.1811112977273886,-0.1921490643874684,-0.0110377666600798,-0.06299523399213516,-0.24410653171952376,-0.0110377666600798
691777,Max Muncy,ATH,2025,22,SS,False,55,203,-0.1942535826482146,31.527093499999996,4.4334975,0.219895287,0.261083743,0.397905759,1,0.3003664495114006,-0.3019451371571086,-2.3196428571428567,-0.5741485201425063,-0.04114591121043435,-0.533002608932072,-0.013921033292863622,-0.1942535826482146,-0.18033254935535098,-0.002400178153942004,-0.016321211446805626,-0.18033254935535098
695238,Will Wagner,TOR,2025,26,3B,False,30,100,-0.1962786166684196,22.0,11.0,0.2216062167016418,0.32422132347968147,0.2799236424134054,0,-0.24716282894736843,1.9566687242290302,-0.5343043995243754,-1.1776717000105175,0.2981957359122879,-1.4758674359228054,0.049699289318714646,-0.1962786166684196,-0.24597790598713423,0.010436850756930077,0.060136140075644724,-0.24597790598713423
640902,Jhonny Pereda,ATH,2025,29,C,False,19,46,-0.1988901314356924,28.260869500000002,13.0434782,0.175,0.282608695,0.225,0,1.25,-1.6579725344173815,2.3002590673575116,-2.5942191056829444,-1.4118672598674913,-1.1823518458154532,-0.10824315658984099,-0.1988901314356924,-0.09064697484585141,-0.028237345197349828,-0.13648050178719082,-0.09064697484585141
669707,Jared Triolo,PIT,2025,27,SS,False,55,160,-0.2136766414272665,18.125,10.625,0.15583675968290786,0.249267083475029,0.26208909596460933,3,0.26314106360298467,1.440459926134031,24.60888717156105,-0.8012874053522494,-1.534733259716387,0.7334458543641376,-0.4092622025910365,-0.2136766414272665,0.19558556116377002,-0.1074313281801471,-0.5166935307711836,0.19558556116377002
457759,Justin Turner,CHC,2025,40,1B,False,50,131,-0.2171297963085706,16.793893100000002,10.6870229,0.22278591572437964,0.3095193635530437,0.3063306343809389,2,-1.25,-0.1833034509744369,4.113302752293578,-0.994487616680476,-0.8447952902213034,-0.14969232645917263,-0.1844469716983179,-0.2171297963085706,-0.03268282461025271,-0.049279725262909364,-0.23372669696122725,-0.03268282461025271
624415,Cavan Biggio,KCR,2025,30,,False,37,83,-0.2262860542795025,25.3012048,13.253012,0.173913043,0.296296296,0.246376811,0,-0.7,0.45,0.19155182777505733,-1.6358028020205,-1.666780208577957,0.030977406557457066,-0.2305712621866174,-0.2262860542795025,0.004285207907114896,-0.06667120834311828,-0.2972424705297357,0.004285207907114896
687462,Spencer Horwitz,PIT,2025,27,1B,False,46,181,-0.2264998990378753,22.651933699999997,8.2872928,0.228140179024168,0.2937495526490654,0.3241992012011517,4,-1.25,-0.6784380281523681,15.0,-0.7508283946006916,-1.1097788718578026,0.35895047725711093,-0.33478329301043713,-0.2264998990378753,0.10828339397256184,-0.06473710085837181,-0.39952039386880894,0.10828339397256184
696030,Alejandro Osuna,TEX,2025,22,RF,False,28,80,-0.2294316035634182,21.25,13.750000000000002,0.1708053515059167,0.2946392325262632,0.23291638906932502,0,-0.7130606860158312,-1.260625340202794,0.22727272727272707,-1.7207370267256366,-2.30566447653226,0.5849274498066235,-0.3074219302043013,-0.2294316035634182,0.0779903266408831,-0.07301270842352157,-0.3804346386278229,0.0779903266408831
678391,Jorbit Vivas,NYY,2025,24,3B,False,23,55,-0.2492416700729967,21.8181818,7.272727199999999,0.15100558685220433,0.2486911411644988,0.2588667197386962,0,0.2573033707865168,-1.114637444849417,2.35921052631579,-2.719000037159964,-2.7105834888472615,-0.008416548312702332,-0.2484701531443323,-0.2492416700729967,-0.0007715169286643953,-0.06776458722118155,-0.31623474036551386,-0.0007715169286643953
681508,Mickey Gasper,MIN,2025,29,C,False,17,39,-0.2504460346529723,23.076923,10.256410200000001,0.17148641490427005,0.2740851249916687,0.20006748340714414,0,1.25,0.2536646189404532,0.40901639344262364,-3.853015917738036,-2.074550656429697,-1.7784652613083387,-0.13484579266793031,-0.2504460346529723,-0.11560024198504201,-0.04149101312859394,-0.17633680579652425,-0.11560024198504201
642180,Tyler Wade,SDP,2025,30,,False,57,124,-0.252192011530369,25.0,12.096774100000001,0.211538461,0.316666666,0.259615384,0,-0.09219982471516214,-1.1723533004224136,0.19155182777505733,-1.2202839267598502,-0.8924086836889218,-0.3278752430709284,-0.18443112796237718,-0.252192011530369,-0.06776088356799184,-0.05800656443977992,-0.2424376924021571,-0.06776088356799184
805249,Otto Kemp,PHI,2025,25,LF,False,27,98,-0.2541585077161387,28.5714285,5.1020408,0.24081926532327202,0.3081727051832802,0.3283899069047443,1,-0.378448275862069,-0.9523533004224136,0.2500000000000002,-1.556072496221257,-0.09120923925145115,-1.464863256969806,-0.014897509077737021,-0.2541585077161387,-0.23926099863840167,-0.002736277177543534,-0.017633786255280556,-0.23926099863840167
690291,Jace Jung,DET,2025,24,3B,False,18,53,-0.2543141118761723,28.3018867,13.2075471,0.10839163182164961,0.23927963945171113,0.10839163182164961,2,0.2,0.18762008023419607,4.584615384615384,-2.879027681617045,-3.69965015330928,0.8206224716922352,-0.3268024302089864,-0.2543141118761723,0.0724883183328141,-0.0739930030661856,-0.40079543327517203,0.0724883183328141
666152,David Hamilton,BOS,2025,27,SS,False,62,133,-0.2555121246156739,23.3082706,5.2631578,0.17408040243479175,0.22288573405784745,0.2690333499252365,2,0.36603572947681834,3.0814057863257407,4.0630434782608695,-1.152686276461687,-1.660359719771001,0.507673443309314,-0.36804640454923854,-0.2555121246156739,0.11253427993356463,-0.11345791418435172,-0.48150431873359023,0.11253427993356463
660644,Vidal Bruján,CHC,2025,27,3B,False,32,39,-0.2596463469876258,28.2051282,2.5641025,0.19151771695326197,0.21326515024619547,0.27359673820761204,0,0.2,0.8116912264792548,0.810714285714286,-3.994559184425012,-2.5108972178612325,-1.4836619665637794,-0.1632083191609801,-0.2596463469876258,-0.09643802782664568,-0.09206623132157853,-0.25527455048255865,-0.09643802782664568
670541,Yordan Alvarez,HOU,2025,28,LF,False,29,121,-0.2606835158340399,17.355371899999998,13.2231404,0.21102642778234182,0.30727972464606673,0.3416618354571249,0,-0.7,1.5236646189404537,0.0991379310344831,-1.292645533061355,0.3808536393528617,-1.6734991724142168,0.07680548393616045,-0.2606835158340399,-0.33748899977020036,0.01332987737735016,0.0901353613135106,-0.33748899977020036
668800,Andrew Knizner,SFG,2025,30,C,False,15,43,-0.263882797561547,13.9534883,2.3255813,0.146341463,0.166666666,0.219512195,0,1.25,-1.3933034509744369,1.6038461538461541,-3.682085547370423,-3.8690730572316347,0.1869875098612117,-0.2772835691016005,-0.263882797561547,0.013400771540053535,-0.06448455095386058,-0.3417681200554611,0.013400771540053535
605131,Austin Barnes,LAD,2025,35,,False,13,44,-0.2649415027299771,31.8181818,2.2727272,0.21825955569104685,0.23687083540471912,0.2910127405818809,1,1.25,0.15629015696053816,0.19155182777505733,-3.6128386735905966,-1.682189730008319,-1.9306489435822776,-0.12336058020061007,-0.2649415027299771,-0.141580922529367,-0.025232845950124785,-0.14859342615073484,-0.141580922529367
677649,Ezequiel Duran,TEX,2025,26,SS,False,39,90,-0.2652884718080963,31.1111111,4.4444444,0.15372481697022428,0.23029935113958896,0.23058722545533644,2,-0.05081967213114757,3.1776466995775867,1.8380159786950738,-1.7685898120539751,-2.5549734073651926,0.7863835953112175,-0.3832460111047789,-0.2652884718080963,0.11795753929668262,-0.11071551431915835,-0.49396152542393723,0.11795753929668262
682729,Jonatan Clase,TOR,2025,23,LF,False,34,112,-0.2660623758056698,25.0,8.928571400000001,0.21064254124960488,0.289170369508657,0.3009179160708641,1,-0.447279322853688,-0.308594213674259,0.19233937397034662,-1.4253341561018027,-0.989291102167618,-0.43604305393418474,-0.18466767240462204,-0.2660623758056698,-0.08139470340104779,-0.039571644086704716,-0.22423931649132675,-0.08139470340104779
700242,Trey Sweeney,DET,2025,25,SS,False,80,249,-0.2709230536341385,25.7028112,8.835341300000001,0.20997840729142409,0.27424388704807784,0.30621851144626405,2,0.7500000000000001,0.5265164013044298,30.0,-0.6528266352629843,0.08353095875257519,-0.7363575940155596,0.0346653478823187,-0.2709230536341385,-0.30558840151645716,0.007796222816907018,0.04246157069922572,-0.30558840151645716
622761,Jorge Mateo,BAL,2025,30,SS,False,32,65,-0.2710349279992913,35.3846153,6.1538461,0.18393450341905726,0.23538471449375872,0.2842624151167252,1,0.478476821192053,2.129078484890136,1.1065217391304345,-2.501860873839612,-1.4808313030728504,-1.0210295707667616,-0.16042339116622548,-0.2710349279992913,-0.11061153683306582,-0.06416935646649019,-0.22459274763271567,-0.11061153683306582
685301,Matt Gorski,PIT,2025,27,,False,15,42,-0.279158983452121,38.095237999999995,2.3809522999999997,0.19211804533857227,0.21098678189036932,0.38423609067714454,1,-1.25,-1.21,0.19155182777505733,-3.9879854778874426,-1.9701922468138973,-2.0177932310735454,-0.13791345727697282,-0.279158983452121,-0.14124552617514816,-0.036120191191588116,-0.17403364846856095,-0.14124552617514816
668901,Mark Vientos,NYM,2025,25,3B,False,66,254,-0.2804405268221505,24.4094488,6.6929133,0.22823861512684673,0.28586852063549023,0.36869314814194293,6,0.2,-0.15370984303946178,9.760611510791367,-0.6624579373751587,0.6815462156945529,-1.3440041530697115,0.28852123131069407,-0.2804405268221505,-0.5689617581328446,0.049980055817600545,0.33850128712829464,-0.5689617581328446
542932,Jon Berti,CHC,2025,35,,False,47,103,-0.2908478301625298,20.3883495,4.8543689,0.22742728927187394,0.28262808743695644,0.24908703076073466,1,0.22049180327868853,0.8565164013044297,0.19155182777505733,-1.6942592048302705,-1.0990387316832941,-0.5952204731469763,-0.18866831560563216,-0.2908478301625298,-0.10217951455689764,-0.06044713024258118,-0.24911544584821332,-0.10217951455689764
668804,Bryan Reynolds,PIT,2025,30,RF,False,91,390,-0.2928213706656613,27.1794871,7.6923076,0.2218828125102081,0.28275835404994454,0.3633331060762288,11,-0.75,0.20937465979720588,0.5577689243027883,-0.4504944164087097,-0.28717937196324334,-0.16331504444546635,-0.18666659177610817,-0.2928213706656613,-0.1061547788895531,-0.033982892348983794,-0.22064948412509197,-0.1061547788895531
672744,Alexander Canario,PIT,2025,25,RF,False,53,163,-0.295333399662479,31.901840399999998,8.588957,0.2180668754670701,0.28390450415765495,0.32379626933455713,3,-0.3786757639823179,-0.31830877352074527,2.5492341356673967,-1.0871168085735423,-0.5779223673643265,-0.5091944412092159,-0.15700224313397534,-0.295333399662479,-0.13833115652850367,-0.039491361769895636,-0.19649360490387097,-0.13833115652850367
691723,Coby Mayo,BAL,2025,23,1B,False,27,85,-0.3013088793751757,25.8823529,7.0588235,0.20658236557047185,0.26400011161770603,0.309873548865708,2,-1.25,1.346250351564696,15.0,-2.126886207354181,-1.5468575165103389,-0.5800286908438423,-0.21913814817229801,-0.3013088793751757,-0.08217073120287768,-0.056718108938712423,-0.2758562571110104,-0.08217073120287768
607680,Kevin Pillar,TEX,2025,36,,False,20,43,-0.3082949689378302,18.604651099999998,0.0,0.21449974401378266,0.21449974401378266,0.2621663540223637,0,0.25,0.09625035156469597,0.19155182777505733,-4.301790264248793,-2.5565704521395354,-1.7452198121092577,-0.18322088240333337,-0.3082949689378302,-0.12507408653449684,-0.0553923597963566,-0.23861324219968996,-0.12507408653449684
686554,Oliver Dunn,MIL,2025,27,,False,14,41,-0.3104487948569785,26.8292682,4.8780487,0.1693972310092633,0.20848890040735873,0.22586297535660668,0,0.2,2.04,0.19155182777505733,-4.543153095467979,-2.9811963943438147,-1.561956701124164,-0.20371508694682733,-0.3104487948569785,-0.10673370791015119,-0.044717945915157216,-0.24843303286198454,-0.10673370791015119
691728,Zac Veen,COL,2025,23,,False,12,37,-0.3161641451656246,37.8378378,5.405405399999999,0.10349800164851612,0.166435976622581,0.20699600417676528,0,-0.7,-0.96,0.19155182777505733,-5.0,-4.790664866474566,-0.20933513352543365,-0.2954243334325983,-0.3161641451656246,-0.020739811733026303,-0.06387553155299422,-0.3592998649855925,-0.020739811733026303
663898,Brendan Rodgers,HOU,2025,28,,False,43,128,-0.3216184783508465,35.9375,8.59375,0.19223939507925508,0.2669233089508788,0.2796209389365723,2,0.3,-1.5360613599173982,0.19155182777505733,-1.507586617269593,-1.6112525716398944,0.10366595437030135,-0.34373388194984417,-0.3216184783508465,0.022115403598997663,-0.08324804953472788,-0.42698193148457203,0.022115403598997663
676116,Ryan Noda,CHW,2025,29,1B,False,16,45,-0.336449650487385,42.2222222,22.2222222,0.088235294,0.295454545,0.176470588,0,-1.25,-0.45999999999999996,1.8000000000000007,-4.4859953398318,-2.7519950146863934,-1.7340003251454066,-0.2063996261014795,-0.336449650487385,-0.13005002438590552,-0.050453241935917215,-0.2568528680373967,-0.13005002438590552
660757,Oscar Gonzalez,SDP,2025,27,,False,21,61,-0.3397549869260485,21.3114754,3.2786885000000003,0.220338983,0.245901639,0.237288135,1,-0.6999999999999998,-1.2656920354201366,0.19155182777505733,-3.3418523304201493,-2.9795724736428366,-0.36227985677731267,-0.30292320148702173,-0.3397549869260485,-0.036831785439026765,-0.06952335771833286,-0.3724465592053546,-0.036831785439026765
641680,Jonah Heim,TEX,2025,30,C,False,76,280,-0.3437993333838227,22.8571428,5.3571428,0.22467473225844345,0.26814603623742594,0.354749577465928,6,1.25,-0.6633034509744369,2.37845894263217,-0.7367128572510486,0.18447130056174496,-0.9211841578127936,0.08608660692881431,-0.3437993333838227,-0.429885940312637,0.015987512715351232,0.10207411964416555,-0.429885940312637
669394,Jake Burger,TEX,2025,29,1B,False,75,286,-0.3455624769133947,25.524475499999998,2.7972027,0.23360143707051786,0.26516635019130386,0.41068639815772684,2,-1.25,-0.6508340260459979,15.0,-0.724956245272856,-0.5838062348884351,-0.14115001038442088,-0.2782809719634874,-0.3455624769133947,-0.06728150494990731,-0.049623529965516985,-0.3279045019290044,-0.06728150494990731
578428,Jose Iglesias,SDP,2025,35,SS,False,66,203,-0.3516970036301088,17.7339901,5.91133,0.23076923,0.293532338,0.263736263,4,0.4177086320619443,0.4845875261594742,4.3222070844686655,-1.0394985328968733,-0.5867139874903073,-0.452784545406566,-0.1985048991008873,-0.3516970036301088,-0.1531921045292215,-0.04400354906177305,-0.24250844816266037,-0.1531921045292215
676701,Alan Trejo,COL,2025,29,,False,14,43,-0.3555595579889173,16.2790697,2.3255813,0.15395327852984067,0.16756819389927347,0.19793992953836662,3,0.75,7.984721529509558,0.19155182777505733,-4.961296157984893,-3.107372006506806,-1.8539241514780866,-0.22269499379965443,-0.3555595579889173,-0.13286456418926287,-0.0517895334417801,-0.2744845272414345,-0.13286456418926287
664913,Seth Brown,ATH,2025,32,,False,38,76,-0.3630345922390434,30.263157800000002,11.8421052,0.184615384,0.302631578,0.261538461,2,-0.7,-0.26062534020279404,0.19155182777505733,-2.8660625703082374,-1.5307341835551747,-1.3353283867530628,-0.19389299658365547,-0.3630345922390434,-0.16914159565538792,-0.061229367342206985,-0.25512236392586246,-0.16914159565538792
642133,Rowdy Tellez,SEA,2025,30,1B,False,62,185,-0.3679168885523053,26.486486399999997,4.3243243,0.22595865220225136,0.26999683998195334,0.4707471927214402,6,-1.25,-1.5239315931390491,15.0,-1.1932439628723415,0.14627902338907184,-1.3395229862614133,0.045102698878297154,-0.3679168885523053,-0.41301958743060246,0.01048333000955015,0.055586028887847305,-0.41301958743060246
664983,Jake McCarthy,ARI,2025,27,RF,False,29,102,-0.3923389190813986,15.6862745,8.8235294,0.1436268507382274,0.226433801661069,0.24306082463218168,1,-0.49445249430759675,1.500160126000787,2.6764705882352944,-2.3078759945964626,-3.019777105433599,0.7119011108371365,-0.5133621079237118,-0.3923389190813986,0.12102318884231322,-0.09562627500539732,-0.6089883829291092,0.12102318884231322
663624,Ryan Mountcastle,BAL,2025,28,1B,False,52,200,-0.396902196806159,23.0,4.0,0.25090919656211713,0.2856001212044277,0.3545456041038613,6,-1.25,1.0143079645798634,12.506122448979593,-1.1907065904184768,-0.37707947061617736,-0.8136271198022995,-0.12569315687205912,-0.396902196806159,-0.2712090399340999,-0.02702402872749271,-0.15271718559955183,-0.2712090399340999
669261,Jack Suwinski,PIT,2025,26,RF,False,22,62,-0.4021901379085124,40.3225806,14.516129,0.11146471494237238,0.23821088223950457,0.18577452490395396,1,-0.35538907076303194,1.8363665511545788,0.5702917771883287,-3.892162624921087,-3.1097375190810808,-0.7824251058400065,-0.32133954363837836,-0.4021901379085124,-0.08085059427013402,-0.08810922970729729,-0.40944877334567564,-0.08085059427013402
671284,Tim Elko,CHW,2025,26,1B,False,20,67,-0.4075295163857794,41.7910447,7.4626865,0.14516129,0.208955223,0.354838709,1,-1.25,-0.48791528641083826,3.250318471337578,-3.649518057186084,-2.3500787910683005,-1.2994392661177834,-0.26242546500262687,-0.4075295163857794,-0.14510405138315252,-0.05483517179159368,-0.31726063679422056,-0.14510405138315252
663993,Nathaniel Lowe,WSN,2025,29,1B,False,96,402,-0.4079570647929203,27.363184,8.457711399999999,0.22687784259879235,0.29286185584830493,0.39088592114110626,5,-1.25,0.05366461894045321,15.0,-0.6088911414819705,0.0034096921491585525,-0.6123008336311291,0.00228449373993623,-0.4079570647929203,-0.41024155853285654,0.00037506613640744075,0.002659559876343671,-0.41024155853285654
668709,JJ Bleday,ATH,2025,27,RF,False,62,233,-0.41366294410903,24.4635193,12.0171673,0.19117647,0.287553648,0.357843137,4,-0.12279473536824419,-0.24,0.11363636363636354,-1.0652264655168153,0.00960375701591274,-1.074830222532728,0.003729458974512781,-0.41366294410903,-0.41739240308354275,0.0006402504677275161,0.004369709442240297,-0.41739240308354275
668952,Ryan Kreidler,DET,2025,27,CF,False,17,44,-0.4138943031395067,43.1818181,9.090909,0.1026868083240433,0.18581422570124942,0.1026868083240433,0,0.25,1.46,0.03287788215200704,-5.0,-4.210261061293889,-0.7897389387061109,-0.3087524778282185,-0.4138943031395067,-0.10514182531128818,-0.07718811945705463,-0.38594059728527313,-0.10514182531128818
669004,MJ Melendez,KCR,2025,26,LF,False,16,52,-0.414529115025696,38.4615384,5.7692307,0.085106382,0.173076923,0.170212765,0,-0.6999999999999998,2.6199999999999997,-0.2924528301886792,-4.783028250296493,-4.241017664349026,-0.5420105859474669,-0.36755486424358225,-0.414529115025696,-0.04697425078211376,-0.07068362773915043,-0.4382384919827327,-0.04697425078211376
682927,Ronny Simon,MIA,2025,25,,False,19,56,-0.4152670858864132,12.5,12.5,0.2282347956835756,0.319151466355999,0.2697320308191416,1,-0.16428571428571428,-0.0540381604129232,0.19155182777505733,-4.4492902059258554,-0.1306179228488666,-4.318672283076989,-0.012191006132560885,-0.4152670858864132,-0.4030760797538523,-0.0030477515331402212,-0.015238757665701106,-0.4030760797538523
670092,Trenton Brooks,SDP,2025,29,,False,20,37,-0.4158324617701563,35.1351351,2.7027026999999997,0.166666666,0.189189189,0.305555555,1,-0.7,-0.71,0.19155182777505733,-5.0,-3.405454451001672,-1.5945455489983278,-0.21000302447843647,-0.4158324617701563,-0.20582943729171985,-0.07378484643836956,-0.283787870916806,-0.20582943729171985
690987,Robert Hassell III,WSN,2025,23,RF,False,21,79,-0.4170921550261687,26.582278399999996,1.2658227,0.2174508818186056,0.22732765379456085,0.26861579612671593,1,0.09719101123595505,1.8459618395870767,-0.3676470588235292,-3.1677885191860913,-2.161404304431507,-1.006384214754584,-0.28458490008348175,-0.4170921550261687,-0.13250725494268695,-0.05043276710340184,-0.3350176671868836,-0.13250725494268695
650559,Bryan De La Cruz,ATL,2025,28,,False,16,50,-0.4182335467786113,36.0,6.0,0.19204064803658213,0.2406909464217164,0.21337849815271756,1,-0.7,-0.45999999999999996,0.19155182777505733,-5.0,-3.3196307625023715,-1.6803692374976285,-0.27663589687519763,-0.4182335467786113,-0.14159764990341367,-0.06085989731254348,-0.3374957941877411,-0.14159764990341367
493329,Yuli Gurriel,SDP,2025,41,,False,16,40,-0.4213263174781063,20.0,10.0,0.111111111,0.2,0.138888888,0,-0.7,-0.71,0.19155182777505733,-5.0,-4.415539664241041,-0.5844603357589593,-0.2943693109494027,-0.4213263174781063,-0.12695700652870356,-0.08095156051108575,-0.3753208714604885,-0.12695700652870356
681807,David Fry,CLE,2025,29,,False,31,73,-0.4222662496924873,41.0958904,6.849315000000001,0.1499327764438513,0.22017525558472043,0.2998655528877026,1,-0.7,-0.8263948979226583,0.19155182777505733,-3.4706815043218135,-2.971492147981748,-0.49918935634006534,-0.3615315446711127,-0.4222662496924873,-0.060734705021374624,-0.113907199005967,-0.4754387436770797,-0.060734705021374624
682641,Luis Matos,SFG,2025,23,RF,False,31,98,-0.4360214678387347,16.326530599999998,5.1020408,0.17204301,0.214285714,0.387096774,4,-0.5733502538071066,0.6045659193539472,-0.693359375,-2.669519190849396,-1.6300862700850964,-1.0394329207642996,-0.26624742411389907,-0.4360214678387347,-0.16977404372483562,-0.05705301945297838,-0.3233004435668774,-0.16977404372483562
686668,Brenton Doyle,COL,2025,27,CF,False,82,331,-0.4372401207739827,25.9818731,6.6465256,0.17766595160952586,0.22325550961065724,0.28369240712730937,8,0.25,4.716085950925794,1.3632361034672535,-0.7925802793486092,-0.9722289806806755,0.17964870133206634,-0.5363463210088393,-0.4372401207739827,0.09910620023485656,-0.09560251643359975,-0.631948837442439,0.09910620023485656
670223,Matt Mervis,MIA,2025,27,,False,42,134,-0.4394991587899384,37.3134328,8.2089552,0.17065738145757506,0.2474350090862504,0.37382093048676945,1,-1.25,-0.71,0.19155182777505733,-1.9679066811489778,-1.5699137753490071,-0.3979929057999707,-0.35061407649461157,-0.4394991587899384,-0.08888508229532682,-0.08372873468528039,-0.43434281117989193,-0.08888508229532682
695734,Daylen Lile,WSN,2025,22,RF,False,33,121,-0.4398248000629166,14.049586699999999,5.7851239,0.23369919968561054,0.2826861472621316,0.3505487995284158,2,-0.7356593494632271,-1.6985942136742591,0.40889687710626843,-2.1809494217995864,-0.679394772922195,-1.5015546488773914,-0.13701127920597597,-0.4398248000629166,-0.3028135208569406,-0.024911141673813815,-0.16192242087978978,-0.3028135208569406
605361,Nick Martini,COL,2025,35,,False,43,111,-0.457240986623884,16.216216199999998,8.108108099999999,0.19837117114592212,0.2536167262820282,0.25874500588075633,1,-0.75,-0.6819451371571086,0.19155182777505733,-2.4715729006696434,-2.6681034222192577,0.19653052154961426,-0.49359913311056264,-0.457240986623884,0.03635814648667862,-0.13785201014799497,-0.6314511432585577,0.03635814648667862
677587,Brayan Rocchio,CLE,2025,24,SS,False,48,142,-0.4760457787860324,19.7183098,4.9295774,0.19134278132817026,0.2529441448622578,0.2790415560198692,3,0.5507149666348904,-0.693040027668058,25.661787072243342,-2.0114610371240804,-1.2704995535957022,-0.7409614835283782,-0.30068489435098283,-0.4760457787860324,-0.17536088443504955,-0.07622997321574213,-0.376914867566725,-0.17536088443504955
677956,Rece Hinds,CIN,2025,24,RF,False,14,43,-0.4785787631967314,46.5116279,2.3255813,0.11676770958181105,0.13686261709002331,0.2802425024078373,1,-0.75,-0.3040381604129232,1.086753731343283,-5.0,-4.23086961379463,-0.7691303862053704,-0.30321232232194845,-0.4785787631967314,-0.17536644087478298,-0.06346304420691944,-0.3666753665288679,-0.17536644087478298
672284,Jarred Kelenic,ATL,2025,25,RF,False,23,65,-0.4878687461854901,35.3846153,7.6923076,0.16714648990205042,0.2314336015571281,0.3008636830271455,1,-0.75,-1.71,-0.4999999999999999,-4.503403810942985,-2.823396586341848,-1.680007224601137,-0.3058679635203669,-0.4878687461854901,-0.1820007826651232,-0.07529057563578262,-0.3811585391561495,-0.1820007826651232
624424,Michael Conforto,LAD,2025,32,LF,False,83,305,-0.4903892864529245,23.6065573,11.4754098,0.18731854513506696,0.3038936323864768,0.3278074552595479,8,-0.7,0.1636646189404532,-0.33910891089108885,-0.9647002356450974,-0.5940091201060614,-0.370691115539036,-0.30195463605391454,-0.4903892864529245,-0.18843465039900997,-0.057420881610252605,-0.35937551766416714,-0.18843465039900997
681460,Brooks Baldwin,CHW,2025,24,RF,False,54,169,-0.4933116602675736,28.4023668,5.3254437,0.227272727,0.271084337,0.357142857,7,-0.31774667491493974,1.5259930071727879,-0.38855678906917157,-1.7514023441452318,0.06677760439818861,-1.8181799485434205,0.018809025238823125,-0.4933116602675736,-0.5121206855063968,0.004451840293212574,0.0232608655320357,-0.5121206855063968
666397,Edouard Julien,MIN,2025,26,2B,False,29,104,-0.4937729149216574,27.8846153,10.576923,0.19221554145735698,0.2803143319803063,0.3096805951640373,2,-0.4513850415512465,-2.1079152864108384,7.740322580645162,-2.848689893778793,-1.335305842467575,-1.513384051311218,-0.23145301269437968,-0.4937729149216574,-0.26231990222727775,-0.048961214223811084,-0.28041422691819073,-0.26231990222727775
592178,Kris Bryant,COL,2025,33,,False,11,41,-0.4947486230836728,31.707317000000003,4.8780487,0.13534354082030564,0.17165522325479385,0.1804580553068072,1,-0.7,0.0,0.19155182777505733,-5.0,-4.659028216198415,-0.3409717838015851,-0.31836692810689166,-0.4947486230836728,-0.17638169497678113,-0.05435532918898151,-0.37272225729587316,-0.17638169497678113
656180,Riley Adams,WSN,2025,29,C,False,34,111,-0.5118716684332885,42.3423423,4.5045044999999995,0.1520328857212709,0.19774547665705505,0.3040657714425418,4,1.25,-0.41606135991739823,-3.9264756268494,-2.7668738834231807,-2.59552043602385,-0.17135344739933078,-0.4801712806644122,-0.5118716684332885,-0.03170038776887624,-0.09949495004758091,-0.5796662307119931,-0.03170038776887624
669717,Will Wilson,CLE,2025,26,3B,False,29,74,-0.5153870143892776,39.1891891,8.108108099999999,0.15945231743862537,0.2439620459422797,0.20728801327294272,0,0.24776785714285715,2.29,0.8653846153846156,-4.178813630183331,-2.5728429103304555,-1.6059707198528756,-0.3173172922740895,-0.5153870143892776,-0.19806972211518808,-0.09433757337878337,-0.4116548656528729,-0.19806972211518808
657041,Lane Thomas,CLE,2025,29,CF,False,39,142,-0.5233664646024823,30.985915400000003,9.8591549,0.16072793671748287,0.24760025438587807,0.2732374924197209,4,0.25,-0.334006992827212,0.7861668426610335,-2.2114075969118967,-2.1117453797257797,-0.09966221718611701,-0.49977973986843455,-0.5233664646024823,-0.023586724734047715,-0.10206769335341269,-0.6018474332218472,-0.023586724734047715
518792,Jason Heyward,SDP,2025,35,,False,34,95,-0.5262179347621329,21.0526315,6.315789400000001,0.176470588,0.223404255,0.270588235,1,-0.7000000000000001,-0.29333127577096985,0.19155182777505733,-3.3234816932345232,-2.9787604450026763,-0.3447212482318469,-0.4716370704587571,-0.5262179347621329,-0.054580864303375776,-0.11418581705843592,-0.585822887517193,-0.054580864303375776
650859,Luis Rengifo,LAA,2025,28,3B,False,89,334,-0.5353573361770011,17.9640718,5.0898203,0.2348552409727446,0.2744457235266027,0.3173719466966587,7,0.2507767074546559,-1.2056920354201366,12.974647390691114,-0.9617197655874271,-0.23631956190285303,-0.7254002036845741,-0.13155122279258818,-0.5353573361770011,-0.4038061133844129,-0.025207419936304324,-0.1567586427288925,-0.4038061133844129
672724,Oswald Peraza,NYY,2025,25,SS,False,63,160,-0.5428005275797955,28.125,6.875000000000001,0.15071406983291397,0.21545261440584523,0.24662302419250032,3,0.02736695544554455,2.365993007172788,1.6590909090909083,-2.035501978424233,-2.668667225723291,0.6331652472990577,-0.7116445935262109,-0.5428005275797955,0.16884406594641543,-0.1912544845101692,-0.9028990780363801,0.16884406594641543
624585,Jorge Soler,LAA,2025,33,,False,77,300,-0.5504045998030453,30.3333333,8.666666600000001,0.20913140888566367,0.2857196683353715,0.3659799662949421,5,-0.75,-0.8633034509744368,0.19155182777505733,-1.1008091996060907,-0.5158879107542749,-0.5849212888518158,-0.25794395537713743,-0.5504045998030453,-0.2924606444259079,-0.04728972515247519,-0.30523368052961264,-0.2924606444259079
605137,Josh Bell,WSN,2025,32,1B,False,84,326,-0.5505628642645475,17.4846625,10.4294478,0.21825033454002843,0.3060477957674996,0.37067913883960263,8,-1.25,-2.673709843039462,11.45573122529644,-1.0133058851494738,-0.38781737359245344,-0.6254885115570203,-0.21071410631856638,-0.5505628642645475,-0.33984875794598113,-0.036842650491283074,-0.24755675680984945,-0.33984875794598113
641933,Tyler O'Neill,BAL,2025,30,RF,False,30,118,-0.5609272780334182,27.118643999999996,9.3220338,0.18000007614934507,0.27661028618927586,0.3200001356032802,2,-0.75,2.247006269492508,1.1016949152542377,-2.852172600169923,-0.9519838851503051,-1.900188715019618,-0.18722349741289332,-0.5609272780334182,-0.3737037806205249,-0.039665995214596045,-0.22688949262748936,-0.3737037806205249
668974,Maverick Handley,BAL,2025,27,C,False,16,47,-0.5844344531168058,38.2978723,4.2553190999999995,0.07463417729363062,0.13600005737639398,0.07463417729363062,0,1.25,-0.7933312757709698,9.453826955074874,-5.0,-3.8562903731994096,-1.1437096268005904,-0.30207607923395374,-0.5844344531168058,-0.282358373882852,-0.08355295808598721,-0.38562903731994097,-0.282358373882852
621028,Kevin Newman,LAA,2025,31,,False,48,96,-0.5851135751580435,18.75,1.0416665999999999,0.20078840073475374,0.20913140888566367,0.25362745335055753,3,0.39557487159225607,0.017620080234196145,0.19155182777505733,-3.656959844737772,-2.782932949531838,-0.874026895205934,-0.4452692719250941,-0.5851135751580435,-0.13984430323294944,-0.15769953380680413,-0.6029688057318983,-0.13984430323294944
606115,Orlando Arcia,- - -,2025,30,SS,False,42,122,-0.5939889133477253,19.6721311,4.9180327,0.189655172,0.229508196,0.275862068,3,0.20160406885759,-1.2379264455683239,15.924566473988442,-2.9212569508904522,-2.1120385884209236,-0.8092183624695286,-0.42944784631225447,-0.5939889133477253,-0.16454106703547083,-0.09504173647894155,-0.5244895827911961,-0.16454106703547083
671221,Drew Waters,KCR,2025,26,RF,False,71,219,-0.609516856783033,27.3972602,5.022831,0.242718446,0.287671232,0.31553398,2,-0.4391428571428571,-1.760625340202794,0.188316679477325,-1.669909196665844,-0.6926807041347001,-0.9772284925311439,-0.2528284570091655,-0.609516856783033,-0.3566883997738675,-0.05425998849055151,-0.30708844549971703,-0.3566883997738675
671213,Triston Casas,BOS,2025,25,,False,29,112,-0.6188114545804542,24.107142800000002,9.8214285,0.176957764273506,0.26938659743981297,0.2949296084202003,3,-1.25,-1.5152784704904425,0.19155182777505733,-3.3150613638238617,-2.4646881726369956,-0.8503731911868662,-0.46007512555890584,-0.6188114545804542,-0.15873632902154833,-0.07804845880017153,-0.5381235843590774,-0.15873632902154833
687952,Christian Encarnacion-Strand,CIN,2025,25,3B,False,36,137,-0.6223975364451102,23.3576642,2.189781,0.2037147419651656,0.22910335987610683,0.3697045320415094,1,-0.9189726738152888,-0.983040027668058,-0.45454545454545414,-2.725828626766906,-1.9219591857389031,-0.8038694410280027,-0.4388473474103829,-0.6223975364451102,-0.1835501890347273,-0.07687836742955613,-0.515725714839939,-0.1835501890347273
671286,Johnathan Rodríguez,CLE,2025,25,RF,False,21,53,-0.6308162554873272,30.188679200000003,5.6603773,0.14063694462779752,0.18953766093914026,0.22100091298653893,1,-0.75,-0.8123799197658039,0.040206777713958086,-5.0,-4.399677936312187,-0.6003220636878126,-0.38863821770757656,-0.6308162554873272,-0.24217803777975067,-0.10999194840780468,-0.49863016611538125,-0.24217803777975067
682848,Endy Rodríguez,PIT,2025,25,,False,18,57,-0.6429863137465033,24.5614035,8.7719298,0.1704124009090837,0.24183280287065026,0.24615124586696588,0,-0.16766020864381523,3.79,0.19155182777505733,-5.0,-1.6363478439538364,-3.3636521560461636,-0.15545304517561445,-0.6429863137465033,-0.48753326857088886,-0.03818144969225618,-0.19363449486787063,-0.48753326857088886
592192,Mark Canha,KCR,2025,36,,False,46,125,-0.6534302891459044,19.2,5.6000000000000005,0.21238938,0.272,0.265486725,1,-0.7157811678064177,-0.01569203542013664,0.19155182777505733,-3.136465387900341,-2.059525336074162,-1.076940051826179,-0.4290677783487838,-0.6534302891459044,-0.2243625107971206,-0.10297626680370811,-0.5320440451524919,-0.2243625107971206
666163,Ben Rortvedt,TBR,2025,27,C,False,26,70,-0.6545981303001049,20.0,10.0,0.095238095,0.185714285,0.111111111,0,1.25,-1.00961504006973,5.342307692307693,-5.0,-3.663609143477882,-1.3363908565221179,-0.42742106673908625,-0.6545981303001049,-0.2271770635610187,-0.12212030478259607,-0.5495413715216824,-0.2271770635610187
676572,Eric Wagaman,MIA,2025,27,LF,False,86,348,-0.6745842641398272,19.5402298,6.0344827,0.2354936001335195,0.2774233288577658,0.3472021022358586,10,-1.1897283619086965,0.4903849599302701,0.9757304429783231,-1.1630763174824608,-0.7668969922192032,-0.3961793252632576,-0.4448002554871378,-0.6745842641398272,-0.2297840086526894,-0.08563683079781102,-0.5304370862849488,-0.2297840086526894
600869,Jeimer Candelario,CIN,2025,31,,False,22,91,-0.6828507229163124,31.8681318,9.890109800000001,0.11034548559894965,0.19401403982670312,0.20843036168690487,1,-0.3643712574850299,-1.9295001493820463,0.19155182777505733,-4.502312458788873,-4.204298907855259,-0.29801355093361437,-0.6376520010247143,-0.6828507229163124,-0.045198721891598126,-0.09810030784995605,-0.7357523088746704,-0.045198721891598126
681146,Jonah Bride,- - -,2025,29,,False,45,125,-0.6858868237180863,31.2,8.799999999999999,0.169642857,0.248,0.1875,1,0.2,-1.2431090326440435,0.19155182777505733,-3.292256753846814,-3.2622972538435278,-0.029959500003286177,-0.6796452612174017,-0.6858868237180863,-0.006241562500684639,-0.15767770060243716,-0.8373229618198388,-0.006241562500684639
641943,Joshua Palacios,CHW,2025,29,,False,51,145,-0.6960600058930939,24.827586200000002,8.275862,0.203125,0.291666666,0.3046875,0,-0.7390239783856805,-1.2656920354201366,0.19155182777505733,-2.880248300247285,-1.4293314430091317,-1.4509168572381534,-0.3454217653938735,-0.6960600058930939,-0.35063824049922043,-0.0881421056522298,-0.4335638710461033,-0.35063824049922043
656582,Connor Joe,- - -,2025,32,,False,32,71,-0.7009094070989315,25.352112599999998,8.4507042,0.19047619,0.253521126,0.253968253,2,-0.7305514157973174,-1.9025333724512263,0.19155182777505733,-5.0,-2.829605042264907,-2.170394957735093,-0.334836596668014,-0.7009094070989315,-0.36607281043091744,-0.0943201680754969,-0.42915676474351094,-0.36607281043091744
656248,Sean Bouchard,COL,2025,29,,False,32,73,-0.7361243998937295,36.9863013,9.589041,0.14662216944193102,0.21692047031723843,0.2132686105772086,2,-0.75,-1.733040027668058,0.19155182777505733,-5.0,-3.9149404803911647,-1.0850595196088353,-0.4763177584475917,-0.7361243998937295,-0.25980664144613774,-0.15007271841499464,-0.6263904768625863,-0.25980664144613774
657136,Connor Wong,BOS,2025,29,C,False,34,98,-0.7376116974448269,24.4897959,9.1836734,0.14543080657839702,0.22841997172219655,0.14543080657839702,6,1.25,-0.3,1.8632158590308383,-4.515989984356083,-3.2548842958632975,-1.2611056884927856,-0.5316311016576719,-0.7376116974448269,-0.205980595787155,-0.11934575751498758,-0.6509768591726595,-0.205980595787155
691023,Jordan Walker,STL,2025,23,RF,False,55,191,-0.7800494811952579,32.9842931,6.2827225,0.21140141235835125,0.26850701544689354,0.2971046882095014,3,-0.75,1.3165164013044297,0.31295898768500696,-2.4504172184144224,-1.3658091028072783,-1.084608115607144,-0.4347825643936503,-0.7800494811952579,-0.34526691680160754,-0.09560663719650948,-0.5303892015901598,-0.34526691680160754
665750,Leody Taveras,- - -,2025,26,,False,58,180,-0.7844992455407903,27.7777777,2.7777777,0.204678362,0.2259887,0.304093567,0,-0.23198198198198197,0.930160126000787,0.19155182777505733,-2.6149974851359676,-2.0251524650579578,-0.5898450200780099,-0.6075457395173873,-0.7844992455407903,-0.17695350602340298,-0.1248844020119074,-0.7324301415292948,-0.17695350602340298
592626,Joc Pederson,TEX,2025,33,,False,46,146,-0.794534861965843,19.178082099999997,13.6986301,0.13440421055063445,0.27564449914751166,0.24360763341648115,4,-0.7,-0.8376594228713952,0.19155182777505733,-3.265211761503464,-2.819728365671351,-0.44548339583211316,-0.6861339023133621,-0.794534861965843,-0.10840095965248087,-0.14568596555968646,-0.8318198678730486,-0.10840095965248087
671739,Michael Harris II,ATL,2025,24,CF,False,93,368,-0.8105953500442017,20.923913,2.7173913,0.2109802956834872,0.23418876374308603,0.3179155143595864,5,0.25,0.9060859509257935,-0.009305654974947064,-1.3216228533329375,-1.4540429513377564,0.1324200980048189,-0.8918130101538239,-0.8105953500442017,0.08121766010962217,-0.15752131972825695,-1.0493343298820808,0.08121766010962217
676070,Jacob Amaya,CHW,2025,26,,False,34,68,-0.8196020213493656,22.0588235,2.9411764,0.096774193,0.119402985,0.112903225,1,0.75,-0.29333127577096985,0.19155182777505733,-5.0,-4.809823736170528,-0.19017626382947217,-0.5451133567659932,-0.8196020213493656,-0.2744886645833724,-0.20040932234043865,-0.7455226791064318,-0.2744886645833724
680577,DaShawn Keirsey Jr.,MIN,2025,28,RF,False,59,72,-0.835915809635671,33.3333333,2.7777777,0.09858397742964052,0.13496615919453211,0.14083425374855968,1,-0.3727018385291766,1.0043943853893103,-1.133190118152524,-5.0,-4.845981697737152,-0.1540183022628483,-0.5815178037284582,-0.835915809635671,-0.25439800590721284,-0.3553719911673911,-0.9368897948958492,-0.25439800590721284
623993,Anthony Santander,TOR,2025,30,RF,False,50,209,-0.8516783560965355,26.3157894,11.4832535,0.17989658017253313,0.2735617411531058,0.30527904520205984,6,-0.7339779005524861,-0.03856485546696664,1.7682926829268297,-2.445009634726896,-1.4979697727423946,-0.9470398619845015,-0.5217928041719341,-0.8516783560965355,-0.32988555192460145,-0.08987818636454367,-0.6116709905364778,-0.32988555192460145
691182,Adael Amador,COL,2025,22,2B,False,33,102,-0.8744283624194555,24.509803899999998,9.8039215,0.12850032814645046,0.21113592484092436,0.19769281341273373,1,0.3,-1.1795001493820463,14.799708832093172,-5.0,-3.2642383014175973,-1.7357616985824027,-0.5549205112409916,-0.8744283624194555,-0.3195078511784639,-0.12512913488767455,-0.6800496461286661,-0.3195078511784639
683734,Andrew Vaughn,- - -,2025,27,1B,False,53,209,-0.8935691393633369,21.5311004,4.306220000000001,0.20603015,0.239234449,0.361809045,5,-1.25,-0.8887375899872978,15.0,-2.565270256545465,-1.6741476345758763,-0.8911226219695885,-0.5831614260439303,-0.8935691393633369,-0.31040771331940664,-0.09486836595929965,-0.6780297920032299,-0.31040771331940664
657077,Alex Verdugo,ATL,2025,29,,False,56,213,-0.9383382681042236,14.553990599999999,6.5727699,0.23926553452184926,0.29662616547491283,0.2901730947810209,1,-0.7,0.5974666275487737,0.19155182777505733,-2.6432063890259823,-0.7088715977097373,-1.934334791316245,-0.2516494171869567,-0.9383382681042236,-0.6866888509172668,-0.04607665385113292,-0.2977260710380896,-0.6866888509172668
681962,Vinny Capra,- - -,2025,28,,False,47,105,-0.9451893194151492,23.809523799999997,2.8571428,0.125,0.156862745,0.177083333,5,0.4223913043478261,1.0130674573013283,0.19155182777505733,-5.0,-4.269662206371104,-0.7303377936288964,-0.7471908861149431,-0.9451893194151492,-0.19799843330020606,-0.21348311031855519,-0.9606739964334983,-0.19799843330020606
592669,Hunter Renfroe,KCR,2025,33,,False,35,108,-0.9471515027226696,19.4444444,7.4074074,0.181818181,0.24074074,0.242424242,4,-0.75,0.16142835681879486,0.19155182777505733,-5.0,-3.0508931977654887,-1.9491068022345113,-0.549160775597788,-0.9471515027226696,-0.3979907271248816,-0.11695090591434372,-0.6661116815121317,-0.3979907271248816
455117,Martín Maldonado,SDP,2025,38,,False,56,141,-0.9726374102212492,36.8794326,4.964538999999999,0.178294573,0.220588235,0.294573643,3,1.25,-1.271835247047218,0.19155182777505733,-4.138882596686166,-2.1229125321550555,-2.0159700645311105,-0.49888444505643803,-0.9726374102212492,-0.47375296516481114,-0.13445112703648687,-0.6333355720929249,-0.47375296516481114
660688,Keibert Ruiz,WSN,2025,26,C,False,68,267,-1.0177548994131418,9.7378277,2.9962546,0.24649449495230022,0.27652048801124196,0.3169214933675694,4,1.25,-2.0268100020219735,-1.828815080789946,-2.2870896616025655,-0.542308411710133,-1.7447812498924327,-0.24132724321100918,-1.0177548994131418,-0.7764276562021326,-0.041576978231110194,-0.28290422144211935,-0.7764276562021326
571657,Kyle Farmer,COL,2025,34,SS,False,68,220,-1.06398980645072,21.8181818,4.5454545,0.19217468804371415,0.23192961384876107,0.30320895340017673,7,-0.04709739633558344,-1.292088335247802,4.691396508728179,-2.9017903812292367,-1.9947917602338443,-0.9069986209953924,-0.7314236454190762,-1.06398980645072,-0.3325661610316438,-0.16290799375243062,-0.8943316391715068,-0.3325661610316438
686681,Michael Massey,KCR,2025,27,LF,False,56,209,-1.07136843926799,15.3110047,2.3923444,0.202020202,0.221153846,0.257575757,3,0.15344827586206897,0.9391659739540024,1.8676470588235294,-3.075698868711933,-2.559923001615137,-0.5157758670967962,-0.8917065122292727,-1.07136843926799,-0.17966192703871742,-0.15786191843293346,-1.0495684306622062,-0.17966192703871742
677008,Heston Kjerstad,BAL,2025,26,RF,False,54,167,-1.137785884851106,26.9461077,3.5928143,0.1961539290847991,0.2443114808421451,0.33346167903615825,9,-0.7218859767630369,-0.7315634577677956,-0.2777777777777779,-4.087853478506968,-1.8880050492140608,-2.1998484292929072,-0.5254947386979135,-1.137785884851106,-0.6122911461531925,-0.14160037869105455,-0.6670951173889681,-0.6122911461531925
678877,Jhonkensy Noel,CLE,2025,23,RF,False,49,111,-1.1683646157511751,31.5315315,2.7027026999999997,0.1408247100171197,0.16289993569941377,0.21593122336564965,4,-0.8214285714285714,0.09746662754877367,1.0750000000000004,-5.0,-4.528155295853457,-0.4718447041465428,-0.8377087297328896,-1.1683646157511751,-0.33065588601828555,-0.2792362432442965,-1.116944972977186,-0.33065588601828555
607732,Jacob Stallings,- - -,2025,35,,False,37,115,-1.2259349629495122,32.173913,5.2173913,0.142857142,0.210526315,0.18095238,2,1.25,-2.020050864029355,0.19155182777505733,-5.0,-3.7336235090301564,-1.2663764909698436,-0.7156111725641133,-1.2259349629495122,-0.5103237903853989,-0.14934494036120627,-0.8649561129253196,-0.5103237903853989
668942,Josh Rojas,CHW,2025,31,,False,56,177,-1.2493742212794263,25.4237288,8.4745762,0.176100628,0.244318181,0.23899371,4,0.23304567459482212,0.24049985061795376,0.19155182777505733,-4.2351668517946655,-2.5400303576289254,-1.69513649416574,-0.7493089555005329,-1.2493742212794263,-0.5000652657788934,-0.17356874110464324,-0.9228776966051762,-0.5000652657788934
695506,Jac Caglianone,KCR,2025,22,RF,False,35,138,-1.2873872861331657,21.7391304,4.3478259999999995,0.139534883,0.195652173,0.263565891,3,-0.7500000000000001,0.4545875261594743,0.203929370803283,-5.0,-3.674813251627717,-1.3251867483722828,-0.845207047874375,-1.2873872861331657,-0.4421802382587907,-0.14086784131239583,-0.9860748891867708,-0.4421802382587907
664774,LaMonte Wade Jr.,- - -,2025,31,,False,71,220,-1.4877748913007052,22.7272727,11.3636363,0.164021164,0.270642201,0.243386243,2,-1.1284860557768925,-0.9163948979226584,0.19155182777505733,-4.05756788536556,-2.920246765518043,-1.1373211198475173,-1.0707571473566155,-1.4877748913007052,-0.41701774394408964,-0.22388558535638325,-1.2946427327129988,-0.41701774394408964
669911,Michael Toglia,COL,2025,26,1B,False,78,305,-1.6327676084313574,38.032786800000004,8.5245901,0.1784965541797189,0.2394027558327773,0.32511872450138296,6,-1.25,0.6943079645798633,15.0,-3.212001852651851,-1.8063896311461907,-1.4056122215056601,-0.9182480624993136,-1.6327676084313574,-0.7145195459320438,-0.16859636557364446,-1.0868444280729581,-0.7145195459320438
