playerid,Name,Team,Primary_Position,Current_PA,Current_WAR,Current_WAR_pace,Remaining_PA,ROS_WAR,ROS_WAR_pace,Total_Projected_PA,Total_Projected_WAR,Q10_WAR,Q25_WAR,Q50_WAR,Q75_WAR,Q90_WAR,Uncertainty_Range
592450,Aaron Judge,NYY,RF,429,6.347435904322862,8.877532733318688,294.9375,3.7816797965918876,3.7816797965918876,723.9375,10.129115700914749,7.413107980427461,8.98249371801415,10.129115700914749,10.822259656512283,11.31088390221684,3.89777592178938
663728,Cal Raleigh,SEA,C,417,6.703817182177901,9.645780118241586,294.09473684210525,3.079628898649242,3.079628898649242,711.0947368421052,9.783446080827144,7.733384868450401,9.080773766206484,9.783446080827144,10.275250910500874,10.79462356531739,3.0612386968669885
677951,Bobby Witt Jr.,KCR,SS,420,4.42978246985642,6.3282606712234575,281.44329896907215,2.9387402396465747,2.9387402396465747,701.4432989690722,7.368522709502995,5.456550167781437,6.764683319863618,7.368522709502995,7.5549253760224815,8.218487205165696,2.7619370373842598
691718,Pete Crow-Armstrong,CHC,CF,401,4.397869860524881,6.580353906022266,282.8105263157895,2.7007727316828265,2.7007727316828265,683.8105263157895,7.098642592207707,5.4262007916605235,6.657446928763372,7.098642592207707,7.399431477901781,8.048348164708012,2.6221473730474885
660271,Shohei Ohtani,LAD,DH,438,5.022877082810344,6.880653538096361,308.90526315789475,3.270198299461519,3.270198299461519,746.9052631578948,8.293075382271862,6.067027381422485,7.5251773161192705,8.293075382271862,8.697076768776943,8.821781828970625,2.75475444754814
665161,Jeremy Peña,HOU,SS,350,3.5182574065729137,6.031298411267851,259.6774193548387,2.91422180632588,2.91422180632588,609.6774193548388,6.4324792128987935,4.595880555768301,5.856507178863175,6.4324792128987935,6.739041380338584,6.996740862139546,2.4008603063712455
607208,Trea Turner,PHI,SS,423,3.2060399701250093,4.547574425709233,290.8125,2.495295352863797,2.495295352863797,713.8125,5.701335322988806,4.2389790837497054,5.285588079428015,5.701335322988806,5.730333655421716,6.052637988884731,1.813658905135026
663656,Kyle Tucker,CHC,RF,423,4.486007107580643,6.363130649050558,298.3263157894737,3.1513367143981887,3.1513367143981887,721.3263157894737,7.637343821978831,5.530203945530857,6.9196408482299026,7.637343821978831,8.062599560313178,8.184483456020041,2.6542795104891845
608070,José Ramírez,CLE,3B,391,4.5214799891896025,6.938332464229569,297.5,2.9937264204647867,2.9937264204647867,688.5,7.51520640965439,5.568206509707738,6.910293284664906,7.51520640965439,7.814267780393655,8.341846372728092,2.773639863020353
621439,Byron Buxton,MIN,CF,333,4.352933159365376,7.843122809667344,253.3695652173913,2.915556781056337,2.915556781056337,586.3695652173913,7.268489940421713,5.401679714530294,6.706874409187105,7.268489940421713,7.7803027791032555,8.325877820609964,2.9241981060796705
665487,Fernando Tatis Jr.,SDP,RF,413,3.059925317161868,4.445412083043876,283.9375,2.355097852127575,2.355097852127575,696.9375,5.415023169289443,4.073335602331481,5.052644470747736,5.415023169289443,5.46512120423834,5.8621314652920855,1.7887958629606047
682829,Elly De La Cruz,CIN,SS,415,4.058290856840491,5.867408467721193,278.0927835051546,2.89619025213375,2.89619025213375,693.0927835051546,6.9544811089742415,5.098363582294007,6.434912029059877,6.9544811089742415,7.385134072963076,7.587083143359884,2.488719561065878
669257,Will Smith,LAD,C,301,3.4106392188839196,6.798616383157315,212.28421052631577,2.972858925488216,2.972858925488216,513.2842105263157,6.383498144372135,4.534745409403341,5.861844724223776,6.383498144372135,6.7963358630469735,6.867883850512705,2.3331384411093645
682998,Corbin Carroll,ARI,RF,361,3.3438650736092255,5.557670482453006,248.1875,2.798451749003858,2.798451749003858,609.1875,6.1423168226130835,4.393591605126453,5.594094756688257,6.1423168226130835,6.311877298230483,6.613880680389123,2.22028907526267
672695,Geraldo Perdomo,ARI,SS,427,3.4324197399446024,4.823072234114195,293.5625,2.5217516873135004,2.5217516873135004,720.5625,5.954171427258103,4.464693732818374,5.553198578964329,5.954171427258103,6.201614819050471,6.434674553143872,1.9699808203254987
672580,Maikel Garcia,KCR,2B,386,2.128984430919856,3.309302224227755,258.659793814433,1.8681841524916774,1.8681841524916774,644.659793814433,3.997168583411533,3.0867832908071247,3.7681076323928777,3.997168583411533,4.190086760458383,4.204482207344096,1.1176989165369713
678882,Ceddanne Rafaela,BOS,2B,341,1.896839294722329,3.337547146138995,228.50515463917523,1.737781402808198,1.737781402808198,569.5051546391752,3.6346206975305266,2.8397354669841404,3.451285973637831,3.6346206975305266,3.7887312413594536,3.8189506528743022,0.9792151858901619
596019,Francisco Lindor,NYM,SS,430,3.71451813118417,5.183048555140703,288.1443298969072,2.7742633307698608,2.7742633307698608,718.1443298969073,6.488781461954031,4.757889568275202,6.047278082267726,6.488781461954031,6.734517692545289,6.919158316109382,2.1612687478341797
695578,James Wood,WSN,LF,420,3.5842549835815416,5.120364262259345,288.75,2.653033136505844,2.653033136505844,708.75,6.237288120087386,4.619187526397684,5.745375258473953,6.237288120087386,6.515741142785274,6.732142788842756,2.1129552624450723
606466,Ketel Marte,ARI,2B,297,3.2150467710326605,6.495043981884162,204.18749999999997,3.062255437293768,3.062255437293768,501.1875,6.277302208326429,4.33909577089683,5.678635202319707,6.277302208326429,6.399728591262724,6.555189339234754,2.216093568337924
665742,Juan Soto,NYM,RF,423,4.090819731583646,5.802581179551272,283.45360824742266,3.2176610572954107,3.2176610572954107,706.4536082474226,7.308480788879057,5.160489784962358,6.622799542711226,7.308480788879057,7.412337556042383,7.636470849748482,2.475981064786124
669065,Kyle Stowers,MIA,CF,346,2.6916149136712177,4.667540312724655,269.95604395604397,2.4650738702754964,2.4650738702754964,615.9560439560439,5.156688783946715,3.7489410236732645,4.753992100957406,5.156688783946715,5.164232245795542,5.356514883950711,1.6075738602774459
682928,CJ Abrams,WSN,SS,364,3.5179177994699895,5.798765603521961,250.25000000000003,2.7636225098761846,2.7636225098761846,614.25,6.281540309346174,4.573241353188512,5.7742659968148375,6.281540309346174,6.5330363089926,6.893789122700046,2.320547769511534
641355,Cody Bellinger,NYY,CF,375,2.9233940571881782,4.677430491501085,257.8125,2.40966626536859,2.40966626536859,632.8125,5.3330603225567685,3.9753703106879557,4.981059842224822,5.3330603225567685,5.436011891653891,5.789441660713107,1.8140713500251522
656941,Kyle Schwarber,PHI,DH,426,3.7052987143152674,5.21873058354263,292.875,2.576584254978252,2.576584254978252,718.875,6.28188296929352,4.714799013841392,5.898318818535106,6.28188296929352,6.545704896162613,6.866605275477768,2.1518062616363753
592518,Manny Machado,SDP,3B,408,3.2482929808738388,4.7769014424615275,280.5,2.7292796677411477,2.7292796677411477,688.5,5.977572648614986,4.339051819689089,5.5165772145467535,5.977572648614986,6.095871642947624,6.223763541909423,1.8847117222203342
656716,Zach McKinstry,DET,3B,331,2.5101149906576214,4.550057384877864,233.44210526315788,2.2991195667656967,2.2991195667656967,564.4421052631578,4.809234557423318,3.5592578887433692,4.456150194711635,4.809234557423318,4.839850293012995,5.068130628626329,1.5088727398829598
683737,Michael Busch,CHC,1B,341,2.9289755021641164,5.15362258445299,240.49473684210525,2.4955089623933695,2.4955089623933695,581.4947368421052,5.4244844645574855,3.9715905044775557,5.059822661766523,5.4244844645574855,5.646492917327647,5.8809830825370515,1.9093925780594954
681624,Andy Pages,LAD,CF,378,2.0629491067234484,3.274522391624521,266.58947368421053,1.8138720025471298,1.8138720025471298,644.5894736842106,3.876821109270578,2.990817939848645,3.575564321291419,3.876821109270578,4.064554675545437,4.09650681563516,1.1056888757865149
672386,Alejandro Kirk,TOR,C,319,2.4312357814893404,4.5728572692589475,230.76595744680853,2.2780958916737766,2.2780958916737766,549.7659574468086,4.709331673163117,3.511815380358492,4.488651920396633,4.709331673163117,4.851334331707999,4.905461632403831,1.3936462520453388
805779,Jacob Wilson,ATH,SS,366,2.8525331681115706,4.676283882150116,239.0204081632653,2.5408142930027164,2.5408142930027164,605.0204081632653,5.393347461114287,3.9339402399910446,5.000725798156115,5.393347461114287,5.460124097908961,5.733668473742602,1.7997282337515579
683002,Gunnar Henderson,BAL,SS,371,3.527687223841977,5.705154539906163,311.97727272727275,2.994799551946459,2.994799551946459,682.9772727272727,6.522486775788437,4.607364794807691,5.92666425843703,6.522486775788437,6.860499242613697,6.93614677486539,2.3287819800577
682985,Riley Greene,DET,CF,397,2.2314555832715,3.3724769520476072,279.9894736842105,1.8939184273773586,1.8939184273773586,676.9894736842105,4.125374010648859,3.187882977408865,3.862880314142955,4.125374010648859,4.331470613379956,4.360734912974257,1.1728519355653917
624413,Pete Alonso,NYM,1B,423,3.0079564088729014,4.266604835280711,283.45360824742266,2.463826512681442,2.463826512681442,706.4536082474226,5.471782921554343,4.061551972135992,5.11121292771066,5.471782921554343,5.5573000837765285,5.625908891759433,1.564356919623442
641487,J.P. Crawford,SEA,SS,409,3.630751287249629,5.326285506967671,288.4526315789474,2.586723929431438,2.586723929431438,697.4526315789474,6.217475216681067,4.6749581322143605,5.897121497275425,6.217475216681067,6.513523402494098,6.888251682121154,2.213293549906793
553993,Eugenio Suárez,ARI,3B,391,3.351947527677392,5.143653495157124,268.8125,2.8054320375506254,2.8054320375506254,659.8125,6.157379565228018,4.42628259528646,5.665769362913969,6.157379565228018,6.297439242494699,6.555857493620396,2.129574898333936
668227,Randy Arozarena,SEA,LF,412,3.915932458834708,5.702814260438895,290.5684210526316,2.9902702701382013,2.9902702701382013,702.5684210526316,6.906202728972909,4.959671756483813,6.294001075949515,6.906202728972909,7.189494490971386,7.3699539174925555,2.410282161008743
677594,Julio Rodríguez,SEA,CF,431,2.6896942071673116,3.7443538846876727,303.9684210526316,2.178567288522828,2.178567288522828,734.9684210526316,4.86826149569014,3.6906840703427006,4.554816391878667,4.86826149569014,4.983936475461176,5.024379328665441,1.3336952583227402
670623,Isaac Paredes,HOU,3B,403,2.930862496409448,4.363566992172876,299.0,2.400226401962461,2.400226401962461,702.0,5.33108889837191,3.971604241575534,4.994245263038344,5.33108889837191,5.5513936364614,5.6168888885892905,1.6452846470137563
665862,Jazz Chisholm Jr.,NYY,2B,271,2.8229771644600055,6.2501339434538865,186.3125,2.1966612590915857,2.1966612590915857,457.3125,5.019638423551591,3.855447374548667,4.836985137968793,5.019638423551591,5.171993233136249,5.4321037286790315,1.576656354130364
680977,Brendan Donovan,STL,2B,388,2.020637766906016,3.1246975776897155,302.72527472527474,1.6776126137506202,1.6776126137506202,690.7252747252747,3.698250380656636,2.908449612298744,3.454851576630248,3.698250380656636,3.8997104998068775,3.9475463157973447,1.039096703498601
691026,Masyn Winn,STL,SS,358,1.436843482383421,2.4081175682403706,279.3186813186813,1.3596401923352737,1.3596401923352737,637.3186813186812,2.7964836747186945,2.206820995458138,2.6460256575715677,2.7414908385753067,2.7964836747186945,2.8616063080242427,0.6547853125661045
608369,Corey Seager,TEX,SS,285,2.6681968546527024,5.617256536110952,195.93750000000003,2.5325614356185495,2.5325614356185495,480.9375,5.200758290271252,3.782417045085918,5.018509045944182,5.200758290271252,5.332990309563435,5.382674170016445,1.600257124930527
621566,Matt Olson,ATL,1B,420,1.786166103225779,2.551665861751113,296.2105263157895,1.4759969389206469,1.4759969389206469,716.2105263157895,3.262163042146426,2.562660759543089,3.1045445569231074,3.262163042146426,3.3501848099342277,3.353192099955046,0.7905313404119572
608348,Carson Kelly,CHC,C,234,2.559168246360358,6.5619698624624565,165.03157894736844,1.8763009262018273,1.8763009262018273,399.0315789473684,4.435469172562185,3.5291263412608327,4.288731847768982,4.435469172562185,4.466862095898933,4.630823365974461,1.1016970247136286
686217,Sal Frelick,MIL,CF,385,1.6838272203448867,2.6241463174206023,271.5263157894737,1.324886507055324,1.324886507055324,656.5263157894738,3.0087137274002105,2.465265863725538,2.8866354975142015,3.0087137274002105,3.2014716182621914,3.315381904087066,0.8501160403615287
608324,Alex Bregman,BOS,3B,234,2.1644551015655273,5.549884875809044,156.80412371134022,1.7080741188254247,1.7080741188254247,390.80412371134025,3.872529220390952,3.0990825042407972,3.7610144575028004,3.872529220390952,4.009868070768471,4.075231215620605,0.9761487113798082
665966,Carlos Narváez,BOS,C,285,1.929292543373637,4.061668512365552,190.97938144329896,1.7704960985456892,1.7704960985456892,475.97938144329896,3.6997886419193264,2.9783726729748885,3.637228826124379,3.6997886419193264,3.7638828377156432,3.7958751814167284,0.8175025084418399
676694,Jake Meyers,HOU,CF,322,1.8325727231569087,3.4147317822799543,238.90322580645162,1.7996057678120212,1.7996057678120212,560.9032258064516,3.63217849096893,2.828510810031485,3.5322050333764157,3.63217849096893,3.689524036855285,3.722206714894958,0.8936959048634727
663538,Nico Hoerner,CHC,2B,378,2.077380843579913,3.2974299104443063,266.58947368421053,1.7417119374356174,1.7417119374356174,644.5894736842106,3.81909278101553,3.0088037208991283,3.6228939888111915,3.81909278101553,4.083750079708034,4.149763008059021,1.1409592871598928
650402,Gleyber Torres,DET,2B,359,2.1088256508485865,3.5244996950115652,253.18947368421053,1.9613816269046205,1.9613816269046205,612.1894736842105,4.070207277753207,3.1056165100450035,3.8540328814243883,4.070207277753207,4.185931339774845,4.202206391768337,1.0965898817233342
680757,Steven Kwan,CLE,LF,404,1.7760535629078658,2.6377033112493056,307.39130434782606,1.324070573109684,1.324070573109684,711.391304347826,3.1001241360175498,2.542298907850573,2.958350932185701,3.1001241360175498,3.30024253831706,3.381157204455819,0.8388582966052459
666018,Jonathan Aranda,TBR,1B,358,2.16870194467472,3.6346959966615424,279.3186813186813,2.0529985262608528,2.0529985262608528,637.3186813186812,4.221700470935573,3.1737871298168567,3.8933439313284346,4.221700470935573,4.361186259196327,4.369339327064052,1.1955521972471954
593428,Xander Bogaerts,SDP,SS,379,2.2019348666786613,3.485912717697089,260.5625,1.8923170304550496,1.8923170304550496,639.5625,4.094251897133711,3.168047297069075,3.91742138086311,4.094251897133711,4.242999931547209,4.354105183357003,1.1860578862879274
677800,Wilyer Abreu,BOS,RF,301,0.9020046750351147,1.7980159635251456,201.70103092783503,0.8646053441923994,0.8646053441923994,502.70103092783506,1.7666100192275143,1.5199916883586646,1.7666100192275143,1.7807998409145935,1.7936772920448818,1.8218614764774406,0.30186978811877596
656305,Matt Chapman,SFG,3B,307,1.5590843306665516,3.0470703530942376,211.06250000000003,1.513290500900327,1.513290500900327,518.0625,3.0723748315668784,2.4734205829208746,2.9798179581689777,3.0723748315668784,3.1546566908875677,3.197768037160558,0.7243474542396834
571970,Max Muncy,LAD,3B,315,2.7627050697801456,5.262295371009801,222.1578947368421,2.529337414998211,2.529337414998211,537.1578947368421,5.2920424847783565,3.845230652997624,5.071855262978605,5.2920424847783565,5.381212682855428,5.6529391457372045,1.8077084927395803
673548,Seiya Suzuki,CHC,DH,407,2.974626222919216,4.3851983630258715,287.04210526315785,2.452595682303648,2.452595682303648,694.0421052631579,5.427221905222864,4.023209537612538,5.048248403239203,5.427221905222864,5.589789419428403,5.68938180691748,1.6661722693049426
656811,Ryan O'Hearn,BAL,1B,319,1.7238028033346025,3.242262326021196,268.25,1.7382599353445056,1.7382599353445056,587.25,3.462062738679108,2.685015054590421,3.319474444208804,3.445531661301648,3.462062738679108,3.477212421359014,0.7921973667685929
660670,Ronald Acuña Jr.,ATL,RF,193,2.408408346403157,7.48727983337769,136.1157894736842,1.4749024966427586,1.4749024966427586,329.11578947368423,3.8833108430459156,3.2016836629659746,3.6646646810984733,3.8833108430459156,4.129827328779542,4.1574888716547385,0.9558052086887643
687263,Zach Neto,LAA,SS,328,2.5136678198136972,4.598172841122617,237.27659574468086,2.3586188369876298,2.3586188369876298,565.2765957446809,4.872286656801327,3.57608088598289,4.570397329641249,4.872286656801327,4.8866962535306255,4.977126477627048,1.4010455916441586
667670,Brent Rooker,ATH,DH,426,2.380820401831325,3.353268171593416,278.2040816326531,1.9640604551477294,1.9640604551477294,704.204081632653,4.344880856979055,3.356352331102106,4.09052656670787,4.344880856979055,4.436215793220256,4.447177453773074,1.0908251226709684
669224,Austin Wells,NYY,C,289,1.8222980525539985,3.7833177561674707,198.6875,1.6627312336942857,1.6627312336942857,487.6875,3.485029286248284,2.8660679961847775,3.4690547832556637,3.485029286248284,3.5859446024183557,3.6042847046445967,0.7382167084598192
694671,Wyatt Langford,TEX,CF,332,1.5213070964041198,2.749350174224313,228.25,1.4513674456389116,1.4513674456389116,560.25,2.9726745420430314,2.392395242423282,2.9310988416474153,2.9726745420430314,3.0839839123055213,3.0934263457580276,0.7010311033347458
607043,Brandon Nimmo,NYM,LF,383,1.9289509564246745,3.0218552842162003,256.64948453608247,1.6957151667386938,1.6957151667386938,639.6494845360825,3.6246661231633683,2.8159045463111623,3.398722357763986,3.6246661231633683,3.7784809829320336,3.814496538682962,0.9985919923717996
669221,Sean Murphy,ATL,DH,225,1.3220673142904475,3.5255128381078604,158.68421052631578,1.0967536987357822,1.0967536987357822,383.6842105263158,2.4188210130262298,2.1797184271891816,2.3600801041278587,2.4188210130262298,2.4353678839244948,2.450503164791013,0.2707847376018314
621020,Dansby Swanson,CHC,SS,400,2.444404066466096,3.6666060996991447,282.10526315789474,1.9611016382758595,1.9611016382758595,682.1052631578948,4.405505704741955,3.407561051061923,4.105073896619748,4.405505704741955,4.6417308642870125,4.738374508200212,1.330813457138289
693307,Dillon Dingler,DET,C,265,1.3995747291306762,3.1688484433147384,186.89473684210526,1.2422473560209288,1.2422473560209288,451.89473684210526,2.641822085151605,2.2846367354681263,2.497802909393317,2.641822085151605,2.778757982764009,2.7933734806229102,0.5087367451547841
670770,TJ Friedl,CIN,CF,411,1.9219252851337296,2.805730343260919,275.4123711340206,1.4865377220711549,1.4865377220711549,686.4123711340205,3.4084630072048845,2.740540137444594,3.2357219417194765,3.4084630072048845,3.6638093334905104,3.6770763668577575,0.9365362294131633
671732,Lawrence Butler,ATH,CF,408,1.7325223459390064,2.547826979322068,266.44897959183675,1.2351635429466334,1.2351635429466334,674.4489795918367,2.96768588888564,2.4642823744725146,2.9080289990132924,2.96768588888564,3.265730191243164,3.30926955337382,0.8449871789013056
696100,Hunter Goodman,COL,C,345,0.8627891961294147,1.5005029497902866,249.57446808510636,0.8195550570367811,0.8195550570367811,594.5744680851063,1.6823442531661958,1.3504288459304463,1.637245850158768,1.6823442531661958,1.7030872879186507,1.7280442330650478,0.3776153871346016
665489,Vladimir Guerrero Jr.,TOR,1B,414,1.9564331799835595,2.835410405773275,299.4893617021276,1.6399834438627157,1.6399834438627157,713.4893617021276,3.596416623846275,2.7877267976796345,3.353486924426091,3.596416623846275,3.7018980853723673,3.7593417227791424,0.971614925099508
543807,George Springer,TOR,DH,356,2.9131711510000105,4.909839018539343,257.531914893617,2.783125324688151,2.783125324688151,613.531914893617,5.696296475688161,4.016151183616255,5.228895220881641,5.696296475688161,5.797089048785953,5.814439534972241,1.7982883513559864
680776,Jarren Duran,BOS,CF,438,1.3540256383663885,1.8548296415977925,293.50515463917526,0.9269619437348258,0.9269619437348258,731.5051546391753,2.280987582101214,1.904439361824733,2.1830603697553586,2.280987582101214,2.435228054384097,2.4579826472263773,0.5535432854016442
676391,Ernie Clement,TOR,1B,342,1.4322395723948687,2.5127010042015243,247.40425531914892,1.4041615046071916,1.4041615046071916,589.4042553191489,2.8364010770020602,2.2160661589090225,2.7470993672718014,2.8219268865824407,2.8364010770020602,2.8675838910096614,0.6515177321006389
691406,Junior Caminero,TBR,3B,384,1.8773033754003854,2.933286524063102,299.6043956043956,1.669251722848082,1.669251722848082,683.6043956043957,3.5465550982484677,2.789373797719429,3.3763081836687245,3.5465550982484677,3.6590841781393366,3.7624762689939217,0.973102471274493
663586,Austin Riley,ATL,DH,408,1.6723470754143472,2.4593339344328635,287.7473684210526,1.4162020439098282,1.4162020439098282,695.7473684210527,3.0885491193241754,2.414773889376228,2.876322477707258,3.0885491193241754,3.107393314159797,3.1450115102446135,0.7302376208683854
543760,Marcus Semien,TEX,DH,401,1.891979498391739,2.830892017543749,275.6875,1.5713387365427907,1.5713387365427907,676.6875,3.4633182349345297,2.715444603437436,3.249645224533217,3.4633182349345297,3.642458979367656,3.648193967299891,0.9327493638624548
646240,Rafael Devers,"SFG, BOS",DH,443,2.092406579078055,2.83395924931565,223.81443298969072,1.6428907389279828,1.6428907389279828,666.8144329896907,3.7352973180060376,2.9187962591770664,3.490856908424931,3.7352973180060376,3.8557652569089393,3.923179346051467,1.0043830868744001
694192,Jackson Chourio,MIL,CF,424,1.755894764511522,2.484756742233286,299.0315789473684,1.4109799545000117,1.4109799545000117,723.0315789473684,3.166874719011534,2.522415184047081,2.9884041462089703,3.166874719011534,3.2187634972280064,3.2599649215254596,0.7375497374783785
691016,Tyler Soderstrom,ATH,1B,395,1.5144636752176737,2.300451152229378,257.95918367346934,1.3318073904765864,1.3318073904765864,652.9591836734694,2.84627106569426,2.2599871988036035,2.641855663964007,2.84627106569426,2.848521689543519,2.892942015984815,0.6329548171812113
547180,Bryce Harper,PHI,1B,302,1.5497508611436317,3.0789752208151624,207.625,1.4559403921661842,1.4559403921661842,509.625,3.005691253309816,2.4666277142094626,2.940302609770507,3.005691253309816,3.153043087156875,3.1645257705699774,0.6978980563605149
672640,Otto Lopez,MIA,2B,328,1.2692717607927169,2.3218385868159457,255.91208791208794,1.1784755866053738,1.1784755866053738,583.9120879120879,2.4477473473980904,2.00085104938412,2.3665493911690993,2.4477473473980904,2.5089846937179487,2.528215818247651,0.5273647688635311
518692,Freddie Freeman,LAD,1B,356,1.9422845292635469,3.2735132515677754,251.07368421052632,1.8912703219276814,1.8912703219276814,607.0736842105264,3.833554851191228,2.8925049907621796,3.595641969747184,3.833554851191228,3.8619110168562347,3.8945661193704204,1.0020611286082408
669701,Josh Smith,TEX,1B,341,1.978585078702174,3.4813813701504523,234.4375,1.768866026680925,1.768866026680925,575.4375,3.747451105383099,2.92723994487015,3.5627243346831885,3.747451105383099,3.906858062339865,3.944717435415113,1.0174774905449633
657656,Ramón Laureano,BAL,CF,237,1.4502729392914844,3.6715770614974286,199.29545454545453,1.294374224434269,1.294374224434269,436.2954545454545,2.7446471637257535,2.419314451085113,2.7446471637257535,2.7508849657825682,2.7997802092459825,2.8053486536362593,0.3860342025511465
665833,Oneil Cruz,PIT,CF,360,2.1040406807680663,3.506734467946777,280.8791208791209,1.9545920636141736,1.9545920636141736,640.8791208791208,4.05863274438224,3.07161035001273,3.794902365100945,4.05863274438224,4.200447946810948,4.293806226727607,1.2221958767148768
680718,Addison Barger,TOR,3B,266,1.6103820012875176,3.6324406044079343,192.4255319148936,1.4629482401965535,1.4629482401965535,458.4255319148936,3.0733302414840713,2.5863467734611683,2.934231944740127,3.0733302414840713,3.150803580883965,3.1548137279647035,0.568466954503535
679529,Spencer Torkelson,DET,1B,383,1.3959754724947486,2.186906745422583,270.11578947368423,1.2972595551273307,1.2972595551273307,653.1157894736842,2.6932350276220793,2.109880670720222,2.5140651002869636,2.6687090516804877,2.6932350276220793,2.7331026746778773,0.6232220039576554
663757,Trent Grisham,NYY,CF,309,1.7728703163253219,3.4424666336414016,212.4375,1.6449107299666619,1.6449107299666619,521.4375,3.4177810462919838,2.757114799609263,3.3261392738429505,3.4177810462919838,3.5507327521010152,3.580666459669318,0.823551660060055
701358,Cam Smith,HOU,RF,323,1.291904375419964,2.3998223692011713,239.64516129032256,1.288671753154944,1.288671753154944,562.6451612903226,2.580576128574908,2.060189891134562,2.4946047791668553,2.513780906481673,2.576377245451097,2.580576128574908,0.5203862374403463
575929,Willson Contreras,STL,1B,384,1.0787973771019777,1.6856209017218402,299.6043956043956,0.9872614457408446,0.9872614457408446,683.6043956043957,2.0660588228428223,1.640956519766307,1.957640527167327,2.0432112734358383,2.0619204949802628,2.0660588228428223,0.4251023030765154
686948,Drake Baldwin,ATL,C,211,1.784031998217985,5.0730767721838435,148.81052631578947,1.3538146259686201,1.3538146259686201,359.8105263157895,3.137846624186605,2.6814194787544086,3.1166471883755023,3.137846624186605,3.1468094382782024,3.294724524275882,0.613305045521473
664056,Harrison Bader,MIN,CF,266,0.6939681463775759,1.5653416835584417,202.39130434782606,0.7008301096037468,0.7008301096037468,468.39130434782606,1.3947982559813226,1.1950807794513079,1.2977399369585165,1.353424997181988,1.364291754046673,1.3947982559813226,0.19971747653001481
605141,Mookie Betts,LAD,SS,391,1.7478318014565974,2.682094835994779,275.7578947368421,1.4793960057409217,1.4793960057409217,666.7578947368421,3.227227807197519,2.529643982348551,2.9906201419189014,3.227227807197519,3.3818206470416916,3.4428425657583936,0.9131985834098431
687363,Victor Scott II,STL,CF,323,1.0249665093638443,1.9039625560938283,252.01098901098902,0.9453901367421625,0.9453901367421625,575.0109890109891,1.9703566461060067,1.6258569897853894,1.8895824025401242,1.9703566461060067,2.05759251601256,2.0737824488723593,0.4479254590869701
630105,Jake Cronenworth,SDP,1B,270,1.0529668605675375,2.33992635681675,185.625,0.9067845455054149,0.9067845455054149,455.625,1.9597514060729524,1.7943193829314703,1.9082312622274649,1.9597514060729524,2.0096750746537078,2.040016187242843,0.24569680431137286
668930,Brice Turang,MIL,2B,392,2.0647753342724675,3.1603704096007155,276.46315789473687,1.5945325542781916,1.5945325542781916,668.4631578947369,3.659307888550659,2.9339684694134993,3.4624674759761214,3.659307888550659,4.001190023191982,4.013500179261577,1.0795317098480781
595879,Javier Báez,DET,3B,284,0.9316362209403166,1.968245537197852,200.29473684210527,0.8857101386111836,0.8857101386111836,484.2947368421053,1.8173463595515003,1.5898173335630703,1.7839711944086374,1.8173463595515003,1.84409344463384,1.844924966509922,0.2551076329468519
643289,Mauricio Dubón,HOU,2B,214,0.571508440167114,1.6023601126180766,158.77419354838707,0.5116266235545474,0.5116266235545474,372.7741935483871,1.0831350637216612,1.032721779861698,1.0831350637216612,1.0902036855703399,1.0973047672349572,1.097390747651516,0.06466896778981779
592885,Christian Yelich,MIL,DH,386,2.091173303104285,3.250528450421169,272.2315789473684,1.7343992825027594,1.7343992825027594,658.2315789473685,3.825572585607045,2.989221340862349,3.557633898262691,3.825572585607045,4.069882835897174,4.109566131498433,1.120344790636083
514888,Jose Altuve,HOU,2B,396,1.7006450909216262,2.576734986244888,293.80645161290323,1.485933915518417,1.485933915518417,689.8064516129032,3.186579006440043,2.485889886729728,3.0075385485698716,3.186579006440043,3.237985899492536,3.2686592344825716,0.7827693477528435
661388,William Contreras,MIL,C,390,1.9694622428533888,3.0299419120821365,275.05263157894734,1.601688776838637,1.601688776838637,665.0526315789473,3.5711510196920258,2.8382188258240038,3.4108653968107987,3.5711510196920258,3.8075234278134324,3.8523070757892084,1.0140882499652046
671056,Iván Herrera,STL,DH,175,2.0103934318079877,6.892777480484529,136.53846153846155,1.4526216233397027,1.4526216233397027,311.53846153846155,3.4630150551476904,2.7840290662190954,3.2057132503799566,3.3951429924356225,3.4630150551476904,3.4880677314687274,0.7040386652496322
642715,Willy Adames,SFG,SS,408,1.1500331345606976,1.6912251978833786,280.5,0.9388512451891706,0.9388512451891706,688.5,2.088884379749868,1.6598989925477614,1.9599575100901716,2.088884379749868,2.103833480369011,2.1302345629509825,0.47033557040322116
672275,Patrick Bailey,SFG,C,250,0.37714573064630685,0.9051497535511364,171.875,0.38901967112635055,0.38901967112635055,421.875,0.7661654017726574,0.6846892252309463,0.7266900701399155,0.7415904104840598,0.7545701681718884,0.7661654017726574,0.08147617654171108
596115,Trevor Story,BOS,SS,384,2.0100852636447493,3.1407582244449204,257.3195876288659,1.5627198484296603,1.5627198484296603,641.319587628866,3.5728051120744095,2.868345945425187,3.4193043149830444,3.5728051120744095,3.8808890269707708,3.9148886873786886,1.0465427419535012
666182,Bo Bichette,TOR,SS,420,2.0836037429225316,2.9765767756036166,303.82978723404256,1.6666470222453886,1.6666470222453886,723.8297872340426,3.7502507651679204,2.933461218337986,3.5356325521388996,3.7502507651679204,3.9222828570967216,3.927863981577162,0.9944027632391765
669364,Xavier Edwards,MIA,2B,357,1.478833006277489,2.48543362399578,278.53846153846155,1.2047822774516066,1.2047822774516066,635.5384615384615,2.683615283729096,2.2291347977614424,2.6632875542490986,2.683615283729096,2.879141838776736,2.9525988814200055,0.7234640836585627
701538,Jackson Merrill,SDP,CF,272,1.156059213910141,2.550130618919429,187.0,1.0350216710481686,1.0350216710481686,459.0,2.1910808849583097,1.9513897402280225,2.1512855138260694,2.1910808849583097,2.254968433526221,2.258328378229388,0.30693863800136545
664040,Brandon Lowe,TBR,2B,343,2.032262417362211,3.554977989554888,267.61538461538464,1.8327000918141358,1.8327000918141358,610.6153846153846,3.8649625091763467,3.0014565972592155,3.692026737212454,3.8649625091763467,4.037286219839361,4.07685202101664,1.0753954237574246
650489,Willi Castro,MIN,2B,290,0.8811681453731266,1.8231065076685378,220.6521739130435,0.8216746294783651,0.8216746294783651,510.6521739130435,1.7028427748514918,1.5101248126237463,1.7028427748514918,1.7158955657983732,1.7483877550699205,1.7638387452989663,0.2537139326752199
647304,Josh Naylor,ARI,1B,369,2.4422160011762024,3.9710829287417924,253.6875,2.3028124131476533,2.3028124131476533,622.6875,4.745028414323856,3.5049008304978075,4.4381081530298925,4.745028414323856,4.83394000498413,4.916008854083572,1.4111080235857643
690993,Colt Keith,DET,DH,295,1.3153369016591543,2.675261494899975,208.05263157894737,1.3257445463210562,1.3257445463210562,503.0526315789474,2.6410814479802105,2.1670017137752424,2.575449529434352,2.6410814479802105,2.669949150510665,2.7340132713998178,0.5670115576245753
672515,Gabriel Moreno,ARI,C,188,0.9896810573370215,3.158556565969217,129.25,0.7269470471474093,0.7269470471474093,317.25,1.716628104484431,1.6516031877155437,1.6704352561969915,1.7149644373797779,1.716628104484431,1.76934762017236,0.11774443245681598
643446,Jeff McNeil,NYM,2B,229,1.4347996856067087,3.7593004863057873,153.4536082474227,1.149690636964164,1.149690636964164,382.4536082474227,2.584490322570873,2.3099196471417844,2.575689372263218,2.584490322570873,2.6069376188056763,2.6488500628445806,0.33893041570279636
702332,Caleb Durbin,MIL,3B,272,0.8558909173821722,1.887994670695968,191.83157894736843,0.790554119940226,0.790554119940226,463.8315789473684,1.646445037322398,1.4884786336992222,1.587385192388894,1.646445037322398,1.6792817854261224,1.701086251618882,0.21260761791965999
621493,Taylor Ward,LAA,LF,407,0.8089690384766024,1.1925833491055564,294.4255319148936,0.698540900136273,0.698540900136273,701.4255319148936,1.5075099386128754,1.205359071985923,1.390806287470367,1.4293931415422398,1.5000171750291371,1.5075099386128754,0.30215086662695245
592663,J.T. Realmuto,PHI,C,324,0.9613642734479931,1.780304210088876,222.74999999999997,0.9205030923662699,0.9205030923662699,546.75,1.881867365814263,1.5795778639048705,1.881867365814263,1.915458696129353,1.925173704622536,1.9457960819619093,0.3662182180570387
573262,Mike Yastrzemski,SFG,RF,337,0.7675191206098481,1.36650288535878,231.6875,0.6998613584837708,0.6998613584837708,568.6875,1.467380479093619,1.2081712086126135,1.4424339049455224,1.467380479093619,1.4950582556445848,1.5215497323270912,0.31337852371447783
663968,Jake Mangum,TBR,CF,230,1.0599888165039646,2.765188216966864,179.45054945054946,0.9054833917943848,0.9054833917943848,409.4505494505495,1.9654722082983493,1.8447718393457404,1.9368732008677214,1.9654722082983493,2.017760550385503,2.033725093874917,0.18895325452917688
623168,Tyler Heineman,TOR,C,94,0.9579577941188777,6.1146242177800705,67.99999999999999,0.5096934255736479,0.5096934255736479,162.0,1.4676512196925255,1.396770591296655,1.4208845743539151,1.4634900627717764,1.4676512196925255,1.5172927838806487,0.12052219258399377
701762,Nick Kurtz,ATH,1B,235,1.3057637105025073,3.333864792772359,153.46938775510205,1.0867731613513456,1.0867731613513456,388.46938775510205,2.392536871853853,2.1625957714235704,2.325665490762237,2.392536871853853,2.423275204520507,2.4294747933722567,0.2668790219486862
686555,Isaac Collins,MIL,LF,228,0.6216698445887043,1.6359732752334324,160.8,0.5761063167771192,0.5761063167771192,388.8,1.1977761613658235,1.0928313859463767,1.1585801794689319,1.1831258599035546,1.1929744960120965,1.1977761613658235,0.10494477541944675
808982,Jung Hoo Lee,SFG,CF,385,1.4427334150033864,2.248415711693589,264.6875,1.1062573397130815,1.1062573397130815,649.6875,2.548990754716468,2.098383135846661,2.4043108469882903,2.548990754716468,2.723707684025335,2.7914097118397327,0.6930265759930716
808975,Hyeseong Kim,LAD,2B,119,1.2062248715335184,6.081806074958917,83.92631578947368,0.6333003139191196,0.6333003139191196,202.92631578947368,1.839525185452638,1.7349171423122731,1.820765686603588,1.839525185452638,1.8558479795524163,1.8940578821478848,0.15914073983561172
700250,Ben Rice,NYY,DH,302,1.2777243512206604,2.53852520110065,207.625,1.2531846220258567,1.2531846220258567,509.625,2.5309089732465173,2.083117616814395,2.5260096546519746,2.5309089732465173,2.559735361706317,2.6255001548200454,0.5423825380056508
664770,Nathan Lukes,TOR,CF,216,0.8242318334532344,2.289532870703429,156.25531914893617,0.6835600073996605,0.6835600073996605,372.25531914893617,1.507791840852895,1.4815960410078,1.501701307440424,1.507791840852895,1.5246665275431979,1.55137854757665,0.06978250656884988
694497,Evan Carter,TEX,DH,151,1.2901944286057858,5.126600378566037,103.8125,0.9076866132483141,0.9076866132483141,254.8125,2.1978810418541,1.909418389321099,2.1195924197981517,2.134627551070936,2.1978810418541,2.2013921309969504,0.2919737416758512
694384,Nolan Schanuel,LAA,1B,396,1.1602230167424432,1.7579136617309745,286.46808510638294,0.9756137550684145,0.9756137550684145,682.4680851063829,2.1358367718108577,1.7152498482951768,1.9865098587679728,2.1358367718108577,2.1479502374133808,2.1987241107992395,0.48347426250406256
545361,Mike Trout,LAA,DH,299,1.578014832877465,3.16658494891799,216.29787234042553,1.5882506414368402,1.5882506414368402,515.2978723404256,3.1662654743143053,2.5412172710004945,3.0492295004084884,3.1662654743143053,3.2569875146889835,3.2584685482426288,0.7172512772421343
663853,Romy Gonzalez,BOS,1B,154,1.2401114963555955,4.831603232554269,103.19587628865979,0.7929348905843496,0.7929348905843496,257.1958762886598,2.033046386939945,1.8554571083730251,1.975614038538507,2.033046386939945,2.051336078955031,2.0668101162788677,0.21135300790584266
676475,Alec Burleson,STL,1B,316,1.3073486231827525,2.482307512372315,246.54945054945054,1.3355285185171117,1.3355285185171117,562.5494505494505,2.642877141699864,2.102702792188155,2.557236583191515,2.597715166937016,2.6328697729633337,2.642877141699864,0.5401743495117095
680777,Ryan Jeffers,MIN,C,288,1.1915670180362843,2.4824312875755923,219.1304347826087,1.2091850450769377,1.2091850450769377,507.1304347826087,2.400752063113222,2.0155004756174804,2.3510720701003462,2.397616503764029,2.400752063113222,2.4196238775563774,0.4041234019388972
682177,Daniel Schneemann,CLE,2B,239,0.4035693477820927,1.013144806147513,181.84782608695653,0.421180664607583,0.421180664607583,420.8478260869565,0.8247500123896757,0.7253507540883972,0.7653074259718748,0.7880873945028835,0.7931980110602944,0.8247500123896757,0.09939925830127844
668939,Adley Rutschman,BAL,C,276,1.32735813270163,2.8855611580470213,232.09090909090907,1.2984183733896981,1.2984183733896981,508.09090909090907,2.625776506091328,2.2702978414593264,2.5855863971257715,2.625776506091328,2.642556529244989,2.770701183095378,0.5004033416360512
657757,Gavin Sheets,SDP,DH,349,0.8383612903695962,1.4413088086583314,239.9375,0.7802471716337449,0.7802471716337449,588.9375,1.618608462003341,1.3009441194465907,1.604923025001951,1.618608462003341,1.6407815904083598,1.6608426062242307,0.3598984867776401
650490,Yandy Díaz,TBR,DH,404,1.4480744488164807,2.1506056170541794,315.20879120879124,1.2731883175726748,1.2731883175726748,719.2087912087912,2.7212627663891555,2.1253481419402735,2.471280208569053,2.647461704243338,2.7212627663891555,2.7278782547085756,0.6025301127683018
502671,Paul Goldschmidt,NYY,1B,367,1.3231077670395197,2.1631189651872256,252.3125,1.2705997399012319,1.2705997399012319,619.3125,2.593707506940752,2.0029660268113476,2.398609022152666,2.57345305621062,2.593707506940752,2.64604719260827,0.6430811657969226
593871,Jorge Polanco,SEA,DH,293,2.3328454718037506,4.777157962738055,206.6421052631579,2.2626217397365944,2.2626217397365944,499.6421052631579,4.595467211540345,3.443662783009464,4.423903867617449,4.595467211540345,4.64668077726529,4.658684415584112,1.2150216325746477
669242,Tommy Edman,LAD,2B,291,0.3713701399302305,0.7657116287221247,205.23157894736843,0.4019942043250879,0.4019942043250879,496.23157894736846,0.7733643442553184,0.6483373523998478,0.7208829973284016,0.7460803124029481,0.7733643442553184,0.7767093213991654,0.12837196899931758
666176,Jo Adell,LAA,CF,326,1.4487989605116338,2.6665011543158905,235.82978723404253,1.2640265076288373,1.2640265076288373,561.8297872340426,2.712825468140471,2.228169589400678,2.696603442214573,2.712825468140471,2.89531311570878,2.937055810412094,0.7088862210114161
671218,Heliot Ramos,SFG,LF,413,0.9298072492194797,1.350809563030721,283.9375,0.7692862909624276,0.7692862909624276,696.9375,1.6990935401819072,1.3661510965478045,1.5773396343922754,1.6426398331655907,1.6990935401819072,1.7166531426396827,0.35050204609187813
664761,Alec Bohm,PHI,1B,379,0.9388939123573306,1.486375586845378,260.5625,0.8381699340083805,0.8381699340083805,639.5625,1.777063846365711,1.3999494207851577,1.6721117398799672,1.772268240390803,1.777063846365711,1.7876263510545263,0.3876769302693687
656555,Rhys Hoskins,MIL,1B,318,0.7319995094973681,1.381131149995034,224.2736842105263,0.7117375279242701,0.7117375279242701,542.2736842105263,1.4437370374216383,1.178737830564705,1.4285203262831507,1.4437370374216383,1.4570104569229678,1.4647274265574617,0.2859895959927567
672761,Wenceel Pérez,DET,CF,142,0.43844109662529424,1.852568013909694,100.14736842105263,0.37828969026890313,0.37828969026890313,242.14736842105265,0.8167307868941973,0.8042350781846841,0.8115389106974225,0.8167307868941973,0.8193853566164279,0.9093431097157874,0.10510803153110321
624431,Jose Trevino,CIN,C,186,0.924363568854481,2.981817964046713,124.63917525773195,0.7089526133690198,0.7089526133690198,310.63917525773195,1.633316182223501,1.5722719308859756,1.593589520109426,1.6045791825878108,1.633316182223501,1.6640666460347795,0.09179471514880388
664023,Ian Happ,CHC,LF,402,0.7309013404333822,1.0908975230348987,283.51578947368426,0.6209524753809831,0.6209524753809831,685.5157894736842,1.3518538158143651,1.0639659737232603,1.1933286684462499,1.3202574721961282,1.3518538158143651,1.3804412422546428,0.3164752685313825
669397,Nick Allen,ATL,SS,283,0.22507792638673912,0.4771970170743586,199.58947368421053,0.2389527092616104,0.2389527092616104,482.58947368421053,0.46403063564834957,0.41611353193447387,0.45163896478729443,0.46403063564834957,0.47387041717937584,0.4875153241897676,0.07140179225529375
689414,Liam Hicks,MIA,1B,198,0.9525155588917761,2.8864107845205336,154.4835164835165,0.7400194771511182,0.7400194771511182,352.4835164835165,1.6925350360428943,1.6382704866239484,1.6486488544719937,1.679266918881864,1.6925350360428943,1.763367629701563,0.12509714307761455
665019,Kody Clemens,"PHI, MIN",1B,170,0.699284426988442,2.468062683488619,236.875,0.6582130962814202,0.6582130962814202,406.875,1.357497523269862,1.3395778110234855,1.3484744667457869,1.357497523269862,1.3672874598439737,1.4449422257121631,0.10536441468867774
676059,Jordan Westburg,BAL,2B,180,0.8885301839628941,2.9617672798763137,151.36363636363637,0.6601199860092838,0.6601199860092838,331.3636363636364,1.548650169972178,1.538521814066214,1.5401824054257465,1.548650169972178,1.5995402604382425,1.6236774984636377,0.0851556843974236
681082,Bryson Stott,PHI,2B,348,0.486480250418208,0.8387590524451863,239.25,0.5156134127856578,0.5156134127856578,587.25,1.0020936632038657,0.7312942600244275,0.872306418328205,0.9435585077687894,0.9855090491093539,1.0020936632038657,0.27079940317943824
665926,Andrés Giménez,TOR,2B,238,0.2706874365809425,0.682405302304897,172.17021276595744,0.2843586171659172,0.2843586171659172,410.17021276595744,0.5550460537468598,0.5251612755117808,0.5292092780133268,0.5399017572434976,0.5550460537468598,0.5595759206643933,0.0344146451526125
571448,Nolan Arenado,STL,3B,347,0.7338155678956073,1.268845362355517,270.7362637362638,0.7325847399636998,0.7325847399636998,617.7362637362638,1.466400307859307,1.1315256995983127,1.3840215106801221,1.391947597401803,1.437969964798893,1.466400307859307,0.3348746082609943
643565,Mike Tauchman,CHW,RF,184,0.8575961463522841,2.796509172887883,136.51612903225808,0.6603223701584997,0.6603223701584997,320.51612903225805,1.5179185165107838,1.4902145752818243,1.4925758745376265,1.4934352013435848,1.5179185165107838,1.5646592437811702,0.07444466849934583
669720,Austin Hays,CIN,LF,192,1.001664568209028,3.1302017756532123,128.65979381443296,0.7350583865875187,0.7350583865875187,320.659793814433,1.7367229547965466,1.664462288392446,1.6937234904917644,1.7353488960947578,1.7367229547965466,1.7840498905794495,0.11958760218700348
672016,Denzel Clarke,ATH,CF,149,-0.02530523097722868,-0.10190025896870611,97.3061224489796,0.14974724876319773,0.14974724876319773,246.30612244897958,0.12444201778596904,0.119908839490264,0.12444201778596904,0.12631086545694842,0.12650678938473617,0.12920369645815427,0.009294856967890258
702616,Jackson Holliday,BAL,2B,373,0.7227328370766763,1.162572928273474,313.6590909090909,0.6670420225443581,0.6670420225443581,686.6590909090909,1.3897748596210344,1.066373328587573,1.2236500848099734,1.3243164603940594,1.3897748596210344,1.3996224421150576,0.3332491135274846
542303,Marcell Ozuna,ATL,DH,389,1.1143052590045741,1.7187227645314767,274.34736842105264,0.9715697196178733,0.9715697196178733,663.3473684210526,2.0858749786224475,1.6389369794469846,1.9451400099101415,2.0858749786224475,2.08675838674404,2.0916381489105382,0.4527011694635539
680474,Max Schuemann,ATH,DH,116,0.37728691556681665,1.9514840460352587,75.75510204081633,0.33796575428925024,0.33796575428925024,191.75510204081633,0.7152526698560668,0.7094674310528648,0.7136168956433828,0.7152526698560668,0.7167402118716236,0.7997953337918466,0.09032790273898178
691176,Jasson Domínguez,NYY,LF,309,1.6252215104266423,3.1557699231585286,212.4375,1.5495626212713456,1.5495626212713456,521.4375,3.174784131697988,2.5388941567161223,3.023035699373577,3.174784131697988,3.2850862361590054,3.3047799493573526,0.7658857926412306
672356,Gabriel Arias,CLE,2B,281,0.5898120491808917,1.259385158393363,213.80434782608697,0.595007880539168,0.595007880539168,494.804347826087,1.1848199297200597,1.0217649340374153,1.1551571731931087,1.1644350724731658,1.1786632238665247,1.1848199297200597,0.16305499568264442
642851,Austin Wynns,"ATH, CIN",DH,96,0.9142550967943315,5.714094354964572,28.814639179209976,0.8270910902913917,0.8270910902913917,124.81463917920998,1.7413461870857232,1.5789082770516263,1.658655379863236,1.7239345019556214,1.7413461870857232,1.8859229871423284,0.30701471009070214
467793,Carlos Santana,CLE,1B,360,0.5676597900724464,0.9460996501207439,273.9130434782609,0.584334625009997,0.584334625009997,633.9130434782609,1.1519944150824433,0.8669197520962777,1.0222961920460316,1.0832635688656151,1.1519944150824433,1.1578178396677754,0.29089808757149765
660821,Jesús Sánchez,MIA,CF,293,0.6240670732607047,1.2779530510458115,228.6043956043956,0.6038754400697113,0.6038754400697113,521.6043956043956,1.227942513330416,1.068489020224857,1.227942513330416,1.236365124734372,1.2365542472435613,1.2472481299554872,0.17875910973063008
680574,Matt McLain,CIN,2B,357,0.5796063942176967,0.9741283936431877,239.2268041237114,0.5889592643389807,0.5889592643389807,596.2268041237114,1.1685656585566773,0.8840618005463223,1.0826146329670518,1.1051423412204389,1.1685656585566773,1.1695263089107129,0.2854645083643906
663457,Lars Nootbaar,STL,CF,386,0.49192313521969366,0.7646473604451197,301.16483516483515,0.4804686852254496,0.4804686852254496,687.1648351648352,0.9723918204451433,0.7389165952521519,0.802028204018278,0.9074559398475894,0.9723918204451433,0.9780754448120299,0.23915884955987798
663647,Ke'Bryan Hayes,PIT,3B,350,-0.24651766883025142,-0.4226017179947167,273.07692307692304,-0.08411870883278703,-0.08411870883278703,623.0769230769231,-0.33063637766303844,-0.4343395748210589,-0.40528656433926186,-0.34941408271824526,-0.33063637766303844,-0.25870849215446146,0.17563108266659744
656775,Cedric Mullins,BAL,CF,312,1.589370860162173,3.056482423388794,262.3636363636364,1.4543603955422806,1.4543603955422806,574.3636363636364,3.0437312557044534,2.476609283987718,2.962154475255628,3.0437312557044534,3.198848819309184,3.2281364676298603,0.7515271836421422
641857,Ryan McMahon,COL,3B,377,-0.1682209852601361,-0.2677257059843015,272.7234042553191,0.00924985112867589,0.00924985112867589,649.7234042553191,-0.15897113413146022,-0.26810907060317135,-0.2306001999084676,-0.22329218689220354,-0.16089793937005545,-0.15897113413146022,0.10913793647171117
669743,Alex Call,WSN,LF,217,0.6906993304620193,1.9097677339963663,149.1875,0.6104667579562872,0.6104667579562872,366.1875,1.3011660884183065,1.2368795106833095,1.2843580551919813,1.3011660884183065,1.3016868711560126,1.3122380582635351,0.07535854758022564
643396,Isiah Kiner-Falefa,PIT,3B,299,0.6798484510358271,1.364244383349486,233.28571428571425,0.6576724663580976,0.6576724663580976,532.2857142857142,1.3375209173939249,1.1131344912513015,1.3207814526737347,1.3341411066976159,1.3375209173939249,1.3725860105133632,0.25945151926206167
665804,Miguel Amaya,CHC,C,100,0.868643252158842,5.211859512953052,70.52631578947368,0.5000771255654072,0.5000771255654072,170.5263157894737,1.3687203777242491,1.3069287899551378,1.3422293532843006,1.3550638064381455,1.3687203777242491,1.3958112156387887,0.0888824256836509
681481,Kerry Carpenter,DET,LF,280,0.4303676154384872,0.9222163187967584,197.47368421052633,0.45850715257773034,0.45850715257773034,477.47368421052636,0.8888747680162176,0.733093732274265,0.8086200987690326,0.8643594679197699,0.8731494539445999,0.8888747680162176,0.15578103574195257
701350,Roman Anthony,BOS,LF,124,0.3832822611228621,1.854591586078365,83.09278350515463,0.3547217033654299,0.3547217033654299,207.0927835051546,0.7380039644882921,0.7194450771723769,0.7224345847819013,0.7254929194621297,0.7380039644882921,0.8284041458324339,0.108959068660057
656976,Pavin Smith,ARI,DH,264,1.0185099824045194,2.314795414555726,181.5,0.9438343575284562,0.9438343575284562,445.5,1.9623443399329756,1.7605448868712676,1.9234542126056962,1.9495050374249623,1.9623443399329756,1.9769920510837629,0.2164471642124952
673237,Yainer Diaz,HOU,C,339,0.8608761215108645,1.523674551346663,251.51612903225805,0.8256946607002068,0.8256946607002068,590.516129032258,1.6865707822110712,1.3209812183523233,1.6316803051431656,1.6865707822110712,1.7120692304440515,1.7156826983766251,0.39470148002430167
676609,José Caballero,TBR,2B,243,0.6061046970521665,1.4965548075362134,189.5934065934066,0.5688422368665664,0.5688422368665664,432.5934065934066,1.1749469339187328,1.0433043158507078,1.0961246455760847,1.1749469339187328,1.1869010291105837,1.1871824659161083,0.1438781500654004
682622,Noelvi Marte,CIN,3B,104,0.8982700474028046,5.182327196554642,69.69072164948453,0.4968363760661902,0.4968363760661902,173.69072164948454,1.3951064234689947,1.3449859519529141,1.371808288387618,1.3951064234689947,1.3997223579599547,1.4385632895594012,0.09357733760648695
805367,Chase Meidroth,CHW,2B,296,0.6073413782081698,1.2310973882598035,219.61290322580643,0.5780585240835401,0.5780585240835401,515.6129032258065,1.1853999022917099,1.0451438604887655,1.1853999022917099,1.1907796577991259,1.206934903368413,1.2131463727920062,0.16800251230324076
650968,Yohel Pozo,STL,C,97,0.5911200047385714,3.656412400444772,75.68131868131869,0.41780811644316607,0.41780811644316607,172.6813186813187,1.0089281211817376,0.9729123890160589,0.9824899061811138,0.997817848847151,1.0089281211817376,1.072836453567108,0.09992406455104902
620443,Luis Torrens,NYM,C,192,0.39205846352303836,1.225182698509495,128.659793814433,0.3676620525005398,0.3676620525005398,320.659793814433,0.7597205160235782,0.7381142879180761,0.7463060240190974,0.748107897906499,0.7585588027670129,0.7597205160235782,0.021606228105502057
621043,Carlos Correa,MIN,3B,322,0.7584196134579086,1.413204248679333,244.99999999999997,0.723992455814157,0.723992455814157,567.0,1.4824120692720657,1.2131999750679188,1.4824120692720657,1.5111075085098662,1.5222225209730236,1.6666042485278922,0.45340427345997336
624641,Edmundo Sosa,PHI,2B,144,0.4124042815159711,1.7183511729832128,99.0,0.3602417562330973,0.3602417562330973,243.0,0.7726460377490684,0.7692212048678685,0.7698807076477495,0.7714738174122786,0.7726460377490684,0.8046132424986306,0.03539203763076215
687597,Jordan Beck,COL,LF,337,0.07687978925017841,0.13687796305669747,243.78723404255317,0.1212639403255748,0.1212639403255748,580.7872340425531,0.1981437295757532,0.11917131546703905,0.11976983006129868,0.14417787245448183,0.15357768324450827,0.1981437295757532,0.07897241410871417
666969,Adolis García,TEX,RF,373,0.33823050588296627,0.5440705188465945,256.4375,0.32890707807493236,0.32890707807493236,629.4375,0.6671375839578986,0.5202780170496847,0.5642917460990589,0.6452008528367648,0.6671375839578986,0.6890255684728688,0.16874755142318407
663743,Nick Fortes,MIA,C,128,0.3109165969875147,1.4574215483789752,99.86813186813187,0.3368874041829204,0.3368874041829204,227.86813186813185,0.6478040011704351,0.6113902213361352,0.6167124580569365,0.6276162522819994,0.6478040011704351,0.6638981760405275,0.05250795470439229
642136,Matt Thaiss,"CHW, TBR",DH,173,0.19906993631784478,0.6904159641081322,62.417582294659404,0.19320503000456907,0.19320503000456907,235.4175822946594,0.3922749663224139,0.36779993366061803,0.38950254588589484,0.3922749663224139,0.40069037344766034,0.4027444556854727,0.034944522024854596
500743,Miguel Rojas,LAD,2B,139,0.42937035021290654,1.8533971951636254,98.03157894736842,0.3836384751009032,0.3836384751009032,237.03157894736842,0.8130088253138097,0.8082185217369544,0.8121378014501941,0.8130088253138097,0.8132854084344194,0.8885535529064956,0.08033503116954127
669016,Brandon Marsh,PHI,CF,225,0.5397485252292729,1.4393294006113941,154.6875,0.4811029430537065,0.4811029430537065,379.6875,1.0208514682829795,0.9467964544702179,1.000399109454265,1.0208514682829795,1.0308686959682496,1.0387920667748454,0.09199561230462738
693304,Nick Gonzales,PIT,2B,144,0.3758381551862576,1.5659923132760736,112.35164835164835,0.34352168284708484,0.34352168284708484,256.35164835164835,0.7193598380333425,0.7114503668464401,0.7181831001191966,0.7193598380333425,0.7255112160669649,0.746510186506524,0.03505981966008387
683146,Brett Baty,NYM,2B,242,0.5423631045498218,1.3447019121069963,162.16494845360825,0.5175848900031603,0.5175848900031603,404.16494845360825,1.0599479945529822,0.9476318882348507,1.0095670738134004,1.0456408950384142,1.0520384399250753,1.0599479945529822,0.11231610631813149
669127,Shea Langeliers,ATH,C,267,1.1832194968870207,2.658920217723642,174.3673469387755,1.06014813664327,1.06014813664327,441.36734693877554,2.2433676335302906,1.9831029044342436,2.1970154049965696,2.2433676335302906,2.2717689707315545,2.33091422826023,0.34781132382598634
686527,Dominic Canzone,SEA,RF,97,0.9072156470264504,5.611643177483199,68.41052631578947,0.5032141444336644,0.5032141444336644,165.41052631578947,1.410429791460115,1.3454677169325513,1.372853735013237,1.4078200065679032,1.410429791460115,1.4619892033775979,0.11652148644504645
683011,Anthony Volpe,NYY,SS,384,1.109686695581321,1.733885461845814,264.0,0.9741788111080032,0.9741788111080032,648.0,2.083865506689324,1.6626732558482424,1.9751439132927622,2.083865506689324,2.1038262639528487,2.152025800468068,0.4893525446198258
666971,Lourdes Gurriel Jr.,ARI,LF,385,0.4132929453032818,0.6440929017713483,264.6875,0.3851700287367249,0.3851700287367249,649.6875,0.7984629740400067,0.6336816979180655,0.7193730265661787,0.7634141422691328,0.7984629740400067,0.8174465919680407,0.18376489404997517
608701,Rob Refsnyder,BOS,DH,124,0.6300438127768518,3.048599094081541,83.09278350515463,0.4589432971964936,0.4589432971964936,207.0927835051546,1.0889871099733455,1.0656122715264675,1.0659388746462692,1.0738106883664504,1.0889871099733455,1.164962626394895,0.09935035486842736
667472,Dane Myers,MIA,CF,218,0.5895291591733196,1.6225573188256501,170.08791208791212,0.5452353188467155,0.5452353188467155,388.0879120879121,1.1347644780200352,1.0626695776228612,1.123192897902441,1.123730325824139,1.1347644780200352,1.1420398819872528,0.07937030436439152
681715,Heriberto Hernández,MIA,DH,85,0.6102695351226882,4.307784953807211,66.31868131868131,0.38950162198236415,0.38950162198236415,151.3186813186813,0.9997711571050524,0.9930563994180005,0.9958310495532263,0.9997711571050524,1.0017775851043371,1.0751205709385312,0.0820641715205308
664702,Myles Straw,TOR,CF,189,0.14097331417264308,0.44753433070680343,136.72340425531914,0.2069699346570562,0.2069699346570562,325.7234042553191,0.3479432488296993,0.33322119671942163,0.3439076621474424,0.344617192709713,0.3461816847856047,0.3479432488296993,0.014722052110277634
687401,Joey Ortiz,MIL,SS,319,0.2088565590694476,0.39283365342215854,224.97894736842107,0.21843048468099824,0.21843048468099824,543.9789473684211,0.42728704375044585,0.354366790222994,0.41087958277039294,0.41098778895786736,0.42728704375044585,0.4347210527265689,0.08035426250357491
686780,Pedro Pagés,STL,C,246,0.13951787381033265,0.34028749709837236,191.93406593406593,0.1598315410474683,0.1598315410474683,437.9340659340659,0.299349414857801,0.2914098153348812,0.2932433143838429,0.299349414857801,0.31211082775591203,0.31890105426682347,0.027491238931942275
606192,Teoscar Hernández,LAD,RF,311,0.5653305741356603,1.0906699179466117,219.33684210526317,0.5533788221445247,0.5533788221445247,530.3368421052631,1.118709396280185,0.9403315493385536,1.1079499135425226,1.118709396280185,1.1295728668870793,1.1716525784049583,0.23132102906640478
673962,Josh Jung,TEX,3B,297,0.44962903052685516,0.9083414758118286,204.1875,0.4568069397798361,0.4568069397798361,501.1875,0.9064359703066913,0.7608978472075001,0.8893629813771586,0.8974490309289311,0.9064359703066913,0.9210794410755119,0.16018159386801173
662139,Daulton Varsho,TOR,CF,100,0.502447347506595,3.0146840850395704,72.34042553191489,0.3753679483412666,0.3753679483412666,172.3404255319149,0.8778152958478616,0.8651579984492451,0.8745902738698605,0.8753457169567445,0.8778152958478616,0.9609770459886408,0.09581904753939563
666023,Freddy Fermin,KCR,C,179,0.7784415720297905,2.6093013587590743,119.94845360824743,0.5409002029659479,0.5409002029659479,298.9484536082474,1.3193417749957383,1.3193417749957383,1.3318321572689469,1.3323762306304823,1.353106338202386,1.4094559045754587,0.09011412957972031
677595,Ronny Mauricio,NYM,3B,103,0.4155884587628607,2.4209036432788005,69.02061855670102,0.3728846440013743,0.3728846440013743,172.02061855670104,0.788473102764235,0.74265738919434,0.7481863750207332,0.7581346662322159,0.788473102764235,0.8235861803561403,0.08092879116180024
643376,Danny Jansen,TBR,C,233,0.22927466207710098,0.5904068551341657,181.7912087912088,0.23989158820671883,0.23989158820671883,414.79120879120876,0.4691662502838198,0.452320582580363,0.4528900812665032,0.4691662502838198,0.47600195247780386,0.4763979265290432,0.02407734394868022
696285,Jacob Young,WSN,CF,226,-0.1079691833894626,-0.2866438497065379,155.375,0.016354955777204597,0.016354955777204597,381.375,-0.091614227612258,-0.12809604939775987,-0.10754694807511336,-0.091614227612258,-0.09023612102505567,-0.06011889051583158,0.06797715888192828
666310,Bo Naylor,CLE,C,244,0.1892169971960523,0.46528769802307945,185.6521739130435,0.21332648070366061,0.21332648070366061,429.6521739130435,0.4025434778997129,0.37494982268974597,0.37870437310843297,0.39785061742871763,0.4025434778997129,0.42253007534805864,0.047580252658312616
802415,Chandler Simpson,TBR,CF,200,0.8981937450355272,2.6945812351065817,156.04395604395606,0.7036006482725627,0.7036006482725627,356.0439560439561,1.60179439330809,1.5511608059355675,1.5541068773231048,1.6014084461440001,1.60179439330809,1.6764157048420918,0.1252548989065243
641555,J.C. Escarra,NYY,C,93,0.4234482319837966,2.731924077314817,63.93750000000001,0.360289601426997,0.360289601426997,156.9375,0.7837378334107936,0.7571193827745133,0.7620214149602557,0.7666115749283027,0.7837378334107936,0.8655405427246454,0.10842115995013224
681297,Colton Cowser,BAL,CF,147,0.6873775341763052,2.8056225884747152,123.61363636363636,0.49855385502351535,0.49855385502351535,270.6136363636364,1.1859313891998204,1.1859313891998204,1.189158938849651,1.2028516525341182,1.2136084386722363,1.276165663690095,0.09023427449027466
672820,Lenyn Sosa,CHW,1B,298,0.4305118607803965,0.8668024042558319,221.09677419354838,0.46084662182767155,0.46084662182767155,519.0967741935484,0.891358482608068,0.7225812337859459,0.8286098288253637,0.8426996509431852,0.8726354441194678,0.891358482608068,0.1687772488221222
669477,Casey Schmitt,SFG,1B,135,0.42740018109803823,1.8995563604357255,92.8125,0.3512087917871077,0.3512087917871077,227.8125,0.778608972885146,0.7765374741706377,0.778608972885146,0.7891003757374858,0.7944369456910435,0.8670060030197806,0.09046852884914292
602104,Ramón Urías,BAL,2B,256,0.41004744902477813,0.9610487086518237,215.27272727272725,0.41173628810041946,0.41173628810041946,471.27272727272725,0.8217837371251976,0.7330849398528223,0.7950251361423915,0.8074397418072212,0.8217837371251976,0.8246276863738456,0.0915427465210234
686469,Vinnie Pasquantino,KCR,1B,404,0.8309859554465596,1.2341375575939004,270.72164948453604,0.6933031501634811,0.6933031501634811,674.7216494845361,1.5242891056100407,1.2300750272986418,1.3702455881365458,1.4767156142101046,1.5242891056100407,1.5266921054022315,0.29661707810358956
660844,Leo Rivas,SEA,DH,73,0.5603501823859605,4.605617937418853,51.48421052631578,0.37344179930723387,0.37344179930723387,124.48421052631578,0.9337919816931943,0.9061163100405322,0.9109239552381212,0.9249322373004373,0.9337919816931943,0.9994828420837958,0.09336653204326362
605170,Victor Caratini,HOU,1B,237,0.7283942380711379,1.844036045749716,175.83870967741936,0.662315375609228,0.662315375609228,412.8387096774194,1.3907096136803658,1.2918621148433242,1.3819352721055873,1.3907096136803658,1.4109743718665924,1.4691117421668614,0.177249627323537
679032,Johan Rojas,PHI,CF,156,0.09603847262287352,0.36937874085720585,107.25,0.19436680040888193,0.19436680040888193,263.25,0.29040527303175545,0.2852337298462908,0.2884435257140786,0.28886409625626486,0.29040527303175545,0.2904701321226497,0.005236402276358937
668715,Spencer Steer,CIN,1B,351,0.17056952962971228,0.2915718455208757,235.2061855670103,0.18455263020780302,0.18455263020780302,586.2061855670103,0.35512215983751527,0.27116456307047376,0.30490458976769663,0.31999472903752335,0.3420657430217794,0.35512215983751527,0.08395759676704154
664728,Kyle Isbel,KCR,CF,250,-0.01629816578832956,-0.03911559789199094,167.5257731958763,0.049502039498023766,0.049502039498023766,417.5257731958763,0.0332038737096942,0.012786337386318552,0.013660046361139953,0.023757386540658076,0.0332038737096942,0.033596099567026166,0.020809762180707618
671289,Tyler Freeman,COL,2B,188,0.44131137694364414,1.408440564713758,136.00000000000003,0.4033822822562972,0.4033822822562972,324.0,0.8446936591999413,0.8180213884651018,0.8266803254389266,0.8382154677857656,0.8446936591999413,0.8522171561546664,0.034195767689564616
670042,Luke Raley,SEA,1B,156,0.40985218558799835,1.5763545599538398,110.02105263157894,0.3520802883386669,0.3520802883386669,266.0210526315789,0.7619324739266653,0.7454082603656348,0.7560029230871324,0.7619324739266653,0.7671223066641211,0.7940151374803885,0.04860687711475381
664034,Ty France,MIN,1B,353,-0.453593698773729,-0.7709807911168198,268.5869565217391,-0.20802227707480286,-0.20802227707480286,621.5869565217391,-0.6616159758485318,-0.7905849970406575,-0.7647453715020891,-0.6616159758485318,-0.6196930226777692,-0.4961400383093627,0.2944449587312948
670242,Matt Wallner,MIN,RF,201,0.17813862414155074,0.5317570869897037,152.93478260869566,0.21854505975510857,0.21854505975510857,353.9347826086956,0.3966836838966593,0.3851733648346377,0.38947045309687484,0.39448788761580583,0.3955179904279723,0.3966836838966593,0.011510319062021601
660162,Yoán Moncada,LAA,3B,135,0.7539431779321917,3.3508585685875185,97.65957446808511,0.5040340904701347,0.5040340904701347,232.6595744680851,1.2579772684023265,1.2497181886757096,1.2579772684023265,1.2621280973032456,1.2627938747620706,1.3608772535408162,0.11115906486510663
624512,Reese McGuire,CHC,C,66,0.29514018715870677,2.6830926105336976,46.547368421052624,0.3172051007659605,0.3172051007659605,112.54736842105262,0.6123452879246672,0.5966488259003051,0.5979427215635053,0.6048816990838721,0.6123452879246672,0.6809508346173583,0.08430200871705323
663886,Tyler Stephenson,CIN,C,217,0.1983728452254977,0.5484963462456157,145.4123711340206,0.22818722016849502,0.22818722016849502,362.4123711340206,0.4265600653939927,0.4132845484219165,0.41473953688353343,0.42586334092052314,0.4265600653939927,0.4332342098049535,0.019949661383037
666139,Josh Lowe,TBR,RF,211,0.6209889286794386,1.765845294823048,164.6263736263736,0.5370413342768898,0.5370413342768898,375.6263736263736,1.1580302629563284,1.1092133613518365,1.1101530973701486,1.1479826517096572,1.1580302629563284,1.176608700360353,0.06739533900851646
621438,Tyrone Taylor,NYM,CF,273,0.06571482907290616,0.1444281957646289,182.9381443298969,0.09292941594430251,0.09292941594430251,455.9381443298969,0.15864424501720867,0.13346895464558056,0.13418307063251556,0.146112924655128,0.1468546289833856,0.15864424501720867,0.025175290371628106
691785,Marcelo Mayer,BOS,DH,124,0.14892374134346936,0.7205987484361421,83.09278350515463,0.2364576840736373,0.2364576840736373,207.0927835051546,0.3853814254171066,0.37908822070516934,0.3813767395348341,0.38386588574001346,0.3853814254171066,0.3956618853204533,0.01657366461528395
516782,Starling Marte,NYM,DH,188,0.47757572813599963,1.5241778557531902,125.97938144329895,0.4166444413177226,0.4166444413177226,313.97938144329896,0.8942201694537222,0.8462961981461525,0.8568375587017667,0.8942201694537222,0.8964681421615623,0.8989065720158225,0.052610373869669935
676914,Davis Schneider,TOR,2B,93,0.3073786753994309,1.9830882283834252,67.27659574468086,0.30706169907164566,0.30706169907164566,160.27659574468086,0.6144403744710766,0.6078289393738376,0.6118660049974098,0.6139345355168269,0.6144403744710766,0.6918915243197113,0.08406258494587365
656537,Derek Hill,MIA,CF,99,0.0020797043554030394,0.01260426882062448,77.24175824175823,0.19738831030894774,0.19738831030894774,176.24175824175825,0.19946801466435077,0.19609799535716324,0.19843244213805392,0.19946801466435077,0.20071229738910867,0.20109630610305956,0.004998310745896323
671277,Luis García Jr.,WSN,2B,327,0.8901377846254891,1.6332803387623651,224.8125,0.8146385829125536,0.8146385829125536,551.8125,1.7047763675380427,1.3824330950733006,1.701753185830468,1.7047763675380427,1.7832266718067653,1.7984939360036698,0.4160608409303693
642201,Eli White,ATL,LF,189,0.11293711732439159,0.3585305311885447,133.29473684210527,0.175582528750719,0.175582528750719,322.2947368421053,0.2885196460751106,0.2812816179489688,0.28662575662564727,0.2872477778666467,0.2885196460751106,0.28899303129463766,0.0077114133456689105
678246,Miguel Vargas,CHW,1B,380,0.6394426974693153,1.0096463644252347,281.93548387096774,0.595366045108813,0.595366045108813,661.9354838709678,1.2348087425781282,0.9346848333055722,1.0679650274072667,1.1628362478507943,1.2348087425781282,1.2355469117630298,0.30086207845745744
595978,Austin Hedges,CLE,C,102,-0.23514559538725074,-1.3832093846308866,77.60869565217392,0.11273324917868431,0.11273324917868431,179.60869565217394,-0.12241234620856643,-0.13643544653214593,-0.13076633534765678,-0.12241234620856643,-0.1211201701225061,-0.08930813046350608,0.047127316068639846
677347,Kyren Paris,LAA,2B,140,0.16464109867173338,0.7056047085931431,101.27659574468085,0.2340671877538848,0.2340671877538848,241.27659574468083,0.3987082864256182,0.39091697997344377,0.39489866096838766,0.3974058647450304,0.3987082864256182,0.40259610718821415,0.01167912721477038
518595,Travis d'Arnaud,LAA,C,151,0.30040221354673896,1.1936511796559164,109.23404255319149,0.3087039001469133,0.3087039001469133,260.2340425531915,0.6091061136936522,0.5914396312678443,0.6012306295822432,0.6060499462913798,0.6091061136936522,0.6149437906318809,0.023504159364036548
682626,Francisco Alvarez,NYM,C,138,0.19344282274495692,0.84105575106503,92.47422680412372,0.25223716816360275,0.25223716816360275,230.4742268041237,0.4456799909085597,0.4352850354775588,0.43739980073515117,0.44148404955683584,0.4456799909085597,0.45352668527776796,0.018241649800209148
649966,Luis Urías,ATH,DH,259,0.5053066437818755,1.1705945415796344,169.14285714285714,0.4706490557424756,0.4706490557424756,428.1428571428571,0.9759556995243511,0.8929439880388665,0.9517887260787452,0.9759556995243511,0.9795224634177653,1.0062599815333013,0.11331599349443477
669003,Garrett Mitchell,MIL,DH,78,-0.0354585266089684,-0.2727578969920646,55.01052631578948,0.21393468593931642,0.21393468593931642,133.0105263157895,0.17847615933034802,0.16702128343304826,0.17400063723621126,0.1768896761805365,0.17847615933034802,0.17904308071357686,0.012021797280528601
678662,Ezequiel Tovar,COL,SS,138,0.1291596869154609,0.5615638561541778,99.82978723404254,0.21728594355451267,0.21728594355451267,237.82978723404256,0.34644563046997356,0.33895618844748265,0.34393525594577345,0.345481798862402,0.34644563046997356,0.3487397895852804,0.009783601137797748
663330,Jahmai Jones,DET,DH,48,0.4344107337660648,5.43013417207581,33.85263157894737,0.3254730565578341,0.3254730565578341,81.85263157894737,0.7598837903238989,0.7558242094088732,0.7581377143675521,0.7598837903238989,0.7652588216628055,0.8351067856909675,0.07928257628209434
810938,Ben Williamson,SEA,3B,256,0.5659313142603747,1.326401517797753,180.5473684210526,0.5471377849675777,0.5471377849675777,436.5473684210526,1.1130690992279524,0.9907929563935001,1.0755839229514152,1.1004299636293084,1.110410615242564,1.1130690992279524,0.12227614283445237
543309,Kyle Higashioka,TEX,C,180,0.47188943861261157,1.572964795375372,123.75,0.4103879886998074,0.4103879886998074,303.75,0.882277427312419,0.8245419670870219,0.8452276209250265,0.8741971998719339,0.882277427312419,0.8845825373272161,0.06004057024019427
663698,Joey Bart,PIT,C,219,0.10299279716294346,0.2821720470217629,170.86813186813188,0.15179882897601535,0.15179882897601535,389.86813186813185,0.2547916261389588,0.2503194271972352,0.25183242195187827,0.2544035969845504,0.2547916261389588,0.2770956596917162,0.026776232494480967
678554,Curtis Mead,TBR,1B,132,0.15385027057988374,0.6993194117267443,102.98901098901098,0.22789622985598268,0.22789622985598268,234.98901098901098,0.38174650043586644,0.37590342938878385,0.37811280003068193,0.3790977021939112,0.38174650043586644,0.3892932181921307,0.013389788803346903
677950,Alek Thomas,ARI,CF,281,0.29335977673257563,0.6263909823471365,193.1875,0.27977647569969866,0.27977647569969866,474.1875,0.5731362524322743,0.5247918334613205,0.5513237381985128,0.5731362524322743,0.590669091745518,0.6049857604423534,0.08019392698103286
682663,Agustín Ramírez,MIA,DH,301,1.4322798096034013,2.8550428098406666,234.84615384615384,1.3929761459598968,1.3929761459598968,535.8461538461538,2.825255955563298,2.3287130661071838,2.7767941794393547,2.825255955563298,2.84321301098771,2.9734929958776974,0.6447799297705137
670224,Kameron Misner,TBR,CF,217,0.20340634667658294,0.5624138617785703,169.3076923076923,0.21824162007588516,0.21824162007588516,386.30769230769226,0.4216479667524681,0.4148767972366201,0.41855769382081,0.4216479667524681,0.4321385826972223,0.43329994054695475,0.018423143310334733
572191,Michael A. Taylor,CHW,CF,197,0.11427319383236875,0.3480401842610216,146.16129032258064,0.1641201955796859,0.1641201955796859,343.1612903225806,0.27839338941205466,0.27839338941205466,0.2815442079619084,0.2819282894536077,0.28713007602886903,0.2882279551673468,0.009834565755292096
680779,Henry Davis,PIT,C,146,-0.033379757865148255,-0.13717708711704762,113.91208791208791,0.13408484089535325,0.13408484089535325,259.91208791208794,0.10070508303020499,0.09212461297031944,0.09389530131088668,0.09802754537184048,0.10070508303020499,0.10595986324465236,0.013835250274332911
592206,Nick Castellanos,PHI,RF,390,0.6524164941634315,1.003717683328356,268.125,0.5774208313865589,0.5774208313865589,658.125,1.2298373255499904,0.9683036890050019,1.1301957679510808,1.1720813070217253,1.2298373255499904,1.2488603363388922,0.28055664733389024
596103,Austin Slater,CHW,DH,111,0.17406798626082146,0.9409080338422782,82.35483870967744,0.254398162850509,0.254398162850509,193.35483870967744,0.4284661491113304,0.42415022242467104,0.4284661491113304,0.42952672284723137,0.43447562249131844,0.44088585525383495,0.01673563282916396
596146,Max Kepler,PHI,LF,313,0.060156010305906636,0.11531503573017247,215.1875,0.0802061329798881,0.0802061329798881,528.1875,0.14036214328579474,0.10359371914741264,0.12553096770153702,0.1262739741774706,0.13473520590065924,0.14036214328579474,0.0367684241383821
700932,Kyle Manzardo,CLE,DH,300,0.37020967610020333,0.7404193522004067,228.2608695652174,0.354619222510597,0.354619222510597,528.2608695652174,0.7248288986108004,0.6283290154699774,0.7092145137353052,0.7160832215571117,0.7248288986108004,0.7790351867166059,0.15070617124662855
666160,Mickey Moniak,COL,CF,248,0.3404757307015974,0.8237316065361228,179.40425531914894,0.360583351392939,0.360583351392939,427.40425531914894,0.7010590820945364,0.6154767039366684,0.6219932195527678,0.6696789300653065,0.6745369195081965,0.7010590820945364,0.08558237815786807
650333,Luis Arraez,SDP,1B,393,0.3597407458219891,0.5492225127053268,270.1875,0.33818857423323556,0.33818857423323556,663.1875,0.6979293200552247,0.5506335220662111,0.6045498705440668,0.6652463285768684,0.6979293200552247,0.7117892310053064,0.1611557089390953
606992,Eric Haase,MIL,DH,68,0.06735340052504397,0.5942947105150939,47.9578947368421,0.24839167682021884,0.24839167682021884,115.95789473684209,0.3157450773452628,0.3129576054856387,0.31457226858714393,0.3157450773452628,0.3190437145669065,0.3197114371471289,0.006753831661490212
666158,Gavin Lux,CIN,DH,310,0.7022810531860821,1.3592536513279008,207.73195876288662,0.6513243459843455,0.6513243459843455,517.7319587628866,1.3536053991704278,1.1338418281205964,1.3381510889865875,1.3536053991704278,1.390007590345984,1.4194067949673994,0.28556496684680305
691781,Brady House,WSN,3B,98,0.113376315543463,0.6941407074089572,67.375,0.23987873749820476,0.23987873749820476,165.375,0.35325505304166777,0.351428400235906,0.35325505304166777,0.3534045471618274,0.35355298954949976,0.36000940318467944,0.008581002948773453
641584,Jake Fraley,CIN,DH,146,0.21763676395199047,0.8943976600766731,97.83505154639174,0.2640415492266707,0.2640415492266707,243.83505154639175,0.48167831317866117,0.469486090476267,0.4735906186706248,0.47517164299711223,0.4800867020432362,0.48167831317866117,0.012192222702394229
691019,Kyle Teel,CHW,C,87,0.2283531324523901,1.5748491893268284,64.54838709677419,0.2770008241276979,0.2770008241276979,151.5483870967742,0.505353956580088,0.5035999373410014,0.505353956580088,0.506395290842438,0.5188496082175431,0.5436062627196634,0.040006325378661944
680862,Willie MacIver,ATH,C,52,0.27216004393807286,3.140308199285456,33.95918367346938,0.288892757065849,0.288892757065849,85.95918367346938,0.5610528010039219,0.5610528010039219,0.5636226279689053,0.5693415617316087,0.579849159840675,0.639469662455239,0.07841686145131704
518934,DJ LeMahieu,NYY,DH,142,0.2786338070035437,1.177325945085396,97.625,0.288537475338396,0.288537475338396,239.625,0.5671712823419397,0.560327663418962,0.5671712823419397,0.5747811058295593,0.5789958010580899,0.5847548447630415,0.024427181344079563
642708,Amed Rosario,WSN,2B,149,0.46432552162744356,1.8697672011843365,102.4375,0.3970696604602267,0.3970696604602267,251.4375,0.8613951820876702,0.8522074989374988,0.8538689082807438,0.856521397848491,0.8613951820876702,0.9411811891567475,0.08897369021924872
641343,Jake Bauers,MIL,DH,148,0.1672107648666177,0.6778814791889907,104.37894736842107,0.22861630609020667,0.22861630609020667,252.37894736842105,0.39582707095682435,0.3824019985290281,0.3931891650301501,0.39582707095682435,0.3994593552504422,0.4014709285881037,0.01906893005907556
686797,Brooks Lee,MIN,2B,297,0.3712204349826755,0.7499402726922737,225.97826086956522,0.3593838207599132,0.3593838207599132,522.9782608695652,0.7306042557425887,0.6335617936760343,0.6702735160101915,0.7163400051176875,0.7306042557425887,0.7578749992088625,0.12431320553282821
683766,Christian Koss,SFG,2B,108,0.1843451943052756,1.0241399683626422,74.25,0.2594487502149148,0.2594487502149148,182.25,0.4437939445201904,0.4393713984231218,0.44322859222701483,0.4437939445201904,0.4494746593839669,0.4622779923414594,0.02290659391833766
664059,Sam Haggerty,TEX,DH,144,0.45653464097547075,1.9022276707311283,99.0,0.3677191757853611,0.3677191757853611,243.0,0.8242538167608319,0.8242538167608319,0.8256573149261079,0.8338386357780434,0.8444258171727131,0.9101298887704408,0.08587607200960884
673357,Luis Robert Jr.,CHW,CF,306,0.28755623631166893,0.5638357574738606,227.03225806451616,0.2694329776480646,0.2694329776480646,533.0322580645161,0.5569892139597336,0.4918643753028371,0.5569892139597336,0.5624389797167938,0.5690982509431814,0.6075578005795743,0.1156934252767372
666149,Tyler Fitzgerald,SFG,2B,222,0.0832539706643321,0.22501073152522189,152.625,0.14415183735498768,0.14415183735498768,374.625,0.22740580801931978,0.21786468736135664,0.224261110406492,0.22646672945538965,0.22740580801931978,0.23330926988103923,0.015444582519682587
669357,Nolan Gorman,STL,2B,226,0.6614997598638817,1.7561940527359692,176.32967032967034,0.5760584053621667,0.5760584053621667,402.3296703296703,1.2375581652260483,1.1682048196506047,1.205699519002232,1.2375581652260483,1.2470596055509868,1.2660724670472736,0.09786764739666898
519317,Giancarlo Stanton,NYY,DH,78,0.23057856389787787,1.7736812607529067,53.625,0.2801618493760205,0.2801618493760205,131.625,0.5107404132738984,0.5083567856818488,0.5104949259022012,0.5107404132738984,0.5348473938032956,0.5572216016515071,0.04886481596965825
683083,Nasim Nuñez,WSN,2B,49,-0.08861883056035162,-1.0851285374736934,33.6875,0.2362326253121404,0.2362326253121404,82.6875,0.14761379475178876,0.13250544203327824,0.14716527377532285,0.14761379475178876,0.14830203141355347,0.15065098925744635,0.018145547224168085
702176,Alan Roden,TOR,DH,111,-0.245922029236726,-1.3293082661444648,80.29787234042553,0.08828897953821922,0.08828897953821922,191.29787234042553,-0.15763304969850678,-0.16343015606856892,-0.15763304969850678,-0.15067045553792585,-0.14797485951113581,-0.10822945878414253,0.055200697284426406
695681,Christian Moore,LAA,2B,64,0.11871432744873335,1.112946819831875,46.29787234042553,0.26262245178503996,0.26262245178503996,110.29787234042553,0.3813367792337733,0.3773376419734776,0.3776064385904824,0.3813367792337733,0.3867928314242989,0.39407501895873714,0.016737376985259567
682668,Luisangel Acuña,NYM,2B,166,0.21479760430596168,0.7763768830335964,111.23711340206185,0.2494771520561591,0.2494771520561591,277.2371134020618,0.4642747563621208,0.4605790340025393,0.46395263546017684,0.4642747563621208,0.4667940531999753,0.4797505273086769,0.0191714933061376
670156,Miles Mastrobuoni,SEA,DH,162,0.3475822303359162,1.2873415938367265,114.25263157894737,0.3128541435087303,0.3128541435087303,276.2526315789474,0.6604363738446465,0.6509642566848132,0.6600957234771927,0.6604363738446465,0.6697394968425656,0.6788802564746511,0.027915999789837942
665052,Griffin Conine,MIA,LF,71,0.18438569452543394,1.5581889678205685,55.395604395604394,0.2725986855261376,0.2725986855261376,126.3956043956044,0.4569843800515715,0.45596276045349005,0.45620217587871226,0.4569843800515715,0.4680150239007508,0.4864621496700309,0.03049938921654083
457705,Andrew McCutchen,PIT,DH,345,0.4220794234788341,0.7340511712675376,269.1758241758241,0.42740723937485126,0.42740723937485126,614.1758241758241,0.8494866628536853,0.660905710358056,0.7400275824265289,0.8066606757794046,0.8459188704758325,0.8494866628536853,0.1885809524956293
621512,Tomás Nido,DET,DH,37,0.11486883844805973,1.8627379207793469,26.094736842105263,0.2807039000774078,0.2807039000774078,63.09473684210526,0.39557273852546754,0.39511532028377566,0.3955154328786489,0.39557273852546754,0.4072875756239622,0.43995974988423414,0.04484442960045848
677588,José Tena,WSN,3B,154,0.41212674957482315,1.6056886347071033,105.875,0.34936347633699083,0.34936347633699083,259.875,0.7614902259118139,0.7518169267446588,0.7547281157033281,0.7614902259118139,0.7754608647876142,0.8077590741240417,0.055942147379382856
641313,Tim Anderson,LAA,DH,90,-0.33575624038048496,-2.2383749358698997,65.1063829787234,0.10074565786364768,0.10074565786364768,155.1063829787234,-0.23501058251683726,-0.24462706505792547,-0.2444149360090267,-0.23501058251683726,-0.2272020184871506,-0.18919770675964792,0.05542935829827757
663604,Brandon Lockridge,SDP,CF,95,-0.1574047881870829,-0.994135504339471,65.3125,0.15228296201178135,0.15228296201178135,160.3125,-0.005121826175301547,-0.016554227847752484,-0.008296714804767846,-0.0064703520396807435,-0.005121826175301547,0.014887722603456888,0.03144195045120937
628451,Andy Ibáñez,DET,DH,106,-0.10248499706846942,-0.5801037569913363,74.7578947368421,0.1569788629051996,0.1569788629051996,180.7578947368421,0.05449386583673019,0.03403592931129962,0.05108178802741889,0.053145093125399695,0.05449386583673019,0.06532191324203529,0.03128598393073567
666134,Nolan Jones,CLE,CF,261,0.05573582834169134,0.1281283410153824,198.58695652173915,0.07667090020323752,0.07667090020323752,459.5869565217391,0.13240672854492885,0.1203594696384024,0.12793244563018735,0.13159618707131815,0.13240672854492885,0.13428614031534492,0.013926670676942504
641598,Mitch Garver,SEA,DH,171,0.7355573343206127,2.5809029274407465,120.60000000000001,0.5219638817640511,0.5219638817640511,291.6,1.2575212160846636,1.2575212160846636,1.2769876738912052,1.2785471700568856,1.2873825013099989,1.3565392366505202,0.09901802056585662
624428,Adam Frazier,PIT,2B,262,0.21796223134562484,0.49915014811975156,204.41758241758242,0.21442904010999972,0.21442904010999972,466.4175824175824,0.43239127145562456,0.42823364856216545,0.4286252006208603,0.43239127145562456,0.4609911085467724,0.46196502480528046,0.03373137624311501
668670,Jake Rogers,DET,C,79,-0.05826624966573029,-0.442528478473901,55.71578947368421,0.2052880259783335,0.2052880259783335,134.7157894736842,0.14702177631260321,0.12425662295106304,0.14593554849570656,0.14622377400979356,0.14702177631260321,0.14749014419337864,0.02323352124231559
665828,Oswaldo Cabrera,NYY,DH,122,0.08135471807715275,0.40010517087124303,83.875,0.20893801997229156,0.20893801997229156,205.875,0.29029273804944433,0.2900219253719363,0.29029273804944433,0.2931087658645952,0.2945721022800134,0.30064759500824845,0.01062566963631223
647351,Abraham Toro,BOS,DH,193,0.22590523358916723,0.7022960629715044,129.3298969072165,0.24067343270338123,0.24067343270338123,322.3298969072165,0.46657866629254846,0.45471765254064145,0.46657866629254846,0.4692483073649628,0.4701140740546606,0.47230824864541776,0.01759059610477634
687221,Dalton Rushing,LAD,C,75,0.08207633447786995,0.6566106758229596,52.89473684210526,0.2450733932898642,0.2450733932898642,127.89473684210526,0.32714972776773416,0.32555325341246844,0.3258236049046477,0.32714972776773416,0.3276747685205656,0.3345842472807585,0.009030993868290038
690022,Ryan Ritter,COL,2B,106,-0.07482564591382936,-0.4235413919650718,76.68085106382979,0.1649392418414343,0.1649392418414343,182.68085106382978,0.09011359592760494,0.06659236118892052,0.08883748516009986,0.08952434899591698,0.09011359592760494,0.09761579043946779,0.03102342925054727
665839,Enmanuel Valdez,PIT,DH,102,-0.10316369418565129,-0.6068452599155958,79.58241758241759,0.15279523947098983,0.15279523947098983,181.58241758241758,0.049631545285338544,0.030824731607250563,0.049631545285338544,0.05020984472558922,0.05052571203958449,0.06323519807974921,0.03241046647249865
663616,Trevor Larnach,MIN,DH,367,0.292688219120357,0.47850935006052914,279.23913043478257,0.28503670699187494,0.28503670699187494,646.2391304347825,0.5777249261122319,0.46533749865644236,0.49562767888301035,0.5702893811940768,0.5777249261122319,0.5786494181952363,0.11331191953879396
595777,Jurickson Profar,ATL,LF,64,0.16465193560288668,1.5436118962770626,45.13684210526315,0.2704521663322957,0.2704521663322957,109.13684210526316,0.43510410193518234,0.43444794085125116,0.43510410193518234,0.43536938248197765,0.4520651396555878,0.46562360169679107,0.031175660845539854
456781,Donovan Solano,SEA,1B,152,0.1437257247227425,0.5673383870634572,107.2,0.21939589805100151,0.21939589805100151,259.2,0.36312162277374405,0.35660860597308275,0.36006408371527576,0.36091695450046046,0.36312162277374405,0.36322752459415975,0.006618918621076997
681393,Connor Norby,MIA,3B,273,0.2632302022136907,0.5785279169531664,213.0,0.25679129102475806,0.25679129102475806,486.0,0.5200214932384488,0.48541499472207655,0.49423310414729205,0.5200214932384488,0.5383945758089173,0.5584716626894763,0.07305666796739979
701305,Zach Dezenzo,HOU,DH,109,0.146273059516066,0.8051728046755926,80.87096774193549,0.24178778835629403,0.24178778835629403,189.8709677419355,0.38806084787236006,0.3852212093795844,0.3852662866373129,0.38806084787236006,0.39254879941243914,0.4004618085641953,0.015240599184610876
664238,Dylan Moore,SEA,DH,186,0.8451809368520273,2.7263901188775077,131.17894736842103,0.6134214206346926,0.6134214206346926,317.17894736842106,1.45860235748672,1.447035262675443,1.45860235748672,1.460297756292442,1.4686871417032425,1.563067134717199,0.11603187204175602
676801,Chas McCormick,HOU,DH,53,0.044977741508157774,0.5091819793376352,39.32258064516129,0.25621735038524185,0.25621735038524185,92.32258064516128,0.3011950918933996,0.2978968272865935,0.2981545861707322,0.2993655281084958,0.3011950918933996,0.3014975307463227,0.003600703459729182
686611,Dylan Crews,WSN,CF,173,-0.10338958370639496,-0.3585765908892311,118.9375,0.07186795396212015,0.07186795396212015,291.9375,-0.03152162974427482,-0.05626921289861306,-0.03475852327270408,-0.03152162974427482,-0.02632449365788929,-0.00023906570768868207,0.056030147190924376
694362,Blake Dunn,CIN,DH,75,-0.26136305784860614,-2.090904462788849,50.25773195876289,0.15428131017109875,0.15428131017109875,125.25773195876289,-0.10708174767750739,-0.10797942437855368,-0.10708174767750739,-0.10631908575431614,-0.10114890096015516,-0.08359430968997542,0.024385114688578263
545341,Randal Grichuk,ARI,DH,174,0.176236546691839,0.6077122299718587,119.62499999999999,0.2195110265664486,0.2195110265664486,293.625,0.3957475732582876,0.3957475732582876,0.3971342256464846,0.3984436526144781,0.40843648273274447,0.4165327273828773,0.020785154124589644
521692,Salvador Perez,KCR,1B,382,0.4338377066896257,0.6814204817114539,255.97938144329896,0.3797995209003772,0.3797995209003772,637.979381443299,0.8136372275900029,0.6595000804976453,0.7454092137776109,0.8033139148893745,0.8136372275900029,0.8458909568329743,0.18639087633532905
689172,Brett Wisely,SFG,2B,41,0.06012319771182987,0.8798516738316566,28.1875,0.2674580725050191,0.2674580725050191,69.1875,0.32758127021684896,0.3265564588136916,0.32713024731272794,0.32758127021684896,0.329218549459761,0.3385108197417791,0.011954360928087493
682657,Angel Martínez,CLE,2B,284,0.08238806949423866,0.17405930174839154,216.08695652173913,0.10335001019922642,0.10335001019922642,500.0869565217391,0.18573807969346506,0.15516533118625814,0.16536525677093444,0.16557838907884198,0.167805920912495,0.18573807969346506,0.03057274850720694
669208,Ryan Bliss,SEA,DH,39,0.015605754617678755,0.24008853257967314,27.505263157894735,0.26212664014248177,0.26212664014248177,66.50526315789473,0.27773239476016054,0.27699582322380095,0.2773404134833534,0.27773239476016054,0.27820505107241156,0.2788045245808677,0.0018087013570667332
645277,Ozzie Albies,ATL,2B,403,0.17905965260806558,0.26659005351076764,284.22105263157897,0.20293003621593556,0.20293003621593556,687.2210526315789,0.38198968882400114,0.26403594114535617,0.2925416153536233,0.3253244461942101,0.3534019638605646,0.38198968882400114,0.11795374767864497
665561,Rafael Marchán,PHI,C,69,-0.19424995080580465,-1.6891300070069968,47.4375,0.187460979266008,0.187460979266008,116.4375,-0.006788971539796657,-0.012964571260995345,-0.0072889174878912055,-0.006788971539796657,-0.0060976472162798945,0.002847885534708827,0.01581245679570417
663609,Luken Baker,STL,DH,41,0.09114781102105883,1.333870405186227,31.989010989010993,0.27189423565165277,0.27189423565165277,72.98901098901099,0.3630420466727116,0.35954283380927876,0.3600553099090857,0.3630420466727116,0.37246161037053344,0.3803716594697121,0.020828825660433314
666624,Christopher Morel,TBR,DH,188,0.12616854179752895,0.4026655589282839,146.6813186813187,0.18037290640377907,0.18037290640377907,334.68131868131866,0.306541448201308,0.306541448201308,0.30698750183581003,0.307536550869812,0.3075550470096109,0.31376046646243694,0.007219018261128918
572233,Christian Walker,HOU,1B,377,-0.20724233996332428,-0.32982865776656384,279.7096774193549,-0.07165786303709212,-0.07165786303709212,656.7096774193549,-0.2789002030004164,-0.3725520940973043,-0.355884497420886,-0.28675309152621775,-0.2789002030004164,-0.21252696619805533,0.16002512789924894
527038,Wilmer Flores,SFG,DH,347,0.02769536516745819,0.04788823948263664,238.5625,0.03543925750699044,0.03543925750699044,585.5625,0.06313462267444862,0.034120149527743844,0.03947836021706627,0.053589057496134615,0.06313462267444862,0.07560108028457546,0.041480930756831624
609280,Miguel Andujar,ATH,3B,193,0.3995192166005197,1.2420286526441027,126.04081632653062,0.3693272089425186,0.3693272089425186,319.0408163265306,0.7688464255430383,0.7447647222768581,0.7580527207712706,0.7613870750652378,0.7688464255430383,0.7695390710884411,0.024774348811583136
681351,Logan O'Hoppe,LAA,C,296,0.1276805409582042,0.2588119073477112,214.1276595744681,0.1409749807479735,0.1409749807479735,510.1276595744681,0.2686555217061777,0.22904171900999187,0.25735378795905517,0.26726371263794935,0.2686555217061777,0.27826391563769054,0.04922219662769865
642731,Thairo Estrada,COL,DH,125,-0.001343074353813891,-0.006446756898306677,90.42553191489363,0.16996618665652297,0.16996618665652297,215.4255319148936,0.16862311230270907,0.16650540836625477,0.16862311230270907,0.1697023878403576,0.17130007033391806,0.17282583004257684,0.006320421676322074
670764,Taylor Walls,TBR,DH,258,-0.2671161385444193,-0.6212003221963239,201.29670329670327,-0.13306569617373368,-0.13306569617373368,459.2967032967033,-0.40018183471815294,-0.44470565533907674,-0.40018183471815294,-0.3942065921621522,-0.3522729420131555,-0.2955847742974662,0.1491208810416105
656413,Stuart Fairchild,ATL,DH,55,-0.07410478199641149,-0.8084158035972163,38.78947368421052,0.22751210199071828,0.22751210199071828,93.78947368421052,0.1534073199943068,0.1378263282019471,0.15326211313625573,0.1534073199943068,0.15513934861619583,0.15569309898520445,0.017866770783257352
688363,Graham Pauley,MIA,3B,94,-0.30843937736115123,-1.9687619831562844,73.34065934065933,0.10510962271166309,0.10510962271166309,167.34065934065933,-0.20332975464948816,-0.21110208813868142,-0.20332975464948816,-0.20298224694675057,-0.20160159818066103,-0.16603383554394335,0.04506825259473807
669450,Cooper Hummel,"HOU, BAL",DH,76,-0.08054125698030701,-0.6358520287918974,2.426727791778741,-0.06370050237764961,-0.06370050237764961,78.42672779177875,-0.14424175935795663,-0.2169045234156788,-0.14944364971884608,-0.14424175935795663,-0.14123198453066277,-0.13183730668329138,0.08506721673238743
694374,Tim Tawa,ARI,1B,173,-0.13445256199782474,-0.4663094635762708,118.93750000000001,0.055347694587390264,0.055347694587390264,291.9375,-0.07910486741043447,-0.09260852207556111,-0.07910486741043447,-0.07275946139023809,-0.06440228047809599,-0.03470542764584966,0.05790309442971145
656541,Sam Hilliard,COL,DH,61,-0.0005421761851514608,-0.0053328805096864995,44.12765957446808,0.23664290211667363,0.23664290211667363,105.12765957446808,0.23610072593152218,0.23577928170926238,0.23594282727631455,0.23610072593152218,0.23621354668842512,0.23653184607108024,0.0007525643618178646
663584,Hayden Senger,NYM,C,49,-0.15996068981279274,-1.9587023242382784,32.83505154639175,0.22390567222325783,0.22390567222325783,81.83505154639175,0.06394498241046509,0.05592434205950689,0.0626047205936944,0.06394498241046509,0.06527501192950005,0.06630794744751803,0.010383605388011141
641658,Garrett Hampson,"STL, ARI, CIN",DH,78,-0.2620836095777759,-2.016027765982891,12.276633910735706,-0.047775599502421426,-0.047775599502421426,90.27663391073571,-0.3098592090801973,-0.3180621815363756,-0.3098592090801973,-0.30599849331837814,-0.3039469740215836,-0.2658646605125374,0.052197521023838234
683090,Matthew Lugo,LAA,DH,43,0.21052777968859535,2.9375969258873766,31.106382978723406,0.2858454191811491,0.2858454191811491,74.1063829787234,0.4963731988697444,0.492225651844139,0.49245172299543205,0.4963731988697444,0.5092929446231088,0.5646660278226209,0.07244037597848191
666181,Will Benson,CIN,CF,174,0.10085182324475811,0.34776490774054525,116.5979381443299,0.17480707505221738,0.17480707505221738,290.5979381443299,0.2756588982969755,0.2688937717686352,0.2756588982969755,0.2764846247688666,0.2772330904649919,0.28367470223610225,0.014780930467467007
642086,Dominic Smith,SFG,1B,93,0.04222463150620337,0.2724169774593766,63.93750000000001,0.21867319482639933,0.21867319482639933,156.9375,0.2608978263326027,0.2574937550204841,0.25889688604419675,0.2608978263326027,0.2618211460492766,0.2631784550138379,0.005684699993353803
608671,Travis Jankowski,"TBR, CHW, NYM",DH,50,-0.06609256365273854,-0.7931107638328625,5.629505695937799,0.06514885811447899,0.06514885811447899,55.6295056959378,-0.0009437055382595511,-0.057659099214798865,-0.0009437055382595511,0.006525197616871675,0.009215724174742868,0.010263755067046174,0.06792285428184504
700337,Edgar Quero,CHW,C,210,0.2051008020243135,0.5860022914980386,155.80645161290323,0.218794539609393,0.218794539609393,365.80645161290323,0.42389534163370646,0.41221378005349674,0.42389534163370646,0.4253908547726385,0.43347714794982617,0.43736867451049655,0.025154894456999866
655316,Andruw Monasterio,MIL,DH,49,-0.05774427198167685,-0.7070727181429819,34.55789473684211,0.24105830004691553,0.24105830004691553,83.55789473684212,0.18331402806523867,0.16397822399373835,0.18296329299278113,0.18331402806523867,0.183723468001888,0.1842155555116805,0.02023733151794216
681546,James Outman,LAD,CF,37,-0.11127861661917483,-1.8045181073379701,26.094736842105263,0.24543693258408047,0.24543693258408047,63.09473684210526,0.13415831596490563,0.12429247842665776,0.13161484884841013,0.13415831596490563,0.13493067679775733,0.13560105160492258,0.011308573178264808
702284,Cole Young,SEA,2B,129,0.519953097610052,2.41838650051187,90.97894736842105,0.38793032521992676,0.38793032521992676,219.97894736842105,0.9078834228299788,0.8956623620681861,0.9067850394141949,0.9078834228299788,0.9182771639053443,0.9874463024657747,0.09178394039758858
657557,Paul DeJong,WSN,2B,80,-0.07168146555857899,-0.5376109916893425,55.0,0.19810514886311062,0.19810514886311062,135.0,0.12642368330453163,0.10658275899157074,0.12610745610188887,0.12642368330453163,0.12674124760539296,0.1293457127975166,0.022762953805945868
687957,Dustin Harris,TEX,DH,38,0.0023664540489836913,0.03736506393132144,26.125,0.26228260845977586,0.26228260845977586,64.125,0.2646490625087595,0.26281974574648415,0.2644582453371946,0.2646490625087595,0.2646603676648484,0.26473151611294593,0.0019117703664617847
645302,Victor Robles,SEA,RF,46,0.012867373686209688,0.16783530895056115,32.44210526315789,0.2560679814956643,0.2560679814956643,78.44210526315788,0.26893535518187395,0.2671388623380655,0.2673744474724358,0.26893535518187395,0.2694878670002916,0.27123462646357377,0.004095764125508217
690924,Braxton Fulford,COL,C,42,-0.052461031281238836,-0.7494433040176975,30.382978723404257,0.2482249884973712,0.2482249884973712,72.38297872340425,0.19576395721613238,0.18025977670953305,0.19576395721613238,0.19617925754830642,0.19648577180636567,0.1965604441508349,0.016300667441301847
807713,Matt Shaw,CHC,3B,232,-0.15077390741923935,-0.389932519187688,163.62105263157892,-0.016253187172288436,-0.016253187172288436,395.6210526315789,-0.16702709459152779,-0.19687707889849262,-0.16702709459152779,-0.16065149152122007,-0.15616231393192676,-0.11759396288327321,0.07928311601521941
679845,Nick Loftin,KCR,2B,103,-0.1983403172003963,-1.155380488545998,69.02061855670102,0.1330216574282198,0.1330216574282198,172.02061855670104,-0.06531865977217649,-0.07318727556144139,-0.06725585954402225,-0.06531865977217649,-0.0651679948679584,-0.041502570821431106,0.03168470474001028
645444,Jose Herrera,ARI,DH,159,-0.24171243167851306,-0.9121223836925021,109.3125,0.023019465923479143,0.023019465923479143,268.3125,-0.2186929657550339,-0.23294184199723436,-0.2186929657550339,-0.2176030895348182,-0.18993958837277913,-0.1513858221012923,0.08155601989594204
553869,Elias Díaz,SDP,C,205,0.09747576676049485,0.2852949271038874,140.9375,0.1625772775529461,0.1625772775529461,345.9375,0.26005304431344095,0.2493518031438448,0.25001949134809687,0.2538835374555973,0.26005304431344095,0.2680093996483884,0.018657596504543572
686765,Nick Sogard,BOS,1B,65,0.0017637487064651196,0.016280757290447256,43.55670103092783,0.2343964709471792,0.2343964709471792,108.55670103092783,0.2361602196536443,0.23210172044927482,0.2357932881020607,0.23587157668544287,0.2361602196536443,0.2363621158049557,0.004260395355680874
668904,Royce Lewis,MIN,3B,153,-0.1883813655657053,-0.7387504531988444,116.41304347826086,0.04578682005439745,0.04578682005439745,269.4130434782609,-0.14259454551130785,-0.15035707761155664,-0.14418051958031836,-0.14259454551130785,-0.12542885584809027,-0.08926696379187793,0.0610901138196787
643217,Andrew Benintendi,CHW,LF,270,0.43814364220768953,0.9736525382393101,200.32258064516128,0.46792606249552127,0.46792606249552127,470.3225806451613,0.9060697047032108,0.7616355530233592,0.8058224211078826,0.8728810825229042,0.8857900351862804,0.9060697047032108,0.14443415167985163
571771,Enrique Hernández,LAD,1B,186,-0.11827373804661763,-0.38152818724715365,131.17894736842106,0.041727327556004445,0.041727327556004445,317.17894736842106,-0.07654641049061318,-0.10019578470571125,-0.08518470074055909,-0.07654641049061318,-0.06649903336212384,-0.03658624530406597,0.06360953940164528
663697,Jonathan India,KCR,2B,387,0.609907728508133,0.9455933775319891,259.3298969072165,0.5649882283596034,0.5649882283596034,646.3298969072165,1.1748959568677364,0.8832837012931931,1.0222075816112257,1.1225721683370087,1.1748959568677364,1.197983892655853,0.31470019136265986
608385,Jesse Winker,NYM,DH,81,0.12390238135801926,0.9177954174668093,54.27835051546391,0.2494637906888648,0.2494637906888648,135.2783505154639,0.37336617204688405,0.3703283267307692,0.37171646054177404,0.37336617204688405,0.38437511353926945,0.39107753751495156,0.020749210784182348
669234,Justyn-Henry Malloy,DET,DH,118,-0.052142111314271905,-0.26512937956409444,83.22105263157893,0.15886752214289018,0.15886752214289018,201.2210526315789,0.10672541082861828,0.09522793458397302,0.10672541082861828,0.10757873284939806,0.1079020746898672,0.11517135496287206,0.01994342037889904
695336,Thomas Saggese,STL,2B,90,-0.06273236544453627,-0.4182157696302418,70.21978021978022,0.18378146589952873,0.18378146589952873,160.2197802197802,0.12104910045499247,0.09928924667012877,0.12104910045499247,0.12149744444117842,0.1223136466163064,0.12595630229609212,0.02666705562596336
666185,Dylan Carlson,BAL,CF,118,-0.01755467935098239,-0.08926108144567317,99.22727272727272,0.15718356929343333,0.15718356929343333,217.22727272727272,0.13962888994245093,0.13336545230917696,0.13962888994245093,0.1438293811730004,0.14485586904040024,0.14641253760495512,0.013047085295778166
678009,Parker Meadows,DET,CF,119,-0.28820128638447406,-1.453115729669617,83.92631578947368,0.06370338219426022,0.06370338219426022,202.92631578947368,-0.22449790419021384,-0.22449790419021384,-0.22429819280203706,-0.2227540548985652,-0.21205747244631978,-0.16172188141037158,0.06277602277984226
502054,Tommy Pham,PIT,LF,234,0.037022019028378865,0.09492825391892017,182.57142857142858,0.07134111361805373,0.07134111361805373,416.57142857142856,0.1083631326464326,0.1083631326464326,0.1104439844359506,0.11057482057407644,0.11292697654502298,0.11468456645176447,0.006321433805331886
596142,Gary Sánchez,BAL,DH,101,0.2216905834943248,1.3169737633326226,84.93181818181819,0.26772988108762724,0.26772988108762724,185.9318181818182,0.48942046458195204,0.4893597983571053,0.48942046458195204,0.4895482063986037,0.521529626400324,0.5296236675190866,0.04026386916198138
665155,Nick Maton,CHW,DH,63,-0.1560063737953858,-1.4857749885274838,46.74193548387097,0.20060666414494424,0.20060666414494424,109.74193548387098,0.04460029034955845,0.034763519613986216,0.044388043437976116,0.04460029034955845,0.04461459919546207,0.049047752326288524,0.014284232712302308
669289,Santiago Espinal,CIN,2B,276,-0.1731184465985247,-0.37634444912722764,184.9484536082474,-0.11123983199074026,-0.11123983199074026,460.9484536082474,-0.284358278589265,-0.2981175214527199,-0.2880825994469556,-0.284358278589265,-0.2602231023381805,-0.18748565755668267,0.11063186389603726
656896,Emmanuel Rivera,BAL,DH,77,-0.062019899311262415,-0.4832719426851617,64.74999999999999,0.19986076358584437,0.19986076358584437,141.75,0.13784086427458195,0.1121634403293805,0.13554366560280928,0.13708015125672693,0.13725688266988215,0.13784086427458195,0.02567742394520145
676724,Jared Young,NYM,DH,45,-0.07725658773574166,-1.0300878364765556,30.154639175257728,0.24202111771656823,0.24202111771656823,75.15463917525773,0.16476452998082658,0.15010901465930604,0.16476452998082658,0.16603879551568734,0.16680326581614918,0.16684616146455655,0.016737146805250513
663662,Daz Cameron,MIL,DH,42,-0.14703918495609222,-2.1005597850870315,29.621052631578948,0.22774881160933333,0.22774881160933333,71.62105263157895,0.0807096266532411,0.07830388234920918,0.0807096266532411,0.08163641526443308,0.08523289381838428,0.08613912784635225,0.007835245497143067
663837,Matt Vierling,DET,CF,47,-0.16982064410737158,-2.1679231162643178,33.14736842105263,0.2185374827701243,0.2185374827701243,80.14736842105263,0.048716838662752726,0.04707081967696469,0.04734564364858582,0.048716838662752726,0.05086249519377606,0.05398828938537781,0.006917469708413115
642215,Weston Wilson,PHI,2B,42,-0.09467312640319299,-1.3524732343313284,28.875,0.24570082117441028,0.24570082117441028,70.875,0.1510276947712173,0.13483798203878472,0.14854346125086176,0.14896816811492508,0.15056002001868807,0.1510276947712173,0.016189712732432582
570482,Gio Urshela,ATH,DH,133,0.02838377371699157,0.12804709947514994,86.85714285714286,0.18026148210332396,0.18026148210332396,219.85714285714286,0.20864525582031554,0.19923350281074897,0.20734161436507118,0.20841777306843756,0.20864525582031554,0.20908516631616636,0.009851663505417385
672569,Gustavo Campero,LAA,DH,37,-0.21117810742234422,-3.4245098500920683,26.76595744680851,0.22969801491858208,0.22969801491858208,63.765957446808514,0.01851990749623786,0.01496924823413387,0.015955530658528394,0.01851990749623786,0.020813435204834557,0.025002096448514116,0.010032848214380247
670231,John Rave,KCR,CF,80,-0.246860240674181,-1.8514518050563575,53.60824742268041,0.1589112947253188,0.1589112947253188,133.6082474226804,-0.08794894594886218,-0.09355404406481188,-0.0884528711436961,-0.08794894594886218,-0.08683828527974963,-0.07148807210646868,0.0220659719583432
691594,Javier Sanoja,MIA,2B,198,-0.18877097906635537,-0.5720332698980466,154.4835164835165,-0.010736057642073388,-0.010736057642073388,352.4835164835165,-0.19950703670842876,-0.22713715553707464,-0.19950703670842876,-0.19336015078745922,-0.18094358691000934,-0.13762828474178762,0.08950887079528702
543877,Christian Vázquez,MIN,C,162,-0.4849099997226812,-1.7959629619358561,123.26086956521739,-0.10309128838555262,-0.10309128838555262,285.2608695652174,-0.5880012881082338,-0.6699371199454467,-0.6068199949907287,-0.5880012881082338,-0.5255775245817367,-0.43678506513597526,0.23315205480947138
669087,Sam Huff,SFG,DH,58,-0.0017366249436728614,-0.017965085624202015,39.875,0.24126031304664552,0.24126031304664552,97.875,0.23952368810297267,0.2347436670134078,0.23606854470848887,0.23827085309555568,0.23874411829953382,0.23952368810297267,0.004780021089564879
692225,Kristian Campbell,BOS,2B,263,0.05075006635046641,0.1157796190504937,176.23711340206185,0.09459396896251762,0.09459396896251762,439.2371134020618,0.14534403531298404,0.12625763396649226,0.13105355113756081,0.13672375422409952,0.13833734206214202,0.14534403531298404,0.019086401346491783
621035,Chris Taylor,"LAD, LAA",2B,69,-0.1811112977273886,-1.574880849803379,65.1063829275805,0.01858351357745354,0.01858351357745354,134.1063829275805,-0.16252778414993507,-0.18074156604647656,-0.17366687592601707,-0.16252778414993507,-0.15967992378882817,-0.14311031604073426,0.03763125000574229
691777,Max Muncy,ATH,2B,203,-0.013921033292863637,-0.0411459112104344,132.57142857142856,0.09112498954409298,0.09112498954409298,335.57142857142856,0.07720395625122935,0.06859451694900291,0.07318646355303457,0.07643252164595682,0.07720395625122935,0.08505476852724164,0.01646025157823873
695238,Will Wagner,TOR,DH,100,0.04969928931871466,0.298195735912288,72.3404255319149,0.2150883023760615,0.2150883023760615,172.3404255319149,0.26478759169477617,0.2562363554696099,0.26254557701049136,0.26335471340007166,0.26478759169477617,0.26750359774206134,0.011267242272451433
640902,Jhonny Pereda,ATH,C,46,-0.108243156589841,-1.4118672598674915,30.04081632653061,0.23622177976061665,0.23622177976061665,76.0408163265306,0.12797862317077563,0.11619058128796768,0.12797862317077563,0.12880665976346495,0.1301252165025592,0.130275857374617,0.014085276086649334
669707,Jared Triolo,PIT,1B,160,-0.4092622025910366,-1.5347332597163872,124.83516483516485,-0.061758794892145,-0.061758794892145,284.83516483516485,-0.4710209974831816,-0.4756279389018987,-0.4710209974831816,-0.46915308842090536,-0.4308388957229648,-0.3558622194021761,0.11976571949972256
457759,Justin Turner,CHC,DH,131,-0.18444697169831786,-0.8447952902213032,92.38947368421053,0.08661980219329485,0.08661980219329485,223.38947368421054,-0.09782716950502302,-0.1097503515883199,-0.1062826056711372,-0.09782716950502302,-0.08752422671179433,-0.053597786035589234,0.05615256555273067
624415,Cavan Biggio,KCR,DH,83,-0.23057126218661742,-1.6667802085779573,55.618556701030926,0.15531831938649823,0.15531831938649823,138.6185567010309,-0.07525294280011918,-0.07670471382727759,-0.0767004113724283,-0.0752938085420968,-0.07525294280011918,-0.05528126611725892,0.021423447710018667
687462,Spencer Horwitz,PIT,1B,181,-0.33478329301043713,-1.1097788718578026,141.21978021978023,-0.0746742571628349,-0.0746742571628349,322.2197802197802,-0.409457550173272,-0.43120218042336844,-0.41268215114453355,-0.409457550173272,-0.35385374491253546,-0.2943621485383666,0.13684003188500182
696030,Alejandro Osuna,TEX,LF,80,-0.30742193020430125,-2.3056644765322596,55.0,0.13659420715402126,0.13659420715402126,135.0,-0.17082772305028,-0.17509033481488318,-0.17103650182734076,-0.17082772305028,-0.16511469362366038,-0.14044921736650373,0.034641117448379444
678391,Jorbit Vivas,NYY,2B,55,-0.24847015314433224,-2.710583488847261,37.8125,0.19784850779396432,0.19784850779396432,92.8125,-0.05062164535036792,-0.051854464228498126,-0.05062164535036792,-0.050613442125207825,-0.04930638611796603,-0.03997361507029801,0.011880849158200119
681508,Mickey Gasper,MIN,DH,39,-0.1348457926679303,-2.0745506564296967,29.673913043478255,0.23036379643130145,0.23036379643130145,68.67391304347825,0.09551800376337116,0.09333103582844701,0.09551800376337116,0.09628892111190923,0.10130539786311707,0.10178152006416799,0.008450484235720979
642180,Tyler Wade,SDP,DH,124,-0.18443112796237718,-0.8924086836889218,85.25,0.10032625733345141,0.10032625733345141,209.25,-0.08410487062892577,-0.09601522106316966,-0.087446903011343,-0.08410487062892577,-0.07649488355859718,-0.044544677267831984,0.05147054379533768
805249,Otto Kemp,PHI,1B,98,-0.014897509077737025,-0.09120923925145118,67.375,0.19814180808107218,0.19814180808107218,165.375,0.18324429900333516,0.17966926390180007,0.18086322460449128,0.18168297471240907,0.18324429900333516,0.18356784893550507,0.003898585033704993
690291,Jace Jung,DET,3B,53,-0.3268024302089864,-3.69965015330928,37.37894736842106,0.18486882788180123,0.18486882788180123,90.37894736842105,-0.1419336023271852,-0.14787361714915234,-0.14430428426453584,-0.1419336023271852,-0.14105616674433255,-0.12072806059886357,0.027145556550288774
666152,David Hamilton,BOS,2B,133,-0.36804640454923854,-1.660359719771001,89.12371134020617,0.00282043973834864,0.00282043973834864,222.12371134020617,-0.36522596481088987,-0.36783196436187127,-0.3670331847430543,-0.36522596481088987,-0.3247713714091596,-0.2605904933116685,0.10724147105020276
660644,Vidal Bruján,CHC,DH,39,-0.1632083191609801,-2.5108972178612325,27.505263157894735,0.23228842745952774,0.23228842745952774,66.50526315789473,0.06908010829854763,0.06636481019806167,0.06891950596210944,0.06908010829854763,0.07384283642333192,0.07438144469433033,0.00801663449626866
670541,Yordan Alvarez,HOU,DH,121,0.07680548393616045,0.3808536393528617,89.7741935483871,0.20668993014148682,0.20668993014148682,210.7741935483871,0.2834954140776473,0.27394611411306896,0.2804397775656489,0.2834954140776473,0.28406257178315186,0.2915154155317835,0.017569301418714545
668800,Andrew Knizner,SFG,C,43,-0.2772835691016005,-3.8690730572316347,29.5625,0.21002868584144097,0.21002868584144097,72.5625,-0.06725488326015955,-0.07873333625339679,-0.07445576723934727,-0.06725488326015955,-0.06470902119237565,-0.05279794872073065,0.025935387532666138
605131,Austin Barnes,LAD,DH,44,-0.12336058020061008,-1.6821897300083193,31.031578947368423,0.2357128430979797,0.2357128430979797,75.03157894736842,0.11235226289736963,0.1002414216961858,0.11125377826241734,0.11235226289736963,0.1138466418961395,0.1142627564563288,0.014021334760143
677649,Ezequiel Duran,TEX,1B,90,-0.3832460111047789,-2.5549734073651926,61.87499999999999,0.09251044845871208,0.09251044845871208,151.875,-0.2907355626460668,-0.2956687607634849,-0.2916971271067656,-0.2907355626460668,-0.27709452181310507,-0.23414039822585547,0.06152836253762943
682729,Jonatan Clase,TOR,CF,112,-0.18466767240462204,-0.989291102167618,81.02127659574468,0.10622352244193348,0.10622352244193348,193.02127659574467,-0.07844414996268856,-0.08086586371113219,-0.07844414996268856,-0.07606243311413322,-0.06897213411511201,-0.038708360742380266,0.042157502968751925
700242,Trey Sweeney,DET,SS,249,0.03466534788231871,0.08353095875257521,175.61052631578946,0.04945907961993584,0.04945907961993584,424.61052631578946,0.08412442750225455,0.06080141306887293,0.07072297850550605,0.08412442750225455,0.09950973646947878,0.09957503526471667,0.03877362219584374
622761,Jorge Mateo,BAL,DH,65,-0.16042339116622548,-1.4808313030728504,54.659090909090914,0.19106848516170238,0.19106848516170238,119.6590909090909,0.030645093995476907,0.01980376264078401,0.030645093995476907,0.03074847455006574,0.03314989527848866,0.03619043222648019,0.01638666958569618
685301,Matt Gorski,PIT,DH,42,-0.13791345727697282,-1.9701922468138973,32.76923076923077,0.2328120809976052,0.2328120809976052,74.76923076923077,0.09489862372063237,0.08348521432100789,0.09116838544355194,0.09489862372063237,0.09592065225257951,0.0971384391791418,0.013653224858133917
668901,Mark Vientos,NYM,3B,254,0.288521231310694,0.6815462156945528,170.20618556701032,0.29299489872672746,0.29299489872672746,424.2061855670103,0.5815161300374214,0.5262273332833506,0.5425625701245946,0.5684814098739297,0.5750354584851827,0.5815161300374214,0.05528879675407089
542932,Jon Berti,CHC,DH,103,-0.1886683156056322,-1.0990387316832944,72.6421052631579,0.12824019261386288,0.12824019261386288,175.6421052631579,-0.060428122991769306,-0.06979964990861234,-0.060428122991769306,-0.057157964135996525,-0.056253693032985386,-0.033549150359205665,0.03625049954940668
668804,Bryan Reynolds,PIT,RF,390,-0.18666659177610817,-0.28717937196324334,304.2857142857143,-0.1079089627393701,-0.1079089627393701,694.2857142857142,-0.2945755545154783,-0.3581557918016134,-0.33672111800458904,-0.2945755545154783,-0.2727145220978715,-0.1935165339601556,0.16463925784145778
672744,Alexander Canario,PIT,CF,163,-0.15700224313397534,-0.5779223673643265,127.17582417582419,0.051059740436214196,0.051059740436214196,290.1758241758242,-0.10594250269776115,-0.1260235070979523,-0.1077170008697323,-0.10594250269776115,-0.09801462555737381,-0.062316313152386726,0.06370719394556557
691723,Coby Mayo,BAL,1B,85,-0.21913814817229801,-1.5468575165103389,71.47727272727273,0.13933288591286455,0.13933288591286455,156.47727272727275,-0.07980526225943346,-0.08307209593518497,-0.08296646767837021,-0.07980526225943346,-0.07865838826923699,-0.05838879435751146,0.02468330157767351
607680,Kevin Pillar,TEX,DH,43,-0.18322088240333337,-2.5565704521395354,29.5625,0.22453216835282247,0.22453216835282247,72.5625,0.0413112859494891,0.03647529818170797,0.0413112859494891,0.04203100041833349,0.046293319993722715,0.04746233608348793,0.010987037901779961
686554,Oliver Dunn,MIL,DH,41,-0.20371508694682733,-2.9811963943438147,28.915789473684207,0.23036508964477156,0.23036508964477156,69.91578947368421,0.026650002697944236,0.02309945161589727,0.023453347875708797,0.026092315871348443,0.026650002697944236,0.027345697163268012,0.004246245547370742
691728,Zac Veen,COL,DH,37,-0.2954243334325983,-4.790664866474566,26.76595744680851,0.21981454205361217,0.21981454205361217,63.765957446808514,-0.0756097913789861,-0.07893113158567866,-0.07609068803875946,-0.0756097913789861,-0.07379255091625309,-0.06180943737512362,0.01712169421055504
663898,Brendan Rodgers,HOU,DH,128,-0.3437338819498442,-1.6112525716398947,94.96774193548387,0.01416906918801572,0.01416906918801572,222.96774193548387,-0.3295648127618285,-0.3319215927817213,-0.3295648127618285,-0.3279948330468213,-0.29600135843067016,-0.23668146924244535,0.09524012353927597
676116,Ryan Noda,CHW,DH,45,-0.2063996261014795,-2.7519950146863934,33.38709677419355,0.22043895498749744,0.22043895498749744,78.38709677419355,0.014039328886017943,0.011819177576510492,0.012475605582349641,0.014039328886017943,0.014835979243944697,0.01741937224875456,0.005600194672244069
660757,Oscar Gonzalez,SDP,DH,61,-0.3029232014870217,-2.979572473642836,41.9375,0.17820843836526096,0.17820843836526096,102.9375,-0.12471476312176072,-0.13225820304205643,-0.13174748550470972,-0.12502502669226323,-0.12471476312176072,-0.10524571498200927,0.027012488060047163
641680,Jonah Heim,TEX,C,280,0.0860866069288143,0.18447130056174493,192.5,0.09985527861539438,0.09985527861539438,472.5,0.18594188554420868,0.13823346347477217,0.1599129611070556,0.17506542268029535,0.1792023973169851,0.18594188554420868,0.047708422069436505
669394,Jake Burger,TEX,1B,286,-0.2782809719634874,-0.5838062348884351,196.625,-0.15989241437131343,-0.15989241437131343,482.625,-0.43817338633480085,-0.4911675994196606,-0.4498271929731633,-0.43817338633480085,-0.3833230993439445,-0.32069869711792165,0.17046890230173897
578428,Jose Iglesias,SDP,2B,203,-0.1985048991008873,-0.5867139874903073,139.5625,-0.011630319804399658,-0.011630319804399658,342.5625,-0.21013521890528697,-0.23394386204969747,-0.21013521890528697,-0.20838404536893942,-0.1862278812696775,-0.1434645788079755,0.09047928324172198
676701,Alan Trejo,COL,DH,43,-0.22269499379965446,-3.1073720065068064,31.106382978723406,0.22057204844792938,0.22057204844792938,74.1063829787234,-0.0021229453517250807,-0.007837454140710909,-0.006667343662986741,-0.0021229453517250807,-0.0006533370095020419,0.003706661760039559,0.011544115900750468
664913,Seth Brown,ATH,DH,76,-0.1938929965836555,-1.5307341835551749,49.63265306122449,0.17270705422078955,0.17270705422078955,125.63265306122449,-0.021185942362865945,-0.022594516607962495,-0.02151839007800352,-0.021185942362865945,-0.01913406457044245,-0.006787203945704368,0.015807312662258127
642133,Rowdy Tellez,SEA,1B,185,0.04510269887829712,0.14627902338907173,130.47368421052633,0.1175651082685712,0.1175651082685712,315.47368421052636,0.16266780714686832,0.16211774320902872,0.16266780714686832,0.16797728940559573,0.18188788888372479,0.18939384363799347,0.02727610042896475
664983,Jake McCarthy,ARI,CF,102,-0.5133621079237118,-3.019777105433599,70.125,0.039717385862266,0.039717385862266,172.125,-0.4736447220614458,-0.4890745821237916,-0.4736447220614458,-0.4710485018295939,-0.44211664637586695,-0.38617764691023326,0.10289693521355836
663624,Ryan Mountcastle,BAL,1B,200,-0.12569315687205912,-0.37707947061617736,168.1818181818182,-0.01957423618154419,-0.01957423618154419,368.1818181818182,-0.1452673930536033,-0.1745659366453602,-0.15686834572614394,-0.1452673930536033,-0.12541207160164564,-0.08176748131022302,0.09279845533513717
669261,Jack Suwinski,PIT,CF,62,-0.3213395436383783,-3.1097375190810803,48.37362637362637,0.16104505666391247,0.16104505666391247,110.37362637362637,-0.16029448697446583,-0.16611882546313572,-0.16067709384457818,-0.16029448697446583,-0.15386118895687667,-0.13202368803536912,0.0340951374277666
671284,Tim Elko,CHW,1B,67,-0.26242546500262687,-2.3500787910683005,49.70967741935485,0.16550015826149642,0.16550015826149642,116.70967741935485,-0.09692530674113045,-0.10095898421806704,-0.09692530674113045,-0.09523791046672891,-0.09324497676677257,-0.07660239158335413,0.024356592634712904
663993,Nathaniel Lowe,WSN,1B,402,0.00228449373993623,0.0034096921491585525,276.375,0.03486067600452943,0.03486067600452943,678.375,0.03714516974446566,-0.02772286515114375,-0.0010069424564466416,0.005761991877472051,0.032406474075756746,0.03714516974446566,0.06486803489560941
668709,JJ Bleday,ATH,CF,233,0.0037294589745127753,0.009603757015912727,152.16326530612247,0.04378487989608098,0.04378487989608098,385.16326530612247,0.04751433887059375,0.04744777307851257,0.04751433887059375,0.049943467141329086,0.06736121476340703,0.072162138320543,0.02471436524203042
668952,Ryan Kreidler,DET,CF,44,-0.3087524778282185,-4.210261061293889,31.031578947368423,0.20583490175409863,0.20583490175409863,75.03157894736842,-0.10291757607411989,-0.10879444952243908,-0.1045381059553199,-0.10291757607411989,-0.10062657502974293,-0.08686593157111608,0.021928517951323
669004,MJ Melendez,KCR,LF,52,-0.36755486424358225,-4.241017664349026,34.845360824742265,0.1842950702436283,0.1842950702436283,86.84536082474227,-0.18325979399995396,-0.1913792195714486,-0.18804824372040535,-0.18325979399995396,-0.17837905923436273,-0.15777403708774357,0.03360518248370503
682927,Ronny Simon,MIA,DH,56,-0.012191006132560887,-0.13061792284886664,43.69230769230769,0.2378488598502036,0.2378488598502036,99.6923076923077,0.22565785371764271,0.22189549130871905,0.22349440896170852,0.22544447015039376,0.22553800346580383,0.22565785371764271,0.003762362408923664
670092,Trenton Brooks,SDP,DH,37,-0.21000302447843647,-3.405454451001672,25.4375,0.2316854758425842,0.2316854758425842,62.4375,0.02168245136414773,0.017784526916365867,0.01870960347624237,0.02168245136414773,0.023580666282653706,0.027505359727824724,0.009720832811458857
690987,Robert Hassell III,WSN,CF,79,-0.2845849000834817,-2.1614043044315068,54.3125,0.14204319749268207,0.14204319749268207,133.3125,-0.14254170259079962,-0.14473948681023652,-0.14254170259079962,-0.13979236663381778,-0.13668424005670016,-0.11571625004287603,0.02902323676736049
650559,Bryan De La Cruz,ATL,DH,50,-0.2766358968751976,-3.319630762502371,35.26315789473684,0.20076920994780278,0.20076920994780278,85.26315789473685,-0.07586668692739479,-0.07844246835873941,-0.07662717423139712,-0.07586668692739479,-0.07493579146847926,-0.06171412504581453,0.016728343312924887
493329,Yuli Gurriel,SDP,DH,40,-0.29436931094940266,-4.41553966424104,27.5,0.2126077449086276,0.2126077449086276,67.5,-0.08176156604077506,-0.08656387402606763,-0.08644496156692902,-0.08176156604077506,-0.07780839480406992,-0.06458322833735583,0.021980645688711803
681807,David Fry,CLE,DH,73,-0.3615315446711127,-2.971492147981748,55.54347826086956,0.13190292802328465,0.13190292802328465,128.54347826086956,-0.22962861664782805,-0.23732623730925795,-0.22962861664782805,-0.22927618116459633,-0.22136344871878244,-0.19055373905876685,0.04677249825049111
682641,Luis Matos,SFG,CF,98,-0.26624742411389907,-1.6300862700850962,67.375,0.11176254659996852,0.11176254659996852,165.375,-0.15448487751393053,-0.15448487751393053,-0.15298020722202982,-0.15267457438966064,-0.1505989257466669,-0.11344373718346451,0.04104114033046603
686668,Brenton Doyle,COL,CF,331,-0.5363463210088393,-0.9722289806806755,239.44680851063828,-0.33567768393796305,-0.33567768393796305,570.4468085106382,-0.8720240049468023,-0.9453883620422898,-0.9051952277050255,-0.8720240049468023,-0.7504141760755103,-0.5974929803844753,0.3478953816578146
670223,Matt Mervis,MIA,DH,134,-0.35061407649461157,-1.5699137753490071,104.54945054945057,-0.0014688873467968988,-0.0014688873467968988,238.54945054945057,-0.35208296384140847,-0.35208296384140847,-0.34846779796531435,-0.34516504601583875,-0.3129684935027903,-0.25430933080444745,0.09777363303696102
695734,Daylen Lile,WSN,LF,121,-0.13701127920597597,-0.679394772922195,83.1875,0.1199673982612437,0.1199673982612437,204.1875,-0.017043880944732276,-0.027347461879423773,-0.017043880944732276,-0.011689824211091021,-0.010859375799066318,0.013538524460629364,0.04088598634005314
605361,Nick Martini,COL,DH,111,-0.49359913311056264,-2.6681034222192577,80.29787234042553,0.01273996818836337,0.01273996818836337,191.29787234042553,-0.48085916492219927,-0.4895007655283016,-0.48203812956173814,-0.48085916492219927,-0.44799428889623355,-0.382162550636924,0.10733821489137754
677587,Brayan Rocchio,CLE,2B,142,-0.3006848943509829,-1.2704995535957024,108.04347826086956,0.005920708226275689,0.005920708226275689,250.04347826086956,-0.29476418612470723,-0.2952996264301387,-0.29476418612470723,-0.291083049261674,-0.26736098909894834,-0.20920983976478325,0.08608978666535544
677956,Rece Hinds,CIN,RF,43,-0.30321232232194845,-4.23086961379463,28.81443298969072,0.2096602176785328,0.2096602176785328,71.81443298969072,-0.09355210464341565,-0.09890491755841851,-0.09547264577544573,-0.09355210464341565,-0.09051451404135846,-0.07797648786546685,0.020928429692951667
672284,Jarred Kelenic,ATL,RF,65,-0.30586796352036694,-2.8233965863418486,45.84210526315789,0.163865927953447,0.163865927953447,110.84210526315789,-0.14200203556691993,-0.1479137802489776,-0.14265791685795365,-0.14200203556691993,-0.13662882778658972,-0.11614626742983314,0.03176751281914447
624424,Michael Conforto,LAD,LF,305,-0.3019546360539145,-0.5940091201060613,215.10526315789474,-0.21055542450751932,-0.21055542450751932,520.1052631578948,-0.5125100605614338,-0.562987238334177,-0.5521404823498167,-0.5125100605614338,-0.44378912047614705,-0.348610632800049,0.2143766055341279
681460,Brooks Baldwin,CHW,3B,169,0.018809025238823135,0.06677760439818864,125.38709677419357,0.12430803425593945,0.12430803425593945,294.38709677419354,0.14311705949476258,0.13686344924149618,0.14003595483747533,0.14311705949476258,0.14565304219335248,0.1530820669045906,0.01621861766309443
666397,Edouard Julien,MIN,1B,104,-0.23145301269437962,-1.3353058424675748,79.1304347826087,0.09928797834223285,0.09928797834223285,183.1304347826087,-0.13216503435214677,-0.13738979583451683,-0.13216503435214677,-0.12485528022618342,-0.12346791584132509,-0.09018391953202082,0.047205876302495994
592178,Kris Bryant,COL,DH,41,-0.3183669281068916,-4.659028216198414,29.659574468085108,0.20925166697835706,0.20925166697835706,70.65957446808511,-0.10911526112853454,-0.11637105368842354,-0.1111663083922737,-0.10911526112853454,-0.10662924327017995,-0.09192880004320353,0.024442253645220013
656180,Riley Adams,WSN,C,111,-0.48017128066441217,-2.5955204360238495,76.3125,0.020517300604204647,0.020517300604204647,187.3125,-0.4596539800602075,-0.47173268669641394,-0.46362346516505193,-0.4596539800602075,-0.42974223400099987,-0.36440324016402115,0.10732944653239282
669717,Will Wilson,CLE,2B,74,-0.31731729227408945,-2.572842910330455,56.30434782608696,0.13903478799487073,0.13903478799487073,130.30434782608697,-0.1782825042792187,-0.17843994209094133,-0.1782825042792187,-0.17485071984121728,-0.16947970641871984,-0.14465538355414137,0.03378455853679996
657041,Lane Thomas,CLE,CF,142,-0.49977973986843455,-2.1117453797257797,108.04347826086956,-0.07973418903879137,-0.07973418903879137,250.04347826086956,-0.579513928907226,-0.6100596641990602,-0.5912073455815124,-0.579513928907226,-0.5255915127021124,-0.43880297142611413,0.17125669277294608
518792,Jason Heyward,SDP,DH,95,-0.47163707045875697,-2.978760445002676,65.3125,0.05225770606515287,0.05225770606515287,160.3125,-0.4193793643936041,-0.4313839511792127,-0.4193793643936041,-0.4153152062409103,-0.3852582441998366,-0.3331622406066471,0.09822171057256554
650859,Luis Rengifo,LAA,2B,334,-0.13155122279258818,-0.23631956190285303,241.61702127659572,-0.09579903429577978,-0.09579903429577978,575.6170212765958,-0.22735025708836798,-0.27552587994346767,-0.2606645353240173,-0.22735025708836798,-0.19153558667137743,-0.1335985678789438,0.14192731206452383
672724,Oswald Peraza,NYY,1B,160,-0.7116445935262107,-2.66866722572329,110.0,-0.13030390429888053,-0.13030390429888053,270.0,-0.8419484978250912,-0.9272259260911234,-0.8863231640165161,-0.8419484978250912,-0.7681439511055843,-0.6690331792050171,0.2581927468861063
624585,Jorge Soler,LAA,DH,300,-0.2579439553771374,-0.5158879107542748,217.0212765957447,-0.17673664075024653,-0.17673664075024653,517.0212765957447,-0.4346805961273839,-0.4761562071657039,-0.44036427413767115,-0.4346805961273839,-0.37735546917773166,-0.2995672496667844,0.1765889574989195
605137,Josh Bell,WSN,DH,326,-0.2107141063185664,-0.3878173735924535,224.125,-0.15193776065543876,-0.15193776065543876,550.125,-0.3626518669740052,-0.4275642020501219,-0.40122960917747275,-0.3626518669740052,-0.3178496511482461,-0.23397914257704153,0.19358505947308036
641933,Tyler O'Neill,BAL,RF,118,-0.1872234974128933,-0.9519838851503049,99.22727272727272,0.09195694379247614,0.09195694379247614,217.22727272727272,-0.09526655362041715,-0.10446220290827302,-0.10359938961793243,-0.09526655362041715,-0.09058569608944514,-0.05918443418438099,0.045277768723892026
668974,Maverick Handley,BAL,C,47,-0.3020760792339538,-3.85629037319941,39.52272727272727,0.19324743554956514,0.19324743554956514,86.52272727272728,-0.10882864368438866,-0.11299820697421259,-0.11213610454588718,-0.10882864368438866,-0.10771346520298333,-0.09198454785994675,0.021013659114265837
621028,Kevin Newman,LAA,DH,96,-0.4452692719250941,-2.782932949531838,69.44680851063829,0.05648256249182418,0.05648256249182418,165.44680851063828,-0.3887867094332699,-0.39436915959673924,-0.3911751399712125,-0.3887867094332699,-0.36289005972807453,-0.31146750108315285,0.08290165851358638
606115,Orlando Arcia,"ATL, COL",1B,122,-0.42944784631225447,-2.1120385884209236,131.65957446808508,-0.38234379257362733,-0.38234379257362733,253.65957446808508,-0.8117916388858818,-0.8511634631113416,-0.841859795567123,-0.8117916388858818,-0.7367421745037612,-0.579268309789463,0.27189515332187864
671221,Drew Waters,KCR,CF,219,-0.2528284570091655,-0.6926807041347001,146.75257731958763,-0.07796401035071675,-0.07796401035071675,365.75257731958766,-0.33079246735988227,-0.35857968164424586,-0.34201700097457477,-0.33079246735988227,-0.27394388247900636,-0.22253858016811442,0.1360411014761314
671213,Triston Casas,BOS,DH,112,-0.4600751255589058,-2.464688172636995,75.05154639175258,0.027591408050990973,0.027591408050990973,187.0515463917526,-0.4324837175079148,-0.44392655167627215,-0.4355898034693599,-0.4324837175079148,-0.4064661298542806,-0.34416073420883514,0.09976581746743703
687952,Christian Encarnacion-Strand,CIN,1B,137,-0.4388473474103829,-1.9219591857389031,91.8041237113402,-0.0344656088700247,-0.0344656088700247,228.8041237113402,-0.4733129562804076,-0.4922603833086687,-0.4733129562804076,-0.4668301919521892,-0.41587043548601554,-0.3466730217409896,0.1455873615676792
671286,Johnathan Rodríguez,CLE,RF,53,-0.38863821770757656,-4.399677936312187,40.326086956521735,0.17139956645522994,0.17139956645522994,93.32608695652173,-0.21723865125234662,-0.21784360851473744,-0.21723865125234662,-0.2163879200408091,-0.20909874705395842,-0.18561626989805555,0.032227338616681894
682848,Endy Rodríguez,PIT,DH,57,-0.15545304517561445,-1.6363478439538364,44.47252747252747,0.20930005353784353,0.20930005353784353,101.47252747252747,0.05384700836222908,0.040522668731272915,0.05199572363477195,0.05270496274559708,0.05384700836222908,0.05559472046156694,0.015072051730294023
592192,Mark Canha,KCR,DH,125,-0.4290677783487838,-2.059525336074162,83.76288659793813,0.001443325528395878,0.001443325528395878,208.76288659793812,-0.4276244528203879,-0.4511998322105901,-0.43667839387998597,-0.4276244528203879,-0.38637147584803033,-0.32096322713250386,0.1302366050780862
666163,Ben Rortvedt,TBR,C,70,-0.42742106673908625,-3.663609143477882,54.61538461538462,0.114967881006451,0.114967881006451,124.61538461538461,-0.31245318573263525,-0.3232315378004045,-0.3186830590433495,-0.31245318573263525,-0.2929560165496776,-0.2575125207088123,0.06571901709159216
676572,Eric Wagaman,MIA,1B,348,-0.4448002554871378,-0.7668969922192032,271.5164835164835,-0.23848273657859728,-0.23848273657859728,619.5164835164835,-0.6832829920657351,-0.775091965895935,-0.7425570724294723,-0.6832829920657351,-0.6209007700985589,-0.4861259244848017,0.28896604141113325
600869,Jeimer Candelario,CIN,DH,91,-0.6376520010247143,-4.204298907855259,60.97938144329897,0.03929024186578242,0.03929024186578242,151.97938144329896,-0.5983617591589319,-0.6251293487739824,-0.6138139734384273,-0.5983617591589319,-0.5486140707117825,-0.49641759059379764,0.12871175818018485
681146,Jonah Bride,"MIN, MIA",DH,125,-0.6796452612174019,-3.2622972538435286,35.022157019046034,-0.48358652762814264,-0.48358652762814264,160.02215701904603,-1.1632317888455446,-1.323786812530824,-1.1980271650654601,-1.1632317888455446,-0.9940879800001411,-0.823037269419315,0.5007495431115091
641943,Joshua Palacios,CHW,DH,145,-0.3454217653938735,-1.4293314430091317,107.58064516129032,-0.026074987730697025,-0.026074987730697025,252.5806451612903,-0.37149675312457053,-0.37149675312457053,-0.36016756916314796,-0.3578640870528974,-0.32530389133185156,-0.2605435593495435,0.11095319377502703
656582,Connor Joe,"CIN, SDP",DH,71,-0.334836596668014,-2.829605042264907,8.013644632690943,-0.17849737907846908,-0.17849737907846908,79.01364463269094,-0.5133339757464831,-0.5133339757464831,-0.5107078412378472,-0.5030823898520276,-0.48038079720118937,-0.3951680458059785,0.11816592994050461
656248,Sean Bouchard,COL,DH,73,-0.4763177584475917,-3.9149404803911647,52.80851063829787,0.10851256230042404,0.10851256230042404,125.80851063829786,-0.36780519614716767,-0.38245239385850405,-0.37479530559907426,-0.36780519614716767,-0.3433996286503195,-0.3080523330021214,0.07440006085638265
657136,Connor Wong,BOS,C,98,-0.531631101657672,-3.2548842958632984,65.67010309278349,0.029715210260577107,0.029715210260577107,163.6701030927835,-0.5019158913970949,-0.515045231458003,-0.5068432364581947,-0.5019158913970949,-0.45134456166409154,-0.39847126397475896,0.11657396748324403
691023,Jordan Walker,STL,RF,191,-0.43478256439365043,-1.3658091028072787,149.02197802197801,-0.14869676033404092,-0.14869676033404092,340.02197802197804,-0.5834793247276914,-0.5924020844086773,-0.5864730212979705,-0.5834793247276914,-0.5088447142042433,-0.42180632540070107,0.1705957590079762
665750,Leody Taveras,"TEX, SEA",DH,180,-0.6075457395173873,-2.0251524650579578,69.11578935776414,-0.4603200105600264,-0.4603200105600264,249.11578935776413,-1.0678657500774138,-1.1721298362816013,-1.1145320433761485,-1.0678657500774138,-0.9099091276467445,-0.7691957309778678,0.4029341053037334
592626,Joc Pederson,TEX,DH,146,-0.6861339023133621,-2.819728365671351,100.375,-0.122192540379399,-0.122192540379399,246.375,-0.8083264426927611,-0.8676525608808753,-0.8428682495244906,-0.8083264426927611,-0.7167056404732128,-0.6259484739380514,0.24170408694282386
671739,Michael Harris II,ATL,CF,368,-0.8918130101538239,-1.4540429513377564,259.5368421052632,-0.36208214569907515,-0.36208214569907515,627.5368421052632,-1.253895155852899,-1.3775811909247033,-1.2846849870036001,-1.253895155852899,-1.1441913071506296,-0.9832001133309011,0.39438107759380225
676070,Jacob Amaya,CHW,DH,68,-0.545113356765993,-4.809823736170527,50.45161290322581,0.113139167707625,0.113139167707625,118.45161290322581,-0.43197418905836804,-0.4420801389691477,-0.4340126092689619,-0.43197418905836804,-0.4035892220051622,-0.36856835935491067,0.07351177961423705
680577,DaShawn Keirsey Jr.,MIN,DH,72,-0.5815178037284582,-4.845981697737152,54.78260869565218,0.09707677435668355,0.09707677435668355,126.78260869565219,-0.48444102937177463,-0.4971529586607125,-0.48940734672773933,-0.48444102937177463,-0.4548642103937507,-0.41368822637054614,0.08346473229016635
623993,Anthony Santander,TOR,DH,209,-0.5217928041719341,-1.4979697727423946,151.1914893617021,-0.2229678641570352,-0.2229678641570352,360.1914893617021,-0.7447606683289693,-0.784122199727221,-0.7544143508025671,-0.7447606683289693,-0.6333154026496446,-0.5299097289219452,0.2542124708052758
691182,Adael Amador,COL,2B,102,-0.5549205112409914,-3.2642383014175964,73.7872340425532,0.01961465198047055,0.01961465198047055,175.7872340425532,-0.5353058592605209,-0.5569744765419211,-0.5476383174016992,-0.5353058592605209,-0.4864276971957431,-0.43223555876350483,0.12473891777841627
683734,Andrew Vaughn,"CHW, MIL",1B,209,-0.5831614260439303,-1.6741476345758766,179.13684210526316,-0.44008113442644464,-0.44008113442644464,388.13684210526316,-1.023242560470375,-1.0734045094597549,-1.0442688161596165,-1.023242560470375,-0.8670561564388273,-0.7211786703834678,0.35222583907628713
657077,Alex Verdugo,ATL,DH,213,-0.2516494171869567,-0.7088715977097373,150.22105263157894,-0.07700012463336586,-0.07700012463336586,363.2210526315789,-0.3286495418203226,-0.35214291705476974,-0.32916322200074144,-0.3286495418203226,-0.27054747836978477,-0.22118004704837563,0.13096287000639412
681962,Vinny Capra,"MIL, CHW",DH,105,-0.7471908861149431,-4.269662206371104,34.12903544238046,-0.33457769989914904,-0.33457769989914904,139.12903544238046,-1.0817685860140922,-1.194815635619094,-1.1717909787139367,-1.0817685860140922,-0.9542560220029522,-0.8229704221645222,0.3718452134545718
592669,Hunter Renfroe,KCR,DH,108,-0.549160775597788,-3.0508931977654887,72.37113402061856,0.013726293766021747,0.013726293766021747,180.37113402061857,-0.5354344818317662,-0.5457705355008875,-0.5419830661693251,-0.5354344818317662,-0.4917304063588707,-0.4300720526668419,0.11569848283404556
455117,Martín Maldonado,SDP,DH,141,-0.49888444505643803,-2.1229125321550555,96.9375,-0.0780505926814129,-0.0780505926814129,237.9375,-0.5769350377378509,-0.6204352341892646,-0.5819212265618077,-0.5769350377378509,-0.5058851468968942,-0.42486704325564306,0.1955681909336215
660688,Keibert Ruiz,WSN,C,267,-0.24132724321100918,-0.542308411710133,183.5625,-0.15212965102626425,-0.15212965102626425,450.5625,-0.3934568942372734,-0.40464657297651685,-0.3934568942372734,-0.3820065300125216,-0.3255536999733807,-0.2642852155416088,0.14036135743490805
571657,Kyle Farmer,COL,1B,220,-0.7314236454190762,-1.9947917602338443,159.14893617021278,-0.32966107451088544,-0.32966107451088544,379.1489361702128,-1.0610847199299616,-1.1724616653373738,-1.124869656111295,-1.0610847199299616,-0.9029164951063037,-0.779186337177684,0.3932753281596898
686681,Michael Massey,KCR,2B,209,-0.8917065122292727,-2.559923001615137,140.05154639175257,-0.28380637078409576,-0.28380637078409576,349.0515463917526,-1.1755128830133685,-1.2614939008901573,-1.246148628674173,-1.1755128830133685,-1.0578803755997908,-0.9277786881257903,0.333715212764367
677008,Heston Kjerstad,BAL,LF,167,-0.5254947386979136,-1.888005049214061,140.43181818181816,-0.21280431179598924,-0.21280431179598924,307.43181818181813,-0.7382990504939029,-0.8061031433605103,-0.7657023692762419,-0.7382990504939029,-0.6020671857465293,-0.5016261330475313,0.30447701031297886
678877,Jhonkensy Noel,CLE,1B,111,-0.8377087297328895,-4.528155295853456,84.45652173913045,-0.051380755545411716,-0.051380755545411716,195.45652173913044,-0.8890894852783011,-0.9293777009390036,-0.9266640816105826,-0.8890894852783011,-0.8130087687703382,-0.739978989236357,0.18939871170264666
607732,Jacob Stallings,"COL, BAL",DH,115,-0.7156111725641136,-3.7336235090301573,30.280817274135877,-0.5899579704213638,-0.5899579704213638,145.28081727413587,-1.3055691429854774,-1.4979483672648715,-1.4021834749588336,-1.3055691429854774,-1.1262011143659605,-0.931133231560427,0.5668151357044444
668942,Josh Rojas,CHW,DH,177,-0.7493089555005329,-2.5400303576289254,131.32258064516128,-0.20500179114968486,-0.20500179114968486,308.3225806451613,-0.9543107466502178,-1.0733614134610883,-1.0181055232317775,-0.9543107466502178,-0.8568661279533463,-0.7448823641211881,0.3284790493399002
695506,Jac Caglianone,KCR,RF,138,-0.8452070478743748,-3.6748132516277168,92.47422680412372,-0.11259493119742417,-0.11259493119742417,230.4742268041237,-0.957801979071799,-1.044796175075331,-0.9907666854942421,-0.957801979071799,-0.8672069159949081,-0.777714324884944,0.26708185019038705
664774,LaMonte Wade Jr.,"SFG, LAA",DH,220,-1.0707571473566155,-2.9202467655180424,52.80851068770124,-0.5967327604920426,-0.5967327604920426,272.80851068770124,-1.6674899078486582,-1.8484973284928892,-1.7454783774582991,-1.6674899078486582,-1.4484366375171291,-1.2589641229109363,0.5895332055819528
669911,Michael Toglia,COL,1B,305,-0.9182480624993137,-1.8063896311461909,220.63829787234042,-0.4868331714705754,-0.4868331714705754,525.6382978723404,-1.405081233969889,-1.6482554190688639,-1.537974690901651,-1.405081233969889,-1.2108969365750302,-1.044585507874254,0.6036699111946098
