playerid,Name,Team,Primary_Position,Current_IP,Current_WAR,Current_WAR_pace,Remaining_IP,ROS_WAR,ROS_WAR_pace,Total_Projected_IP,Total_Projected_WAR,Q10_WAR,Q25_WAR,Q50_WAR,Q75_WAR,Q90_WAR,Uncertainty_Range,GS,G
669373,Tarik Skubal,DET,P,121.0,4.6757783373834725,6.260132980629113,85.33684210526316,2.4749224606897244,2.4749224606897244,206.33684210526314,7.150700798073197,5.726612025648104,6.7101656123782325,7.150700798073197,7.388097253598389,7.452751572253571,1.7261395466054668,19,19
676979,Garrett Crochet,BOS,P,129.1,4.160625288620711,5.22092406472932,83.915,2.202297000393885,2.202297000393885,213.015,6.3629222890145964,5.228273622460973,6.117408885945943,6.194202251225581,6.3629222890145964,6.676612036382631,1.448338413921658,20,20
694973,Paul Skenes,PIT,P,121.0,3.7740563102351747,5.052868778992548,85.91,2.2641417308977334,2.2641417308977334,206.91,6.038198041132908,4.8422816549977155,5.678320370905439,5.714505694694649,6.038198041132908,6.296944418357761,1.4546627633600453,20,20
554430,Zack Wheeler,PHI,P,122.0,3.9935899765639773,5.3029637393718385,84.7578947368421,1.8796785193197767,1.8796785193197767,206.7578947368421,5.873268495883754,5.04859195820024,5.802652818000269,5.839423509620253,5.873268495883754,6.01898565440676,0.9703936962065196,19,19
657277,Logan Webb,SFG,P,125.2,3.4691416594548845,4.488825469901688,82.63199999999999,1.6534369982211512,1.6534369982211512,207.832,5.122578657676035,4.416945377260664,4.840279235045253,5.000980290775354,5.122578657676035,5.293926891144572,0.8769815138839092,20,20
650911,Cristopher Sánchez,PHI,P,115.0,3.275306167737883,4.613909558030757,79.89473684210526,1.8622928651679127,1.8622928651679127,194.89473684210526,5.137599032905796,4.327875319922461,4.874143758240506,5.084812825288578,5.137599032905796,5.286541284456564,0.9586659645341034,19,19
663460,Kris Bubic,KCR,P,108.2,2.7543563531588457,4.123897682178678,78.14444444444445,1.6645598169145652,1.6645598169145652,186.34444444444443,4.418916170073411,3.7732266382384063,4.273981868501751,4.292797544949126,4.418916170073411,4.42060974984024,0.6473831116018336,18,18
666200,Jesús Luzardo,PHI,P,104.1,2.407276121478212,3.7461933878911657,72.3221052631579,1.6610508053097226,1.6610508053097226,176.4221052631579,4.068326926787934,3.469273989150878,3.9334038327287386,4.02419915332613,4.068326926787934,4.327939586804861,0.8586655976539834,19,19
669022,MacKenzie Gore,WSN,P,110.1,2.7175385242068604,3.9985580465169064,76.49052631578947,1.2929635538923272,1.2929635538923272,186.59052631578948,4.010502078099187,3.5696520975042976,3.8120838801971,3.9159839876750415,4.010502078099187,4.190327028571728,0.6206749310674304,19,19
543243,Sonny Gray,STL,P,108.0,2.973093854092481,4.459640781138722,80.71578947368421,1.5370171353956872,1.5370171353956872,188.7157894736842,4.510110989488169,3.8486592010555993,4.321364631350372,4.402437111295594,4.510110989488169,4.5545731830158775,0.7059139819602779,19,19
543135,Nathan Eovaldi,TEX,P,91.0,3.0169575637390667,5.3708475310519646,62.5625,1.9975361365404953,1.9975361365404953,153.5625,5.014493700279562,4.050142970342555,4.913727090370366,5.011648479607234,5.014493700279562,5.035794956593193,0.9856519862506381,16,16
608331,Max Fried,NYY,P,122.0,3.167731601903337,4.206332127117546,80.52,1.4611210944380346,1.4611210944380346,202.51999999999998,4.628852696341371,4.193878366752168,4.584518014619239,4.612835613996721,4.628852696341371,4.653596727100641,0.45971836034847335,20,20
664285,Framber Valdez,HOU,P,121.0,3.029461347204981,4.055973043365347,87.8842105263158,1.2969705248361827,1.2969705248361827,208.8842105263158,4.326431872041164,3.878247625184078,4.219887167951321,4.261446438609958,4.326077578695633,4.326431872041164,0.4481842468570858,19,19
686613,Hunter Brown,HOU,P,115.0,3.426586827065821,4.827017965084026,83.52631578947368,1.602617696122263,1.602617696122263,198.5263157894737,5.029204523188084,4.476827741426247,4.963936206779583,4.9928318943902825,5.029204523188084,5.3361428443976155,0.8593151029713693,19,19
571510,Matthew Boyd,CHC,P,111.2,2.9006528093688315,4.225771179116463,78.42526315789475,1.4526136358441724,1.4526136358441724,189.62526315789475,4.353266445213004,3.9161446902363664,4.319817732557368,4.353266445213004,4.372568308083865,4.4010119494006075,0.4848672591642411,19,19
601713,Nick Pivetta,SDP,P,109.1,2.7309339688565366,4.0550990188337215,75.7957894736842,1.6737769904859017,1.6737769904859017,184.8957894736842,4.404710959342438,3.773200869226811,4.2535657820429496,4.280685207698626,4.404710959342438,4.6948388737635245,0.9216380045367132,19,19
594798,Jacob deGrom,TEX,P,112.1,3.15842298598146,4.564357928001753,77.88,1.5707287963693146,1.5707287963693146,189.98,4.729151782350774,4.156043916414995,4.669128087064712,4.678296552975647,4.724238403252861,4.729151782350774,0.5731078659357792,19,19
519242,Chris Sale,ATL,P,89.1,2.496302083017229,4.538731060031326,66.32999999999998,1.6517759387822029,1.6517759387822029,155.42999999999998,4.1480780217994315,3.5024203298930816,3.9098673201092664,4.056436921052116,4.1480780217994315,4.190906106066146,0.6884857761730645,15,15
656605,Mitch Keller,PIT,P,119.0,1.7389682440706973,2.3673349204996046,84.49,1.235777828983821,1.235777828983821,203.49,2.9747460730545185,2.5798677492439346,2.9170056067607497,2.9747460730545185,2.9945531217613,3.0261784495970403,0.4463107003531058,20,20
808967,Yoshinobu Yamamoto,LAD,P,104.1,2.837967058560205,4.416432886520203,73.4178947368421,1.938249527148083,1.938249527148083,177.5178947368421,4.776216585708288,3.895301203930562,4.605983666057591,4.638855917066796,4.776216585708288,4.98148678037434,1.0861855764437771,19,19
657746,Joe Ryan,MIN,P,109.1,2.8540342986295957,4.237887776150271,80.38947368421051,1.2560980586159796,1.2560980586159796,189.4894736842105,4.1101323572455755,3.68148406500672,4.025592587745786,4.051379394951535,4.078990298259695,4.1101323572455755,0.4286482922388549,18,19
667755,José Soriano,LAA,P,113.0,1.4133444544537108,2.0262106338185943,76.84,1.1605919159139475,1.1605919159139475,189.84,2.573936370367658,2.179624868055069,2.3492917326272367,2.5166762743513393,2.5712228603477603,2.573936370367658,0.39431150231258916,20,20
642547,Freddy Peralta,MIL,P,111.2,2.6662163754685992,3.8842360865639667,74.504,1.5412267392518646,1.5412267392518646,185.704,4.207443114720464,3.699035216570212,4.15590055308461,4.159182382538227,4.207443114720464,4.268433379708864,0.5693981631386522,20,20
680885,Spencer Schwellenbach,ATL,P,110.2,2.8169439454921883,4.141060972502128,72.38627450980393,1.200068754463532,1.200068754463532,182.58627450980393,4.01701269995572,3.64955249956574,4.01701269995572,4.020451889190176,4.064386023169873,4.135425458049371,0.48587295848363077,17,17
624133,Ranger Suárez,PHI,P,83.2,2.1740912030514767,4.2332064290185,70.4,1.3564353646256466,1.3564353646256466,153.60000000000002,3.530526567677123,3.151868304964475,3.5039974287347406,3.5151678367207646,3.530526567677123,3.744511588569588,0.5926432836051131,13,13
693433,Bryan Woo,SEA,P,114.2,2.8338276281664374,4.01996563715379,85.01555555555557,1.3740125548361881,1.3740125548361881,199.21555555555557,4.2078401830026255,3.8159569650887732,4.087795419304259,4.2078401830026255,4.225738662610542,4.2616434705775,0.4456865054887269,18,18
607074,Carlos Rodón,NYY,P,119.2,2.922014499361515,3.9711942021523945,78.672,1.1300090252222068,1.1300090252222068,197.872,4.052023524583722,3.8080734596401364,4.052023524583722,4.112160002558573,4.1316648881894595,4.218583567919129,0.4105101082789928,20,20
518876,Merrill Kelly,ARI,P,116.0,2.592185250687723,3.6201207811328553,76.55999999999999,1.2733785993538522,1.2733785993538522,192.56,3.8655638500415757,3.4824999663102587,3.747626129873009,3.8655638500415757,3.8796682661843223,3.941954238559415,0.45945427224915647,20,20
671096,Andrew Abbott,CIN,P,91.1,2.1366511345137478,3.799533301769782,61.682291666666664,1.2530582431382233,1.2530582431382233,152.78229166666665,3.389709377651971,3.119441159099912,3.3170497190692076,3.389709377651971,3.404902876745106,3.6209311622760776,0.501490003176166,16,16
656849,David Peterson,NYM,P,109.0,2.1346801278110576,3.1726438596824895,78.72222222222221,1.1247579344003098,1.1247579344003098,187.72222222222223,3.2594380622113674,2.8924987565338247,3.1263550751690143,3.141047769837364,3.2594380622113674,3.3028392690922335,0.41034051255840864,18,18
694477,Chad Patrick,MIL,P,94.2,1.5604867698930323,2.683639667968909,66.43578947368421,1.2587928652663223,1.2587928652663223,160.6357894736842,2.8192796351593543,2.395226623586761,2.7594637555573494,2.7594712298252,2.8019366618901334,2.8192796351593543,0.42405301157259345,18,19
608379,Michael Wacha,KCR,P,106.0,1.5170713935110005,2.3185430731017176,72.52631578947368,1.0617583532672183,1.0617583532672183,178.5263157894737,2.5788297467782186,2.2326325950428183,2.409664394341889,2.5788297467782186,2.650113355684981,2.664925807130614,0.4322932120877957,19,19
592662,Robbie Ray,SFG,P,119.0,2.7660720233265645,3.765577040158852,78.53999999999999,1.0155936804981809,1.0155936804981809,197.54,3.7816657038247454,3.476612847681956,3.5269533378096622,3.7753932406374853,3.7816657038247454,3.814356752753948,0.33774390507199203,20,20
579328,Yusei Kikuchi,LAA,P,113.0,1.778267867598935,2.549375173017942,76.84,0.9519395177685328,0.9519395177685328,189.84,2.7302073853674678,2.4689431555984784,2.6387107542044896,2.6940227609619414,2.7302073853674678,2.911411303900739,0.44246814830226044,20,20
701542,Will Warren,NYY,P,95.1,1.4363247101578194,2.4467360993224685,62.766,0.9475594458199416,0.9475594458199416,157.86599999999999,2.383884155977761,2.047519667291028,2.1615655839487924,2.383884155977761,2.4515863696878237,2.477530889344173,0.4300112220531448,20,20
656302,Dylan Cease,SDP,P,103.1,2.010147723784921,3.158525036403076,71.62736842105262,1.0378987077312767,1.0378987077312767,174.72736842105263,3.0480464315161973,2.6926422573449305,2.902321519108355,2.91866936465993,3.0480464315161973,3.1978438394570996,0.5052015821121689,19,19
673540,Kodai Senga,NYM,P,77.2,1.9054079134557083,3.9983948442982475,59.73809523809524,1.005076958572295,1.005076958572295,136.93809523809523,2.910484872028003,2.670907651192868,2.8486628908266374,2.8766175995671386,2.910484872028003,2.9497915992218973,0.27888394802902916,14,14
605135,Chris Bassitt,TOR,P,107.0,1.7369273458580143,2.629740467560732,72.75999999999999,0.985169750436391,0.985169750436391,179.76,2.722097096294405,2.3961527715476447,2.56308924246484,2.7142741679886155,2.722097096294405,2.849175118519113,0.45302234697146815,19,20
547973,Aroldis Chapman,BOS,P,38.0,1.7464092605608532,2.215182272606135,25.463917525773194,0.764899388777815,0.764899388777815,63.4639175257732,2.5113086493386683,2.343119338483224,2.3816422217548547,2.436984664121676,2.5113086493386683,2.838160131312839,0.4950407928296151,0,41
669461,Matthew Liberatore,STL,P,100.1,1.2359702471134772,2.000271528795038,78.96777777777777,0.7596334596044565,0.7596334596044565,179.06777777777776,1.9956037067179337,1.7077626138059054,1.824341312924626,1.9956037067179337,2.006919678546953,2.0929151995821815,0.38515258577627637,18,18
607536,Kyle Freeland,COL,P,89.1,0.6935808099749725,1.2610560181363137,59.400000000000006,0.925739614440529,0.925739614440529,148.5,1.6193204244155015,1.3863367953161463,1.5595624765896836,1.5863780731679407,1.6193204244155015,1.6630193998099811,0.27668260449383497,17,17
663158,Robert Suarez,SDP,P,40.2,0.7617416723834219,0.913332054947287,27.637500000000003,0.5383365958427405,0.5383365958427405,67.8375,1.3000782682261625,1.2292610705751021,1.3000782682261625,1.3138969959697802,1.3425918125272036,1.5143187351502418,0.28505766457513976,0,43
592332,Kevin Gausman,TOR,P,109.2,2.161454356476908,3.2065531662020064,78.16421052631578,1.2052265971651392,1.2052265971651392,187.3642105263158,3.3666809536420472,3.0364886313981163,3.356267110358295,3.3666809536420472,3.386223743776542,3.5665526478252865,0.5300640164271706,19,19
678495,Randy Rodríguez,SFG,P,41.2,1.6938512150846452,1.9816414700747549,28.325,0.3949168735597904,0.3949168735597904,69.525,2.0887680886444357,1.9461941684784716,1.9700921199771955,2.0887680886444357,2.0958862930339723,2.1184757223500625,0.17228155387159083,0,41
641816,Tyler Mahle,TEX,P,77.0,1.4780698515450703,3.109705401951966,60.5,1.174795487186621,1.174795487186621,137.5,2.6528653387316914,2.388082326793273,2.554216646458515,2.571075374436722,2.6528653387316914,2.7233083675292082,0.3352260407359353,14,14
666142,Cole Ragans,KCR,P,48.2,1.1753712399443694,3.950417860393938,52.216666666666676,1.0351204827587097,1.0351204827587097,100.41666666666669,2.210491722703079,1.987311038928058,2.146330107355439,2.2048284008017616,2.210491722703079,2.297295529734277,0.3099844908062188,10,10
665152,Dean Kremer,BAL,P,108.1,1.3365408122205682,2.002956628859686,84.20421052631579,0.895532035666251,0.895532035666251,192.30421052631579,2.232072847886819,1.9517632016751847,2.1052402717052887,2.232072847886819,2.2457075103665876,2.255982941475412,0.304219739800227,18,19
607259,Nick Martinez,CIN,P,111.0,1.0669010030393733,1.5570987611925986,68.71428571428571,0.9802691994414668,0.9802691994414668,179.71428571428572,2.04717020248084,1.7026981821516893,1.8447463659385406,2.04717020248084,2.0842101517110345,2.1374580485244836,0.43475986637279407,19,21
656876,Drew Rasmussen,TBR,P,91.1,2.037107477277941,3.622518236213243,68.08526315789473,1.1452225230643984,1.1452225230643984,159.18526315789472,3.1823300003423394,2.9133082705673647,3.0868166763778646,3.1236202980362906,3.1823300003423394,3.389588635950205,0.47628036538284046,19,19
676083,Janson Junk,MIA,P,50.1,0.8636885037704375,1.8963220641666292,39.08901098901099,0.6464784554522476,0.6464784554522476,89.189010989011,1.5101669592226852,1.3663051005029083,1.4597523856071246,1.5101669592226852,1.5677367132603952,1.5976260782366605,0.23132097773375226,5,10
666157,Nick Lodolo,CIN,P,106.2,2.262559073474076,3.4513612985197772,72.66315789473684,1.0432642850556206,1.0432642850556206,178.86315789473684,3.3058233585296968,2.96494441381466,3.086524559894622,3.3058233585296968,3.3753308096777257,3.3754321123042956,0.41048769848963584,19,19
641154,Pablo López,MIN,P,60.2,1.4090118514689756,3.7916930222254823,63.848484848484844,1.0639734185628207,1.0639734185628207,124.04848484848485,2.4729852700317965,2.230541342519859,2.3871547740217047,2.4644134491082506,2.4729852700317965,2.506919867043274,0.27637852452341516,11,11
605288,Adrian Houser,CHW,P,57.2,1.2605500635526754,3.5700893408310037,86.66666666666667,0.9262637878623936,0.9262637878623936,143.86666666666667,2.186813851415069,2.0113811311435015,2.1631622960933985,2.186813851415069,2.218627616816321,2.255139863318856,0.24375873217535438,9,9
663903,Brady Singer,CIN,P,100.0,1.303162312453407,2.1111229461745196,68.42105263157896,0.9672721241855798,0.9672721241855798,168.42105263157896,2.270434436638987,1.9963624955600145,2.0926479723645492,2.2610048622414,2.270434436638987,2.3400989526986455,0.343736457138631,19,19
668881,Hunter Greene,CIN,P,59.2,1.651553918105006,4.519454978598159,58.303030303030305,1.1946435495866827,1.1946435495866827,117.5030303030303,2.846197467691689,2.5781084740030478,2.8358459697071945,2.846197467691689,2.8531752304848927,3.2710813411299666,0.6929728671269191,11,11
670970,Adrian Morejon,SDP,P,43.2,1.139932054053631,1.2718686343839125,29.700000000000003,0.5089842628065926,0.5089842628065926,72.9,1.6489163168602237,1.5323993479146218,1.5428869334742712,1.5804463217073694,1.6489163168602237,1.9700505963752235,0.43765124846060166,0,47
622491,Luis Castillo,SEA,P,108.1,1.5982440605357684,2.395148360839912,76.23894736842105,0.9253127162511047,0.9253127162511047,184.33894736842103,2.523556776786873,2.2386643077865536,2.3605967110612447,2.523556776786873,2.5393294693467308,2.613061948109925,0.37439764032337164,19,19
656731,Tylor Megill,NYM,P,68.1,1.3613406068780851,3.2384313996218768,52.69642857142857,0.9687729259474318,0.9687729259474318,120.79642857142856,2.330113532825517,2.141602362671984,2.2699554280387035,2.280536211697462,2.2900252499840934,2.330113532825517,0.18851117015353314,14,14
622663,Luis Severino,ATH,P,113.1,0.7027154336250915,1.006542000417903,72.384,0.9686251072550778,0.9686251072550778,185.48399999999998,1.6713405408801694,1.2980946829137152,1.3953214073089364,1.6585814549686262,1.6630726002183323,1.6713405408801694,0.37324585796645415,20,20
671737,Taj Bradley,TBR,P,103.2,0.9542160782462602,1.4978973321307572,77.12842105263158,0.9211705545056222,0.9211705545056222,180.3284210526316,1.8753866327518824,1.4763286244462348,1.617738128582932,1.7783312987418363,1.8753866327518824,1.9152787674793101,0.43895014303307534,19,19
686752,Ryan Pepiot,TBR,P,114.1,1.8982611032851178,2.6951647566361885,81.011,0.9115764381306777,0.9115764381306777,195.111,2.8098375414157957,2.5345559323798765,2.596909401554299,2.802388907462964,2.8098375414157957,2.8651530049141734,0.33059707253429693,20,20
571948,Hoby Milner,TEX,P,46.0,0.455596256478456,0.47738564265786043,31.625,0.3427070379970941,0.3427070379970941,77.625,0.7983032944755502,0.6978991568697338,0.7382795176872856,0.7983032944755502,0.8438948557771355,0.8700614620826064,0.1721623052128726,0,44
643377,Griffin Jax,MIN,P,41.1,1.1514358618570828,1.3503457066061166,31.271739130434785,0.39454700689437605,0.39454700689437605,72.37173913043479,1.5459828687514587,1.4180549534472782,1.4612231986261508,1.5459828687514587,1.5516629726577942,1.5627847243467512,0.14472977089947303,0,44
669302,Logan Gilbert,SEA,P,61.0,1.7201573850522058,4.56828682587635,56.763888888888886,0.9444185414939844,0.9444185414939844,117.76388888888889,2.66457592654619,2.511636735122977,2.626249111975612,2.6593338689179236,2.66457592654619,2.68997053066379,0.17833379554081308,12,12
650633,Michael King,SDP,P,55.2,1.367845056549687,4.014327883352342,60.720000000000006,0.903845860567593,0.903845860567593,115.92000000000002,2.27169091711728,2.1010518389750272,2.2206573026866034,2.27169091711728,2.2762104299840846,2.4291275566476163,0.32807571767258903,10,10
663554,Casey Mize,DET,P,88.2,1.4049993920118937,2.5806111281851107,61.55625,0.7011347171564988,0.7011347171564988,149.75625,2.1061341091683925,1.9377149334500716,2.0353716174381775,2.1061341091683925,2.147650364530329,2.2330459443851662,0.29533101093509473,16,16
621244,José Berríos,TOR,P,115.1,1.443279037929641,2.0313744930026223,78.268,0.7682660089269577,0.7682660089269577,193.368,2.2115450468565987,1.9385044147835715,2.026090821849598,2.2115450468565987,2.2229460060967052,2.2550742050661183,0.3165697902825471,20,20
608337,Lucas Giolito,BOS,P,72.1,1.1877002422893133,2.668619129693048,60.083333333333336,0.9832418970564313,0.9832418970564313,132.18333333333334,2.1709421393457444,1.9954400598049111,2.129350338716598,2.161589477636736,2.1709421393457444,2.173040908801674,0.1776008489967632,13,13
671922,Cade Smith,CLE,P,41.0,1.1722464277293527,1.3781043369891415,31.195652173913047,0.387272598472936,0.387272598472936,72.19565217391305,1.5595190262022887,1.44716447511865,1.4852553222731797,1.5595190262022887,1.5772637692062679,1.6021727225454288,0.1550082474267786,0,43
681857,Reese Olson,DET,P,58.0,1.1600738667118893,3.240206317367691,58.878787878787875,0.8630188212294192,0.8630188212294192,116.87878787878788,2.0230926879413085,1.9256641439724929,2.0230926879413085,2.0775485662485016,2.080045907001348,2.150159934766172,0.2244957907936791,11,11
661395,Jhoan Duran,MIN,P,43.1,1.2078055663483591,1.3507245544777473,32.79347826086957,0.35367534877743745,0.35367534877743745,75.89347826086957,1.5614809151257965,1.4573883756953148,1.5002905072810377,1.5614809151257965,1.6491137245795895,1.665625521968936,0.2082371462736212,0,44
702070,Noah Cameron,KCR,P,70.0,1.5395416464184473,3.562939238854121,63.19444444444444,0.8561251044152068,0.8561251044152068,133.19444444444446,2.395666750833654,2.27255193326491,2.3613570459382562,2.395666750833654,2.4074892701356116,2.542050880974261,0.2694989477093508,12,12
657376,Clarke Schmidt,NYY,P,78.2,1.417124940738162,2.9357319744192103,61.44285714285715,0.7854303875476597,0.7854303875476597,139.64285714285717,2.202555328285822,2.1173022555139505,2.17979225493049,2.202555328285822,2.2232811608129954,2.243678980847429,0.12637672533347866,14,14
665795,Edward Cabrera,MIA,P,82.1,1.7232406607148896,3.4003043487918654,60.719791666666666,0.7678745132931825,0.7678745132931825,142.81979166666667,2.491115174008072,2.3175636882937654,2.39972540557046,2.491115174008072,2.537184304702782,2.5757005514889615,0.25813686319519646,16,16
608566,Germán Márquez,COL,P,95.1,0.22063207924347653,0.37584013498888746,68.07157894736842,0.8546393717305867,0.8546393717305867,163.1715789473684,1.0752714509740633,0.7932158054031809,0.8512765654459572,1.0004337784394222,1.0752714509740633,1.178222455751377,0.3850066503481959,19,19
676263,Jack Dreyer,LAD,P,48.1,0.7806121959780402,1.785183816165996,33.923157894736846,0.5414792055823063,0.5414792055823063,82.02315789473684,1.3220914015603467,1.2145104133791262,1.2954994689944854,1.3220914015603467,1.3415552935722312,1.377095246112661,0.1625848327335347,5,37
650556,Bryan Abreu,HOU,P,42.1,1.4528344939609594,1.6633402044873693,31.23548387096774,0.37077038672012624,0.37077038672012624,73.33548387096775,1.8236048806810856,1.718785579418117,1.7538847288729085,1.8236048806810856,1.9109768372818796,1.9127216667418752,0.19393608732375794,0,42
662253,Andrés Muñoz,SEA,P,36.0,1.1617706706109499,1.555481842317994,25.38947368421053,0.3573521031114383,0.3573521031114383,61.38947368421053,1.5191227737223882,1.4268684678981591,1.4604869339118736,1.5191227737223882,1.566581103792466,1.6027470283379297,0.17587856043977057,0,37
694738,Landen Roupp,SFG,P,96.1,1.3726190908849278,2.313884419597901,66.76421052631578,0.7949165719889438,0.7949165719889438,162.8642105263158,2.167535662873872,1.8715385930445378,1.9558450612973315,2.167535662873872,2.188091537597531,2.3440636042822494,0.4725250112377114,19,19
676508,Ben Casparius,LAD,P,62.2,0.6513801151896801,1.1519584030685661,43.86736842105263,0.4912683483910214,0.4912683483910214,106.06736842105263,1.1426484635807015,1.0685954192220672,1.1426484635807015,1.161152515759424,1.2303513159773591,1.2700462550864287,0.2014508358643613,3,28
621242,Edwin Díaz,NYM,P,38.0,1.495131042011925,1.8964556901309155,25.46391752577319,0.5417451230729345,0.5417451230729345,63.46391752577319,2.0368761650848595,1.924016757547149,1.9350698862852878,1.9650727758043736,2.0368761650848595,2.355602171359774,0.43158541381262516,0,37
669358,Shane Baz,TBR,P,110.0,1.4532943915489205,2.140306285735683,82.21052631578948,0.683589933085049,0.683589933085049,192.21052631578948,2.1368843246339697,1.8526492631772467,1.952709147394629,2.109135441440445,2.1368843246339697,2.1811634838134117,0.32851422063616503,19,19
592866,Trevor Williams,WSN,P,82.2,0.17423469059319135,0.3433822369354866,53.18823529411765,0.6891509766416195,0.6891509766416195,135.38823529411766,0.8633856672348108,0.7645101235816905,0.8167260939386272,0.8633856672348108,0.9346324094241407,1.0242688722516262,0.25975874866993576,17,17
669432,Trevor Rogers,BAL,P,35.1,0.9580534341472405,4.421785080679571,85.55335968379448,1.3922006392410302,1.3922006392410302,120.65335968379449,2.3502540733882706,1.871759962276272,2.1248092570493253,2.1648569674495985,2.3502540733882706,2.59453948577079,0.7227795234945178,6,6
676684,Will Vest,DET,P,43.0,0.9633675241771391,1.0798677829148398,30.326315789473682,0.3150764112136407,0.3150764112136407,73.32631578947368,1.2784439353907797,1.2154267521657354,1.2542345429565214,1.2784439353907797,1.3264342634641006,1.3514764672832928,0.13604971511755748,0,40
607625,Seth Lugo,KCR,P,101.0,1.664734809001236,2.670168703546537,64.36274509803923,0.5722933318592824,0.5722933318592824,165.36274509803923,2.2370281408605184,2.0767693676607792,2.153005520307996,2.2370281408605184,2.264492089473394,2.429516712638212,0.35274734497743254,17,17
681343,Shane Smith,CHW,P,86.2,1.2052626929150472,2.2651108613948683,66.08666666666667,0.7545421352420707,0.7545421352420707,152.2866666666667,1.9598048281571179,1.8087335932205293,1.874409788948824,1.9598048281571179,1.9932564117372733,2.091244812548174,0.2825112193276448,18,18
656986,Bennett Sousa,HOU,P,37.1,1.1609422240054152,1.5082861239100005,27.525806451612905,0.12409281349554628,0.12409281349554628,64.6258064516129,1.2850350375009616,1.075535458147737,1.0811051699543641,1.2374088681158255,1.2850350375009616,1.36653657176304,0.29100111361530306,0,30
661403,Emmanuel Clase,CLE,P,43.1,0.7684631639478209,0.8593950000530155,32.79347826086957,0.30733527639740577,0.30733527639740577,75.89347826086957,1.0757984403452268,1.033137311662301,1.0714802240822094,1.0757984403452268,1.1176825010903289,1.162309953691406,0.129172642029105,0,43
663978,Chris Paddack,MIN,P,100.0,0.5074876517823266,0.822129995887369,73.6842105263158,0.7074187040387996,0.7074187040387996,173.68421052631578,1.2149063558211262,0.8768090810305376,0.9857131767387078,1.1309301190075236,1.2149063558211262,1.293626963443228,0.41681788241269047,19,19
571927,Steven Matz,STL,P,51.0,0.5045436123550894,0.4768431787355943,39.79120879120879,0.26956620767160433,0.26956620767160433,90.79120879120879,0.7741098200266937,0.7471886600442958,0.7625702265702242,0.7741098200266937,0.8595268403744547,0.8950301019547469,0.14784144191045104,2,28
663893,Brendon Little,TOR,P,44.1,1.0087454148510342,1.1025290021727858,31.902127659574468,0.229317896609947,0.229317896609947,76.00212765957447,1.2380633114609811,0.9490118924029031,0.9946811753407813,1.138019261500868,1.221245312967786,1.2380633114609811,0.28905141905807813,0,45
656794,Sean Newcomb,"ATH, BOS",P,64.1,0.6230191702531032,1.0691436619008012,27.47422674453937,0.41878079944373225,0.41878079944373225,91.57422674453936,1.0417999696968354,0.9058772174684118,0.9769138149890917,1.0417999696968354,1.0493137929418141,1.1009605339385915,0.19508331647017962,5,27
670280,David Bednar,PIT,P,32.0,1.044824553745283,1.5737669840788326,24.967032967032964,0.37820727443273433,0.37820727443273433,56.967032967032964,1.4230318281780172,1.3190755295968395,1.3417329100882105,1.3859606905737156,1.4230318281780172,1.427672563645969,0.10859703404912974,0,36
605280,Clay Holmes,NYM,P,103.1,1.461283835439036,2.296100691960464,70.54210526315788,0.6317494363030562,0.6317494363030562,173.64210526315787,2.093033271742092,1.8444477961518635,1.9566556818382723,2.093033271742092,2.1787464544100303,2.191442332664939,0.3469945365130756,19,19
691587,Eury Pérez,MIA,P,34.0,0.7028745733332403,3.348990614117204,68.15358554488989,0.9862887351258862,0.9862887351258862,102.15358554488989,1.6891633084591264,1.5224606061919554,1.600115549954848,1.6251534012757665,1.678348024385987,1.6891633084591264,0.1667027022671711,7,7
656730,Trevor Megill,MIL,P,33.2,0.7924295763717004,1.1504549873830108,23.414736842105267,0.3117391193461895,0.3117391193461895,56.61473684210527,1.10416869571789,1.0377623226931816,1.0807818323023415,1.10416869571789,1.1188132360916372,1.1817073022629265,0.1439449795697448,0,36
656234,Jake Bird,COL,P,49.2,0.4705138463226355,0.4609505567632324,35.59148936170213,0.16430111041564757,0.16430111041564757,84.79148936170213,0.634814956738283,0.5722093832237483,0.5885789116619089,0.634814956738283,0.6820327030710327,0.6908776925159287,0.11866830929218034,0,40
683232,Nick Mears,MIL,P,37.1,0.45611743482735667,0.592583837161148,26.16526315789474,0.32045422813929597,0.32045422813929597,63.265263157894736,0.7765716629666526,0.6959801416057962,0.7297025992900348,0.7765716629666526,0.8016201101629419,0.8493684115849065,0.15338826997911037,0,41
595345,Steven Okert,HOU,P,42.2,1.2672899104256967,1.4474733100122887,31.309677419354845,0.3344761360177493,0.3344761360177493,73.50967741935484,1.601766046443446,1.5281466002694135,1.5512149850805994,1.601766046443446,1.6647864524764393,1.7469788033396518,0.21883220307023832,0,39
642701,Dennis Santana,PIT,P,40.1,0.7280820251173711,0.875150962859284,31.286813186813184,0.3068958385319569,0.3068958385319569,71.38681318681319,1.034977863649328,0.989896392909924,1.009434628171512,1.034977863649328,1.1550929945237733,1.2377946217221458,0.24789822881222195,0,40
675911,Spencer Strider,ATL,P,61.2,1.1800152088356384,3.123569670447278,62.127272727272725,0.6437141940261928,0.6437141940261928,123.32727272727273,1.8237294028618312,1.8235207048413116,1.8237294028618312,1.9002060998778143,1.940160036799205,2.003895781873306,0.18037507703199462,11,11
592094,Jason Adam,SDP,P,47.2,1.040772211455242,1.0628224701725142,32.45,0.16220534448656368,0.16220534448656368,79.65,1.2029775559418057,1.1590853305672326,1.1636835212341836,1.2029775559418057,1.2754047757540654,1.3171353736299503,0.15805004306271775,0,47
676962,Ben Brown,CHC,P,79.1,0.6313095079614074,1.292947412006928,55.205208333333324,0.5900502073395391,0.5900502073395391,134.30520833333333,1.2213597153009466,1.0999617710467833,1.1592959250033954,1.1837390352287795,1.2109549371038213,1.2213597153009466,0.12139794425416323,14,16
656427,Jack Flaherty,DET,P,100.2,1.556569146902323,2.516608800381001,70.66736842105263,0.6389856442185492,0.6389856442185492,170.86736842105262,2.1955547911208724,1.971567003315995,2.0561042968195604,2.1955547911208724,2.1972246585471327,2.307492958855132,0.3359259555391369,19,19
687473,Ryan Gusto,HOU,P,74.2,0.2481810561868719,0.36792339865978313,55.05161290322581,0.3402343500387629,0.3402343500387629,129.2516129032258,0.5884154062256348,0.5293680347808339,0.5772543161509891,0.5884154062256348,0.7039380895458682,0.7403853617480883,0.21101732696725445,12,20
678394,Brayan Bello,BOS,P,91.2,1.3701500789593268,2.433819219204067,61.75000000000001,0.6164416167596312,0.6164416167596312,152.95000000000002,1.986591695718958,1.8296009551688441,1.8837264721919729,1.9266239756628765,1.986591695718958,2.0002988772620602,0.17069792209321621,15,16
690928,Hunter Dobbins,BOS,P,61.0,0.751712683318176,1.9963517163531888,50.833333333333336,0.7109381314537857,0.7109381314537857,111.83333333333334,1.4626508147719617,1.4017573740574576,1.4626508147719617,1.4948579215549118,1.5092291681841554,1.5191972738897292,0.11743989983227165,11,13
676477,Garrett Whitlock,BOS,P,45.1,1.0574092100906036,1.1300914396090265,30.221649484536083,0.45157683364083206,0.45157683364083206,75.32164948453608,1.5089860437314357,1.4933172686186755,1.5089860437314357,1.5311209357338535,1.5334190690826701,1.9338572206854832,0.44053995206680774,0,35
656288,Griffin Canning,NYM,P,76.1,1.0046236981485808,2.1386207503294363,51.526041666666664,0.7576206779088387,0.7576206779088387,127.62604166666665,1.7622443760574193,1.657088655788175,1.7247809505699974,1.7622443760574193,1.8200002709052567,1.8370098072233354,0.1799211514351604,16,16
686973,Louis Varland,MIN,P,44.2,0.9726191530669721,1.0606389859237118,33.6304347826087,0.28273729858498464,0.28273729858498464,77.8304347826087,1.2553564516519566,1.2114723189529304,1.231205942603771,1.2553564516519566,1.296329921986052,1.3572651592590603,0.14579284030612996,0,46
664126,Pete Fairbanks,TBR,P,36.0,0.31989600662382284,0.4283052088685628,28.08791208791209,0.2923031672792815,0.2923031672792815,64.08791208791209,0.6121991739031043,0.5810217697256186,0.6121991739031043,0.6233969682446264,0.6543509788278846,0.7116337551563042,0.13061198543068558,0,37
682847,Luis L. Ortiz,CLE,P,88.2,1.2935097649366605,2.37583426212856,64.3125,0.5461473854049895,0.5461473854049895,152.5125,1.8396571503416501,1.7585425860049861,1.7829959821273635,1.8286873067779488,1.8396571503416501,1.9198294385001897,0.16128685249520347,16,16
543056,Danny Coulombe,MIN,P,26.2,0.9314420636484844,1.7135689873227844,19.934782608695656,0.24046205528538886,0.24046205528538886,46.13478260869566,1.1719041189338733,1.1156967498023274,1.1440617546297764,1.1719041189338733,1.2292606459408904,1.2398780826926128,0.12418133289028546,1,35
571578,Patrick Corbin,TEX,P,93.1,0.8976338284372832,1.561940711136841,60.241176470588236,0.5519208807878485,0.5519208807878485,153.34117647058824,1.4495547092251317,1.280356520452697,1.3863771723044713,1.4495547092251317,1.4640842537876766,1.5628775700076503,0.28252104955495333,17,17
656550,Grant Holmes,ATL,P,105.0,1.6357409344230058,2.523714584538352,70.35000000000001,0.6075133542129993,0.6075133542129993,175.35000000000002,2.243254288636005,2.017768033337748,2.131388830521415,2.243254288636005,2.2595311410044,2.351937130015211,0.33416909667746286,19,20
623352,Josh Hader,HOU,P,42.2,1.5876401206995996,1.813370943547884,31.309677419354845,0.3756426336608567,0.3756426336608567,73.50967741935484,1.9632827543604563,1.8857811554524893,1.9030998744942074,1.9632827543604563,2.0110243865637787,2.1289532297956266,0.24317207434313753,0,40
695243,Mason Miller,ATH,P,35.2,1.0883700738695508,1.4903249306963733,22.98775510204082,0.37707186153570643,0.37707186153570643,58.187755102040825,1.4654419354052572,1.3775624708142378,1.3951043365239504,1.4622977767154552,1.4654419354052572,1.5914147970632024,0.2138523262489646,0,35
676440,Tanner Bibee,CLE,P,109.0,1.4932179471213367,2.21927804985006,80.3157894736842,0.6131728280239259,0.6131728280239259,189.31578947368422,2.106390775145263,1.8821070870605319,1.9588169973110006,2.106390775145263,2.175694827299878,2.2779973943112224,0.3958903072506907,19,19
543294,Kyle Hendricks,LAA,P,96.0,0.6056529211106754,1.0220393043742648,72.53333333333333,0.6024134102311225,0.6024134102311225,168.53333333333333,1.2080663313417979,0.9950932449706864,1.0900837386142102,1.1322373599391908,1.2080663313417979,1.2634344373034119,0.26834119233272546,18,18
669093,Jeremiah Estrada,SDP,P,43.0,1.2160559936473725,1.3631139277628688,29.5625,0.29109551905863834,0.29109551905863834,72.5625,1.5071515127060109,1.4619113026963935,1.4899351523622997,1.5071515127060109,1.5564522195508916,1.6037592276836699,0.14184792498727633,0,46
664208,Phil Maton,STL,P,35.1,1.015481444489343,1.3944787927175595,27.38571428571429,0.34271957243711487,0.34271957243711487,62.485714285714295,1.3582010169264578,1.288936696783731,1.3057141974618331,1.3582010169264578,1.373422855496315,1.4930665837384884,0.2041298869547573,0,37
682842,Abner Uribe,MIL,P,46.1,1.342313991731607,1.4034606160838061,32.51263157894737,0.1643975143756059,0.1643975143756059,78.61263157894737,1.5067115061072127,1.5067115061072127,1.5078677524516237,1.517314299892229,1.6358178675510344,1.7087020135938606,0.20199050748664782,0,46
642207,Devin Williams,NYY,P,35.1,0.43881735575930314,0.602592494233573,24.13125,0.26792867429142336,0.26792867429142336,59.23125,0.7067460300507264,0.687301208906022,0.7038860278755426,0.7067460300507264,0.7553624420166773,0.8318963581666389,0.14459514926061695,0,39
547179,Michael Lorenzen,KCR,P,99.2,0.7923064222996016,1.2938875041586235,71.64444444444445,0.6058939374156966,0.6058939374156966,170.84444444444443,1.398200359715298,1.152930509028984,1.2711917916644777,1.3050011792328906,1.398200359715298,1.4177942759093352,0.264863766880351,18,18
641778,Eric Lauer,TOR,P,55.0,0.5512701716799091,1.1025403433598182,39.78723404255319,0.31345921820663863,0.31345921820663863,94.7872340425532,0.8647293898865478,0.8350345119411677,0.8647293898865478,0.873608842752845,0.8832714124979046,0.9321598554347543,0.09712534349358659,8,14
647336,Michael Soroka,WSN,P,67.1,1.098661425170995,2.6525059743323576,56.77692307692307,0.646702882625741,0.646702882625741,123.87692307692306,1.745364307796736,1.745364307796736,1.7852775455307577,1.7925950956565084,1.8858189658145148,1.9280694062707378,0.18270509847400174,13,13
518585,Fernando Cruz,NYY,P,33.0,1.1011992813139173,1.608418344222146,22.6875,0.28942620007090253,0.28942620007090253,55.6875,1.3906254813848198,1.3581530653831502,1.3777427213864073,1.3906254813848198,1.4157248713785224,1.5142351423805314,0.1560820769973813,0,32
695418,Brad Lord,WSN,P,65.0,0.3915010480475038,0.6625402351573141,44.6875,0.3485218341240217,0.3485218341240217,109.6875,0.7400228821715256,0.6597494758054722,0.7378496471862646,0.7400228821715256,0.7676425283143564,0.7878748886132242,0.12812541280775203,6,35
621381,Matt Strahm,PHI,P,38.1,0.47559093388920576,0.6016662208257144,26.19375,0.2830801081309187,0.2830801081309187,64.29375,0.7586710420201245,0.7230360642384639,0.7586710420201245,0.763487182135927,0.8206117069671724,0.8823852995139676,0.15934923527550368,0,41
687911,Bryan King,HOU,P,39.0,0.7709828937193012,0.9528557814684697,28.935483870967744,0.30314100313100334,0.30314100313100334,67.93548387096774,1.0741238968503044,1.0152040713768917,1.0458301350474484,1.0741238968503044,1.1018402844043576,1.182327055282261,0.1671229839053692,0,40
680730,Mitchell Parker,WSN,P,102.0,0.07021141337403501,0.1115122447705262,70.86315789473683,0.6123396525254005,0.6123396525254005,172.86315789473684,0.6825510658994355,0.4567557782589961,0.5112297158114132,0.6377216613062107,0.6825510658994355,0.7381750409537746,0.2814192626947785,19,19
680573,Simeon Woods Richardson,MIN,P,73.0,0.6138935298363567,1.3623390662121888,56.77777777777777,0.5927826733115282,0.5927826733115282,129.77777777777777,1.206676203147885,1.0852709054906924,1.1524705852691328,1.20119877928963,1.206676203147885,1.2272199902369416,0.14194908474624934,14,15
671106,Logan Allen,CLE,P,90.0,0.6148382152206856,1.106708787397234,70.0,0.4417540069884504,0.4417540069884504,160.0,1.056592222209136,0.9811220316191194,1.0513552560690391,1.056592222209136,1.097423095360205,1.2149236490227522,0.23380161740363264,17,18
615698,Cal Quantrill,MIA,P,81.2,0.332064622043526,0.6624934577715667,64.05777777777777,0.6204140519365906,0.6204140519365906,145.2577777777778,0.9524786739801165,0.7467780953701013,0.8477827341085042,0.8729304792290149,0.9517660892073698,0.9524786739801165,0.20570057861001528,18,18
641302,Tyler Alexander,"CHW, MIL",P,60.2,0.20353661730524386,0.37191076251788746,25.46,0.3539584186412367,0.3539584186412367,85.66,0.5574950359464805,0.4689677883737887,0.5356514709326216,0.5574950359464805,0.5826753859872408,0.5900521103208918,0.12108432194710306,4,30
621237,José Alvarado,PHI,P,20.0,0.487288530359628,1.1743653581667035,13.75,0.2118703901376875,0.2118703901376875,33.75,0.6991589204973154,0.6522854233880262,0.6746335424227857,0.677534189684654,0.6951651503720282,0.6991589204973154,0.04687349710928923,0,20
700249,Cade Povich,BAL,P,64.2,0.4559376917976753,1.150496979302545,60.907692307692315,0.5193898683096304,0.5193898683096304,125.10769230769232,0.9753275601073057,0.9753275601073057,0.9979888214027732,1.0170306881810647,1.1140623148057371,1.2019133839869465,0.22658582387964066,12,13
642100,Gabe Speier,SEA,P,36.2,1.2104993091361325,1.61176979835253,25.530526315789476,0.33613508856345625,0.33613508856345625,61.730526315789476,1.5466343976995887,1.4601584226316107,1.4724421599555955,1.5466343976995887,1.5555377102008576,1.6010000770216772,0.14084165439006655,0,42
683004,Jack Leiter,TEX,P,80.1,0.8963766823372583,1.8128966609068147,55.068749999999994,0.3563272597279404,0.3563272597279404,135.16875,1.2527039420651986,1.006851798839839,1.0255977802093001,1.2230488039543035,1.2527039420651986,1.3920254050343381,0.3851736061944989,16,16
694037,Daniel Palencia,CHC,P,34.1,0.8749702896657042,1.2367615238090013,24.04947368421053,0.2807965982053741,0.2807965982053741,58.149473684210534,1.1557668878710783,1.096227175186065,1.1336868466746246,1.1484024751789488,1.1557668878710783,1.2229933141514258,0.1267661389653607,0,33
663436,Davis Martin,CHW,P,80.2,0.7246128888079858,1.4636818950984252,65.87857142857143,0.4544285670972359,0.4544285670972359,146.07857142857142,1.1790414559052218,1.1318479075955552,1.1545663197892875,1.1790414559052218,1.2483801644625423,1.291525556356957,0.15967764876140178,13,14
643511,Tyler Rogers,SFG,P,46.1,1.0273487678798396,1.0741477356140623,31.69375,0.10921678812028034,0.10921678812028034,77.79375,1.13656555600012,1.13656555600012,1.179221622220857,1.2857234556256794,1.3491885923109304,1.5295855027015097,0.39301994670138973,0,48
608032,Carlos Estévez,KCR,P,42.0,0.42526633436323136,0.4880437456263751,28.144329896907216,0.1737729776166677,0.1737729776166677,70.14432989690721,0.5990393119798991,0.5551274592156494,0.5579284323728814,0.5990393119798991,0.6615017372052812,0.6997760606300443,0.14464860141439476,0,41
605488,Jeffrey Springs,ATH,P,110.0,1.0420378889486566,1.5346376182698396,70.4,0.6267731616393021,0.6267731616393021,180.4,1.6688110505879585,1.3734989107554285,1.5204828481655643,1.597642769333123,1.6688110505879585,1.7408190184647285,0.3673201077092998,18,20
643410,Mark Leiter Jr.,NYY,P,34.1,0.389729608911577,0.5508788020392378,23.44375,0.2636336616113964,0.2636336616113964,57.54375,0.6533632705229734,0.6219098528223689,0.6365570793390023,0.6533632705229734,0.6621388924041911,0.766406011446258,0.1444961586238891,0,41
668933,Graham Ashcraft,CIN,P,39.2,0.33878727057509106,0.4165700622887599,26.2680412371134,0.1661524682644657,0.1661524682644657,65.4680412371134,0.5049397388395568,0.4413191453950977,0.46580166049246896,0.5049397388395568,0.5301234435103895,0.5303427508423622,0.08902360544726448,0,34
691799,Grant Taylor,CHW,P,16.1,0.20455736616697132,0.6124015558539141,11.94516129032258,0.2455772098972326,0.2455772098972326,28.045161290322582,0.45013457606420393,0.42703704931630015,0.43889058438311723,0.45013457606420393,0.46374574562480075,0.5319585706906761,0.10492152137437594,1,13
669203,Corbin Burnes,ARI,P,64.1,1.3822779587623022,3.493432594687878,64.1,0.5273418505271023,0.5273418505271023,128.2,1.9096198092894046,1.9096198092894046,1.9107665774074374,1.9567625321687379,2.0231146101505475,2.091162149434421,0.18154234014501636,11,11
676664,JP Sears,ATH,P,97.2,0.47625593677132105,0.7937598946188684,65.48210526315789,0.5532901473676253,0.5532901473676253,162.6821052631579,1.0295460841389463,0.8105279686524977,0.9020559679652012,1.0200766112981947,1.0295460841389463,1.1290732563981098,0.3185452877456123,19,19
668674,Lucas Erceg,KCR,P,37.2,0.6992767473825783,0.9060521296731257,24.927835051546392,0.16759388418554455,0.16759388418554455,62.1278350515464,0.8668706315681228,0.8309928878451618,0.8372826844156098,0.8668706315681228,0.9676584187897819,0.9861164299555607,0.15512354211039892,0,38
669194,Ryne Nelson,ARI,P,78.1,0.9096690611898934,1.2812240298449205,53.693749999999994,0.49644908327609466,0.49644908327609466,131.79375,1.406118144465988,1.406118144465988,1.4083497615907368,1.425361929168862,1.486883284664688,1.8857152060374942,0.4795970615715061,10,20
593958,Eduardo Rodriguez,ARI,P,80.1,0.4496356483247023,0.9093754685218699,55.068749999999994,0.503733640903925,0.503733640903925,135.16875,0.9533692892286274,0.9041866145544395,0.9476546122134557,0.9533692892286274,0.9790963438075302,1.1003066077935535,0.196119993239114,16,16
500779,Jose Quintana,MIL,P,71.1,0.6226599144247573,1.4187187923602067,61.07307692307691,0.5157995791051359,0.5157995791051359,132.1730769230769,1.138459493529893,1.1272529214882474,1.138459493529893,1.15978987695755,1.209211317230268,1.3170787379446127,0.1898258164563652,13,13
592779,Brock Stewart,MIN,P,29.1,0.6871142921899139,1.1381068344863867,22.141304347826086,0.24345278241336585,0.24345278241336585,51.24130434782609,0.9305670746032798,0.9179846381665863,0.9305670746032798,0.9441527143531507,0.9561113692550693,1.0134023108377357,0.09541767267114948,0,34
657571,Caleb Ferguson,PIT,P,40.0,0.4908030554869072,0.5914176818617233,31.208791208791208,0.16740041623016558,0.16740041623016558,71.20879120879121,0.6582034717170728,0.6056565339565584,0.6266248664023895,0.6582034717170728,0.7779028478138365,0.7862692130939942,0.1806126791374358,0,41
680755,Braydon Fisher,TOR,P,28.1,0.7376961728557065,1.2653720829766923,20.32765957446809,0.22363081977657148,0.22363081977657148,48.427659574468095,0.961326992632278,0.9609415780546859,0.961326992632278,0.9692749999193709,1.0140480768697362,1.0511807869712568,0.09023920891657086,1,27
669923,George Kirby,SEA,P,54.0,1.026207987784003,3.078623963352009,60.300000000000004,0.7034335331185473,0.7034335331185473,114.30000000000001,1.7296415209025502,1.7216727342506961,1.7296415209025502,1.7519756952416021,1.7940104357885365,1.8968529695963727,0.17518023534567662,10,10
621383,Tanner Banks,PHI,P,41.0,0.829354613785189,0.974997375230393,28.187499999999996,0.16391296592776475,0.16391296592776475,69.1875,0.9932675797129538,0.9428075104402596,0.9553124906127991,0.9932675797129538,1.0181668498664806,1.0514674560459476,0.10865994560568804,1,40
458677,Justin Wilson,BOS,P,29.0,0.3394329664225982,0.5641609993644563,19.432989690721648,0.25517407814399146,0.25517407814399146,48.43298969072165,0.5946070445665896,0.5613379115482755,0.5799131798346857,0.5946070445665896,0.6081679753474307,0.6582055876967692,0.09686767614849365,0,37
657585,Reed Garrett,NYM,P,37.2,0.34937247473322547,0.4526815398425125,24.927835051546392,0.15885890995394744,0.15885890995394744,62.1278350515464,0.5082313846871729,0.4452361239979484,0.45335601191292174,0.5082313846871729,0.5201791211515749,0.5383404487530135,0.09310432475506504,0,39
678606,Jose A. Ferrer,WSN,P,48.1,0.28858288322331177,0.28918284763749746,33.06875,0.1446055485664874,0.1446055485664874,81.16875,0.43318843178979916,0.37832990454629306,0.4032945730995809,0.43318843178979916,0.44675908941841425,0.46272907901503546,0.08439917446874239,0,46
434378,Justin Verlander,SFG,P,76.2,0.7609413135536328,1.6177492492872507,55.88,0.5251327692041158,0.5251327692041158,132.08,1.2860740827577486,1.249280668028556,1.2860740827577486,1.3353629646113765,1.3576455708027277,1.421304053841283,0.1720233858127272,15,15
669160,Dustin May,LAD,P,94.1,0.8023956258146039,1.381382480148415,61.810784313725485,0.45487545717075056,0.45487545717075056,155.9107843137255,1.2572710829853544,1.1501863113092228,1.19288693720792,1.2572710829853544,1.3247229175482451,1.4825654247405313,0.3323791134313084,17,17
542881,Tyler Anderson,LAA,P,101.2,0.6873384153825629,1.1002848151380948,72.43789473684211,0.549235813753884,0.549235813753884,173.6378947368421,1.2365742291364468,1.0299077566939452,1.1172969683516953,1.2365742291364468,1.268726013791766,1.3497021730885408,0.31979441639459555,19,19
571945,Miles Mikolas,STL,P,93.0,0.3982018741099708,0.6936419742560782,73.36666666666667,0.5001317207109409,0.5001317207109409,166.36666666666667,0.8983335948209117,0.7477902085994389,0.8047665309557376,0.8612438008308859,0.8983335948209117,0.9963346195321252,0.24854441093268637,18,18
641793,Zack Littell,TBR,P,116.1,1.6225086896201937,2.263965613423526,86.76947368421052,0.3340265124892614,0.3340265124892614,202.8694736842105,1.956535202109455,1.8297828999682002,1.860899928785841,1.956535202109455,1.9664280888863235,2.005222678696188,0.17543977872798774,19,19
477132,Clayton Kershaw,LAD,P,50.2,0.7284540919772442,2.3507881055839355,56.05666666666667,0.733585385187411,0.733585385187411,106.25666666666667,1.4620394771646552,1.4211402783674882,1.4620394771646552,1.4909947188694055,1.5302315903319752,1.5564609874092432,0.13532070904175497,10,10
663855,Jordan Hicks,"BOS, SFG",P,52.1,0.04140519126295419,0.08741978961468254,33.137499993135016,0.2828875144193301,0.2828875144193301,85.23749999313502,0.32429270568228424,0.25930432538617526,0.30452809253130164,0.32429270568228424,0.3441004976159127,0.4259668166914625,0.16666249130528726,9,17
455119,Chris Martin,TEX,P,32.2,0.7108043782503414,1.0639991003623122,22.137500000000003,0.26486108063999714,0.26486108063999714,54.337500000000006,0.9756654588903385,0.9522609356063478,0.9566675337245337,0.9756654588903385,0.9909905246767818,1.0705033082433106,0.1182423726369628,0,37
682052,Jacob Lopez,ATH,P,55.2,0.7714181056850062,2.263944440597301,42.05714285714286,0.6828647462032837,0.6828647462032837,97.25714285714287,1.45428285188829,1.4202954339408813,1.45428285188829,1.4665109881615068,1.515181065961755,1.5443497330869815,0.12405429914610011,10,14
573204,Caleb Thielbar,CHC,P,35.1,0.6226083231257408,0.8549778112438948,24.754736842105263,0.16828729530136613,0.16828729530136613,59.85473684210527,0.7908956184271069,0.7445301633317024,0.756082055038434,0.7908956184271069,0.8483899085586682,0.8803414332355775,0.13581126990387501,0,40
681911,Alex Vesia,LAD,P,39.2,1.242918626372537,1.5282825967131703,27.646315789473682,0.21010820312960526,0.21010820312960526,66.84631578947369,1.4530268295021422,1.3593412980728423,1.3607634823445116,1.4514766441359495,1.4530268295021422,1.5041313055459613,0.14479000747311888,0,46
655889,Manuel Rodríguez,TBR,P,30.1,0.3608105988988821,0.577776440761665,23.484615384615385,0.21836071737444374,0.21836071737444374,53.58461538461539,0.5791713162733259,0.5538767842197517,0.5767172334804538,0.5791713162733259,0.5846301315094784,0.6891770031655357,0.13530021894578395,0,31
701656,Logan Henderson,MIL,P,21.0,0.7004172833098907,5.4032190426763,69.51581027667984,0.9987269104617497,0.9987269104617497,90.51581027667984,1.6991441937716405,1.5428104950317556,1.5707193280788527,1.5872425017281417,1.6991441937716405,1.718308550631354,0.1754980555995984,4,4
592836,Taijuan Walker,PHI,P,58.1,0.08564008970763373,0.16214130581479708,39.94375,0.30316205161680926,0.30316205161680926,98.04375,0.388802141324443,0.31997505877103916,0.37694001562842294,0.388802141324443,0.41276051230641664,0.4498115030237443,0.12983644425270507,9,20
450203,Charlie Morton,BAL,P,83.1,-0.028398852312553333,-0.03759174192997433,69.87954545454544,0.1490822795277268,0.1490822795277268,152.97954545454542,0.12068342721517346,0.09340567555382732,0.10096913274310622,0.11537555226183636,0.12068342721517346,0.15978971813565107,0.06638404258182373,14,20
672282,Reid Detmers,LAA,P,43.1,0.49438815682617426,0.5528888435967889,31.178723404255322,0.15928893316633622,0.15928893316633622,74.27872340425532,0.6536770899925105,0.5914058561248325,0.5950250269512362,0.6536770899925105,0.6553300372934434,0.6812520047831712,0.08984614865833866,0,40
663568,Stephen Kolek,SDP,P,68.0,0.8500934208945512,2.0252225615429014,62.333333333333336,0.48050690161115617,0.48050690161115617,130.33333333333334,1.3306003225057075,1.3143158615927626,1.3201358575207756,1.3306003225057075,1.4310413245004203,1.477752029979417,0.1634361683866542,12,12
682990,Quinn Priester,MIL,P,88.2,1.3032899466801406,2.3937978612492374,57.93529411764706,0.39253049305282084,0.39253049305282084,146.13529411764705,1.6958204397329615,1.6041492772842179,1.629761783869807,1.6958204397329615,1.769874430656084,1.83029217202178,0.22614289473756188,12,17
642585,Félix Bautista,BAL,P,33.2,0.812364521822135,1.1793966852959912,27.918181818181818,0.17301403241818006,0.17301403241818006,61.118181818181824,0.9853785542403151,0.9093533622115872,0.9187791992678134,0.9853785542403151,1.000417937006751,1.005563114798261,0.09620975258667402,0,34
656641,Jacob Latz,TEX,P,48.0,0.5835989420091094,0.5860306042674808,33.0,-0.12967433345637014,-0.12967433345637014,81.0,0.4539246085527393,0.4463743388896272,0.4539246085527393,0.45777085269389917,0.5441070829994733,0.5979676043787212,0.15159326548909396,2,21
571946,Shelby Miller,ARI,P,36.1,0.7947749188693397,1.0611676202078164,24.81875,0.14136359160677625,0.14136359160677625,60.91875,0.936138510476116,0.8767671218085353,0.8827675777025942,0.936138510476116,0.952805460823108,0.959051883005104,0.08228476119656862,0,37
640448,Kyle Finnegan,WSN,P,34.2,0.26806763315217175,0.3778029215770373,23.512500000000003,0.14575518977585986,0.14575518977585986,57.712500000000006,0.41382282292803163,0.37364620148703287,0.3819948864092307,0.41382282292803163,0.44725828712517646,0.45912791897293764,0.08548171748590475,0,35
519141,Drew Pomeranz,CHC,P,25.2,0.8208403418939997,3.583033238426189,17.77263157894737,0.25521315681057033,0.25521315681057033,42.97263157894737,1.07605349870457,1.0541815566935553,1.0690525831506326,1.07605349870457,1.0778797634612787,1.1121132889984202,0.0579317323048649,3,29
669854,Ronel Blanco,HOU,P,48.1,0.6792203197462776,2.287602740101808,72.87878787878789,0.6612099571965511,0.6612099571965511,120.9787878787879,1.3404302769428287,1.2870072396597516,1.322897263972818,1.3404302769428287,1.3486595987663779,1.3625848598078916,0.07557762014813996,9,9
623437,Justin Topa,MIN,P,37.2,0.1508102689137874,0.19540470327001486,28.304347826086957,0.11696623393690857,0.11696623393690857,65.50434782608696,0.267776502850696,0.2237340762981972,0.25479137531843515,0.267776502850696,0.28951802176791785,0.30321856129815705,0.07948448499995983,1,34
684007,Shota Imanaga,CHC,P,68.0,0.9886362427388394,2.3552804606425295,63.27777777777778,0.4953438076965625,0.4953438076965625,131.27777777777777,1.483980050435402,1.483980050435402,1.5012757551362457,1.5101846547104811,1.5998328509885364,1.6239724230763857,0.13999237264098363,12,12
701581,David Festa,MIN,P,48.0,0.6233117795001251,2.103677255812922,66.40316205533597,0.6432552940021318,0.6432552940021318,114.40316205533597,1.266567073502257,1.2382628474257429,1.266567073502257,1.2746163402843589,1.2859968894388443,1.3029639308829977,0.06470108345725478,9,10
680736,Justin Wrobleski,LAD,P,40.0,0.375188497146205,1.0317683671520637,28.210526315789473,0.08371328039356993,0.08371328039356993,68.21052631578948,0.4589017775397749,0.33175169482428185,0.35722538621739197,0.4589017775397749,0.4688931233529748,0.5501617001263891,0.21841000530210725,2,8
663485,Cole Sands,MIN,P,39.0,0.20510003376714317,0.2534826058352898,29.67391304347826,0.14674341766323085,0.14674341766323085,68.67391304347827,0.351843451430374,0.29969365946247517,0.32099323091433696,0.351843451430374,0.36135648764281186,0.3772881175396244,0.07759445807714921,2,40
700363,AJ Smith-Shawver,ATL,P,44.1,0.4939449795983924,1.8144917617900127,64.8814229249012,0.7612456599407746,0.7612456599407746,108.98142292490121,1.255190639539167,1.2004419511651372,1.2393279972569748,1.255190639539167,1.2986477570925183,1.3229374913089786,0.12249554014384156,9,9
656945,Tanner Scott,LAD,P,44.0,0.38335668583816146,0.41994982403180414,31.03157894736842,0.13077467675062712,0.13077467675062712,75.03157894736842,0.5141313625887886,0.46474574753584663,0.47111249619726336,0.5141313625887886,0.5421837225030097,0.545081262479004,0.08033551494315741,0,45
687888,Brandon Walter,HOU,P,40.2,0.9567886982382019,3.8557156496166343,78.31168831168831,0.7984264576307689,0.7984264576307689,118.51168831168832,1.7552151558689708,1.683252333807388,1.7327469176709427,1.7488342766403329,1.7552151558689708,1.7665728045396725,0.08332047073228466,7,7
805673,Zebby Matthews,MIN,P,19.0,0.20079537664795707,1.712044790366792,65.71146245059289,0.7707934612950661,0.7707934612950661,84.71146245059289,0.9715888379430232,0.9265479898098828,0.9334168883466667,0.9709097650580787,0.9715888379430232,1.0925138360344802,0.1659658462245973,4,4
676467,Colton Gordon,HOU,P,52.0,0.40316749303106636,1.2560218052121683,54.36363636363637,0.6150234148987936,0.6150234148987936,106.36363636363637,1.01819090792986,0.9647490655853833,1.0072209841512847,1.01819090792986,1.0401960794533642,1.0501887429487229,0.08543967736333946,10,11
669724,Brenan Hanifee,DET,P,45.2,0.20364310427651838,0.21715923951611033,31.87789473684211,0.11846925007210303,0.11846925007210303,77.07789473684211,0.3221123543486214,0.2693482919298752,0.2812816502460703,0.3221123543486214,0.3403939456416123,0.3625928461051491,0.09324455417527384,0,40
686218,Emmet Sheehan,LAD,P,13.1,0.2863605705973482,2.4045544095960536,9.238947368421051,0.22305986068367703,0.22305986068367703,22.338947368421053,0.5094204312810252,0.49465795920927974,0.5094204312810252,0.5126535625059971,0.5180840127578528,0.5804478226061767,0.08578986339689687,2,3
676395,Robert Garcia,TEX,P,36.2,0.38648152740297914,0.5145969508514805,24.887500000000003,0.15941374832717456,0.15941374832717456,61.087500000000006,0.5458952757301537,0.4831031242149687,0.5015741799510202,0.5458952757301537,0.5463114157214021,0.5641161027788404,0.08101297856387177,0,42
676130,José Buttó,NYM,P,43.2,0.2821489612255374,0.3148050909970116,28.94845360824742,0.13218177915595275,0.13218177915595275,72.14845360824742,0.41433074038149015,0.3537457538068333,0.3635719739640537,0.41433074038149015,0.43085173872666116,0.44695392027742553,0.09320816647059224,0,31
657649,Jared Koenig,MIL,P,39.0,0.3755371236991198,0.4641253682640404,27.50526315789474,0.13570183666927543,0.13570183666927543,66.50526315789475,0.5112389603683952,0.45809952677204213,0.48176394733813654,0.5112389603683952,0.5483412831454949,0.5522052750189105,0.09410574824686838,0,45
645261,Sandy Alcantara,MIA,P,91.0,0.4324666277966455,0.7698856450885337,71.78888888888888,0.2653761799866105,0.2653761799866105,162.7888888888889,0.697842807783256,0.6000613178730437,0.6107129225598774,0.6768085252523639,0.697842807783256,0.83411978584333,0.23405846797028623,18,18
678692,Ronny Henriquez,MIA,P,45.0,1.3907520141064045,1.4896499351095267,35.10989010989012,0.16454416635663965,0.16454416635663965,80.10989010989012,1.555296180463044,1.4978824293437627,1.5040653963058588,1.555296180463044,1.6254353294677775,1.64786156828609,0.1499791389423274,0,42
676974,Max Meyer,MIA,P,64.2,0.9195002587562993,2.320234297796269,63.308333333333344,0.294785219567631,0.294785219567631,127.50833333333335,1.2142854783239303,1.0659921239256003,1.0954992040882832,1.2142854783239303,1.3082196971646733,1.408165187128609,0.34217306320300855,12,12
572955,Pierce Johnson,ATL,P,33.2,0.35888599925846737,0.5210332880800641,23.414736842105267,0.13700909578765239,0.13700909578765239,56.61473684210527,0.4958950950461197,0.4422405042791703,0.4559179444614597,0.4958950950461197,0.5113667910104873,0.5324803214030777,0.09023981712390741,0,36
689147,Orion Kerkering,PHI,P,35.2,0.2080197974439838,0.28484529081818233,24.200000000000003,0.11973395393931044,0.11973395393931044,59.400000000000006,0.3277537513832942,0.29204019856774205,0.31052375827622086,0.3277537513832942,0.34390516175286145,0.38147861646215275,0.08943841789441069,0,41
678368,Valente Bellozo,MIA,P,50.2,0.1571885951455368,0.34443716067747104,39.16703296703297,0.1997860660720619,0.1997860660720619,89.36703296703297,0.3569746612175987,0.16475455410062956,0.18284633462356326,0.2965639133457883,0.35648944165574625,0.3569746612175987,0.19222010711696913,5,17
622554,Seranthony Domínguez,BAL,P,38.1,0.779403458306733,0.9860169735009063,32.03863636363637,0.13055869822311916,0.13055869822311916,70.13863636363638,0.9099621565298521,0.8680251011932678,0.8808093296368313,0.9099621565298521,0.929328348703784,0.9587420951400262,0.09071699394675838,0,39
542888,Shawn Armstrong,TEX,P,42.0,0.539776443529694,0.6194577280507442,28.875,0.13248136770592592,0.13248136770592592,70.875,0.6722578112356199,0.6383986099516544,0.6570028317297862,0.6722578112356199,0.7980076078560824,0.8003671261850235,0.161968516233369,2,40
686580,Justin Slaten,BOS,P,23.1,0.1361870486425906,0.28416518374774313,15.47938144329897,0.1794575436750014,0.1794575436750014,38.57938144329897,0.315644592317592,0.30429562057372633,0.315644592317592,0.3158270204269711,0.3435465141192249,0.3826164347084616,0.07832081413473524,0,24
700241,Michael McGreevy,STL,P,21.1,0.2094505387984125,1.6081036628124559,74.01679841897234,0.8657190418701933,0.8657190418701933,95.11679841897234,1.075169580668606,1.0338854883624469,1.039775763234231,1.075169580668606,1.0803883534513863,1.1728764795299287,0.13899099116748193,3,4
641941,Emilio Pagán,CIN,P,40.0,0.9924802587367214,1.1959387117777494,26.804123711340203,0.13893773423117387,0.13893773423117387,66.8041237113402,1.1314179929678954,1.11381643651786,1.1294303718785554,1.1314179929678954,1.2418782183962525,1.2765471211238446,0.16273068460598447,0,40
686563,Jonathan Cannon,CHW,P,77.0,0.45238926569970916,0.9517800135500375,59.03333333333334,0.41324670919727985,0.41324670919727985,136.03333333333333,0.8656359748969891,0.8461105661334652,0.8474876334027739,0.8656359748969891,0.9429384826208403,0.9939933579249917,0.1478827917915264,13,15
663559,Bailey Falter,PIT,P,97.1,0.4776356708573036,0.7968792860853058,72.56947368421052,0.31158582004577784,0.31158582004577784,169.66947368421052,0.7892214909030815,0.6628613984181551,0.681345236719862,0.7711734796267513,0.7892214909030815,0.8351761963379194,0.1723147979197644,19,19
642397,Gregory Soto,BAL,P,33.2,0.21516898571429852,0.3123838888984695,27.91818181818182,0.10681860521513066,0.10681860521513066,61.118181818181824,0.3219875909294292,0.2845681201602989,0.30737509945969577,0.3219875909294292,0.35288099886177937,0.3656550372194775,0.08108691705917859,0,42
660853,Enyel De Los Santos,ATL,P,39.0,0.2709937027709246,0.33492042239893766,27.50526315789474,0.1220686181995705,0.1220686181995705,66.50526315789475,0.3930623209704951,0.36329810247397876,0.3734477389280614,0.3930623209704951,0.4126898483889673,0.4442234779263119,0.08092537545233314,0,38
676254,Ryan Walker,SFG,P,37.1,0.3230232201362991,0.4196689814169708,25.50625,0.1459234265036319,0.1459234265036319,62.60625,0.468946646639931,0.41371373775428594,0.4322535291068582,0.46786593668664966,0.468946646639931,0.5055143101593916,0.0918005724051057,0,41
671212,Joe Boyle,TBR,P,14.0,0.29228074929787906,2.296491601626193,10.923076923076925,0.23345796273861097,0.23345796273861097,24.923076923076927,0.52573871203649,0.49259244166891636,0.49585626590910464,0.52573871203649,0.5257978289982024,0.5858498142395093,0.09325737257059297,1,3
669276,Dylan Lee,ATL,P,42.1,1.017759030581764,1.1652253034214022,29.691578947368424,0.12121068464109021,0.12121068464109021,71.79157894736842,1.1389697152228544,1.1255199203352326,1.1389697152228544,1.1423501982789837,1.2242948552442257,1.2355301050028384,0.11001018466760569,0,44
623474,Jimmy Herget,COL,P,49.0,0.5005006631865353,0.4923292237875715,35.4468085106383,0.09365874319484019,0.09365874319484019,84.4468085106383,0.5941594063813755,0.5941594063813755,0.6020790241581723,0.6254726010945827,0.7446116619796248,0.7657839996644036,0.17162459328302804,0,34
669199,Lake Bachar,MIA,P,44.2,0.4194634174837319,0.4574239077537529,34.48571428571429,0.1312291932125917,0.1312291932125917,78.68571428571428,0.5506926106963236,0.511226192652834,0.523488406285167,0.5506926106963236,0.5667711246248387,0.5876139845510338,0.0763877918981997,0,31
677944,Slade Cecconi,CLE,P,55.0,0.8440941128132288,2.4862408413771466,64.16666666666666,0.5583500333322455,0.5583500333322455,119.16666666666666,1.4024441461454744,1.380157112015651,1.4024441461454744,1.416530248930306,1.4479058816148194,1.4719240936265154,0.09176698161086438,10,10
607067,Colin Rea,CHC,P,92.0,0.808820653736774,1.4242276728843195,54.070175438596486,0.2068274497980692,0.2068274497980692,146.0701754385965,1.0156481035348432,1.001708488422991,1.0156481035348432,1.0349742237659851,1.0350329425488092,1.0866823955494243,0.08497390712643318,15,19
669387,Carmen Mlodzinski,PIT,P,57.0,0.3326835188092823,0.6420208257722992,44.47252747252748,0.19015742275322625,0.19015742275322625,101.47252747252747,0.5228409415625086,0.4503637507791593,0.4779391461271443,0.5228409415625086,0.5458806719229936,0.5489773251170725,0.09861357433791325,9,16
660271,Shohei Ohtani,LAD,P,9.0,0.25398199818039047,4.571675967247028,23.833992094861664,0.9684887239218749,0.9684887239218749,32.833992094861664,1.2224707221022655,1.146591568741476,1.1792910226064124,1.1879218367117739,1.2224707221022655,1.2254361107507297,0.07884454200925373,5,5
607481,Aaron Bummer,ATL,P,39.1,0.36402325969046945,0.4487447856030851,27.57578947368421,0.11504066682582234,0.11504066682582234,66.6757894736842,0.4790639265162918,0.445637156413509,0.4709256728634377,0.4790639265162918,0.5135984103236892,0.5258266547866322,0.08018949837312317,2,31
679358,Eric Orze,TBR,P,39.2,0.3961973351342041,0.48716100901705706,30.584615384615386,0.1331663628268259,0.1331663628268259,69.78461538461539,0.52936369796103,0.491832427999829,0.505495902289638,0.52936369796103,0.5503154509634004,0.5597832572888916,0.06795082928906256,0,31
666374,Matt Brash,SEA,P,21.2,0.5382463613060597,1.2237488025920793,14.95157894736842,0.12191366796915573,0.12191366796915573,36.15157894736842,0.6601600292752154,0.6216277740012351,0.6220989931863665,0.6570500629406069,0.6601600292752154,0.6629739939962676,0.04134621999503241,0,24
682243,Bryce Miller,SEA,P,48.2,-0.01793570401832379,-0.06028182678357788,53.82333333333333,0.6134771119981488,0.6134771119981488,102.02333333333334,0.595541407979825,0.5802276964583014,0.595541407979825,0.600124019718303,0.6162059094962604,0.6510808228874385,0.0708531264291371,10,10
690990,Cade Horton,CHC,P,56.2,0.7771544131796717,2.240195995286598,57.051515151515154,0.6660035968953969,0.6660035968953969,113.25151515151515,1.4431580100750687,1.4286579263515538,1.4431580100750687,1.4456320900072537,1.484902641827635,1.612607647953691,0.1839497216021373,10,11
669467,Andre Pallante,STL,P,100.1,0.7968257923900798,1.2895682154564727,78.96777777777777,0.2702667731466224,0.2702667731466224,179.06777777777776,1.067092565536702,0.948489902414513,0.9910063023911513,1.0128136912434824,1.067092565536702,1.0823531187243087,0.13386321630979575,18,18
674444,Steven Cruz,KCR,P,37.0,0.328204300992868,0.42755262994206056,24.793814432989688,0.1264938747009105,0.1264938747009105,61.79381443298969,0.4546981756937785,0.41665599635340034,0.4258951905364566,0.44689970188742695,0.4546981756937785,0.4950006422642242,0.07834464591082388,0,37
641745,Brad Keller,CHC,P,42.0,0.7187363038008405,0.8248354724571552,29.621052631578948,0.09039581000658485,0.09039581000658485,71.62105263157895,0.8091321138074253,0.8091321138074253,0.8752333087927195,0.9784987520489938,0.9884215179747338,1.0908304926314476,0.2816983788240221,1,40
657514,Brennan Bernardino,BOS,P,38.2,0.21664401066804762,0.27335710246596584,25.5979381443299,0.12482585646169388,0.12482585646169388,63.797938144329905,0.3414698671297415,0.3017321481803333,0.3086407930281525,0.3414698671297415,0.3745038690688681,0.39119296086694766,0.0894608126866144,1,41
663372,Ryan Feltner,COL,P,30.1,0.34689868782662703,1.867029482654936,67.41765480895916,0.7805062053243987,0.7805062053243987,97.51765480895915,1.1274048931510259,1.1274048931510259,1.1360480177726906,1.1425007830006613,1.1818595481345913,1.2202807956334625,0.0928759024824366,6,6
694819,Jacob Misiorowski,MIL,P,25.2,0.6754976686910524,4.342485013013908,66.73517786561266,0.7904027270809323,0.7904027270809323,91.93517786561266,1.4659003957719847,1.4641366311778432,1.4659003957719847,1.4744910590639724,1.4749203697755568,1.4970617447795838,0.03292511360174055,5,5
571760,Andrew Heaney,PIT,P,98.0,0.4622963216090568,0.7642041234761959,73.2421052631579,0.20493581319705576,0.20493581319705576,171.2421052631579,0.6672321348061125,0.6135769132180973,0.6211770342988717,0.6267332660489402,0.6672321348061125,0.704042802750256,0.09046588953215876,18,19
694297,Brandon Pfaadt,ARI,P,99.1,0.8214750739974017,1.342875499370122,68.84842105263156,0.23761929859055658,0.23761929859055658,167.94842105263155,1.0590943725879582,0.9709151008518254,0.9773703386620859,1.0083433628075453,1.0590943725879582,1.1319530877624366,0.16103798691061125,19,19
668909,Gavin Williams,CLE,P,97.1,1.2492377313089726,2.0842071315350523,71.54736842105264,0.2598403425348129,0.2598403425348129,168.64736842105265,1.5090780738437855,1.4436990128261444,1.4689583602000544,1.5090780738437855,1.5505364498229708,1.7049696429302132,0.2612706301040689,19,19
680732,Sean Burke,CHW,P,97.0,0.3420617164745065,0.5712783306069078,58.71052631578948,0.15485527428260273,0.15485527428260273,155.71052631578948,0.49691699075710927,0.4822336997920822,0.48807856629207214,0.49691699075710927,0.5025589996685593,0.5719208720038492,0.08968717221176697,16,19
663574,Tony Santillan,CIN,P,44.0,0.4252321515547163,0.46582249329403014,29.484536082474225,0.10611272516013748,0.10611272516013748,73.48453608247422,0.5313448767148538,0.5141658531551953,0.5313448767148538,0.5373882424292047,0.6321767497778475,0.6510180097198099,0.13685215656461475,0,47
518489,Ryan Brasier,CHC,P,16.1,0.3318760868123437,0.9935669182829171,11.354736842105265,0.1240606774441334,0.1240606774441334,27.454736842105266,0.4559367642564771,0.4559367642564771,0.45952792486780886,0.47270798373599915,0.49191318507293375,0.5328701366769819,0.07693337242050485,0,17
685126,Brandon Eisert,CHW,P,40.1,0.07864947197890997,0.09453627305195662,29.751612903225805,0.11473965546866177,0.11473965546866177,69.8516129032258,0.19338912744757175,0.14849252446522582,0.1712830860127167,0.19075339010276066,0.19338912744757175,0.21467993723254075,0.06618741276731496,3,41
594902,Ben Lively,CLE,P,44.2,0.3686905889132374,1.3513093982792863,67.94027228809838,0.6353655003047152,0.6353655003047152,112.14027228809839,1.0040560892179526,0.9896542464788751,1.0040560892179526,1.0217624162616576,1.0278438649889856,1.0562071570255722,0.06655291054669721,9,9
605130,Scott Barlow,CIN,P,42.2,0.3861394490620104,0.44104079253054274,28.278350515463917,0.10055566416831976,0.10055566416831976,70.47835051546392,0.4866951132303302,0.45910267284101247,0.45986388655099747,0.4866951132303302,0.5323071418718902,0.5463631315559783,0.08726045871496572,0,46
527048,Martín Pérez,CHW,P,20.0,0.1927616968052015,1.5613697441221321,68.18181818181819,0.8203746510175507,0.8203746510175507,88.18181818181819,1.0131363478227522,1.0014779270079956,1.0096866936144384,1.0131363478227522,1.0169204146742552,1.0356786305633734,0.03420070355537774,4,4
621051,Steven Wilson,CHW,P,29.1,0.20324895471377427,0.33665290780769486,21.59032258064516,0.12561210593334168,0.12561210593334168,50.69032258064516,0.32886106064711595,0.2787819074395194,0.27893873200973895,0.3235842046895403,0.32886106064711595,0.34223960586449287,0.0634576984249735,0,31
641927,Bailey Ober,MIN,P,92.0,0.4348981324998712,0.7657988854889036,75.76470588235294,0.2284092772211836,0.2284092772211836,167.76470588235293,0.6633074097210547,0.5707927388774928,0.573617429527892,0.5742900285147292,0.6389344924354936,0.6633074097210547,0.09251467084356199,17,17
489446,Kirby Yates,LAD,P,27.2,0.5181702886445632,0.9182282320833803,19.18315789473684,0.10742028863260195,0.10742028863260195,46.38315789473684,0.625590577277165,0.5844735835185251,0.6001159417786774,0.625590577277165,0.6277856128699894,0.6449157220486189,0.060442138530093864,0,34
668941,JoJo Romero,STL,P,29.1,0.29050348829186945,0.4811775991638525,22.704395604395604,0.10244537395066629,0.10244537395066629,51.80439560439561,0.3929488622425357,0.38368940915613226,0.3858024806704481,0.3929488622425357,0.4459187085769224,0.4541489471654131,0.07045953800928084,0,36
593974,Wandy Peralta,SDP,P,42.1,0.25266105819887835,0.2892699051113049,28.94375,0.09299524190483971,0.09299524190483971,71.04375,0.34565630010371806,0.3311240925382957,0.33531265578954306,0.34565630010371806,0.3835635668280124,0.4212621653151829,0.09013807277688722,0,42
666808,Camilo Doval,SFG,P,42.2,0.2926295543749809,0.3342356521534142,29.012500000000003,0.09339974617494669,0.09339974617494669,71.2125,0.38602930054992757,0.36023860773970096,0.3729438641588462,0.38602930054992757,0.4288732960903846,0.46201591883405335,0.1017773110943524,0,43
696147,Sam Bachman,LAA,P,11.0,0.09402000347204417,0.41197856066841176,7.957446808510637,0.14775294385703433,0.14775294385703433,18.95744680851064,0.2417729473290785,0.2387136214931235,0.2417729473290785,0.2484021561345045,0.24993226070600588,0.26517876494116277,0.02646514344803924,0,12
670036,Matt Festa,CLE,P,27.2,0.06679123319639457,0.11835799412008156,20.695652173913043,0.11924816605002707,0.11924816605002707,47.89565217391304,0.18603939924642166,0.13386454867057368,0.15157137816250466,0.17376248245214718,0.18603939924642166,0.1954069857213532,0.061542437050779525,0,31
700669,Gordon Graceffo,STL,P,21.0,0.07747579295261482,0.1778253914436207,16.384615384615387,0.06470890013694307,0.06470890013694307,37.38461538461539,0.1421846930895579,0.13047854679331045,0.1421846930895579,0.14388569332654727,0.14401550092197832,0.14413359459156938,0.013655047798258949,0,12
675848,Juan Mejia,COL,P,34.0,0.3321178136892295,0.47082584175943715,24.595744680851062,0.1308053288539034,0.1308053288539034,58.59574468085106,0.4629231425431329,0.4268384554671532,0.42886423122602874,0.4629231425431329,0.4689279247592203,0.48530718538469564,0.058468729917542414,0,29
677952,Braxton Ashcraft,PIT,P,22.0,0.26975356858309163,0.5910055457138644,17.164835164835164,0.0896512372118694,0.0896512372118694,39.16483516483517,0.35940480579496104,0.35940480579496104,0.36257086637784236,0.3773353010728679,0.39815401694000685,0.4114892095787132,0.052084403783752176,1,11
676879,Aaron Ashby,MIL,P,21.2,0.5614533749027336,1.2765119184109324,14.951578947368422,0.10148510107248007,0.10148510107248007,36.15157894736842,0.6629384759752137,0.6629384759752137,0.6644373560282444,0.6661866682486214,0.6907598039995368,0.7119739860548719,0.0490355100796582,0,13
663465,Kolby Allard,CLE,P,36.2,0.15992000387349697,0.2129321598536617,27.543478260869563,0.10474417276951441,0.10474417276951441,63.743478260869566,0.2646641766430114,0.22340533556124204,0.22795255804018014,0.2646641766430114,0.274161039846867,0.3040639543113352,0.08065861875009318,1,17
621345,A.J. Minter,NYM,P,11.0,0.28327338778989636,1.2412524810430003,7.371134020618556,0.14107612141482592,0.14107612141482592,18.371134020618555,0.42434950920472225,0.42354226127974015,0.42434950920472225,0.43641544346853156,0.445615364108746,0.47122664537481895,0.04768438409507886,0,13
685299,Tanner Gordon,COL,P,17.0,0.10345183450619047,0.9858351288236975,76.15283267457181,0.769939153096184,0.769939153096184,93.15283267457181,0.8733909876023744,0.8279743789844023,0.8408734089820705,0.8733909876023744,0.8886471806059225,0.9826225115750854,0.1546481325906831,3,3
681517,Kyle Leahy,STL,P,49.1,0.4436875265019691,0.43555476125040554,38.30879120879121,0.11346813904839659,0.11346813904839659,87.40879120879121,0.5571556655503657,0.5377912231677398,0.5476448458797543,0.5571556655503657,0.6099039237195172,0.6245735815807733,0.0867823584130335,0,38
681982,Grant Anderson,MIL,P,47.1,0.33301391260991714,0.3407913075965606,33.217894736842105,0.05643587425700992,0.05643587425700992,80.3178947368421,0.38944978686692705,0.380470117006825,0.38944978686692705,0.39732987031766354,0.41661758228632334,0.42104121682712037,0.04057109982029539,0,42
669438,Mason Englert,TBR,P,24.1,0.2104041609573671,0.4208083219147342,18.803296703296702,-0.05615120754990066,-0.05615120754990066,42.903296703296704,0.15425295340746645,0.10002458234538161,0.13359499723050522,0.15425295340746645,0.18459667440562025,0.2276205082839127,0.12759592593853109,0,15
672582,Angel Zerpa,KCR,P,40.1,0.23621010667470232,0.283923370117722,26.871134020618555,0.07544795246272833,0.07544795246272833,66.97113402061856,0.31165805913743067,0.27579575646542254,0.2873580065035972,0.30322221079475153,0.31165805913743067,0.33844359851085354,0.062647842045431,1,41
596001,Jakob Junis,CLE,P,40.0,0.2087496744533583,0.25154335771629677,30.434782608695656,0.09865388981326709,0.09865388981326709,70.43478260869566,0.3074035642666254,0.2749852329150475,0.28823682745562224,0.3074035642666254,0.33751950241700784,0.3464138287580213,0.07142859584297381,0,37
668820,Max Kranick,NYM,P,37.0,0.16277779639078663,0.212051075298268,24.79381443298969,0.08920439845887343,0.08920439845887343,61.79381443298969,0.25198219484966006,0.2175867149271005,0.2367551941436089,0.25198219484966006,0.2563148365266449,0.28900382805335156,0.07141711312625107,0,24
695505,Chase Burns,CIN,P,16.0,0.25106849809964965,2.542068543258953,51.38339920948617,0.8445843622804108,0.8445843622804108,67.38339920948617,1.0956528603800604,1.0790209449578405,1.0799128944848415,1.0911434022553772,1.0956528603800604,1.1355272012388737,0.05650625628103323,4,4
592791,Jameson Taillon,CHC,P,95.1,0.9338474159934795,1.5907810871813217,62.46764705882352,0.20798555376462857,0.20798555376462857,157.56764705882352,1.141832969758108,1.0819107522904121,1.0924500027569428,1.0930351283832107,1.141832969758108,1.149761696547002,0.06785094425659008,17,17
605347,Jorge López,WSN,P,24.2,-0.056493763992511624,-0.11252063737351489,16.6375,0.08100629723379246,0.08100629723379246,40.8375,0.02451253324128084,0.008421362719743121,0.023548090714324073,0.02451253324128084,0.03491606393244764,0.035304224558220264,0.026882861838477143,0,26
606160,Rafael Montero,"ATL, HOU, DET",P,34.0,0.2875133079256315,0.4075923953533953,15.515789473684212,0.08561115376485338,0.08561115376485338,49.51578947368421,0.3731244616904849,0.3515085951076211,0.3573343854775144,0.3731244616904849,0.407229698339063,0.4434116736015508,0.09190307849392973,0,34
678226,Daysbel Hernández,ATL,P,30.0,0.25697390425737293,0.4128714061735125,21.157894736842103,0.07639840337616458,0.07639840337616458,51.1578947368421,0.33337230763353753,0.31469226591108795,0.31587649549119345,0.33337230763353753,0.3673921750741805,0.388362660441706,0.07367039453061806,0,30
666974,Yennier Cano,BAL,P,32.2,0.1445469894601439,0.21637158049624022,27.077272727272728,0.08915386759474192,0.08915386759474192,59.27727272727273,0.23370085705488583,0.20111786969263193,0.21195923010095535,0.23370085705488583,0.258111454361552,0.2851221650169784,0.08400429532434645,0,38
573124,Taylor Rogers,CIN,P,29.1,0.18237340191516424,0.3020755316945332,19.5,0.0819427831076706,0.0819427831076706,48.6,0.2643161850228348,0.23457992505833786,0.2556241448586568,0.2643161850228348,0.28953424269985567,0.3143547386321159,0.07977481357377803,0,36
670167,John Schreiber,KCR,P,37.1,0.36654301910147946,0.4762095288596041,24.86082474226804,0.07511312347152019,0.07511312347152019,61.960824742268045,0.4416561425729997,0.4317566287180894,0.4371377758792497,0.4416561425729997,0.47220884819190545,0.5172913655548264,0.08553473683673693,0,43
656222,Jalen Beeks,ARI,P,41.0,0.4375193054308444,0.5143519639455293,28.1875,0.10165896802243658,0.10165896802243658,69.1875,0.539178273453281,0.492501139548353,0.5096271019891042,0.539178273453281,0.5758143443972713,0.5946566830111041,0.10215554346275112,0,42
686701,Ryan Bergert,SDP,P,31.2,0.21988797628712048,0.775246070243053,21.45,0.15545653798744652,0.15545653798744652,52.65,0.375344514274567,0.34255700336680894,0.34729270308027405,0.3740470278015635,0.375344514274567,0.3790773029150575,0.03652029954824851,6,10
683769,Hunter Gaddis,CLE,P,39.0,0.4086494311168468,0.5050487840982569,29.673913043478258,0.08815144871942272,0.08815144871942272,68.67391304347825,0.4968008798362695,0.46536688713894137,0.47474656758556566,0.4968008798362695,0.5456761328736807,0.5593311758546651,0.09396428871572371,0,41
681869,Shawn Dubin,HOU,P,20.1,0.16901017707283256,0.4052880863139567,14.912903225806451,0.0927699900142317,0.0927699900142317,35.012903225806454,0.26178016708706425,0.24343192017885346,0.24511879428648975,0.26178016708706425,0.2716202808104011,0.27488540749347035,0.031453487314616876,0,18
642232,Ryan Yarbrough,NYY,P,55.1,0.4038009407849218,0.8061361794254336,37.88125,0.12455867897608147,0.12455867897608147,92.98125,0.5283596197610032,0.49648569209589793,0.5094429716497428,0.5283596197610032,0.5316807308764487,0.551698466117889,0.055212774021991,8,16
472610,Luis García,"LAD, LAA, WSN",P,30.1,0.08238490359863597,0.13192532735728418,6.874999882091299,0.07820994644808886,0.07820994644808886,36.9749998820913,0.16059485004672483,0.14439636922422505,0.14536034617312218,0.16059485004672483,0.18757352479435688,0.21903590030240472,0.07463953107817967,0,31
676428,Brant Hurter,DET,P,44.0,0.4387169468912422,1.0967923672281055,31.03157894736842,0.13217432150400643,0.13217432150400643,75.03157894736842,0.5708912683952486,0.544943317944273,0.5638866951097856,0.5708912683952486,0.5998372589453104,0.6025920646290118,0.05764874668473885,4,29
592773,Ryne Stanek,NYM,P,31.2,0.031182374637294803,0.04817277107428236,20.907216494845358,0.09067410607115138,0.09067410607115138,52.10721649484536,0.12185648070844618,0.08043550489786956,0.09899870857545615,0.12185648070844618,0.12400711270953169,0.15264762581280267,0.07221212091493312,0,37
664192,Joey Lucchesi,SFG,P,10.0,0.20957828695228997,1.0101673431100378,6.875,0.14152060581723622,0.14152060581723622,16.875,0.3510988927695262,0.3510988927695262,0.35745075629747874,0.3673547464636343,0.3763394141454761,0.3984851517171566,0.047386258947630405,0,10
664849,Danny Young,NYM,P,8.1,0.153098686381071,0.9110316893293361,5.427835051546391,0.14584198787070018,0.14584198787070018,13.52783505154639,0.2989406742517712,0.29459383892390845,0.2989406742517712,0.29964866978867666,0.3023859682509754,0.31782791081395523,0.02323407189004681,0,10
608718,Brent Suter,CIN,P,45.2,0.40594645969948395,0.9879228001536113,30.288659793814436,0.12666878668549605,0.12666878668549605,75.48865979381443,0.53261524638498,0.4977119988690793,0.5164304465934755,0.53261524638498,0.5437281693989389,0.5558541645812913,0.05814216571221208,3,30
669084,DL Hall,MIL,P,22.2,0.16069911880682056,0.7962568949887505,15.656842105263156,0.16695986371455426,0.16695986371455426,37.856842105263155,0.3276589825213748,0.3187759482787904,0.3227207515488407,0.3276589825213748,0.33567632711815565,0.35108644613602424,0.03231049785723383,3,11
664875,Justin Lawrence,PIT,P,11.1,0.36969142550149003,1.60532673055602,8.66043956043956,0.13183042732812103,0.13183042732812103,19.760439560439558,0.501521852829611,0.501521852829611,0.5092480036995253,0.5098547196446245,0.520278352154258,0.5465957906679604,0.04507393783834937,0,11
681870,Erik Sabrowski,CLE,P,7.2,0.2981703750842281,1.9960850109805273,5.478260869565218,0.1523753477336795,0.1523753477336795,12.678260869565218,0.4505457228179076,0.44518265927448464,0.4505457228179076,0.4546862108830672,0.46077774594495263,0.4627041723569202,0.017521513082435602,0,7
664854,Ryan Helsley,STL,P,33.0,0.2013278417925521,0.2940606658909397,25.747252747252748,0.07904751911415962,0.07904751911415962,58.747252747252745,0.2803753609067117,0.24865006212162966,0.2657803940208252,0.2803753609067117,0.28656934942041296,0.2924144306241301,0.043764368502500414,0,33
684320,Yariel Rodríguez,TOR,P,47.1,0.911514783565512,0.932802814604197,34.07234042553191,0.07920328142813432,0.07920328142813432,81.17234042553191,0.9907180649936462,0.9907180649936462,0.9976042473207378,1.0091039821246315,1.0881433812420844,1.115297640717621,0.12457957572397457,1,39
676092,Collin Snider,SEA,P,26.1,-0.03864215538720412,-0.07136214136640762,18.407368421052634,0.06891699299871898,0.06891699299871898,44.50736842105263,0.03027483761151486,0.018637164229633067,0.03027483761151486,0.03471224323243469,0.0506747100304533,0.0642638809709557,0.045626716741322626,0,24
519151,Ryan Pressly,CHC,P,35.2,0.09164581277159402,0.1254922777156486,24.82526315789474,0.07174079621033361,0.07174079621033361,60.02526315789474,0.16338660898192764,0.1324343157461994,0.15630704900105086,0.16338660898192764,0.1733396396270263,0.17985340315010556,0.047419087403906136,0,38
623465,Evan Phillips,LAD,P,5.2,0.16143352730212318,1.4963646184542958,3.6673684210526316,0.17711646820968519,0.17711646820968519,8.867368421052632,0.33854999551180837,0.3289268158724819,0.3316869339870864,0.33854999551180837,0.34495359841546785,0.3508810255461491,0.021954209673667208,0,7
677161,Zack Kelly,BOS,P,22.2,0.07063131618462724,0.15335267748193843,14.876288659793813,0.014405404032906327,0.014405404032906327,37.07628865979381,0.08503672021753357,-0.07010665398663395,0.025600120433708608,0.08503672021753357,0.09337896986280944,0.10646515049422822,0.17657180448086215,0,17
640451,Hunter Harvey,KCR,P,5.1,0.2899549721096333,2.740358756016535,3.417525773195876,0.17193223921451767,0.17193223921451767,8.517525773195876,0.46188721132415095,0.4560323425586549,0.46057665409142834,0.46188721132415095,0.4737748468363848,0.47752139921726844,0.021489056658613503,0,6
694363,Jared Shuster,CHW,P,15.2,0.10353325927128132,0.7492538499895358,11.277419354838708,0.13664646643404482,0.13664646643404482,26.47741935483871,0.24017972570532614,0.23574297824637822,0.24017972570532614,0.2410473182693917,0.2422921294381029,0.2622883010379927,0.026545322791614506,2,12
605400,Aaron Nola,PHI,P,49.2,0.4371227140193739,1.4393064973808654,71.30434782608697,0.5378856680261901,0.5378856680261901,120.50434782608697,0.975008382045564,0.9526702585732802,0.9572145730963855,0.9576275185339866,0.975008382045564,1.030594315843829,0.07792405727054874,9,9
608372,Tomoyuki Sugano,BAL,P,99.1,0.554076757632666,0.905756152739575,81.48222222222222,0.15423922153075847,0.15423922153075847,180.5822222222222,0.7083159791634244,0.6686782760939929,0.6766648799516968,0.7025386603391586,0.7083159791634244,0.7940231545618043,0.1253448784678114,18,18
676961,Caleb Boushley,TEX,P,30.1,0.0430792203584896,0.06898400070695013,20.69375,0.09632157623956254,0.09632157623956254,50.79375,0.13940079659805216,0.0866525333655186,0.0924254432614976,0.13664039177645745,0.13940079659805216,0.16176978146296273,0.07511724809744412,0,15
663687,Hogan Harris,ATH,P,38.0,0.07839018377335992,0.09943175941778812,24.816326530612244,0.06564708858921654,0.06564708858921654,62.816326530612244,0.14403727236257646,0.12932321094944543,0.13784791590519585,0.14403727236257646,0.1736351905461836,0.2130261509716036,0.08370294002215814,0,28
605540,Brandon Woodruff,MIL,P,10.1,0.48965501401752626,7.853872502063293,66.86758893280633,0.9070802100203628,0.9070802100203628,76.96758893280632,1.396735224037889,1.3685312201378979,1.3771631918825429,1.3879479890251096,1.396735224037889,1.4445152118191855,0.07598399168128755,2,2
664076,Garrett Cleavinger,TBR,P,34.1,0.9956072363062703,1.4072806096763117,26.60549450549451,0.08435953558106511,0.08435953558106511,60.705494505494514,1.0799667718873354,1.0491619818608284,1.0687316397845876,1.0799667718873354,1.1093819249504886,1.1389743738448452,0.08981239198401675,0,38
641329,Bryan Baker,"BAL, TBR",P,39.1,0.519056861724199,0.6398603768569409,23.484615384615385,0.0703396075664329,0.0703396075664329,62.58461538461539,0.5893964692906318,0.5720372809467277,0.5731354771955817,0.5893964692906318,0.6224249706714422,0.6611109183060124,0.08907363735928477,0,43
656629,Michael Kopech,LAD,P,7.0,0.1804822708366298,1.2427493506179368,4.936842105263158,0.1466727171585061,0.1466727171585061,11.936842105263157,0.32715498799513587,0.32715498799513587,0.3272946561753882,0.32868690384388743,0.3371762900424992,0.3444005578423614,0.0172455698472255,0,8
676534,Calvin Faucher,MIA,P,35.1,0.2389938274285961,0.3281909539047958,27.385714285714286,0.07165214580769402,0.07165214580769402,62.48571428571429,0.3106459732362901,0.2881687538070962,0.29027843354373595,0.3106459732362901,0.3197868322320116,0.36811830507205856,0.07994955126496238,0,39
676755,Isaac Mattson,PIT,P,19.0,0.3617481015640773,0.9176978155467644,14.824175824175827,0.09660890264201331,0.09660890264201331,33.824175824175825,0.4583570042060906,0.44595527889558534,0.45001917728666385,0.4583570042060906,0.4710031366379823,0.47685023458136944,0.030894955685784098,0,16
656457,Tyler Gilbert,CHW,P,27.1,0.20484722620932524,0.8314832060157114,20.10645161290323,0.13925428332931436,0.13925428332931436,47.20645161290323,0.3441015095386396,0.31924098997266825,0.33010703420666765,0.3441015095386396,0.3472047976398308,0.3511509496833233,0.03190995971065501,3,23
677958,Kumar Rocker,TEX,P,49.1,0.32985580409508436,1.0883226122892804,49.1,0.5375424001740247,0.5375424001740247,98.2,0.8673982042691091,0.8339049801495648,0.8429570932442354,0.8604371636543602,0.8611600376163997,0.8673982042691091,0.03349322411954414,11,11
702352,Spencer Bivens,SFG,P,46.0,0.17600552442933956,0.18442317994552537,31.625,-0.13062443713675745,-0.13062443713675745,77.625,0.04538108729258211,0.03748716424456722,0.04538108729258211,0.0460858832313609,0.09305795322200884,0.171647538324605,0.13416037408003778,0,31
621112,Paul Blackburn,NYM,P,18.2,-0.04329359798150937,-0.2616646031849468,12.195876288659793,0.15183457450994023,0.15183457450994023,30.395876288659792,0.10854097652843087,0.09973500555494841,0.10854097652843087,0.11159418331990492,0.11578137784525502,0.13976946246913563,0.04003445691418722,4,6
606965,Chris Devenski,NYM,P,9.1,0.191854811913827,2.3191241000572496,6.097938144329897,0.16683183589549205,0.16683183589549205,15.197938144329896,0.358686647809319,0.35253143042238255,0.3542092831053162,0.35728998277496127,0.358686647809319,0.37055624261337594,0.018024812190993444,1,8
669713,Hayden Wesneski,HOU,P,32.0,0.4440834451108695,2.248172440873777,72.72727272727272,0.659802449345496,0.659802449345496,104.72727272727272,1.1038858944563654,1.1014280497085776,1.1038858944563654,1.110851023649529,1.1126253207254924,1.116896529692322,0.015468479983744343,6,6
668678,Zac Gallen,ARI,P,115.0,0.901672627196421,1.2701823096158278,75.89999999999999,0.10681875001504425,0.10681875001504425,190.89999999999998,1.0084913772114652,0.9621155865920419,0.9839999851223586,1.0084913772114652,1.0086169990814988,1.2013700426809337,0.23925445608889168,20,20
622786,Jesus Tinoco,MIA,P,19.1,-0.06950473884088734,-0.17539939330527593,14.902197802197803,0.07688769158329732,0.07688769158329732,34.002197802197806,0.007382952742409979,0.004017434612328508,0.006372789774272455,0.007382952742409979,0.018996730576952156,0.025826498608411713,0.021809063996083206,0,20
681190,Randy Vásquez,SDP,P,94.2,0.4194031915429397,0.7212666351375396,65.44421052631579,0.20481482984165683,0.20481482984165683,159.6442105263158,0.6242180213845965,0.543618283893422,0.5603794528178597,0.6161911674811746,0.6242180213845965,0.7391173884626097,0.19549910456918754,19,19
552640,Andrew Kittredge,BAL,P,24.2,0.22555843698276487,0.4492527546516226,20.349999999999998,0.07268446406807183,0.07268446406807183,44.55,0.29824290105083673,0.28751389921450465,0.29824290105083673,0.2996645747527997,0.3027352710605891,0.31109093504228613,0.023577035827781465,0,24
607192,Tyler Glasnow,LAD,P,23.0,0.2971723796527422,2.093127195814967,50.757575757575765,0.7784880754849669,0.7784880754849669,73.75757575757576,1.0756604551377091,1.0607656567216543,1.0728004655361458,1.0756604551377091,1.0886816693049235,1.1366305578194247,0.07586490109777033,6,6
663623,Jake Irvin,WSN,P,116.0,0.5026700657885345,0.7020047470495051,76.55999999999999,0.14343932946274016,0.14343932946274016,192.56,0.6461093952512746,0.5786440525429997,0.5949698693083948,0.5952593879137769,0.6461093952512746,0.7321512322136557,0.15350717967065602,20,20
641656,Ian Hamilton,NYY,P,36.1,0.26531450161267073,0.35424263096207004,24.81875,0.06771764525613727,0.06771764525613727,60.91875,0.333032146868808,0.30670763289179914,0.30828343594797414,0.333032146868808,0.3572085301092308,0.3926656435799116,0.08595801068811247,0,31
676282,Joey Cantillo,CLE,P,41.0,0.3412442627701403,0.9155333879198886,31.19565217391304,0.10143300125820552,0.10143300125820552,72.19565217391303,0.44267726402834584,0.42194101738843637,0.43450575075192965,0.44267726402834584,0.45889411834719973,0.4732060910045348,0.051265073616098444,3,24
623167,Chris Flexen,CHC,P,36.2,0.21254626928390116,0.2830035961183435,25.530526315789476,0.05781294345939333,0.05781294345939333,61.730526315789476,0.2703592127432945,0.2407726596535236,0.2487492667572383,0.2572539454343761,0.2703592127432945,0.27259390260264554,0.03182124294912196,1,18
694335,Matt Svanson,STL,P,26.0,0.46434811504052514,0.860829967113589,20.285714285714285,0.08239960215988776,0.08239960215988776,46.285714285714285,0.5467477172004129,0.5467477172004129,0.7024441404655555,0.706949102480431,0.7218769952531885,1.0252033295872527,0.47845561238683976,0,17
677960,Ryan Weathers,MIA,P,24.2,0.38039309265810706,2.5464330996121216,67.91304347826087,0.7405212874101705,0.7405212874101705,92.11304347826088,1.1209143800682777,1.1209143800682777,1.1210953291810657,1.124732438354462,1.12536710738888,1.1416342979452017,0.020719917876924177,5,5
607200,Erick Fedde,STL,P,98.2,0.12549391199064727,0.20702661652224907,73.39157894736843,0.106735771232766,0.106735771232766,171.59157894736842,0.23222968322341325,0.18912081530134256,0.2113352121896871,0.23010059312502848,0.23222968322341325,0.32491010072521376,0.1357892854238712,19,19
669684,Chris Murphy,BOS,P,7.2,0.1635830014601627,1.0950973153305337,4.824742268041237,0.14925227648908135,0.14925227648908135,12.024742268041237,0.31283527794924404,0.308848051415783,0.3090779883271504,0.31283527794924404,0.3180345460141147,0.3342684078579172,0.02542035644213428,0,5
593423,Frankie Montas,NYM,P,19.2,0.165406026757503,1.3956133507664317,61.660079051383406,0.7890340922660681,0.7890340922660681,80.86007905138341,0.9544401190235712,0.9490554837252811,0.9544401190235712,0.9545732003251772,0.9569674441652201,0.9905298678599386,0.04147438413465754,4,4
806188,Cade Gibson,MIA,P,29.0,0.22186968420457315,0.36876271650553194,22.626373626373624,0.11580117649727606,0.11580117649727606,51.62637362637362,0.3376708607018492,0.2788395303253174,0.29021098833813813,0.3365816634743206,0.3376708607018492,0.35264466030486236,0.07380512997954497,1,22
445276,Kenley Jansen,LAA,P,34.2,0.44248238544689217,0.62361552568831,24.74042553191489,0.07273934767189143,0.07273934767189143,58.9404255319149,0.5152217331187836,0.4764830486278945,0.4957104067226988,0.5152217331187836,0.5236345604573363,0.557346792630776,0.08086374400288146,0,38
806185,Hayden Birdsong,SFG,P,65.2,0.1893493701695838,0.3194544588750647,44.825,0.09701066505677854,0.09701066505677854,110.025,0.28636003522636233,0.25434928195062406,0.2741561077849961,0.28636003522636233,0.32418246745473805,0.3544315481957311,0.10008226624510703,9,20
668964,Tobias Myers,MIL,P,20.0,0.10045003016888225,0.8136452443679463,44.13702239789197,0.7733647754447881,0.7733647754447881,64.13702239789197,0.8738148056136703,0.8738148056136703,0.8766543886326572,0.8814846518920657,0.8855165760060145,0.8940104867543055,0.02019568114063519,5,6
689254,Mason Fluharty,TOR,P,34.0,0.20212429729163928,0.28654091557226513,24.595744680851066,0.12071420508880039,0.12071420508880039,58.59574468085107,0.32283850238043965,0.2557000711843448,0.2747264771341094,0.31680836230480913,0.32283850238043965,0.33288792297994474,0.07718785179559995,0,37
670174,Josh Winckowski,BOS,P,11.2,0.03701127088225344,0.15928064790398358,7.505154639175257,0.11944346055155386,0.11944346055155386,18.705154639175255,0.1564547314338073,0.1514079664766064,0.1564547314338073,0.1570219201870774,0.15712104396760113,0.1595719729936067,0.008164006517000319,0,6
642121,Cole Sulser,TBR,P,14.0,0.07747141298705489,0.26672300756971756,10.923076923076922,0.09936533494932456,0.09936533494932456,24.92307692307692,0.17683674793637943,0.1748605729950507,0.17683674793637943,0.17809688205060192,0.17811396433952387,0.1892817873615224,0.014421214366471716,0,13
701552,Andre Granillo,STL,P,6.2,0.037653267113225114,0.29272378626733075,4.837362637362637,0.1442424384758884,0.1442424384758884,11.037362637362637,0.18189570558911353,0.18189570558911353,0.18469881829441767,0.1896485401061507,0.19444320269244805,0.20073517310701994,0.01883946751790641,0,5
681347,Mike Burrows,PIT,P,41.0,0.536489429803269,2.1197875031251114,57.5296442687747,0.5829275579124273,0.5829275579124273,98.5296442687747,1.1194169877156963,1.093688359158882,1.1047892210537935,1.1194169877156963,1.1245139691434671,1.1360559978558546,0.0423676386969728,9,10
680735,Austin Cox,ATL,P,8.0,0.26836578464880595,1.616903852509056,5.6421052631578945,0.13534329576254106,0.13534329576254106,13.642105263157895,0.403709080411347,0.39441127810184023,0.3955239174707389,0.39836744425614345,0.403709080411347,0.40589967733967247,0.011488399237832264,0,6
688158,David Morgan,SDP,P,21.0,0.17081668534420083,0.39206496350430864,14.4375,0.09530171510913714,0.09530171510913714,35.4375,0.26611840045333796,0.24411065328242043,0.2491095721479067,0.26575159403135273,0.26611840045333796,0.272207095131877,0.02809644184945656,1,17
686642,Fraser Ellard,CHW,P,7.2,0.050975712219073294,0.341254073466574,5.341935483870968,0.1313147351210772,0.1313147351210772,12.541935483870969,0.18229044734015049,0.17738341848367406,0.17939793495044715,0.18141716358801424,0.18229044734015049,0.18459780882881413,0.00721439034514007,0,8
674944,Sean Guenther,DET,P,10.1,0.07243754849114566,0.7889237954481211,7.123157894736843,0.14210051214231023,0.14210051214231023,17.223157894736843,0.21453806063345587,0.21121892180483248,0.21453806063345587,0.21584158610159815,0.21669498980609736,0.22237817279888944,0.01115925099405693,1,9
669372,J.T. Ginn,ATH,P,32.0,0.18838785112055795,0.647583238226918,20.89795918367347,0.1209906241599813,0.1209906241599813,52.89795918367347,0.30937847528053924,0.2918323572830136,0.29897773074082346,0.3077345727340166,0.30937847528053924,0.3194802719532288,0.027647914670215185,4,10
820862,José Fermin,LAA,P,16.1,0.09824367872044532,0.29412082697673686,11.646808510638298,0.10569506291084715,0.10569506291084715,27.7468085106383,0.20393874163129247,0.18829903386312905,0.1968556760640383,0.19946963508074,0.20393874163129247,0.21157325808062802,0.023274224217498973,0,18
554340,Yimi García,TOR,P,21.0,0.0878664565729769,0.20167443841988034,15.19148936170213,0.0772945726665347,0.0772945726665347,36.19148936170213,0.1651610292395116,0.1550363870824109,0.15724768257231897,0.1651610292395116,0.16761766276110862,0.16832779467575848,0.013291407593347557,0,22
657097,Jacob Webb,TEX,P,43.1,0.25518037352736395,0.28537573095171564,29.63125,0.06422556129843637,0.06422556129843637,72.73125,0.3194059348258003,0.29318242786613574,0.3080232676375079,0.3194059348258003,0.3662483465520129,0.3781953552403464,0.08501292737421065,0,39
664139,Ian Gibaut,CIN,P,25.1,-0.049919548542606586,-0.09586144381488594,16.81958762886598,0.057077247338619484,0.057077247338619484,41.91958762886598,0.0071576987960128985,-0.00031633523868334484,0.0026615463775032863,0.0071576987960128985,0.025773905742491075,0.0409274062129937,0.04124374145167704,0,25
695445,Chase Lee,DET,P,31.2,0.1978157690910609,0.30560000224965184,22.004210526315784,0.0735852148464366,0.0735852148464366,53.204210526315784,0.2714009839374975,0.24369694771118672,0.25752184815358936,0.27052336214118117,0.2714009839374975,0.3010956155146732,0.05739866780348644,0,27
453286,Max Scherzer,TOR,P,23.0,0.280771959406153,1.9776111923389907,61.81818181818181,0.733852842631653,0.733852842631653,84.81818181818181,1.014624802037806,1.0063786842589415,1.0106126978623846,1.014624802037806,1.0176476537636339,1.0239618605684773,0.017583176309535653,5,5
681895,Evan Sisk,KCR,P,5.1,0.17944992698854964,1.6959777413427635,3.417525773195876,0.14747127319237352,0.14747127319237352,8.517525773195876,0.3269212001809232,0.3269212001809232,0.3282380873185542,0.33244583991634424,0.3383548494658125,0.34139084332633973,0.014469643145416572,0,5
656546,Jeff Hoffman,TOR,P,39.1,0.4332378781953744,0.5340681772127122,28.285106382978725,0.04562375505904858,0.04562375505904858,67.38510638297873,0.478861633254423,0.46049914725105356,0.4685232630980998,0.478861633254423,0.4800727816056049,0.4920013940793654,0.03150224682831183,0,41
623149,Paul Sewald,CLE,P,15.1,0.027892656483975688,0.08903483725348531,11.48913043478261,0.09411199781478592,0.09411199781478592,26.58913043478261,0.12200465429876162,0.11770970770490355,0.11857724641209455,0.12013220307540604,0.12200465429876162,0.1341621959351585,0.01645248823025494,0,18
666661,Juan Morillo,ARI,P,27.1,-0.019110935957961945,-0.03399066838279578,18.63125,0.09066613762437965,0.09066613762437965,45.73125,0.07155520166641771,0.024793978772885136,0.037050433068692226,0.06644092851422274,0.07155520166641771,0.08102060778757092,0.05622662901468578,0,31
663773,Bryan Hoeing,SDP,P,7.0,0.032804475438906876,0.22588224516504452,4.8125,0.13698856340624205,0.13698856340624205,11.8125,0.16979303884514893,0.16171205269280184,0.16626532780231662,0.16637602026971912,0.16959742574050393,0.16979303884514893,0.008080986152347092,0,6
687606,Paxton Schultz,TOR,P,23.2,0.13883056554851952,0.6582483711352218,16.782978723404256,0.1205046620161733,0.1205046620161733,39.98297872340426,0.25933522756469285,0.24787436743722435,0.25855637061013514,0.25933522756469285,0.2601320448282414,0.26364240496673597,0.015768037529511614,2,12
680689,Lyon Richardson,CIN,P,31.1,0.022183214556879483,0.0343804161299547,20.840206185567013,-0.2903181308080703,-0.2903181308080703,51.940206185567014,-0.2681349162511908,-0.2821594594060578,-0.2681349162511908,-0.25508495281854054,-0.14082217713163697,-0.003673849582883814,0.278485609823174,0,27
595014,Blake Treinen,LAD,P,8.0,0.06471598171718776,0.38991378984605624,5.6421052631578945,0.13336577279032222,0.13336577279032222,13.642105263157895,0.19808175450750998,0.19172307282528225,0.19347264009465787,0.19430103203848423,0.1967792439184572,0.19808175450750998,0.006358681682227724,0,8
660787,Yerry De los Santos,NYY,P,20.0,0.12429222713969626,0.299544267406668,13.75,0.09671885523007953,0.09671885523007953,33.75,0.2210110823697758,0.18686743917904516,0.20259319884626778,0.2210110823697758,0.221988862288131,0.2317880659570568,0.044920626778011646,0,14
595928,John Curtiss,ARI,P,7.2,0.05369870597749226,0.35948300390487875,4.95,0.13789568749018438,0.13789568749018438,12.15,0.19159439346767665,0.18706205547869648,0.18917520471014998,0.1900336035502855,0.19115069457525688,0.19159439346767665,0.004532337988980173,0,6
690986,Kyle Harrison,SFG,P,23.2,0.15096326988310152,0.71577412444574,15.95,0.1163071728040265,0.1163071728040265,39.15,0.267270442687128,0.267270442687128,0.2700458672053879,0.27033011423389064,0.2735931433835878,0.2754777192185687,0.008207276531440655,4,8
664123,Scott Effross,NYY,P,6.0,0.11032892625134191,0.8863090408857801,4.125,0.14008865075349397,0.14008865075349397,10.125,0.2504175770048359,0.24323989418163647,0.2443943830682361,0.248481846999099,0.2504175770048359,0.2514483860807265,0.008208491899090065,0,6
663671,Nic Enright,CLE,P,14.1,0.12494001244477035,0.42709990069772563,10.728260869565217,0.10656844642662858,0.10656844642662858,24.828260869565216,0.23150845887139893,0.22048371652900955,0.2241574049573343,0.23150845887139893,0.23728213536286144,0.24701213870202843,0.026528422173018873,0,12
669721,Davis Daniel,ATL,P,5.0,0.09874859033735722,2.172468987421859,3.526315789473684,0.1527488625071578,0.1527488625071578,8.526315789473685,0.251497452844515,0.24652317596035705,0.24894330332184542,0.251497452844515,0.25353872184470255,0.25986753979957256,0.013344363839215473,1,2
596133,Luke Weaver,NYY,P,34.0,0.6682398944721905,0.9473283209870466,23.375,0.04153696349264413,0.04153696349264413,57.375,0.7097768579648346,0.7097768579648346,0.7367465751358419,0.762525463508135,0.8175951438121212,0.8628665462615517,0.15308968829671707,0,33
665660,Elvis Alvarado,ATH,P,13.0,0.0968157057335136,0.35896284741195045,8.489795918367347,0.11543639810114129,0.11543639810114129,21.48979591836735,0.21225210383465487,0.20169669963101608,0.20807880925120245,0.20895680815396078,0.21225210383465487,0.2152505949084785,0.013553895277462424,0,10
641401,Connor Brogdon,LAA,P,25.1,-0.10130910118162684,-0.19454576402208817,18.157446808510638,0.048684690850694226,0.048684690850694226,43.257446808510636,-0.05262441033093261,-0.0578773646203756,-0.05262441033093261,-0.05216508214617288,-0.03301641735782804,-0.012949697085276574,0.044927667535099025,0,24
668834,Easton McGee,MIL,P,7.0,0.07239311107215284,0.49847827909682385,4.936842105263158,0.13378612708928608,0.13378612708928608,11.936842105263157,0.2061792381614389,0.20360525107581934,0.20504894517226419,0.2061792381614389,0.20897248554442066,0.2161247276623222,0.012519476586502903,0,5
669622,Anthony Bender,MIA,P,39.1,0.31276346703559527,0.38555496447866217,30.506593406593407,0.04861248184981603,0.04861248184981603,69.6065934065934,0.3613759488854113,0.34055873342519366,0.349739451270551,0.3613759488854113,0.37499334452131244,0.3876859772321787,0.047127243806985034,0,40
679775,Kyle Backhus,ARI,P,10.0,0.08394478116740711,0.4046138452269023,6.875,0.12124948355122633,0.12124948355122633,16.875,0.20519426471863345,0.19807235032247267,0.20340704592049363,0.2043747163924814,0.20519426471863345,0.20592531780386833,0.007852967481395662,0,11
679885,Justin Martinez,ARI,P,15.1,0.10814434142900252,0.3452024673429087,10.38125,0.0933766249249558,0.0933766249249558,25.48125,0.20152096635395833,0.19518376087418887,0.19934385498364166,0.20152096635395833,0.20396774968274062,0.2188918052136346,0.023708044339445747,0,17
687830,Sawyer Gipson-Long,DET,P,23.0,0.11279006719992493,0.5394307561735541,16.221052631578946,0.1098274995449304,0.1098274995449304,39.22105263157894,0.22261756674485533,0.22136611486458851,0.22261756674485533,0.22904799922020558,0.23041302839219233,0.2421060328470859,0.0207399179824974,2,5
669211,Keegan Akin,BAL,P,38.0,0.1519040228760958,0.1926782605954689,31.954545454545457,0.0012446091379015773,0.0012446091379015773,69.95454545454545,0.1531486320139974,0.1531486320139974,0.15899817683612635,0.16545275579820556,0.1659634040154835,0.24111083138859984,0.08796219937460248,3,39
593576,Héctor Neris,"LAA, HOU, ATL",P,18.0,-0.06697300803597815,-0.17933883262967484,1.0738851903027258,0.07158023143045415,0.07158023143045415,19.073885190302725,0.004607223394476001,0.00031980118405336433,0.0033606442560558947,0.0038187563007527903,0.004607223394476001,0.006640996831000251,0.006321195646946887,0,26
628452,Raisel Iglesias,ATL,P,36.2,0.7460992106151271,0.9934249157914122,25.530526315789476,0.04273594564894991,0.04273594564894991,61.730526315789476,0.788835156264077,0.7727679025258082,0.7824921889828879,0.788835156264077,0.8838824153300455,0.8859835356871321,0.11321563316132388,0,39
694361,Will Klein,LAD,P,7.1,0.06699277390386466,0.4547960143896165,5.0073684210526315,0.13401177168711262,0.13401177168711262,12.10736842105263,0.20100454559097727,0.1942143092181659,0.19728611975906263,0.1978817750522117,0.19988704745050423,0.20100454559097727,0.00679023637281137,0,6
673380,Dedniel Núñez,NYM,P,9.2,-0.029989212434104476,-0.15711739557867782,6.164948453608246,0.12002942844002011,0.12002942844002011,15.364948453608246,0.09004021600591564,0.08544076161199211,0.08728222534022756,0.08947359493905038,0.09004021600591564,0.09183897022793751,0.006398208615945394,0,10
596295,Austin Gomber,COL,P,28.2,-0.044598946214224826,-0.25620671229448305,63.16205533596838,0.6788270227148041,0.6788270227148041,91.36205533596838,0.6342280765005793,0.6290782467540466,0.6325029311420451,0.6328227989808467,0.6342280765005793,0.6360411136038123,0.00696286684976577,6,6
641835,Tim Mayza,PIT,P,9.1,0.07630880285599859,0.40418508765484973,7.1000000000000005,0.12150200474201268,0.12150200474201268,16.2,0.19781080759801128,0.19345547602467295,0.19496605832786884,0.19581037101807203,0.1960068688038039,0.19781080759801128,0.004355331573338339,0,7
663795,Justin Hagenman,NYM,P,12.1,0.09656342285895943,0.877849298717813,8.108247422680412,0.1291237750510872,0.1291237750510872,20.20824742268041,0.2256871979100466,0.22052229017892228,0.2245327836101889,0.22508790842735332,0.2256871979100466,0.22725942605360672,0.006737135874684441,1,4
669711,Greg Weissert,BOS,P,41.1,0.20773829356006707,0.24362495741107623,27.54123711340206,0.0544974509014255,0.0544974509014255,68.64123711340207,0.26223574446149256,0.24089969250599716,0.24428016198897406,0.26223574446149256,0.2677494545909536,0.3090739202444541,0.068174227738457,0,45
681293,Spencer Arrighetti,HOU,P,9.2,0.005452109793454847,0.09600454201518319,62.72727272727273,0.8511877523335186,0.8511877523335186,71.92727272727272,0.8566398621269735,0.856114958961409,0.8566398621269735,0.8576754405448579,0.8586630500564214,0.8643897801407282,0.008274821179319214,2,2
676617,Riley O'Brien,STL,P,22.1,0.2373885784525814,0.5177434154486165,17.242857142857144,-0.18267640776188804,-0.18267640776188804,39.34285714285714,0.05471217069069337,0.022015426327102433,0.040102673348809764,0.05471217069069337,0.13827915958896186,0.23926658435598402,0.2172511580288816,0,17
605177,Andrew Chafin,WSN,P,16.0,0.04008246802393552,0.12074843492210577,11.0,0.08501356387068187,0.08501356387068187,27.0,0.1250960318946174,0.12209556977752237,0.12305823217455172,0.1250960318946174,0.12720253080922753,0.144015104048058,0.02191953427053564,0,21
669062,Erik Miller,SFG,P,30.0,0.25083237093680283,0.40300400930512986,20.625,0.03990843176628827,0.03990843176628827,50.625,0.2907408027030911,0.2691422160011301,0.2816329564633331,0.2907408027030911,0.3033104280848106,0.33505546727583696,0.06591325127470687,0,36
623211,Huascar Brazobán,NYM,P,47.1,0.3030886153541912,0.3101671180482381,31.56185567010309,0.04752751342245849,0.04752751342245849,78.6618556701031,0.35061612877664966,0.3309476707173802,0.33728375421637186,0.35061612877664966,0.3603336322208441,0.3742893872880798,0.043341716570699615,3,39
681882,Colin Selby,BAL,P,6.2,0.15444905919970908,1.2007168795848353,5.213636363636363,0.11373886118238036,0.11373886118238036,11.413636363636364,0.26818792038208944,0.2525949094197995,0.26463010169217327,0.26818792038208944,0.26822385798495224,0.2717194624551883,0.019124553035388764,0,5
506433,Yu Darvish,SDP,P,8.1,0.03839871779181958,0.7679743558363916,52.82608695652174,0.8680472158835973,0.8680472158835973,60.92608695652174,0.9064459336754169,0.899330702211567,0.9008263158095347,0.9055544090806911,0.9064459336754169,0.9147465133720273,0.015415811160460313,2,2
688297,Chris Roycroft,STL,P,13.0,-0.0529243773635461,-0.19622730684022477,10.142857142857144,0.09360812425066849,0.09360812425066849,23.142857142857146,0.04068374688712239,0.03009061240606086,0.04068374688712239,0.042872660486716695,0.0468509057082259,0.05713695753047749,0.02704634512441663,0,14
680767,Victor Vodnik,COL,P,27.1,0.19907214298366843,0.3540692727606206,19.604255319148937,0.0656500964955797,0.0656500964955797,46.70425531914894,0.2647222394792481,0.24154860988682667,0.2430408166034083,0.2647222394792481,0.2792138216002481,0.31451384652770364,0.07296523664087698,0,29
695549,Jackson Jobe,DET,P,49.0,0.3045587061923808,1.0069083755748098,54.71666666666667,0.5004741667986915,0.5004741667986915,103.71666666666667,0.8050328729910723,0.793308795769162,0.8031422595849433,0.8050328729910723,0.8255163170059271,0.8374365500652581,0.044127754296096056,10,10
668390,Cole Winn,TEX,P,17.0,0.13983060313495477,0.3964608865355777,11.6875,0.05902804391108337,0.05902804391108337,28.6875,0.19885864704603815,0.16797126994746894,0.19535534259719312,0.19885864704603815,0.23344652101246138,0.23540050038813345,0.06742923044066451,0,13
605483,Blake Snell,LAD,P,9.0,0.014768237044709517,0.26582826680477134,59.584980237154156,0.8559951512365566,0.8559951512365566,68.58498023715416,0.8707633882812661,0.8707633882812661,0.8714596174873072,0.8742586400341255,0.8777015970362465,0.904903318786094,0.03413993050482789,2,2
663432,Tanner Rainey,PIT,P,7.2,-0.028379200809676597,-0.18998298319811277,5.617582417582417,0.12464831175471092,0.12464831175471092,12.817582417582418,0.09626911094503432,0.09277060120781715,0.0937788158497457,0.09626911094503432,0.09652653258179018,0.09721673027369798,0.0044461290658808356,0,11
554431,Tyler Matzek,NYY,P,6.1,0.009148620809696143,0.07228910213563182,4.19375,0.13337004453465015,0.13337004453465015,10.29375,0.1425186653443463,0.13972977453080135,0.1411342930892437,0.1425186653443463,0.14253540924940614,0.14292869607909664,0.0031989215482952915,0,7
657424,Matt Gage,DET,P,5.2,0.04698563229992271,0.4355206686262067,3.6673684210526316,0.13354100262304286,0.13354100262304286,8.867368421052632,0.18052663492296556,0.17692024495690423,0.1795563851294953,0.17964871612502037,0.18011294479867768,0.18052663492296556,0.0036063899660613297,0,6
657006,Justin Steele,CHC,P,22.2,0.2889912828580455,2.108855307342494,73.48814229249012,0.7303766630541688,0.7303766630541688,95.68814229249013,1.0193679459122142,1.0169262690044094,1.0193679459122142,1.0207792421136317,1.0221322735623772,1.0691242157195653,0.052197946715155985,4,4
608650,Dietrich Enns,DET,P,13.1,0.06798652828326252,0.5708792451266318,9.238947368421051,0.05998090932078602,0.05998090932078602,22.338947368421053,0.12796743760404855,0.1085625351267227,0.12422253944657138,0.12796743760404855,0.1465899476554686,0.17357662503686844,0.06501408991014575,2,4
680704,Nick Sandlin,TOR,P,16.1,0.07870356878278305,0.23562186430622004,11.646808510638298,0.07601277417758619,0.07601277417758619,27.7468085106383,0.15471634296036924,0.15302742273331132,0.15471634296036924,0.15662561214781912,0.15809484358356435,0.15810179877092817,0.005074376037616832,0,19
519326,Hunter Strickland,LAA,P,22.0,-0.030883221836022812,-0.06766233147710453,15.914893617021276,0.04406516178689381,0.04406516178689381,37.91489361702128,0.013181939950871,0.013181939950871,0.01619597552986311,0.01848453879464018,0.021695682706815097,0.029204703973009446,0.016022764022138446,0,19
668716,Noah Murdock,ATH,P,17.0,-0.16212134629475158,-0.459661699494531,11.102040816326529,0.07322333574887219,0.07322333574887219,28.10204081632653,-0.0888980105458794,-0.10070436388617292,-0.09272151409189612,-0.089555891562412,-0.0888980105458794,-0.08082939187558037,0.019874972010592545,0,14
673929,Jordan Leasure,CHW,P,34.0,0.05712628056882319,0.08098490362991995,25.225806451612904,-0.22077233578908328,-0.22077233578908328,59.225806451612904,-0.1636460552202601,-0.17398905014798444,-0.1636460552202601,-0.1305162375840446,-0.09971063831885427,0.036313694527887456,0.2103027446758719,1,38
678024,Mike Vasil,CHW,P,62.0,0.559536372312302,0.9927258218444069,45.99999999999999,0.021755194776392216,0.021755194776392216,108.0,0.5812915670886942,0.5812915670886942,0.6389244002384038,0.6717673836065613,0.7082307909157354,0.7617963902964169,0.18050482320772263,3,25
656464,Kevin Ginkel,ARI,P,22.0,-0.1321171865129618,-0.28945674499658,15.125,0.0424232626657185,0.0424232626657185,37.125,-0.08969392384724331,-0.08969392384724331,-0.08833545689451103,-0.08777051566184271,-0.08737246995206185,-0.078104843781308,0.011589080065935314,0,25
660896,Jorge Alcala,"MIN, BOS, STL",P,34.2,-0.2045328803487994,-0.28825979043310324,11.0010989010996,0.0177347878314787,0.0177347878314787,45.2010989010996,-0.1867980925173207,-0.1938883997243415,-0.18852618929877515,-0.1867980925173207,-0.18631308995271953,-0.1846704773751882,0.009217922349153276,0,33
681006,Josh Simpson,MIA,P,9.2,0.059294304916510485,0.31065059749737023,7.178021978021978,0.1170048966609138,0.1170048966609138,16.378021978021977,0.1762992015774243,0.17498947414192684,0.17610523316263166,0.1762992015774243,0.17802045290632124,0.18082730016421705,0.005837826022290243,0,8
686826,Bryce Jarvis,ARI,P,14.1,-0.016928347208352686,-0.057868534428553164,9.69375,0.039361323978588554,0.039361323978588554,23.79375,0.02243297677023587,-0.02234710260163606,-0.0006111913041277131,0.02243297677023587,0.030235754755741154,0.05377951164534798,0.07612661424698404,0,8
672578,Carlos Hernández,"PHI, DET, CLE",P,34.0,-0.2229677928582576,-0.31608963575788285,5.313645003795454,0.0026434465266756465,0.0026434465266756465,39.31364500379546,-0.22032434633158196,-0.22032434633158196,-0.21680378585200943,-0.2139258342682497,-0.21100834603987298,-0.20549796300335205,0.014826383328229916,0,33
596271,Casey Lawrence,"SEA, TOR",P,17.2,-0.001177459368871523,-0.003299624510442292,2.145232440488172,0.03169262453606897,0.03169262453606897,19.34523244048817,0.030515165167197447,-0.0012206422184171054,0.01553472732823586,0.030515165167197447,0.0325469756760325,0.050369128567051474,0.05158977078546858,0,6
666214,Joey Wentz,"PIT, MIN, ATL",P,37.0,-0.277838973489631,-0.3619415816810869,45.136842104369485,-0.0024345536390796138,-0.0024345536390796138,82.13684210436949,-0.2802735271287106,-0.2802735271287106,-0.2751077946166222,-0.26862025875867535,-0.26799040667861584,-0.2627474395053575,0.017526087623353077,0,26
642239,Rob Zastryzny,MIL,P,13.1,0.32519226737481116,1.1965089532416717,9.238947368421051,0.08774785268624823,0.08774785268624823,22.338947368421053,0.4129401200610594,0.4124040455222994,0.4124455128698245,0.4129401200610594,0.4140118871907542,0.42660890931460305,0.01420486379230361,1,15
657044,Ryan Thompson,ARI,P,32.1,0.14354017751391754,0.21553384910189488,22.06875,0.005424005596288338,0.005424005596288338,54.16875,0.14896418311020587,0.14896418311020587,0.15047574347456208,0.15527844392250553,0.16025115592761002,0.16226555311823215,0.013301370008026264,0,36
605447,Jordan Romano,PHI,P,33.1,-0.013478461915202187,-0.019627246655974182,22.75625,0.001746201656254331,0.001746201656254331,55.85625,-0.011732260258947856,-0.012352778042657225,-0.011771270973854105,-0.011732260258947856,-0.00959814473468602,-0.004385110272911476,0.00796766776974575,0,37
669308,Sean Reynolds,SDP,P,22.2,0.05374910871378463,0.1166985153155144,15.262500000000001,0.038113482569528276,0.038113482569528276,37.4625,0.09186259128331291,0.08235038484219873,0.08666458812161845,0.09186259128331291,0.10128974326027518,0.10279795898130413,0.02044757413910541,1,17
642152,Lou Trivino,"LAD, SFG, PHI",P,36.2,0.0167726344957416,0.02233262383134655,6.18750017732727,0.017747585873196258,0.017747585873196258,42.387500177327276,0.03452022036893786,0.015346902442366644,0.02352593436783846,0.024454611850326623,0.02526266022809863,0.03452022036893786,0.019173317926571214,2,34
663804,Jackson Kowar,SEA,P,8.2,0.04973562503503026,0.2923484300839584,5.783157894736841,0.07664653357001364,0.07664653357001364,13.983157894736841,0.1263821586050439,0.11638435503109776,0.12288567125046343,0.1263821586050439,0.12757195214162867,0.14827746651535006,0.03189311148425229,0,7
671109,Jake Eder,LAA,P,9.1,0.04114634586317523,0.2179399857807743,6.5829787234042545,0.1107385067900653,0.1107385067900653,15.682978723404254,0.15188485265324053,0.14884549963372112,0.15188485265324053,0.1521369350712124,0.1525869929415683,0.1550926477969204,0.006247148163199268,0,6
680880,Grant Holman,ATH,P,23.0,-0.055389530549172464,-0.11607719010739621,15.020408163265305,0.04758332329561108,0.04758332329561108,38.0204081632653,-0.007806207253561383,-0.007806207253561383,-0.006753794256787092,-0.004411216591520543,-0.0011014701155740714,-0.0003489434892077134,0.007457263764353669,2,22
689266,Dylan Dodd,ATL,P,12.0,0.09155999447278333,0.3677659777990131,8.463157894736842,0.0030131045165723014,0.0030131045165723014,20.46315789473684,0.09457309898935563,0.03502199985874513,0.06498995627131195,0.09457309898935563,0.11474864063882555,0.16666850658939764,0.1316465067306525,0,11
650644,Aaron Civale,"CHW, MIL, CHC",P,52.2,0.06492445712706739,0.20148969453227808,29.129027577926212,0.4027249134827527,0.4027249134827527,81.32902757792621,0.4676493706098201,0.467114665568638,0.4676493706098201,0.4702067261778891,0.4752326160029819,0.529312317817476,0.062197652248838,11,11
606930,Jacob Barnes,TOR,P,8.0,-0.10546775583402483,-0.6354432288999996,5.787234042553191,0.10892565633857733,0.10892565633857733,13.787234042553191,0.003457900504552497,-0.0013832978286088676,0.00014534900886324642,0.001887197730413362,0.0032042973975666272,0.003457900504552497,0.0048411983331613645,0,6
680951,Doug Nikhazy,CLE,P,4.0,-0.05621352037063697,-1.5458718101925166,3.043478260869565,0.13499891949385218,0.13499891949385218,7.0434782608695645,0.07878539912321521,0.07707827794864945,0.07723242532538811,0.07866317427701457,0.07878539912321521,0.07943936342226167,0.0023610854736122178,1,2
621057,Justin Garza,NYM,P,6.2,-0.022616489700282454,-0.17582496831509908,4.154639175257731,0.0976409163667278,0.0976409163667278,10.35463917525773,0.07502442666644535,0.0526510848521561,0.0638217323736768,0.07502442666644535,0.07508017733748151,0.09259809623010865,0.039947011377952535,0,5
622379,Luis F. Castillo,SEA,P,7.0,-0.05461319844057086,-1.26390544962464,46.34387351778656,0.8595341701476561,0.8595341701476561,53.34387351778656,0.8049209717070852,0.789547475788842,0.7992520808093158,0.804610018204454,0.8049209717070852,0.8074458031066805,0.01789832731783847,2,2
686730,Carson Spiers,CIN,P,13.1,-0.04248158819067285,-0.35671562602855067,8.778350515463917,0.1145426983129418,0.1145426983129418,21.878350515463914,0.07206111012226894,0.07014658048247556,0.07041012344936554,0.07041921879549431,0.07176955730620235,0.07206111012226894,0.001914529639793383,2,3
640462,A.J. Puk,ARI,P,8.0,0.1639133157489038,0.9875777273871454,5.5,0.11756932413878558,0.11756932413878558,13.5,0.2814826398876894,0.27165721454912883,0.2762333274094513,0.2785038659004418,0.2814826398876894,0.28218317434252776,0.010525959793398945,0,8
829272,Shinnosuke Ogasawara,WSN,P,6.2,-0.015310613137566086,-0.4000515045622106,40.434782608695656,0.8678553134866156,0.8678553134866156,46.63478260869566,0.8525447003490495,0.8416270908497546,0.8490538233256142,0.8521896813621055,0.8525447003490495,0.8540035081810919,0.01237641733133732,2,2
681916,Dylan Smith,DET,P,13.0,0.07526200239129353,0.2790483473277191,9.16842105263158,0.07074183165518533,0.07074183165518533,22.16842105263158,0.14600383404647888,0.10757607108621325,0.142338389489588,0.14600383404647888,0.14936791976510078,0.15851761512007487,0.05094154403386161,0,7
621366,Ryan Borucki,PIT,P,25.2,0.03489586319535893,0.066745262143504,19.66153846153846,0.009958802033372417,0.009958802033372417,44.86153846153846,0.04485466522873135,0.03279689056698392,0.04302464174830018,0.04363948709833915,0.04485466522873135,0.047719053820756724,0.014922163253772809,0,29
641755,Tyler Kinley,COL,P,42.1,0.17288110548035057,0.19793038679698094,30.455319148936177,-0.008464119508909358,-0.008464119508909358,72.55531914893618,0.16441698597144122,0.16441698597144122,0.17204940828107104,0.1998658485899256,0.24164498742296403,0.2424033461705853,0.07798636019914407,0,44
663542,Bryan Hudson,MIL,P,10.1,0.018133388703332462,0.08653755797035889,7.123157894736842,0.10230125150870756,0.10230125150870756,17.223157894736843,0.12043464021204002,0.10316096189695884,0.11565156751475053,0.11659587473473075,0.11846050720411118,0.12043464021204002,0.017273678315081184,0,12
687765,Mitch Spence,ATH,P,74.2,0.2159212098148568,0.3200988285664993,48.457142857142856,-0.010184096619469963,-0.010184096619469963,122.65714285714286,0.20573711319538684,0.1908136885155341,0.1988667600856327,0.20573711319538684,0.20843461612745037,0.21347246188049943,0.022658773364965308,7,29
641343,Jake Bauers,MIL,P,5.0,-0.005180499718596623,-0.049940017287271446,3.526315789473684,0.12394499478512234,0.12394499478512234,8.526315789473685,0.11876449506652573,0.10129116079311033,0.115438758495088,0.1182717905829092,0.11876449506652573,0.12253264627018721,0.021241485477076882,0,5
690382,Michael Darrell-Hicks,"LAA, PIT",P,9.2,-0.08371474810077063,-0.4385924846149071,0.958878309133106,0.09727215742405468,0.09727215742405468,10.158878309133105,0.013557409323284045,-0.03363738570851586,0.004087627797316584,0.012187614007039133,0.013557409323284045,0.016494172152999476,0.05013155786151534,0,7
692285,Luis Guerrero,BOS,P,17.1,-0.019429230006220884,-0.054765431947359444,11.458762886597938,0.04978982561128668,0.04978982561128668,28.55876288659794,0.030360595605065793,-0.01632863635129856,0.007793269346004876,0.030360595605065793,0.03346370217208283,0.043276144695378306,0.059604781046676866,0,13
690916,Richard Fitts,BOS,P,33.2,0.41748208069080267,2.0371113575876514,53.310276679841905,0.6052050555697787,0.6052050555697787,86.51027667984191,1.0226871362605814,1.014014458151235,1.016303738688109,1.0210562639476373,1.0226871362605814,1.0454219585167321,0.03140750036549722,8,8
668970,Gavin Hollowell,CHC,P,6.1,0.03636357204804028,0.2873318315927117,4.302105263157895,0.08367334845771324,0.08367334845771324,10.402105263157894,0.12003692050575351,0.11171269918996794,0.1126021474983189,0.12003692050575351,0.12353805655783237,0.14973251488209233,0.03801981569212437,0,5
594580,Sam Moll,CIN,P,6.0,-0.01321934048983681,-0.10619536860168904,4.02061855670103,0.1223981634770305,0.1223981634770305,10.02061855670103,0.1091788229871937,0.0952291394416138,0.1030368223617398,0.1046385063397757,0.10656973419212466,0.1091788229871937,0.013949683545579891,0,7
657612,Tim Hill,NYY,P,43.1,0.26335868761036224,0.29452178057585754,29.63125,-0.0054664205264632,-0.0054664205264632,72.73125,0.25789226708389906,0.21326513490460292,0.2458076380964318,0.2562748723442978,0.25789226708389906,0.26106439816680765,0.04779926326220477,0,45
664141,JT Brubaker,NYY,P,7.0,-0.02433316231391274,-0.16755120336151347,4.8125,0.11040219739805605,0.11040219739805605,11.8125,0.08606903508414332,0.07217329376264064,0.07735720840034785,0.08528715432021133,0.08606903508414332,0.08972008713196425,0.017546793369323604,0,7
682254,Mason Montgomery,TBR,P,31.1,0.03804229469823234,0.05895944065771057,24.264835164835166,-0.05007432807350526,-0.05007432807350526,55.36483516483517,-0.012032033375272921,-0.04184745826538763,-0.03239810969050834,-0.012032033375272921,0.01691431763889724,0.05560710067581702,0.09745455894120465,0,40
521230,Liam Hendriks,BOS,P,13.2,-0.1255503770168472,-0.45844910395545724,8.845360824742267,0.07700611102380252,0.07700611102380252,22.045360824742268,-0.04854426599304469,-0.06577541348395205,-0.06075791105653172,-0.04854426599304469,-0.04767668496119708,-0.043383291374600355,0.022392122109351688,0,14
606303,Joel Payamps,MIL,P,18.1,-0.21084731679540542,-0.5614829099192564,12.765263157894736,0.05260148971507898,0.05260148971507898,30.865263157894738,-0.15824582708032642,-0.20476122525775825,-0.16846752882797916,-0.16737724077210536,-0.16571544145365197,-0.15824582708032642,0.046515398177431805,0,23
622608,Antonio Senzatela,COL,P,91.1,-0.021395375500905575,-0.038046661154189934,65.20842105263158,-0.0316624735291647,-0.0316624735291647,156.30842105263156,-0.05305784903007028,-0.07669078806927532,-0.05305784903007028,-0.04744271189995097,-0.04459868540827468,0.10566794612066978,0.18235873418994508,18,19
656271,Brock Burke,LAA,P,37.0,0.23070928667222335,0.300545611286518,26.765957446808514,-0.009411513012332453,-0.009411513012332453,63.765957446808514,0.2212977736598909,0.17271765651991902,0.2212977736598909,0.22161490114120896,0.23734711951337845,0.23796083182601419,0.06524317530609516,0,44
687396,Brent Headrick,NYY,P,13.1,0.045765541004213046,0.16838924247351672,9.00625,0.02254116641821717,0.02254116641821717,22.10625,0.06830670742243022,0.053441123791168936,0.05367057065977663,0.0675676012687336,0.06830670742243022,0.10701021961902432,0.05356909582785538,0,11
800049,Adam Mazur,MIA,P,5.2,-0.0158999447903528,-0.49534443385329874,72.96442687747037,0.861961721017696,0.861961721017696,78.16442687747038,0.8460617762273431,0.8423841244600346,0.8450629589346104,0.8460617762273431,0.8507780983930069,0.8582689457494651,0.015884821289430473,1,1
621199,Matt Bowman,BAL,P,23.1,-0.11821789222475752,-0.2466710997936499,19.425,0.01439583906265902,0.01439583906265902,42.525000000000006,-0.1038220531620985,-0.16608391149317317,-0.11497320301495949,-0.11218464898909654,-0.10995488930444969,-0.1038220531620985,0.062261858331074664,0,19
678215,Luarbert Arias,MIA,P,9.1,-0.16198987707537785,-0.8580123159377158,7.1000000000000005,0.07787706878458017,0.07787706878458017,16.2,-0.08411280829079767,-0.10979528711873515,-0.10016678036823212,-0.08411280829079767,-0.08091932916616353,-0.06837264283647905,0.04142264428225611,0,6
687362,Connor Gillispie,MIA,P,26.0,-0.09760973750635095,-0.6081837490780329,60.80368906455863,0.6280517149453799,0.6280517149453799,86.80368906455863,0.530441977439029,0.5171742727824917,0.5189219995383445,0.530441977439029,0.5386983340495445,0.5595740403508113,0.042399767568319535,6,6
693645,Cam Schlittler,NYY,P,5.1,0.08123820070747206,2.580507551884407,66.52173913043478,0.8686204175478397,0.8686204175478397,71.62173913043478,0.9498586182553117,0.9445351175131793,0.9470818100548513,0.9498586182553117,0.9531937049355039,0.960377927278679,0.015842809765499677,1,1
641540,Dane Dunning,TEX,P,10.2,0.006560448966660962,0.031001337273829258,7.0125,0.08771437174790725,0.08771437174790725,17.2125,0.0942748207145682,0.07340248795252192,0.08076320953111822,0.0942748207145682,0.09794330337297646,0.10422482133919113,0.030822333386669204,0,5
686799,Jack Kochanowicz,LAA,P,94.0,-0.03093844397205629,-0.05331944599439488,67.28421052631579,-0.07665421356149303,-0.07665421356149303,161.2842105263158,-0.10759265753354932,-0.11517233890639691,-0.10759265753354932,-0.10444276361397017,-0.10321801240905458,0.11280094693434504,0.22797328584074195,19,19
669422,Matt Sauer,LAD,P,27.2,0.027227544263106505,0.11011139224050426,19.183157894736844,0.010692278951015668,0.010692278951015668,46.38315789473684,0.03791982321412217,0.025205445464477273,0.028899555711114886,0.03791982321412217,0.047688269018133195,0.09236591527870328,0.067160469814226,1,9
519008,T.J. McFarland,ATH,P,15.2,-0.0830169646535906,-0.2632511642304649,9.926530612244896,0.059739064941902634,0.059739064941902634,25.126530612244895,-0.023277899711687963,-0.055457799632586104,-0.024556440986844993,-0.023277899711687963,-0.02206703967610836,-0.021874147686858983,0.03358365194572712,0,27
547184,Michael Kelly,ATH,P,13.0,0.035358703932752845,0.13109919458143748,8.489795918367347,0.07515495230794188,0.07515495230794188,21.48979591836735,0.11051365624069473,0.08386517845162991,0.09422179211675952,0.10842084646006106,0.11051365624069473,0.11137511386267623,0.027509935411046314,0,13
687922,Easton Lucas,TOR,P,21.2,0.13718602079234987,1.0483082720924848,56.9802371541502,0.6887227135161964,0.6887227135161964,78.1802371541502,0.8259087343085463,0.8155200245643953,0.8175798872555257,0.8259087343085463,0.828082936362537,0.8488800024326526,0.033359977868257285,4,5
660825,Eduard Bazardo,SEA,P,48.2,0.4251399836148721,0.4251399836148721,33.99368421052632,-0.007200947559444056,-0.007200947559444056,82.19368421052633,0.41793903605542804,0.37662543453846165,0.4155797998200319,0.41793903605542804,0.501076365578543,0.5571309157979922,0.18050548125953064,0,42
608717,Chris Stratton,"KCR, LAD",P,21.0,-0.12638066991951075,-0.2900737281009723,2.864280281973459,0.02238675818922021,0.02238675818922021,23.86428028197346,-0.10399391173029054,-0.13329688680187138,-0.11118674811604862,-0.11080275668637762,-0.1049972242215012,-0.10399391173029054,0.029302975071580833,0,15
682825,Luis Mey,CIN,P,14.1,0.002396327858151234,0.008191702323609183,9.448453608247421,0.048850090290807224,0.048850090290807224,23.54845360824742,0.05124641814895846,0.024281813812077432,0.04493904595283896,0.05124641814895846,0.05340416839725804,0.06991755423685234,0.045635740424774904,0,15
668984,Casey Legumina,SEA,P,35.0,-0.08451641721085479,-0.11639118027323431,24.684210526315788,-0.3266087036172296,-0.3266087036172296,59.68421052631579,-0.4111251208280844,-0.4111251208280844,-0.4040915982169754,-0.40205887240590016,-0.2542171363601394,-0.11227505600725968,0.2988500648208247,1,34
573186,Marcus Stroman,NYY,P,24.1,-0.03705053078300802,-0.24905336045009535,52.39130434782609,0.6779625397094534,0.6779625397094534,76.49130434782609,0.6409120089264454,0.6216699919027038,0.6374512039598396,0.6409120089264454,0.6465816780220016,0.6655947158781172,0.04392472397541347,6,6
605154,John Brebbia,DET,P,18.2,-0.16689306215108848,-0.44199151624628935,12.83578947368421,0.03867724910545596,0.03867724910545596,31.03578947368421,-0.1282158130456325,-0.16280801703772607,-0.13647844209280097,-0.12916242757115742,-0.1282158130456325,-0.12619400808432135,0.0366140089534047,0,19
680742,Jonathan Bowlan,KCR,P,19.0,0.12503444904580238,0.3171926549477724,12.731958762886597,-0.11943155763875249,-0.11943155763875249,31.7319587628866,0.0056028914070498925,-0.04089767038468073,-0.031041612415668357,0.0056028914070498925,0.07304379181597828,0.15739901684918733,0.19829668723386806,0,14
605513,Spencer Turnbull,TOR,P,6.1,-0.0458647532323428,-0.8270693205832309,4.412765957446807,0.11651552320671024,0.11651552320671024,10.512765957446806,0.07065076997436745,0.059816484607253716,0.061664911044185554,0.07065076997436745,0.07705042163166895,0.08782333397180356,0.028006849364549835,1,3
688138,Logan Evans,SEA,P,50.1,0.3165533751034497,1.0235857638075618,73.70882740447958,0.3883112421326119,0.3883112421326119,123.80882740447959,0.7048646172360616,0.6616218812774215,0.6793937709000584,0.7048646172360616,0.7298933793969411,0.7746633953743285,0.11304151409690699,9,9
471911,Carlos Carrasco,NYY,P,32.0,0.11420799903923272,0.5781779951361157,52.173913043478265,0.5865546994749844,0.5865546994749844,84.17391304347827,0.7007626985142171,0.6985836167455791,0.7001343709698182,0.7007626985142171,0.7112345686748861,0.7494409048063315,0.050857288060752404,6,8
625643,Reynaldo López,ATL,P,5.0,-0.026375182704909423,-0.8545559196390653,66.20553359683795,0.8722330805348378,0.8722330805348378,71.20553359683795,0.8458578978299284,0.8425075469515653,0.8431959198816711,0.8458578978299284,0.8494881521592841,0.8558667845809714,0.013359237629406162,1,1
642216,Allan Winans,NYY,P,6.1,-0.07501939349177943,-1.3528087350976619,4.19375,0.11374594336398075,0.11374594336398075,10.29375,0.038726549872201324,0.03090275327418586,0.03512714217380439,0.038726549872201324,0.04400533178298584,0.04766324167096439,0.01676048839677853,1,2
676661,Max Lazar,PHI,P,20.1,0.03090032612964539,0.07409928952482128,13.818750000000001,0.00646514711111542,0.00646514711111542,33.91875,0.03736547324076081,0.009322774217824514,0.03736547324076081,0.039025819108250454,0.04653366298419643,0.053098239053757795,0.04377546483593328,0,15
664199,Taylor Clarke,KCR,P,25.2,0.1541580486977192,0.2948578550488122,16.886597938144327,-0.006382103212960545,-0.006382103212960545,42.08659793814432,0.14777594548475867,0.11692892600798639,0.14777594548475867,0.17982453490591196,0.21821645394913025,0.22162043350568178,0.1046915074976954,0,23
665625,Elvis Peguero,MIL,P,7.1,-0.0368076513540223,-0.24987729510758805,5.0073684210526315,0.09968258260889591,0.09968258260889591,12.10736842105263,0.06287493125487362,0.05636677200595711,0.06082329315158753,0.06259312183665872,0.06287493125487362,0.06426507326450207,0.007898301258544946,0,6
686993,Justin Sterner,ATH,P,34.1,0.2210787076524554,0.31249248413045017,22.26938775510204,-0.0673466303800583,-0.0673466303800583,56.36938775510204,0.15373207727239713,0.14860584383140785,0.151982451452156,0.15373207727239713,0.2037581651606942,0.2448972521725254,0.09629140834111755,1,34
681892,Kody Funderburk,MIN,P,13.0,-0.027772396835148736,-0.10297150211185917,9.891304347826088,0.06523809194853963,0.06523809194853963,22.891304347826086,0.0374656951133909,0.01650464004323871,0.031866484296950506,0.033527390364716206,0.0374656951133909,0.037474635331343584,0.02096999528810487,0,10
683627,Anthony Molina,COL,P,8.2,-0.06354413663808783,-0.3735155348726627,5.931914893617021,0.06607532659945153,0.06607532659945153,14.13191489361702,0.0025311899613637,-0.02596570620292568,-0.008484865827941557,0.0025311899613637,0.011621853451034586,0.0284242650738845,0.05438997127681018,0,5
805123,AJ Blubaugh,HOU,P,4.0,0.06305735600031595,2.5538229180127963,54.54545454545455,0.8803200708288853,0.8803200708288853,58.54545454545455,0.9433774268292012,0.9379284477281501,0.940105423287219,0.9433774268292012,0.9461665610674069,0.9528475331481452,0.014919085419995093,1,1
543518,Scott McGough,ARI,P,7.0,-0.09069855158969778,-0.6245243123747762,4.8125,0.10893039338069224,0.10893039338069224,11.8125,0.018231841790994463,-0.044924425493358275,-0.012659255570421496,0.018231841790994463,0.019703573669500984,0.023995138815345568,0.06891956430870384,0,7
657240,Julian Merryweather,CHC,P,18.2,-0.13284321748385217,-0.3518155539956965,12.83578947368421,0.010731259003307014,0.010731259003307014,31.03578947368421,-0.12211195848054515,-0.13558687822766377,-0.12211195848054515,-0.12100171211854482,-0.09114994508671656,-0.03949134123528694,0.09609553699237683,0,21
628317,Kenta Maeda,DET,P,8.0,-0.07758346032786274,-0.467440348475373,5.6421052631578945,0.08906060799735047,0.08906060799735047,13.642105263157895,0.011477147669487722,-0.024357547890142148,-0.0049676715817649625,0.011477147669487722,0.02504548269729756,0.046703623192276014,0.07106117108241816,0,7
664351,Luis Contreras,HOU,P,9.0,-0.14354355178825826,-0.7687554662437831,6.67741935483871,0.061869086128180456,0.061869086128180456,15.67741935483871,-0.0816744656600778,-0.10541299604513159,-0.09751050037701,-0.08547070881241704,-0.0816744656600778,-0.0553847490268716,0.05002824701825999,0,7
681867,Cooper Criswell,BOS,P,10.2,-0.03796118595140729,-0.17938521204488544,6.835051546391752,0.1063342016614964,0.1063342016614964,17.035051546391752,0.06837301571008911,0.004721187125883201,0.03629407119118661,0.05758605832846687,0.06837301571008911,0.0822499412091873,0.07752875408330409,0,6
605182,Mike Clevinger,CHW,P,5.2,-0.035018487778065925,-0.32459444440438034,3.8580645161290326,0.11155101832965511,0.11155101832965511,9.058064516129033,0.07653253055158918,0.046495533483513644,0.05350664863243627,0.07653253055158918,0.08481904897889006,0.09865699281386422,0.05216145933035059,0,8
622253,Dillon Tate,TOR,P,5.1,-0.032570065624709967,-0.3078190515903962,3.68936170212766,0.10414454625705394,0.10414454625705394,8.78936170212766,0.07157448063234398,0.06991137263947692,0.06996548022548613,0.07157448063234398,0.07219520822639894,0.08360003677196293,0.013688664132486025,0,5
676272,Bobby Miller,LAD,P,5.0,-0.056909134330212406,-1.252000955264673,3.526315789473684,0.11632479207891898,0.11632479207891898,8.526315789473685,0.05941565774870657,0.0552604942278652,0.056642450864923206,0.05941565774870657,0.06630649545201464,0.0750089516288967,0.01974845740103151,1,2
669920,Jason Alexander,"ATH, HOU",P,15.0,-0.17032589727969866,-1.2490565800511235,52.751612902985244,0.06610901140879824,0.06610901140879824,67.75161290298524,-0.10421688587090042,-0.14897628769863927,-0.12365939669181661,-0.10421688587090042,-0.09382294735284094,-0.07305382106163866,0.07592246663700061,1,6
673513,Yuki Matsui,SDP,P,35.2,-0.04242905145015464,-0.058098871587995836,24.200000000000003,-0.05995599961447306,-0.05995599961447306,59.400000000000006,-0.1023850510646277,-0.1401858779840758,-0.11868531577530478,-0.1023850510646277,-0.08354082026958703,-0.08054263043277202,0.059643247551303784,0,39
681799,Ethan Roberts,CHC,P,8.1,-0.04138739067587298,-0.2462805222934664,5.712631578947368,0.06570533622281527,0.06570533622281527,13.812631578947368,0.02431794554694229,-0.0112078816443872,0.01649652625324354,0.02431794554694229,0.03225067499639324,0.04864560144143873,0.05985348308582593,0,9
682610,Roddery Muñoz,STL,P,6.2,-0.08459960872082663,-0.6576937323135232,4.837362637362638,0.06054637513256525,0.06054637513256525,11.037362637362637,-0.024053233588261377,-0.041641948300817785,-0.03452799383867154,-0.024053233588261377,-0.004300276741645792,0.024447478259337185,0.06608942656015497,0,6
663947,Tyler Holton,DET,P,47.1,0.536995881207398,1.254130508127681,33.217894736842105,-0.0015769042103198003,-0.0015769042103198003,80.3178947368421,0.5354189769970783,0.5131260366065737,0.5214321669107854,0.5354189769970783,0.5377506601053701,0.5632905156903516,0.05016447908377776,5,40
663969,Tyler Phillips,MIA,P,46.1,0.34893301750340855,0.3648280139623491,35.96813186813187,-0.11387102825214328,-0.11387102825214328,82.06813186813187,0.23506198925126526,0.23506198925126526,0.2401972988888465,0.24367734420181134,0.32425261723044263,0.3616070947595758,0.12654510550831055,0,33
682171,Penn Murfee,CHW,P,12.2,-0.12179548445393915,-0.48119199595736617,9.051612903225806,0.054597616072240916,0.054597616072240916,21.251612903225805,-0.06719786838169822,-0.0949637240017423,-0.06956813369992337,-0.06719786838169822,-0.06515127937454701,-0.0595260852926032,0.035437638709139095,0,15
608665,Kendall Graveman,ARI,P,10.1,-0.1286861055011469,-0.6141257708074536,6.94375,0.07000127713035258,0.07000127713035258,17.04375,-0.05868482837079432,-0.07285275141253184,-0.06705293791401262,-0.05868482837079432,-0.05829977686668189,-0.046431421595957506,0.02642132981657433,0,11
663399,Brandon Waddell,NYM,P,23.1,0.1107134786942929,0.5272070414013947,15.479381443298971,0.03398666457758938,0.03398666457758938,38.57938144329897,0.1447001432718823,0.13479599997115665,0.1387721708056593,0.1447001432718823,0.15172759344115522,0.186282322987897,0.05148632301674032,1,9
489119,Wade Miley,CIN,P,12.0,-0.0857397953049454,-0.7859481236286662,8.041237113402062,0.0904350591813638,0.0904350591813638,20.04123711340206,0.004695263876418401,-0.02111163939661538,-0.0037369223586071754,0.004695263876418401,0.013854309235677001,0.022974830735316212,0.04408647013193159,2,3
621053,Tyler Ferguson,ATH,P,35.0,-0.008034494683976103,-0.011064646964789947,22.857142857142858,-0.044348562386322676,-0.044348562386322676,57.85714285714286,-0.05238305707029878,-0.09760624842157962,-0.05765694105283338,-0.05238305707029878,-0.018596625863548537,-0.018427460505955652,0.07917878791562397,0,36
612434,Miguel Castro,CHW,P,6.0,-0.08110331030333826,-0.651529926103484,4.451612903225806,0.09227913067189938,0.09227913067189938,10.451612903225806,0.011175820368561129,0.0029834247737029612,0.00444345324791337,0.011175820368561129,0.016746654211582696,0.02500354575690386,0.0220201209832009,0,6
701121,Logan VanWey,HOU,P,8.2,-0.06623553484852353,-0.38933570484132124,6.083870967741935,0.049746247683938837,0.049746247683938837,14.283870967741933,-0.01648928716458469,-0.035185941864235765,-0.023288646412294015,-0.01648928716458469,-0.007411188477377845,0.02807018275253674,0.0632561246167725,0,7
687330,Kevin Kelly,TBR,P,21.2,0.012914853683341653,0.02936301639325791,16.54065934065934,-0.048024348095659156,-0.048024348095659156,37.740659340659334,-0.035109494412317505,-0.10273240023201882,-0.08240468925920341,-0.035109494412317505,-0.024532958615357578,0.00914509088506433,0.11187749111708314,0,22
664062,Tony Gonsolin,LAD,P,36.0,0.33654529272185063,1.514453817248328,68.09712027103332,0.5509886702363767,0.5509886702363767,104.09712027103332,0.8875339629582273,0.8430746957980637,0.8654178633525826,0.8875339629582273,0.8984425584183277,0.9369057710088644,0.0938310752108007,7,7
666120,Ian Anderson,LAA,P,9.1,-0.1661690838380624,-0.8801483341752318,6.582978723404255,0.08213708057267902,0.08213708057267902,15.682978723404254,-0.08403200326538338,-0.12776633300103327,-0.11835825302682787,-0.08403200326538338,-0.07125148688138377,-0.047207004198276684,0.08055932880275658,0,7
571771,Enrique Hernández,LAD,P,5.1,-0.12671564070051441,-1.197587035640156,3.596842105263158,0.08480578156668746,0.08480578156668746,8.696842105263158,-0.04190985913382696,-0.05496821407617977,-0.05315217485436566,-0.04190985913382696,-0.03045740481044007,-0.0059715879442376885,0.048996626131942084,0,5
570632,José Ureña,"LAA, TOR, MIN, LAD, NYM",P,18.1,-0.0365080813964036,-0.22187231787869593,1.8620526908841024,0.07090609899587748,0.07090609899587748,19.962052690884104,0.034398017599473876,0.02282288893227099,0.025644284270197923,0.034398017599473876,0.040415256316786774,0.052981704026554444,0.030158815094283455,2,9
693821,Bryce Elder,ATL,P,79.2,0.543260780408701,1.111215232654161,58.96,0.08113926208089078,0.08113926208089078,138.16,0.6244000424895917,0.6132171853777112,0.6166835868837643,0.6244000424895917,0.6491830850036822,0.7391302009725776,0.12591301559486645,15,15
621121,Lance McCullers Jr.,HOU,P,41.2,0.07851486909582665,0.30872351440592033,47.38,0.44970297396789793,0.44970297396789793,88.58000000000001,0.5282178430637245,0.5094407803730511,0.5252246393459441,0.5282178430637245,0.5609171443945541,0.6623324349067092,0.15289165453365822,10,10
663362,Matt Waldron,SDP,P,4.2,-0.1199174955594701,-4.625389114436703,54.78260869565218,0.873832588683287,0.873832588683287,58.98260869565218,0.7539150931238169,0.7488134983376473,0.7521751562622715,0.7539150931238169,0.7603876055720901,0.7659806218388249,0.01716712350117755,1,1
696270,Ryan Johnson,LAA,P,14.2,-0.06670862724711075,-0.22643350938808018,10.272340425531914,0.005170072801610789,0.005170072801610789,24.47234042553191,-0.061538554445499966,-0.09610994852309304,-0.07565854569749239,-0.06185990875087745,-0.061538554445499966,-0.014859128565243754,0.08125081995784929,0,14
684974,Craig Yoho,MIL,P,7.0,-0.1097551570293972,-0.7557426526881351,4.936842105263158,0.05803773204556463,0.05803773204556463,11.936842105263157,-0.05171742498383257,-0.06663430291309047,-0.06622658468967332,-0.05171742498383257,-0.03653287418015809,-0.0049081493040679935,0.06172615360902248,0,6
669371,Cole Henry,WSN,P,33.0,0.02724804023975432,0.03979865271382298,22.6875,-0.1105466425386299,-0.1105466425386299,55.6875,-0.08329860229887559,-0.11146185358767738,-0.08329860229887559,-0.08195244948033881,-0.03511944446695881,0.04548427841793891,0.1569461320056163,0,34
656186,Dan Altavilla,CHW,P,20.1,0.08947483731499888,0.214561550178256,14.912903225806451,-0.0007955675120258007,-0.0007955675120258007,35.012903225806454,0.08867926980297308,0.04946381385169878,0.08688671731138586,0.08867926980297308,0.09112067136475405,0.10176304681512316,0.05229923296342438,0,18
666215,Forrest Whitley,"TBR, HOU",P,12.0,-0.2853216596479219,-1.1460419995858198,5.2645466985039135,0.024115358302974454,0.024115358302974454,17.264546698503914,-0.26120630134494743,-0.29549404537162716,-0.29307284225434094,-0.26120630134494743,-0.25965684497068375,-0.2190766928315463,0.07641735254008082,0,10
700187,Troy Taylor,SEA,P,6.2,-0.1288556797000243,-1.001748993796963,4.372631578947368,0.11261513682585148,0.11261513682585148,10.57263157894737,-0.016240542874172814,-0.09921619089311652,-0.03790477559993767,-0.016240542874172814,-0.013724829541321912,-0.009163203239493045,0.09005298765362348,0,8
687064,Brandon Young,BAL,P,26.1,0.0509716580112359,0.3163758083456021,63.61660079051384,0.566330479772685,0.566330479772685,89.71660079051384,0.617302137783921,0.6050386352458691,0.6164801351326034,0.617302137783921,0.6507425294224357,0.6929677274541164,0.0879290922082473,6,6
693312,Kyle Nicolas,PIT,P,12.0,-0.10348644914540885,-0.4156705707340589,9.362637362637361,-0.009946100728883397,-0.009946100728883397,21.36263736263736,-0.11343254987429224,-0.17140438754774823,-0.1308810781691926,-0.11343254987429224,-0.08439597402012558,-0.04701389578105193,0.12439049176669631,0,10
678821,Luis Peralta,COL,P,8.1,-0.12562743167303944,-0.7475607662519137,5.859574468085106,0.06864811700240273,0.06864811700240273,13.959574468085105,-0.056979314670636716,-0.06851385284556315,-0.0669857842818851,-0.056979314670636716,-0.05092983404556867,-0.035166073868011904,0.03334777897755124,0,9
614179,José Ruiz,"PHI, ATL",P,16.1,-0.18824403288933453,-0.5635628810724176,1.2719056261343011,-0.0028357510726479684,-0.0028357510726479684,17.371905626134303,-0.1910797839619825,-0.21247599769081355,-0.1910797839619825,-0.18318131636051638,-0.16458390023816755,-0.15849164084625078,0.05398435684456278,0,18
663546,Sean Hjelle,SFG,P,12.0,-0.08855643793974852,-0.8117673477810281,8.25,0.08981434142370655,0.08981434142370655,20.25,0.001257903483958031,-0.003771525866246961,-0.002920288968878762,0.001257903483958031,0.008135402872331388,0.013465076315293742,0.017236602181540703,1,9
672456,Keider Montero,DET,P,65.0,0.13872128899984507,0.23475910446127624,45.8421052631579,-0.030689847759233637,-0.030689847759233637,110.84210526315789,0.10803144124061143,0.04095421511469405,0.09139195718550268,0.10803144124061143,0.129961442610772,0.17453452911029488,0.13358031399560083,7,13
621363,Colin Poche,"WSN, NYM",P,9.1,-0.21256254359486515,-1.1258807254145606,0.4177573872486259,0.057489367267967564,0.057489367267967564,9.517757387248626,-0.1550731763268976,-0.16452868555953548,-0.1630278452644876,-0.1550731763268976,-0.15196621709616234,-0.13176299541834002,0.032765690141195444,0,14
687424,Anthony Maldonado,ATH,P,6.0,-0.14648801408751372,-1.176787046503027,3.9183673469387754,0.06668604202482017,0.06668604202482017,9.918367346938776,-0.07980197206269354,-0.11031092974925572,-0.09322220422509392,-0.07980197206269354,-0.05905439571289384,-0.038332561427606646,0.07197836832164907,0,6
672391,Kaleb Ort,HOU,P,26.2,-0.07536993976394463,-0.1386576754435928,19.438709677419354,-0.10006519776516713,-0.10006519776516713,45.63870967741936,-0.17543513752911177,-0.24369251724749547,-0.20627172720843553,-0.17543513752911177,-0.13463761425801418,-0.08529484936419303,0.15839766788330242,0,29
592454,Tommy Kahnle,DET,P,38.0,0.24362463077902152,0.30901861061970626,26.799999999999997,-0.037875371868028335,-0.037875371868028335,64.8,0.2057492589109932,0.16556617943853918,0.19149153550628412,0.2057492589109932,0.22075287019050882,0.24050499691631752,0.07493881747777834,0,40
702795,Ryan Loutos,"WSN, LAD",P,10.1,-0.200031244864407,-0.9546045546994473,1.481052631578947,0.0015795552602094753,0.0015795552602094753,11.581052631578947,-0.1984516896041975,-0.2277416165365681,-0.22492665274505108,-0.1984516896041975,-0.16620858195622823,-0.12074476315778555,0.10699685337878255,0,10
663738,Daniel Lynch IV,KCR,P,41.2,0.057245340496630534,0.06697149058100951,27.608247422680414,-0.052527092522129476,-0.052527092522129476,68.80824742268041,0.004718247974501058,-0.027105091808623652,0.00170502197696,0.004718247974501058,0.007442393107981962,0.029976255579627062,0.057081347388250714,2,39
605452,Joe Ross,PHI,P,41.2,-0.17474273742088484,-0.20443203746812255,28.325000000000003,-0.05982370447024206,-0.05982370447024206,69.525,-0.2345664418911269,-0.2631403425512787,-0.25123198964041527,-0.2345664418911269,-0.23267181445176716,-0.19259970806142615,0.07054063448985254,1,29
801403,Chase Dollander,COL,P,68.2,0.049998756935189716,0.11876537571115445,51.52888888888889,0.12594078343212498,0.12594078343212498,119.72888888888889,0.17593954036731468,0.11236509967492922,0.13203407853780275,0.17593954036731468,0.23102913137591793,0.3737815831205838,0.26141648344565455,15,15
808963,Roki Sasaki,LAD,P,34.1,-0.003329334833001888,-0.015816781318073486,56.44021739130435,0.48890842348590696,0.48890842348590696,90.54021739130435,0.48557908865290506,0.4692897616785874,0.48118821832211733,0.48557908865290506,0.5342323715426173,0.5892687957807863,0.1199790341021989,8,8
685801,Hunter Bigge,TBR,P,15.0,0.0616100490211638,0.19797362418800635,11.7032967032967,0.011849026592419154,0.011849026592419154,26.7032967032967,0.07345907561358295,0.062045487786274965,0.0727067057766863,0.07345907561358295,0.08037336607558743,0.0999910903014897,0.037945602515214734,0,13
592155,Cam Booser,CHW,P,24.2,-0.061786785813498474,-0.12306293703349697,17.954838709677418,-0.06786330169614582,-0.06786330169614582,42.15483870967742,-0.1296500875096443,-0.17843812080454086,-0.13636579567025447,-0.1296500875096443,-0.10100471147709947,-0.08390056350895311,0.09453755729558774,0,30
672335,Cionel Pérez,BAL,P,21.2,-0.23263007689777684,-0.5289042314373984,17.827272727272724,-0.038893123416523775,-0.038893123416523775,39.027272727272724,-0.2715232003143006,-0.289526992753707,-0.2715232003143006,-0.2626235480209039,-0.25936152914270566,-0.24530808483608743,0.044218907917619586,0,19
663941,Tristan Beck,SFG,P,13.1,-0.11577760778897993,-0.42599089278082697,9.00625,0.0324509776346984,0.0324509776346984,22.10625,-0.08332663015428153,-0.10357991811232561,-0.10036900868162588,-0.08332663015428153,-0.07375160437542827,-0.059878133219860956,0.04370178489246466,0,8
620454,José Castillo,"NYM, BAL, ARI, SEA",P,17.2,-0.06854229370810891,-0.19207782306574708,2.2007460566356705,0.012384310113072693,0.012384310113072693,19.40074605663567,-0.056157983595036216,-0.07078773535178134,-0.05817956324546631,-0.056157983595036216,-0.05115217412687269,-0.04141794045380924,0.02936979489797211,0,18
663878,Nate Pearson,CHC,P,10.2,-0.23243347635627243,-1.0983621137619934,7.193684210526317,0.04708177144105377,0.04708177144105377,17.393684210526317,-0.18535170491521866,-0.21531719242869035,-0.21374153719961614,-0.18535170491521866,-0.17427720044149536,-0.16047444656100657,0.054842745867683784,0,9
666619,Gregory Santos,SEA,P,7.0,-0.03870647839644042,-0.2665217512440612,4.936842105263158,0.07535774007867985,0.07535774007867985,11.936842105263157,0.03665126168223943,0.02811658354856606,0.02868115654106671,0.03665126168223943,0.04505288939569627,0.06101498967150774,0.032898406122941676,0,8
543101,Anthony DeSclafani,ARI,P,16.1,0.085733365718128,0.5857559148443526,11.068750000000001,0.07138845753547285,0.07138845753547285,27.168750000000003,0.15712182325360086,0.1448569669750813,0.14691612136515914,0.15712182325360086,0.17202001615032908,0.1818433563965925,0.03698638942151119,1,6
801434,Paul Gervase,TBR,P,6.1,-0.06131298450512134,-0.48447309067981126,4.759340659340659,0.06298428476759367,0.06298428476759367,10.85934065934066,0.0016713002624723292,-0.011695265202861342,-0.0059060073504546215,0.0016713002624723292,0.020795824539311787,0.05001383459973969,0.06170909980260103,0,5
683409,Angel Chivilli,COL,P,35.0,-0.2531570853077329,-0.3486334717666493,25.31914893617021,-0.23149626221909878,-0.23149626221909878,60.31914893617021,-0.48465334752683165,-0.6283923372550233,-0.6219960576953066,-0.48465334752683165,-0.40105052349066184,-0.2785478002371183,0.3498445370179051,0,25
690953,Mick Abel,PHI,P,25.0,0.12711722198000433,0.8237195984304282,54.34782608695653,0.6146859298205465,0.6146859298205465,79.34782608695653,0.7418031518005508,0.7271312655276768,0.7366881981698095,0.7418031518005508,0.7688843269471445,0.8039926703601344,0.07686140483245762,6,6
670955,Edwin Uceta,TBR,P,40.2,0.2801368627712737,0.33588549217849234,31.364835164835167,-0.058463092540309826,-0.058463092540309826,71.56483516483517,0.22167377023096388,0.1861818553855073,0.22167377023096388,0.2241778919182324,0.23716556942766276,0.27152957242385306,0.08534771703834575,0,41
657024,Erik Swanson,TOR,P,5.1,-0.14119586461161143,-1.3344393478979748,3.689361702127659,0.09066284556481227,0.09066284556481227,8.789361702127659,-0.05053301904679916,-0.06074814010533,-0.05861102324855394,-0.05053301904679916,-0.04082466143753395,-0.026999532540586568,0.03374860756474343,0,6
669674,Sam Long,KCR,P,14.2,-0.22129347623407297,-0.7511510953860788,9.515463917525773,0.006412429566901384,0.006412429566901384,23.715463917525774,-0.2148810466671716,-0.2335311823923966,-0.2148810466671716,-0.21335361186346452,-0.189543993195034,-0.17357533184791352,0.059955850544483075,0,15
606996,Kyle Hart,SDP,P,29.1,0.09842853272404115,0.5479526564018785,54.22360248447206,0.5555362537646376,0.5555362537646376,83.32360248447206,0.6539647864886787,0.6392867243151498,0.6539647864886787,0.6567523184162838,0.6945937305426393,0.7394815903343501,0.10019486601920036,6,7
663992,Richard Lovelady,"TOR, NYM",P,8.1,-0.10741486959912629,-0.6391847795898626,6.701027716378564,0.056828803101695885,0.056828803101695885,14.801027716378563,-0.0505860664974304,-0.05672553435489074,-0.05293467837533432,-0.0505860664974304,-0.03891135449736857,-0.019395352654056966,0.03733018170083378,0,8
600917,José Leclerc,ATH,P,9.0,-0.0828386559991659,-0.4436470243510885,5.877551020408164,0.06871472002399392,0.06871472002399392,14.877551020408163,-0.014123935975171975,-0.021337284982433688,-0.014123935975171975,-0.011518978467872532,-0.004221318571642596,0.00677244653433369,0.028109731516767378,0,10
672782,Yoendrys Gómez,"CHW, NYY, LAD",P,17.2,-0.1755252476296745,-0.49187889161339027,3.7700412155534035,-0.07033103308824304,-0.07033103308824304,20.9700412155534,-0.24585628071791754,-0.28530065948369543,-0.2696705203437054,-0.24585628071791754,-0.22012292157398503,-0.146047698012719,0.13925296147097643,0,12
685107,Anthony Veneziano,MIA,P,21.0,-0.031218456520903753,-0.07165379068131243,16.384615384615387,-0.04790176411648779,-0.04790176411648779,37.38461538461539,-0.07912022063739155,-0.09273444365285559,-0.07912022063739155,-0.07376789254445398,-0.055132801294347264,-0.0390441395590649,0.05369030409379069,1,24
671305,Michel Otañez,ATH,P,5.1,-0.10670605023573689,-1.0084767885024546,3.330612244897959,0.08795348113115264,0.08795348113115264,8.430612244897958,-0.01875256910458424,-0.028622231578726468,-0.023657876783066148,-0.01875256910458424,-0.008443377223827611,0.009411507739450292,0.03803373931817676,0,6
607455,Anthony Banda,LAD,P,41.1,0.13609906618382347,0.15961009708175894,28.98631578947369,-0.03958784971380011,-0.03958784971380011,70.08631578947369,0.09651121647002336,0.06261976209411806,0.09163748337385474,0.09651121647002336,0.12546185376506935,0.13805119758787643,0.07543143549375837,0,43
687134,Bradley Blalock,COL,P,21.2,-0.26647656213361376,-1.3826614072970524,15.336170212765955,0.04927462255895331,0.04927462255895331,36.53617021276595,-0.21720193957466044,-0.3265609487698006,-0.27861330010790125,-0.21720193957466044,-0.20127431128544088,-0.17742263130969257,0.14913831746010797,4,6
802419,Thomas Harrington,PIT,P,8.0,-0.09951187618451038,-1.3682882975370179,6.241758241758243,0.09259096700364013,0.09259096700364013,14.241758241758243,-0.006920909180870252,-0.016325723069037318,-0.011114699295542652,-0.006920909180870252,0.0003538546109931595,0.01788254918555135,0.03420827225458867,1,2
678020,Seth Halvorsen,COL,P,35.2,0.1292140421289451,0.17693513723338505,25.463829787234044,-0.08427085400856336,-0.08427085400856336,60.66382978723405,0.04494318812038174,0.016004950309579644,0.03828970699258931,0.04494318812038174,0.07698237185519874,0.09236395864433916,0.07635900833475953,0,37
669212,Eli Morgan,CHC,P,7.1,-0.14058906519137268,-0.954421541158333,5.0073684210526315,0.07573361244650384,0.07573361244650384,12.10736842105263,-0.06485545274486884,-0.0769570924664991,-0.06485545274486884,-0.06291610659099635,-0.0606163779255966,-0.042457286697739516,0.03449980576875958,0,7
605463,Tayler Scott,"HOU, ARI",P,25.2,-0.2114292638224377,-0.4044004173111706,6.186269176039105,-0.14358619928586064,-0.14358619928586064,31.386269176039104,-0.35501546310829835,-0.406048873759336,-0.35501546310829835,-0.3419789042719351,-0.3101648009643716,-0.25853544442653803,0.14751342933279799,0,23
680729,Garrett McDaniels,LAA,P,10.2,-0.11114306799091876,-0.5252054781531652,7.37872340425532,-0.004901263295125469,-0.004901263295125469,17.57872340425532,-0.11604433128604423,-0.1432547159359775,-0.12959666368882503,-0.11604433128604423,-0.0754665153385995,-0.03152359306973014,0.11173112286624735,0,10
681676,Ryan Fernandez,STL,P,8.2,-0.14872781877658262,-0.8742293737843029,6.397802197802197,0.024405567302504316,0.024405567302504316,14.597802197802196,-0.1243222514740783,-0.16490638989487724,-0.1392536403196396,-0.1243222514740783,-0.0933731653248992,-0.06369837790175983,0.10120801199311741,0,11
695534,Chase Petty,CIN,P,6.0,-0.24914013102155497,-4.567569068728508,4.020618556701031,0.10579433370639786,0.10579433370639786,10.02061855670103,-0.14334579731515712,-0.14969898581704363,-0.1496368499410507,-0.14334579731515712,-0.13667294459741847,-0.1243088547246446,0.02539013109239903,2,3
689017,Landon Knack,LAD,P,38.2,0.11586887756607939,0.4913811038142633,56.20114185331577,0.47432492234053164,0.47432492234053164,94.40114185331578,0.590193799906611,0.5868498827259337,0.5900135286717163,0.590193799906611,0.6178451845286268,0.649781730443951,0.06293184771801735,7,9
694918,Blade Tidwell,NYM,P,15.0,-0.2527229913707509,-1.85330193671884,10.051546391752577,0.042579792457947324,0.042579792457947324,25.051546391752577,-0.21014319891280356,-0.22270010267944335,-0.22108194821973767,-0.21014319891280356,-0.18482825848352058,-0.15303039366315593,0.06966970901628743,2,4
641312,Shaun Anderson,LAA,P,10.2,-0.09302051020270434,-0.4395675089970931,7.378723404255318,0.050554719899411335,0.050554719899411335,17.578723404255317,-0.042465790303293005,-0.05636778932759999,-0.05167901972718907,-0.042465790303293005,-0.03826131747204869,-0.021099369305790275,0.035268420021809715,0,6
650893,Génesis Cabrera,"MIN, PIT, CHC, NYM",P,23.1,-0.14626951593459792,-0.3052030592228407,4.824286692807235,-0.07256423517753141,-0.07256423517753141,27.924286692807236,-0.21883375111212933,-0.23337505442613637,-0.21883375111212933,-0.21020757703998588,-0.19892038061738757,-0.1678814112243037,0.06549364320183267,0,20
672841,Carlos Vargas,SEA,P,44.2,0.06713056058075871,0.07320572443422103,31.17263157894737,-0.14660456754054685,-0.14660456754054685,75.37263157894738,-0.07947400695978814,-0.08878324881123432,-0.08590227302139881,-0.07947400695978814,-0.02975912186758653,0.06134475248391167,0.150128001295146,0,42
621107,Zach Eflin,BAL,P,62.0,0.10995457255295235,0.28730065731577875,63.72222222222223,0.16606944505962062,0.16606944505962062,125.72222222222223,0.276024017612573,0.23710020228349463,0.2488430507898091,0.276024017612573,0.3140399505542858,0.5093473656680381,0.2722471633845434,12,12
663767,Chase Shugart,PIT,P,39.0,0.033786102489004,0.041756157435128026,30.428571428571434,-0.14545738400715683,-0.14545738400715683,69.42857142857143,-0.11167128151815282,-0.1892591250397812,-0.1714824779004092,-0.11167128151815282,-0.06477835312359531,0.02158168879993315,0.21084081383971434,0,32
694350,Zach Brzykcy,WSN,P,20.2,-0.20955961905892323,-0.5000382989425792,13.8875,-0.11671320674513946,-0.11671320674513946,34.0875,-0.3262728258040627,-0.3262728258040627,-0.32608035452565554,-0.32265507909154,-0.28354122077820665,-0.19883379641304028,0.12743902939102242,0,23
669020,Ryan Rolison,COL,P,26.0,-0.27801280145606083,-0.5153929626993128,18.808510638297875,-0.17374024896838333,-0.17374024896838333,44.808510638297875,-0.45175305042444414,-0.5501166796687522,-0.4983209570059066,-0.45175305042444414,-0.40648435163810015,-0.3095696977898441,0.24054698187890808,1,20
656557,Tanner Houck,BOS,P,43.2,-0.14905187951550658,-0.5589445481831496,61.66007905138341,0.4473393843939391,0.4473393843939391,104.86007905138342,0.29828750487843253,0.26820674365344266,0.28688331144757145,0.29828750487843253,0.33017225439620507,0.3919605115166044,0.12375376786316172,9,9
694646,Chayce McDermott,BAL,P,7.2,-0.1183286472511976,-1.807798777448852,6.054545454545455,0.08996588590580329,0.08996588590580329,13.254545454545454,-0.02836276134539431,-0.03936983612628822,-0.034802372127195974,-0.02836276134539431,-0.015544711101412964,0.0007974888962691828,0.040167325022557404,1,2
688642,Zach Agnos,COL,P,27.0,-0.07028563060758077,-0.12547286649205158,19.53191489361702,-0.17350728538967547,-0.17350728538967547,46.53191489361702,-0.24379291599725622,-0.29953203393338224,-0.2642439323695335,-0.24379291599725622,-0.20415433759587742,-0.10516105400049897,0.1943709799328833,0,24
592426,Luke Jackson,TEX,P,32.1,-0.032955159946182595,-0.04948407194411218,22.06875,-0.11121378220743637,-0.11121378220743637,54.16875,-0.14416894215361897,-0.14416894215361897,-0.13613906349194294,-0.1299920682809074,-0.10551145892534664,-0.06892140416814399,0.07524753798547498,0,37
683155,Joey Estes,ATH,P,7.0,-0.2387406791426784,-5.5251414315877,44.26877470355732,0.8354768514765865,0.8354768514765865,51.26877470355732,0.5967361723339081,0.5870236680532327,0.5882527607225475,0.5967361723339081,0.6085411921088241,0.6194902549155202,0.03246658686228754,2,2
663562,Noah Davis,LAD,P,6.0,-0.12746114197764613,-1.0239378405537574,4.231578947368421,0.11324321810360954,0.11324321810360954,10.23157894736842,-0.014217923874036587,-0.0734820580659669,-0.03347903382977167,-0.014217923874036587,-0.011696783144361358,-0.005131442188350932,0.06835061587761597,0,5
682120,Tim Herrin,CLE,P,29.1,-0.0788989574755157,-0.13068487114501226,22.14130434782609,-0.12277497048547187,-0.12277497048547187,51.24130434782609,-0.20167392796098757,-0.21489511805707787,-0.21024255487899526,-0.20167392796098757,-0.1812251580104436,-0.14030643412509286,0.074588683931985,0,37
676106,Emerson Hancock,SEA,P,77.1,0.16189189110325836,0.3401619501780526,57.39666666666666,0.03387320364935631,0.03387320364935631,134.49666666666667,0.19576509475261467,0.10006010987555858,0.15232475784505137,0.19576509475261467,0.27931314425860637,0.3668151622938347,0.26675505241827613,15,15
667463,John King,STL,P,34.2,-0.207118150253369,-0.29190335795942646,26.683516483516485,-0.13822805569019064,-0.13822805569019064,60.88351648351649,-0.34534620594355964,-0.34586576955291126,-0.34534620594355964,-0.33655703887573163,-0.2914594185997468,-0.26122594840723257,0.0846398211456787,0,36
687223,Carson Palmquist,COL,P,30.2,-0.25579218551232147,-1.3721302666554993,57.9785431959345,0.5280303734688113,0.5280303734688113,88.1785431959345,0.27223818795648985,0.25380472550270167,0.26069682070077854,0.27223818795648985,0.3194694858397889,0.36898960790088137,0.1151848823981797,7,7
660730,Elvin Rodríguez,MIL,P,18.2,-0.14648599828688819,-0.8853549347009726,12.83578947368421,0.026947305341536457,0.026947305341536457,31.03578947368421,-0.11953869294535173,-0.13839603595400135,-0.12780084885899792,-0.11953869294535173,-0.0959499697390333,-0.05853759240036639,0.07985844355363494,2,6
647315,Zach Pop,"SEA, NYM",P,6.2,-0.105717720600136,-0.8218700214397671,0.8481217175418427,0.0522141289049729,0.0522141289049729,7.048121717541843,-0.0535035916951631,-0.09100317074266925,-0.06308677344148782,-0.0535035916951631,-0.029796918869623157,8.290737921096136e-05,0.09108607812188022,0,5
680684,Gunnar Hoglund,ATH,P,32.1,0.006810356633675684,0.03437002413256887,67.66798418972334,0.5245675484603448,0.5245675484603448,99.76798418972334,0.5313779050940205,0.5152927176058838,0.5308246260095135,0.5313779050940205,0.5757177603229331,0.6252802208608585,0.10998750325497475,6,6
666277,George Soriano,MIA,P,20.1,-0.21586948847094656,-0.517657181308439,15.682417582417584,-0.1511083471432477,-0.1511083471432477,35.78241758241759,-0.3669778356141943,-0.42930175885404587,-0.3746537658142441,-0.3669778356141943,-0.30134698589095776,-0.22786036724096992,0.20144139161307595,0,12
687863,Porter Hodge,CHC,P,23.2,-0.15062914283503218,-0.31294502951071346,16.362105263157893,-0.10428100641857822,-0.10428100641857822,39.56210526315789,-0.2549101492536104,-0.28187098319954196,-0.271620473448172,-0.2549101492536104,-0.23295184721506673,-0.17585219964134735,0.10601878355819463,0,26
641482,Nestor Cortes,MIL,P,8.0,-0.1284745586246219,-2.6016098121485935,52.96442687747036,0.8256537618635789,0.8256537618635789,60.96442687747036,0.697179203238957,0.6883442919126178,0.6907005037858328,0.697179203238957,0.7070898597183429,0.7242264671198074,0.035882175207189615,2,2
608371,Lucas Sims,WSN,P,12.1,-0.2536628526348924,-1.0104586361158525,8.31875,0.01843059044599231,0.01843059044599231,20.41875,-0.2352322621889001,-0.25728845066215916,-0.24207449131909975,-0.2352322621889001,-0.22147187181302921,-0.1952277543474731,0.062060696314686054,0,18
656240,Scott Blewett,"BAL, ATL, MIN",P,44.1,-0.11017457241081623,-0.12041755986851116,2.541121005762179,-0.18281488502856566,-0.18281488502856566,46.64112100576218,-0.2929894574393819,-0.3535660462910899,-0.2935499257368802,-0.2929894574393819,-0.2234388199591077,-0.17438729302101275,0.17917875327007718,2,26
573009,Joe Mantiply,ARI,P,9.2,-0.18360115760015036,-0.9619104126442662,6.324999999999999,0.047375725061197874,0.047375725061197874,15.524999999999999,-0.13622543253895247,-0.14749684427402282,-0.1428275737987305,-0.13622543253895247,-0.1308080786379813,-0.10266121161345818,0.044835632660564645,0,10
689225,Beau Brieske,DET,P,22.0,-0.22700159106932075,-0.49733984952460275,15.51578947368421,-0.061410619879914655,-0.061410619879914655,37.51578947368421,-0.2884122109492354,-0.305423498820842,-0.29523139449107194,-0.2884122109492354,-0.2767812977540844,-0.23953703876284843,0.06588646005799356,1,22
800311,Didier Fuentes,ATL,P,13.0,-0.26887679937083847,-3.350618576775064,43.033596837944664,0.7661390581056604,0.7661390581056604,56.033596837944664,0.49726225873482194,0.4883330742863217,0.4912393258597471,0.49726225873482194,0.5095513762074282,0.5277931510709322,0.03946007678461039,4,4
642528,Jonathan Loáisiga,NYY,P,23.1,0.02476887134588898,0.051682233717396046,15.881250000000001,-0.06995510970961753,-0.06995510970961753,38.98125,-0.04518623836372855,-0.05637893203497127,-0.05473973676914336,-0.04518623836372855,-0.01360786741908521,0.016056063443789084,0.07243499547876035,0,22
674285,Eduardo Salazar,WSN,P,29.0,-0.3204089062512541,-0.5325416993555327,19.9375,-0.18860214014037618,-0.18860214014037618,48.9375,-0.5090110463916303,-0.6113288078216272,-0.5092278921009661,-0.5090110463916303,-0.43373593153613754,-0.3844120339265309,0.2269167738950963,0,30
670059,Colin Holderman,PIT,P,15.0,-0.2062389469478379,-0.6627144828590524,11.703296703296703,-0.017712759656215063,-0.017712759656215063,26.7032967032967,-0.22395170660405295,-0.2457344260338901,-0.23571145529972418,-0.22395170660405295,-0.2039290714165619,-0.176497209871363,0.0692372161625271,0,14
674370,Osvaldo Bido,ATH,P,52.1,-0.20684885011549553,-0.4367250194377065,34.02448979591837,-0.1520308066240583,-0.1520308066240583,86.12448979591838,-0.3588796567395538,-0.43373558720064,-0.4032346698234965,-0.3588796567395538,-0.27559360046366566,-0.20723359162225682,0.22650199557838316,9,13
621111,Walker Buehler,BOS,P,78.0,0.2106517856761091,0.4375075548657651,52.8125,0.044639441498713295,0.044639441498713295,130.8125,0.2552912271748224,0.2331108293220593,0.24795070311949738,0.2552912271748224,0.3512100182366654,0.4749912104066723,0.24188038108461302,16,16
643338,Chad Green,TOR,P,40.0,0.0017909098401330328,0.002158046357360305,28.93617021276596,-0.10997584998445953,-0.10997584998445953,68.93617021276596,-0.1081849401443265,-0.108862267762454,-0.1081849401443265,-0.09061858832001196,-0.07402384150334043,-0.02691973373643994,0.08194253402601406,0,41
664747,Alexis Díaz,CIN,P,6.0,-0.14984115881246318,-1.2037239757934544,4.020618556701031,0.059943419143074175,0.059943419143074175,10.02061855670103,-0.089897739669389,-0.11658507481066817,-0.11018966003062076,-0.089897739669389,-0.07010259939063017,-0.042173801228495,0.07441127358217317,0,6
669060,Bryse Wilson,CHW,P,45.1,-0.37919085255094515,-0.9248557379291344,33.461290322580645,-0.15827655837247187,-0.15827655837247187,78.56129032258065,-0.537467410923417,-0.5820045973273293,-0.56378199555163,-0.537467410923417,-0.4663406755132753,-0.3913295209463447,0.19067507638098455,5,19
518397,Scott Alexander,"COL, SFG",P,17.2,-0.1696279310599813,-0.47535269052855234,1.1041044776119402,-0.04646041644608389,-0.04646041644608389,18.30410447761194,-0.2160883475060652,-0.23100105032528603,-0.22388522721039317,-0.2160883475060652,-0.18189678654017985,-0.14760284087021303,0.08339820945507301,0,21
663423,Trent Thornton,SEA,P,34.2,-0.04013031269881294,-0.05655792608429192,24.12,-0.13988704700584859,-0.13988704700584859,58.32000000000001,-0.18001735970466154,-0.20748182101345658,-0.18001735970466154,-0.1761885233273099,-0.0881543917444122,0.00904098566547342,0.21652280667892998,0,28
666171,Ryan Zeferjahn,LAA,P,35.0,-0.11258246678467326,-0.15504213997203575,25.319148936170215,-0.1706771424534638,-0.1706771424534638,60.319148936170215,-0.2832596092381371,-0.2832596092381371,-0.27786999613099395,-0.2773517032709617,-0.2200222456150988,-0.17123419394311856,0.11202541529501851,0,40
502043,Kyle Gibson,BAL,P,12.1,-0.3395105616666109,-4.5455133049579315,44.23913043478261,0.7539361495563276,0.7539361495563276,56.33913043478261,0.4144255878897167,0.394805778101118,0.41013708188096615,0.4144255878897167,0.43433548358185375,0.45316178808971413,0.058356009988596136,4,4
689690,Alek Jacob,SDP,P,23.1,-0.20481321592007598,-0.4273591778072581,15.881250000000001,-0.18459801872020437,-0.18459801872020437,38.98125,-0.3894112346402804,-0.43118901695155487,-0.41529246394655234,-0.3894112346402804,-0.3176611530249942,-0.21341672306111015,0.21777229389044475,0,22
671131,Jackson Rutledge,WSN,P,40.1,-0.3563980163334038,-0.42838863808653527,27.56875,-0.21534676760266255,-0.21534676760266255,67.66875,-0.5717447839360663,-0.6373621389201567,-0.5941455970129925,-0.5717447839360663,-0.48803401846606853,-0.4129346507932989,0.22442748812685787,0,32
670102,Bowden Francis,TOR,P,64.0,0.020816997599282017,0.05269302517318261,51.80952380952381,0.07531353940982502,0.07531353940982502,115.80952380952381,0.09613053700910704,0.03704877168541609,0.06471161897965555,0.09613053700910704,0.20187304431679043,0.30033845932434733,0.26328968763893124,14,14
