MLBAMID,Name,Team,Year,Age,two_way_player,GS,G,IP,WAR,BB%,K%,ERA,GB%,SwStr%,WPA/LI,damage_control_ratio,Opportunity_Success,strikeout_efficiency,contact_management,strikeout_contact_quality,Statcast_Launch_Quality_Index,Running_Control,SD_MD_Net,WAR_per_162,Predicted_WAR_per_162,Residual,Predicted_Current_WAR,Actual_Current_WAR,Current_Residual,ROS_WAR,Total_Projected_WAR
669373,Tarik Skubal,DET,2025,28,False,19,19,121.0,4.772297963623664,3.49345,33.406113999999995,2.1767906761805644,41.97350322445831,17.126437,5.088688850402832,8.433640967179782,2421.813062811864,3223.9088110466996,4050.7179876063474,2461.5031526660537,23.334400000000002,-0.625,0.0,6.38935760419036,6.260132980629113,0.12922462356124775,4.6757783373834725,4.772297963623664,0.09651962624019195,3.4453103538615064,8.121088691244978
676979,Garrett Crochet,BOS,2025,26,False,20,20,129.1,4.329465084059143,6.62768,31.189084,2.1672765826801483,46.91096715829865,13.444109000000001,4.193367004394531,8.606976675576513,2026.3158300000002,2912.19713175488,4380.185837014152,2118.5038094523525,20.321360000000002,-1.375,0.0,5.432791197657483,5.22092406472932,0.2118671329281634,4.160625288620711,4.329465084059143,0.16883979543843175,2.7044064376034624,6.865031726224173
694973,Paul Skenes,PIT,2025,23,False,20,20,121.0,4.012075553660631,6.396588,27.93177,1.9773472293733998,45.90027593588865,13.834824000000001,4.685072422027588,12.18076034786654,1721.213440753482,2614.50897519924,4296.422439340671,2021.3780906351699,19.1506,0.9750000000000001,0.0,5.371539171016713,5.052868778992548,0.31867039202416514,3.7740563102351747,4.012075553660631,0.23801924342545666,2.4531366016528633,6.227192911888038
554430,Zack Wheeler,PHI,2025,35,False,19,19,122.0,3.6951597951766297,5.567451999999999,32.976445,2.299806077184022,40.18057281901588,13.993711000000001,2.5927438735961914,6.893159970888449,2263.958674477167,3114.04972533186,3794.353871399212,2516.9300665521596,24.1293,0.375,0.0,4.906687596873885,5.3029637393718385,-0.3962761424979533,3.9935899765639773,3.6951597951766297,-0.29843018138734756,2.942645245889247,6.936235222453224
657277,Logan Webb,SFG,2025,28,False,20,20,125.2,3.456941628486893,5.45809,27.095517,2.9363395596858304,51.77514789999999,11.225013,1.5322767496109009,6.799036161527435,1649.7744859426182,2561.66192961747,4894.921372998489,1990.6910515335962,17.532040000000006,0.125,0.0,4.47303948733927,4.488825469901688,-0.015785982562417367,3.4691416594548845,3.456941628486893,-0.012200030967991715,2.2549420786456746,5.724083738100559
650911,Cristopher Sánchez,PHI,2025,28,False,19,19,115.0,3.254897198070319,6.808511,25.957447000000002,2.439794295741097,58.65821414606035,13.1319,3.798227071762085,8.474845045564784,1565.6362711896163,2419.0131365685834,5466.4463183522275,1730.4964753191493,10.581140000000003,-0.625,0.0,4.58515953119471,4.613909558030757,-0.02875002683604677,3.275306167737883,3.254897198070319,-0.020408969667564225,2.4133834920173873,5.688689659755271
663460,Kris Bubic,KCR,2025,27,False,18,18,108.2,3.2044352480591702,7.692308000000001,25.565611,2.4846626348358023,45.8904109,13.770294999999999,1.8276199102401731,12.118892769230769,1407.930176178309,2359.902545979812,4236.037915110643,1856.13340837414,20.77534,0.375,0.0,4.797768116317796,4.123897682178678,0.6738704341391175,2.7543563531588457,3.2044352480591702,0.4500788949003245,2.295296960965705,5.0496533141245505
666200,Jesús Luzardo,PHI,2025,27,False,19,19,104.1,3.1383349638208182,8.053691,27.293065,4.033845187103694,43.45989772076565,13.247624,2.4720399379730225,9.677868486097767,1336.4543417554557,2509.496588047085,3995.9771849419144,1885.87497136543,22.338240000000003,-0.5249999999999999,0.0,4.883864208827786,3.7461933878911657,1.1376708209366204,2.407276121478212,3.1383349638208182,0.7310588423426063,1.773782405299735,4.181058526777947
669022,MacKenzie Gore,WSN,2025,26,False,19,19,110.1,3.126681360822028,7.726268999999999,30.463575999999996,3.0112329889040446,35.74020378728621,14.209115,0.291097342967987,8.155590915559674,1844.0792482524528,2810.9878171220557,3297.881950153229,2056.5663137734,23.344860000000004,0.25,0.0,4.6005665799561175,3.998558046516906,0.6020085334392116,2.71753852420686,3.126681360822028,0.4091428366151679,2.0023968073103178,4.719935331517178
543243,Sonny Gray,STL,2025,35,False,19,19,108.0,3.0677335426322863,4.398148,27.314815,3.519547912515466,40.94746978994437,12.182741,0.3420349657535553,6.416014301589119,1643.0817801493708,2611.3469010373797,3914.6539466327326,1883.7803382343552,22.35976,2.075,0.0,4.601600313948429,4.459640781138722,0.1419595328097074,2.973093854092481,3.0677335426322863,0.09463968853980509,2.19070073459446,5.163794588686941
543135,Nathan Eovaldi,TEX,2025,35,False,16,16,91.0,2.997249335749673,4.022989,27.011494000000003,1.6217123888416067,52.2676508910255,13.190862000000001,3.3901309967041016,10.80952488689644,1931.0344200000004,2592.4824567644346,5016.492904512114,1904.6566413645742,19.45556,-0.25,0.0,5.335762553752166,5.370847531051963,-0.03508497729979698,3.0169575637390658,2.997249335749673,-0.019708227989392757,3.205517411472757,6.2224749752118225
608331,Max Fried,NYY,2025,31,False,20,20,122.0,2.9836297223309023,5.521472,23.108384,2.4682518024745463,52.44653068499437,10.518053,2.472590923309326,9.173805903057232,1348.2300497890562,2183.246104778752,4955.0710178251,1736.507222632416,16.39036,1.65,0.0,3.9618689755541485,4.206332127117546,-0.24446315156339704,3.167731601903337,2.9836297223309023,-0.1841018795724345,2.059025541237169,5.226757143140506
664285,Framber Valdez,HOU,2025,31,False,19,19,121.0,2.9627672278385293,8.350304999999999,25.458248,2.765517530559616,60.70076564137694,11.186060000000001,0.4749249517917633,6.6733246467752805,1357.5640517954932,2333.2406644343605,5563.206657298676,1678.6532275000002,11.046000000000001,-2.125,0.0,3.9666800901639814,4.055973043365347,-0.08929295320136532,3.029461347204981,2.9627672278385293,-0.06669411936645187,2.232234676887881,5.261696024092862
686613,Hunter Brown,HOU,2025,26,False,19,19,115.0,2.9134861154172977,7.709751,31.065759999999997,2.4379450865227557,47.313674088488405,11.940299,2.915576219558716,6.23670258698665,1966.5662417002557,2867.06672577424,4366.590762731443,2233.9422809651196,19.75124,-0.625,0.0,4.104215223457411,4.827017965084026,-0.722802741626615,3.426586827065821,2.9134861154172977,-0.5131007116485233,2.5248534515221834,5.951440278588004
571510,Matthew Boyd,CHC,2025,34,False,19,19,111.2,2.730704448553756,5.227273,23.181818,2.430029079931966,37.12047280508656,10.532544000000001,2.221400260925293,10.18876019282307,1456.6894915308749,2197.004108677686,3518.0084352673925,1690.029316744868,19.88396,2.5,0.0,3.9781845383606877,4.225771179116463,-0.2475866407557752,2.9006528093688315,2.730704448553756,-0.16994836081507536,2.1373231226928233,5.037975932061655
601713,Nick Pivetta,SDP,2025,32,False,19,19,109.1,2.703282299914921,6.682028,28.110598999999997,2.881097619614029,32.9749103,11.176471000000001,3.5442256927490234,8.220967969050083,1665.6662238295319,2623.2240903852276,3077.151756077911,1993.659508729614,22.64304,0.10000000000000009,0.0,4.014039712064319,4.0550990188337215,-0.041059306769402504,2.7309339688565366,2.703282299914921,-0.027651668941615526,2.0122671349469217,4.743201103803458
594798,Jacob deGrom,TEX,2025,37,False,19,19,112.1,2.700803024351078,5.5684450000000005,26.218097,2.38113814144775,42.498704270850986,13.666870000000001,2.8675756454467773,7.57375661201932,1805.039501969724,2475.815668850835,4013.2187297816,1822.6964709571557,21.631460000000004,0.125,0.0,3.903033808607267,4.564357928001753,-0.6613241193944859,3.15842298598146,2.700803024351078,-0.45761996163038177,2.327259042302128,5.485682028283588
519242,Chris Sale,ATL,2025,36,False,15,15,89.1,2.6170105170928246,7.0270269999999995,30.810810999999998,2.525907876492582,38.661249339669226,13.257066,2.17293743789196,9.749622416424467,1974.1480892981517,2864.5726992111026,3594.4512910033345,2348.8062241522234,23.03236,-0.875,1.0,4.758200940168773,4.538731060031326,0.21946988013744662,2.496302083017229,2.6170105170928246,0.1207084340755955,2.9955624996206747,5.491864582637904
656605,Mitch Keller,PIT,2025,29,False,20,20,119.0,2.614654037389735,5.476673,18.661258,3.425432545848207,43.88664110703078,8.310847,0.1470279544591903,9.192973018632042,924.15315494493,1763.9241921653659,4148.311328291513,1282.9614875,22.47884,-1.125,0.0,3.5594449920767826,2.3673349204996046,1.192110071577178,1.7389682440706973,2.614654037389735,0.8756857933190378,1.1303293586459533,2.8692976027166504
808967,Yoshinobu Yamamoto,LAD,2025,26,False,19,19,104.1,2.583353366559096,8.653846,27.884615,2.635850286516649,54.267077356315966,11.619717999999999,4.199662685394287,6.6171621105066425,1506.7406549960351,2547.1523360207098,4957.088805319951,1873.164990509395,16.086000000000002,0.125,0.0,4.020204086287931,4.416432886520203,-0.39622880023227225,2.837967058560205,2.583353366559096,-0.25461369200110884,2.0911336220969927,4.929100680657198
657746,Joe Ryan,MIN,2025,29,False,18,19,109.1,2.578184709281189,5.373832,28.271027999999998,2.6397405869620694,37.995612492167865,11.900635,0.8336521368473768,8.517715468025052,1867.1533132405436,2675.179045060704,3595.3792109467754,1981.0355471468038,20.678900000000002,-1.125,1.0,3.828285269510107,4.237887776150272,-0.40960250664016495,2.854034298629596,2.578184709281189,-0.275849589348407,2.102972641095492,4.957006939725089
667755,José Soriano,LAA,2025,26,False,20,20,113.0,2.44729365163621,11.293633999999999,20.123203,3.876796771635776,66.529498767747,11.52815,0.5539482831954956,8.966844079948029,607.2380149561461,1785.056210410298,5901.590067488314,1286.665405158982,1.4771999999999998,-0.125,0.0,3.5085094828766903,2.0262106338185943,1.482298849058096,1.4133444544537108,2.44729365163621,1.0339491971824992,0.9186738953949121,2.3320183498486227
642547,Freddy Peralta,MIL,2025,29,False,20,20,111.2,2.4156098643250647,8.114035,25.877193,2.7032764581735487,38.49582773309317,12.349554999999999,2.913957118988037,9.425554831474264,1493.943972010896,2377.7508502962446,3537.2262797290286,1898.83840479612,21.33376,-1.125,0.0,3.5191438670922706,3.8842360865639667,-0.3650922194716961,2.6662163754685992,2.4156098643250647,-0.2506065111435345,1.7330406440545898,4.399257019523189
680885,Spencer Schwellenbach,ATL,2025,25,False,17,17,110.2,2.393959830003721,4.147465,24.884793,3.099258466057993,46.58068869185745,13.413859,1.3653990030288696,4.8053825951989415,1484.500350687184,2385.2704920002548,4464.877093160371,1764.7059167931686,20.65434,-0.125,0.0,3.519251292745942,4.141060972502128,-0.6218096797561863,2.8169439454921883,2.393959830003721,-0.42298411548846726,2.6512413604632363,5.468185305955425
624133,Ranger Suárez,PHI,2025,29,False,13,13,83.2,2.3743647288498666,6.626506,23.493976,2.0959388363419995,50.8053640863845,10.07371,2.2698464393615723,10.917561915992154,1426.29342705528,2193.7146270721437,4743.874358687838,1718.823348617848,19.16216,0.25,0.0,4.623162092231712,4.2332064290185,0.38995566321321196,2.1740912030514767,2.3743647288498666,0.20027352579838986,3.344755697002271,5.518846900053748
693433,Bryan Woo,SEA,2025,25,False,18,18,114.2,2.3529502153527107,4.6875,24.330357,2.9829498437358803,40.61007451188922,11.833231,2.2718095779418945,7.259803708636646,1586.204152749684,2318.9871515625,3870.6477269144416,1706.98694756661,21.408540000000002,-0.125,0.0,3.3378102879784515,4.01996563715379,-0.6821553491753387,2.8338276281664374,2.3529502153527107,-0.48087741281372676,2.361523023472031,5.195350651638469
607074,Carlos Rodón,NYY,2025,32,False,20,20,119.2,2.203130122772162,8.577406,28.242677999999998,3.1264105825357595,41.15111449916091,12.978283,2.732826471328736,6.700994680365153,1508.3072674208877,2582.018884266732,3762.1416335043014,1886.004322404594,21.175939999999997,-1.25,0.0,2.9941869118212265,3.9711942021523945,-0.977007290331168,2.922014499361515,2.203130122772162,-0.7188843765893531,1.8993094245849849,4.8213239239465
518876,Merrill Kelly,ARI,2025,36,False,20,20,116.0,2.200845804486835,7.1274299999999995,24.406048,3.3173231491111626,42.28871769453234,10.921125,1.6089994609355929,5.62708029858895,1220.0550873905659,2266.65240130336,3927.461894295693,1583.303753632064,21.342640000000003,1.75,0.0,3.0735950028178216,3.6201207811328553,-0.5465257783150337,2.592185250687723,2.200845804486835,-0.3913394462008881,1.68492041294702,4.277105663634743
671096,Andrew Abbott,CIN,2025,26,False,16,16,91.1,2.177540047255937,6.504065000000001,22.493225,2.0297126312718974,30.91423354554336,10.966415,2.141839027404785,11.837964176193282,1375.8114478099196,2103.025102540375,2890.355170148942,1628.819739052425,21.10254,-0.775,0.0,3.8722446504441472,3.799533301769782,0.07271134867436535,2.1366511345137478,2.177540047255937,0.0408889127421892,2.270191830420857,4.406842964934604
656849,David Peterson,NYM,2025,29,False,18,18,109.0,2.152583533147852,8.14978,20.484581,3.12434837361006,57.405490329614885,9.786477,0.872012197971344,7.837284529911732,937.8996107736659,1881.51327145782,5272.706915983,1326.988576122794,17.18104,1.7999999999999998,0.0,3.1992525905500186,3.1726438596824904,0.02660873086752824,2.1346801278110585,2.152583533147852,0.017903405336793465,1.7789001065092152,3.913580234320274
694477,Chad Patrick,MIL,2025,26,False,18,19,94.2,2.0648285256738337,7.5,23.75,3.575236107273043,30.755314992901557,10.125786,1.29616180062294,9.420008110844583,1294.2477925,2196.875,2844.866636843394,1559.96310375,25.40764,0.625,1.0,3.550978993197039,3.052405496491417,0.4985734967056219,1.7749172701820464,2.0648285256738337,0.2899112554917873,2.8959176513496545,4.670834921531701
608379,Michael Wacha,KCR,2025,34,False,19,19,106.0,1.9248936698675607,7.3333330000000005,18.666667,3.735849157437266,38.5093167,10.826889000000001,1.4505184888839722,8.989369573712507,868.9505631147359,1729.777814888889,3568.530027036439,1327.6595970415399,23.801540000000003,-0.25,0.0,2.9418186275334417,2.3185430731017176,0.6232755544317241,1.5170713935110005,1.9248936698675607,0.4078222763565602,1.117842079429158,2.634913472940158
592662,Robbie Ray,SFG,2025,33,False,20,20,119.0,1.9199058976463677,9.205020999999999,26.778243000000003,2.6470588447431265,39.072847599999996,13.105263,0.8016409873962402,8.35215970528711,1446.0969764552663,2431.330010841897,3547.6183773121998,1940.325137988888,22.510800000000003,-1.125,0.0,2.613653406879929,3.765577040158852,-1.151923633278923,2.7660720233265645,1.9199058976463677,-0.8461661256801969,1.797946815162267,4.564018838488831
579328,Yusei Kikuchi,LAA,2025,34,False,20,20,113.0,1.885645206620479,10.165975,23.858921,3.0856137570162296,39.39441140411588,10.567413,-0.1318115890026092,7.596977638787814,1104.269834734306,2143.3429055870247,3538.9585389376307,1490.241757527128,22.532760000000003,0.3500000000000001,0.0,2.7033143670134296,2.5493751730179426,0.15393919399548706,1.7782678675989352,1.885645206620479,0.10737733902154378,1.1558741139393078,2.934141981538243
701542,Will Warren,NYY,2025,26,False,20,20,95.1,1.8523122399168064,10.47619,26.666667,4.690149305910457,45.545486932744225,9.750297,-0.2546381652355194,6.504523528717308,1119.277352154341,2387.30162984127,4077.4055185244765,1767.560688761175,23.5,0.575,0.0,3.155358389763645,2.4467360993224685,0.7086222904411765,1.4363247101578194,1.8523122399168064,0.415987529758987,2.154487065236729,3.590811775394548
656302,Dylan Cease,SDP,2025,29,False,19,19,103.1,1.8293776093727352,8.764045,28.988764,4.8774195499003445,35.4243542,16.10404,-0.1571013182401657,4.941597621234191,1376.6405391842131,2644.81756780962,3231.9747856952613,1868.872683844096,23.66504,0.0,0.0,2.8744827615750057,3.158525036403076,-0.28404227482807043,2.010147723784921,1.8293776093727352,-0.1807701144121856,1.4811614806836255,3.4913092044685463
673540,Kodai Senga,NYM,2025,32,False,14,14,77.2,1.8095178712676103,10.610932,23.794212,1.4221021912102694,48.828252337070765,12.590217,-0.0685357749462127,15.773679348069605,1169.7394752357602,2126.942434474416,4364.711968479577,1652.7014227551363,19.41046,0.75,0.0,3.797174807582291,3.9983948442982475,-0.20122003671595667,1.9054079134557083,1.8095178712676103,-0.09589004218809793,2.58591073968989,4.491318653145598
605135,Chris Bassitt,TOR,2025,36,False,19,20,107.0,1.79063728514454,6.25,22.413793000000002,4.134106097145173,45.83734413674199,9.693878,-0.106095552444458,6.1002800297410635,1223.0763283792082,2101.29309375,4297.251012819562,1642.7500355215252,21.968860000000003,-2.0,0.0,2.7110583195646303,2.6297404675607323,0.08131785200389796,1.7369273458580148,1.79063728514454,0.05370993928652523,1.1290027748077094,2.865930120665724
547973,Aroldis Chapman,BOS,2025,37,False,0,41,38.0,1.7848159444207308,6.9930069999999995,40.559441,1.1525539595105747,37.85658322347747,20.863309,2.368372678756714,12.153572186440098,2946.67170239684,3772.311645170913,3520.9269708698866,2595.804224,21.43256,-0.5,32.0,2.2638981189757694,2.215182272606135,0.04871584636963444,1.7464092605608532,1.7848159444207308,0.038406683859877555,1.2352650867381645,2.981674347299018
669461,Matthew Liberatore,STL,2025,25,False,18,18,100.1,1.749032406765073,5.21327,18.957346,4.149291395864898,40.15163235659542,9.797518,-0.6444869041442871,7.571110394141276,960.8690242503042,1796.9048368185802,3805.841935243874,1287.6687791826882,23.722140000000003,-1.5,0.0,2.8306018970623565,2.0002715287950377,0.8303303682673189,1.235970247113477,1.749032406765073,0.5130621596515961,1.0299752059278973,2.2659454530413745
607536,Kyle Freeland,COL,2025,32,False,17,17,89.1,1.7296931729950489,5.527638,16.834171,4.786010406908835,42.1053407954163,9.771755,-0.8422423005104065,6.281652547416051,656.737391415476,1590.3638966819021,3977.790997757937,1052.821124440607,24.10784,0.95,0.0,3.1448966781728163,1.2610560181363137,1.8838406600365025,0.6935808099749725,1.7296931729950489,1.0361123630200764,0.6527819387999743,1.3463627487749468
663158,Robert Suarez,SDP,2025,34,False,0,43,40.2,1.7116867375909235,7.453416,26.708074999999997,3.5409838461613377,33.9805825,11.196319,1.6639198064804075,21.694215485622586,1203.4161874999998,2471.7411064657995,3144.7868327051797,1831.4108685891747,24.7521,-0.25,29.0,2.052320914225933,0.913332054947287,1.1389888592786461,0.7617416723834219,1.7116867375909235,0.9499450652075015,0.4783029105663347,1.2400445829497566
592332,Kevin Gausman,TOR,2025,34,False,19,19,109.2,1.7098768122208812,7.538803,23.059867,4.198216652906722,33.8021659377537,12.458472,2.9937400817871094,6.563951820406273,1082.5379811851283,2132.142905480799,3125.3887237973345,1534.828820247214,22.85446,-1.025,0.0,2.5366304357122966,3.2065531662020064,-0.6699227304897097,2.161454356476908,1.7098768122208812,-0.4515775442560268,1.592650578456669,3.7541049349335767
678495,Randy Rodríguez,SFG,2025,25,False,0,41,41.2,1.707448503864508,5.128205,35.25641,0.864000098464977,38.0434782,14.626391,0.8038686513900757,27.426922246793783,2587.698602450055,3344.8389019559504,3609.2530648773695,2452.6198122909705,17.5024,0.0,13.0,1.99754897782207,1.9816414700747549,0.015907507747315197,1.6938512150846452,1.707448503864508,0.01359728877986277,1.1980898838403589,2.8919410989250043
641816,Tyler Mahle,TEX,2025,30,False,14,14,77.0,1.6983872849503756,8.766234,18.181818,2.3957114926457943,41.03998851607894,10.607287,1.7739611864089966,16.754452819401816,774.992783325888,1658.795728866588,3744.2327089186338,1317.171695919192,24.90796,-0.025000000000000022,0.0,3.5732303917137775,3.109705401951966,0.46352498976181167,1.4780698515450703,1.6983872849503756,0.2203174334053053,2.005951941382595,3.484021792927665
666142,Cole Ragans,KCR,2025,27,False,10,10,48.2,1.6872775080755755,7.655502,36.363636,5.178082259427453,36.842105200000006,14.43299,0.0545902289450168,5.459220727279879,1781.8841931694442,3357.981711874728,3402.1657099571903,2529.644229249012,21.3089,-0.375,0.0,5.670932703490524,3.950417860393938,1.720514843096586,1.1753712399443694,1.6872775080755755,0.5119062681312061,3.2527715710088363,4.428142810953206
665152,Dean Kremer,BAL,2025,29,False,18,19,108.1,1.686562127290978,5.9340660000000005,19.340659,4.321663575413579,37.742030599422584,9.263520999999999,0.2980162352323532,6.795944457500218,965.6340060989927,1819.2971530105058,3550.239359391265,1384.745405060147,21.635740000000002,-0.5,0.0,2.5275029104638156,2.0029566288596854,0.5245462816041302,1.336540812220568,1.686562127290978,0.3500213150704101,0.9848195458467341,2.3213603580673023
607259,Nick Martinez,CIN,2025,34,False,19,21,111.0,1.6710666167652788,5.494505,16.703297,4.69216859820762,37.60409406669369,8.397855999999999,0.6693457663059235,7.74718866688637,738.4170362993759,1578.553351117015,3553.79352379945,1174.0031557990578,24.159000000000002,0.6000000000000001,2.0,2.4388539812250016,1.7195763732744533,0.7192776079505483,1.1782282557621255,1.6710666167652788,0.49283836100315326,0.6732732890069288,1.8515015447690544
656876,Drew Rasmussen,TBR,2025,29,False,19,19,91.1,1.640536623642028,6.197183,21.690141,2.8576642733617668,50.9960159,8.99928,2.44001579284668,6.242699111805924,1272.6358335010061,2034.5963269271972,4783.569947196791,1471.8309995271632,18.565040000000003,-0.625,0.0,2.917309912513815,3.622518236213242,-0.7052083236994271,2.0371074772779405,1.640536623642028,-0.3965708536359125,3.3237016734534817,5.360809150731422
676083,Janson Junk,MIA,2025,29,False,5,10,50.1,1.637434067589558,2.030457,19.28934,2.6155625822665773,40.966670017562926,9.530583,0.7904166877269745,28.56929594837032,1217.8647255956278,1889.76782457162,4013.485939852442,1302.6567362911198,23.1169,-0.75,2.0,3.595164619458111,2.14173279741299,1.453431822045121,0.9754619377308255,1.637434067589558,0.6619721298587325,2.2435624567808987,3.2190243945117243
666157,Nick Lodolo,CIN,2025,27,False,19,19,106.2,1.5923084862680192,4.96614,21.896162999999998,3.3103646764907,41.08214416062764,10.916521,1.3802759870886805,7.330779635453516,1363.8074158577879,2080.87688907918,3904.194736660905,1560.0141604749776,20.1053,-1.25,-1.0,2.428945148544436,3.4513612985197772,-1.0224161499753412,2.262559073474076,1.5923084862680192,-0.6702505872060569,1.6671487909808984,3.9297078644549748
641154,Pablo López,MIN,2025,29,False,11,11,60.2,1.589904605634253,5.668016,24.696356,2.73907154863904,40.04328014632644,12.015889,0.8846587538719177,9.420468652239164,1434.9239987522399,2329.6562590503045,3777.3620620707834,1841.266778259828,26.02826,-1.025,0.0,4.27848083243769,3.791693022225482,0.4867878102122085,1.4090118514689753,1.589904605634253,0.1808927541652776,2.8180237029379507,4.2270355544069265
605288,Adrian Houser,CHW,2025,32,False,9,9,57.2,1.577369064769512,7.964602,17.256637,1.560693658825358,47.619047599999995,8.949881,1.0423392951488497,19.93853052971991,791.7650381911053,1588.221454436526,4382.637998246944,1235.5343627402212,18.623140000000003,-1.175,0.0,4.46737392469687,3.570089340831004,0.8972845838658654,1.2605500635526754,1.577369064769512,0.3168190012168366,3.361466836140469,4.622016899693144
663903,Brady Singer,CIN,2025,28,False,19,19,100.0,1.5581724316408063,9.324009,21.445221,4.237266687409391,35.942217327789905,9.122807,1.0131369829177856,8.584166834812208,865.8008519480519,1944.5666663890108,3259.096174934721,1432.129486351662,23.71896,-0.875,0.0,2.524239339258106,2.1111229461745196,0.4131163930835866,1.303162312453407,1.5581724316408063,0.25501011918739924,0.9602248618077738,2.263387174261181
668881,Hunter Greene,CIN,2025,25,False,11,11,59.2,1.5503452210338056,5.907173,30.801688,2.6630866081949556,26.864345600675975,14.928425,2.4073948860168457,8.52871757393617,2205.8431028414248,2898.2179002919756,2527.7422230726156,2206.066854897936,21.5762,0.2250000000000001,0.0,4.242498746747914,4.5194549785981595,-0.27695623185024587,1.6515539181050063,1.5503452210338056,-0.10120869707120073,3.3031078362100126,4.954661754315019
670970,Adrian Morejon,SDP,2025,26,False,0,47,43.2,1.5249870810359216,5.294118,24.705882000000003,1.854962288244588,52.6315789,10.482529,2.032066583633423,18.010866206101856,1234.27401099966,2339.7923453979242,4984.52010077709,1930.7958324172023,15.168099999999999,-1.0,26.0,1.7014902154150793,1.2718686343839125,0.42962158103116677,1.139932054053631,1.5249870810359216,0.38505502698229055,0.5578390902815642,1.6977711443351953
622491,Luis Castillo,SEA,2025,32,False,19,19,108.1,1.5169290530852615,7.522124,20.575221,3.698595528468436,42.15269415667172,11.428571,0.3326979279518127,7.8001330740391435,1020.791279425515,1902.7527363105958,3898.191623286612,1399.370613395262,21.14886,-0.125,0.0,2.2732886826994667,2.395148360839912,-0.1218596781404453,1.5982440605357684,1.5169290530852615,-0.0813150074505069,1.1776535182895136,2.775897578825282
656731,Tylor Megill,NYM,2025,29,False,14,14,68.1,1.495463983146107,10.819671999999999,29.180328,4.04085146025886,41.3333026911538,12.479741,0.0417570583522319,6.8849578535670055,1262.796217384208,2602.311222187584,3686.1174913203786,2221.684074247392,19.81574,-0.125,0.0,3.557491413651532,3.2384313996218768,0.3190600140296551,1.3613406068780851,1.495463983146107,0.13412337626802184,3.500590131972219,4.861930738850304
622663,Luis Severino,ATH,2025,31,False,20,20,113.1,1.4800280822462226,7.480315,15.944882,5.161764894101041,40.3743315,6.724845999999999,-0.3367169499397278,6.558848384444061,532.466278867306,1475.21546000217,3735.420432465577,1003.937015405366,23.26046,0.95,0.0,2.1199341231113005,1.0065420004179033,1.1133921226933972,0.7027154336250917,1.4800280822462226,0.7773126486211309,0.45676503185630957,1.1594804654814013
671737,Taj Bradley,TBR,2025,24,False,19,19,103.2,1.465981991077698,9.153318,20.366133,4.601286286511345,48.5148514,9.720535,-0.6489881109446287,5.32279576024025,705.5042985183451,1850.1956082207062,4407.413277413055,1406.871022101951,20.685160000000003,-0.5,0.0,2.3012507999475496,1.497897332130757,0.8033534678167926,0.95421607824626,1.465981991077698,0.5117659128314381,0.7031065839709284,1.6573226622171884
686752,Ryan Pepiot,TBR,2025,27,False,20,20,114.1,1.4591875266822345,8.008658,23.809524,3.384839716024032,39.2857142,11.540585,0.2948622703552246,5.608159385075472,1300.2501503693977,2190.270065141208,3613.9455706864564,1556.480202928032,23.95756,2.025,0.0,2.0717649370948465,3.119225692891909,-1.0474607557970623,2.196936120734363,1.4591875266822345,-0.7377485940521284,1.4280084784773361,3.624944599211699
571948,Hoby Milner,TEX,2025,34,False,0,44,46.0,1.4198793236539615,6.989247,21.505376000000002,2.4061280906326514,54.39619774983435,6.310014,0.248302936553955,137.254902,996.2049316571791,2000.231215308128,5059.431313048998,1568.4372007114562,14.382439999999999,0.6,12.0,1.4877865956548033,0.47738564265786054,1.0104009529969429,0.4555962564784561,1.4198793236539615,0.9642830671755054,0.26921596973726947,0.7248122262157255
643377,Griffin Jax,MIN,2025,30,False,0,44,41.1,1.418921429585284,5.747126000000001,37.931034000000004,3.808658186171277,45.960328470036174,20.241692,0.1348259113729,4.044963754830308,2247.07466345656,3575.108968291717,4331.893048284933,2670.6544246305425,22.030360000000005,-0.025000000000000022,15.0,1.664039243455248,1.3503457066061166,0.31369353684913137,1.1514358618570828,1.418921429585284,0.2674855677282013,0.6803939183700943,1.831829780227177
669302,Logan Gilbert,SEA,2025,28,False,12,12,61.0,1.4120654729578348,6.024096,35.341365,3.6847931215346974,42.29338175581545,16.634429,0.4841128289699554,4.232127607261214,2196.050111151723,3321.2367244689603,3974.5587837198646,2356.0910117804556,20.936040000000002,-0.625,0.0,3.7500755183470367,4.56828682587635,-0.8182113075293134,1.7201573850522058,1.4120654729578348,-0.30809191209437103,3.0102754238413603,4.730432808893566
650633,Michael King,SDP,2025,30,False,10,10,55.2,1.3967872641929198,7.555555999999999,28.444444,2.5868265098017367,38.2978723,11.159263,-0.586906909942627,8.36060411388676,1651.2954857321042,2629.530810469136,3540.4255111565017,1923.0046703974958,22.375960000000003,0.0,0.0,4.09926697100096,4.014327883352342,0.08493908764861757,1.367845056549687,1.3967872641929198,0.028942207643232853,3.1460436300642804,4.513888686613967
663554,Casey Mize,DET,2025,28,False,16,16,88.2,1.375589760118168,5.96206,20.867209,3.0696022388361266,40.36784430126117,10.4,-0.5766950845718384,6.878691863051328,1228.6239944006488,1962.30934790946,3796.1089203313404,1489.4067456271848,23.787660000000002,-0.125,0.0,2.5265934369517367,2.5806111281851107,-0.05401769123337408,1.4049993920118937,1.375589760118168,-0.029409631893725807,1.4928118540126372,2.897811246024531
621244,José Berríos,TOR,2025,31,False,20,20,115.1,1.36075428213939,8.613445,20.378151,3.7571255607112635,39.00936311385552,9.751875,-0.1000320464372634,6.678165813159691,917.0912562297358,1862.2890171598049,3564.9313077193287,1431.9781728707699,21.183960000000003,0.7749999999999999,0.0,1.9152232294229472,2.0313744930026223,-0.11615126357967509,1.443279037929641,1.36075428213939,-0.08252475579025087,0.9381313746542665,2.3814104125839073
608337,Lucas Giolito,BOS,2025,30,False,13,13,72.1,1.3525064987850848,7.118644000000001,21.694915,3.2696414296274545,35.760413013079216,9.781659,0.8736607432365417,7.294447519045331,1086.662883388959,2015.0531235047401,3321.4756517748433,1477.32040031477,24.889699999999998,-0.25,0.0,3.038918901569816,2.9741950509590938,0.06472385061072217,1.3237003899638928,1.3525064987850848,0.028806108821191945,2.036462138405989,3.360162528369882
671922,Cade Smith,CLE,2025,26,False,0,43,41.0,1.3338124023015716,9.090909,34.659091,3.087152981611136,31.727458103466844,15.121255,0.7791166305541992,12.364959541923431,1766.906884723762,3150.8264576962806,2884.314375926755,2358.2474249355664,25.425839999999997,-0.5,29.0,1.5680428729496525,1.3781043369891415,0.18993853596051102,1.1722464277293527,1.3338124023015716,0.16156597457221888,0.7360617104347098,1.9083081381640625
681857,Reese Olson,DET,2025,25,False,11,11,58.0,1.3065158381021889,9.128631,22.821577,2.8761160304994386,45.36093196368565,12.936345,0.3745940923690796,12.089441568020273,1087.0444646829021,2073.8279447289133,4122.009986655973,1540.4564475000002,23.98016,0.0,0.0,3.6492338926302517,3.240206317367691,0.4090275752625607,1.1600738667118893,1.3065158381021889,0.14644197139029957,2.3201477334237786,3.4802216001356676
661395,Jhoan Duran,MIN,2025,27,False,0,44,43.1,1.3044839819248115,8.839779,27.071823000000002,1.6146106066105599,70.28617799330361,15.259259,1.256977528333664,161.53846199999998,1472.588173438164,2467.8733675528833,6407.303519114894,2204.077619268567,-0.8015599999999985,-1.125,21.0,1.4588428753776315,1.3507245544777473,0.10811832089988416,1.2078055663483591,1.3044839819248115,0.0966784155764524,0.7137032892058486,1.9215088555542077
702070,Noah Cameron,KCR,2025,25,False,12,12,70.0,1.2884642244981552,8.0,21.090909,2.314285840404284,45.0777202,11.279620999999999,1.5995337963104248,8.673034803475376,1130.776198692842,1940.363628,4147.1502584,1438.508147981352,21.402760000000004,0.6,0.0,2.981874348124302,3.562939238854121,-0.5810648907298188,1.5395416464184473,1.2884642244981552,-0.25107742192029203,2.694197881232283,4.23373952765073
657376,Clarke Schmidt,NYY,2025,29,False,14,14,78.2,1.277351762976748,9.493670999999999,23.101266000000003,3.363896361584875,33.89868093797882,11.572942,0.9917196035385132,8.835423371387874,1060.8071337314552,2090.810780912514,3068.045169638739,1689.0076661213282,19.78454,-0.525,0.0,2.6461762864735694,2.9357319744192103,-0.2895556879456409,1.417124940738162,1.277351762976748,-0.13977317776141418,1.9232409910017914,3.3403659317399534
665795,Edward Cabrera,MIA,2025,27,False,16,16,82.1,1.2651741955312703,8.645533,24.783862,3.5177728802687396,45.007599991449744,11.515602,0.4003549218177795,6.230977029509935,1238.834376116565,2264.116503211554,4111.645308168096,1710.744464752238,18.965500000000002,-2.875,0.0,2.496446037467306,3.4003043487918654,-0.9038583113245595,1.7232406607148896,1.2651741955312703,-0.45806646518361926,1.8309432020095704,3.55418386272446
608566,Germán Márquez,COL,2025,30,False,19,19,95.1,1.257417336576225,7.0776259999999995,16.210046,4.900051569015266,34.320081392171296,8.896104000000001,-3.2363600730896,6.712626692150322,562.69160167902,1506.275956969204,3189.103438833782,987.3391669281858,23.482439999999997,-1.5,0.0,2.141972750003664,0.37584013498888746,1.7661326150147767,0.22063207924347653,1.257417336576225,1.0367852573327483,0.16257100575835112,0.38320308500182765
676263,Jack Dreyer,LAD,2025,26,False,5,37,48.1,1.2544860484826268,9.693878,23.979592,3.034561037956133,37.98323849584615,12.247645,1.4403304755687714,33.44353971731592,1004.8886227593702,2165.503960662224,3430.118969560979,1733.9089526216642,19.65504,-0.5,12.0,2.8688870131619324,2.1604137809961883,0.7084732321657441,0.9446900260537879,1.2544860484826268,0.30979602242883886,0.8425613745885134,1.7872514006423015
650556,Bryan Abreu,HOU,2025,28,False,0,42,42.1,1.251472717136007,11.494253,37.931034000000004,1.7091006027486362,35.66894390113372,17.963224999999998,1.3137255907058716,9.001316893284429,2414.3179018369815,3357.114498652398,3156.9065246709342,2249.3985437850843,23.24986,0.3500000000000001,28.0,1.4328024932531005,1.6633402044873693,-0.2305377112342688,1.4528344939609594,1.251472717136007,-0.2013617768249525,0.9685563293073062,2.4213908232682657
662253,Andrés Muñoz,SEA,2025,26,False,0,37,36.0,1.2423189676488016,9.859155,32.394366000000005,1.6287853347675765,53.882246259231806,16.524701999999998,1.2998251914978027,15.33785606451285,1659.0339408623522,2920.0555244792704,4856.991208305244,2378.3205573542523,19.336460000000002,-0.25,37.0,1.6633270622408958,1.5554818423179935,0.1078452199229023,1.1617706706109494,1.2423189676488016,0.08054829703785216,1.0361738413557118,2.197944511966661
694738,Landen Roupp,SFG,2025,26,False,19,19,96.1,1.232756484308781,9.647058999999999,20.941176,3.269896269304196,47.222222200000004,9.614207,-0.6735013723373413,7.981633326135489,837.560659779457,1892.0968395986158,4266.66665632549,1536.6392031158398,22.77164,-0.375,0.0,2.0781118674091834,2.313884419597902,-0.23577255218871862,1.3726190908849283,1.232756484308781,-0.13986260657614724,1.0114035406520523,2.384022631536981
676508,Ben Casparius,LAD,2025,26,False,3,28,62.2,1.2276339830743666,4.597701,22.605364,4.5346910242751335,34.39383096955562,13.434343000000002,0.3312858939170837,8.27203068888709,1215.241068972569,2156.603695331836,3281.250545913005,1650.550386942772,19.449060000000003,0.0,13.0,2.1710568832504875,1.3185884274665258,0.8524684557839617,0.7456018198947082,1.2276339830743666,0.48203216317965836,1.1184027298420625,1.8640045497367708
621242,Edwin Díaz,NYM,2025,31,False,0,37,38.0,1.2096409387675016,8.965517,37.931034000000004,1.6955034501416046,55.53663838874938,16.336634,1.9790279865264893,9.066722826275386,2442.8749161944334,3453.032069845422,5055.749163277753,2819.1984606710166,22.01754,-0.5,26.0,1.5343340328577257,1.8964556901309153,-0.36212165727318957,1.4951310420119248,1.2096409387675016,-0.28549010324442325,1.3334952536863112,2.828626295698236
669358,Shane Baz,TBR,2025,26,False,19,19,110.0,1.1778585349781896,8.733623999999999,23.362445,4.172727453610136,49.0131578,11.200000000000001,-0.9779029488563538,4.806750795905019,1131.8472117744082,2132.2056896493204,4473.253288722133,1593.242143542845,20.5997,-1.75,0.0,1.7346643878769703,2.140306285735683,-0.40564189785871263,1.4532943915489205,1.1778585349781896,-0.2754358565707309,1.0708484990360467,2.524142890584967
592866,Trevor Williams,WSN,2025,33,False,17,17,82.2,1.1716220937795068,5.630027,17.426273000000002,6.1914705818462545,32.95073717895306,8.287293,-1.0718982219696045,6.196330654003365,726.8813519786281,1644.5169125006291,3109.5601779078966,1284.0411766756033,25.046939999999996,-0.375,0.0,2.309036243215086,0.3433822369354866,1.9656540062795995,0.17423469059319135,1.1716220937795068,0.9973874031863155,0.3382202817397244,0.5124549723329157
669432,Trevor Rogers,BAL,2025,27,False,6,6,35.1,1.1597448105379156,7.462687,23.880597,1.5588686842640571,48.42423031358889,12.476723,2.855432271957397,23.005938240527357,1377.7267146644401,2209.846279215861,4481.0481573126635,1627.029682565196,20.69074,-0.125,0.0,5.3526683563288415,4.421785080679571,0.9308832756492702,0.9580534341472405,1.1597448105379156,0.20169137639067503,2.737295526134973,3.6953489602822134
676684,Will Vest,DET,2025,30,False,0,40,43.0,1.156310066652771,8.720930000000001,27.906976999999998,2.245975653161185,59.73563103562556,12.912087999999999,0.5974231958389282,10.159341541206638,1490.1784094434404,2547.32290707139,5452.612846795038,1971.4103064433539,13.067960000000003,-0.125,19.0,1.2961429119224084,1.192043016914827,0.10409989500758132,1.0634408657123975,1.156310066652771,0.09286920094037354,0.7975806492842982,1.8610215149966955
607625,Seth Lugo,KCR,2025,35,False,17,17,101.0,1.153641607278972,7.730673,21.945137,2.6732674529419063,38.7681159,8.233058999999999,-0.922200083732605,6.545444333014291,1249.623210040832,2024.863021912799,3577.1079631509992,1400.084005936771,22.9332,2.3,0.0,1.8503954492989452,2.670168703546537,-0.8197732542475917,1.664734809001236,1.153641607278972,-0.511093201722264,1.5668092320011633,3.2315440410023992
681343,Shane Smith,CHW,2025,25,False,18,18,86.2,1.1418037943796004,9.814324000000001,21.485411,4.25769247948066,40.4858299,11.318150000000001,0.7604796886444092,6.451229803173013,782.3011271277819,1937.676315172836,3651.241937952512,1449.6181019206797,23.30844,-0.65,0.0,2.145849358346813,2.2651108613948683,-0.1192615030480555,1.2052626929150472,1.1418037943796004,-0.06345889853544673,2.1426892318489728,3.34795192476402
656986,Bennett Sousa,HOU,2025,30,False,0,30,37.1,1.1341086065255035,5.6338029999999995,31.690141,2.180247780237761,41.343548658615,18.467583,0.7177940607070923,21.990694261058447,1918.2580148276159,2990.478088563777,3901.4334573979486,2172.020904984966,21.453359999999996,-0.75,10.0,1.473424119529091,1.5082861239100005,-0.034862004380909584,1.1609422240054152,1.1341086065255035,-0.026833617479911753,1.5479229653405535,2.7088651893459685
661403,Emmanuel Clase,CLE,2025,27,False,0,43,43.1,1.1339945001597045,5.405405,22.702703,2.920921317692772,45.760141940058915,16.076696,0.5359049439430237,23.630948262595115,1244.409927310908,2147.552995690285,4328.662093962387,1671.904487839933,22.32854,-0.025000000000000022,16.0,1.2681794642157251,0.8593950000530155,0.40878446416270964,0.7684631639478209,1.1339945001597045,0.3655313362118836,0.48252338201374795,1.2509865459615688
663978,Chris Paddack,MIN,2025,29,False,19,19,100.0,1.1157412882355575,5.854801,16.393442999999998,4.810194036225536,37.0153334916357,8.87433,-1.2565166801214218,6.454831547374536,681.1330565823938,1543.3639535301568,3484.815937621408,1131.0977309332798,23.126440000000002,-0.5,0.0,1.8075008869416034,0.822129995887369,0.9853708910542344,0.5074876517823266,1.1157412882355575,0.6082536364532309,0.3739382697343459,0.8814259215166724
571927,Steven Matz,STL,2025,34,False,2,28,51.0,1.100184860044249,4.2857140000000005,21.428570999999998,3.3716683919631034,44.26996189898461,8.173077,0.7568368017673492,7.953777054280001,1155.6982189406099,2051.020373265306,4237.267794408516,1645.1612670967738,20.04524,0.125,1.0,1.039782554002604,0.4768431787355944,0.5629393752670095,0.5045436123550895,1.100184860044249,0.5956412476891595,0.7568154185326342,1.2613590308877236
663893,Brendon Little,TOR,2025,28,False,0,45,44.1,1.080201530689928,14.973262000000002,34.759358,2.03628717665806,55.966421434134276,18.26087,0.5985054969787598,17.410034191800044,1494.6331442465278,2955.4748257142037,4758.642252077719,2354.6661702777296,10.990360000000003,0.125,8.0,1.1806284303685834,1.1972487720879403,-0.01662034171935689,1.0954081089020367,1.080201530689928,-0.01520657821210869,0.6085600605011314,1.703968169403168
656794,Sean Newcomb,- - -,2025,32,False,5,27,64.1,1.0750802946099445,8.680556000000001,22.222222,3.497409662880153,44.502617799999996,8.18662,0.806690976023674,10.367978357965006,990.8536137195118,2029.320957484568,4063.954314040503,1534.93698465063,21.04106,0.0,7.0,1.8449115820139455,1.2890365004382862,0.5558750815756592,0.7511567243463103,1.0750802946099445,0.32392357026363416,1.1962866350700498,1.94744335941636
670280,David Bednar,PIT,2025,30,False,0,36,32.0,1.0476485459503655,6.923076999999999,34.615384999999996,2.4922816034781956,44.40043596586639,13.043478,1.1130223274230957,9.726933854881773,2105.263186468736,3221.8935242603543,4132.655959561376,2076.9231,23.350860000000004,-0.125,17.0,1.5780206223377382,1.5737669840788326,0.004253638258905568,1.044824553745283,1.0476485459503655,0.0028239922050825594,0.9867787452038784,2.0316032989491615
605280,Clay Holmes,NYM,2025,32,False,19,19,103.1,1.0469421402312775,9.490741,19.212963,3.3847561225910576,56.697521264194684,8.951708,0.7548931688070297,5.787057249159583,773.9082184217799,1738.951044324417,5131.650636759004,1246.9340176815058,14.87454,0.75,1.0,1.645049725678632,2.296100691960464,-0.651050966281832,1.461283835439036,1.0469421402312775,-0.41434169520775854,1.0767354576919212,2.538019293130957
691587,Eury Pérez,MIA,2025,22,False,7,7,34.0,1.0239652739392675,8.333333,26.515151999999997,3.097646674688012,31.39630502363974,12.692967,0.7149041891098022,13.283578030408703,1245.3300742216688,2430.5556088383837,2877.9946376324115,2058.8235717379675,17.240560000000002,-1.5,0.0,4.878893364063568,3.348990614117204,1.5299027499463644,0.7028745733332403,1.0239652739392675,0.3210907006060272,2.008213066666401,2.7110876399996413
656730,Trevor Megill,MIL,2025,31,False,0,36,33.2,0.992377488354647,10.791367000000001,30.935252000000002,2.445358257291663,37.45340528981118,14.54219,0.7172642350196838,11.616095797831615,1558.09054647641,2759.6915424305157,3341.167087099024,2138.733457092104,24.1252,-0.75,19.0,1.4407408114064453,1.2830402175167197,0.15770059388972557,0.8837538427708526,0.992377488354647,0.10862364558379445,0.8346564070613608,1.7184102498322134
656234,Jake Bird,COL,2025,29,False,0,40,49.2,0.9883436819684271,9.767441999999999,27.441860000000002,3.1882945292794234,46.904111304760136,12.16545,0.1912506967782974,8.912075887633323,1303.4231619208342,2476.1492240778803,4232.277943745225,1829.4573424806201,20.913439999999998,0.625,2.0,0.9682553957495568,0.4609505567632324,0.5073048389863244,0.4705138463226355,0.9883436819684271,0.5178298356457917,0.3528853847419766,0.8233992310646121
683232,Nick Mears,MIL,2025,28,False,0,41,37.1,0.987691545087138,3.571429,22.142857,2.450210519032049,39.50529091210635,12.072072,0.579829752445221,14.558287224188872,1335.616393189824,2135.204058367347,3809.4387495937017,1426.510981510989,25.444340000000004,0.25,11.0,1.2832003362048532,0.8680613757067809,0.4151389604980723,0.6681551252846798,0.987691545087138,0.31953641980245817,0.4725975276403833,1.1407526529250631
595345,Steven Okert,HOU,2025,33,False,0,39,42.2,0.9874754340274616,4.4585989999999995,31.847134,2.3316539791573576,18.084780310381046,17.132866999999997,1.3788640424609184,10.793431496761196,2048.74869188525,3042.7198001947345,1727.8452476310201,2469.7777257766797,12.343039999999997,-0.875,2.0,1.1278747848370534,1.4474733100122887,-0.31959852517523535,1.2672899104256967,0.9874754340274616,-0.2798144763982351,1.00733300572299,2.2746229161486866
642701,Dennis Santana,PIT,2025,29,False,0,40,40.1,0.9854103545703414,4.605263,19.078947,1.5379368741109216,43.06076763044462,12.169312,1.3627246618270874,27.68834270537741,1145.0699359760158,1820.031131301939,4107.770603124378,1266.44733738657,21.621,0.5,23.0,1.1844583314286896,0.875150962859284,0.30930736856940566,0.7280820251173711,0.9854103545703414,0.25732832945297035,0.5460615188380283,1.2741435439553994
675911,Spencer Strider,ATL,2025,26,False,11,11,61.2,0.9840732650618816,9.411764999999999,29.019608,3.951885235675788,38.161088427707384,15.857284,-0.7655381560325623,5.427999150976712,1452.4328133623821,2628.83506911188,3456.945646344937,1934.6405430065363,26.134860000000003,1.4,0.0,2.604899819281451,3.123569670447278,-0.5186698511658268,1.1800152088356384,0.9840732650618816,-0.19594194377375673,2.3600304176712767,3.540045626506915
592094,Jason Adam,SDP,2025,33,False,0,47,47.2,0.9744541364776708,10.39604,25.742574,1.6993008292728795,43.2,15.547264,1.2388533353805542,18.065671612341855,1270.2367627441802,2306.63657099304,3870.8910720000003,1940.9083469275502,14.989360000000001,-0.525,26.0,0.9950993512335536,1.1645648309568153,-0.16946547972326165,1.140403734878873,0.9744541364776708,-0.16594959840120216,0.5580699128130656,1.6984736476919386
676962,Ben Brown,CHC,2025,25,False,14,16,79.1,0.9700246308586196,7.520891000000001,25.348188999999998,6.369056442646422,42.00196241537138,12.574850000000001,-1.7191588580608368,4.384973064926564,1168.455858552158,2344.1779334836006,3884.3040604250327,1657.792954471516,24.1252,-0.75,-1.0,1.9866496864613956,1.2929474120069284,0.6937022744544672,0.6313095079614076,0.9700246308586196,0.33871512289721195,1.3415327044179912,1.972842212379399
656427,Jack Flaherty,DET,2025,29,False,19,19,100.2,0.9680984222836886,9.523810000000001,29.52381,4.53522097548048,34.18570238709178,11.912944,-0.3977881371974945,4.096633511938607,1479.28994,2671.2018430839003,3092.9921044579696,1913.7963680105402,24.488500000000002,-0.25,0.0,1.56518906596764,2.5166088003810017,-0.9514197344133617,1.5565691469023233,0.9680984222836886,-0.5884707246186347,1.1469456871911856,2.703514834093509
687473,Ryan Gusto,HOU,2025,26,False,12,20,74.2,0.9667764123215544,7.878788,23.030303,4.602745008871398,36.22133903305236,10.812944,-1.658610001206398,6.7266196810149115,1105.1316404638349,2121.579425087236,3336.7536519876912,1620.273522716546,20.6499,-0.875,0.0,1.4332264872691507,0.3679233986597831,1.0653030886093675,0.24818105618687186,0.9667764123215544,0.7185953561346825,0.37227158428030777,0.6204526404671796
678394,Brayan Bello,BOS,2025,26,False,15,16,91.2,0.9620424833483536,8.762887,18.041237,3.0578302970533886,50.06254433394953,8.194537,0.848415695130825,6.530406061150357,726.4188617052499,1646.0303788287808,4567.5620144640625,1300.7993294524128,18.65116,-1.0,1.0,1.7088912533161544,2.433819219204067,-0.7249279658879126,1.3701500789593268,0.9620424833483536,-0.4081075956109732,1.4557844588942848,2.8259345378536116
690928,Hunter Dobbins,BOS,2025,25,False,11,13,61.0,0.9553587894922052,6.640625,17.578125,4.020712623863371,46.79041062085131,9.334764,0.2703477516770363,6.597532284989999,763.791896875,1641.082763671875,4368.323491556041,1135.253900390625,19.719160000000002,-0.125,-1.0,2.5371823589792992,1.9963517163531888,0.5408306426261105,0.751712683318176,0.9553587894922052,0.20364610617402923,1.9544529766272576,2.706165659945434
676477,Garrett Whitlock,BOS,2025,29,False,0,35,45.1,0.954330723317962,10.0,30.0,3.2847788265056077,43.908889679486514,14.570361000000002,2.2081377506256104,12.776595448048504,1449.27536,2700.0,3951.800071153786,1990.90908,22.758699999999997,0.25,24.0,1.0199277353420348,1.2150940259333014,-0.19516629059126656,1.1369448250952674,0.954330723317962,-0.18261410177730542,1.1369448250952674,2.273889650190535
656288,Griffin Canning,NYM,2025,29,False,16,16,76.1,0.946277454932202,10.670732,21.341463,3.858513112097029,52.30541583455094,11.094564,-0.0095583712682127,6.183784947555412,796.3232124590462,1906.4172678390842,4672.404508936044,1406.8139391310292,18.662440000000004,0.475,0.0,2.014414555834648,2.1386207503294368,-0.12420619449478876,1.004623698148581,0.946277454932202,-0.058346243216379046,2.1348253585657346,3.139449056714316
686973,Louis Varland,MIN,2025,27,False,0,46,44.2,0.9454973352275752,6.2857140000000005,24.571429000000002,1.7622150264357384,57.64851548090119,12.202853,0.4947678297758102,7.405256393047112,1580.7744251775703,2302.693924734694,5402.489467252602,1817.0468545498202,17.50894,-0.125,13.0,1.031062704931428,1.0606389859237118,-0.02957628099228371,0.9726191530669721,0.9454973352275752,-0.027121817839396933,0.5074534711653769,1.480072624232349
664126,Pete Fairbanks,TBR,2025,31,False,0,37,36.0,0.9374640656591462,10.0,20.666667,2.7500003118896177,50.0,10.983607,0.3161725103855133,21.061681081900954,754.208780902357,1860.00003,4500.0,1430.769249076923,19.299740000000003,-0.125,18.0,1.2551602212436348,0.42830520886856294,0.8268550123750719,0.31989600662382295,0.9374640656591462,0.6175680590353232,0.28531265455638266,0.6052086611802057
682847,Luis L. Ortiz,CLE,2025,26,False,16,16,88.2,0.9286959273754491,10.994764,25.13089,4.384519311284485,46.165494373549464,11.917443,0.1763113290071487,4.775185340665606,1051.557391673322,2236.78079534004,4108.970721774442,1654.70879655269,20.39086,-1.0,0.0,1.7057680298732738,2.3758342621285604,-0.6700662322552866,1.293509764936661,0.9286959273754491,-0.3648138375612118,1.374354125245202,2.667863890181863
543056,Danny Coulombe,MIN,2025,35,False,1,35,26.2,0.9242842434544728,6.7307690000000004,27.884615,0.6559357331231404,42.34336906837508,9.349361,0.7631829008460045,184.0,1946.1538320000002,2600.776597781065,3949.3334709565306,1968.3257565045249,20.71486,-0.875,7.0,1.7004007837597555,1.7135689873227844,-0.013168203563028946,0.9314420636484844,0.9242842434544728,-0.007157820194011566,0.9314420636484844,1.8628841272969687
571578,Patrick Corbin,TEX,2025,35,False,17,17,93.1,0.9229285100215034,6.870229,18.829517000000003,4.249393256133202,37.218451060090395,10.821643,-0.8368349969387054,5.995213030262928,927.8757943406163,1753.5886062506074,3466.1458242009257,1294.124873383874,22.60146,-1.875,-1.0,1.6059550872554627,1.5619407111368406,0.04401437611862202,0.897633828437283,0.9229285100215034,0.025294681584220435,0.8448318385292076,1.7424656669664906
656550,Grant Holmes,ATL,2025,29,False,19,20,105.0,0.9204685575426156,11.286682,26.862302,3.7822864726778986,45.023973022182986,13.333333,-0.1850862726569175,5.030020220690446,1248.62407865418,2383.043939538036,3994.22603634034,1787.4914732728023,22.379440000000002,0.35,0.0,1.4201514887800355,2.523714584538352,-1.1035630957583165,1.6357409344230058,0.9204685575426156,-0.7152723768803902,1.0632316073749537,2.6989725417979598
623352,Josh Hader,HOU,2025,31,False,0,40,42.2,0.9167020665477772,5.421687,39.156627,2.5436222171247387,20.90938086225749,21.270310000000002,1.5605130195617676,5.839528606845063,3007.37837810778,3703.3677244302507,1977.5739678267985,2947.7460823676734,9.937800000000005,-0.25,26.0,1.0470388532607313,1.813370943547884,-0.7663320902871527,1.5876401206995996,0.9167020665477772,-0.6709380541518224,1.1907300905247,2.7783702112242996
695243,Mason Miller,ATH,2025,26,False,0,35,35.2,0.9104122076499576,11.971831,40.140845000000006,4.03738359364169,38.4615384,20.248668,1.3935238718986511,5.066789461538462,1855.4440226026823,3533.525087462806,3385.69880227519,2516.2917695291153,23.848360000000003,-0.5,23.0,1.2466439888843168,1.4903249306963733,-0.24368094181205646,1.0883700738695508,0.9104122076499576,-0.1779578662195932,1.0883700738695508,2.1767401477391015
676440,Tanner Bibee,CLE,2025,26,False,19,19,109.0,0.9005931266192111,7.236842,20.833333,4.313112214237199,44.19193126562494,9.955996,0.2242744266986847,5.132198088372754,1000.756952949951,1932.565760745614,4099.383102318307,1557.632370911215,19.431540000000002,0.2250000000000001,0.0,1.3384962065349744,2.21927804985006,-0.8807818433150858,1.4932179471213367,0.9005931266192111,-0.5926248205021256,1.1002658557736165,2.593483802894953
543294,Kyle Hendricks,LAA,2025,35,False,18,18,96.0,0.898747937057716,5.853659,15.853659,4.8426993494924595,38.826826991170584,7.421875,-0.9119133353233336,6.072049480303988,681.8181800000001,1492.5639863117192,3655.40369385875,1190.274707963376,21.23644,-2.25,0.0,1.516637143784896,1.0220393043742648,0.4945978394106312,0.6056529211106754,0.898747937057716,0.2930950159470407,0.5047107675922295,1.110363688702905
669093,Jeremiah Estrada,SDP,2025,26,False,0,46,43.0,0.8984224986100208,8.938547,33.519553,2.930233112569216,39.3939393,16.282421,0.4127738773822784,7.078417783684994,1899.4413660233622,3052.339200090509,3587.269352051803,2422.7003746390837,18.565060000000003,-0.375,20.0,1.0070689403023954,1.3631139277628688,-0.3560449874604734,1.2160559936473725,0.8984224986100208,-0.3176334950373517,0.6344639966855856,1.850519990332958
664208,Phil Maton,STL,2025,32,False,0,37,35.1,0.889819330511295,9.459459,30.405405000000002,2.5613963287195367,47.68982422155565,14.499999999999998,1.356605052947998,16.814913980130633,1607.693224419156,2752.9218180241055,4317.862485214552,2280.4053750000003,25.279300000000003,-0.375,16.0,1.2219171433232028,1.3944787927175595,-0.1725616493943567,1.015481444489343,0.889819330511295,-0.12566211397804794,0.9056996667067114,1.9211811111960544
682842,Abner Uribe,MIL,2025,25,False,0,46,46.1,0.889635328807767,9.090909,32.085561,2.369124148686104,49.63485274062142,13.049451000000001,1.6046931743621826,6.072784067506781,1908.463010654052,2916.869184735051,4512.259344568753,2451.8211598577336,15.016060000000001,0.35,23.0,0.930161016237188,1.4034606160838061,-0.47329959984661807,1.342313991731607,0.889635328807767,-0.45267866292383996,0.7003377348164908,2.0426517265480975
642207,Devin Williams,NYY,2025,30,False,0,39,35.1,0.8815066961938649,9.523810000000001,31.292516999999997,4.648611804888378,46.10574954165678,15.472312999999998,0.1394381374120712,15.737935367578974,1203.5583297586338,2831.2277136702296,4171.472555623352,2299.811493377592,20.8476,-0.875,13.0,1.2105020728360196,0.9076999362923103,0.30280213654370935,0.6610014058892134,0.8815066961938649,0.2205052903046515,0.5254113739119389,1.1864127798011523
547179,Michael Lorenzen,KCR,2025,33,False,18,18,99.2,0.8789348407262492,6.8396230000000005,20.04717,4.605351420281242,37.9870129,10.366232,-0.9824268221855164,5.536917868487546,964.3218234506331,1867.60191498309,3538.8844428678635,1360.3436814353101,24.051640000000003,0.10000000000000009,1.0,1.43535730037956,1.293887504158623,0.14146979622093703,0.7923064222996014,0.8789348407262492,0.08662841842664781,0.6602553519163344,1.4525617742159358
641778,Eric Lauer,TOR,2025,30,False,8,14,55.0,0.8775345886032869,7.272727,26.363636,2.790329913863581,31.49804647500611,9.464082,0.1236570477485656,9.536765486340915,1584.620913363277,2444.628072644628,2920.727954454579,1794.1919061616159,22.155600000000003,-0.02499999999999991,5.0,1.7550691772065738,1.2965454806048256,0.4585236966017483,0.6482727403024128,0.8775345886032869,0.22926184830087415,1.6669870464919183,2.315259786794331
647336,Michael Soroka,WSN,2025,27,False,13,13,67.1,0.8689494129146285,6.6666669999999995,25.964912,5.334322280159233,44.967011572216094,9.965035,0.1785215213894844,4.586217486659921,1251.7780566619253,2423.3917780116963,4196.921065084498,1769.037957015616,17.98566,-0.25,0.0,2.0979106541306978,2.6525059743323576,-0.5545953202016598,1.098661425170995,0.8689494129146285,-0.2297120122563665,1.6902483464169153,2.7889097715879103
518585,Fernando Cruz,NYY,2025,35,False,0,32,33.0,0.8640155912585757,10.687023,41.221374,3.0416847207461455,35.17682796905724,20.522388,0.5572075843811035,6.566121229203897,2181.0250583424204,3681.603627970398,3141.7472273333665,2973.3450287573514,26.612640000000003,-0.25,13.0,1.2619864090504045,1.608418344222146,-0.34643193517174153,1.1011992813139173,0.8640155912585757,-0.23718369005534157,1.3076741465602768,2.408873427874194
695418,Brad Lord,WSN,2025,25,False,6,35,65.0,0.8626135641908275,8.487085,20.664207,3.453631819460756,46.489958417138304,9.896324,-0.3395175337791443,7.475176783958115,917.23775708535,1891.0418187334049,4254.431612981111,1421.347575911283,21.949640000000002,0.625,3.0,1.4598075701690927,0.6625402351573141,0.7972673350117786,0.3915010480475038,0.8626135641908275,0.47111251614332367,0.3915010480475038,0.7830020960950076
621381,Matt Strahm,PHI,2025,33,False,0,41,38.1,0.8592175076730353,7.54717,27.672956,3.2022302239446296,22.7113951444521,11.923688,0.6047857999801636,9.895893755156232,1481.3395804169459,2558.44309666548,2099.732754352856,1853.819375270196,9.138259999999999,-0.375,23.0,1.0869890779485645,0.8228420451733383,0.2641470327752262,0.6504207867449001,0.8592175076730353,0.20879672092813517,0.4600537272098074,1.1104745139547076
687911,Bryan King,HOU,2025,28,False,0,40,39.0,0.8552571811069194,5.0,26.875,2.78276666117663,34.34145895519842,11.251981,0.538673460483551,9.664727410550245,1769.3014718749998,2553.125,3262.4386007438497,2053.65565125,21.74476,0.0,20.0,1.0570101571629107,0.9528557814684697,0.10415437569444097,0.7709828937193012,0.8552571811069194,0.08427428738761822,0.5782371702894759,1.349220064008777
680730,Mitchell Parker,WSN,2025,25,False,19,19,102.0,0.8415812001751657,8.908686000000001,14.699332000000002,5.105957549600094,37.0647968473156,9.558379,-2.326103985309601,6.4448597323964645,361.35772420890805,1338.9814668022482,3376.281047965035,946.8099184409801,24.61916,-0.25,2.0,1.3366289649840868,0.11151224477052615,1.2251167202135607,0.07021141337403498,0.8415812001751657,0.7713697868011307,0.05173472564402578,0.12194613901806076
680573,Simeon Woods Richardson,MIN,2025,24,False,14,15,73.0,0.8395864096361593,8.974359,19.871795,3.833778686597647,30.99794260555621,9.698452,-0.2027800306677818,7.9990489322637135,833.3333386123678,1808.842877695595,2821.6075953519644,1336.829840034965,20.9172,0.3500000000000001,-1.0,1.8631917583706548,1.3623390662121884,0.5008526921584664,0.6138935298363565,0.8395864096361593,0.2256928797998028,1.4324182362848317,2.046311766121188
671106,Logan Allen,CLE,2025,26,False,17,18,90.0,0.8310947155918806,9.895833,18.229167,4.018198630828896,44.326291629755715,7.555555999999999,-1.2371574565768242,6.74130895901315,615.875957603406,1642.523907638889,3993.9835834982114,1355.502154994658,21.415640000000003,2.075,0.0,1.4959704880653852,1.1067087873972339,0.38926170066815136,0.6148382152206855,0.8310947155918806,0.21625650037119515,0.5123651793505712,1.1272033945712567
615698,Cal Quantrill,MIA,2025,30,False,18,18,81.2,0.8234319226318798,6.818182,19.034091,5.480938176772328,33.97632554769691,8.795014,-1.6851913332939148,5.373055561386131,801.233579832786,1773.631203357438,3165.9757834942434,1222.033086802485,25.424560000000003,0.17499999999999982,0.0,1.6428075303739471,0.6624934577715667,0.9803140726023805,0.332064622043526,0.8234319226318798,0.4913673005883538,0.5903371058551573,0.9224017278986834
641302,Tyler Alexander,- - -,2025,30,False,4,30,60.2,0.8232512845195457,7.3643410000000005,18.217053999999997,4.747253338044905,36.559139699999996,9.221311,-0.1031207889318466,9.175828574078059,610.8202395774989,1687.548802328586,3386.679998582562,1275.1937799999998,24.507360000000002,-0.2749999999999999,-4.0,1.5042797557666114,0.3719107625178874,1.132368993248724,0.20353661730524383,0.8232512845195457,0.6197146672143018,0.2713821564069918,0.4749187737122357
621237,José Alvarado,PHI,2025,30,False,0,20,20.0,0.8187905222006588,4.7619050000000005,29.761905,2.6304034261887335,47.82531816179389,9.349361,-0.4780219793319702,12.30817263895156,1880.530975,2834.467135770975,4554.792194498152,2002.164510064935,23.27724,0.125,0.0,1.973285158503588,1.3463913692551581,0.6268937892484299,0.5586686179481983,0.8187905222006588,0.2601219042524605,1.3966715448704958,1.9553401628186942
700249,Cade Povich,BAL,2025,25,False,12,13,64.2,0.8038079150815425,8.070175,23.859649,5.252476894823053,37.88061251681005,9.106678,-1.7354037761688232,5.120789972063671,1090.225584962406,2193.413357131425,3482.358079563157,1607.1266176929373,23.97286,1.7999999999999998,-1.0,2.0283003464674434,1.1504969793025455,0.8778033671648979,0.45593769179767546,0.8038079150815425,0.347870223283867,1.2976688151164608,1.7536065069141362
642100,Gabe Speier,SEA,2025,30,False,0,42,36.2,0.799129055334946,6.164384,34.931507,2.931814230974681,45.69619826883878,15.162455,0.8249790072441101,6.476198812191111,2290.3760236715825,3277.819477153312,4287.930913414621,2245.5968685909984,17.520440000000004,-0.625,19.0,1.064033714562,1.61176979835253,-0.5477360837905301,1.2104993091361325,0.799129055334946,-0.4113702538011864,0.8069995394240884,2.017498848560221
683004,Jack Leiter,TEX,2025,25,False,16,16,80.1,0.7939730316936261,10.982659,19.942197,4.477793600973204,39.21510100250239,10.267534000000001,0.4734069406986236,7.420755321607388,665.037871056552,1775.201350638177,3490.824018289197,1278.9932233811369,22.07204,-2.0,0.0,1.6057881539871093,1.8128966609068144,-0.20710850691970517,0.8963766823372582,0.7939730316936261,-0.1024036506436321,0.9524002249833369,1.848776907320595
694037,Daniel Palencia,CHC,2025,25,False,0,33,34.1,0.7746160682475656,8.333333,29.545454999999997,1.6352055241157952,38.08496207408278,13.370998,0.6382302045822144,12.520346970797288,1730.066694562648,2708.333384848485,3491.121536152576,2006.1728831369248,25.171560000000003,-0.375,14.0,1.094911861863128,1.377482422160668,-0.28257056029754013,0.9745259459684396,0.7746160682475656,-0.19990987772087399,1.092650303055523,2.0671762490239627
663436,Davis Martin,CHW,2025,28,False,13,14,80.2,0.7721810621731673,5.688623000000001,15.868262999999999,3.793388504497049,47.6744186,9.163347,-0.6704022139310837,5.509392979144283,767.6062595884799,1496.5577341281507,4496.240065840412,1100.937627359235,23.22,-0.2749999999999999,1.0,1.5597672328186172,1.4636818950984252,0.09608533772019201,0.7246128888079858,0.7721810621731673,0.04756817336518149,0.9834032062394094,1.708016095047395
643511,Tyler Rogers,SFG,2025,34,False,0,48,46.1,0.7689899104515092,2.352941,20.0,1.5539568811770743,62.878787800000005,9.854015,1.888101816177368,7.829138822171215,1498.33519145394,1952.94118,6139.928702155081,1590.9091,1.0817999999999977,-0.625,14.0,0.804019819604398,1.1911297050314371,-0.38710988542703917,1.1392340124885736,0.7689899104515092,-0.37024410203706437,0.5221489223905963,1.6613829348791698
608032,Carlos Estévez,KCR,2025,32,False,0,41,42.0,0.7655795985293204,8.62069,20.114943,2.3571429692056767,25.0,7.430341,1.2903831005096436,15.490533590361444,923.645331999179,1838.08961202933,2284.48275,1446.2810166429178,18.720560000000006,-0.25,24.0,0.8785937297407916,0.48804374562637515,0.3905499841144165,0.4252663343632314,0.7655795985293204,0.34031326416608904,0.30079813893984664,0.7260644733030781
605488,Jeffrey Springs,ATH,2025,32,False,18,20,110.0,0.7610330534005989,8.278867,18.736383,3.927272829418343,31.3253012,10.540839,-0.060458481311798,5.439140909729701,721.207997475772,1718.522277081939,2873.1921176302594,1267.791191424993,23.5102,-2.5,-1.0,1.120794133189973,1.5346376182698394,-0.41384348507986646,1.0420378889486563,0.7610330534005989,-0.28100483554805744,0.6773246278166266,1.7193625167652828
643410,Mark Leiter Jr.,NYY,2025,34,False,0,41,34.1,0.7572931833417924,7.594937,29.113924,4.518230715794071,50.047498659219904,13.162119,0.0336197279393672,6.670083866214151,1412.4431699721422,2690.273981397212,4624.642266597631,2317.230693438388,19.23384,-0.25,9.0,1.070426141849689,0.826153943944141,0.244272197905548,0.5844782051555023,0.7572931833417924,0.1728149781862901,0.41341141340267235,0.9978896185581747
668933,Graham Ashcraft,CIN,2025,27,False,0,34,39.2,0.7558397699998561,9.883721,23.837209,3.560728693019339,55.770131068878925,12.225705000000001,0.0526017285883426,9.47735123598079,926.7999380760322,2148.120576825311,5025.796691269662,1777.335770481436,14.860660000000001,0.125,10.0,0.9293744110712516,0.4165700622887599,0.5128043487824917,0.33878727057509106,0.7558397699998561,0.4170524994247651,0.3587159335500964,0.6975032041251874
691799,Grant Taylor,CHW,2025,23,False,1,13,16.1,0.753064392581323,6.153846000000001,29.230769000000002,4.408163351101065,56.0975609,9.349361,0.4017903208732605,111.11111199999999,1282.051288034188,2743.195249112426,5264.540339245778,1739.92674010989,23.516640000000002,-0.5,6.0,2.254515759156507,0.9462636720489599,1.3082520871075471,0.3160756248960219,0.753064392581323,0.43698876768530104,0.932808551522406,1.248884176418428
669203,Corbin Burnes,ARI,2025,30,False,11,11,64.1,0.7512720959851482,9.811321000000001,23.773585,2.642985990456875,48.947699621402016,11.298315,0.7085054516792297,5.1006704226501975,1125.989028204504,2144.108226244215,4414.528368943048,1594.0669682124549,18.84194,0.0,0.0,1.8986907886052111,3.493432594687878,-1.5947418060826668,1.3822779587623022,0.7512720959851482,-0.631005862777154,2.7645559175246044,4.146833876286907
676664,JP Sears,ATH,2025,29,False,19,19,97.2,0.7460034078277711,5.7971010000000005,19.082126,4.79180904528354,29.5081967,8.313539,-1.6520829796791077,5.855213774785352,992.4072431048747,1797.591588283274,2779.757673402233,1340.737612857188,19.23734,0.125,0.0,1.2433390130462851,0.7937598946188684,0.4495791184274167,0.47625593677132105,0.7460034078277711,0.26974747105645003,0.3509254270946576,0.8271813638659786
668674,Lucas Erceg,KCR,2025,30,False,0,38,37.2,0.7415197265370377,6.849315000000001,21.232877,2.1504428612709505,58.4158415,11.986301000000001,1.316452145576477,10.26276096511734,1167.2524069855838,1977.8570370707448,5441.475650576427,1290.625862691378,16.3701,0.22499999999999998,19.0,0.9607863123410004,0.9060521296731257,0.054734182667874776,0.6992767473825783,0.7415197265370377,0.042242979154459404,0.5888646293748028,1.288141376757381
669194,Ryne Nelson,ARI,2025,27,False,10,20,78.1,0.7391149524639361,7.911392,20.56962,3.6557854486001844,40.771803180023255,8.286852999999999,2.478020668029785,6.303765815348818,901.7735044921681,1894.22767288896,3754.6186004983147,1263.69415216836,23.855240000000002,0.85,-2.0,1.0410069753013185,1.5076650982515496,-0.4666581229502311,1.0704422197586,0.7391149524639361,-0.331327267294664,1.6056633296379001,2.6761055493965005
593958,Eduardo Rodriguez,ARI,2025,32,False,16,16,80.1,0.7349844991692871,7.712766,23.93617,5.9041503718703785,33.61468531265538,10.39604,-1.9887049198150637,3.899514609939444,1066.191744124844,2209.00292185378,3102.2063292853904,1717.7722028160201,23.09826,-0.75,0.0,1.4864855039378841,0.9093754685218698,0.5771100354160144,0.44963564832470226,0.7349844991692871,0.28534885084458483,0.47773787634499615,0.9273735246696984
500779,Jose Quintana,MIL,2025,36,False,13,13,71.1,0.72776817741254,10.231023,15.841584000000001,3.3341175800124194,47.21017478152441,6.532662999999999,0.0615890175104141,8.914028768530146,432.5602603608661,1422.0827897395682,4238.009094128645,1122.408194716512,22.99724,-0.525,0.0,1.6582059738513568,1.418718792360207,0.2394871814911499,0.6226599144247574,0.72776817741254,0.10510826298778253,0.9579383298842422,1.5805982443089996
592779,Brock Stewart,MIN,2025,33,False,0,34,29.1,0.7253262151444205,8.264463,31.404958999999998,2.3852205901176777,41.976105200493556,9.349361,0.7069621607661247,12.714545947060591,1940.3521565422718,2880.950778327983,3850.700551735769,2521.2431829007096,16.68344,-0.025000000000000022,9.0,1.201399435393851,1.2716826550629656,-0.07028321966911455,0.767758615401085,0.7253262151444205,-0.042432400256664504,0.8129208868952664,1.5806795022963516
657571,Caleb Ferguson,PIT,2025,28,False,0,41,40.0,0.7236170661538726,8.75,19.375,2.6584342040632314,48.06419739316166,7.817590000000001,1.407132625579834,147.826086,785.326081875,1767.96875,4385.858012126002,1602.840914375,19.519160000000003,-0.5,8.0,0.8719585647154164,0.8735938537939034,-0.001635289078486979,0.7249741525260609,0.7236170661538726,-0.001357086372188343,0.512786595689165,1.237760748215226
680755,Braydon Fisher,TOR,2025,24,False,1,27,28.1,0.722713810465275,6.19469,31.858407,2.2303333801038328,38.2711558807389,9.349361,0.5834711492061615,12.008783087734276,2138.643074778761,2988.48774474117,3590.037641451036,2342.5299339666844,19.0847,-0.375,2.0,1.2396727994457744,1.423459808520601,-0.1837870090748266,0.8298593489508068,0.722713810465275,-0.10714553848553177,1.3216278520327664,2.1514872009835733
669923,George Kirby,SEA,2025,27,False,10,10,54.0,0.7148055670431053,5.405405,25.225225000000002,4.886355953064387,44.125826000094925,10.949721,0.3467819094657898,4.3933911413383235,1399.9129316454,2386.1699426588752,4174.064639519449,1603.722915410775,22.912699999999997,-0.5,0.0,2.1444167011293156,3.078623963352009,-0.9342072622226936,1.026207987784003,0.7148055670431053,-0.31140242074089763,2.360278371903207,3.38648635968721
621383,Tanner Banks,PHI,2025,33,False,1,40,41.0,0.7117230133071674,3.1055900000000003,25.465839000000003,3.2078090437364817,38.280140337224964,11.178248,1.0778678879141808,6.1339159765156435,1626.199933370977,2467.4974450599902,3709.1316126926135,1727.2482115419932,26.33984,-0.5,11.0,0.8367085180830603,0.9749973752303929,-0.13828885714733252,0.8293546137851889,0.7117230133071674,-0.11763160047802157,0.6220159603388916,1.4513705741240805
458677,Justin Wilson,BOS,2025,37,False,0,37,29.0,0.7116156366326708,11.290322999999999,27.419355,2.4163895642761246,48.96141950296198,9.349361,0.1876631379127502,16.2977666055174,1191.8004002860323,2432.362125598335,4343.351709569258,2010.752690860215,23.102160000000005,0.125,6.0,1.1827542650239562,0.8731376744879805,0.3096165905359757,0.5253317958537642,0.7116156366326708,0.18628384077890658,0.4685391692749788,0.993870965128743
657585,Reed Garrett,NYM,2025,32,False,0,39,37.2,0.7115848495476949,12.422360000000001,25.465839000000003,2.9322996398384378,36.987401203894485,13.149847000000001,0.5872839540243149,11.489042903127123,967.2071243736181,2230.2380802399603,3239.269307170238,1833.5404080000003,23.6639,-0.375,11.0,0.9219997244139486,0.4526815398425126,0.46931818457143604,0.34937247473322547,0.7115848495476949,0.3622123748144694,0.27770632606999973,0.6270788008032252
678606,Jose A. Ferrer,WSN,2025,25,False,0,46,48.1,0.7081274145986596,4.975124,19.402985,5.016103657792175,60.387353593919244,10.646899999999999,0.0327334739267826,5.660820734751024,854.281238864886,1843.7662436548603,5738.300787230331,1399.12681849934,7.935340000000002,0.0,12.0,0.7095996129658086,0.2891828476374974,0.42041676532831124,0.2885828832233117,0.7081274145986596,0.41954453137534786,0.15056498255129308,0.4391478657746048
434378,Justin Verlander,SFG,2025,42,False,15,15,76.2,0.707939223327189,7.715134,19.881306000000002,4.695652329673845,35.6846473,11.556604,0.0519525371491909,6.94381224275628,831.7689027856842,1834.7436601149961,3293.1528943377616,1295.1722123077682,23.724660000000004,0.75,0.0,1.5050676401444174,1.7367075417927573,-0.23163990164833992,0.8168957696580748,0.707939223327189,-0.1089565463308858,0.9802749235896896,1.7971706932477645
669160,Dustin May,LAD,2025,27,False,17,17,94.1,0.705420798819222,9.803922,21.568627000000003,5.0531330195327095,45.02228998597892,8.053691,-0.9915727366460488,4.915531566930653,812.0769861530453,1945.4055632449063,4060.833979313974,1406.3060784385552,22.837259999999997,-0.875,1.0,1.2144332562031241,1.381382480148415,-0.16694922394529077,0.8023956258146039,0.705420798819222,-0.09697482699538185,0.7551958831196273,1.5575915089342312
542881,Tyler Anderson,LAA,2025,35,False,19,19,101.2,0.7050091652155006,8.705357,18.303570999999998,4.3089642833473585,31.13555634209153,11.573546,-2.26651382446289,7.228423259687915,730.469638523644,1671.017980070153,2842.5095008576322,1355.8200727182539,24.82496,-2.0,0.0,1.128571983842995,1.1002848151380946,0.028287168704900445,0.6873384153825628,0.7050091652155006,0.017670749832937815,0.5064598850187306,1.1937983004012933
571945,Miles Mikolas,STL,2025,36,False,18,18,93.0,0.7025220629803788,5.303030000000001,16.666667,4.963049195122028,37.63587109668174,7.488087,-2.1675519943237305,5.580366938017169,776.3276798379841,1578.2828648989898,3564.0029561663378,1134.636289359392,22.397040000000004,-0.75,0.0,1.2237481097077567,0.6936419742560783,0.5301061354516784,0.3982018741099709,0.7025220629803788,0.3043201888704079,0.33183489509164243,0.7300367692016133
641793,Zack Littell,TBR,2025,29,False,19,19,116.1,0.7008723563102212,3.6717060000000004,17.278618,3.558739293912645,41.6201117,9.168185,0.2038559317588806,5.254831337810158,1187.4615216865282,1664.419794617692,4009.19435615044,1113.5109300983922,21.540340000000004,-1.125,0.0,0.977961427409611,2.263965613423526,-1.286004186013915,1.6225086896201937,0.7008723563102212,-0.9216363333099725,1.1955327186675113,2.818041408287705
477132,Clayton Kershaw,LAD,2025,37,False,10,10,50.2,0.6973646599372364,7.246377,16.908213,3.437588049853484,47.98545628049944,9.857328,0.9100285097956656,6.886830103454334,747.228318944844,1568.298014205699,4450.824921324428,1127.214205636071,20.385360000000002,0.25,1.0,2.250459659558412,2.3507881055839355,-0.10032844602552338,0.7284540919772442,0.6973646599372364,-0.031089432040007803,1.6754444115476617,2.403898503524906
663855,Jordan Hicks,- - -,2025,28,False,9,17,52.1,0.697089937241716,9.361702,19.574468,6.363057490317472,56.1728395,9.673791,-1.1067437380552292,6.634284114780107,568.7802815188539,1774.196463775464,5091.410566107172,1417.047375966584,16.873040000000003,-0.375,-7.0,1.4717829769018955,0.08741978961468255,1.3843631872872129,0.04140519126295419,0.697089937241716,0.6556847459787618,0.08037478303985225,0.12177997430280643
455119,Chris Martin,TEX,2025,39,False,0,37,32.2,0.6960119514599631,3.787879,25.757576,2.2588141076519266,38.018847920084255,11.184211,0.4390200078487396,6.821281663289288,1718.7178031282212,2478.1910187786957,3657.8739963677444,1800.260685125448,23.102160000000005,-0.75,8.0,1.0418563993903796,1.0639991003623122,-0.022142700971932605,0.7108043782503414,0.6960119514599631,-0.014792426790378288,0.6339606616827369,1.3447650399330784
682052,Jacob Lopez,ATH,2025,27,False,10,14,55.2,0.6922694442793673,8.502024,27.935222999999997,4.203593078427822,23.287671200000002,12.426036,0.1578195691108703,6.070921677121987,1456.0898407448456,2556.0163636086477,2130.7747805534914,1987.3380233296198,22.46644,-0.375,-2.0,2.0316603256024908,2.263944440597301,-0.23228411499481005,0.7714181056850062,0.6922694442793673,-0.07914866140563892,1.9836465574757303,2.7550646631607365
573204,Caleb Thielbar,CHC,2025,38,False,0,40,35.1,0.6796711642431971,8.088235000000001,23.529412,2.383389667650796,42.057264547874716,10.112359999999999,1.279652118682861,15.121543542644538,1227.1134089842228,2162.62978633218,3865.5574156670923,1442.125261480076,18.22774,-0.25,12.0,0.9333376101573247,0.854977811243895,0.0783597989134297,0.622608323125741,0.6796711642431971,0.057062841117456076,0.46695624234430577,1.0895645654700468
681911,Alex Vesia,LAD,2025,29,False,0,46,39.2,0.6790802894703967,7.142856999999999,36.363636,2.542082464751423,27.536369495573314,15.037594000000002,1.0044525861740112,6.819431730649061,2801.992508050169,3376.623348051948,2556.9485999512895,2510.822483982684,18.960060000000002,-0.125,15.0,0.8349915804202327,1.5282825967131703,-0.6932910162929377,1.242918626372537,0.6790802894703967,-0.5638383369021402,0.6484792833248019,1.8913979096973388
655889,Manuel Rodríguez,TBR,2025,28,False,0,31,30.1,0.6707121480560337,4.958678,20.661157,2.0769233088672974,60.2272727,10.672854,0.287189781665802,7.56859038095238,1247.8791309233209,1963.6636753295538,5724.079617862509,1578.6052460395579,9.198940000000002,-0.75,7.0,1.0740307487143133,0.8549304596055509,0.21910028910876234,0.5338881085918482,0.6707121480560337,0.13682403946418553,0.6716656850026478,1.205553793594496
701656,Logan Henderson,MIL,2025,23,False,4,4,21.0,0.6643949942440966,7.407407000000001,35.802468999999995,1.7423715259219086,23.185441409629583,9.349361,-0.4780219793319702,8.36457710066041,2839.5062,3315.0434405121164,2146.800139967178,2412.775072329576,16.306599999999996,-0.125,0.0,5.125332812740174,5.4032190426763,-0.2778862299361258,0.7004172833098907,0.6643949942440966,-0.03602228906579408,1.7662696709553767,2.4666869542652674
592836,Taijuan Walker,PHI,2025,32,False,9,20,58.1,0.6531598500197371,9.486166,19.367589,3.457101429191389,43.686588689920356,7.884231999999999,-1.0148514322936537,6.7667792934903135,709.9556081624607,1753.034735726226,3954.240636705729,1392.7254941599679,20.85446,2.75,0.0,1.2366193373867655,0.16214130581479708,1.0744780315719684,0.08564008970763373,0.6531598500197371,0.5675197603121034,0.1284601345614506,0.21410022426908434
450203,Charlie Morton,BAL,2025,41,False,14,20,83.1,0.6525538731097512,9.973753,23.097113,5.287682445722481,41.45557945611385,11.051931,-2.4696585456840694,5.155347507207465,932.6802660662399,2079.346399924911,3732.090235644231,1567.974747501227,21.24396,1.025,-2.0,0.8637897237313193,-0.03759174192997433,0.9013814656612937,-0.028398852312553333,0.6525538731097512,0.6809527254223046,-0.04259827846883,-0.07099713078138334
672282,Reid Detmers,LAA,2025,25,False,0,40,43.1,0.6471393746317129,10.27027,28.108107999999998,4.126323899997014,46.20684860130936,13.733333,0.541210949420929,6.381838503362377,1305.207663757416,2522.1329416508397,4146.128049146367,1965.080104874432,20.51386,-0.125,18.0,0.723715031490686,0.7903385897607234,-0.06662355827003741,0.7067135522549206,0.6471393746317129,-0.059574177623207714,0.5300351641911906,1.2367487164461113
663568,Stephen Kolek,SDP,2025,28,False,12,12,68.0,0.646464251672901,7.6655050000000005,17.073171000000002,4.235294355240674,49.5238095,7.4881519999999995,0.9231095388531684,6.12644887431694,659.2070008714942,1576.4426223336452,4572.7559406587025,1113.8211516492452,19.09166,-0.125,0.0,1.5401060113383818,2.0252225615429014,-0.4851165502045196,0.8500934208945512,0.646464251672901,-0.2036291692216502,1.4876634865654648,2.337756907460016
682990,Quinn Priester,MIL,2025,24,False,12,17,88.2,0.6445745502158218,8.602151,18.817204,3.6108357927904473,60.63211660339245,9.788732,0.6942476630210876,5.146649398998579,782.519589366415,1719.851969794196,5541.645037867256,1343.0866854998599,13.87216,0.125,2.0,1.1839124391719176,2.3937978612492374,-1.2098854220773199,1.3032899466801406,0.6445745502158218,-0.6587153964643189,1.226625832169544,2.5299157788496847
642585,Félix Bautista,BAL,2025,30,False,0,34,33.2,0.6412039605212108,14.814815000000001,35.555555999999996,2.4540604980960143,50.822445245194345,14.285713999999999,0.6481162309646606,6.260526898590065,1750.8417641077433,3028.80661563786,4329.319400364251,2281.9237263018235,18.74336,-0.875,15.0,0.9309045450940469,1.3049695959190466,-0.37406505082499975,0.8988587258197582,0.6412039605212108,-0.2576547652985475,0.9517327685150382,1.8505914943347963
656641,Jacob Latz,TEX,2025,29,False,2,21,48.0,0.6331101866819194,10.714286000000001,24.489796,3.074496650554983,43.74947290409443,14.929215000000001,0.9728541672229768,9.800896233425938,1104.1439346627196,2186.5889215743437,3906.2029253657247,1658.3641279768597,20.74176,-0.25,3.0,0.6357481457930941,0.7492016380458122,-0.11345349225271806,0.7460929175559955,0.6331101866819194,-0.11298273087407606,1.7408834742973227,2.486976391853318
571946,Shelby Miller,ARI,2025,34,False,0,37,36.1,0.6181120749239432,7.692308000000001,27.972027999999998,1.9704348424040055,35.39135996082061,14.917126999999999,0.4332242310047149,8.962907454082059,1619.9776370960396,2582.033345239376,3266.8947547245607,2011.4716663471359,23.795699999999997,-0.5,11.0,0.8252909144413868,1.0611676202078164,-0.2358767057664296,0.7947749188693397,0.6181120749239432,-0.17666284394539655,0.7088533060186002,1.5036282248879398
640448,Kyle Finnegan,WSN,2025,33,False,0,35,34.2,0.5984550285130817,8.510638,19.148936,3.1082688329360195,44.967011572216094,9.038461999999999,0.8212951272726059,12.439773837420663,759.8784240121578,1751.9239376188318,4114.003199788667,1308.194643690752,21.00926,0.5,19.0,0.8434366191324719,0.37780292157703743,0.4656336975554345,0.2680676331521718,0.5984550285130817,0.33038739536090994,0.2680676331521718,0.5361352663043436
519141,Drew Pomeranz,CHC,2025,36,False,3,29,25.2,0.5951355309514456,8.823528999999999,25.490195999999997,0.7291176511432502,33.430133381711016,9.349361,0.8747921586036682,179.31034400000001,1494.2528965517238,2324.106116378316,3048.0415868037067,1780.26766118892,22.34704,-0.25,4.0,2.597813825581707,3.583033238426189,-0.985219412844482,0.8208403418939997,0.5951355309514456,-0.22570481094255412,1.1604984144018615,1.981338756295861
669854,Ronel Blanco,HOU,2025,31,False,9,9,48.1,0.5921415243856063,10.050251000000001,24.120603,4.116574758635245,34.21784516241505,14.357682999999998,0.1010071039199829,6.406469702100855,1043.3523676347838,2169.642185578647,3077.8865836800983,1767.616714473129,15.9208,0.0,0.0,1.99432280562304,2.2876027401018084,-0.29327993447876843,0.6792203197462777,0.5921415243856063,-0.08707879536067142,1.811254185990074,2.4904745057363518
623437,Justin Topa,MIN,2025,34,False,1,34,37.2,0.5864525400221138,6.024096,18.674699,3.7150335944379083,44.84728023557384,7.678883,-0.7333141677081585,17.024721456166226,784.533520948912,1754.971720452896,4214.563702079385,1214.61456151435,20.699,-0.75,0.0,0.7598659255125237,0.19540470327001486,0.5644612222425089,0.1508102689137874,0.5864525400221138,0.4356422711083264,0.15968146120283372,0.3104917301166211
684007,Shota Imanaga,CHC,2025,31,False,12,12,68.0,0.5749852456580186,6.060606,18.181818,2.752061392752054,27.858444434613983,11.598441,0.583666980266571,8.321749635233566,1072.4529104875921,1707.9889647382918,2617.00538797031,1187.756951758794,19.124200000000002,1.2,0.0,1.369817791126456,2.3552804606425295,-0.9854626695160735,0.9886362427388394,0.5749852456580186,-0.41365099708082087,1.7301134247929693,2.718749667531809
701581,David Festa,MIN,2025,25,False,9,10,48.0,0.5744645861678351,8.695651999999999,23.188406,5.101721255652706,37.25060039907617,13.358302,0.0093710422515869,5.227196353799368,912.1313715415022,2117.202290989288,3401.1417820461897,1557.1776368137103,20.188539999999996,-0.5,-1.0,1.9388179783164436,2.103677255812922,-0.16485927749647855,0.6233117795001251,0.5744645861678351,-0.04884719333228993,1.5718297048264025,2.195141484326528
680736,Justin Wrobleski,LAD,2025,24,False,2,8,40.0,0.5647639323182194,6.024096,24.096386,4.583450784901234,50.863640023943724,10.443038,0.2482161521911621,4.473597649342849,1146.0476558918601,2264.479657482944,4779.956551980693,1620.274223556294,17.04936,-0.25,6.0,1.5531008138751035,1.259761686177058,0.2933391276980455,0.4580951586098393,0.5647639323182194,0.10666877370838013,1.15519648692916,1.6132916455389994
663485,Cole Sands,MIN,2025,27,False,2,40,39.0,0.5637554206812964,5.590062,18.012422,4.036527025478984,45.12644170099793,8.972268,0.4174537807703018,8.275156963774005,725.6051407674001,1700.551644249836,4260.384563151829,1225.435269280114,20.99206,0.0,5.0,0.6967438788932945,0.25348260583528975,0.4432612730580047,0.20510003376714314,0.5637554206812964,0.3586553869141532,0.15382502532535736,0.3589250590925005
700363,AJ Smith-Shawver,ATL,2025,22,False,9,9,44.1,0.5623781955865699,10.9375,21.875,3.868247547366596,35.20290463766864,11.251758,0.1299275457859039,8.215112658798216,824.0582218750001,1948.2421875,3135.258694292363,1333.0078125,27.20196,-0.5,0.0,2.065879085828216,1.8144917617900125,0.2513873240382034,0.49394497959839234,0.5623781955865699,0.06843321598817753,1.3246706271047795,1.8186156067031718
656945,Tanner Scott,LAD,2025,30,False,0,45,44.0,0.5589761019405798,4.571429,28.000000000000004,4.166773725303333,43.731673075078845,14.499253000000001,-0.4793808758258819,4.041426283764034,1648.2411807063893,2671.9999880000005,4173.25106899395,2034.1880440000004,21.597360000000002,0.125,8.0,0.6123329116712716,0.41994982403180414,0.19238308763946743,0.38335668583816146,0.5589761019405798,0.17561941610241832,0.21297593657675634,0.5963326224149178
687888,Brandon Walter,HOU,2025,28,False,7,7,40.2,0.5566449508768236,1.212121,24.242424,4.003077498267903,48.407852437252906,11.912225999999999,0.5484517812728882,3.7845062512170884,1825.572806082779,2394.857648778696,4782.109069221196,1616.161608080808,19.96026,-0.375,0.0,2.2431960706976475,3.8557156496166343,-1.6125195789189868,0.9567886982382019,0.5566449508768236,-0.40014374736137825,2.7336819949662914,3.6904706932044933
805673,Zebby Matthews,MIN,2025,25,False,4,4,19.0,0.5508193305849517,9.638554000000001,30.120482,5.063362046819333,33.08461493435311,9.349361,-1.1303606033325195,6.085264504118586,1381.717355651176,2721.730307736972,2989.5736458213423,2108.43374,28.831560000000003,-0.25,0.0,4.696459555513799,2.036793851979043,2.659665703534756,0.23888322955309765,0.5508193305849517,0.31193610103185404,0.6024011875686811,0.8412844171217788
676467,Colton Gordon,HOU,2025,26,False,10,11,52.0,0.5507758128796199,3.9473679999999995,19.298246,4.695917933335817,35.25418875594458,8.11124,-1.1838942766189575,4.86602575762109,1182.7725621800398,1853.647321283472,3386.257619033283,1220.004061242186,24.252660000000002,-0.875,2.0,1.7158784939711236,1.256021805212168,0.45985668875895547,0.4031674930310663,0.5507758128796199,0.14760831984855355,1.151907122945904,1.5550746159769702
669724,Brenan Hanifee,DET,2025,27,False,0,40,45.2,0.5422731406719261,5.5,15.0,3.2683643528658624,55.158032027752476,5.787349,-0.7049520611763,10.554413612290713,574.346402,1417.5,5212.434026622609,977.8480950000001,13.99154,-0.25,3.0,0.5782647208050186,0.21715923951611033,0.36110548128890824,0.20364310427651838,0.5422731406719261,0.33863003639540773,0.1527323282073888,0.3563754324839072
686218,Emmet Sheehan,LAD,2025,25,False,2,3,13.1,0.5418151374414208,7.407407000000001,24.074074,2.062552853205555,27.73934034618344,9.349361,1.0521360337734222,157.14285800000002,1309.5238428571429,2229.0809357338817,2568.457450762642,1756.7567520020018,22.82904,0.5,1.0,4.549592757141702,3.2477425541650002,1.3018502029767016,0.38677661326874097,0.5418151374414208,0.15503852417267988,0.975349720416825,1.362126333685566
676395,Robert Garcia,TEX,2025,29,False,0,42,36.2,0.5402464190738773,9.933775,25.165563000000002,3.018597314568992,37.88306632253441,13.957597,0.6124376654624939,8.727057217658228,1129.6302040400521,2266.5672594096754,3411.9847750953068,1848.8985122854444,24.83146,-0.75,9.0,0.719333629816599,0.5145969508514806,0.20473667896511838,0.3864815274029792,0.5402464190738773,0.15376489167089807,0.25765435160198613,0.6441358790049654
676130,José Buttó,NYM,2025,27,False,0,31,43.2,0.538142472150887,11.173184,21.787709,2.529388167799764,50.932318772126095,12.853107,0.0944444313645362,14.1964420784873,837.9888113202,1935.3328184045442,4524.155708024991,1550.989461253669,17.62106,0.6000000000000001,-2.0,0.600427480501684,0.3148050909970116,0.28562238950467245,0.2821489612255374,0.538142472150887,0.25599351092534955,0.3549615963805147,0.6371105576060521
657649,Jared Koenig,MIL,2025,31,False,0,45,39.0,0.5355174091219926,7.784431,22.754490999999998,3.752801101547715,50.782272090005534,8.571429,0.6150941848754883,10.426264844182471,1142.29373668326,2098.3183348703787,4682.91611589268,1701.640203447019,19.522660000000002,0.125,14.0,0.6618445928123089,0.4641253682640403,0.19771922454826857,0.37553712369911973,0.5355174091219926,0.1599802854228729,0.20863173538839988,0.5841688590875196
645261,Sandy Alcantara,MIA,2025,29,False,18,18,91.0,0.5317496960892889,9.002433,17.274939,7.040621861395193,44.776609607113535,8.614232,0.1068428680300712,4.118069815410885,440.026911901434,1571.977419073413,4074.562532756158,1170.985799725665,20.45676,-3.375,0.0,0.9466313271040088,0.7698856450885337,0.17674568201547503,0.4324666277966455,0.5317496960892889,0.09928306829264338,0.36038885649720453,0.79285548429385
678692,Ronny Henriquez,MIA,2025,25,False,0,42,45.0,0.5236688506684595,8.510638,33.510638,2.5354815526789127,34.82941074024541,16.98895,1.1937217712402344,5.568647812936395,2149.321275,3065.866890832956,3186.520567461,2434.263311872742,22.62574,-1.625,19.0,0.5609075244937721,1.4896499351095267,-0.9287424106157546,1.3907520141064045,0.5236688506684595,-0.867083163437945,0.9271680094042698,2.3179200235106743
676974,Max Meyer,MIA,2025,26,False,12,12,64.2,0.5200049672608653,7.017544000000001,23.859649,4.614535494218627,48.651921623822304,11.923077,-0.7197646498680115,3.449791877175501,1199.890894935915,2218.528763317944,4523.775161702506,1468.286103319838,18.2737,-0.125,0.0,1.3121620669199405,2.320234297796269,-1.0080722308763286,0.9195002587562993,0.5200049672608653,-0.39949529149543395,1.6091254528235237,2.528625711579823
572955,Pierce Johnson,ATL,2025,34,False,0,36,33.2,0.5174017029894544,7.575758,27.272727000000003,2.6809641394485575,37.84777893039094,10.460993,0.2257208526134491,9.417458646757323,1584.81359543713,2520.661120247934,3498.052279024953,1764.7058550802142,24.340300000000003,0.825,7.0,0.7511675326533646,0.794191171761356,-0.04302363910799145,0.5470362427899796,0.5174017029894544,-0.029634539800525217,0.5166453404127586,1.0636815832027382
689147,Orion Kerkering,PHI,2025,24,False,0,41,35.2,0.5162706213514076,11.656442,20.858895999999998,2.7041533036597887,43.35811812260821,9.42492,-0.1947893798351287,14.177606881904596,687.5396696283758,1842.7490885919678,3830.4104231354895,1554.5781004745918,24.01766,-0.375,9.0,0.7069387485550523,0.28484529081818233,0.42209345773687,0.2080197974439838,0.5162706213514076,0.30825082390742375,0.14713595428964707,0.3551557517336309
678368,Valente Bellozo,MIA,2025,25,False,5,17,50.2,0.5085762530313547,7.109005,16.587678,3.4644733313030627,30.41237524699316,8.856089,-0.221028234809637,11.050090977927521,722.949631416178,1540.8459141596102,2825.0357970065656,1102.3456865138878,18.86716,0.5,-3.0,1.1144101162041635,0.3444371606774711,0.7699729555266924,0.15718859514553682,0.5085762530313547,0.35138765788581783,0.3051308023413362,0.462319397486873
622554,Seranthony Domínguez,BAL,2025,30,False,0,39,38.1,0.5043769856598463,13.924051,32.278481,3.352697720566816,38.88180848742627,14.803625,0.4811629951000213,6.146436079737143,1395.6133344163802,2778.400884353469,3346.7885643914706,2430.379757274758,23.037560000000003,-1.375,15.0,0.6380832207035326,0.9860169735009063,-0.3479337527973737,0.779403458306733,0.5043769856598463,-0.2750264726468866,0.619525825833557,1.3989292841402898
542888,Shawn Armstrong,TEX,2025,34,False,2,40,42.0,0.4984074191424912,8.484848,25.454545,3.294104008503545,32.403125811983166,9.84375,1.3745506256818771,8.75530758497549,1150.48792932717,2329.47655476584,2965.376983958763,1945.1114489022298,20.298440000000003,-0.375,22.0,0.5719818476825732,0.7993520695228196,-0.22737022184024636,0.6965308489617928,0.4984074191424912,-0.19812342981930164,0.5223981367213447,1.2189289856831376
686580,Justin Slaten,BOS,2025,27,False,0,24,23.1,0.4863637954952948,7.7777780000000005,17.777777999999998,3.37862980636037,38.92817979155437,9.349361,0.7675214409828186,11.891201303305236,459.1836699999998,1639.5061893827158,3590.0432387926408,1353.233848026534,21.149440000000002,-0.125,11.0,1.0148370105139917,0.2841651837477431,0.7306718267662486,0.13618704864259057,0.4863637954952948,0.3501767468527042,0.2610251765649652,0.3972122252075558
700241,Michael McGreevy,STL,2025,24,False,3,4,21.1,0.4844216649739641,3.488372,18.604651,4.242312393918057,34.48480093621414,9.349361,0.1786288321018219,7.72749857838014,972.8298420216438,1795.565156381828,3328.1842796099513,1381.254387914024,20.488139999999998,-0.25,1.0,3.71925638510816,1.842642373377398,1.8766140117307621,0.23999848196458703,0.4844216649739641,0.24442318300937707,0.7831529411475997,1.0231514231121868
641941,Emilio Pagán,CIN,2025,34,False,0,40,40.0,0.4822680475040637,8.280255,31.847134,2.868982768789126,29.197477361080466,14.869281,1.4145784378051758,7.113065123687524,1888.9483225506879,2921.0110094608303,2677.9851782015735,2123.142277282378,14.88774,-0.25,14.0,0.5811329972423969,1.3117551894431851,-0.7306221922007883,1.088593518210112,0.4822680475040637,-0.6063254707060484,0.8164451386575842,1.9050386568676962
686563,Jonathan Cannon,CHW,2025,24,False,13,15,77.0,0.4769682688058397,8.479531999999999,17.836257,4.441558606589624,39.0243902,8.283133,-1.918085590004921,6.388301820435914,726.2780518098001,1632.382588008276,3571.530454518613,1191.490844500083,24.108439999999998,-1.5,0.0,1.0034916824226758,0.9517800135500375,0.05171166887263834,0.45238926569970916,0.4769682688058397,0.024579003106130537,0.5428671188396511,0.9952563845393603
663559,Bailey Falter,PIT,2025,28,False,19,19,97.1,0.4702638782599528,8.607595,14.936709,3.73273210156129,36.27486597558279,7.3770489999999995,-0.4726738333702087,5.962026500831911,456.67387889780804,1365.101758295145,3315.2472425611822,997.4347260069811,20.21254,-0.1499999999999999,-1.0,0.7845803118240201,0.7968792860853058,-0.012298974261285678,0.4776356708573036,0.4702638782599528,-0.007371792597350768,0.3519420732632764,0.82957774412058
642397,Gregory Soto,BAL,2025,30,False,0,42,33.2,0.4693105258250418,10.273973,27.397260000000003,3.8174287323580125,44.77299155212868,12.704173999999998,-0.7345252335071564,8.835411840776196,1239.6949856505303,2458.24729048602,4017.3026488770697,1784.00762599554,21.824540000000002,-1.125,0.0,0.6813484139990065,0.3123838888984695,0.36896452510053696,0.21516898571429852,0.4693105258250418,0.2541415401107433,0.14344599047619902,0.35861497619049754
660853,Enyel De Los Santos,ATL,2025,29,False,0,38,39.0,0.4651337057647549,8.695651999999999,22.360248,3.4715048360719276,36.45886969661136,12.996942,0.351992055773735,12.283929712483094,939.0362160018839,2041.587864758304,3328.853326466058,1641.11911003476,24.702840000000002,-0.625,2.0,0.574857554304133,0.33492042239893766,0.23993713190519533,0.2709937027709246,0.4651337057647549,0.19414000299383027,0.22820522338604182,0.4991989261569664
676254,Ryan Walker,SFG,2025,29,False,0,41,37.1,0.4581124607912862,5.882353,22.875817,4.098214994541169,49.019607799999996,7.952623,0.3252945840358734,8.330440961213405,1014.5351720417523,2153.0180692425993,4613.610142998847,1759.6782325289093,16.053500000000003,-0.5,10.0,0.5951757576857142,0.4196689814169708,0.1755067762687434,0.3230232201362991,0.4581124607912862,0.13508924065498712,0.22847983863299204,0.5515030587692911
671212,Joe Boyle,TBR,2025,25,False,1,3,14.0,0.4535272261497518,9.433962,28.301886999999997,1.2857142857142858,37.5,9.349361,-0.2428854703903198,109.09091,1029.159554030875,2563.189773513706,3396.2264250000003,2034.1981281249998,19.4142,-1.125,3.0,3.563428205462336,2.904430974305462,0.6589972311568739,0.3696548512752406,0.4535272261497518,0.08387237487451121,1.090932609861076,1.4605874611363168
669276,Dylan Lee,ATL,2025,30,False,0,44,42.1,0.4535199300327362,6.17284,27.777777999999998,2.558526254512482,37.98692525389344,16.183206,1.2388249635696411,5.676075690888054,1765.1093049705476,2606.3100208504798,3564.2053137051007,2050.8826830737275,19.82306,-1.15,13.0,0.5192318438854605,1.284901075442932,-0.7656692315574715,1.1222891136130173,0.4535199300327362,-0.6687691835802811,0.6631708398622376,1.7854599534752549
623474,Jimmy Herget,COL,2025,31,False,0,34,49.0,0.4456101979793725,8.450704,18.779343,2.585338366234858,36.27251267980902,10.906702,1.4161016941070557,12.476522583571388,852.823400163673,1719.235630992528,3320.722999987589,1210.773426309612,21.963659999999997,-0.25,10.0,0.43833492944093383,0.49232922378757155,-0.05399429434663772,0.5005006631865354,0.4456101979793725,-0.0548904652071629,0.5299418786680963,1.0304425418546317
669199,Lake Bachar,MIA,2025,30,False,0,31,44.2,0.4385926068380461,11.60221,25.966851000000002,2.9473879779602874,35.36484926373403,12.152269,0.5517910975031555,10.772085468935284,1089.1223690177524,2295.41224165929,3126.1745185972154,1770.467108915118,24.10156,-0.25,9.0,0.4782842454659236,0.457423907753753,0.02086033771217055,0.419463417483732,0.4385926068380461,0.01912918935431407,0.5277120413505016,0.9471754588342336
677944,Slade Cecconi,CLE,2025,26,False,10,10,55.0,0.4359147294484828,7.758621000000001,24.137931000000002,3.4519977916292413,38.03440367883486,10.714286000000001,-0.2927796244621277,5.8838877711909845,1406.30439625566,2226.516041646849,3508.3458447784005,1531.830225397878,24.505840000000006,-0.025000000000000022,0.0,1.2839670212846221,2.4862408413771466,-1.2022738200925245,0.8440941128132288,0.4359147294484828,-0.40817938336474596,1.9414164594704262,2.785510572283655
607067,Colin Rea,CHC,2025,35,False,15,19,92.0,0.4343460026880558,6.036745000000001,17.060367000000003,4.068264765611305,35.9927219970156,8.402204000000001,0.059919387102127,5.75947473525125,890.1061284687241,1603.0476148145854,3381.993315149686,1176.5770303647394,25.417240000000003,1.2,2.0,0.7648266569072286,1.424227672884319,-0.6594010159770904,0.8088206537367737,0.4343460026880558,-0.3744746510487179,1.3196547508336836,2.128475404570457
669387,Carmen Mlodzinski,PIT,2025,26,False,9,16,57.0,0.4306900352884851,6.324111,16.996047,4.663918732905626,41.31933956663161,8.673469,0.5139891505241394,5.219409553773659,778.1620035573121,1592.119812210783,3870.625866797091,1168.4782312500001,20.913439999999998,0.0,5.0,0.8311562084514624,0.6420208257722992,0.1891353826791632,0.3326835188092823,0.4306900352884851,0.09800651647920278,0.7069524774697249,1.0396359962790072
660271,Shohei Ohtani,LAD,2025,30,False,5,5,9.0,0.4250049031561161,6.060606,30.303029999999996,1.0185445945829448,34.211853093626246,9.349361,1.048584222793579,171.428572,2077.922064069264,2846.6482745638195,3213.8407472322747,2886.0028499278496,21.924539999999997,-0.125,0.0,7.65008825681009,4.571675967247028,3.0784122895630617,0.25398199818039047,0.4250049031561161,0.17102290497572564,0.6404763432375065,0.8944583414178969
607481,Aaron Bummer,ATL,2025,31,False,2,31,39.1,0.4243664161049794,8.284023999999999,24.852071000000002,3.901030132143231,55.71051579978936,9.90991,0.1555374562740326,4.853608672073735,1108.8850377812983,2279.331947386296,5109.544330041102,1633.7935629246113,14.794059999999998,-0.275,8.0,0.5231320014388748,0.4487447856030851,0.07438721583578972,0.36402325969046945,0.4243664161049794,0.060343156414509935,0.4579647460622035,0.821988005752673
679358,Eric Orze,TBR,2025,27,False,0,31,39.2,0.4229175669414807,9.146341,23.170732,2.7226892542800445,40.3669724,13.636364,0.7604499459266663,8.998372723477013,1137.1127826466711,2105.145783908388,3667.4871452920115,1743.1192927500558,23.31764,-0.5,-2.0,0.5200159879229431,0.48716100901705717,0.032854978905885956,0.3961973351342042,0.4229175669414807,0.026720231807276507,0.4984418087172246,0.8946391438514287
666374,Matt Brash,SEA,2025,27,False,0,24,21.2,0.42252617063892,8.139535,26.744186,0.9020965835215282,58.023219609405096,9.349361,0.450581282377243,11.521662065620514,1808.7855097545219,2456.73336200649,5330.0399341170705,1881.9982641688198,17.19764,-0.125,22.0,0.9606491238111294,1.3575490396093157,-0.3968999157981863,0.5970962580854251,0.42252617063892,-0.1745700874465051,1.1444344946637315,1.7415307527491566
682243,Bryce Miller,SEA,2025,26,False,10,10,48.2,0.4140372674143979,10.648148,18.055556,6.225083704810988,36.21938310523072,9.518348999999999,-1.7327336072921753,7.389109216142657,490.34954293166396,1613.2973674897119,3236.2689587498753,1183.7748652501841,22.363300000000002,-1.125,0.0,1.3915775377828312,-0.06028182678357785,1.451859364566409,-0.017935704018323784,0.4140372674143979,0.4319729714327217,-0.05124486862378223,-0.06918057264210602
690990,Cade Horton,CHC,2025,23,False,10,11,56.2,0.4107015638188728,7.317073000000001,17.479675,4.623463217634243,47.8914831742422,11.91766,1.8022064343094824,6.007388964281932,702.733115291472,1620.067442008725,4438.722838960018,1181.586962926375,21.944139999999997,1.4500000000000002,0.0,1.1838728352074268,2.240195995286598,-1.0563231600791712,0.7771544131796717,0.4107015638188728,-0.3664528493607989,1.5543088263593434,2.331463239539015
669467,Andre Pallante,STL,2025,26,False,18,18,100.1,0.4092521271375139,7.529412000000001,15.058824000000001,4.51009942906894,62.305872247298865,9.75,-1.3032621145248413,3.0485471826208244,533.952912686028,1392.498309868512,5761.460642560607,1045.36790090304,9.54056,-1.625,0.0,0.6623261198429296,1.2895682154564725,-0.6272420956135429,0.7968257923900797,0.4092521271375139,-0.38757366525256576,0.6640214936583996,1.4608472860484794
674444,Steven Cruz,KCR,2025,26,False,0,37,37.0,0.4058469269617475,7.586207,22.068966,2.675676341623865,44.554455399999995,10.816327000000001,0.5218657851219177,9.654725884551342,1093.0384134547821,2039.4768556480378,4117.446218563332,1595.0836873062478,21.2717,0.0,2.0,0.5286978886366549,0.42755262994206067,0.10114525869459423,0.3282043009928681,0.4058469269617475,0.07764262596887939,0.2927227549395851,0.6209270559324532
641745,Brad Keller,CHC,2025,29,False,1,40,42.0,0.4041917601379809,7.909605,22.598869999999998,3.341789138693722,58.790924226467325,10.027854999999999,1.8002641648054123,7.465380944354545,1105.948518912375,2081.13886485365,5414.079434430446,1627.8846964952597,15.159640000000003,0.0,23.0,0.46385816282501624,0.8248354724571552,-0.3609773096321389,0.7187363038008405,0.4041917601379809,-0.3145445436628596,0.5390522278506304,1.257788531651471
657514,Brennan Bernardino,BOS,2025,33,False,1,41,38.2,0.404144084117244,11.176471000000001,18.823529,3.3980474231764104,48.727210301835896,9.162716999999999,0.7342911027371883,18.245788640770602,483.60841321320595,1671.972274013841,4328.122777334219,1407.6726092071613,17.54446,-0.375,-2.0,0.5099409647762084,0.27335710246596584,0.2365838623102426,0.21664401066804762,0.404144084117244,0.1875000734491964,0.1532360075456922,0.36988001821373984
663372,Ryan Feltner,COL,2025,28,False,6,6,30.1,0.3966526726908468,8.888888999999999,18.518519,4.176315171923537,45.45346864260076,11.854685,0.0744405314326286,6.539915403908771,684.3391892837002,1687.242840164609,4141.316026831017,1303.8549042705972,17.65024,-1.0,0.0,2.1348084045155207,1.867029482654936,0.2677789218605846,0.34689868782662703,0.3966526726908468,0.04975398486421978,0.9303192082623178,1.2772178960889449
694819,Jacob Misiorowski,MIL,2025,23,False,5,5,25.2,0.3814349577859438,11.22449,33.673469,2.851153476679275,40.57452241468453,9.349361,0.4888676181435585,5.040836162822732,1935.2568204081629,2989.3793839441896,3602.0239203700507,2431.972753628118,27.035639999999997,-0.125,-1.0,2.452081871481067,4.342485013013908,-1.890403141532841,0.6754976686910524,0.3814349577859438,-0.29406271090510866,1.7034289036556975,2.37892657234675
571760,Andrew Heaney,PIT,2025,34,False,18,19,98.0,0.3811069460865093,8.009708999999999,17.718447,4.52114546424122,37.139132868298034,8.690176,-1.9120674431324003,4.4969987672692655,734.3544471741662,1629.9250955980772,3416.4396400424007,1220.3433662508842,24.62644,-0.25,-3.0,0.6299931149593316,0.7642041234761959,-0.1342110085168643,0.4622963216090568,0.3811069460865093,-0.08118937552254751,0.34063939486983136,0.8029357164788882
694297,Brandon Pfaadt,ARI,2025,26,False,19,19,99.1,0.3786491563132212,5.348837,19.534883999999998,5.135197625869458,40.73398541490086,9.461078,-1.07696795463562,3.9060445477609838,972.827877444283,1848.9994896700919,3855.5190931454035,1113.6128056761959,25.53916,-1.0,0.0,0.6189824755069813,1.342875499370122,-0.7238930238631407,0.8214750739974017,0.3786491563132212,-0.4428259176841805,0.6052974229454539,1.4267724969428555
668909,Gavin Williams,CLE,2025,25,False,19,19,97.1,0.3767769082654059,13.539192,22.565321,3.7154575625903212,41.643965859144,11.867267,1.3289624452590942,5.257974921912848,713.7630841684702,1951.0158864393682,3600.5709365060043,1495.903306050335,22.04674,1.9249999999999998,0.0,0.6286082300617483,2.0842071315350523,-1.4555989014733042,1.2492377313089726,0.3767769082654059,-0.8724608230435668,0.9204909599118747,2.1697286912208473
680732,Sean Burke,CHW,2025,25,False,16,19,97.0,0.3766442363551762,10.141509,18.867925,4.360824870890928,32.8767123,9.506399,-1.365283086895943,5.995653388580519,632.775531709568,1695.443268801175,2954.2517563191395,1234.410011992325,24.827560000000002,-0.1499999999999999,2.0,0.6290347040158613,0.5712783306069078,0.057756373408953454,0.3420617164745065,0.3766442363551762,0.03458251988066968,0.2520454752970048,0.5941071917715113
663574,Tony Santillan,CIN,2025,28,False,0,47,44.0,0.3721942549238631,8.743169,20.765027,3.009422754418721,30.81955941434736,11.796247,1.2483867406845093,9.912091324994025,993.1100128771681,1894.950559649437,2812.4953249695563,1598.577475726429,22.55746,0.75,23.0,0.4077218883484137,0.46582249329403036,-0.05810060494561664,0.4252321515547165,0.3721942549238631,-0.0530378966308534,0.20809232948422296,0.6333244810389395
518489,Ryan Brasier,CHC,2025,37,False,0,17,16.1,0.3717333625924445,5.0,20.0,1.145756303998013,42.344835636892036,9.349361,-0.4780219793319702,173.333334,1300.000005,1900.0,4022.7593855047435,1333.3333400000001,21.77476,-0.125,0.0,1.1128911849040883,0.9935669182829171,0.11932426662117124,0.3318760868123437,0.3717333625924445,0.03985727578010079,1.012222064777648,1.344098151589992
685126,Brandon Eisert,CHW,2025,27,False,3,41,40.1,0.3711196578700151,5.617978,24.719101,4.68595139194293,38.9830508,13.218390999999999,-1.1903596967458725,5.62481,1396.7224396011898,2333.038734402222,3679.299158232718,1848.739487385516,25.408660000000005,-0.65,-4.0,0.44608397778889597,0.09453627305195662,0.35154770473693936,0.07864947197890997,0.3711196578700151,0.29247018589110513,0.055630114326546076,0.13427958630545606
594902,Ben Lively,CLE,2025,33,False,9,9,44.2,0.3677678667840124,8.426966,16.292135,3.2385480938791376,28.893831074001685,6.111111,0.5611765384674072,8.994169580621824,652.4915966443288,1491.92023228759,2645.895775329813,1106.40618672648,20.978260000000002,-0.25,0.0,1.347927475543213,1.3513093982792863,-0.003381922736073406,0.3686905889132374,0.3677678667840124,-0.0009227221292250065,1.020329769318029,1.3890203582312666
605130,Scott Barlow,CIN,2025,32,False,0,46,42.2,0.3675168895876904,14.20765,25.136612000000003,3.7241609098153665,44.17520723383524,11.533421,0.7403467446565628,10.191913402901113,780.6401381733021,2156.5290145182003,3789.8948403277245,1931.7951852054243,21.187160000000002,-1.0,14.0,0.4197704757849924,0.44104079253054274,-0.021270316745550355,0.3861394490620104,0.3675168895876904,-0.01862255947432001,0.20146406038017933,0.5876035094421898
527048,Martín Pérez,CHW,2025,34,False,4,4,20.0,0.3648348770966803,13.253012,21.686747,3.150000150203712,32.0754716,9.349361,0.665368128567934,17.163504888888887,651.38603356842,1881.2599817680361,2782.450549979541,1391.225270652421,21.767540000000004,-0.125,0.0,2.95516250448311,1.8266296129604205,1.1285328915226895,0.22550982876054573,0.3648348770966803,0.13932504833613454,0.6655290068299032,0.8910388355904489
621051,Steven Wilson,CHW,2025,30,False,0,31,29.1,0.361876653127414,12.5,21.875,2.147727666953882,30.487804800000003,9.349361,-0.0609107241034507,16.858852840873382,831.653221875,1914.0625,2667.68292,1493.9024406249998,17.022800000000004,-0.75,9.0,0.5993970680667132,0.3366529078076948,0.2627441602590184,0.20324895471377424,0.361876653127414,0.15862769841363977,0.25570029786571596,0.4589492525794902
641927,Bailey Ober,MIN,2025,29,False,17,17,92.0,0.3609745232061215,5.418719,18.226601000000002,5.13340882341368,29.092350070739382,11.709287,-2.090261936187744,5.413476503704289,967.3257008580662,1723.8952708558813,2751.5917369909716,1256.8015655510483,18.41636,-0.75,0.0,0.6356290517325183,0.7657988854889036,-0.13016983375638536,0.4348981324998712,0.3609745232061215,-0.07392360929374969,0.40931588941164354,0.8442140219115147
489446,Kirby Yates,LAD,2025,38,False,0,34,27.2,0.3547635939205399,7.627119,35.593219999999995,3.9760061049040942,34.73818928243458,9.349361,-0.1587400585412979,4.326375560992435,2144.067752655367,3287.84827546682,3208.8666247418055,2318.952206728299,22.705740000000002,-0.025000000000000022,-2.0,0.6286619568738979,0.9182282320833803,-0.2895662752094824,0.5181702886445632,0.3547635939205399,-0.16340669472402325,0.5486508938589492,1.0668211825035123
668941,JoJo Romero,STL,2025,28,False,0,36,29.1,0.3541400951560032,12.096774,20.967742,2.468255063017075,49.47819271645082,9.349361,1.0376920700073242,17.42217267702503,660.6039990562801,1843.132163735692,4349.292756425731,1527.2799692154522,14.210040000000001,-0.25,17.0,0.5865825631106307,0.4811775991638525,0.10540496394677823,0.29050348829186945,0.3541400951560032,0.06363660686413375,0.2743644056089878,0.5648678939008572
593974,Wandy Peralta,SDP,2025,33,False,0,42,42.1,0.3518089064042669,11.640212,21.164020999999998,3.614174034057014,60.0,13.929618999999999,0.4743616431951523,9.442142781918557,687.2851812469319,1870.0484087875477,5301.58728,1466.4833537141187,13.200600000000001,-0.25,-2.0,0.402783593555479,0.2892699051113049,0.11351368844417409,0.25266105819887835,0.3518089064042669,0.09914784820538852,0.16844070546591888,0.42110176366479724
666808,Camilo Doval,SFG,2025,27,False,0,43,42.2,0.3499891766879877,12.716763,23.121387,2.953125260592083,52.2935779,11.773472,0.1245812177658081,9.94095787468258,719.018731115184,2018.1095012897188,4564.352753423663,1534.419310683132,15.2634,-1.75,12.0,0.3997506710038153,0.33423565215341416,0.06551501885040112,0.29262955437498084,0.3499891766879877,0.05735962231300684,0.1837441387935926,0.4763736931685735
696147,Sam Bachman,LAA,2025,25,False,0,12,11.0,0.337103762693365,8.510638,23.404255,3.251043439614467,55.150109598208765,9.349361,-0.4780219793319702,123.076924,916.5302837970539,2141.24035803531,5045.648341370196,1389.627640625,12.716440000000002,-0.25,0.0,1.4771273965291085,0.41197856066841176,1.0651488358606969,0.09402000347204417,0.337103762693365,0.24308375922132083,0.2521445547659366,0.34616455823798076
670036,Matt Festa,CLE,2025,32,False,0,31,27.2,0.3315894615021182,7.142856999999999,17.857143,4.901719350577039,42.89714075883208,9.349361,0.0363614335656166,14.272259218589262,595.238115873016,1658.1632811224492,3983.305933733999,1306.6202247386761,24.500800000000005,0.10000000000000009,3.0,0.5875960310441948,0.11835799412008156,0.4692380369241132,0.06679123319639457,0.3315894615021182,0.26479822830572364,0.08402768047288349,0.15081891366927808
700669,Gordon Graceffo,STL,2025,25,False,0,12,21.0,0.3297665523918995,4.444444,23.333333,6.033511165739193,38.654838059727204,9.349361,-0.0861811190843582,6.913248485126496,640.301320433145,2229.629608148148,3693.684542887194,1640.6249765625,22.20744,-0.25,-1.0,0.756892753585217,0.1778253914436207,0.5790673621415963,0.07747579295261482,0.3297665523918995,0.2522907594392847,0.25281574542432206,0.33029153837693687
675848,Juan Mejia,COL,2025,24,False,0,29,34.0,0.3290957436922945,7.1942450000000004,23.021583,3.4930579903701813,35.548379054635795,12.477718,0.7975713610649109,5.6036479515144615,938.909882965492,2136.535391610165,3299.0941571916615,1558.753007951139,22.75176,0.0,9.0,0.46654161311672343,0.47082584175943704,-0.004284228642713606,0.33211781368922944,0.3290957436922945,-0.0030220699969349396,0.4695458745261519,0.8016636882153814
677952,Braxton Ashcraft,PIT,2025,25,False,1,11,22.0,0.3256570486183373,6.521739,20.652174000000002,2.013964916245815,51.16380348533236,9.349361,1.0774591863155365,15.575675645394455,1221.804524231775,1930.5293113894143,4782.703375954608,1325.438022972096,18.84064,0.125,3.0,0.713484988336539,0.7887454155771992,-0.07526042724066029,0.36000828096884613,0.3256570486183373,-0.034351232350508853,1.0624634633470826,1.4224717443159287
676879,Aaron Ashby,MIL,2025,27,False,0,13,21.2,0.3238782340667959,8.139535,30.232557999999997,1.6887602228875442,70.94745078441397,9.349361,0.9638057202100754,8.052016688826537,1975.7987980525618,2777.17683601947,6517.265819620883,2418.6046399999996,7.714040000000001,-0.025000000000000022,12.0,0.7363646642462057,1.2765119184109324,-0.5401472541647266,0.5614533749027336,0.3238782340667959,-0.23757514083593773,1.4158389454068936,1.977292320309627
663465,Kolby Allard,CLE,2025,27,False,1,17,36.2,0.3212760083932933,6.329114,10.126582,2.4657128425818557,34.90180317462121,6.386861000000001,0.5816493779420853,19.270514718609068,302.58709201170007,948.5659080916521,3269.282826364381,736.4786936708861,21.705260000000003,0.125,3.0,0.4277763426673132,0.2129321598536617,0.21484418281365147,0.15992000387349697,0.3212760083932933,0.16135600451979631,0.44256931304525904,0.602489316918756
621345,A.J. Minter,NYM,2025,31,False,0,13,11.0,0.3198585570228103,11.363636000000001,31.818182,1.673484154258051,49.31653493852598,9.349361,-0.4780219793319702,163.636364,1673.553767355372,2820.247961570248,4371.238342029907,2290.909104,20.574,-0.625,0.0,1.4015620407726779,1.3940270899141844,0.007534950858493428,0.31813896242854833,0.3198585570228103,0.001719594594261964,1.0033613430438832,1.3215003054724317
685299,Tanner Gordon,COL,2025,27,False,3,3,17.0,0.3189791537646665,4.225352,14.084506999999999,3.725928294447026,38.81719552050814,9.349361,-1.3268150091171265,6.329496520004668,585.6923802398549,1348.9387001785358,3717.703237323844,947.0616732151528,27.238960000000002,-0.875,0.0,3.0396837005809396,0.9858351288236973,2.0538485717572423,0.10345183450619044,0.3189791537646665,0.21552731925847607,0.27743901072114713,0.38089084522733757
681517,Kyle Leahy,STL,2025,28,False,0,38,49.1,0.3149737050404041,8.374384,18.719212,3.1186732943951743,44.73370843185495,9.986858999999999,1.15009044110775,9.203779704894838,821.610891485124,1715.159330534592,4098.753591033104,1311.6182518347239,23.83796,0.25,11.0,0.3092002562718427,0.4355547612504056,-0.12635450497856288,0.44368752650196913,0.3149737050404041,-0.12871382146156501,0.37363160126481615,0.8173191277667853
681982,Grant Anderson,MIL,2025,28,False,0,42,47.1,0.298104845014694,10.204082,25.0,2.898840455665905,47.576525820136425,13.350449000000001,-0.1335387676954269,7.130410785698329,1101.8236792770301,2244.89795,4272.177811269853,1653.5432999999998,19.60556,0.125,-2.0,0.3050669539216189,0.3407913075965606,-0.0357243536749417,0.33301391260991714,0.298104845014694,-0.034909067595223164,0.22200927507327806,0.5550231876831953
669438,Mason Englert,TBR,2025,25,False,0,15,24.1,0.29783815694038,3.883495,21.359223,4.438356222366388,44.5945945,9.349361,0.7550275325775146,8.51363464587085,1137.119285037904,2052.973864275615,4286.276565232222,1167.6375311197412,24.60274,-0.25,-1.0,0.59567631388076,0.4208083219147342,0.17486799196602582,0.2104041609573671,0.29783815694038,0.08743399598301291,0.6209488652644248,0.831353026221792
672582,Angel Zerpa,KCR,2025,25,False,1,41,40.1,0.2960639266685655,7.692308000000001,22.485207,3.793389325757747,66.6666666,6.647399,-0.2296353504061699,4.453181434769637,1130.8621137586188,2075.557562312244,6153.846127179488,1589.471525433585,7.732400000000002,0.475,5.0,0.3558673632275526,0.283923370117722,0.07194399310983057,0.23621010667470232,0.2960639266685655,0.05985381999386319,0.16707544130649676,0.4032855479811991
596001,Jakob Junis,CLE,2025,32,False,0,37,40.0,0.2947757272654034,6.9364159999999995,17.919075,3.6163793117179917,36.53365637194128,8.923077,0.8232024908065796,10.737818167100105,841.736641251424,1667.6133414648,3399.9529985972927,1326.2937395931,19.918060000000004,0.375,3.0,0.35520475135481117,0.25154335771629677,0.1036613936385144,0.2087496744533583,0.2947757272654034,0.08602605281204512,0.1861821420800223,0.3949318165333806
668820,Max Kranick,NYM,2025,27,False,0,24,37.0,0.2947490221657882,3.378378,16.891892,3.731417258409714,37.760167367313194,9.640832000000001,0.0718217343091964,7.329356837579705,1013.5135499999999,1632.122003688824,3648.4486180212707,1116.58269295694,20.36804,0.125,3.0,0.38397034779435113,0.212051075298268,0.17191927249608313,0.16277779639078663,0.2947490221657882,0.13197122577500156,0.3119907764156744,0.474768572806461
695505,Chase Burns,CIN,2025,22,False,4,4,16.0,0.2917619609814497,12.162162,33.783784,6.0690020809873415,32.6849538962872,9.349361,0.2108592689037323,4.084050884154408,1289.3627901314155,2967.494546018992,2870.975685379544,2195.94596,23.9275,-0.25,1.0,2.954089854937178,2.542068543258953,0.4120213116782252,0.25106849809964965,0.2917619609814497,0.040693462881800035,0.6143165379033981,0.8653850360030477
592791,Jameson Taillon,CHC,2025,33,False,17,17,95.1,0.290972972957335,5.1546389999999995,19.072165,4.61307071844218,33.08549284275724,9.578031,0.3188104033470154,4.461868607112376,1073.4262133691598,1808.9063744765647,3138.0055125342265,1388.24603055614,20.422240000000002,-0.125,0.0,0.49566373942258957,1.7427528557838694,-1.2470891163612798,1.0230604727471975,0.290972972957335,-0.7320874997898625,0.9628804449385386,1.985940917685736
605347,Jorge López,WSN,2025,32,False,0,26,24.2,0.2902718053624223,6.603774,16.037736,6.552567559093339,46.80110905268594,9.349361,-0.4780219793319702,10.8809822196365,477.3135526729559,1497.8640159843358,4371.046958135302,1075.9493837114878,25.116460000000004,-0.375,0.0,0.5781446701846593,-0.11252063737351492,0.6906653075581742,-0.05649376399251164,0.2902718053624223,0.34676556935493397,-0.09560483137194277,-0.15209859536445441
606160,Rafael Montero,- - -,2025,34,False,0,34,34.0,0.285344742855582,12.056738,25.531914999999998,3.970588715585929,44.8275862,14.057507999999999,0.6886084601283073,9.414365693463742,881.8833091196019,2245.35989020673,3942.2841580141844,1682.7853091392647,16.93184,0.725,-1.0,0.4045181354599721,0.4075923953533953,-0.0030742598934231924,0.2875133079256315,0.285344742855582,-0.002168565070049533,0.3044258554506687,0.5919391633763003
678226,Daysbel Hernández,ATL,2025,28,False,0,30,30.0,0.2757888791006545,19.2,24.0,2.1060461305822176,48.933788882990484,12.318840999999999,0.002395044080913,165.853658,398.04877920000007,1939.1999999999998,3953.850141745631,1773.913032,18.4127,-0.5,5.0,0.44310079908838496,0.4128714061735125,0.030229392914872477,0.25697390425737293,0.2757888791006545,0.018814974843281596,0.34263187234316383,0.5996057766005367
666974,Yennier Cano,BAL,2025,31,False,0,38,32.2,0.2757833571776454,7.801418,25.531914999999998,4.777349826279078,53.413393460478986,10.526316,-0.7185811400413513,3.8399584025072713,1212.699079904322,2354.0063587445297,4924.639136864235,1784.4886797757947,14.184740000000001,-0.17500000000000004,3.0,0.41281856571312137,0.21637158049624022,0.19644698521688114,0.1445469894601439,0.2757833571776454,0.1312363677175015,0.1217237805980159,0.2662707700581598
573124,Taylor Rogers,CIN,2025,34,False,0,36,29.1,0.2742840443375537,11.627907,24.806202,2.708480801852966,40.736846127425736,9.349361,-0.2148605585098266,8.053346521738876,951.0109734036598,2192.175990120786,3600.000354499557,1837.4964426069478,22.667740000000002,-0.5,-2.0,0.4543124033357419,0.3020755316945332,0.1522368716412087,0.18237340191516424,0.2742840443375537,0.09191064242238947,0.17224154625321067,0.3546149481683749
670167,John Schreiber,KCR,2025,31,False,0,43,37.1,0.2721657716338937,7.594937,25.316456,3.133929543772406,40.9523809,10.23622,0.5035926103591919,5.2189840568565735,1469.1414643405262,2339.368711616728,3784.2073370644966,1767.3752363983758,22.69164,0.0,14.0,0.3535954229852743,0.4762095288596042,-0.12261410587432992,0.3665430191014796,0.2721657716338937,-0.09437724746758586,0.23015491897069648,0.5966979380721761
656222,Jalen Beeks,ARI,2025,31,False,0,42,41.0,0.2666580878266441,8.823528999999999,22.941176,4.365395061047445,50.40108852041233,13.767019999999999,1.0625689402222631,5.309716947908317,878.286801046354,2091.695468269896,4595.393385849808,1469.040223983488,18.94916,-0.625,9.0,0.3134858495913231,0.7524775295785762,-0.4389916799872531,0.6400742471519009,0.2666580878266441,-0.3734161593252568,0.4267161647679339,1.0667904119198348
686701,Ryan Bergert,SDP,2025,25,False,6,10,31.2,0.2632392670541819,10.769231,23.076923,2.8421054058127857,28.5714285,8.082707,0.4648489877581596,8.578301592822571,1058.304724311612,2059.171585443787,2549.4505364835163,1628.959263800905,24.937460000000005,-0.25,0.0,0.9280871594858976,0.775246070243053,0.15284108924284456,0.21988797628712048,0.2632392670541819,0.0433512907670614,0.5380237717663587,0.7579117480534792
683769,Hunter Gaddis,CLE,2025,27,False,0,41,39.0,0.2630386825528878,9.523810000000001,26.190476,3.709106818654204,35.31943151231016,14.285713999999999,0.7266206741333008,6.274966891857818,1319.444397222222,2369.6144827664402,3195.5675961997613,1860.258098375612,21.7859,0.35,19.0,0.3250888333089537,0.5050487840982572,-0.17995995078930344,0.40864943111684704,0.2630386825528878,-0.14561074856395922,0.2890447195704528,0.6976941506872998
681869,Shawn Dubin,HOU,2025,29,False,0,18,20.1,0.2559532904953046,8.641975,22.222222,1.334359434027684,42.262294175378706,9.349361,-0.3636762835085392,10.360416268109777,1345.213149301188,2030.1783130315498,3860.9997278316023,1737.3737159595958,19.6112,0.725,1.0,0.6137785374066508,0.4052880863139567,0.2084904510926941,0.16901017707283256,0.2559532904953046,0.08694311342247202,0.482886220208093,0.6518963972809255
642232,Ryan Yarbrough,NYY,2025,33,False,8,16,55.1,0.2527875349650798,7.522124,21.681416000000002,3.957854137843939,38.398969904430615,11.604096,0.2967740185558796,5.779881289631759,1148.7727404909,2005.051300352416,3551.055177349666,1715.3018976363842,26.19946,-0.25,-3.0,0.5046575108195785,0.8061361794254336,-0.30147866860585504,0.4038009407849218,0.2527875349650798,-0.15101340581984202,0.8580769991679587,1.2618779399528806
472610,Luis García,- - -,2025,38,False,0,31,30.1,0.2490421974726353,11.764706,21.323529,5.043956780697201,54.4444444,10.242086,0.2008049637079239,6.209211840361147,654.44223581279,1881.4878504325259,4803.9215583006535,1499.6767578054298,18.748759999999997,-0.25,2.0,0.3987984690425589,0.13192532735728418,0.2668731416852747,0.08238490359863597,0.2490421974726353,0.16665729387399936,0.10364552388215495,0.1860304274807909
676428,Brant Hurter,DET,2025,26,False,4,29,44.0,0.2488377541189937,9.693878,23.979592,3.192626820461923,50.08602911836528,10.312076000000001,0.2663196101784706,5.984868887777969,1007.3259941391941,2165.503960662224,4523.0750560586475,1813.091100099552,20.33334,-0.625,10.0,0.6220943852974843,1.3393128337483127,-0.7172184484508284,0.535725133499325,0.2488377541189937,-0.2868873793803314,0.7574044990852528,1.2931296325845778
592773,Ryne Stanek,NYM,2025,33,False,0,37,31.2,0.2469844436885374,12.5,25.0,4.650524368267052,34.24759367306212,13.333333,-0.6715648174285889,8.265059417472772,781.25,2187.5,2996.6644463929356,1833.3333249999998,22.23144,0.0,8.0,0.38155930082652256,0.04817277107428236,0.3333865297522402,0.031182374637294803,0.2469844436885374,0.21580206905124258,0.02781130710893861,0.058993681746233415
664192,Joey Lucchesi,SFG,2025,32,False,0,10,10.0,0.2426118003512407,4.7619050000000005,23.809524,2.700000281631976,62.0689655,9.349361,0.2712344229221344,150.0,1428.5714249999999,2267.57370861678,5911.330032840722,1984.1269920634918,13.236760000000002,-0.5,6.0,1.1693888776929802,1.0101673431100378,0.15922153458294241,0.20957828695228997,0.2426118003512407,0.03303351339895072,0.4977484315116887,0.7073267184639787
664849,Danny Young,NYM,2025,31,False,0,10,8.1,0.2415441187918892,8.108108,35.135135,4.4179986038957235,64.89017751283947,9.349361,-0.4780219793319702,123.076924,1663.2016740124739,3228.63403082542,5962.881183870673,2459.45945,3.5859999999999985,0.0,0.0,1.437336608119637,0.9110316893293361,0.526304918790301,0.153098686381071,0.2415441187918892,0.0884454324108182,0.4828497032018391,0.6359483895829101
608718,Brent Suter,CIN,2025,35,False,3,30,45.2,0.2389466026016805,5.405405,17.297297,3.0928956662124474,45.58167338437728,9.41337,0.3366520274430513,7.576118729422581,908.0016082545601,1636.230804309715,4311.779933217448,1291.206671861439,22.04906,0.25,-4.0,0.5815072187209038,0.9879228001536116,-0.40641558143270773,0.40594645969948406,0.2389466026016805,-0.16699985709780357,0.5412619462659788,0.9472084059654629
669084,DL Hall,MIL,2025,26,False,3,11,22.2,0.2367360765612752,12.5,17.045455,2.4213840299195954,40.38754312083885,9.349361,1.104948341846466,17.09229467883688,347.86645296846,1491.4773125000002,3533.9100230733993,1319.6481317815249,22.756040000000002,0.0,0.0,1.1730165955738863,0.7962568949887505,0.37675970058513575,0.16069911880682056,0.2367360765612752,0.07603695775445465,0.4052412561215475,0.565940374928368
664875,Justin Lawrence,PIT,2025,30,False,0,11,11.1,0.2361105465163546,13.636364,34.090909,0.7818922845919973,51.303024708912204,9.349361,-0.4780219793319702,184.615384,1888.1118398601404,2944.214855785124,4430.7157516595,2922.0779240259744,20.342599999999997,0.125,0.0,1.025272823611558,1.60532673055602,-0.5800539069444619,0.36969142550149003,0.2361105465163546,-0.13358087898513543,1.0910405484312269,1.460731973932717
681870,Erik Sabrowski,CLE,2025,27,False,0,7,7.2,0.2316775141973862,17.241379000000002,44.827586000000004,1.1792542884509611,36.10045089724049,9.349361,-0.4780219793319702,175.0,2413.7931125,3709.8692001189065,2987.623533733836,2852.664579937304,18.610460000000003,-0.125,0.0,1.550952247821391,1.9960850109805273,-0.4451327631591362,0.2981703750842281,0.2316775141973862,-0.06649286088684192,0.8251691775586779,1.123339552642906
664854,Ryan Helsley,STL,2025,30,False,0,33,33.0,0.2299306102369509,9.655171999999999,24.827586,3.291005782152948,44.689980495739626,15.053763,-0.5492632240056992,6.006222424915092,1288.2238244632404,2243.0439868252083,4037.5086012109514,1637.564187732942,23.846140000000002,-0.125,9.0,0.33583804283094043,0.2940606658909398,0.04177737694000061,0.20132784179255217,0.2299306102369509,0.02860276844439874,0.22573121655528575,0.4270590583478379
684320,Yariel Rodríguez,TOR,2025,28,False,1,39,47.1,0.2280928957236697,8.888888999999999,25.555556000000003,2.4793944760287214,39.510707495911745,12.188366,1.5168955475091934,6.947512355928833,1473.0639961279462,2328.395099382716,3599.864456348547,1860.6238256920083,25.49174,-0.025000000000000022,19.0,0.2334199060271949,0.9328028146041969,-0.699382908577002,0.9115147835655119,0.2280928957236697,-0.6834218878418421,0.724537392064894,1.6360521756304058
676092,Collin Snider,SEA,2025,29,False,0,24,26.1,0.2273478391883485,5.042017,20.168067,5.937850917619444,41.003075252150886,9.349361,-0.4780219793319702,5.490672646352783,845.0307294680999,1915.1189633288611,3893.5693227414645,1274.9927453201972,23.379760000000005,0.0,0.0,0.41985309765817613,-0.0713621413664076,0.49121523902458375,-0.038642155387204113,0.2273478391883485,0.2659899945755526,-0.0740641311588079,-0.11270628654601202
519151,Ryan Pressly,CHC,2025,36,False,0,38,35.2,0.2232605873985129,8.441558,15.584416000000001,3.4104985815909767,54.62245011934094,7.130125,-0.6832721829414368,9.192928310173125,530.1339921875,1426.884848439872,5001.14643114957,1161.995937480064,18.34596,0.25,9.0,0.305714781608191,0.1254922777156486,0.18022250389254238,0.09164581277159402,0.2232605873985129,0.1316147746269189,0.07717542128134232,0.16882123405293634
623465,Evan Phillips,LAD,2025,30,False,0,7,5.2,0.2232431424736642,9.090909,27.272727000000003,0.0,65.98000237285729,9.349361,-0.4780219793319702,200.0,1818.1818000000003,2479.3388206611576,5998.182039894299,2337.6623220779225,13.16124,0.125,0.0,2.069292205236657,1.4963646184542958,0.5729275867823611,0.16143352730212318,0.2232431424736642,0.061809615171541016,0.407093242761876,0.5685267700639991
677161,Zack Kelly,BOS,2025,30,False,0,17,22.2,0.2217381904183514,8.737864,24.271845,5.410224518611368,42.26230636722054,9.349361,-0.0184096023440361,5.919513949388704,888.992893794596,2215.1004193609197,3856.9483513589466,1949.10269719035,24.61076,-0.25,-3.0,0.4814315665839883,0.15335267748193843,0.32807888910204985,0.07063131618462724,0.2217381904183514,0.15110687423372415,0.18364142208003081,0.25427273826465807
640451,Hunter Harvey,KCR,2025,30,False,0,6,5.1,0.2193851610475497,0.0,41.176471,0.0,60.0,9.349361,-0.4780219793319702,200.0,4117.6471,4117.6471,6000.0,2058.82355,18.470960000000005,0.0,0.0,2.073404855390568,2.740358756016535,-0.6669539006259666,0.2899549721096333,0.2193851610475497,-0.07056981106208357,0.8024335274661946,1.092388499575828
694363,Jared Shuster,CHW,2025,26,False,2,12,15.2,0.2109142201183627,6.097561,14.634146000000001,8.042554527615795,43.548387,9.349361,-0.4780219793319702,111.76470599999999,477.0444563845051,1374.1820020820942,4089.299753815893,1138.211358807588,22.103099999999998,-0.25,0.0,1.526352908751309,0.7492538499895358,0.7770990587617732,0.10353325927128132,0.2109142201183627,0.10738096084708137,0.30554937492256196,0.4090826341938433
605400,Aaron Nola,PHI,2025,32,False,9,9,49.2,0.2094374852551514,7.272727,23.636364,6.002262435596534,45.11587963257352,11.239861,-0.6616799235343933,3.134348982885318,1124.019796439152,2191.735577355372,4183.472487324784,1602.19648828554,22.873099999999997,0.4750000000000001,0.0,0.6896112319376936,1.4393064973808654,-0.7496952654431718,0.4371227140193739,0.2094374852551514,-0.2276852287642225,1.1656605707183303,1.6027832847377042
608372,Tomoyuki Sugano,BAL,2025,35,False,18,18,99.1,0.2063415425540624,5.21327,13.981043000000001,4.528391371922342,41.85377840776296,7.936508000000001,-1.4431363344192505,4.9375845745338935,683.9522188851871,1325.2173479593903,3967.1827934164576,933.4524309188971,25.04144,0.25,0.0,0.3373090806635531,0.905756152739575,-0.568447072076022,0.554076757632666,0.2063415425540624,-0.34773521507860355,0.4617306313605549,1.0158073889932209
676961,Caleb Boushley,TEX,2025,31,False,0,15,30.1,0.2030336951051312,3.90625,22.65625,5.169208347778585,40.62821605165915,9.543567999999999,-0.9560677632689476,5.819743847937669,1218.2203312499998,2177.1240234375,3904.117636214122,1534.77821484375,26.854560000000003,0.125,1.0,0.3251237243876187,0.06898400070695013,0.2561397236806686,0.0430792203584896,0.2030336951051312,0.1599544747466416,0.1155306364159494,0.158609856774439
663687,Hogan Harris,ATH,2025,28,False,0,28,38.0,0.2009956835170219,13.96648,23.463687,4.263158563431715,30.0,9.366391,0.3772697150707245,9.738936230277027,691.5441992135379,2018.6635847882399,2581.0056,1606.522702521516,22.708060000000003,-0.75,3.0,0.25494715646106464,0.09943175941778815,0.1555153970432765,0.07839018377335995,0.2009956835170219,0.12260549974366196,0.11758527566003993,0.1959754594333999
605540,Brandon Woodruff,MIL,2025,32,False,2,2,10.1,0.1983759498414022,0.0,47.368421,2.655711520403034,36.51707025668366,9.349361,0.8385820388793945,2.4147971152197347,4736.8421,4736.8421,3651.707025668366,3078.947365,12.92224,-0.5,0.0,3.181871670723481,7.853872502063293,-4.672000831339812,0.48965501401752626,0.1983759498414022,-0.29127906417612404,1.2347822092615883,1.7244372232791145
664076,Garrett Cleavinger,TBR,2025,31,False,0,38,34.1,0.1965092219467867,7.142856999999999,32.857143,2.6213599597772697,38.1578947,15.789474,0.7811762094497681,5.042319474933316,2352.9412032866485,3051.0204261224494,3543.2330847368426,1937.728946996337,22.39316,-0.125,6.0,0.27776376826495947,1.4072806096763117,-1.1295168414113523,0.9956072363062703,0.1965092219467867,-0.7990980143594837,0.8384060937315961,1.8340133300378665
641329,Bryan Baker,- - -,2025,30,False,0,43,39.1,0.1961750923792178,6.962025,31.64557,4.118644743935305,37.113402,13.132911,0.3388093411922455,3.733355767653894,1844.17291024298,2944.23975052075,3452.9557674409502,2022.7065432598201,23.3081,-0.375,14.0,0.24183221106594113,0.9266913095554099,-0.6848590984894688,0.7517350664650732,0.1961750923792178,-0.5555599740858553,0.4720196928966739,1.223754759361747
656629,Michael Kopech,LAD,2025,29,False,0,8,7.0,0.1952912094835372,13.793103,27.586207,0.0,30.186929224407994,9.349361,-0.4780219793319702,200.0,1379.3104,2378.121305469679,2602.3214983948296,2434.077084989858,25.548699999999997,0.0,0.0,1.3447194710152135,1.460689723108211,-0.1159702520929975,0.21213336227712606,0.1952912094835372,-0.01684215279358886,0.5349450005249267,0.7470783628020528
676534,Calvin Faucher,MIA,2025,29,False,0,39,35.1,0.1948295750788383,10.322581,22.580645,3.974339526728816,44.478098898803225,8.43949,0.6502637267112732,6.27850409395642,854.0454408143842,2024.973962955255,3988.6811112714154,1810.9230193229,22.296260000000004,-0.5,13.0,0.2675437469743592,0.32819095390479586,-0.06064720693043668,0.23899382742859615,0.1948295750788383,-0.04416425234975785,0.18996945257144823,0.42896328000004436
676755,Isaac Mattson,PIT,2025,29,False,0,16,19.0,0.1921445220730771,9.589041,28.767123,1.865567723358536,23.941411524296218,9.349361,0.6502434611320496,7.849397563160078,1917.8082000000004,2600.863178100957,2164.565975725273,1853.8812472146121,16.783739999999995,0.0,7.0,0.4874403138906483,0.9176978155467644,-0.43025750165611615,0.3617481015640773,0.1921445220730771,-0.16960357949100016,1.0675980558354474,1.4293461573995248
656457,Tyler Gilbert,CHW,2025,31,False,3,23,27.1,0.1920805851878841,10.810811,24.324324,3.292683446198198,28.5714285,9.349361,0.4467914849519729,8.958870713052342,1069.4147026054832,2169.466730533236,2548.2625364864866,1644.4613456414158,21.16664,-0.875,3.0,0.7796628919065406,0.8314832060157115,-0.05182031410917087,0.20484722620932527,0.1920805851878841,-0.012766641021441177,0.41860085355818644,0.6234480797675117
677958,Kumar Rocker,TEX,2025,25,False,11,11,49.1,0.1894133616553435,6.726457,19.282511,6.543691828353167,47.35383290316801,11.229314,-1.1949011087417605,3.753093658577393,806.3520856378818,1798.548118906473,4416.859769508456,1185.6947713450131,20.65434,-1.25,0.0,0.6249483622844327,1.0883226122892804,-0.46337425000484767,0.32985580409508436,0.1894133616553435,-0.14044244243974086,0.8846132928004536,1.214469096895538
702352,Spencer Bivens,SFG,2025,31,False,0,31,46.0,0.1891123406923422,7.329842999999999,19.371727999999997,3.717391701735641,50.0,8.392603,-0.2117098271846771,7.860013821809198,819.9727114307248,1795.1810751212959,4633.50785,1484.694486276608,15.631500000000003,0.25,0.0,0.19815684394284552,0.18442317994552535,0.013733663997320178,0.17600552442933953,0.1891123406923422,0.013106816263002669,0.22142630492723364,0.3974318293565732
621112,Paul Blackburn,NYM,2025,31,False,4,6,18.2,0.1837796398605875,7.526882,16.129032,7.8892816296547945,41.097112448771654,9.349361,-0.2821702435612678,6.6769271094019125,513.1964496456499,1491.5018793617758,3800.37812893453,1082.9492891244238,22.459060000000004,-0.5,-1.0,1.110756065091463,-0.2616646031849467,1.3724206682764097,-0.04329359798150936,0.1837796398605875,0.22707323784209688,-0.13654134748014493,-0.1798349454616543
606965,Chris Devenski,NYM,2025,34,False,1,8,9.1,0.1829904393595135,5.555555999999999,19.444444,1.97232030979736,43.46809969752827,9.349361,-0.4780219793319702,150.0,1041.6666,1836.4197024691362,4105.320507669626,1570.512789102564,21.834960000000002,0.0,0.0,2.2119723439062073,3.120795235769277,-0.9088228918630699,0.25817487859545835,0.1829904393595135,-0.07518443923594484,0.8142438478779839,1.0724187264734422
669713,Hayden Wesneski,HOU,2025,27,False,6,6,32.0,0.1819207634795139,4.580153,22.137404999999998,4.521994881050182,38.447502926657776,10.03937,-0.0788959339261055,4.047377574102568,1340.248246687256,2112.347798077035,3668.6548467937373,1468.0594789875447,23.345239999999997,0.0,0.0,0.9209738651150391,2.2481724408737773,-1.3271985757587381,0.44408344511086956,0.1819207634795139,-0.2621626816313557,1.268809843173913,1.7128932882847825
668678,Zac Gallen,ARI,2025,29,False,20,20,115.0,0.1790338984525357,9.072581,22.177419,5.369434768384558,40.26293857877799,9.820486,-0.6855083703994751,3.6391461887708227,866.353265583636,2016.535469751561,3661.0050863238107,1410.693802025673,22.356360000000006,-0.875,0.0,0.2522042743418329,1.2701823096158282,-1.0179780352739953,0.9016726271964214,0.1790338984525357,-0.7226387287438857,0.5860872076776739,1.4877598348740952
622786,Jesus Tinoco,MIA,2025,30,False,0,20,19.1,0.1776824252822247,10.0,12.5,4.993620543582127,42.83076186960451,9.349361,-0.4780219793319702,10.683148768790673,137.711865,1125.0,3854.7685682644055,1028.2258125,19.00124,0.125,0.0,0.44839229835619004,-0.17539939330527593,0.623791691661466,-0.06950473884088734,0.1776824252822247,0.24718716412311204,-0.17376184710221837,-0.2432665859431057
681190,Randy Vásquez,SDP,2025,26,False,19,19,94.2,0.1645506223346236,11.165049,12.135922,3.8028170801869217,38.5113268,6.443299,0.3221065774559974,9.000959140316608,77.70188172161909,1078.0940362098222,3421.151829222987,833.8552807171941,21.89846,-0.6499999999999999,-1.0,0.282985146690117,0.7212666351375395,-0.43828148844742254,0.41940319154293965,0.1645506223346236,-0.25485256920831606,0.6842894177805858,1.1036926093235255
552640,Andrew Kittredge,BAL,2025,35,False,0,24,24.2,0.1638137267573336,5.940594,22.772277,4.093785972871002,45.9021350004046,9.349361,0.7573957741260529,4.985759020681328,1131.5417183875527,2141.946847887462,4317.527552269866,1454.895477530253,19.98044,-0.75,13.0,0.32627362106212726,0.4492527546516226,-0.12297913358949536,0.22555843698276487,0.1638137267573336,-0.061744710225431265,0.4323203375502993,0.6578787745330642
607192,Tyler Glasnow,LAD,2025,31,False,6,6,23.0,0.1632197542965113,14.43299,28.865979000000003,3.5870483548355883,38.013170104029165,9.349361,0.9104650616645812,4.664417795227769,1171.9093604106092,2469.97551375279,3252.6733064231644,2084.765143585338,22.063660000000002,-2.125,0.0,1.149634791131949,2.093127195814967,-0.9434924046830178,0.2971723796527422,0.1632197542965113,-0.13395262535623087,0.7493912182547412,1.0465635979074834
663623,Jake Irvin,WSN,2025,28,False,20,20,116.0,0.1618892030142465,7.692308000000001,16.801619000000002,4.567130228426023,43.17484802842458,7.35768,-2.6862010955810547,4.794570435717182,672.8468319147961,1550.9186717533482,3985.370573954623,1083.6816593062551,22.49394,-0.875,0.0,0.2260866455888615,0.702004747049505,-0.4759181014606435,0.5026700657885345,0.1618892030142465,-0.340780862774288,0.32673554276254735,0.8294056085510818
641656,Ian Hamilton,NYY,2025,30,False,0,31,36.1,0.1614539541151687,12.92517,27.210884,3.5160758580147142,40.14226449210621,12.0,0.2925551384687423,7.0642889782399605,1069.51869289534,2369.3830984497204,3495.3808564651845,1993.3554570795761,23.974760000000003,0.0,-2.0,0.21557009940030836,0.35424263096207004,-0.13867253156176168,0.26531450161267073,0.1614539541151687,-0.10386054749750204,0.3337827600933599,0.5990972617060306
676282,Joey Cantillo,CLE,2025,25,False,3,24,41.0,0.1608338849281969,11.049724,29.834253999999998,4.189707398629162,40.82387442365756,12.137203000000001,0.2408820986747741,3.411032451309848,1336.2978586758297,2653.765127554104,3631.2948973736807,1951.7736336964936,21.829539999999998,0.25,-2.0,0.43150554492930876,0.9155333879198886,-0.4840278429905798,0.3412442627701403,0.1608338849281969,-0.18041037784194341,0.6540515036427689,0.9952957664129092
623167,Chris Flexen,CHC,2025,31,False,1,18,36.2,0.1603820097342352,7.857143,13.571428999999998,1.5311469073934236,37.14459264634558,7.749077,0.3561320938169956,12.640178937475836,517.7373230297219,1250.5102416326529,3422.6088885354725,888.3117101948048,22.723940000000002,0.25,1.0,0.2135473168284568,0.28300359611834347,-0.06945627928988668,0.2125462692839011,0.1603820097342352,-0.052164259549665914,0.6140225557090476,0.8265688249929487
694335,Matt Svanson,STL,2025,26,False,0,17,26.0,0.1599948689007002,8.0,24.0,3.1327848099581193,47.97885345926204,9.349361,1.9446760416030884,8.263158276585841,1029.7029759999998,2208.0,4414.054518252107,1636.3636319999998,25.25866,-0.125,7.0,0.2966058723466827,0.860829967113589,-0.5642240947669063,0.46434811504052514,0.1599948689007002,-0.30435324613982495,1.4476735351263428,1.9120216501668679
677960,Ryan Weathers,MIA,2025,25,False,5,5,24.2,0.1588882455790698,7.8431370000000005,22.54902,3.202296892901363,40.10907464694587,9.349361,-0.1172660738229751,4.95070866510491,1030.7861924134138,2078.04694692426,3696.326497295364,1675.0700507002798,21.940240000000003,-0.5,0.0,1.0636320571822029,2.5464330996121216,-1.4828010424299187,0.38039309265810706,0.1588882455790698,-0.22150484707903725,1.0868374075945915,1.4672305002526986
607200,Erick Fedde,STL,2025,32,False,19,19,98.2,0.1581770062546564,10.697674,13.488372000000002,4.861460571774079,38.776013023424966,6.592040000000001,-1.5529230535030365,6.815328933904803,195.04878461615417,1204.542993553272,3462.7881559981415,832.6155547229401,23.103460000000002,-2.5,-3.0,0.26094373740584864,0.20702661652224907,0.05391712088359957,0.12549391199064727,0.1581770062546564,0.032683094264009116,0.092469198308898,0.2179631102995453
669684,Chris Murphy,BOS,2025,27,False,0,5,7.2,0.1560389027972003,10.0,20.0,0.0,45.999789224833314,9.349361,0.3296076357364654,200.0,1000.0,1800.0,4139.981030234998,1428.5714200000002,14.352500000000001,-0.25,5.0,1.0445937659479243,1.0950973153305337,-0.05050354938260937,0.1635830014601627,0.1560389027972003,-0.0075440986629623785,0.425315803796423,0.5888988052565857
593423,Frankie Montas,NYM,2025,32,False,4,4,19.2,0.1552932624789902,4.9382719999999996,20.987654,5.148090274794901,39.38473272915858,9.349361,-1.0875737816095352,4.450607209603749,1106.853927160494,1995.122655906112,3743.9807500519705,1399.176940329218,20.090540000000004,-0.25,-1.0,1.31028690216648,1.3956133507664317,-0.08532644859995164,0.165406026757503,0.1552932624789902,-0.010112764278512792,0.5216651613121248,0.6870711880696279
806188,Cade Gibson,MIA,2025,27,False,1,22,29.0,0.1549338155051149,7.3770489999999995,16.393442999999998,2.7237930671589043,54.91123315348781,9.349361,0.7419377025216818,7.412645585115484,685.4568554884479,1518.409067710293,5086.0404577250765,1206.9897654656818,17.015400000000003,0.0,4.0,0.25751068646022546,0.36876271650553183,-0.11125203004530637,0.2218696842045731,0.1549338155051149,-0.0669358686994582,0.48407931099179574,0.7059489951963689
445276,Kenley Jansen,LAA,2025,37,False,0,38,34.2,0.1546274390019352,7.534247,23.972603,3.352638177394187,26.681265500411673,10.909091,1.095718502998352,7.763618549644503,1361.4589343306159,2216.644787765059,2467.1033054884874,1438.35618,13.536160000000002,-2.75,25.0,0.217925221049511,0.9797440043349106,-0.7618187832853995,0.6951710570177166,0.1546274390019352,-0.5405436180157814,0.5854072059096561,1.2805782629273728
806185,Hayden Birdsong,SFG,2025,23,False,9,20,65.2,0.152100148245583,11.301369999999999,23.287671,4.111675228292425,34.4086021,11.367521,-0.3412004802376032,5.960563318638273,866.4795948382571,2065.5845135907302,3051.9958664851238,1556.6625049813201,21.971960000000003,0.125,4.0,0.25661067955543143,0.3194544588750646,-0.06284377931963314,0.18934937016958375,0.152100148245583,-0.037249221924000764,0.28402405525437563,0.4733734254239594
668964,Tobias Myers,MIL,2025,26,False,5,6,20.0,0.1518066162993646,10.416667,15.625,5.03109802100096,39.892597740990354,9.349361,0.216642141342163,9.693075350214515,395.955141325536,1399.739578125,3573.7118676661867,1004.46428125,21.468660000000003,0.0,2.0,1.2296335920248531,0.813645244367946,0.41598834765690706,0.10045003016888222,0.1518066162993646,0.05135658613048237,0.2533087717302248,0.353758801899107
689254,Mason Fluharty,TOR,2025,23,False,0,37,34.0,0.1512678982425976,11.034483,26.206897,5.575833293861629,39.81003097536797,12.142857,0.7880910634994507,5.303822440257015,885.6993017328901,2331.510140570749,3541.719987509626,1718.007703869732,19.315640000000002,0.25,2.0,0.2144444910380354,0.28654091557226513,-0.07209642453422974,0.20212429729163928,0.1512678982425976,-0.050856399049041684,0.18027302190875938,0.38239731920039866
670174,Josh Winckowski,BOS,2025,27,False,0,6,11.2,0.1505396612917161,9.615385,17.307692,3.754032792131076,52.21597692658931,9.349361,-0.4780219793319702,117.64705799999999,452.48864389140294,1564.34907795858,4719.520971358658,935.550917983368,19.45674,-0.125,0.0,0.6478581852018497,0.15928064790398358,0.4885775372978661,0.03701127088225344,0.1505396612917161,0.11352839040946264,0.09622930429385895,0.1332405751761124
642121,Cole Sulser,TBR,2025,35,False,0,13,14.0,0.144894199721157,6.896552,22.413793000000002,3.2142861727245653,36.585365800000005,9.349361,-0.4780219793319702,9.005145883038287,1234.3259956896552,2086.801411058264,3406.223702321279,1749.36919882254,20.49434,-0.25,0.0,0.49885003046855486,0.26672300756971756,0.2321270228988373,0.07747141298705489,0.144894199721157,0.06742278673410211,0.22863514564472295,0.3061065586317778
701552,Andre Granillo,STL,2025,25,False,0,5,6.2,0.1438487467226686,4.166667,8.333333,1.3575402148695777,28.273252910145906,9.349361,-0.4780219793319702,150.0,312.49994999999996,798.6110763888889,2709.5200611312316,674.603148015873,15.74236,0.25,0.0,1.1183079987149398,0.2927237862673307,0.8255842124476092,0.03765326711322511,0.1438487467226686,0.10619547960944348,0.1228685558431556,0.1605218229563807
681347,Mike Burrows,PIT,2025,25,False,9,10,41.0,0.1424249517257637,9.289617,22.95082,4.754921959282386,35.912117286444314,11.015737,0.3771522790193558,4.333594246821889,1054.9191475726311,2081.8776723640603,3257.6019133942846,1498.4419623899198,21.803940000000004,-0.375,1.0,0.5627522482822859,2.119787503125112,-1.557035254842826,0.5364894298032691,0.1424249517257637,-0.3940644780775054,1.5832980733218425,2.1197875031251114
680735,Austin Cox,ATL,2025,28,False,0,6,8.0,0.1422140414633056,3.125,34.375,2.25647790850879,34.77264697922829,9.349361,-0.4780219793319702,5.200419859950365,2840.90909375,3330.078125,3368.600176112741,2406.25,18.379340000000003,0.0,0.0,0.8568395998164163,1.616903852509056,-0.7600642526926397,0.26836578464880595,0.1422140414633056,-0.12615174318550035,0.7197082406490705,0.9880740252978764
688158,David Morgan,SDP,2025,25,False,1,17,21.0,0.1399173256678937,9.195402,25.287356,2.14285745000357,33.9285714,9.349361,0.0805746167898178,9.437816686614376,1456.599278378914,2296.208196062888,3080.870286691297,1806.239703448276,21.532560000000004,0.125,-5.0,0.32114357605678456,0.39206496350430853,-0.07092138744752396,0.1708166853442008,0.1399173256678937,-0.03089935967630711,0.4179557194592148,0.5887724048034155
686642,Fraser Ellard,CHW,2025,27,False,0,8,7.2,0.1339473353682919,21.428570999999998,39.285714,5.869566525538904,40.0,9.349361,-0.4780219793319702,75.0,669.6428625,3086.7346882653055,3142.8571599999996,2749.99998,20.46486,0.0,0.0,0.8967029951043987,0.341254073466574,0.5554489216378247,0.050975712219073294,0.1339473353682919,0.0829716231492186,0.1504405165489724,0.20141622876804569
674944,Sean Guenther,DET,2025,29,False,1,9,10.1,0.1336529261181795,11.627907,18.604651,5.0979043762943315,35.77573507023634,9.349361,-0.4780219793319702,106.666666,372.093011007752,1644.1319484045432,3161.576586770287,1178.294557131783,23.9613,0.0,0.0,1.4556259280197767,0.7889237954481211,0.6667021325716557,0.07243754849114566,0.1336529261181795,0.06121537762703384,0.2209345228979943,0.29337207138913995
669372,J.T. Ginn,ATH,2025,26,False,4,10,32.0,0.1302493767470924,6.617647,27.941176000000002,4.781250569969484,51.7241379,9.363958,-1.1569450795650482,2.812417903716015,1743.4331825101742,2609.212760467128,4830.121703998479,1798.5124755916163,14.97204,-1.0,1.0,0.4477322325681301,0.647583238226918,-0.19985100565878788,0.18838785112055795,0.1302493767470924,-0.05813847437346556,0.6593574789219528,0.8477453300425108
820862,José Fermin,LAA,2025,23,False,0,18,16.1,0.1262319102587067,12.162162,28.378377999999998,3.8315869859711045,32.74301993675594,9.349361,0.058300744742155,7.338833993795232,1168.7362871195517,2492.695369466764,2876.076080835539,2111.87930292269,20.34376,-0.625,2.0,0.37791168164407846,0.29412082697673686,0.0837908546673416,0.09824367872044532,0.1262319102587067,0.027988231538261382,0.26347168384119424,0.36171536256163955
554340,Yimi García,TOR,2025,34,False,0,22,21.0,0.1243664878401101,13.333333,27.777777999999998,3.868945195242649,41.215090879192346,9.349361,-0.4780219793319702,5.633345975338242,996.168617203065,2407.4074359259257,3571.9745566017004,1816.2393200854697,25.362540000000003,0.0,0.0,0.28545070066158607,0.2016744384198803,0.08377626224170576,0.08786645657297688,0.1243664878401101,0.03650003126713322,0.19170863252285866,0.27957508909583556
657097,Jacob Webb,TEX,2025,31,False,0,39,43.1,0.1216258391142744,7.692308000000001,18.681319,3.831295914383911,33.41480714011637,11.627907,0.8991909027099609,7.727551106520819,806.532912894445,1724.429440405748,3084.443725729263,1320.333829116748,15.761199999999999,-0.5,4.0,0.13601775975192634,0.28537573095171564,-0.1493579711997893,0.25518037352736395,0.1216258391142744,-0.13355453441308957,0.20283568152175088,0.4580160550491148
664139,Ian Gibaut,CIN,2025,31,False,0,25,25.1,0.1215750620348836,7.33945,13.761467999999999,4.529973524154396,36.25164830055327,9.349361,-0.4780219793319702,10.294101323326805,452.55831763438186,1275.1451936873998,3359.097669935831,928.0989982504798,21.90456,0.0,0.0,0.23346286813073264,-0.09586144381488594,0.32932431194561856,-0.049919548542606586,0.1215750620348836,0.1714946105774902,-0.08985518737669183,-0.13977473591929843
695445,Chase Lee,DET,2025,26,False,0,27,31.2,0.1208510391790219,6.4,23.200000000000003,3.6043077637733436,37.27332396943713,8.712871,-0.4686382412910461,5.995288470966888,1284.0764328000002,2171.52,3488.783123539315,1537.6744240000003,28.718400000000003,-0.25,6.0,0.18669936180861718,0.3056000022496519,-0.11890064044103471,0.19781576909106094,0.1208510391790219,-0.07696472991203904,0.3150399285524304,0.5128556976434914
453286,Max Scherzer,TOR,2025,40,False,5,5,23.0,0.1192153798044242,7.446809,25.531914999999998,4.710019555891787,29.059488036939907,9.349361,-0.8105758428573608,4.714960925311609,1415.3561296022199,2363.060205590765,2689.548346645114,1688.4008240562798,22.189560000000004,-0.625,0.0,0.8396909360137704,1.977611192338991,-1.1379202563252204,0.280771959406153,0.1192153798044242,-0.1615565796017288,0.7300070944559979,1.0107790538621508
681895,Evan Sisk,KCR,2025,28,False,0,5,5.1,0.1183198142399094,19.230769,42.307692,1.6875004306203851,40.0,9.349361,-0.4780219793319702,180.0,2076.9230700000003,3417.1597482248526,3230.76924,2538.4615200000003,14.11766,-0.875,0.0,1.118238244385026,1.6959777413427635,-0.5777394969577374,0.17944992698854964,0.1183198142399094,-0.06113011274864025,0.49661723980552125,0.6760671667940709
656546,Jeff Hoffman,TOR,2025,32,False,0,41,39.1,0.1157406189512703,6.790123,32.716049000000005,5.0493009380350005,35.084421968869776,15.930599,-0.0152128459885716,3.030013606080934,1760.4023939186102,3049.458903215974,3270.21465633445,1976.5946379886834,20.566599999999998,-0.75,16.0,0.1426776939501593,0.8031689720799636,-0.6604912781298043,0.6515333362723357,0.1157406189512703,-0.5357927173210654,0.4608406524853106,1.1123739887576463
623149,Paul Sewald,CLE,2025,35,False,0,18,15.1,0.1153647347343578,6.451613,29.032258,4.717017227148948,12.409530017643096,9.349361,-0.4780219793319702,5.522911105319557,1472.650753997195,2715.920906867846,1160.8915165785932,2032.25806,12.99344,-0.125,0.0,0.36825034531099643,0.0890348372534853,0.27921550805751116,0.027892656483975684,0.1153647347343578,0.08747207825038211,0.07719130515332805,0.10508396163730373
666661,Juan Morillo,ARI,2025,26,False,0,31,27.1,0.1150602491186414,13.114754000000001,22.95082,4.911069211642161,47.38251158380061,9.349361,-0.5377549529075623,6.904000228077137,652.836234846946,1994.08764160172,4116.8411750563655,1579.7317701085801,20.613860000000003,0.25,-2.0,0.20464590433647661,-0.0339906683827958,0.2386365727192724,-0.019110935957961952,0.1150602491186414,0.13417118507660336,-0.024042790398726324,-0.04315372635668828
663773,Bryan Hoeing,SDP,2025,28,False,0,6,7.0,0.1141067740274189,6.6666669999999995,16.666667,3.8571444993123407,60.8695652,9.349361,-0.4780219793319702,140.0,700.0,1555.555581111111,5681.159398376811,1086.956538405797,6.41786,-0.125,0.0,0.7857066440173701,0.22588224516504452,0.5598243988523256,0.032804475438906876,0.1141067740274189,0.08130229858851201,0.08026626969094235,0.11307074512984921
687606,Paxton Schultz,TOR,2025,27,False,2,12,23.2,0.1139477630616582,7.476636,25.233645,4.577343440547778,40.883379951251754,9.349361,-0.4780219793319702,4.529769201264451,1147.56180008265,2334.70172138178,3782.667844779968,1705.93656835593,21.549960000000006,0.0,0.0,0.5402695662406207,0.6582483711352218,-0.11797880489460111,0.13883056554851952,0.1139477630616582,-0.024882802486861325,0.36095947042615073,0.49979003597467025
680689,Lyon Richardson,CIN,2025,25,False,0,27,31.1,0.1123973092129042,10.948905,17.518248,3.6625314003683336,59.712896541293915,7.476636,-0.3050010800361633,7.906727977170806,392.19958512909903,1560.01916688156,5317.498822623936,1222.627730839416,19.06134,-0.125,-3.0,0.1741977589730541,0.0343804161299547,0.13981734284309938,0.022183214556879483,0.1123973092129042,0.09021409465602472,0.03532882318317843,0.05751203774005792
595014,Blake Treinen,LAD,2025,37,False,0,8,8.0,0.1093710353564563,8.333333,27.777777999999998,3.4375880067174385,27.99151612085986,9.349361,-0.4780219793319702,9.482610102733744,1650.9434360587002,2546.296325925926,2565.8889870759926,2020.2020439393937,24.19024,-0.875,0.0,0.6589604880226493,0.38991378984605635,0.26904669817659294,0.06471598171718777,0.1093710353564563,0.04465505363926853,0.16319682346073439,0.22791280517792217
660787,Yerry De los Santos,NYY,2025,27,False,0,14,20.0,0.1090492114855503,12.903226,13.978494999999999,1.8250106582362482,59.47809077752648,9.349361,0.2917837500572204,176.470588,94.87667634408588,1217.4818198751298,5180.3498304017085,1027.83051799494,13.184960000000002,0.0,1.0,0.2628085996801763,0.29954426740666795,-0.03673566772649167,0.12429222713969623,0.1090492114855503,-0.01524301565414593,0.3231597905632102,0.44745201770290643
595928,John Curtiss,ARI,2025,32,False,0,6,7.2,0.1076114810340135,6.451613,16.129032,2.3345372805271447,36.4973400234666,9.349361,0.5287571549415588,150.0,725.8064249999999,1508.844927471384,3414.2672889858427,940.8601946236558,28.17256,0.0,4.0,0.7203990813665904,0.35948300390487864,0.3609160774617117,0.053698705977492246,0.1076114810340135,0.05391277505652125,0.15342487422140638,0.20712358019889862
690986,Kyle Harrison,SFG,2025,23,False,4,8,23.2,0.1046337222805965,9.0,25.0,4.56338040428109,35.9375,9.349361,0.1528881415724754,4.816936604417835,1180.327872,2275.0,3270.3125,1704.5454499999998,26.86704,-0.25,1.0,0.49610816598558694,0.7157741244457402,-0.21966595846015324,0.15096326988310158,0.1046337222805965,-0.04632954760250507,0.35853776597236625,0.5095010358554678
664123,Scott Effross,NYY,2025,31,False,0,6,6.0,0.1035235188322062,4.3478259999999995,26.086956999999998,3.041683968082521,51.0901549196046,9.349361,-0.4780219793319702,120.0,1304.34786,2495.274150094518,4886.884388056976,1956.521775,15.08196,-0.125,0.0,0.8316389346187232,0.8863090408857803,-0.05467010626705715,0.11032892625134194,0.1035235188322062,-0.006805407419135739,0.2868552082534891,0.39718413450483103
663671,Nic Enright,CLE,2025,28,False,0,12,14.1,0.1016644397350565,12.280702,24.561404,1.892291291165399,28.364639969415478,9.349361,0.7244993448257446,15.06578904361582,1083.591351496388,2154.5091167743917,2488.126306139867,1754.385989473684,19.59806,0.475,4.0,0.34753375852693075,0.4270999006977256,-0.07956614217079483,0.12494001244477033,0.1016644397350565,-0.023275572709713838,0.34576422048669003,0.47070423293146035
669721,Davis Daniel,ATL,2025,28,False,1,2,5.0,0.0986717146942354,14.285713999999999,28.571429,1.805182098162873,36.12742536974147,9.349361,-0.4780219793319702,166.666666,1190.4762452380949,2448.979636734694,3096.636470585676,2077.922116883117,29.47784,-0.625,0.0,2.1707777232731784,2.9737256135792185,-0.8029478903060401,0.13516934607178266,0.0986717146942354,-0.03649763137754726,0.3624996099197808,0.49766895599156347
596133,Luke Weaver,NYY,2025,31,False,0,33,34.0,0.0974539778227308,6.766917,27.067669,2.9522231070559326,27.32729211877441,13.424125,1.4764755964279177,7.117264031371581,1691.729326566416,2523.602230493527,2547.8076942749403,2014.338167581745,19.89266,-0.125,20.0,0.1381553450310478,0.9473283209870464,-0.8091729759559987,0.6682398944721903,0.0974539778227308,-0.5707859166494595,0.7492386695597286,1.417478564031919
665660,Elvis Alvarado,ATH,2025,26,False,0,10,13.0,0.0970850906107668,10.344828,27.586207,3.461538969412433,38.2352941,9.349361,-0.1378843486309051,10.551703367579647,1390.433785317019,2473.2461334126037,3427.9918690060845,1622.7180474645031,19.97464,0.125,4.0,0.3599616436491508,0.35896284741195045,0.000998796237200339,0.0968157057335136,0.0970850906107668,0.00026938487725319815,0.3388549700672976,0.4356706758008112
641401,Connor Brogdon,LAA,2025,30,False,0,24,25.1,0.0866174067862857,8.737864,20.38835,4.940730603542639,29.332288657726092,9.349361,-0.5979968905448914,5.564534607947297,668.4705060958139,1860.6843705155998,2676.927316672656,1228.88685741455,19.2492,0.5,0.0,0.16633302817127374,-0.19454576402208817,0.36087879219336194,-0.10130910118162684,0.0866174067862857,0.18792650796791255,-0.19417577726478477,-0.2954848784464116
668834,Easton McGee,MIL,2025,27,False,0,5,7.0,0.0861709133986198,10.714286000000001,25.0,2.613557288882864,57.96360352407396,9.349361,-0.4780219793319702,150.0,1071.4285499999999,2232.14285,5175.321726659859,1805.55555,20.837600000000002,0.0,0.0,0.593348289401925,0.8055620866397522,-0.21221379723782718,0.11699034453274408,0.0861709133986198,-0.030819431134124275,0.2950191296912677,0.4120094742240118
669622,Anthony Bender,MIA,2025,30,False,0,40,39.1,0.0852137488207839,10.691824,18.867925,2.008220360253952,49.873505295901666,6.779660999999999,0.6677002906799316,10.393972759857615,695.390030302146,1685.0599666548,4454.111788703318,1355.0600716123502,13.73446,-1.125,15.0,0.1050461046844446,0.38555496447866217,-0.2805088597942176,0.31276346703559527,0.0852137488207839,-0.22754971821481135,0.23457260027669646,0.5473360673122918
679775,Kyle Backhus,ARI,2025,27,False,0,11,10.0,0.0851511953222793,6.976744,23.255814,2.6847181192483647,41.711245685489686,9.349361,-0.4780219793319702,6.132643582534922,1263.0312947874902,2163.331539210384,3880.115885480203,1764.2341663191658,28.86234,0.0,0.0,0.41042876145338625,0.4046138452269023,0.005814916226483946,0.08394478116740711,0.0851511953222793,0.0012064141548721874,0.23984223190687748,0.3237870130742846
679885,Justin Martinez,ARI,2025,23,False,0,17,15.1,0.0846401595309249,17.910448000000002,32.835820999999996,4.085439994764389,53.69723580598045,9.349361,-0.4780219793319702,5.3718517570893365,1014.3457371395444,2695.4778354421915,4407.982030951293,2955.2238899999998,17.47624,0.0,0.0,0.27017587346957483,0.3452024673429087,-0.07502659387333388,0.10814434142900252,0.0846401595309249,-0.023504181898077625,0.30898383265429286,0.4171281740832954
687830,Sawyer Gipson-Long,DET,2025,27,False,2,5,23.0,0.0840569783807674,4.301075,19.354839,4.580724998827811,42.93088204421478,9.349361,-1.243257224559784,3.890882637071599,959.3084872443598,1852.2372858480749,4108.439260933157,1271.889425529954,22.53594,-0.25,0.0,0.4020116357341049,0.5394307561735541,-0.13741912043944915,0.11279006719992493,0.0840569783807674,-0.028733088819157537,0.34400970495977107,0.456799772159696
669211,Keegan Akin,BAL,2025,30,False,3,39,38.0,0.0828249482914803,11.042945,23.312883,3.3821075048307514,34.33718144592571,10.574018,-0.2822606414556503,7.177676725256801,996.9324624999999,2073.8454152395648,3054.5345384301927,1473.550147928001,23.69136,0.6,11.0,0.10505690809603555,0.19267826059546891,-0.08762135249943337,0.1519040228760958,0.0828249482914803,-0.06907907458461551,0.12074422331176847,0.27264824618786426
593576,Héctor Neris,- - -,2025,36,False,0,26,18.0,0.0824529377092058,11.392405,30.379747000000002,6.500001506673314,25.581395299999997,9.349361,-0.4780219793319702,4.033395405873685,1082.6116079280482,2691.8763183784654,2266.7059142773032,2160.337561068917,20.5811,-0.875,0.0,0.22079064431020662,-0.17933883262967484,0.40012947693988143,-0.06697300803597815,0.0824529377092058,0.14942594574518395,-0.11333893667627072,-0.18031194471224887
628452,Raisel Iglesias,ATL,2025,35,False,0,39,36.2,0.0818156266321999,4.575163,27.45098,4.430901849802746,38.36303335685101,15.090909,1.3860104084014893,4.562082550333684,1706.207337088795,2619.50529199026,3660.7862049030705,1991.5416970396,23.393440000000002,-0.375,18.0,0.10893682883071922,0.9934249157914122,-0.884488086960693,0.7460992106151271,0.0818156266321999,-0.6642835839829272,0.5930532186940753,1.3391524293092023
694361,Will Klein,LAD,2025,25,False,0,6,7.1,0.081267541070035,13.888888999999999,30.555556,3.7500966880578024,51.317779691757146,9.349361,-0.4780219793319702,157.14285800000002,1309.523842857143,2631.1728743827157,4419.031023310445,2206.790148765432,22.253740000000004,-0.125,0.0,0.5517035886726321,0.45479601438961637,0.09690757428301577,0.06699277390386464,0.081267541070035,0.014274767166170363,0.1689382994097456,0.23593107331361024
673380,Dedniel Núñez,NYM,2025,29,False,0,10,9.2,0.0789235429934477,14.634146000000001,26.829268,4.7607738257349395,21.404746032820977,9.349361,-0.4780219793319702,9.111054167510943,805.3382471237918,2290.303375014872,1827.2344247448748,1229.6747743902438,18.58974,0.0,0.0,0.4134907361178456,-0.15711739557867782,0.5706081316965235,-0.029989212434104476,0.0789235429934477,0.10891275542755217,-0.09458136229217565,-0.12457057472628012
596295,Austin Gomber,COL,2025,31,False,6,6,28.2,0.077850131839016,5.384615,10.769231,4.971514784987229,30.684932560022055,9.349361,-1.4153988361358645,6.699897535194474,372.34046716857597,1018.934937218935,2903.2667078655227,711.362049089626,24.541400000000003,-0.375,0.0,0.4472241616283898,-0.25620671229448316,0.703430873922873,-0.04459894621422485,0.077850131839016,0.12244907805324085,-0.11960626484723937,-0.1642052110614642
641835,Tim Mayza,PIT,2025,33,False,0,7,9.1,0.0760174671397098,2.5,20.0,2.8483222475056857,42.44159320122608,9.349361,-0.4780219793319702,10.317313036702084,1458.3333275,1950.0,4138.055337119543,1466.6666599999999,15.879640000000002,0.0,0.0,0.4026419688059355,0.40418508765484973,-0.0015431188489142267,0.07630880285599859,0.0760174671397098,-0.00029133571628878197,0.2252040279408739,0.3015128307968725
663795,Justin Hagenman,NYM,2025,28,False,1,4,12.1,0.0741015817491876,1.886792,24.528302,5.223983867230861,42.150884536498424,9.349361,-0.4780219793319702,3.1244685448537624,1467.5052819706502,2406.5503960128162,4135.558501913453,1698.1132097242378,23.317040000000002,-0.125,0.0,0.6736507431744327,0.877849298717813,-0.2041985555433803,0.09656342285895943,0.0741015817491876,-0.022461841109771827,0.30454617978594895,0.40110960264490836
669711,Greg Weissert,BOS,2025,30,False,0,45,41.1,0.0721562788480032,8.571429,19.428571,3.178818413480051,41.62419944362854,9.939758999999999,0.4834046363830566,5.916784439726699,785.4102774224922,1776.3264831020413,3805.6410741499526,1378.8018141566822,23.630660000000002,0.0,13.0,0.0846212321283152,0.24362495741107623,-0.15900372528276102,0.20773829356006707,0.0721562788480032,-0.13558201471206388,0.11541016308892614,0.3231484566489932
681293,Spencer Arrighetti,HOU,2025,25,False,2,2,9.2,0.0711579268704288,12.820513,20.512821,5.613511256025157,28.297362199295904,9.349361,-0.3517050743103027,6.10436281325555,357.781768157424,1788.2972117028269,2466.9495199878083,1394.8718279999998,23.257659999999998,-1.125,0.0,1.2529982775010289,0.09600454201518327,1.1569937354858455,0.005452109793454851,0.0711579268704288,0.06570581707697394,0.015577456552728146,0.021029566346183
676617,Riley O'Brien,STL,2025,30,False,0,17,22.1,0.0707101634058853,10.989011,25.274724999999997,2.026179326895348,48.578589122555,9.349361,0.7369890809059143,5.892794710938634,1313.0251880252097,2249.728268953025,4324.028262023263,2031.004691110675,12.713040000000003,0.0,5.0,0.15421854643274532,0.7566301238447102,-0.6024115774119648,0.3469196210989231,0.0707101634058853,-0.2762094576930378,1.081572936367231,1.4284925574661542
605177,Andrew Chafin,WSN,2025,35,False,0,21,16.0,0.0701372836181088,15.492958000000002,21.126761,2.8060764510883724,45.42122375581383,9.349361,0.1668580621480941,9.463645430935784,435.13112400091575,1785.3600791509618,3838.413263623957,1596.2441738341158,17.88094,-0.125,1.0,0.21128856689955275,0.12074843492210574,0.09054013197744701,0.040082468023935516,0.0701372836181088,0.03005481559417328,0.09352575872251617,0.13360822674645167
669062,Erik Miller,SFG,2025,27,False,0,36,30.0,0.0698557692614834,15.625,17.1875,1.5000004664064903,47.5,13.485477000000001,0.6573395133018494,178.723404,139.62765937499998,1450.1953125,4007.8125,1304.5933656250002,18.435900000000004,-0.125,6.0,0.11223493594678334,0.40300400930512986,-0.2907690733583465,0.25083237093680283,0.0698557692614834,-0.18097660167531943,0.23689723921809155,0.48772961015489436
623211,Huascar Brazobán,NYM,2025,35,False,3,39,47.1,0.0687173750401268,12.307692000000001,24.102564,4.083536895570081,47.888584327202395,11.92053,0.5570366084575653,5.630916000557983,814.9184280186479,2113.609465877712,4199.460486505005,1586.752121965812,18.755200000000002,0.25,3.0,0.07032223942535269,0.31016711804823816,-0.23984487862288545,0.30308861535419124,0.0687173750401268,-0.23437124031406442,0.240916591691793,0.5440052070459842
681882,Colin Selby,BAL,2025,27,False,0,5,6.2,0.066916904596214,3.448276,34.482759,4.1310021470985365,50.07505640049597,9.349361,-0.4780219793319702,3.7109699217488283,2450.090750090744,3329.3698297265164,4834.83302486512,1915.7088486590042,21.39816,0.0,0.0,0.5202249679899217,1.2007168795848353,-0.6804919115949136,0.15444905919970908,0.066916904596214,-0.08753215460349509,0.4412830262848831,0.5957320854845922
506433,Yu Darvish,SDP,2025,38,False,2,2,8.1,0.0663789582032228,15.0,17.5,6.480000988769683,62.5,9.349361,-0.7440742254257202,125.0,156.25,1487.5,5312.5,1260.0,21.34974,-0.625,0.0,1.327579164064456,0.7679743558363916,0.5596048082280645,0.03839871779181958,0.0663789582032228,0.02798024041140322,0.09395430949062238,0.13235302728244197
688297,Chris Roycroft,STL,2025,28,False,0,14,13.0,0.0660506613843409,14.754097999999999,14.754097999999999,6.961745187187843,43.44426675128453,9.349361,-0.4780219793319702,95.652174,0.0,1257.726392206396,3703.4457059418596,857.7963970644299,13.29306,0.125,0.0,0.24489552913271015,-0.19622730684022477,0.4411228359729349,-0.0529243773635461,0.0660506613843409,0.11897503874788701,-0.17270059981788724,-0.22562497718143334
680767,Victor Vodnik,COL,2025,25,False,0,29,27.1,0.0617820980666201,14.529914999999999,24.786325,2.60701412585798,52.84970281386209,9.349361,0.6930818557739258,5.550949964129975,825.2283896257001,2118.489304587625,4517.068591725531,1396.4126718671,15.092599999999997,0.25,8.0,0.10988550283435751,0.3540692727606206,-0.24418376992626312,0.19907214298366843,0.0617820980666201,-0.13729004491704833,0.2814468228389795,0.4805189658226479
695549,Jackson Jobe,DET,2025,22,False,10,10,49.0,0.06168076311807,12.385321000000001,17.889908,4.12109424787817,43.31764676175503,10.034208,-0.0519809983670711,5.822073559090469,430.5735235802328,1567.4185467595319,3795.261716066556,1192.660539296636,23.65624,-0.25,0.0,0.20392415561484367,1.00690837557481,-0.8029842199599664,0.30455870619238085,0.06168076311807,-0.24287794307431085,0.9289040538867616,1.2334627600791424
668390,Cole Winn,TEX,2025,25,False,0,13,17.0,0.0608431367540576,11.428571,15.714286,1.627674715246089,55.664913763557244,9.349361,0.911077320575714,13.237106674533598,368.663654301075,1391.8367667346938,4930.320957200033,1016.806735630252,18.43416,0.0,5.0,0.17250818773797508,0.39646088653557776,-0.22395269879760268,0.1398306031349548,0.0608431367540576,-0.0789874663808972,0.37500025386192426,0.514830856996879
605483,Blake Snell,LAD,2025,32,False,2,2,9.0,0.0589999693498106,17.391303999999998,8.695651999999999,2.0370891891658895,35.28097353808304,9.349361,0.8978234529495239,122.22222199999999,-531.4009545893718,718.336472589792,2914.5152175915464,588.235283887468,18.26424,0.125,0.0,1.0619994482965909,0.2658282668047711,0.7961711814918198,0.014768237044709505,0.0589999693498106,0.0442317323051011,0.03724164124318049,0.05200987828788999
663432,Tanner Rainey,PIT,2025,32,False,0,11,7.2,0.0580141577007119,16.216216,24.324324,10.402569469064998,44.07396220440705,9.349361,-0.4780219793319702,71.428572,289.5752880308881,2037.983907962016,3692.6833293582044,1389.961367953668,20.189560000000004,-0.5,0.0,0.3883725557186547,-0.18998298319811271,0.5783555389167674,-0.028379200809676586,0.0580141577007119,0.08639335851038848,-0.08375325117002116,-0.11213245197969775
554431,Tyler Matzek,NYY,2025,34,False,0,7,6.1,0.0561466438319242,14.285713999999999,20.0,4.322393936116253,31.098355159569728,9.349361,-0.4780219793319702,162.5,464.2857375000001,1714.28572,2665.573308276935,1130.43478,33.055240000000005,-0.125,0.0,0.4436505299506142,0.07228910213563182,0.3713614278149824,0.009148620809696143,0.0561466438319242,0.04699802302222805,0.023786414105209968,0.03293503491490611
657424,Matt Gage,DET,2025,32,False,0,6,5.2,0.0536140846278391,8.0,12.0,0.0,36.90549507658154,9.349361,0.1218059137463569,200.0,400.0,1104.0,3395.3055470455015,780.0,16.59584,0.125,-6.0,0.49696132289650863,0.4355206686262067,0.06144065427030193,0.04698563229992271,0.0536140846278391,0.0066284523279163884,0.14330617851476427,0.190291810814687
657006,Justin Steele,CHC,2025,29,False,4,4,22.2,0.0489482938286607,5.434783,22.826087,4.953710506953697,41.65908929414113,9.349361,-0.4780219793319702,3.3001176933998635,1304.3478000000002,2158.5538704158794,3939.500819122833,1439.799332090301,21.286360000000002,0.25,0.0,0.35719025226319967,2.108855307342494,-1.751665055079294,0.2889912828580455,0.0489482938286607,-0.24004298902938478,0.8814234127170385,1.170414695575084
608650,Dietrich Enns,DET,2025,34,False,2,4,13.1,0.0488506751261902,7.017544000000001,17.54386,4.609354257720573,46.59165498683942,9.349361,0.0614193137735128,3.697734737769835,714.7498564002599,1631.27119052016,4332.206509780977,1183.1905499795998,24.25064,-0.375,3.0,0.4101965086932001,0.5708792451266319,-0.16068273643343178,0.06798652828326253,0.0488506751261902,-0.01913585315707233,0.2073589112639507,0.27534543954721324
680704,Nick Sandlin,TOR,2025,28,False,0,19,16.1,0.0483909363503791,11.594203,23.188406,2.2108261136076583,37.24420177892228,9.349361,-0.4780219793319702,7.339276560392725,891.8617701226309,2049.989513589582,3292.6033418944426,1671.722287091338,17.717960000000005,0.25,0.0,0.14487224422908526,0.23562186430622,-0.09074962007713475,0.07870356878278303,0.0483909363503791,-0.03031263243240393,0.2046292788352359,0.2833328476180189
519326,Hunter Strickland,LAA,2025,36,False,0,19,22.0,0.0465415414731807,10.989011,15.384614999999998,3.251043263453271,32.49115057970302,9.349361,-0.4780219793319702,11.0787606645171,326.94575079465994,1369.3997965342348,2892.069446847289,1079.2192653272098,22.508039999999998,0.0,0.0,0.10196828631851408,-0.06766233147710453,0.1696306177956186,-0.030883221836022812,0.0465415414731807,0.07742476330920352,-0.08282318583297027,-0.11370640766899308
668716,Noah Murdock,ATH,2025,26,False,0,14,17.0,0.0413604940775169,20.408163000000002,21.428570999999998,13.235296437897478,42.592592499999995,9.349361,-0.4780219793319702,95.83333400000001,48.89455034013582,1705.5393301749268,3390.022679667422,1714.28568,23.57936,-0.625,0.0,0.11726916556095969,-0.4596616994945311,0.5769308650554908,-0.1621213462947516,0.0413604940775169,0.20348184037226852,-0.5674247120316307,-0.7295460583263823
673929,Jordan Leasure,CHW,2025,26,False,1,38,34.0,0.0412967076867733,13.461538000000001,25.641026,4.500001218827662,34.782608599999996,12.557426999999999,-0.1495667919516563,4.528024794283592,946.724902240896,2218.934954142012,3010.0334525919725,1745.7719731587558,19.245760000000004,0.0,11.0,0.05854415619124921,0.08098490362991992,-0.022440747438670708,0.05712628056882317,0.0412967076867733,-0.01582957288204987,0.04810634153164057,0.10523262210046375
678024,Mike Vasil,CHW,2025,25,False,3,25,62.0,0.0406351351945399,12.547528999999999,16.730038,2.467742088503765,48.3146067,8.952187,1.589863508939743,9.729573028860889,353.90460930096515,1463.0831630238981,4225.2317413081555,1212.4578082325802,18.40924,-2.875,10.0,0.07209459469999015,0.9927258218444069,-0.9206312271444168,0.559536372312302,0.0406351351945399,-0.5189012371177621,1.0071654701621437,1.5667018424744459
656464,Kevin Ginkel,ARI,2025,31,False,0,25,22.0,0.0385946977505984,11.428571,23.809524,8.135507726414062,47.91445661624551,9.349361,-0.4780219793319702,5.5791210272499105,615.627498400421,2108.843564489796,4243.851892259369,1406.9264160173161,18.6234,-0.125,0.0,0.08455747416267469,-0.28945674499658,0.37401421915925465,-0.1321171865129618,0.0385946977505984,0.1707118842635602,-0.23781093572333126,-0.36992812223629307
660896,Jorge Alcala,- - -,2025,29,False,0,33,34.2,0.0329318780605298,11.392405,24.050632999999998,6.490385113835108,38.0,10.339506,-1.3588508516550064,5.105155744713524,719.78159091586,2131.068748357635,3367.0886100000002,1785.9381002506577,20.098440000000004,-0.5,-1.0,0.04641276381630224,-0.28825979043310324,0.33467255424940545,-0.2045328803487994,0.0329318780605298,0.2374647584093292,-0.22932474463350233,-0.43385762498230174
681006,Josh Simpson,MIA,2025,27,False,0,8,9.2,0.0324747226748245,14.285713999999999,28.571429,3.631724194046835,61.77513735944893,9.349361,-0.3990515172481537,4.36357574422224,943.39627574124,2448.979636734694,5295.01179131709,2261.904805357143,14.27594,-0.125,1.0,0.17013930792679796,0.31065059749737023,-0.14051128957057227,0.059294304916510485,0.0324747226748245,-0.026819582241685985,0.16941229976145852,0.228706604677969
686826,Bryce Jarvis,ARI,2025,27,False,0,8,14.1,0.0318395121657726,11.290322999999999,20.967742,4.370470421234794,35.60716094628016,9.349361,-0.4780219793319702,10.862547715747754,691.2442101382491,1860.0416202393342,3158.6997464315273,1125.098359913454,17.981060000000003,0.125,0.0,0.10884145293547798,-0.057868534428553164,0.16670998736403114,-0.016928347208352686,0.0318395121657726,0.04876785937412528,-0.0483667063095791,-0.06529505351793179
672578,Carlos Hernández,- - -,2025,28,False,0,33,34.0,0.030370580945978,11.515151999999999,20.0,6.352942301327993,30.555555499999997,12.398042,-0.7701937332749367,7.510850787404607,552.0962726940642,1769.69696,2703.7036839730636,1297.2973000000002,20.0066,-0.5,-3.0,0.043054764752827636,-0.31608963575788285,0.3591444005107105,-0.2229677928582576,0.030370580945978,0.25333837380423563,-0.24999419199259185,-0.47296198485084945
596271,Casey Lawrence,- - -,2025,37,False,0,6,17.2,0.0297252275587251,1.25,8.75,4.075471844780107,40.8450704,9.349361,-0.4780219793319702,6.0690943529411765,386.904765,864.0625,4033.4507019999996,529.929575,27.83034,-0.125,0.0,0.08329976560061338,-0.003299624510442285,0.08659939011105566,-0.0011774593688715206,0.0297252275587251,0.030902686927596623,-0.003258550346411883,-0.004436009715283403
666214,Joey Wentz,- - -,2025,27,False,0,26,37.0,0.0290700680455124,12.068966,19.54023,6.324325332944793,37.0689655,11.221591,-0.6038182824850082,5.9003562715740125,471.8693072292801,1718.1926284978201,3259.512465725327,1225.40424628872,23.759859999999996,-1.875,-1.0,0.03786965621064048,-0.3619415816810869,0.3998112378917274,-0.277838973489631,0.0290700680455124,0.30690904153514337,-0.4701890320593756,-0.7480280055490066
642239,Rob Zastryzny,MIL,2025,33,False,1,15,13.1,0.0247101360007192,3.8461540000000003,28.846154000000002,2.0581770627201954,41.733794579067045,9.349361,-0.4780219793319702,5.765068207838403,2500.0,2773.668649408284,4012.8648569512475,1978.022000934066,21.20696,-0.125,0.0,0.09091821032325692,1.3775548890456348,-1.286636678722378,0.37439769806012063,0.0247101360007192,-0.34968756205940144,0.9441333255429128,1.3185310236030334
657044,Ryan Thompson,ARI,2025,33,False,0,36,32.1,0.0236049571853317,8.571429,21.428570999999998,4.4284008281015845,47.15807503571278,10.707457,0.2748986780643463,5.046300362745448,947.9920382290978,1959.1836251020409,4311.595411625994,1435.935164138439,17.871640000000003,-0.65,3.0,0.03544420362408062,0.21553384910189488,-0.18008964547781425,0.14354017751391754,0.0236049571853317,-0.11993522032858583,0.13556572320758878,0.2791059007215063
605447,Jordan Romano,PHI,2025,32,False,0,37,33.1,0.0230919776987175,9.523810000000001,25.170068,7.102089494117179,39.16217124015224,11.657559000000001,-0.1843369901180267,3.806693389517369,861.2619151469759,2277.29185468092,3543.24404593655,1713.7067478072079,18.30144,-0.5,6.0,0.033626384443449654,-0.019627246655974186,0.05325363109942384,-0.013478461915202189,0.0230919776987175,0.03657043961391969,-0.012021330897342494,-0.025499792812544685
669308,Sean Reynolds,SDP,2025,27,False,1,17,22.2,0.0212496752249505,8.791209,24.175824000000002,3.970589213279739,33.3333333,9.349361,-0.4780219793319702,5.419176220182495,1129.1460486944252,2205.0476784687844,3040.2930302930404,1761.9668355373444,25.63006,-0.25,0.0,0.0461366822451628,0.1166985153155144,-0.0705618330703516,0.05374910871378463,0.0212496752249505,-0.032499433488834134,0.13151377664011135,0.18526288535389598
642152,Lou Trivino,- - -,2025,33,False,2,34,36.2,0.0203781669053415,7.096774,17.419355,3.927273449740267,35.4545454,9.874608,-0.3640786744654178,7.58687771496103,792.198076264066,1618.31427433923,3293.8416440234605,1353.1106041417052,20.38624,0.44999999999999996,-2.0,0.027133360354625973,0.02233262383134655,0.004800736523279423,0.0167726344957416,0.0203781669053415,0.0036055324095999007,0.017759260054314635,0.03453189455005623
663804,Jackson Kowar,SEA,2025,28,False,0,7,8.2,0.0187806006155937,8.823528999999999,23.529412,2.255241350231497,23.297201819856358,9.349361,-0.4780219793319702,12.480754307489336,1354.4892213622293,2145.3287508650524,2124.1566461092807,1390.3743433155082,8.917099999999998,-0.125,0.0,0.11039328654531909,0.2923484300839584,-0.18195514353863929,0.04973562503503026,0.0187806006155937,-0.030955024419436563,0.14210178581437216,0.19183741084940242
671109,Jake Eder,LAA,2025,26,False,0,6,9.1,0.0185450423227274,13.888888999999999,22.222222,1.915793163523536,27.427594578593972,9.349361,-0.4780219793319702,13.718874712356476,767.543827631579,1913.5802253086417,2361.8206412203035,1835.748781642512,18.538199999999996,0.0,0.0,0.0982275868082924,0.2179399857807743,-0.11971239897248191,0.04114634586317523,0.0185450423227274,-0.022601303540447825,0.11034701845124265,0.15149336431441787
680880,Grant Holman,ATH,2025,25,False,2,22,23.0,0.013065359865711,8.737864,16.504853999999998,5.086957411583676,43.421052599999996,9.349361,-0.4780219793319702,6.588799047619047,537.3389313060999,1506.2682304081438,3962.6980076443533,998.9780087378639,21.300760000000004,0.0,0.0,0.027380449805533485,-0.11607719010739624,0.14345763991292973,-0.05538953054917248,0.013065359865711,0.06845489041488348,-0.12084988483455812,-0.1762394153837306
689266,Dylan Dodd,ATL,2025,27,False,0,11,12.0,0.0126144626422414,4.444444,20.0,3.760796981183393,55.519352278867274,9.349361,0.5581196546554565,4.29335484679373,1080.246937530864,1911.11112,5305.182575767029,1176.47058,15.57036,1.1,-4.0,0.050668091613002966,0.367765977799013,-0.31709788618601004,0.0915599944727833,0.0126144626422414,-0.0789455318305419,0.24554725790428247,0.3371072523770658
650644,Aaron Civale,- - -,2025,30,False,11,11,52.2,0.008691797572775,9.361702,15.319149000000001,5.297468514305685,30.4093567,7.411386,-0.2863077819347381,5.874840414654317,415.2160048355902,1388.501592168402,2756.252334562897,1006.6869386626141,21.5991,0.375,2.0,0.02697454419137069,0.20148969453227797,-0.17451515034090728,0.06492445712706735,0.008691797572775,-0.056232659554292345,0.17967466042141897,0.24459911754848632
606930,Jacob Barnes,TOR,2025,35,False,0,6,8.0,0.0065116208138129,8.333333,13.888888999999999,9.027538558292381,39.322561194432076,9.349361,-0.4780219793319702,3.2900205599728065,191.57089865900397,1273.148162962963,3604.5681225971275,892.857146031746,23.38294,0.0,0.0,0.03923251540322272,-0.6354432288999996,0.6746757443032223,-0.10546775583402483,0.0065116208138129,0.11197937664783773,-0.27421616516846453,-0.3796839210024894
680951,Doug Nikhazy,CLE,2025,25,False,1,2,4.0,0.006257158243237,26.086956999999998,21.73913,13.561419660537616,24.819060035286192,9.349361,-0.4780219793319702,90.90909,-197.62849802371497,1606.80525047259,1834.45225160769,1449.27534057971,35.353139999999996,0.0,0.0,0.17207185168901748,-1.5458718101925166,1.717943661881534,-0.05621352037063697,0.006257158243237,0.06247067861387397,-0.1555676493978093,-0.21178116976844624
621057,Justin Garza,NYM,2025,31,False,0,5,6.2,0.0048827074787205,3.571429,10.714286000000001,5.522497237744919,38.52854292072343,9.349361,-0.4780219793319702,5.6006218547320605,469.92480488721804,1033.1632882653062,3715.252336557527,758.9285880952381,18.632959999999997,0.0,0.0,0.03795911297973034,-0.17582496831509914,0.21378408129482948,-0.02261648970028246,0.0048827074787205,0.02749919717900296,-0.07132892905473699,-0.09394541875501945
622379,Luis F. Castillo,SEA,2025,30,False,2,2,7.0,0.0005826416295716,17.073171000000002,12.195122,8.376610057316977,37.96581038069242,9.349361,-0.4780219793319702,126.31578999999999,-308.08730654685513,1011.302796728138,3148.384265286105,967.19933313709,22.6095,0.0,0.0,0.013483991998657028,-1.2639054496246402,1.2773894416232974,-0.05461319844057087,0.0005826416295716,0.05519584007014247,-0.1560377098302025,-0.21065090827077337
686730,Carson Spiers,CIN,2025,27,False,2,3,13.1,-0.0009727363035657,11.666667,18.333333,5.958656364408719,30.170726673495867,9.349361,-0.4780219793319702,5.414825494232824,476.1904257142859,1619.4444088888888,2665.080846101893,1162.601602195122,15.634540000000001,0.0,0.0,-0.00816801476276542,-0.35671562602855067,0.34854761126578526,-0.04248158819067285,-0.0009727363035657,0.04150885188710715,-0.10394431153036972,-0.14642589972104258
640462,A.J. Puk,ARI,2025,30,False,0,8,8.0,-0.0014483443916865,5.7142859999999995,34.285714,3.3558966189209567,29.197872018773275,9.349361,-0.4780219793319702,3.933482773005553,2787.4564013937274,3232.653024489796,2752.9422105706594,2399.99998,24.90344,-0.375,0.0,-0.008726274959911162,0.9875777273871454,-0.9963040023470566,0.1639133157489038,-0.0014483443916865,-0.1653616601405903,0.46832375928258224,0.6322370750314861
829272,Shinnosuke Ogasawara,WSN,2025,27,False,2,2,6.2,-0.0028291845526389,3.125,12.5,9.428415351292985,51.96188003900527,9.349361,-1.2792085111141205,3.248955733486315,520.8333375,1210.9375,5033.807128778636,850.0,20.84494,0.0,2.0,-0.07392385443991965,-0.4000515045622106,0.32612765012229095,-0.015310613137566086,-0.0028291845526389,0.012481428584927186,-0.03860937225994926,-0.053919985397515344
681916,Dylan Smith,DET,2025,25,False,0,7,13.0,-0.0044654486366411,10.416667,8.333333,1.3507265892938416,52.86858621369619,9.349361,-0.4780219793319702,171.428572,-178.57148630952406,746.5277451388889,4736.144164020755,671.296273148148,20.070760000000003,0.0,0.0,-0.01655650956046931,0.2790483473277191,-0.29560485688818844,0.07526200239129353,-0.0044654486366411,-0.07972745102793463,0.22954910729344527,0.3048111096847388
621366,Ryan Borucki,PIT,2025,31,False,0,29,25.2,-0.0055554472673724,10.47619,20.952381,5.178767646069042,57.8748997753346,9.349361,-0.0124778561294078,3.22075334423597,582.0106157671959,1875.7369756916098,5181.181531256097,1327.967816351442,18.404060000000005,-0.25,3.0,-0.010625895170132925,0.066745262143504,-0.07737115731363692,0.03489586319535893,-0.0055554472673724,-0.04045131046273133,0.049335530724472984,0.08423139391983192
641755,Tyler Kinley,COL,2025,34,False,0,44,42.1,-0.0059619563974675,13.333333,21.025641,5.6108963540955585,35.55634243465312,13.625000000000002,1.2630498558282852,5.94771169436893,441.36193303909204,1822.2222270085472,3081.5496895220513,1518.5185119943021,20.91794,-1.75,13.0,-0.006825802811352339,0.19793038679698094,-0.20475618960833328,0.17288110548035057,-0.0059619563974675,-0.17884306187781807,0.10215701687475262,0.27503812235510317
663542,Bryan Hudson,MIL,2025,28,False,0,12,10.1,-0.0062458562448353,22.222222,24.074074,4.426186748161108,48.15437830428186,9.349361,-0.4780219793319702,136.363636,126.26263602693608,1872.427983127572,3745.340545478451,1694.1014947873798,22.4159,-0.275,0.0,-0.02980695752485757,0.08653755797035889,-0.11634451549521646,0.018133388703332462,-0.0062458562448353,-0.02437924494816776,0.04572767586057751,0.06386106456390997
687765,Mitch Spence,ATH,2025,27,False,7,29,74.2,-0.0071082849239903,6.811146,19.504644,4.700893394391907,41.9913419,12.510494999999999,-1.44329896569252,3.697697070631966,871.7221544071017,1817.615422037976,3913.125029583183,1272.4059702254879,24.97424,-0.125,0.0,-0.010537888701333329,0.3200988285664993,-0.3306367172678326,0.2159212098148568,-0.0071082849239903,-0.2230294947388471,0.15635673814179285,0.37227794795664965
641343,Jake Bauers,MIL,2025,29,False,0,5,5.0,-0.0100783137025243,10.344828,3.448276,3.6589802044360087,27.217692094101448,9.349361,-0.4780219793319702,138.46153800000002,-477.45359840848806,309.15577788347196,2440.206866139705,239.880068215892,14.59816,0.0,0.0,-0.09715494409233424,-0.04994001728727145,-0.04721492680506279,-0.005180499718596623,-0.0100783137025243,-0.004897813983927676,-0.013063868855591486,-0.01824436857418811
690382,Michael Darrell-Hicks,- - -,2025,27,False,0,7,9.2,-0.010862323686011,9.302325999999999,18.604651,7.448276351946887,33.3333333,9.349361,-0.4780219793319702,5.366601643285323,478.7961375171,1687.3985712817741,3023.2557969767445,1178.294557131783,32.94496,-0.125,0.0,-0.05690913061584025,-0.4385924846149071,0.38168335399906683,-0.08371474810077063,-0.010862323686011,0.07285242441475963,-0.23167569823236525,-0.3153904463331359
692285,Luis Guerrero,BOS,2025,24,False,0,13,17.1,-0.0110594402956676,19.444444,13.888888999999999,4.042804871872986,44.27479711441214,9.349361,-0.4780219793319702,130.434782,-362.31880265700516,1118.827175617284,3566.580898338665,983.7962995370368,25.894240000000003,-0.125,0.0,-0.031173393114103994,-0.054765431947359444,0.02359203883325545,-0.019429230006220884,-0.0110594402956676,0.008369789710553284,-0.05051599801617429,-0.06994522802239517
690916,Richard Fitts,BOS,2025,25,False,8,8,33.2,-0.0111781890731549,6.9930069999999995,19.58042,4.162887700455058,43.99583797511639,12.5,-0.4857262726873159,3.6431514685883974,947.8473667326653,1821.11598587706,4091.920594580784,1343.7543141094202,25.773840000000003,0.0,-1.0,-0.05454417559792451,2.0371113575876514,-2.091655533185576,0.41748208069080267,-0.0111781890731549,-0.42866026976395755,1.085453409796087,1.5029354904868897
668970,Gavin Hollowell,CHC,2025,27,False,0,5,6.1,-0.0198018810340047,7.692308000000001,19.230769,1.4774227148940946,31.670652640461345,9.349361,-0.4780219793319702,7.529998129151883,1153.8460999999998,1775.1479017751478,2923.4448493746927,1417.004040688259,27.80794,-0.125,0.0,-0.1564673222686929,0.2873318315927118,-0.44379915386140467,0.03636357204804029,-0.0198018810340047,-0.056165453082044986,0.11090889474652288,0.14727246679456318
594580,Sam Moll,CIN,2025,33,False,0,7,6.0,-0.0230978581806928,12.0,24.0,5.8850945822564045,46.93224142505863,9.349361,-0.4780219793319702,3.0749777017160813,642.857148,2112.0,4130.037245405159,2100.0,19.963240000000003,0.0,0.0,-0.18555279405156552,-0.10619536860168904,-0.07935742544987648,-0.01321934048983681,-0.0230978581806928,-0.00987851769085599,-0.03234519481555814,-0.04556453530539495
657612,Tim Hill,NYY,2025,35,False,0,45,43.1,-0.0258371468378429,6.547619,13.690475999999999,2.5269382318788556,68.89429979105947,6.571936000000001,0.1907290369272232,5.175313493622206,575.3968170634919,1279.407579223356,6438.33635280231,939.9431226368159,-0.9591600000000007,0.0,5.0,-0.028894442635360274,0.29452178057585754,-0.3234162232112178,0.26335868761036224,-0.0258371468378429,-0.2891958344482051,0.1463103820057568,0.40966906961611904
664141,JT Brubaker,NYY,2025,31,False,0,7,7.0,-0.02663914372446,16.129032,9.677419,6.517895160811979,51.0901549196046,9.349361,-0.4780219793319702,123.076924,-397.0223414392059,811.654499271592,4284.9807483772,615.8357580645161,24.88276,0.0,0.0,-0.1834295325027103,-0.1675512033615134,-0.015878329141196884,-0.024333162313912735,-0.02663914372446,-0.002305981410547265,-0.0632662220161731,-0.08759938433008584
682254,Mason Montgomery,TBR,2025,25,False,0,40,31.1,-0.0278773025052175,13.194443999999999,28.472222000000002,5.744682248022735,47.5,16.695652,-0.737834095954895,3.798538031369409,1029.589381642512,2471.547061265432,4123.26391,1989.6251497489964,22.09314,-1.125,-3.0,-0.043205337001655415,0.05895944065771061,-0.10216477765936602,0.038042294698232365,-0.0278773025052175,-0.06591959720344986,0.028531721023674277,0.06657401572190665
521230,Liam Hendriks,BOS,2025,36,False,0,14,13.2,-0.0305952795022938,11.864407,20.338983,6.409324745266099,27.24602900834586,9.349361,-0.4780219793319702,4.470308633442102,443.43711292865595,1792.5883277219189,2401.3449235457642,1460.2346810951758,26.077640000000002,-0.25,0.0,-0.11171912666746676,-0.45844910395545724,0.3467299772879905,-0.1255503770168472,-0.0305952795022938,0.09495509751455342,-0.3264309802438027,-0.4519813572606499
606303,Joel Payamps,MIL,2025,31,False,0,23,18.1,-0.0311959614919752,7.142856999999999,19.047618999999997,8.48218347426327,30.29065728846189,9.349361,-0.4780219793319702,5.528292105772861,621.8905525941719,1768.7074812925168,2812.703895398698,1198.156682718894,26.62274,0.0,0.0,-0.08307432839299472,-0.5614829099192564,0.4784085815262617,-0.21084731679540542,-0.0311959614919752,0.1796513553034302,-0.4308619082340893,-0.6417092250294947
622608,Antonio Senzatela,COL,2025,30,False,18,19,91.1,-0.0333559332944635,7.5,11.136364,5.808164618601219,44.89966204437031,6.886045,-2.6627231910824776,4.776418140218994,242.26746059038,1030.11367,4153.2187391042535,684.5866841720319,23.333540000000003,-0.75,1.0,-0.05931571013944113,-0.038046661154189934,-0.0212690489852512,-0.021395375500905575,-0.0333559332944635,-0.011960557793557924,-0.03490824423831962,-0.056303619739225194
656271,Brock Burke,LAA,2025,28,False,0,44,37.0,-0.0348988576869525,9.31677,19.254658,3.6244744335407155,51.23267677573091,10.260586,0.5720316730439663,6.36352650785063,828.1573300207039,1746.0745799853398,4645.944611569264,1107.568825053592,17.82026,-0.125,12.0,-0.045462836230030015,0.300545611286518,-0.346008447516548,0.23070928667222335,-0.0348988576869525,-0.26560814435917585,0.13632821485176835,0.3670375015239917
687396,Brent Headrick,NYY,2025,27,False,0,11,13.1,-0.0353976283335176,5.555555999999999,29.629630000000002,4.790653434742536,30.963730251209448,9.349361,-0.4780219793319702,3.7177544268311373,1836.1581758317643,2798.3539312757202,2924.3522877414566,2004.35732875817,21.793560000000003,0.0,0.0,-0.13024165539508006,0.16838924247351666,-0.29863089786859676,0.04576554100421303,-0.0353976283335176,-0.08116316933773063,0.1189904066109539,0.16475594761516693
800049,Adam Mazur,MIA,2025,24,False,1,1,5.2,-0.0370532618855498,14.814815000000001,18.518519,6.195293870695978,43.92898652279025,9.349361,-0.3959073722362518,4.9448571154327485,243.664738011696,1577.5034669410152,3742.098843806394,1234.5679395061732,22.55444,-0.125,0.0,-1.1543516202805897,-0.49534443385329874,-0.659007186427291,-0.0158999447903528,-0.0370532618855498,-0.021153317095196997,-0.04542841368672228,-0.06132835847707507
621199,Matt Bowman,BAL,2025,34,False,0,19,23.1,-0.0381220919192472,5.555555999999999,15.740741,5.901432151266276,34.61979204473544,9.349361,-0.4780219793319702,5.406158925519825,681.1747940964851,1486.625531893004,3269.647011060662,1156.849641276216,26.827099999999998,-0.25,0.0,-0.07954479785747685,-0.24667109979364985,0.167126301936173,-0.11821789222475751,-0.0381220919192472,0.0800958003055103,-0.3173217107085596,-0.43553960293331706
678215,Luarbert Arias,MIA,2025,24,False,0,6,9.1,-0.0421111943316102,10.0,18.0,10.343927383892304,20.34945691949826,9.349361,-0.4780219793319702,6.372258428872265,427.18446400000005,1620.0,1831.4511227548433,1005.8823540000001,37.50874,-0.25,0.0,-0.22305050184435296,-0.8580123159377158,0.6349618140933628,-0.16198987707537785,-0.0421111943316102,0.11987868274376764,-0.46282822021536524,-0.6248180972907431
687362,Connor Gillispie,MIA,2025,27,False,6,6,26.0,-0.0471393117009426,8.943089,18.699187000000002,8.439101280869096,36.77775617010815,9.349361,-0.4780219793319702,3.109669747583403,493.2858563442041,1702.6902064313572,3348.8688703612384,1168.6991875,22.900560000000002,-0.375,0.0,-0.2937141729058731,-0.6081837490780329,0.31446957617215976,-0.09760973750635095,-0.0471393117009426,0.05047042580540835,-0.27888496430385984,-0.3764947018102108
693645,Cam Schlittler,NYY,2025,24,False,1,1,5.1,-0.0478913917823721,9.523810000000001,33.333332999999996,5.132842002080478,25.5450774598023,9.349361,0.6481798887252808,3.4483154251468746,2232.1427812499996,3015.87296984127,2311.2212818177904,1944.4444138888887,26.35104,0.09999999999999998,0.0,-1.5212559742635845,2.580507551884407,-4.101763526147991,0.08123820070747206,-0.0478913917823721,-0.12912959248984418,0.2112193218394274,0.2924575225468995
641540,Dane Dunning,TEX,2025,30,False,0,5,10.2,-0.048715613934448,10.869565,21.73913,3.458808607318704,30.30645305802753,9.349361,-0.4780219793319702,7.64663757971698,980.04274126871,1937.61811342155,2701.227344369074,1594.2028594202898,27.80476,0.0,0.0,-0.23020515604317587,0.031001337273829258,-0.26120649331700513,0.006560448966660962,-0.048715613934448,-0.055276062901108966,0.017593931319681677,0.02415438028634264
686799,Jack Kochanowicz,LAA,2025,24,False,19,19,94.0,-0.0498827850667967,10.76555,15.550239,5.991948972124284,52.94797243418026,9.202852,-2.323181629180908,4.249706019474301,332.75655535668,1387.61702453355,4724.783198779236,1050.4134973208909,15.467760000000002,0.25,0.0,-0.08596820405128792,-0.05331944599439491,-0.03264875805689302,-0.030938443972056306,-0.0498827850667967,-0.018944341094740393,-0.0504785138491445,-0.08141695782120081
669422,Matt Sauer,LAD,2025,26,False,1,9,27.2,-0.0502413419825276,6.6666669999999995,18.333333,6.295342253488936,46.00904385449706,9.349361,-0.4780219793319702,3.629078591120527,699.99996,1711.111073888889,4294.177411083378,1249.9999739393938,25.5091,0.0,0.0,-0.20318189772345724,0.11011139224050423,-0.31329328996396144,0.027227544263106498,-0.0502413419825276,-0.0774688862456341,0.06866076379392075,0.09588830805702725
519008,T.J. McFarland,ATH,2025,36,False,0,27,15.2,-0.0517272155344022,4.054054,9.459459,6.8936214318072695,61.2903225,9.349361,-0.4780219793319702,4.475703378603112,357.7106272257551,907.5967424032141,5880.557972907585,645.6456118833121,16.56646,0.0,0.0,-0.16402972294461754,-0.2632511642304649,0.09922144128584737,-0.0830169646535906,-0.0517272155344022,0.031289749119188394,-0.13221220296682945,-0.21522916762042005
547184,Michael Kelly,ATH,2025,32,False,0,13,13.0,-0.0521626043780564,15.384614999999998,15.384614999999998,1.384615714733496,36.111111099999995,9.349361,0.1230588033795356,15.878616916317588,0.0,1301.775121301775,3055.555568504273,1111.11107991453,23.12866,0.0,6.0,-0.19340288700171682,0.13109919458143748,-0.3245020815831543,0.035358703932752845,-0.0521626043780564,-0.08752130831080925,0.12375546376463496,0.15911416769738781
687922,Easton Lucas,TOR,2025,28,False,4,5,21.2,-0.0552432741333761,10.752688000000001,23.655914,5.833178493293097,36.099400448994516,9.349361,-0.4780219793319702,3.5966482491290037,913.9785040322578,2111.2267374031676,3221.7744548843534,1783.8885951701038,23.809560000000005,-0.125,0.0,-0.422142000453157,1.0483082720924846,-1.4704502725456416,0.13718602079234984,-0.0552432741333761,-0.19242929492572594,0.3566836540601096,0.4938696748524595
660825,Eduard Bazardo,SEA,2025,29,False,0,42,48.2,-0.0558467788129054,11.111111,22.727273,3.2129466978415735,34.69490978143182,6.48855,1.4523084163665771,7.673062784629058,979.9642849066801,2020.2020469696972,3083.9919844267074,1695.804224895105,20.86286,-0.5,14.0,-0.055846778812905395,0.42513998361487215,-0.48098676242777755,0.42513998361487215,-0.0558467788129054,-0.48098676242777755,0.28342665574324816,0.7085666393581203
608717,Chris Stratton,- - -,2025,34,False,0,15,21.0,-0.0568698535166439,9.615385,21.153846,7.71428641494446,48.611111099999995,9.349361,-0.4780219793319702,3.6630036363636362,697.3795059171601,1911.9822264792901,4393.696561495726,1498.397417948718,22.499660000000002,-0.125,0.0,-0.13052985426201125,-0.2900737281009723,0.15954387383896107,-0.12638066991951075,-0.0568698535166439,0.06951081640286685,-0.3497511562888786,-0.47613182620838934
682825,Luis Mey,CIN,2025,24,False,0,15,14.1,-0.0587478780419582,16.129032,24.193548,4.311172869962824,55.87171600615767,9.349361,-0.4780219793319702,3.8376528707616586,597.3715549581841,2029.1362901144641,4686.014905257538,1814.5161,21.09294,0.0,0.0,-0.2008260795476869,0.008191702323609204,-0.2090177818712961,0.00239632785815124,-0.0587478780419582,-0.06114420590010944,0.005863355397604099,0.008259683255755339
668984,Casey Legumina,SEA,2025,28,False,1,34,35.0,-0.0596160090261373,12.0,25.333333000000003,5.584407365836125,44.56855998537605,10.152284,-1.0841137415263802,4.39710725751535,825.3968060317462,2229.333304,3922.0332787130924,1797.8494403440864,18.771839999999997,0.0,-1.0,-0.08209976100170908,-0.11639118027323431,0.03429141927152522,-0.08451641721085479,-0.0596160090261373,0.02490040818471749,-0.08948797116443447,-0.17400438837528925
573186,Marcus Stroman,NYY,2025,34,False,6,6,24.1,-0.06658623948536,10.714286000000001,13.392857,6.750038764187997,51.0901549196046,9.349361,-0.4780219793319702,4.36931034349264,174.03144804782087,1195.7907997448979,4561.62096036751,876.91324957483,20.355660000000004,-0.375,0.0,-0.44759214923768953,-0.2490533604500953,-0.19853878878759423,-0.037050530783008004,-0.06658623948536,-0.02953570870235199,-0.09633138003582081,-0.13338191081882883
605154,John Brebbia,DET,2025,35,False,0,19,18.2,-0.0667515888210766,11.827957,21.505376000000002,7.525477269082968,34.54208902642322,9.349361,-0.4780219793319702,5.045908574053409,547.7784379793061,1896.1729374031681,3045.6465589476165,1408.972902187616,18.037860000000002,-0.25,0.0,-0.17678168028438968,-0.44199151624628924,0.26520983596189956,-0.16689306215108843,-0.0667515888210766,0.10014147333001183,-0.44797611419502686,-0.6148691763461153
680742,Jonathan Bowlan,KCR,2025,28,False,0,14,19.0,-0.0689569421385188,10.25641,21.794872,3.7894744628685935,50.9433962,9.349361,0.8506815880537033,4.0280933748663825,797.8723703764322,1955.95005687048,4571.843261780358,1480.4063934204164,20.21346,0.8500000000000001,5.0,-0.17493287426718981,0.3171926549477723,-0.4921255292149621,0.12503444904580235,-0.0689569421385188,-0.19399139118432115,0.3460255682895461,0.47106001733534847
605513,Spencer Turnbull,TOR,2025,32,False,1,3,6.1,-0.0689640892450459,12.121212,12.121212,7.127003633091009,48.045020327840696,9.349361,-0.4780219793319702,6.500634046070231,0.0,1065.197419651056,4222.138155846003,824.242416,25.324559999999998,-0.125,0.0,-1.2436147240909918,-0.8270693205832311,-0.4165454035077607,-0.04586475323234281,-0.0689640892450459,-0.023099336012703094,-0.11924835840409133,-0.16511311163643413
688138,Logan Evans,SEA,2025,24,False,9,9,50.1,-0.0699527155879748,7.009346,16.355140000000002,4.077356654083967,40.74839766869854,7.653701,-1.3547796681523323,4.874492551358793,716.4023250512881,1520.8751648615603,3789.2201486643526,1060.0553733991,24.105400000000003,0.25,0.0,-0.22619440968566704,1.0235857638075618,-1.2497801734932288,0.3165533751034497,-0.0699527155879748,-0.3865060906914245,0.8441423336091991,1.1606957087126488
471911,Carlos Carrasco,NYY,2025,38,False,6,8,32.0,-0.0721771953791808,7.042254000000001,17.605634000000002,5.988315490628173,40.48653785117909,10.311284,-1.4565186873078346,4.547999910584594,754.5271383299801,1636.5800535409642,3763.5373019892913,1118.8627237988683,25.04894,-0.375,0.0,-0.3653970516071028,0.5781779951361156,-0.9435750467432183,0.11420799903923269,-0.0721771953791808,-0.1863851944184135,0.296940797502005,0.4111487965412377
625643,Reynaldo López,ATL,2025,31,False,1,1,5.0,-0.074345735625281,8.0,4.0,5.415546294488619,40.643353603053164,9.349361,-0.4780219793319702,4.767051514452577,-333.333332,368.0,3739.188531480891,327.27272800000003,25.9385,0.0,0.0,-2.4088018342591044,-0.8545559196390653,-1.5542459146200391,-0.026375182704909423,-0.074345735625281,-0.047970552920371584,-0.07073344452680255,-0.09710862723171197
642216,Allan Winans,NYY,2025,29,False,1,2,6.1,-0.0761445946443799,6.6666669999999995,10.0,8.644786448461417,32.51191674844287,9.349361,-0.4780219793319702,5.246115913658529,157.23268761006304,933.3333299999999,3034.445552350696,739.13043,20.582839999999997,0.0,0.0,-1.3730992476855393,-1.3528087350976619,-0.020290512587877396,-0.07501939349177943,-0.0761445946443799,-0.0011252011526004801,-0.19505042307862652,-0.27006981657040596
676661,Max Lazar,PHI,2025,26,False,0,15,20.1,-0.0763803238830025,9.756098,17.073171000000002,3.4497094494850864,36.630134272508016,9.349361,0.1894851773977279,5.719752823187489,591.2786276669132,1540.7495705532424,3305.646247535055,1081.3008243089432,25.883960000000002,0.475,3.0,-0.1831607766746627,0.07409928952482127,-0.257260066199484,0.030900326129645383,-0.0763803238830025,-0.10728065001264789,0.09119364540700223,0.12209397153664761
664199,Taylor Clarke,KCR,2025,32,False,0,23,25.2,-0.0838646945604255,3.0612239999999997,16.326531,4.9090916121021095,40.5063291,9.349361,1.3084728717803955,3.488372093023256,746.17351875,1582.673931466056,3926.6339632071818,1012.658244458796,19.486240000000002,1.7999999999999998,6.0,-0.16040786816716307,0.2948578550488122,-0.45526572321597525,0.1541580486977192,-0.0838646945604255,-0.2380227432581447,0.315018621251861,0.4691766699495802
665625,Elvis Peguero,MIL,2025,28,False,0,6,7.1,-0.0842077756088321,11.111111,13.888888999999999,4.989519366308261,48.15437830428186,9.349361,-0.4780219793319702,6.006862730740728,167.62453563218395,1234.567912654321,4280.389187953319,961.5384660256409,23.19826,0.0,0.0,-0.5716640541331982,-0.24987729510758805,-0.32178675902561016,-0.0368076513540223,-0.0842077756088321,-0.04740012425480979,-0.09281929471883885,-0.12962694607286115
686993,Justin Sterner,ATH,2025,28,False,1,34,34.1,-0.0849177748707483,10.135135,23.648649,3.6699038098936874,26.8817204,12.317666,0.6498415842652321,6.342062230769231,1114.146107676826,2125.1826498173846,2415.722174713746,1729.1485392037198,18.669459999999997,-0.25,9.0,-0.12003040318973807,0.3124924841304503,-0.43252288732018834,0.2210787076524555,-0.0849177748707483,-0.30599648252320377,0.23408333751436464,0.45516204516682013
681892,Kody Funderburk,MIN,2025,28,False,0,10,13.0,-0.0853826007696722,8.064516,14.516129,6.727544502666753,53.89448574197583,9.349361,0.0539267882704734,3.9144810680123805,435.91980008718394,1334.547345421436,4954.815631619647,1142.759087783116,17.115260000000003,-0.375,4.0,-0.31657241208447695,-0.10297150211185917,-0.21360090997261777,-0.027772396835148736,-0.0853826007696722,-0.05761020393452347,-0.07003473984515769,-0.09780713668030643
683627,Anthony Molina,COL,2025,23,False,0,5,8.2,-0.0871237260283253,0.0,15.789474,6.394982808064987,27.234645213210257,9.349361,-0.9013645052909852,3.55860575348425,1076.555042583732,1578.9474,2723.4645213210256,814.9405899830219,24.53534,0.25,-1.0,-0.5121175115323512,-0.3735155348726627,-0.1386019766596885,-0.06354413663808783,-0.0871237260283253,-0.023579589390237465,-0.17041382098396285,-0.23395795762205068
805123,AJ Blubaugh,HOU,2025,24,False,1,1,4.0,-0.0872323925255018,5.263158,31.578947000000003,4.521994881050182,25.265501963657055,9.349361,0.8316106274724007,-1.078418067751687,-822.36840625,2991.689712465374,2393.573867581668,2105.2631438596495,15.151539999999997,-0.25,3.0,-3.532911897282823,2.5538229180127963,-6.086734815295619,0.06305735600031595,-0.0872323925255018,-0.15028974852581775,0.180163874286617,0.24322123028693296
543518,Scott McGough,ARI,2025,35,False,0,7,7.0,-0.0923909678700086,17.142857,14.285713999999999,6.392184036039918,29.62102957579959,9.349361,-0.4780219793319702,8.8521641749338,-197.04434413793106,1183.673447755102,2454.313883369256,683.2298006211179,21.294260000000005,0.0,0.0,-0.6361778073334878,-0.6245243123747761,-0.011653494958711708,-0.09069855158969777,-0.0923909678700086,-0.0016924162803108322,-0.2591387188277079,-0.34983727041740564
657240,Julian Merryweather,CHC,2025,33,False,0,21,18.2,-0.0942317432412284,12.5,17.045455,6.015220955439359,44.39083281331006,9.349361,-0.4780219793319702,5.068267948375312,305.94408513986,1491.4773125000002,3884.1978711646307,1209.6774527126101,22.7085,-0.125,0.0,-0.24955879253995658,-0.35181555399569653,0.10225676145573995,-0.1328432174838522,-0.0942317432412284,0.03861147424262379,-0.30996750746232177,-0.44281072494617396
628317,Kenta Maeda,DET,2025,37,False,0,7,8.0,-0.0970711253442202,13.953488,18.604651,7.682257914694104,40.06882329469223,9.349361,-0.4780219793319702,4.854768042999552,280.190542841132,1600.8653255273123,3447.782484452615,1413.9534760000001,23.5,-0.125,0.0,-0.5848535301989267,-0.46744034847537314,-0.11741318172355358,-0.07758346032786276,-0.0970711253442202,-0.019487665016357444,-0.23662955399998137,-0.3142130143278441
664351,Luis Contreras,HOU,2025,29,False,0,7,9.0,-0.097854304788675,13.953488,23.255814,9.043990780332095,14.972149296824625,9.349361,-0.4780219793319702,4.6080194350853665,524.074702653128,2001.0816784207682,1288.3012241350118,1464.2549564168821,19.311239999999998,0.0,0.0,-0.5240641656460151,-0.7687554662437831,0.244691300597768,-0.14354355178825826,-0.097854304788675,0.04568924699958325,-0.41012443368073787,-0.5536679854689961
681867,Cooper Criswell,BOS,2025,28,False,0,6,10.2,-0.1011963045499946,5.6603769999999995,9.433962,4.927168519134361,51.519763920221365,9.349361,-0.4780219793319702,4.141009258620487,232.937345446075,889.996418476326,4860.355105282686,754.71696,18.366760000000003,0.125,0.0,-0.4782021450303668,-0.17938521204488547,-0.2988169329854813,-0.037961185951407295,-0.1011963045499946,-0.06323511859858731,-0.09869908347365898,-0.13666026942506626
605182,Mike Clevinger,CHW,2025,34,False,0,8,5.2,-0.10645623556887,25.806452,9.677419,7.941178906851496,50.0,9.349361,-0.4780219793319702,123.076924,-992.555884367246,718.002051092612,3709.6773999999996,725.806425,14.391240000000002,0.0,0.0,-0.9867674143114489,-0.32459444440438034,-0.6621729699070685,-0.035018487778065925,-0.10645623556887,-0.07143774779080408,-0.10334724441819457,-0.1383657321962605
622253,Dillon Tate,TOR,2025,31,False,0,5,5.1,-0.107196727593939,20.0,23.333333,5.077991072758734,31.279310109271286,9.349361,-0.4780219793319702,5.915304911826007,291.00526089947095,1866.66664,2502.3448087417028,1895.83330625,27.393900000000002,0.0,0.0,-1.0131141705936981,-0.3078190515903962,-0.7052951190033019,-0.032570065624709967,-0.107196727593939,-0.07462666196922904,-0.0846821706242459,-0.11725223624895587
676272,Bobby Miller,LAD,2025,26,False,1,2,5.0,-0.1113208176363126,7.142856999999999,25.0,12.833661891745104,28.50987752670409,9.349361,-0.4780219793319702,2.3088994176743767,1116.0714375,2321.4285750000004,2647.345774409648,1250.0,35.29584,0.0,0.0,-2.449057987998877,-1.2520009552646727,-1.1970570327342045,-0.0569091343302124,-0.1113208176363126,-0.0544116833061002,-0.14350999091966604,-0.20041912524987843
669920,Jason Alexander,- - -,2025,32,False,1,6,15.0,-0.1117498952971941,13.513513999999999,14.864865,8.400000534057652,44.2307692,9.349361,-0.6100978441536427,3.252914064516129,68.13534444696805,1285.60993871439,3825.3638011850308,943.3471950623699,22.48354,-0.5,-1.0,-0.8194992321794234,-1.2490565800511235,0.4295573478717001,-0.17032589727969866,-0.1117498952971941,0.05857600198250455,-0.47136701805311965,-0.6416929153328184
673513,Yuki Matsui,SDP,2025,29,False,0,39,35.2,-0.1119537171454589,11.538461999999999,24.358974,5.046730221583233,28.282828199999997,14.701131,-0.3879784345626831,5.741885386276448,902.85295503792,2154.832304142012,2501.9424815617713,1558.974336,17.72604,-0.125,-3.0,-0.15330026040940678,-0.05809887158799583,-0.09520138882141095,-0.04242905145015463,-0.1119537171454589,-0.06952466569530427,-0.03372565628089214,-0.07615470773104677
681799,Ethan Roberts,CHC,2025,27,False,0,9,8.1,-0.1146285985483908,5.7142859999999995,17.142857,5.6142060207116895,34.715907761832675,9.349361,-0.4780219793319702,3.833054680466542,836.236905783972,1616.326512244898,3273.214150482536,1252.7472409890108,28.46694,0.25,0.0,-0.682110919757091,-0.24628052229346642,-0.4358303974636246,-0.041387390675872986,-0.1146285985483908,-0.07324120787251781,-0.1262315415614126,-0.1676189322372856
682610,Roddery Muñoz,STL,2025,25,False,0,6,6.2,-0.1215852204082649,13.333333,23.333333,8.1452401604433,27.4878847655066,9.349361,-0.4780219793319702,1.554999183599756,555.55556,2022.222201111111,2382.2833555065336,1596.491213859649,29.8916,-0.25,0.0,-0.9452270360771562,-0.6576937323135232,-0.28753330376363295,-0.08459960872082663,-0.1215852204082649,-0.036985611687438275,-0.27606188108901325,-0.36066148980983986
663947,Tyler Holton,DET,2025,29,False,5,40,47.1,-0.1226489027148345,4.232804,21.164020999999998,3.7097423263394314,47.56371101656873,9.455587,0.422113686800003,3.427763074414211,1381.2308542884987,2026.8189472551157,4555.043235411097,1516.0043480393258,19.75124,-0.125,9.0,-0.28644117406861563,1.4817361598218974,-1.7681773338905131,0.6344524829782853,-0.1226489027148345,-0.7571013856931198,0.4758393622337139,1.1102918452119992
663969,Tyler Phillips,MIA,2025,27,False,0,33,46.1,-0.1252117914458806,7.216495,14.948454,3.599064457125175,50.41514564782032,11.306902000000001,1.1144249737262726,5.897513367709328,594.766077517843,1386.96995645127,4677.693918290265,1076.288688,12.92916,-0.125,13.0,-0.13091558237942397,0.3648280139623491,-0.49574359634177306,0.34893301750340855,-0.1252117914458806,-0.4741448089492891,0.3912279287159429,0.7401609462193515
682171,Penn Murfee,CHW,2025,31,False,0,15,12.2,-0.1262068771059371,7.936508000000001,20.634921000000002,7.815791171612045,34.090909,9.349361,-0.4780219793319702,4.342431741935484,854.7008710927962,1899.7228844041322,3138.5281279942283,1406.926428066378,31.429260000000003,0.0,0.0,-0.49862061282837444,-0.4811919959573661,-0.01742861687100833,-0.12179548445393913,-0.1262068771059371,-0.004411392651997956,-0.3594452102177228,-0.4812406946716619
608665,Kendall Graveman,ARI,2025,34,False,0,11,10.1,-0.1267937926788314,14.285713999999999,8.163265,7.794340796530319,35.145586678450094,9.349361,-0.4780219793319702,7.798133391983098,-396.8253992819349,699.70843090379,3012.4788681944615,441.25756712631005,27.961000000000002,0.125,0.0,-0.6050951294177895,-0.6141257708074536,0.00903064138966403,-0.1286861055011469,-0.1267937926788314,0.0018923128223155006,-0.367674587146134,-0.4963606926472809
663399,Brandon Waddell,NYM,2025,31,False,1,9,23.1,-0.1290812130137571,6.122449,16.326531,3.9446406926495263,37.852603506346874,9.349361,-0.015444278717041,6.293017956137549,819.9708764577259,1532.6947466055808,3553.5097161498575,966.702488265306,22.38584,-0.125,1.0,-0.6146724429226529,0.5272070414013947,-1.1418794843240476,0.1107134786942929,-0.1290812130137571,-0.23979469170805,0.3491732789589238,0.45988675765321674
489119,Wade Miley,CIN,2025,38,False,2,3,12.0,-0.1292086947365774,10.909091,12.727273,6.620729135936979,37.71340834186984,9.349361,-0.4780219793319702,4.192104406504507,132.788573278856,1133.884320661157,3359.9218306653665,922.7272925,26.29224,0.35,0.0,-1.1844130350852928,-0.7859481236286661,-0.39846491145662677,-0.08573979530494538,-0.1292086947365774,-0.04346889943163201,-0.20978886085252593,-0.2955286561574713
621053,Tyler Ferguson,ATH,2025,31,False,0,36,35.0,-0.1303169953876519,14.102564000000001,21.153846,6.685715839863184,41.6666666,9.748428,0.722646951675415,5.542359519102992,391.737892022792,1817.0611329388562,3579.0598276068376,1467.81788355573,20.759739999999997,0.35,10.0,-0.1794651193624235,-0.01106464696478994,-0.16840047239763356,-0.008034494683976098,-0.1303169953876519,-0.1222825007036758,-0.007588133868199648,-0.015622628552175746
612434,Miguel Castro,CHW,2025,30,False,0,6,6.0,-0.1320849229822446,17.857143,14.285713999999999,7.500002533198258,50.0,9.349361,-0.4780219793319702,4.8076923076923075,-223.21431250000012,1173.4693622448979,4107.142849999999,873.015853968254,13.821159999999999,-0.25,0.0,-1.0610822146240317,-0.651529926103484,-0.4095522885205477,-0.08110331030333826,-0.1320849229822446,-0.05098161267890636,-0.23935367187082754,-0.3204569821741658
701121,Logan VanWey,HOU,2025,26,False,0,7,8.2,-0.1364493480281974,6.976744,11.627907,6.26122418383608,36.749820973734444,9.349361,-0.4780219793319702,3.9777448012544445,344.530592248062,1081.665769605192,3418.5880043938687,786.593710875513,26.0165,0.0,0.0,-0.8020559237755018,-0.38933570484132124,-0.4127202189341806,-0.06623553484852353,-0.1364493480281974,-0.07021381317967386,-0.18924438528149576,-0.2554799201300193
687330,Kevin Kelly,TBR,2025,27,False,0,22,21.2,-0.1371706333247565,4.5454550000000005,19.318182,3.738462527482729,44.7761194,9.349361,-1.5920345783233645,4.3645699512195115,1321.7703074162678,1844.0082730371898,4274.084104192672,1066.8249839043422,24.488240000000005,-0.75,-5.0,-0.3118690814270408,0.029363016393257904,-0.3412320978202987,0.01291485368334165,-0.1371706333247565,-0.15008548700809815,0.028177862581836324,0.04109271626517797
664062,Tony Gonsolin,LAD,2025,31,False,7,7,36.0,-0.1392209869448171,11.464968,24.203822,5.092722972914724,41.69569599955268,12.151067,-0.5313799977302551,3.9022182078996717,1015.4158994738298,2142.886155292304,3691.5297795826687,1531.2622051995318,24.66324,0.125,0.0,-0.626494441251677,1.5144538172483284,-2.1409482585000053,0.33654529272185074,-0.1392209869448171,-0.47576627966666785,0.8486794338203194,1.1852247265421703
666120,Ian Anderson,LAA,2025,27,False,0,7,9.1,-0.1395927591670169,13.72549,15.686275,11.49475894443723,41.410289875646704,9.349361,-0.4780219793319702,3.496543817959554,101.73884345171999,1353.3256893502498,3572.65246797938,1045.751671895425,23.754060000000003,-0.125,0.0,-0.7393814276758479,-0.8801483341752318,0.14076690649938384,-0.1661690838380624,-0.1395927591670169,0.02657632467104548,-0.4456352702929856,-0.6118043541310481
571771,Enrique Hernández,LAD,2025,33,False,0,5,5.1,-0.1400465517495446,21.621622,2.702703,15.469149977683067,47.652223970164336,9.349361,-0.4780219793319702,4.638592374034927,-859.950855036855,211.833477355734,3734.904022874201,193.05021312741303,23.67606,0.0,0.0,-1.3235772145741278,-1.1975870356401557,-0.12599017893397213,-0.1267156407005144,-0.1400465517495446,-0.013330911049030225,-0.31954378959260155,-0.44625943029311593
570632,José Ureña,- - -,2025,33,False,2,9,18.1,-0.140531557231997,6.097561,12.195122,5.400000392090219,30.3030303,9.349361,0.1999491211026907,5.020302697674419,493.612081242741,1145.151699702558,2845.5284542609015,873.680381543502,24.439940000000004,0.125,0.0,-0.8540591875977718,-0.22187231787869593,-0.6321868697190758,-0.0365080813964036,-0.140531557231997,-0.1040234758355934,-0.1010339927016751,-0.1375420740980787
693821,Bryce Elder,ATL,2025,26,False,15,15,79.2,-0.1415258677733714,7.865169,19.382022,5.664797492192529,50.656933395636926,9.118312000000001,-1.6088392734527588,3.020399541421385,827.4904256900819,1785.759321408282,4667.267997385265,1200.925278625248,20.586560000000002,-1.0,0.0,-0.2894847295364415,1.1112152326541611,-1.4006999621906027,0.5432607804087011,-0.1415258677733714,-0.6847866481820725,0.6519129364904412,1.1951737168991423
621121,Lance McCullers Jr.,HOU,2025,31,False,10,10,41.2,-0.1457860434939318,13.0,24.5,6.511672881770382,44.16154955819251,9.642857000000001,-1.7492415010929108,3.347497641135597,786.6449534999999,2131.5,3842.0548115627485,1461.764717,21.87434,-0.625,-2.0,-0.5732363846120618,0.3087235144059205,-0.8819598990179823,0.0785148690958267,-0.1457860434939318,-0.22430091258975848,0.2243281974166477,0.3028430665124744
663362,Matt Waldron,SDP,2025,28,False,1,1,4.2,-0.1463497499558088,24.0,12.0,7.714286765273879,50.0,9.349361,-0.4780219793319702,2.9596744313725494,-905.660376,912.0,3800.0,900.0,9.094660000000003,-0.25,0.0,-5.64491892686691,-4.625389114436703,-1.019529812430207,-0.1199174955594701,-0.1463497499558088,-0.0264322543963387,-0.29341514870934166,-0.4133326442688118
696270,Ryan Johnson,LAA,2025,22,False,0,14,14.2,-0.1504205450728996,6.944444,22.222222,7.314847664814543,49.29796419993093,9.349361,-0.4780219793319702,2.973255606516485,914.0550966286798,2067.901223765432,4587.449468292668,1525.054451416122,21.888699999999996,0.0,0.0,-0.5105824135573072,-0.2264335093880802,-0.28414890416922695,-0.06670862724711075,-0.1504205450728996,-0.08371191782578884,-0.1789004094354334,-0.24560903668254414
684974,Craig Yoho,MIL,2025,25,False,0,6,7.0,-0.1544101514048217,20.588234999999997,14.705882,9.147451757331421,46.95051890145042,9.349361,-0.4780219793319702,4.958291144136202,-362.6108036261077,1167.8200455017302,3728.4235736300393,1120.448149579832,13.46024,0.25,0.0,-1.0632241853874866,-0.7557426526881351,-0.3074815326993515,-0.1097551570293972,-0.1544101514048217,-0.0446549943754245,-0.27677387424804517,-0.38652903127744237
669371,Cole Henry,WSN,2025,25,False,0,34,33.0,-0.1579401005971083,11.564626,21.768707000000003,3.809461217257814,28.86771104395698,9.430605,0.0022954072337597,7.073817178679984,834.8793564007422,1925.1237450414183,2552.926822696266,1620.5592892139082,15.659839999999999,-1.5,6.0,-0.2306882681448673,0.03979865271382296,-0.27048692085869025,0.02724804023975431,-0.1579401005971083,-0.1851881408368626,0.02885086613621044,0.05609890637596475
656186,Dan Altavilla,CHW,2025,32,False,0,18,20.1,-0.1580284828674048,8.860759,17.721519,1.7704920904574697,48.1481481,9.349361,-0.4780219793319702,4.878048780487805,886.0760000000001,1615.125791027079,4388.185673389592,1329.113925,17.72834,0.475,0.0,-0.3789538743387518,0.214561550178256,-0.5935154245170078,0.08947483731499888,-0.1580284828674048,-0.24750332018240367,0.2584828633544412,0.3479577006694401
666215,Forrest Whitley,- - -,2025,27,False,0,10,12.0,-0.1602968431546887,12.121212,18.181818,13.500002279878048,28.8888888,9.349361,-0.4780219793319702,2.273373104966414,203.71784644766998,1597.796129476584,2538.7205344107742,1131.313115959596,31.522260000000003,-0.125,0.0,-0.643858986671333,-1.1460419995858198,0.5021830129144867,-0.2853216596479219,-0.1602968431546887,0.1250248164932332,-0.7896111046070398,-1.0749327642549615
700187,Troy Taylor,SEA,2025,23,False,0,8,6.2,-0.1733547684083773,8.108108,5.405405,13.193162216428297,23.918460529585452,9.349361,-0.4780219793319702,4.152336933276995,-160.02846625177796,496.71289247626,2197.912591790929,401.04617532694,24.20506,0.0,0.0,-1.3476935221425461,-1.0017489937969628,-0.3459445283455833,-0.12885567970002426,-0.1733547684083773,-0.044499088708353035,-0.3681590848572121,-0.49701476455723637
687064,Brandon Young,BAL,2025,26,False,6,6,26.1,-0.1755851617079003,9.090909,20.661157,7.6693707137071305,45.95122818509919,9.349361,-1.4066340923309326,2.8054891748537325,777.570429236648,1878.287001878287,4177.384384640947,1409.8201222751582,21.10854,0.6,0.0,-1.0898389347386916,0.3163758083456018,-1.4062147430842935,0.05097165801123585,-0.1755851617079003,-0.22655681971913616,0.14563330860353102,0.19660496661476687
693312,Kyle Nicolas,PIT,2025,26,False,0,10,12.0,-0.1789570034022783,15.0,13.333333,7.3845392099791285,38.72131044332063,9.349361,0.2668365836143493,5.626649525357121,-104.16668750000002,1133.3333049999999,3291.3113876822536,868.2170316279069,21.548740000000002,-0.25,2.0,-0.7188106303324845,-0.415670570734059,-0.3031400595984255,-0.10348644914540887,-0.1789570034022783,-0.07547055425686942,-0.3054112279657188,-0.4088976771111277
678821,Luis Peralta,COL,2025,24,False,0,9,8.1,-0.183557762834502,18.181818,11.363636000000001,6.650784312272339,25.01552596666659,9.349361,-0.4780219793319702,7.930871944633314,-387.39670578512386,929.7520384297522,2046.7248563664532,719.6969428787881,27.4861,-0.875,0.0,-1.092281996126296,-0.7475607662519135,-0.3447212298743825,-0.12562743167303939,-0.183557762834502,-0.05793033116146262,-0.3369099303958784,-0.4625373620689178
614179,José Ruiz,- - -,2025,30,False,0,18,16.1,-0.18545036231635,11.392405,18.987341999999998,8.816328938233422,44.4444444,9.349361,-0.4780219793319702,3.1431166141480262,409.79876254439495,1682.4227100624898,3938.1153293952184,1336.1462818565399,21.278260000000003,-0.125,0.0,-0.5551992213446006,-0.5635628810724176,0.008363659727816941,-0.18824403288933453,-0.18545036231635,0.002793670572984519,-0.5209544166007164,-0.709198449490051
663546,Sean Hjelle,SFG,2025,28,False,1,9,12.0,-0.1879373298549876,14.285713999999999,16.071429000000002,6.7500011064114,44.736842100000004,9.349361,-0.4780219793319702,3.2162959024390245,117.73945066719021,1377.5510617346943,3834.586478496241,1112.637388598901,21.370560000000005,0.0,0.0,-1.7227588570040528,-0.8117673477810281,-0.9109915092230247,-0.08855643793974852,-0.1879373298549876,-0.09938089191523908,-0.21032154010690274,-0.2988779780466513
672456,Keider Montero,DET,2025,24,False,7,13,65.0,-0.1889526668058861,7.971014,16.304347999999997,3.917106994009229,44.95526507927231,8.209693,-0.7615882903337479,4.718550887595952,685.0854131401618,1500.4726138311278,4137.18746060664,1189.3509909472798,23.919459999999997,0.8500000000000001,-4.0,-0.31976605151765336,0.23475910446127624,-0.5545251559789296,0.13872128899984507,-0.1889526668058861,-0.32767395580573117,0.2134173676920693,0.35213865669191435
621363,Colin Poche,- - -,2025,31,False,0,14,9.1,-0.1918707490957863,26.923077,21.153846,12.535720356609952,22.2222222,9.349361,-0.4780219793319702,5.9544258323503385,-281.4259035647279,1545.857975295858,1623.9316205982905,1331.9088230056982,25.2136,-0.375,0.0,-1.0162824292765824,-1.1258807254145606,0.10959829613797822,-0.21256254359486515,-0.1918707490957863,0.020691794499078847,-0.588254481111371,-0.8008170247062362
687424,Anthony Maldonado,ATH,2025,27,False,0,6,6.0,-0.1978593538738141,15.151514999999998,21.212121,12.00000208616293,19.047618999999997,9.349361,-0.4780219793319702,2.125075901639345,392.81705667789015,1799.8163304866848,1616.1616150072148,1010.101008080808,36.54474,-0.125,0.0,-1.5894701427863065,-1.1767870465030268,-0.4126830962832797,-0.1464880140875137,-0.1978593538738141,-0.0513713397863004,-0.5127080493062979,-0.6591960633938115
672391,Kaleb Ort,HOU,2025,33,False,0,29,26.2,-0.2019719270963711,11.926606,22.93578,5.7655440682885954,38.98106010031231,9.349361,-0.3765464723110199,4.153886321376362,693.1702152225621,2020.0319886373202,3433.194264752486,1605.5046,16.59714,-0.375,1.0,-0.3715666750398888,-0.1386576754435928,-0.23290899959629602,-0.07536993976394463,-0.2019719270963711,-0.12660198733242647,-0.1065575010455769,-0.18192744080952153
592454,Tommy Kahnle,DET,2025,35,False,0,40,38.0,-0.2038769050349239,8.974359,20.512821,4.389861678450155,49.626524260392316,8.702791,0.6891545653343201,4.120619876639008,788.1463122950819,1867.192680243261,4517.286181404262,1411.432628393319,20.943360000000002,0.0,15.0,-0.2586017584916666,0.30901861061970626,-0.5676203691113728,0.24362463077902152,-0.2038769050349239,-0.4475015358139454,0.18271847308426614,0.42634310386328766
702795,Ryan Loutos,- - -,2025,26,False,0,10,10.1,-0.2058014424042123,14.545454999999999,10.909091,11.322581026141044,42.1052631,9.349361,-0.4780219793319702,2.678528711179877,-144.01441440143995,932.231407768595,3598.0861003157893,736.3636425,25.79416,-0.25,0.0,-0.9821415370181221,-0.9546045546994473,-0.027536982318674852,-0.200031244864407,-0.2058014424042123,-0.005770197539805316,-0.5535748404387077,-0.7536060853031148
663738,Daniel Lynch IV,KCR,2025,28,False,2,39,41.2,-0.2112096743468379,12.222222,16.111111,2.5920005475312435,44.262295,8.333333,-0.1696137525141239,7.853045602834486,347.22223103174605,1414.197524691358,3885.24590428051,1172.8888808,17.906959999999998,0.5,4.0,-0.24709481319217444,0.0669714905810095,-0.31406630377318395,0.05724534049663052,-0.2112096743468379,-0.26845501484346845,0.04550270654860374,0.10274804704523427
605452,Joe Ross,PHI,2025,32,False,1,29,41.2,-0.2114347655532003,8.064516,16.129032,5.260806760815449,47.608914050704556,10.541311,-0.97896546125412,4.864808195345755,565.4088699857159,1482.830363371488,4376.948555965924,1090.740288999768,24.13906,0.25,-2.0,-0.24735814805010325,-0.20443203746812258,-0.042926110581980675,-0.17474273742088486,-0.2114347655532003,-0.036692028132315424,-0.24705007704332,-0.42179281446420486
801403,Chase Dollander,COL,2025,23,False,15,15,68.2,-0.2130307721905441,10.679611999999999,16.828478999999998,5.880545860624085,40.749273144278064,9.466019000000001,-1.1740304231643677,3.4931598774669244,377.31683640041194,1503.1262737298518,3639.740887964897,1076.416224930756,23.891659999999998,-1.625,0.0,-0.5060261744115563,0.11876537571115445,-0.6247915501227107,0.049998756935189716,-0.2130307721905441,-0.2630295291257338,0.11666376618210933,0.16666252311729904
808963,Roki Sasaki,LAD,2025,23,False,8,8,34.1,-0.2151250784769828,14.285713999999999,15.584416000000001,4.805948459228637,39.0992606197811,8.013356,-0.0173950567841529,5.858523235401368,102.52910471633618,1335.8070901669762,3351.3652071524543,1128.014866444032,21.28384,-0.375,2.0,-1.0220018390988626,-0.01581678131807346,-1.0061850577807891,-0.0033293348330018825,-0.2151250784769828,-0.21179574364398093,-0.008395713926700398,-0.01172504875970228
685801,Hunter Bigge,TBR,2025,27,False,0,13,15.0,-0.2152243499072744,8.333333,20.0,2.4,38.095237999999995,9.349361,-0.4780219793319702,4.40097799941416,1166.6667,1833.3333400000001,3492.0634960317457,1285.71428,29.706160000000004,-0.125,0.0,-0.6915875777020418,0.1979736241880063,-0.8895612018900481,0.061610049021163786,-0.2152243499072744,-0.2768343989284382,0.18182477881855652,0.2434348278397203
592155,Cam Booser,CHW,2025,33,False,0,30,24.2,-0.2163265308027567,12.5,24.107143,5.108109751818829,33.3333333,9.349361,-0.3900008797645569,4.995178404045496,812.5000100000001,2109.3750125,2916.6666637499998,1642.0807543737062,21.040059999999997,0.25,3.0,-0.4308652390368956,-0.12306293703349694,-0.30780230200339864,-0.06178678581349846,-0.2163265308027567,-0.15453974498925827,-0.08238238108466461,-0.14416916689816306
672335,Cionel Pérez,BAL,2025,29,False,0,19,21.2,-0.2188238869086549,16.363636,19.090909,8.473851560542288,58.29633429307886,9.349361,-0.4780219793319702,3.152447464154925,161.89291891656302,1596.694214214876,4875.693434801626,1245.0592767984188,5.857360000000002,-0.625,0.0,-0.49751468627345125,-0.5289042314373985,0.03138954516394726,-0.2326300768977769,-0.2188238869086549,0.013806189989122003,-0.6244281011466644,-0.8570581780444413
663941,Tristan Beck,SFG,2025,29,False,0,8,13.1,-0.2196255802345695,11.290322999999999,11.290322999999999,8.100000826791014,43.75,9.349361,0.0996122658252716,4.689942722191332,0.0,1001.560906555671,3881.04836875,776.20970625,22.46686,-0.375,4.0,-0.8080880127714695,-0.42599089278082697,-0.3820971199906425,-0.11577760778897993,-0.2196255802345695,-0.10384797244558956,-0.27497181849882735,-0.3907494262878073
620454,José Castillo,- - -,2025,29,False,0,18,17.2,-0.2215728456250642,10.112359999999999,19.101124,5.60377508165317,54.2372881,9.349361,-0.5013562068343163,3.644519219512195,671.574324732016,1716.9549577073599,4875.261827309085,1197.867090535136,17.267300000000002,-1.375,-3.0,-0.6209192534376801,-0.1920778230657471,-0.42884143037193295,-0.06854229370810892,-0.2215728456250642,-0.1530305519169553,-0.18968681282011537,-0.2582291065282243
663878,Nate Pearson,CHC,2025,28,False,0,9,10.2,-0.2249712033660368,15.254237000000002,10.169492,13.158293986074852,30.32035352292019,9.349361,-0.4780219793319702,5.493513237561343,-262.3082759079901,861.821358862396,2569.5214937296096,709.499443279464,20.430459999999997,-0.125,0.0,-1.0630992159061738,-1.0983621137619934,0.0352628978558196,-0.23243347635627243,-0.2249712033660368,0.0074622729902356355,-0.708922102886631,-0.9413555792429035
666619,Gregory Santos,SEA,2025,25,False,0,8,7.0,-0.2296238006902015,22.222222,0.0,5.584407537019554,64.5418776471771,9.349361,-0.4780219793319702,125.0,-1388.8888749999999,0.0,5019.9238313453025,0.0,10.60764,-0.125,0.0,-1.5811238847525304,-0.26652175124406124,-1.3146021335084692,-0.038706478396440425,-0.2296238006902015,-0.19091732229376107,-0.11058993827554406,-0.14929641667198448
543101,Anthony DeSclafani,ARI,2025,35,False,1,6,16.1,-0.2318642442783583,5.7971010000000005,24.637681,4.931113495203779,41.09330133812693,9.349361,-0.7755577862262726,2.873508244434997,1507.2464,2320.940974837219,3871.108115532136,1642.5120748792272,20.98626,-0.625,1.0,-1.5841656441378515,0.5857559148443527,-2.169921558982204,0.08573336571812801,-0.2318642442783583,-0.31759760999648634,0.24495247348036567,0.3306858391984937
801434,Paul Gervase,TBR,2025,25,False,0,5,6.1,-0.2330503371806676,16.666667,20.0,4.26315879078802,11.1111111,9.349361,-0.4780219793319702,4.560260592260926,333.33329999999995,1666.6666599999999,925.9259212962963,1263.1579,0.93736,0.0,0.0,-1.841479713460357,-0.4844730906798112,-1.357006622780546,-0.061312984505121335,-0.2330503371806676,-0.17173735267554624,-0.18094807622243123,-0.24226106072755255
683409,Angel Chivilli,COL,2025,22,False,0,25,35.0,-0.2331941800765309,10.062893,16.352201,5.202993780398054,54.182335388636226,13.735343,-2.386507511138916,3.221005128232056,401.169850402464,1470.669651022507,4873.002495357663,1029.060917105834,16.61674,0.0,-6.0,-0.3211416994196797,-0.3486334717666494,0.0274917723469697,-0.25315708530773295,-0.2331941800765309,0.01996290523120206,-0.45568275355391924,-0.7088398388616521
690953,Mick Abel,PHI,2025,23,False,6,6,25.0,-0.2372553802757941,8.333333,19.444444,4.910086085328498,30.219294418433318,9.349361,-0.1805388778448104,4.256248668041846,925.925912962963,1782.407373148148,2770.101998429486,1010.100988023088,25.772699999999997,0.125,-1.0,-1.537414864187146,0.8237195984304281,-2.361134462617574,0.12711722198000433,-0.2372553802757941,-0.36437260225579843,0.37515082584342746,0.5022680478234318
670955,Edwin Uceta,TBR,2025,27,False,0,41,40.2,-0.2373288455382824,9.444444,29.444443999999997,5.532787940811764,28.3018867,15.982405,0.3586895167827606,3.8639046753246755,1487.6032999999998,2666.3579975308635,2562.893085967505,1805.5555366352198,25.70794,-1.125,13.0,-0.28455846654092565,0.3358854921784923,-0.6204439587194179,0.28013686277127364,-0.2373288455382824,-0.5174657083095561,0.1981455858626082,0.4782824486338818
657024,Erik Swanson,TOR,2025,31,False,0,6,5.1,-0.2396487518759358,16.666667,10.0,15.233973473655647,23.831855311816806,9.349361,-0.4780219793319702,2.8156230748625823,-297.619061547619,833.3333299999999,1985.9879347074486,619.04762,20.857760000000003,-0.125,0.0,-2.2649156549843346,-1.3344393478979748,-0.9304763070863598,-0.14119586461161143,-0.2396487518759358,-0.09845288726432436,-0.3671092479901898,-0.5083051126018012
669674,Sam Long,KCR,2025,29,False,0,15,14.2,-0.247109111139168,13.698630000000001,16.438356000000002,9.81818360041028,42.8571428,9.349361,-0.7864763140678406,3.1457139892505164,127.42911653392805,1418.65264334772,3698.6301379256356,1183.5616320000001,19.162900000000004,0.6,-5.0,-0.8387788138667536,-0.7511510953860787,-0.08762771848067485,-0.22129347623407294,-0.247109111139168,-0.02581563490509506,-0.612416829578016,-0.8337103058120889
606996,Kyle Hart,SDP,2025,32,False,6,7,29.1,-0.2491720536397926,4.958678,15.702479,5.829545908622972,30.8510638,9.349361,-0.0904678702354431,4.389663987317691,722.272338752691,1492.3843628372379,2932.1258886583432,1128.615678125,20.3241,-0.5,-1.0,-1.3871433913967834,0.5479526564018785,-1.935096047798662,0.09842853272404115,-0.2491720536397926,-0.34760058636383373,0.2408357715588241,0.33926430428286525
663992,Richard Lovelady,- - -,2025,29,False,0,8,8.1,-0.2521273670462818,11.363636000000001,18.181818,10.80000307703106,48.1481481,9.349361,-0.4780219793319702,2.1786492549019605,378.7878919191919,1611.570238429752,4267.676780917508,1279.46125993266,16.54674,0.0,0.0,-1.5003134681025658,-0.6391847795898626,-0.8611286885127032,-0.10741486959912629,-0.2521273670462818,-0.14471249744715553,-0.2972644065650239,-0.40467927616415017
600917,José Leclerc,ATH,2025,31,False,0,10,9.0,-0.2525322990261706,10.869565,17.391303999999998,6.000002066295064,33.3333333,9.349361,-0.4780219793319702,3.965444005166703,567.107740831758,1550.09449073724,2971.0144970289857,1054.0184310935438,29.957060000000002,-0.125,0.0,-1.3524507570068247,-0.4436470243510885,-0.9088037326557362,-0.0828386559991659,-0.2525322990261706,-0.16969364302700468,-0.2899352959970807,-0.3727739519962466
672782,Yoendrys Gómez,- - -,2025,25,False,0,12,17.2,-0.2562457746928022,15.116278999999999,15.116278999999999,6.622642138783955,37.2881355,9.349361,-0.2205642387270927,5.5749726823481565,0.0,1283.126009194159,3165.155690392196,1127.3157192156089,23.707259999999998,-0.625,-2.0,-0.7180840895461086,-0.4918788916133902,-0.22620519793271837,-0.1755252476296745,-0.2562457746928022,-0.08072052706312768,-0.4857559178588666,-0.6612811654885411
685107,Anthony Veneziano,MIA,2025,27,False,1,24,21.0,-0.2569436573611552,10.0,20.0,4.597302473649669,48.682496264366215,9.349361,-0.4780219793319702,4.490103794418311,822.36842,1800.0,4381.424663792959,1362.3188400000001,19.58736,-0.375,0.0,-0.5897468707051278,-0.07165379068131243,-0.5180930800238154,-0.031218456520903753,-0.2569436573611552,-0.22572520084025147,-0.05983537499839886,-0.09105383151930262
671305,Michel Otañez,ATH,2025,27,False,0,6,5.1,-0.2571897575233117,17.857143,21.428570999999998,13.500003444963085,37.5,9.349361,-0.4780219793319702,1.9223375686274509,175.07000056022386,1760.2040433673467,3080.3571374999997,1339.2856874999998,18.474060000000005,-0.125,0.0,-2.4306953554163973,-1.0084767885024544,-1.4222185669139429,-0.10670605023573686,-0.2571897575233117,-0.15048370728757482,-0.373471175825079,-0.48017722606081586
607455,Anthony Banda,LAD,2025,31,False,0,43,41.1,-0.2581138549618743,12.716763,19.075145,4.2138185308913645,42.469886595445146,11.029411999999999,0.7406159788370132,6.921822796617932,494.2439762131439,1664.940401844365,3706.9091770733617,1348.415419124975,23.121940000000002,-0.5,9.0,-0.30270286640297667,0.15961009708175894,-0.4623129634847356,0.13609906618382347,-0.2581138549618743,-0.3942129211456977,0.0854575531851915,0.221556619369015
687134,Bradley Blalock,COL,2025,24,False,4,6,21.2,-0.2622225691730618,6.0,9.0,8.770262136774837,41.32028848571334,9.349361,-2.639277279376984,2.47079777042191,151.898733,846.0,3884.107117657054,567.857142,23.94374,0.125,0.0,-1.3605888023130566,-1.3826614072970527,0.022072604983996102,-0.26647656213361376,-0.2622225691730618,0.0042539929605519555,-0.7146416893583278,-0.9811182514919417
802419,Thomas Harrington,PIT,2025,23,False,1,2,8.0,-0.2689793954511948,12.820513,17.948718,9.969125457612119,47.15732576825763,9.349361,-0.4780219793319702,2.1955157944077293,304.21555136896995,1564.760027547666,4111.15146876858,1130.104467331434,20.070760000000003,-0.125,0.0,-3.6984666874539287,-1.3682882975370179,-2.330178389916911,-0.09951187618451038,-0.2689793954511948,-0.16946751926668444,-0.2936813906908721,-0.3931932668753825
678020,Seth Halvorsen,COL,2025,25,False,0,37,35.2,-0.2711521013155999,10.897436,20.512821,4.661763443262504,49.137640338570634,12.989324,0.2857437431812286,3.404597908336936,645.188170038295,1827.744945973044,4378.2897430764715,1322.7893852624009,15.634540000000001,0.0,17.0,-0.3712935023696567,0.17693513723338505,-0.5482286396030418,0.1292140421289451,-0.2711521013155999,-0.400366143444545,0.11524495649338348,0.2444589986223286
669212,Eli Morgan,CHC,2025,29,False,0,7,7.1,-0.2714962436858424,8.571429,11.428571,12.75956108770151,42.98160004787268,9.349361,-0.4780219793319702,1.9214670170836934,132.275091746032,1044.897915102041,3929.7462716705313,693.877528265306,20.42814,-0.125,0.0,-1.8431153444588178,-0.954421541158333,-0.8886938033004848,-0.14058906519137268,-0.2714962436858424,-0.13090717849446973,-0.4287966488336867,-0.5693857140250593
605463,Tayler Scott,- - -,2025,33,False,0,23,25.2,-0.2747546302146345,13.114754000000001,18.852459,6.66233914246136,45.5696202,9.349361,-0.4780219793319702,4.652272493138005,369.2582446193798,1638.0005379199138,3959.3276612035693,1310.475806237505,22.93386,-1.375,0.0,-0.5255227450930707,-0.4044004173111706,-0.12112232778190013,-0.2114292638224377,-0.2747546302146345,-0.06332536639219677,-0.4320511043328075,-0.6434803681552452
680729,Garrett McDaniels,LAA,2025,25,False,0,10,10.2,-0.2779094253144668,16.0,12.0,5.867117809123747,74.70754344137983,9.349361,-0.4780219793319702,1.9299020595409297,-291.666668,1008.0,6275.433649075905,788.571432,6.058859999999999,-0.375,0.0,-1.3132582647213038,-0.5252054781531653,-0.7880527865681385,-0.11114306799091879,-0.2779094253144668,-0.166766357323548,-0.2980655005211004,-0.4092085685120192
681676,Ryan Fernandez,STL,2025,27,False,0,11,8.2,-0.2789373928427899,11.111111,15.555556000000001,11.486878255350716,41.98149682633248,9.349361,-0.717746913433075,2.6092746461207086,180.87857372093006,1382.7160906172842,3731.6886114497206,801.346831784512,19.5822,-0.25,-6.0,-1.6396076018320092,-0.874229373784303,-0.7653782280477062,-0.14872781877658264,-0.2789373928427899,-0.13020957406620726,-0.485322356007796,-0.6340501747843786
695534,Chase Petty,CIN,2025,22,False,2,3,6.0,-0.2821836581205434,20.0,17.5,19.126554067240413,25.142272227913224,9.349361,-0.4780219793319702,1.6678582966025175,-119.68085,1400.0,2011.381778233058,947.9166725000001,31.766440000000003,0.0,0.0,-5.173367065543296,-4.56756906872851,-0.6057979968147862,-0.24914013102155508,-0.2821836581205434,-0.033043527098988335,-0.6095981929250814,-0.8587383239466365
689017,Landon Knack,LAD,2025,27,False,7,9,38.2,-0.2853904291370108,10.465116,20.348837,5.215650983210613,32.45739909671994,8.774373,-0.4177181869745254,4.151747038644651,768.733857751938,1821.930760329908,2906.069463066525,1200.059618470483,28.98856,-0.375,0.0,-1.2102944900574801,0.4913811038142633,-1.7016755938717434,0.11586887756607939,-0.2853904291370108,-0.4012593067030902,0.2921910825579393,0.4080599601240187
694918,Blade Tidwell,NYM,2025,24,False,2,4,15.0,-0.2863186167579437,12.820513,12.820513,9.204162273209034,36.693850386011434,9.349361,-0.4780219793319702,4.007172520146969,0.0,1117.6857464168309,3198.9510527072284,967.161500719748,22.04674,-0.25,0.0,-2.0996698562249203,-1.85330193671884,-0.2463679195060804,-0.2527229913707509,-0.2863186167579437,-0.033595625387192796,-0.7970494343231374,-1.0497724256938883
641312,Shaun Anderson,LAA,2025,30,False,0,6,10.2,-0.2996133784125418,6.0,20.0,7.543437141006853,36.31616698139981,9.349361,-0.4780219793319702,3.135370687208939,1044.776124,1880.0,3413.7196962515823,1243.2432399999998,19.13876,0.0,0.0,-1.4158200823024036,-0.4395675089970931,-0.9762525733053105,-0.09302051020270434,-0.2996133784125418,-0.20659286820983747,-0.24946409554361618,-0.3424846057463205
650893,Génesis Cabrera,- - -,2025,28,False,0,20,23.1,-0.3024314109694945,7.142856999999999,19.387755000000002,6.171429727515612,36.619718299999995,9.349361,-0.7931547611951828,3.9493171027157947,830.1625741957802,1800.2915384839653,3400.4024188028166,1256.10806277666,19.82914,0.0,-7.0,-0.6310473596852656,-0.3052030592228407,-0.3258443004624249,-0.14626951593459792,-0.3024314109694945,-0.15616189503489658,-0.3656737898364948,-0.5119433057710927
672841,Carlos Vargas,SEA,2025,25,False,0,42,44.2,-0.3098454135149534,9.743590000000001,16.410256,3.719465564539525,53.41949939047394,8.208955,-0.1708751320838928,6.099358756539482,497.175090282486,1481.1307937409601,4821.452238981366,1193.473168111888,11.907140000000002,-0.25,7.0,-0.3378857224303338,0.07320572443422103,-0.41109144686455484,0.06713056058075871,-0.3098454135149534,-0.37697597409571215,0.044753707053839145,0.11188426763459786
621107,Zach Eflin,BAL,2025,31,False,12,12,62.0,-0.3158711200155192,4.089219,15.613383,6.0706478309603495,41.01385566604188,9.128631,-1.8766535520553589,3.3575442126772432,823.1545664896439,1497.491757582123,3933.6709287513518,992.2523796129661,21.966960000000004,0.8500000000000001,0.0,-0.825340668427647,0.2873006573157787,-1.1126413257434256,0.10995457255295234,-0.3158711200155192,-0.4258256925684715,0.19242050196766658,0.3023750745206189
663767,Chase Shugart,PIT,2025,28,False,0,32,39.0,-0.3171552870603628,9.433962,13.836478,3.635465207192802,30.758687963719293,9.698997,0.5935428738594055,6.611228415025038,339.55575719256,1253.114992334164,2785.6925029523445,949.1137757055981,23.554060000000003,0.0,7.0,-0.3919714060592176,0.041756157435128026,-0.4337275634943456,0.033786102489004,-0.3171552870603628,-0.35094138954936677,0.040120996705692254,0.07390709919469626
694350,Zach Brzykcy,WSN,2025,25,False,0,23,20.2,-0.3251468069585779,10.416667,22.916667,7.386316463542699,28.55048346653878,9.349361,-0.4780219793319702,3.529132314308028,845.8646625,2052.951411111111,2557.647467693938,1455.026464914021,24.496060000000003,0.0,0.0,-0.7758453512575968,-0.5000382989425792,-0.27580705231501756,-0.20955961905892323,-0.3251468069585779,-0.11558718789965466,-0.428230525903017,-0.6377901449619403
669020,Ryan Rolison,COL,2025,27,False,1,20,26.0,-0.3320108346784462,10.169492,13.559321999999998,6.69950632111517,43.70610363051902,9.349361,-1.2462713904678822,3.0353417217203473,203.76027452069988,1218.0407833955758,3926.1414918301675,873.8229673069679,18.138740000000002,-0.025000000000000022,1.0,-0.6154970089038888,-0.5153929626993128,-0.10010404620457602,-0.27801280145606083,-0.3320108346784462,-0.05399803322238539,-0.695032003640152,-0.9730448050962128
656557,Tanner Houck,BOS,2025,29,False,9,9,43.2,-0.3435588609402676,8.374384,15.763546999999999,7.8232897411359,46.67898071298858,8.94526,-1.2628560066223145,2.4962653125755345,431.98183351269404,1444.344704219952,4276.990362079699,1005.058361645783,20.393840000000004,-0.25,0.0,-1.2883457285260036,-0.5589445481831496,-0.729401180342854,-0.14905187951550658,-0.3435588609402676,-0.19450698142476103,-0.3875348867403171,-0.5365867662558237
694646,Chayce McDermott,BAL,2025,26,False,1,2,7.2,-0.3481224147386589,20.512821,17.948718,8.38174338260415,27.31366705470681,9.349361,-0.4780219793319702,3.192677065258346,-200.32054687499996,1426.692960486522,2171.086342323883,1248.606462541806,22.464460000000003,-0.5,0.0,-5.318536891840623,-1.8077987774488522,-3.5107381143917706,-0.11832864725119761,-0.3481224147386589,-0.22979376748746128,-0.338081849289136,-0.4564104965403336
688642,Zach Agnos,COL,2025,24,False,0,24,27.0,-0.3554082252099251,9.649123,14.035088000000002,4.691909953618745,39.26855828638854,9.349361,0.0044721132144331,4.579960823555999,277.77778187134516,1268.0825095721761,3547.9486797008217,871.143399879008,21.06784,0.25,3.0,-0.6344694983377183,-0.12547286649205153,-0.5089966318456667,-0.07028563060758074,-0.3554082252099251,-0.28512259460234435,-0.1347141253311964,-0.20499975593877712
592426,Luke Jackson,TEX,2025,33,False,0,37,32.1,-0.3615850474141536,12.765957,16.312057,4.564201666987563,56.238778776835254,9.56341,0.4106036722660064,4.426141328034433,239.60135288479992,1422.966681756451,4905.936046085934,998.6973706759298,16.56296,-0.75,2.0,-0.5429407877059876,-0.04948407194411218,-0.49345671576187544,-0.032955159946182595,-0.3615850474141536,-0.328629887467971,-0.029392439952000693,-0.06234759989818329
683155,Joey Estes,ATH,2025,23,False,2,2,7.0,-0.3875463570007842,14.285713999999999,11.904762,15.428571428571429,20.0,9.349361,-0.4780219793319702,2.6835231811085802,-145.18000058071993,1020.408174829932,1714.28572,873.015876031746,16.90894,-0.125,0.0,-8.968929976303864,-5.5251414315877,-3.4437885447161634,-0.2387406791426784,-0.3875463570007842,-0.1488056778581058,-0.8355923769993745,-1.074333056142053
663562,Noah Davis,LAD,2025,28,False,0,5,6.0,-0.3927207606837048,14.285713999999999,22.857143,19.86162294859487,45.615804124834995,9.349361,-0.4780219793319702,0.7188642604676204,289.57530590733603,1959.183692244898,3909.9260808760864,1523.8095409523812,33.83676,0.125,0.0,-3.1548567774924288,-1.0239378405537574,-2.1309189369386714,-0.12746114197764613,-0.3927207606837048,-0.2652596187060587,-0.32142374933493373,-0.44888489131257986
682120,Tim Herrin,CLE,2025,28,False,0,37,29.1,-0.3932159431623721,16.666667,21.212121,4.006784256639959,39.968356361153,9.349361,-0.7016187906265259,8.712016619699185,365.25969707792194,1767.676742929293,3330.696350106631,1460.0550853994491,19.237759999999998,-0.375,5.0,-0.6513061326606987,-0.13068487114501223,-0.5206212615156864,-0.07889895747551567,-0.3932159431623721,-0.3143169856868564,-0.07036934045113562,-0.1492682979266513
676106,Emerson Hancock,SEA,2025,26,False,15,15,77.1,-0.3937337704730494,8.955224000000001,15.820896000000001,5.939449979055196,44.1699793416187,8.58748,-1.0545403063297272,4.059283116014416,498.664598256088,1440.4099324392962,4021.445875082302,1152.939790626624,23.29276,0.5,1.0,-0.8273005293986253,0.34016195017805256,-1.167462479576678,0.16189189110325833,-0.3937337704730494,-0.5556256615763078,0.19427026932391003,0.35616216042716836
667463,John King,STL,2025,30,False,0,36,34.2,-0.3996066151010344,7.407407000000001,12.345679,5.482373995567098,61.368300968483766,8.103448,-0.860720694065094,2.4714532195286534,328.55438677817597,1143.118430955647,5682.2501146763225,940.1709373314341,4.2478,-0.25,-3.0,-0.5631882704055514,-0.29190335795942646,-0.27128491244612496,-0.207118150253369,-0.3996066151010344,-0.1924884648476654,-0.19561158635040404,-0.40272973660377304
687223,Carson Palmquist,COL,2025,24,False,7,7,30.2,-0.4018353276772725,12.244898,14.965986000000001,6.712745784440979,26.93503413288083,6.768190000000001,-1.285918653011322,4.358005932222283,176.1418575315841,1313.341627960572,2363.6866677044386,949.764489246468,19.00646,-1.0,-1.0,-2.155540499460866,-1.372130266655499,-0.7834102328053667,-0.2557921855123214,-0.4018353276772725,-0.14604314216495107,-0.6859881338739529,-0.9417803193862743
660730,Elvin Rodríguez,MIL,2025,27,False,2,6,18.2,-0.4037981006790485,8.333333,20.238095,8.820756164495632,19.452192287750474,9.349361,-0.4780219793319702,3.303926439659065,730.0089939353102,1855.1587150793653,1783.117632861191,1200.5649596852302,32.72706000000001,0.25,0.0,-2.4405379711371062,-0.8853549347009726,-1.5551830364361336,-0.14648599828688819,-0.4037981006790485,-0.2573121023921603,-0.3693994739408485,-0.5158854722277366
647315,Zach Pop,- - -,2025,28,False,0,5,6.2,-0.41234375224831,5.128205,7.692308000000001,14.850001416206496,54.5454545,9.349361,-0.4780219793319702,0.6010819503105591,124.06950057899103,729.7830676528602,5174.825177505828,419.58043986014,17.2116,-0.125,0.0,-3.205640138446539,-0.8218700214397671,-2.383770117006772,-0.105717720600136,-0.41234375224831,-0.306626031648174,-0.29256764538177177,-0.3982853659819078
680684,Gunnar Hoglund,ATH,2025,25,False,6,6,32.1,-0.4136305301217768,7.913669,16.546763000000002,6.402062107442565,40.9523809,9.306569000000001,-0.7980168461799622,3.1270540471778996,641.3155518191162,1523.7306945965531,3771.154502795478,945.5293119218911,23.85356,0.125,0.0,-2.087481180053827,0.03437002413256876,-2.1218512041863957,0.006810356633675662,-0.4136305301217768,-0.4204408867554525,0.023836248217864817,0.030646604851540478
666277,George Soriano,MIA,2025,26,False,0,12,20.1,-0.43065732035151,11.578947000000001,22.105263,7.769507865584741,41.183424840405806,9.349361,-0.8742165565490723,2.055296951123148,675.675687197724,1954.570631301939,3641.4817905350383,1436.842095,27.068800000000003,-0.75,3.0,-1.032720539350387,-0.517657181308439,-0.5150633580419481,-0.21586948847094656,-0.43065732035151,-0.21478783188056344,-0.6167699670598472,-0.8326394555307938
687863,Porter Hodge,CHC,2025,24,False,0,26,23.2,-0.4446410532959955,11.428571,23.809524,7.116598820927498,41.29604707138872,9.349361,-0.6893517971038818,2.612120215980529,779.2208189610391,2108.843564489796,3657.6499011641636,1750.700299719888,24.448900000000002,-0.625,4.0,-0.923780119347715,-0.31294502951071346,-0.6108350898370015,-0.15062914283503218,-0.4446410532959955,-0.2940119104609633,-0.2549108571054391,-0.4055399999404713
641482,Nestor Cortes,MIL,2025,30,False,2,2,8.0,-0.4478109314596202,18.421053,21.052632,9.147450511090021,28.454859864393363,9.349361,-1.0310743153095243,2.477807921086425,225.5639150375939,1717.451550138504,2321.317504769773,915.3318288329518,20.75916,-0.25,0.0,-9.06817136205731,-2.6016098121485935,-6.466561549908716,-0.1284745586246219,-0.4478109314596202,-0.31933637283499827,-0.32397932174904653,-0.4524538803736684
608371,Lucas Sims,WSN,2025,31,False,0,18,12.1,-0.4504670628021492,19.444444,18.055556,13.833199985345356,40.5108211957199,9.349361,-0.4780219793319702,3.14040419129581,-69.01306833160808,1454.475352469136,3263.371725437801,1330.409398026316,19.04454,0.25,0.0,-1.7944225146333548,-1.0104586361158525,-0.7839638785175023,-0.2536628526348924,-0.4504670628021492,-0.1968042101672568,-0.6396715414271201,-0.8933343940620125
656240,Scott Blewett,- - -,2025,29,False,2,26,44.1,-0.4545741817706532,9.278351,18.041237,5.481203757958192,49.6350364,12.658228,-0.2370850294828415,3.6807235135135135,596.6945701091098,1636.7307706398128,4502.972350383024,1108.2474079823269,18.1747,-0.125,0.0,-0.496836180529376,-0.12041755986851116,-0.37641862066086484,-0.11017457241081623,-0.4545741817706532,-0.34439960935983693,-0.18644927638753514,-0.29662384879835135
573009,Joe Mantiply,ARI,2025,34,False,0,10,9.2,-0.4621740024835956,5.172414,13.793103,15.738000670315378,42.02723994739158,9.349361,-0.4780219793319702,1.7303279870346215,487.25633365817106,1307.966660939358,3985.3417104539103,989.50520922039,22.271940000000004,0.0,0.0,-2.421389882577099,-0.9619104126442662,-1.4594794699328326,-0.18360115760015036,-0.4621740024835956,-0.27857284488344525,-0.5245747360004296,-0.70817589360058
689225,Beau Brieske,DET,2025,27,False,1,22,22.0,-0.4625488437931395,11.650485,15.533980999999999,6.385253372780309,37.902940916535655,9.349361,-0.4780219793319702,3.296035097026951,214.26184907934396,1372.419687369215,3348.7064470495807,1139.158601488673,17.48554,-0.25,0.0,-1.0134024668558783,-0.49733984952460275,-0.5160626173312756,-0.22700159106932075,-0.4625488437931395,-0.23554725272381874,-0.4952761986966998,-0.7222777897660205
800311,Didier Fuentes,ATL,2025,20,False,4,4,13.0,-0.4744570313830644,8.695651999999999,17.391303999999998,13.886017158386553,26.35827463352592,9.349361,-0.4780219793319702,1.7206529840106861,423.23969588303197,1587.9016725897918,2406.625079819023,1135.758620763088,26.999660000000002,0.25,0.0,-5.912464544927418,-3.350618576775064,-2.5618459681523538,-0.26887679937083847,-0.4744570313830644,-0.20558023201222592,-0.7210786892217942,-0.9899554885926327
642528,Jonathan Loáisiga,NYY,2025,30,False,0,22,23.1,-0.4812437867644599,5.940594,21.782178,5.083958428894719,54.009592285193264,9.349361,-0.4780219793319702,2.683042869800837,1284.4527554723038,2048.818724066268,5080.11016864746,1533.9561925812302,20.505640000000003,0.25,0.0,-1.0041537022531155,0.051682233717396046,-1.0558359359705116,0.02476887134588898,-0.4812437867644599,-0.5060126581103489,0.054041173845575954,0.07881004519146494
674285,Eduardo Salazar,WSN,2025,27,False,0,30,29.0,-0.4859759071342592,10.666667,15.333333,8.360171635786234,50.888593317135985,9.349361,-0.4780219793319702,2.897476316229314,301.3529716162359,1369.777742888889,4546.047652701283,1087.272705030303,20.322960000000002,-1.125,0.0,-0.8077254732369411,-0.5325416993555329,-0.27518377388140824,-0.3204089062512542,-0.4859759071342592,-0.16556700088300502,-0.42721187500167224,-0.7476207812529264
670059,Colin Holderman,PIT,2025,29,False,0,14,15.0,-0.4939692338953742,14.864865,14.864865,8.861446594215913,55.96693609060518,9.349361,-0.4780219793319702,2.123646505352692,0.0,1265.522288531775,4764.752659610044,862.16217,17.5488,-0.625,0.0,-1.587287804917136,-0.6627144828590524,-0.9245733220580835,-0.2062389469478379,-0.4939692338953742,-0.28773028694753633,-0.6086564044070338,-0.8148953513548718
674370,Osvaldo Bido,ATH,2025,29,False,9,13,52.1,-0.4986896688743983,9.836066,14.754097999999999,5.675159690280893,32.7777777,10.208562,-1.812751293182373,5.08464202375284,361.43017495804787,1330.287518301532,2955.373385209472,926.2294888342439,19.79726,-0.625,-2.0,-1.0528956540534322,-0.4367250194377065,-0.6161706346157257,-0.20684885011549553,-0.4986896688743983,-0.2918408187589028,-0.588723650328718,-0.7955725004442136
621111,Walker Buehler,BOS,2025,30,False,16,16,78.0,-0.519880018148279,9.859155,17.746479,5.951906512987473,42.80224283139913,7.858688,-1.1240734979510307,3.293737130381167,549.5875453340761,1599.682612834755,3858.23033671751,1280.895050557701,23.26964,-1.25,1.0,-1.0797508069233488,0.43750755486576487,-1.5172583617891138,0.210651785676109,-0.519880018148279,-0.730531803824388,0.44763504456173164,0.6582868302378406
643338,Chad Green,TOR,2025,34,False,0,41,40.0,-0.5336360724146764,7.784431,19.161676999999997,3.611015721953205,34.48609651121836,10.509554,-0.9161145091056824,5.31091025229646,1052.3952549999997,1767.0049475492128,3180.155012370916,1261.4770627794408,22.12364,1.0,5.0,-0.6430314672596851,0.002158046357360305,-0.6451895136170454,0.0017909098401330328,-0.5336360724146764,-0.5354269822548094,0.0012667411064355598,0.003057650946568593
664747,Alexis Díaz,CIN,2025,28,False,0,6,6.0,-0.5380171461622224,15.151514999999998,9.090909,11.77018711830179,21.862845380596166,9.349361,-0.4780219793319702,2.8065759383704916,-451.3217227595099,771.349855922865,1855.0293083328331,553.3596762845849,30.599860000000003,-0.625,0.0,-4.322071074169854,-1.2037239757934544,-3.1183470983763995,-0.14984115881246318,-0.5380171461622224,-0.3881759873497592,-0.36663262262623963,-0.5164737814387028
669060,Bryse Wilson,CHW,2025,27,False,5,19,45.1,-0.5427249706319316,8.715596,12.385321000000001,6.948529908153229,34.146341400000004,7.202881,-1.9332854747772217,4.031890256995881,257.7905995981501,1130.586645833684,3117.028423479526,825.6880707951071,25.262900000000002,-0.275,0.0,-1.323719440565687,-0.9248557379291342,-0.3988637026365527,-0.37919085255094503,-0.5427249706319316,-0.16353411808098656,-1.017828077899905,-1.39701893045085
518397,Scott Alexander,- - -,2025,35,False,0,21,17.2,-0.5494137161235916,11.111111,9.876543,6.113209922486913,50.7936507,9.349361,-0.4780219793319702,3.1674208235294112,-99.71510797720795,877.914934430727,4514.991178977073,595.7279873407799,20.125259999999997,0.125,0.0,-1.539636111462623,-0.47535269052855245,-1.0642834209340704,-0.16962793105998134,-0.5494137161235916,-0.37978578506361027,-0.3957985058066232,-0.5654264368666045
663423,Trent Thornton,SEA,2025,31,False,0,28,34.2,-0.5621949139758519,9.459459,16.891892,5.074293312844564,40.41168472005078,9.255898,0.1199178844690322,5.135662525655833,544.2943341318588,1529.401040193572,3658.8957972748312,1238.738741036036,20.27704,-0.125,2.0,-0.7923331828548555,-0.05655792608429192,-0.7357752567705637,-0.04013031269881294,-0.5621949139758519,-0.5220646012770389,-0.06019546904821941,-0.10032578174703236
666171,Ryan Zeferjahn,LAA,2025,27,False,0,40,35.0,-0.5911292651222833,13.836478,25.786164,5.619660899769454,37.166378220606056,12.796209,-0.7283780351281166,3.811881395933985,893.67310084395,2221.826709109608,3202.3860474715107,1700.789545363308,25.207060000000002,-0.75,6.0,-0.8140694451112587,-0.15504213997203575,-0.6590273051392229,-0.11258246678467326,-0.5911292651222833,-0.47854679833761,-0.08443685008850495,-0.1970193168731782
502043,Kyle Gibson,BAL,2025,37,False,4,4,12.1,-0.6407023345904237,9.589041,13.698630000000001,17.119468572456626,46.498266628989086,9.349361,-0.4780219793319702,1.3463267146155453,203.91090618006908,1238.5062752861702,4203.952877764601,758.31701981409,22.759660000000004,0.0,0.0,-8.577998198648649,-4.5455133049579315,-4.032484893690717,-0.3395105616666109,-0.6407023345904237,-0.3011917729238128,-0.9700301761903166,-1.3095407378569275
689690,Alek Jacob,SDP,2025,27,False,0,22,23.1,-0.6416664437673215,8.77193,15.789474,6.942859037592004,32.5,9.349361,-0.235570028424263,4.11151434197129,509.0446417598401,1440.4432393351801,2964.912275,1105.26318,22.59214,-0.375,0.0,-1.3388884237915541,-0.4273591778072581,-0.9115292459842961,-0.20481321592007598,-0.6416664437673215,-0.43685322784724556,-0.44686519837107486,-0.6516784142911508
671131,Jackson Rutledge,WSN,2025,26,False,0,32,40.1,-0.7029990713708392,8.55615,19.251337,6.901555932205865,39.50590161875817,12.531645999999999,-1.9091278314590452,3.2396826378703047,743.8381916790638,1760.4163729274499,3612.5717417404794,1392.019746384204,20.15574,0.09999999999999998,-2.0,-0.8450013775579662,-0.42838863808653527,-0.41661273947143096,-0.3563980163334038,-0.7029990713708392,-0.3466010550374354,-0.423222644395917,-0.7796206607293208
670102,Bowden Francis,TOR,2025,29,False,14,14,64.0,-0.8336644331466185,9.375,18.75,6.0653771977091715,34.03188939888716,9.886264,-1.6512633562088013,3.5492593804825185,702.519384375,1699.21875,3084.1399767741486,1240.6716374999999,20.2377,0.0,0.0,-2.110213096402378,0.05269302517318261,-2.1629061215755607,0.020816997599282017,-0.8336644331466185,-0.8544814307459005,0.05352942239815376,0.07434641999743577
