"last_name, first_name","player_id","attempts","avg_hit_angle","anglesweetspotpercent","max_hit_speed","avg_hit_speed","ev50","fbld","gb","max_distance","avg_distance","avg_hr_distance","ev95plus","ev95percent","barrels","brl_percent","brl_pa"
"Littell, Zack","641793","587","14.6",32.7,"114.5","90.2","80.2","94.3","87.2","428","172","391","240",40.9,"58",9.9,7.6
"Irvin, Jake","663623","578","12.8",34.3,"112.6","90.5","79.5","94.8","87","464","170","401","272",47.1,"69",11.9,9
"Gallen, Zac","668678","568","12.4",34.2,"112","90.1","79.5","93.6","86.6","467","170","401","244",43,"55",9.7,6.8
"Webb, Logan","657277","568","5.8",32.6,"116.8","89.8","78.5","93.7","87.4","454","136","395","231",40.7,"48",8.5,5.7
"Pfaadt, Brandon","694297","556","12.5",39,"114.8","90.7","79.5","94.8","87.4","449","170","406","253",45.5,"60",10.8,8
"Parker, Mitchell","680730","553","14.9",37.4,"115.4","92.2","82.4","95","90.4","466","182","400","275",49.7,"53",9.6,7.4
"Fried, Max","608331","551","6.9",29.4,"113.8","87.2","74.9","91.6","85","429","140","395","205",37.2,"38",6.9,4.7
"Valdez, Framber","664285","540","2.7",28,"115.9","90.8","80","94.6","88.9","425","127","391","250",46.3,"36",6.7,4.5
"Keller, Mitch","656605","537","11.8",34.6,"115.4","90.1","79.4","93.9","88.1","451","165","402","235",43.8,"42",7.8,5.6
"Pallante, Andre","669467","536","1.4",28.4,"119.4","89.2","77.9","93.1","87.3","448","125","394","214",39.9,"35",6.5,4.9
"Bibee, Tanner","676440","536","13.8",29.5,"115.8","88.5","77.5","92.5","86.7","449","157","393","196",36.6,"43",8,5.6
"Alcantara, Sandy","645261","536","9.4",33,"117.9","90.7","80.2","94.9","87.5","433","159","399","241",45,"46",8.6,6.2
"Sánchez, Cristopher","650911","535","2.8",27.1,"115.2","89","77.5","93.2","86.8","418","127","387","215",40.2,"31",5.8,3.9
"Hendricks, Kyle","543294","533","16.3",32.6,"112.5","86.1","73.7","90.6","83","423","169","395","183",34.3,"44",8.3,6.3
"Kelly, Merrill","518876","531","13.8",32.4,"116.9","90.2","79.1","94.3","87.5","448","165","404","231",43.5,"49",9.2,6.6
"Castillo, Luis","622491","530","14.5",32.1,"115.2","90.3","79.2","94","87.4","445","170","389","246",46.4,"55",10.4,7.4
"Mikolas, Miles","571945","529","13.8",34,"113.8","89.3","77.8","94.3","84.7","440","178","403","221",41.8,"67",12.7,10
"Wacha, Michael","608379","526","17.6",37.1,"113.9","87.6","76.2","92.1","84.3","430","175","406","183",34.8,"40",7.6,5.8
"Freeland, Kyle","607536","524","12.6",36.8,"115.4","91.1","81","93.8","88.9","452","172","398","247",47.1,"49",9.4,7.1
"Kikuchi, Yusei","579328","521","14.5",34.2,"112.2","91","80.7","94.2","89.4","434","174","400","220",42.2,"49",9.4,6.3
"Springs, Jeffrey","605488","518","19.2",37.8,"115.3","88.3","77","92.8","82.9","463","192","397","193",37.3,"42",8.1,5.9
"Gausman, Kevin","592332","518","16.9",35.3,"116.5","89.5","78.4","93.6","85.3","425","182","392","216",41.7,"45",8.7,6
"Kremer, Dean","665152","516","15.1",32.9,"113","88.1","76.6","93.6","83.2","429","173","401","182",36,"44",8.5,6.3
"Severino, Luis","622663","515","14",35.3,"112.4","88.3","75.8","92","85.9","455","167","406","216",41.9,"31",6,4.4
"Martinez, Nick","607259","514","16.2",37,"111.4","88.3","78.1","91.6","86.4","432","172","399","178",34.6,"36",7,5.3
"Boyd, Matthew","571510","513","18",31.4,"114.7","88.5","77.3","91.4","88","425","174","388","195",38,"46",9,6.4
"Sugano, Tomoyuki","608372","510","14.1",38,"116.3","89.8","79.4","93.8","86.7","433","174","399","201",39.4,"59",11.6,9
"Crochet, Garrett","676979","509","10.5",32,"115.5","87.7","75.5","92.1","85.2","453","150","390","190",37.3,"37",7.3,4.5
"Gray, Sonny","543243","508","11",34.8,"114.3","88.9","77","94.4","85.6","429","159","399","207",40.7,"50",9.8,6.6
"Bassitt, Chris","605135","505","10.5",34.5,"116.7","87.7","75.6","92.3","85.2","417","151","392","185",36.6,"43",8.5,5.8
"Bello, Brayan","678394","504","9",30.6,"113.7","88.8","77.4","92.5","86.3","430","147","393","198",39.3,"36",7.1,5.1
"Rodón, Carlos","607074","504","12.8",32.3,"115.5","88.6","77.3","93.2","84.4","434","162","380","196",38.9,"38",7.5,4.8
"Paddack, Chris","663978","503","16.1",35.4,"113.9","90.8","80.1","94.7","89.4","448","174","398","229",45.5,"49",9.7,7.6
"Peterson, David","656849","500","4.3",34.4,"113.3","90.6","79.6","93.6","88.9","432","139","403","230",46,"32",6.4,4.4
"Berríos, José","621244","497","15",32.2,"118.1","90.3","79.8","94.1","87.9","436","167","394","211",42.5,"56",11.3,8
"Woo, Bryan","693433","493","13.8",32.5,"120.4","89.1","77.6","93","87.1","429","162","393","206",41.8,"45",9.1,6.2
"Ray, Robbie","592662","492","17.7",35.2,"114.6","91","81.4","94","88.4","420","188","394","220",44.7,"47",9.6,6.2
"Elder, Bryce","693821","491","8.5",34,"117.6","90","78.8","94","86.2","445","156","404","215",43.8,"38",7.7,5.6
"Soriano, José","667755","488","-2.8",26.8,"115.4","91.4","80","95.7","89.6","427","107","400","235",48.2,"35",7.2,4.8
"Rea, Colin","607067","485","13.6",38.6,"115.7","89.8","79.3","93.7","87.5","440","172","396","199",41,"50",10.3,7.6
"Senzatela, Antonio","622608","485","10.3",36.7,"114.7","91","80","94.5","87.6","466","171","414","225",46.4,"45",9.3,7.3
"Luzardo, Jesús","666200","482","13.1",34,"112","88.5","77.5","91.4","86.4","420","162","399","179",37.1,"32",6.6,4.2
"Liberatore, Matthew","669461","482","15.3",36.1,"114.5","90.6","80.5","93.8","88","444","178","408","198",41.1,"51",10.6,7.9
"Holmes, Clay","605280","482","4.3",30.9,"114","89.9","78.7","95.8","86.3","433","135","396","208",43.2,"34",7.1,5
"Pivetta, Nick","601713","478","19.1",36.4,"115.5","90.3","79.7","94.3","85.5","467","190","403","215",45,"52",10.9,7.2
"Abbott, Andrew","671096","472","19.6",34.5,"111.1","87.8","77.1","91.6","85","437","183","395","159",33.7,"37",7.8,5.6
"Rodriguez, Eduardo","593958","471","16.5",35.5,"113.6","88","76.6","92.1","85.8","438","170","401","161",34.2,"37",7.9,5.5
"Warren, Will","701542","470","12.2",36,"114.4","91","80.4","95","87.6","438","167","396","213",45.3,"51",10.9,7.2
"Allen, Logan","671106","470","13.1",32.6,"117.5","88.5","77.1","93.4","85.7","441","159","395","178",37.9,"42",8.9,6.4
"Fedde, Erick","607200","470","14.9",35.1,"113.2","90.2","80.2","93","88.7","450","168","391","200",42.6,"37",7.9,5.9
"Singer, Brady","663903","469","13.9",36,"116.5","90.2","79.9","94.4","86.8","439","174","393","190",40.5,"43",9.2,6.2
"Skenes, Paul","694973","469","12.2",29.4,"115.8","87.6","75.5","91.6","85.6","437","154","398","188",40.1,"27",5.8,3.7
"Skubal, Tarik","669373","469","12.7",35.6,"114.2","86.1","73.8","92.3","80.3","450","165","407","155",33,"38",8.1,5.1
"Ober, Bailey","641927","468","22.5",33.8,"116.6","89.6","78.8","93.8","85.6","445","193","399","183",39.1,"51",10.9,8.2
"Corbin, Patrick","571578","467","14.4",34.3,"113","89.2","78.2","93.2","86.1","441","168","400","188",40.3,"40",8.6,6.2
"Priester, Quinn","682990","465","4.9",28.4,"114.1","89","78.2","94.4","86.3","418","133","390","183",39.4,"34",7.3,5.2
"Baz, Shane","669358","462","10.7",32.3,"113.9","89","77.8","94.1","86.1","433","153","384","182",39.4,"44",9.5,6.2
"Brown, Hunter","686613","459","10.1",31.4,"114.3","86.1","73.8","91.8","82.5","426","151","392","148",32.2,"27",5.9,3.7
"Márquez, Germán","608566","452","15.6",35.8,"112.7","91.7","81.6","94.5","89.9","456","183","407","219",48.5,"50",11.1,8.5
"Verlander, Justin","434378","451","18.4",37.5,"112.1","88.6","77.9","92.7","84.4","428","178","392","167",37,"36",8,5.6
"Mize, Casey","663554","449","14",36.1,"114","90","79.4","93.2","87.4","442","177","399","191",42.5,"41",9.1,6.5
"Williams, Gavin","668909","445","9.8",35.1,"115","90.4","80.2","94.6","86.8","445","165","402","197",44.3,"40",9,5.7
"Pepiot, Ryan","686752","445","15.9",36.6,"115.7","90.1","79.2","94.5","86.2","442","179","387","189",42.5,"43",9.7,6.3
"deGrom, Jacob","594798","444","16",33.1,"112.5","90.1","79.7","93.5","86.6","447","176","390","186",41.9,"41",9.2,6.1
"Ryan, Joe","657746","444","18.7",33.1,"115.3","90.2","79.8","93.5","87.7","448","183","391","186",41.9,"51",11.5,7.4
"Martin, Davis","663436","442","11.2",36,"114.7","90.7","79.5","93.2","89.4","423","162","389","197",44.6,"43",9.7,7.2
"Nelson, Ryne","669194","442","14.3",36.2,"115","91.4","82","94.9","88.6","447","182","401","201",45.5,"33",7.5,5.3
"Suárez, Ranger","624133","439","13",29.2,"112.3","86.3","74.7","90.1","84.9","451","151","407","135",30.8,"24",5.5,3.8
"Peralta, Freddy","642547","437","18",33.6,"117.9","87.9","76.9","92.9","84.5","448","173","399","150",34.3,"40",9.2,5.6
"Lodolo, Nick","666157","437","12.7",30.7,"115","88.8","77.5","93.6","85","429","163","390","178",40.7,"36",8.2,5.7
"Anderson, Tyler","542881","435","21",41.6,"116.1","88","76.5","92.9","81.4","447","199","407","159",36.6,"48",11,8
"Lorenzen, Michael","547179","434","15.3",36.6,"117.2","89.3","78.8","92.7","87","454","175","403","170",39.2,"38",8.8,6.3
"Giolito, Lucas","608337","433","16.7",38.3,"113.7","90.3","79.6","93.7","87.9","468","176","399","178",41.1,"39",9,6.4
"Flaherty, Jack","656427","429","16.2",37.5,"113.8","89.7","78.7","93.5","85.3","440","178","398","188",43.8,"44",10.3,6.5
"Cease, Dylan","656302","429","16.6",36.4,"112.9","88.9","78.2","92.4","85.9","435","178","386","161",37.5,"37",8.6,5.1
"Vásquez, Randy","681190","428","17.4",34.1,"118.4","89.2","78.1","93.5","86.8","445","174","400","168",39.3,"47",11,8.3
"Leiter, Jack","683004","426","16.1",33.8,"112.3","90.5","80.1","93.4","89.1","479","176","394","187",43.9,"46",10.8,7.1
"Gore, MacKenzie","669022","426","16",35.7,"113.1","90.4","79.8","93.3","88.1","429","183","390","188",44.1,"45",10.6,6.6
"Lugo, Seth","607625","425","14.2",34.8,"115.6","90.7","80.3","95.1","87","458","180","405","192",45.2,"47",11.1,7.7
"Imanaga, Shota","684007","423","21.7",33.8,"113.2","90.7","80.6","94.7","86.9","435","198","396","184",43.5,"49",11.6,8.6
"Yamamoto, Yoshinobu","808967","421","7.7",28,"117.6","88.3","76.2","92","86.6","425","137","399","167",39.7,"24",5.7,3.5
"Bradley, Taj","671737","418","12",31.8,"113","89.2","78.1","93.2","86.5","432","161","399","162",39.9,"30",7.2,5
"Rasmussen, Drew","656876","416","10.1",29.6,"115.6","90.6","80.4","93.4","90","414","147","380","180",43.3,"26",6.3,4.4
"Morton, Charlie","450203","413","10.5",33.4,"115.5","91.2","81.5","94.1","88.7","451","165","397","181",43.8,"35",8.5,5.4
"Quintana, Jose","500779","412","13.1",35,"114.1","88.7","77.3","93.1","85.5","444","167","392","172",41.7,"40",9.7,7.2
"Sears, JP","676664","405","21.8",34.1,"113.3","89.4","78.9","93","84.7","470","201","401","159",39.3,"39",9.6,7
"Walker, Taijuan","592836","404","13.4",31.7,"113.2","89.6","79.2","93.9","86.7","452","159","395","167",41.3,"30",7.4,5.6
"Cecconi, Slade","677944","401","13.8",37.2,"114.5","91.7","81.6","95.2","88.9","452","177","394","197",49.1,"49",12.2,9
"Buehler, Walker","621111","400","11.8",35.8,"113.7","87.9","76","92.2","84.9","433","161","395","151",37.8,"38",9.5,6.7
"Cameron, Noah","702070","396","13",32.6,"117.9","87.9","76.2","93.1","84.3","469","163","408","148",37.4,"25",6.3,4.5
"May, Dustin","669160","393","12.5",34.9,"117.8","90.6","79.5","93.8","87.8","455","172","409","175",44.5,"36",9.2,6.2
"Heaney, Andrew","571760","393","14.8",37.4,"115.5","90.4","79.6","93.7","87.8","442","177","403","173",44,"40",10.2,7.6
"Falter, Bailey","663559","390","18.3",32.1,"114.7","90.5","79.8","94.5","87.6","466","178","403","176",45.1,"37",9.5,7.1
"Smith, Shane","681343","390","13.6",35.4,"116.3","90.4","79.5","93.3","87.3","438","173","403","180",46.2,"27",6.9,4.5
"Quantrill, Cal","615698","388","16.9",39.2,"113.7","90.4","79.7","94.7","85.8","450","192","404","172",44.3,"48",12.4,9.4
"Burke, Sean","680732","386","17.5",38.6,"113.2","89.3","78","94","83.3","446","184","399","162",42,"39",10.1,6.7
"Taillon, Jameson","592791","382","19.3",33.2,"117.4","88.4","77.1","93.5","82.5","436","182","397","148",38.7,"32",8.4,6.4
"Houser, Adrian","605288","380","9.3",30.3,"113.4","90.2","79.2","93.9","88.8","428","145","386","181",47.6,"23",6.1,4.4
"Lord, Brad","695418","379","10.3",34.6,"115.3","88.5","76.2","92.9","86.4","455","151","403","158",41.7,"25",6.6,4.7
"Kochanowicz, Jack","686799","375","6.9",28,"116.6","92.1","81.7","94.1","91.5","463","145","399","186",49.6,"35",9.3,6.8
"Cabrera, Edward","665795","364","9.7",30.5,"116.7","90.2","78.9","93.9","86.9","451","162","389","168",46.2,"31",8.5,5.5
"Junk, Janson","676083","353","14.7",35.1,"116","91.6","81.2","94.6","89.8","438","169","403","167",47.3,"30",8.5,6.7
"Kirby, George","669923","351","11.7",35.3,"113.3","90.6","80.6","92.3","90.3","435","158","398","154",43.9,"30",8.5,5.7
"Wheeler, Zack","554430","349","13.2",36.7,"113.9","87.4","76.5","90.9","85","427","168","384","119",34.1,"25",7.2,4.3
"Kolek, Stephen","663568","346","7.4",32.9,"111.9","91.1","80.3","93.3","89.9","420","148","388","166",48,"21",6.1,4.6
"Horton, Cade","690990","339","14.3",33.3,"116","89.7","79.2","93.1","87.5","426","168","392","140",41.3,"34",10,7.1
"Eovaldi, Nathan","543135","338","9.5",31.4,"111.7","88.6","77.5","92.9","85.9","439","141","392","130",38.5,"25",7.4,5
"Cannon, Jonathan","686563","334","17.3",37.4,"114.9","90.3","79.4","94.7","86.6","450","181","390","151",45.2,"36",10.8,7.8
"Patrick, Chad","694477","331","18.6",40.2,"117.7","89.4","78.5","92.5","87.6","416","185","395","140",42.3,"27",8.2,5.4
"Strider, Spencer","675911","330","14.9",39.7,"114.2","91.2","81.2","94.6","87.7","445","190","399","140",42.4,"36",10.9,7
"Kershaw, Clayton","477132","329","11.4",31.6,"112.7","89.8","78.9","93.8","87.7","431","153","406","141",42.9,"14",4.3,3.2
"Roupp, Landen","694738","326","9.8",36.2,"115.4","88.4","76.8","92.8","84.9","484","157","399","119",36.5,"29",8.9,6.1
"Povich, Cade","700249","326","13",36.5,"112.1","91.2","80.8","96","86.6","458","174","409","153",46.9,"37",11.3,7.6
"Bubic, Kris","663460","318","11.6",32.1,"114.4","87.6","75.4","92.2","84.6","436","149","395","125",39.3,"21",6.6,4.4
"Brown, Ben","676962","315","12.7",36.8,"113.3","92.4","82.8","95.5","90.2","431","170","394","149",47.3,"36",11.4,7.6
"Gusto, Ryan","687473","315","17.2",32.1,"113.8","90.6","80","94.6","87.3","426","179","388","144",45.7,"30",9.5,6.6
"Senga, Kodai","673540","313","12.5",29.7,"114.7","88.9","77.1","93.6","86.1","424","157","400","127",40.6,"25",8,5.2
"Gilbert, Logan","669302","311","14.8",31.8,"112.7","90.8","81","94.2","88.7","443","173","401","131",42.1,"27",8.7,5.2
"Holmes, Grant","656550","308","9.3",36,"115.4","90.1","79.6","93.8","86.5","443","165","414","129",41.9,"31",10.1,6.3
"Civale, Aaron","650644","307","19.2",34.9,"113.1","88.5","77.6","92.5","84.9","418","182","391","120",39.1,"30",9.8,6.9
"Schwellenbach, Spencer","680885","306","8.3",34.3,"112.5","88.8","76.9","93.4","86.1","442","151","409","127",41.5,"23",7.5,5.3
"Wentz, Joey","666214","306","15.9",36.3,"112","90.5","80.6","93.3","88.7","433","179","384","131",42.8,"29",9.5,6.6
"Alexander, Tyler","641302","306","16.4",37.6,"114.3","88.6","77.2","91.5","86.3","432","175","400","122",39.9,"18",5.9,4.3
"Woods Richardson, Simeon","680573","305","20.2",34.8,"115.3","90.1","80.2","94.9","85.8","450","193","399","128",42,"36",11.8,8
"Dollander, Chase","801403","304","12.5",36.5,"114.5","88.7","77.2","93.5","84","451","176","411","123",40.5,"35",11.5,7.9
"McGreevy, Michael","700241","303","9.1",33.3,"115.4","90.5","79.8","94.8","87.2","432","157","406","123",40.6,"26",8.6,6.9
"Mlodzinski, Carmen","669387","299","8.6",34.4,"113.7","90.2","79.9","94.3","87.8","436","147","410","120",40.1,"18",6,4.3
"Lauer, Eric","641778","294","21.7",38.4,"113.7","90.6","81.1","93.1","88.6","405","198","389","124",42.2,"24",8.2,5.7
"Sale, Chris","519242","291","11.9",35.4,"116.7","87","75.2","91.6","82.1","462","167","389","100",34.4,"19",6.5,3.9
"Rogers, Trevor","669432","289","13.1",31.5,"115.2","89.7","77.9","93.9","88.3","451","159","411","140",48.4,"22",7.6,5.2
"Hancock, Emerson","676106","285","13.4",35.4,"112.3","89","77.6","93.2","86.2","434","161","391","121",42.5,"22",7.7,5.7
"Williams, Trevor","592866","285","18.1",39.3,"115.8","90","79.8","92.5","87.4","442","184","390","116",40.7,"24",8.4,6.4
"Vasil, Mike","678024","278","8.6",30.6,"111.1","89.2","78.3","93","87.7","434","146","395","106",38.1,"20",7.2,4.8
"Nola, Aaron","605400","275","12.7",34.9,"109.8","89.4","78.7","94.6","85","422","164","386","119",43.3,"25",9.1,6.2
"Gordon, Colton","676467","274","19.4",39.1,"113.5","89","77.7","93.3","83.9","441","189","390","110",40.1,"33",12,9.1
"Montero, Keider","672456","273","14",36.3,"111.6","89.3","78.7","93.7","84.5","432","174","392","108",39.6,"22",8.1,5.9
"Burrows, Mike","681347","269","13.8",33.1,"113.1","89.2","77.4","93.2","85.8","419","166","393","113",42,"29",10.8,7.2
"Bellozo, Valente","678368","266","22",33.8,"116.5","89.7","78.9","93.9","85.3","468","196","395","110",41.4,"31",11.7,8.9
"Miller, Bryce","682243","265","17.2",34.7,"117","92.7","83","95.2","92.5","459","175","400","130",49.1,"24",9.1,6.4
"Newcomb, Sean","656794","263","9.9",33.5,"113.2","88.9","77.8","92.7","85.9","430","152","390","110",41.8,"15",5.7,3.8
"Spence, Mitch","687765","263","13.1",38,"113.1","90.2","79.5","93.2","88.2","439","169","403","110",41.8,"33",12.5,9.2
"Greene, Hunter","668881","260","20.2",35.8,"115.3","90.4","80","93.2","88.7","457","186","395","117",45,"25",9.6,6
"Ginn, J.T.","669372","256","7.8",26.2,"113.7","88.4","75.4","95.3","84.6","458","141","406","114",44.5,"25",9.8,6.4
"Gordon, Tanner","685299","255","17",42,"112.7","90.1","78.9","93.9","86.1","452","192","412","105",41.2,"29",11.4,8.6
"Scherzer, Max","453286","251","21.5",38.2,"112.5","88.3","77","92.1","83.9","434","207","401","96",38.2,"31",12.4,8.7
"Mahle, Tyler","641816","251","14.4",37.8,"111.5","88.5","77.7","93.6","83.2","422","178","391","93",37.1,"20",8,5.8
"Bivens, Spencer","702352","249","6.7",28.5,"114.7","87.5","75.9","93.1","84.9","413","140","388","94",37.8,"18",7.2,5.4
"Bido, Osvaldo","674370","249","20",32.9,"114.7","90.4","80.1","93.8","85.9","471","195","412","102",41,"29",11.6,8.2
"Vargas, Carlos","672841","247","4.6",25.9,"117.7","88.6","77.9","91.3","87.3","444","132","386","87",35.2,"12",4.9,3.6
"Leahy, Kyle","681517","246","10.4",37.4,"115.2","89","77.1","93.2","86.1","419","160","397","108",43.9,"24",9.8,6.8
"Evans, Logan","688138","246","13.7",36.6,"113.3","90.3","79.6","92.8","88","448","175","391","108",43.9,"27",11,8
"Eflin, Zach","621107","244","11.4",34,"112.3","89.6","78.8","92.9","86.1","467","170","384","99",40.6,"23",9.4,7.4
"Ortiz, Luis L.","682847","243","9.4",32.9,"114.6","91.8","81.2","95.7","88.9","422","160","383","116",47.7,"25",10.3,6.5
"Alexander, Jason","669920","242","10.8",35.1,"113.4","89.8","77.8","94.7","87.1","418","159","379","111",45.9,"20",8.3,6
"Matthews, Zebby","805673","242","16.5",44.2,"113.5","89.2","78.1","92.4","85.6","429","190","389","94",38.8,"24",9.9,6.8
"Lopez, Jacob","682052","241","21.8",39,"110.9","86.9","75.2","92.4","78","448","192","406","80",33.2,"16",6.6,4
"Cantillo, Joey","676282","239","12.1",33.5,"111.7","89.6","78.6","93.2","86.7","421","164","400","100",41.8,"17",7.1,4.5
"Soroka, Michael","647336","238","14.5",27.3,"112","89.3","78.4","94.3","85.5","415","165","381","96",40.3,"16",6.7,4.2
"Casparius, Ben","676508","238","19.5",31.9,"111.6","87.5","77.2","91.1","84.2","430","180","385","76",31.9,"17",7.1,5.1
"Rogers, Tyler","643511","237","-2.8",26.2,"113.7","85.7","73.4","90.7","83.6","401","109","379","78",32.9,"5",2.1,1.7
"Pérez, Eury","691587","237","21.9",31.2,"114.1","90.2","79.6","94","85.5","433","191","392","109",46,"20",8.4,5.5
"Matz, Steven","571927","236","10.8",31.4,"110.9","88.5","76.8","94.6","85.5","435","152","398","96",40.7,"15",6.4,4.9
"Phillips, Tyler","663969","233","5.4",26.2,"115.1","89.1","77.3","92.8","87.2","424","130","405","100",42.9,"12",5.2,3.9
"Herget, Jimmy","623474","232","18.5",34.9,"109.9","88.6","77.8","93.1","84.9","432","181","402","90",38.8,"17",7.3,4.9
"Rutledge, Jackson","671131","230","17.1",31.3,"111","91.2","80.8","94.9","89.4","434","167","394","114",49.6,"23",10,7
"Holton, Tyler","663947","229","10.1",31.4,"112.6","87.8","75.5","92.1","85.8","435","150","398","87",38,"19",8.3,6.2
"Ferrer, Jose A.","678606","227","0.8",27.3,"112.6","89","77.1","90.5","88.3","436","112","399","95",41.9,"11",4.8,3.5
"Canning, Griffin","656288","223","7.8",31.8,"113.8","91.2","81","95","89.4","432","154","377","102",45.7,"21",9.4,6.4
"Blalock, Bradley","687134","222","12.8",36.5,"113.7","91.4","80.7","94.7","87.3","446","183","413","102",45.9,"27",12.2,9.8
"Latz, Jacob","656641","222","17.5",32.4,"119.6","89.8","79","93.3","87.9","431","168","395","95",42.8,"14",6.3,4.3
"Gomber, Austin","596295","220","18.2",38.6,"115.9","88.1","76.2","92.8","82.9","453","196","419","87",39.5,"32",14.5,11.8
"Suter, Brent","608718","218","13.5",33.5,"111.3","85.8","73.6","90.3","82.3","425","167","399","70",32.9,"17",7.8,5.8
"Peralta, Wandy","593974","218","3.7",29.4,"116.2","87.6","75.3","93.5","83.9","412","130","379","79",36.2,"15",6.9,4.8
"Hill, Tim","657612","215","-2.2",21.4,"114.1","90","78.7","93.6","88.4","424","112","395","97",45.1,"17",7.9,6.3
"López, Pablo","641154","215","14.4",39.5,"116.5","88.7","77.8","92.9","84.8","414","172","408","76",35.3,"13",6,4.2
"Hicks, Jordan","663855","215","5.8",31.6,"115.2","90","79","93.6","88.4","423","130","383","98",45.6,"10",4.7,3.2
"Bergert, Ryan","686701","214","20",40.7,"110.9","90","81","92.3","86.3","426","196","400","78",36.4,"15",7,4.6
"Schmidt, Clarke","657376","212","19.6",32.5,"112.5","88.1","77.1","93.3","82.2","433","186","391","75",35.4,"14",6.6,4.4
"Sands, Cole","663485","209","12.5",32.1,"113.2","89.3","78.2","93.7","86.4","418","163","390","87",41.6,"21",10,7.1
"Lynch IV, Daniel","663738","208","10.4",28.4,"116","88.5","76.7","95.7","84.3","447","151","422","90",43.3,"17",8.2,6
"Milner, Hoby","571948","208","6.1",27.4,"115.4","88.3","77.9","93.3","85.1","434","140","410","76",36.5,"18",8.7,6.3
"Dreyer, Jack","676263","207","16.8",30.4,"109.6","90.2","80.9","93.6","87.7","417","166","402","81",39.1,"10",4.8,3.3
"Allard, Kolby","663465","205","17.9",34.1,"115.5","88.1","77.3","92","87.6","431","166","389","74",36.1,"11",5.4,4.2
"Glasnow, Tyler","607192","205","11.5",34.1,"111.9","88.3","77.4","91.4","85.9","407","166","386","78",38,"17",8.3,4.8
"Rocker, Kumar","677958","204","8.3",34.3,"114.1","91.2","79.8","94.8","88.6","456","159","412","97",47.5,"24",11.8,8.4
"Hanifee, Brenan","669724","204","4.1",29.9,"115.6","90.5","79.5","95.6","87.3","406","133","384","91",44.6,"14",6.9,5.4
"Darvish, Yu","506433","203","15.3",32.5,"115","87.3","76.4","93","82.6","423","170","395","67",33,"18",8.9,6.1
"Chivilli, Angel","683409","203","5.6",31.5,"114.3","89.9","78.2","95.4","85.3","445","148","399","87",42.9,"20",9.9,7.3
"Francis, Bowden","670102","201","20.7",34.3,"113.1","91.6","81.1","95.2","89","426","187","386","105",52.2,"25",12.4,8.7
"Bazardo, Eduard","660825","199","14.9",31.7,"114.2","88.5","77.7","92.6","85.8","411","171","389","73",36.7,"18",9,5.8
"Eisert, Brandon","685126","199","12.9",38.7,"111.4","87.7","76.3","92.1","82.7","431","170","386","73",36.7,"18",9,6
"Topa, Justin","623437","197","7.7",35,"114.5","89.3","77.6","93.4","88","396","147","385","88",44.7,"11",5.6,4.1
"Junis, Jakob","596001","197","12.4",30.5,"109.8","87.6","75.7","93.2","82.6","423","158","379","76",38.6,"12",6.1,4.4
"Morejon, Adrian","670970","197","5.2",29.9,"111.5","85.8","73.8","90.5","83.3","426","128","413","60",30.5,"8",4.1,2.8
"King, Michael","650633","196","15.9",34.2,"113","88","75.5","92.6","85.4","437","169","394","76",38.8,"23",11.7,7.8
"Weissert, Greg","669711","195","13.5",35.9,"115.7","89.8","80.1","93.1","87.9","439","166","393","76",39,"15",7.7,5.5
"Meyer, Max","676974","195","8.7",30.3,"112.7","91.9","82","95.1","89.7","429","151","391","94",48.2,"18",9.2,6.3
"Ashcraft, Braxton","677952","195","9.1",30.8,"111.5","88","76.4","92.7","85.1","418","148","389","75",38.5,"9",4.6,3.1
"Varland, Louis","686973","195","5.3",33.3,"112.9","90.2","79.3","94.7","87.9","412","139","393","85",43.6,"18",9.2,6.2
"Ashcraft, Graham","668933","194","4.9",29.9,"112.8","84.9","71.6","90.8","82.7","414","122","384","63",32.5,"8",4.1,2.8
"Kinley, Tyler","641755","193","20.1",34.7,"112.8","87","75.7","91","83.8","450","183","416","58",30.1,"14",7.3,4.6
"Dobbins, Hunter","690928","192","9.5",31.8,"111.3","89.3","77.9","94.3","85.5","436","151","393","80",41.7,"13",6.8,5.1
"King, Bryan","687911","191","14.4",33,"109","88.4","78.1","92","85.7","411","162","387","69",36.1,"11",5.8,4
"De Los Santos, Enyel","660853","191","17.1",38.2,"114","87.6","74.6","91.9","84","450","176","412","77",40.3,"17",8.9,6.1
"Santillan, Tony","663574","191","17.4",35.1,"114.3","91.8","81.4","94.5","91.2","437","175","395","87",45.5,"16",8.4,5.3
"Olson, Reese","681857","190","12",36.8,"112.7","91.5","81.7","93.3","90.6","418","163","395","85",44.7,"14",7.4,4.9
"Rodríguez, Yariel","684320","190","15.8",38.9,"109.3","86.4","74.1","90.7","83.1","415","166","391","68",35.8,"17",8.9,5.8
"Banks, Tanner","621383","190","14.8",40,"112.3","87.8","76.3","91.6","83.3","427","180","395","71",37.4,"15",7.9,5.7
"Buttó, José","676130","190","8.5",29.5,"112.6","90.1","79.5","95.3","85.7","440","153","413","75",39.5,"17",8.9,6
"Anderson, Grant","681982","189","11.9",30.2,"117.9","88.9","77.5","91.8","86.7","428","157","393","72",38.1,"9",4.8,3.1
"Zerpa, Angel","672582","189","-0.3",29.6,"111.2","89.2","77.9","94.4","86.4","435","120","405","80",42.3,"16",8.5,5.9
"Santana, Dennis","642701","188","15.7",33,"112.9","89","78.6","94","83.5","425","184","410","71",37.8,"20",10.6,7.5
"Yarbrough, Ryan","642232","188","15.5",39.9,"113.8","86.1","73.7","89.7","82.9","440","173","385","64",34,"13",6.9,4.9
"Estévez, Carlos","608032","188","23.4",35.6,"111.8","89.1","78.5","92.3","86.2","412","190","393","72",38.3,"20",10.6,7.5
"Ferguson, Caleb","657571","188","5.4",36.2,"112.2","84.9","73.2","88.7","82.7","451","140","435","53",28.2,"6",3.2,2.3
"Birdsong, Hayden","806185","188","20",36.2,"113","89.8","79.2","94","86.6","443","183","402","88",46.8,"18",9.6,6
"Gómez, Yoendrys","672782","187","17.5",36.9,"116.7","89.4","79.1","93.9","84.2","424","187","386","70",37.4,"23",12.3,8.3
"Young, Brandon","687064","187","13.3",32.1,"113.7","89.4","78.2","95.6","83.6","429","164","391","79",42.2,"19",10.2,7.4
"Duran, Jhoan","661395","185","-2.4",22.2,"113.6","89.4","77.7","92.4","88.3","424","107","403","77",41.6,"8",4.3,2.8
"Kahnle, Tommy","592454","185","11.5",32.4,"110.4","88.3","77.4","93.4","85","431","145","399","69",37.3,"17",9.2,6.4
"Webb, Jacob","657097","185","23.2",30.8,"114.8","86.5","74.9","90.6","83.2","431","183","392","64",34.6,"11",5.9,4.2
"Bachar, Lake","669199","185","18",37.8,"111.4","90.3","80.5","95.8","84.2","425","184","409","77",41.6,"20",10.8,6.8
"Vest, Will","676684","184","6.4",25,"113.7","88.9","77.8","91.5","88.2","417","129","398","77",41.8,"8",4.3,2.8
"Burke, Brock","656271","184","8.4",29.9,"113.8","89","77","92.6","87.2","425","148","382","75",40.8,"13",7.1,5.1
"Wrobleski, Justin","680736","184","6.9",30.4,"112.4","92","81.7","94","91.9","422","142","404","88",47.8,"7",3.8,2.5
"Armstrong, Shawn","542888","181","18.8",32.6,"113.7","88","77.6","91.5","84.8","443","179","415","62",34.3,"13",7.2,4.6
"Schreiber, John","670167","179","15.6",34.6,"113","88.6","77.5","91.8","86.2","429","175","407","69",38.5,"17",9.5,6.5
"Erceg, Lucas","668674","179","8.2",27.9,"116.5","89.1","77.8","93.2","87.7","403","143","388","67",37.4,"13",7.3,5.2
"Ureña, José","570632","178","14.6",37.1,"112.6","89.6","78.5","94.3","84.4","438","175","410","71",39.9,"23",12.9,9.7
"Sheehan, Emmet","686218","178","20.1",37.6,"114.9","89.3","78.5","92.6","84.9","439","187","405","74",41.6,"18",10.1,6.2
"Walker, Ryan","676254","177","5.7",30.5,"112.5","86.8","74.7","92","82.4","399","136","372","62",35,"8",4.5,3.1
"Uceta, Edwin","670955","177","16.6",39.5,"113.6","88.8","77.3","93.3","83.1","425","186","395","65",36.7,"16",9,5.1
"Megill, Tylor","656731","176","14.8",30.1,"114.7","90.3","79.6","93.6","88.8","409","160","392","77",43.8,"11",6.3,3.6
"Gaddis, Hunter","683769","176","17.7",34.1,"113.7","90.1","79.7","93.9","86.6","421","178","399","69",39.2,"17",9.7,6.3
"Lee, Dylan","669276","176","16.9",30.7,"112.9","87.6","76.7","93","82.2","423","172","385","59",33.5,"18",10.2,6.8
"Barlow, Scott","605130","175","16.5",32.6,"114.6","86.2","75","91.1","83.2","493","155","408","53",30.3,"12",6.9,4
"Garcia, Robert","676395","175","11.5",38.3,"111.8","88.8","77.8","92.5","83.4","439","174","392","61",34.9,"14",8,5.3
"Koenig, Jared","657649","174","12.4",29.9,"112.9","88.7","78.6","92.3","85.6","420","161","395","61",35.1,"9",5.2,3.4
"King, John","667463","174","-1.8",28.2,"117.9","89.6","78.1","92.1","88.2","443","117","403","75",43.1,"9",5.2,4.2
"Suarez, Robert","663158","174","16.2",37.9,"114.7","90.9","80.8","94.6","88.2","415","178","392","75",43.1,"16",9.2,6
"Wilson, Bryse","669060","174","17.2",39.1,"114.3","91.3","80.3","92.8","90.7","417","181","396","79",45.4,"19",10.9,8.5
"Harris, Hogan","663687","174","14.9",34.5,"111.9","87.8","77.7","90","86","431","183","396","55",31.6,"10",5.7,3.7
"Akin, Keegan","669211","173","16.5",36.4,"110.7","89.4","78.4","93","85.7","421","182","399","72",41.6,"17",9.8,6.4
"Burnes, Corbin","669203","173","6.6",33.5,"113.4","89.5","78","94.5","86.4","448","144","410","72",41.6,"14",8.1,5.3
"Whitlock, Garrett","676477","173","11.2",35.3,"119","88.5","77.1","93.1","84.9","401","160","395","63",36.4,"15",8.7,5.1
"Uribe, Abner","682842","172","6",28.5,"113.4","86.2","73.5","90.2","84.6","427","124","405","60",34.9,"5",2.9,1.7
"Hoffman, Jeff","656546","172","15.7",31.4,"115.3","89.3","77.8","95.9","83.3","432","167","399","68",39.5,"22",12.8,7.7
"Iglesias, Raisel","628452","171","20.8",39.2,"111.5","88.7","78.8","92.9","83.2","423","196","402","57",33.3,"15",8.8,5.8
"Banda, Anthony","607455","171","13.8",35.1,"112.4","89.8","80","91.2","89.7","428","172","399","66",38.6,"15",8.8,5.6
"Okert, Steven","595345","171","25.3",29.2,"110.5","88.4","78.4","91.6","85.4","398","195","382","56",32.7,"12",7,4.3
"Henriquez, Ronny","678692","171","15.6",34.5,"112.6","88.4","76.8","93.4","84.4","417","174","405","74",43.3,"19",11.1,6.4
"Adam, Jason","592094","171","15",22.8,"110.3","88.8","78.7","91.7","86.3","428","158","398","65",38,"12",7,4.4
"Soto, Gregory","642397","170","10.8",34.1,"115.2","89.1","77.6","93.4","87.2","422","155","391","66",38.8,"7",4.1,2.6
"Smith, Cade","671922","170","15.8",38.8,"114.1","89.3","79.3","90.7","89.4","429","176","402","63",37.1,"7",4.1,2.4
"Schlittler, Cam","693645","170","13.8",40,"114","89.1","78.3","92.9","85.7","443","174","406","69",40.6,"13",7.6,4.7
"Baker, Bryan","641329","170","16.7",35.9,"110.7","90.5","79.4","94.8","87.9","433","183","402","82",48.2,"21",12.4,7.9
"Kerkering, Orion","689147","170","15",36.5,"113.9","85.9","73.9","90.2","84","414","158","384","57",33.5,"11",6.5,4.2
"Cano, Yennier","666974","170","6.1",27.1,"109.5","88.1","77.2","93.4","85.3","407","131","387","60",35.3,"8",4.7,3.2
"Matsui, Yuki","673513","170","20.8",30.6,"113.8","88.4","77.5","92.8","84.3","413","187","388","63",37.1,"15",8.8,5.7
"Brazobán, Huascar","623211","170","12.2",28.8,"111.5","87.2","75.7","92.1","83.8","431","150","401","58",34.1,"13",7.6,5
"Keller, Brad","641745","169","5.8",29,"108","86.9","76.1","92.7","84.6","426","124","414","53",31.4,"10",5.9,3.7
"Hurter, Brant","676428","169","9.8",32.5,"109.9","87.8","76.6","91.5","85.9","405","145","381","63",37.3,"6",3.6,2.2
"Ross, Joe","605452","168","11",37.5,"111","89.3","77.5","94.7","85.7","437","165","410","73",43.5,"20",11.9,8.8
"Romero, JoJo","668941","168","5.1",28.6,"113.9","87.3","75.6","93.3","85","436","132","412","59",35.1,"12",7.1,4.7
"Doval, Camilo","666808","168","6.2",28.6,"111.1","88.6","76.7","93.5","85.6","427","135","413","68",40.5,"10",6,3.6
"Manaea, Sean","640455","167","17.5",39.5,"115","89.9","78.8","94.8","86.5","440","177","390","71",42.5,"15",9,5.9
"Faucher, Calvin","676534","167","8",37.1,"113.4","87.5","76.4","91.1","84.8","426","157","399","56",33.5,"8",4.8,3.2
"Weaver, Luke","596133","167","22.4",35.9,"114.8","90","80","92.9","85.2","421","207","388","67",40.1,"14",8.4,5.4
"Beck, Tristan","663941","167","14.5",34.1,"111.8","90.1","80.5","93.2","88.8","422","166","397","63",37.7,"14",8.4,6.3
"Sterner, Justin","686993","167","22",33.5,"112.3","89.8","79.7","93.8","85.6","433","194","402","65",38.9,"16",9.6,6
"Estrada, Jeremiah","669093","165","21.5",32.7,"112.7","90.1","80.2","93","89.2","447","179","399","64",38.8,"15",9.1,5
"Myers, Tobias","668964","165","15.4",32.7,"113.7","90.3","80.3","93.3","89.3","420","182","388","74",44.8,"11",6.7,5
"Strahm, Matt","621381","164","29.4",33.5,"112.3","89.4","79.7","91.8","90.1","424","194","408","63",38.4,"7",4.3,2.7
"Fairbanks, Pete","664126","164","13.8",29.3,"109.2","90.3","80.8","93.1","88.9","428","152","393","71",43.3,"8",4.9,3.3
"Pagán, Emilio","641941","163","23.6",30.1,"110.5","88.9","78.7","93.3","84.3","422","196","385","60",36.8,"15",9.2,5.6
"Beeks, Jalen","656222","162","12.5",29,"111.9","88.5","76.3","92.3","85.6","419","159","395","64",39.5,"17",10.5,7.4
"Wilson, Steven","621051","162","24.7",35.2,"114.9","89.5","80.3","92","87.1","451","198","397","58",35.8,"9",5.6,3.8
"Stanek, Ryne","592773","162","19.8",36.4,"110.2","90.2","80.2","93","88.4","406","186","379","70",43.2,"16",9.9,6.3
"Ashby, Aaron","676879","161","0.1",28.6,"114.3","89.5","78.6","90.6","89.2","416","122","398","65",40.4,"5",3.1,1.9
"Alcala, Jorge","660896","161","20.8",34.2,"112.4","88.8","77.6","93.9","84.8","426","180","397","60",37.3,"17",10.6,6.8
"Mears, Nick","683232","161","16.6",39.1,"112.2","90.4","80.1","94.5","85.2","417","199","389","69",42.9,"17",10.6,7.7
"Carrasco, Carlos","471911","161","16.6",38.5,"110.4","90.7","79.8","91.9","89.5","415","180","391","69",42.9,"17",10.6,8
"Pérez, Martín","527048","160","15.1",33.1,"112.6","88.2","76.1","95","82.5","427","177","395","63",39.4,"24",15,10.5
"Helsley, Ryan","664854","160","11.3",36.9,"111.8","91.2","81.4","94","89.1","415","165","393","68",42.5,"12",7.5,4.9
"Detmers, Reid","672282","159","9.9",32.7,"118.3","90.1","79.3","93.6","87.2","423","158","387","68",42.8,"13",8.2,4.9
"García, Luis","472610","159","4.9",35.8,"113.3","90.8","79.7","94.7","87.8","413","146","400","77",48.4,"12",7.5,5.2
"Johnson, Pierce","572955","159","17.2",37.7,"111.7","90.4","80.6","93","88","438","190","404","68",42.8,"14",8.8,5.9
"Mejia, Juan","675848","158","16",34.8,"116.2","85.8","73","90.5","83","423","172","396","55",34.8,"8",5.1,3.1
"McCullers Jr., Lance","621121","158","12.3",33.5,"110.5","90.6","79.6","96.4","86.6","425","161","374","81",51.3,"18",11.4,6.9
"Cavalli, Cade","676917","158","3.8",29.7,"109.7","87.7","74.8","93.3","85.2","424","137","392","66",41.8,"7",4.4,3.2
"Jax, Griffin","643377","158","6.4",38.6,"110.9","89.1","77","94.1","84.5","420","148","388","70",44.3,"15",9.5,5.4
"Gibson, Cade","806188","157","6.7",30.6,"111.6","88.1","77.4","91.8","86.7","430","136","407","59",37.6,"9",5.7,4
"Little, Brendon","663893","157","1.4",30.6,"112.4","89.7","78","95.3","87.3","428","121","407","74",47.1,"10",6.4,3.4
"Jansen, Kenley","445276","157","25.4",31.2,"119.6","91.5","82.3","94.1","89.9","430","199","401","70",44.6,"14",8.9,6
"Leasure, Jordan","673929","156","23.9",37.2,"114.7","89.1","78.3","93.5","84.2","409","182","384","59",37.8,"17",10.9,6.4
"Snell, Blake","605483","156","5.6",34,"113.5","86.2","73.4","91.5","81.8","400","141","356","53",34,"9",5.8,3.5
"Woodruff, Brandon","605540","156","24.6",28.8,"109.4","87.9","76.8","91.7","85.5","428","174","392","56",35.9,"11",7.1,4.3
"Bummer, Aaron","607481","156","2.9",33.3,"115.8","89.7","79.9","92.3","87.8","461","128","443","61",39.1,"5",3.2,2.1
"Scott, Tanner","656945","156","18",34,"109.3","90.8","81","93.6","90.1","433","170","400","66",42.3,"14",9,5.9
"Abreu, Bryan","650556","156","16.9",35.9,"112.6","90.6","80.4","95","86.7","447","178","400","71",45.5,"13",8.3,4.4
"Finnegan, Kyle","640448","154","11.5",32.5,"111","90.4","80.2","92.2","89.6","400","149","386","66",42.9,"12",7.8,5.2
"Gil, Luis","661563","154","21.1",38.3,"115","91","81.1","93.3","91","428","187","415","64",41.6,"13",8.4,5.8
"Montero, Rafael","606160","154","12.3",26,"108.8","88.3","76.9","91.2","85.9","416","151","406","60",39,"11",7.1,4.4
"Bird, Jake","656234","154","8.6",34.4,"110.7","88.5","76.5","91.4","85.9","439","153","403","66",42.9,"13",8.4,5.2
"Festa, David","701581","153","19.8",33.3,"113.4","90.4","79.9","95.1","86.5","441","183","414","62",40.5,"18",11.8,7.9
"Walter, Brandon","687888","153","12",30.7,"112","86.2","73.6","92.1","81.9","445","155","398","59",38.6,"11",7.2,5.2
"Clarke, Taylor","664199","152","13.6",29.6,"113.1","89.3","78.6","93.5","86.3","451","160","410","62",40.8,"12",7.9,5.8
"Bernardino, Brennan","657514","151","9.5",28.5,"112.9","87.6","75.5","93.4","85","391","139","355","54",35.8,"11",7.3,4.9
"Jobe, Jackson","695549","150","13.1",36,"111.9","89.1","77.7","94.6","85.2","436","163","396","65",43.3,"13",8.7,6
"Ferguson, Tyler","621053","150","18.8",33.3,"112.6","87.5","76.8","91.9","83.2","432","176","414","48",32,"10",6.7,4.2
"Waldrep, Hurston","694462","149","6.3",32.2,"114.3","89.1","78.6","93.1","86.5","423","149","406","58",40.3,"6",4,2.6
"Houck, Tanner","656557","149","6.8",35.6,"112.2","91","79.8","95","87.8","432","151","396","69",46.3,"12",8.1,5.9
"Thielbar, Caleb","573204","148","19.1",29.7,"113.6","87.7","77.3","91","86.9","419","161","404","46",31.1,"9",6.1,4.2
"Rolison, Ryan","669020","148","6.1",33.1,"111.7","87.5","75.1","91.8","83.9","464","155","418","57",38.5,"14",9.5,7.3
"Jackson, Luke","592426","148","8",28.4,"114.4","91.1","80.5","96","88.2","421","144","401","66",44.6,"10",6.8,4.7
"Garrett, Reed","657585","147","12.7",36.1,"111.7","88","75.7","93.3","83.7","417","164","371","60",40.8,"7",4.8,2.9
"Henry, Cole","669371","146","23.3",30.8,"111.2","88.8","77.5","92.6","88.7","412","175","397","54",37,"11",7.5,4.6
"Seymour, Ian","693855","146","15.1",37.7,"109.6","88.4","77.2","92.2","84.2","426","176","389","54",37,"10",6.8,4.5
"Misiorowski, Jacob","694819","145","16.3",41.4,"109.3","89.2","79.3","92.6","85.3","431","188","393","55",37.9,"12",8.3,4.6
"Festa, Matt","670036","145","13.7",37.2,"106.9","87.4","76.3","90.5","85","411","165","405","51",35.2,"9",6.2,4.1
"Leiter Jr., Mark","643410","144","13.8",29.2,"111","87.2","75.7","89.4","85.2","429","147","402","48",33.3,"8",5.6,3.7
"Flexen, Chris","623167","144","15.8",34.7,"109.5","90.9","81.8","93.7","88.5","420","176","398","60",41.7,"13",9,7.3
"Bednar, David","670280","144","11.4",36.1,"115.4","89.3","78.4","93.3","85.4","426","163","408","61",42.4,"13",9,5.3
"Trivino, Lou","642152","143","19.8",33.6,"113.2","86.9","75.6","90.2","85.6","414","164","398","44",30.8,"14",9.8,7
"Speier, Gabe","642100","143","14.6",26.6,"112.4","89.6","78.6","93.4","86.6","422","170","380","58",40.6,"12",8.4,5
"Domínguez, Seranthony","622554","143","13.5",35,"114.5","87.4","76.2","92.6","84.9","422","151","393","52",36.4,"10",7,3.9
"Rogers, Taylor","573124","142","13.1",34.5,"110.2","90.1","78.8","95.6","86.3","448","162","385","63",44.4,"14",9.9,6.3
"Zeferjahn, Ryan","666171","142","16.5",38.7,"114.9","88.9","78","91.7","86.6","433","186","395","54",38,"15",10.6,6
"Green, Chad","643338","140","18.3",35,"111.2","92.3","82.2","96.9","88.4","417","193","391","74",52.9,"23",16.4,12.1
"Hernández, Carlos","672578","140","17.7",31.4,"114.5","89.7","78.5","92.2","89.9","420","180","402","54",38.6,"16",11.4,7.9
"Blewett, Scott","656240","140","9.7",29.3,"113.7","92.2","82.8","95.8","89.8","427","161","401","70",50,"16",11.4,8.2
"Bender, Anthony","669622","139","8.4",23.7,"114.8","89.6","78.7","93.3","86.4","428","152","402","62",44.6,"10",7.2,4.9
"Clase, Emmanuel","661403","138","12.6",34.1,"111.4","88.2","77.2","93.1","83.9","413","159","403","53",38.4,"7",5.1,3.5
"Svanson, Matt","694335","138","9.9",39.9,"113.9","88.7","77.9","92.2","85.8","405","164","389","47",34.1,"12",8.7,5.3
"Graceffo, Gordon","700669","138","10.6",34.8,"114.8","92.8","83.5","96","91.5","411","162","391","74",53.6,"10",7.2,5.2
"Vodnik, Victor","680767","137","4.2",31.4,"112.7","91.2","80.1","95.5","88.3","434","148","400","68",49.6,"12",8.8,5.7
"Maton, Phil","664208","137","12.2",38.7,"110.5","84.8","72.3","89.9","81.9","413","152","382","42",30.7,"5",3.6,2
"Legumina, Casey","668984","137","17.1",29.2,"112.9","90.6","79.8","93.5","88.2","448","173","394","60",43.8,"12",8.8,5.5
"Palencia, Daniel","694037","136","14.4",38.2,"113","90.1","80.2","94.6","86.8","438","171","385","66",48.5,"6",4.4,2.8
"Enns, Dietrich","608650","136","14.3",36.8,"110.9","88.3","77.3","91.1","87.2","420","152","398","49",36,"6",4.4,3
"Boushley, Caleb","676961","136","11.9",41.2,"112.4","90.8","80.4","94.9","86.5","425","166","384","68",50,"16",11.8,8.3
"Williams, Devin","642207","136","11.2",32.4,"113.7","89.6","79.3","92.3","88","456","164","410","49",36,"13",9.6,5.1
"Gilbert, Tyler","656457","135","20.6",35.6,"112.1","90.2","80.6","91.9","90.7","410","192","389","55",40.7,"14",10.4,6.7
"Lively, Ben","594902","134","20.4",35.1,"118","92.1","83","94.7","91.5","397","200","390","60",44.8,"14",10.4,7.9
"Muñoz, Andrés","662253","134","9.4",31.3,"108.8","87.2","75","90.3","85.4","410","142","399","54",40.3,"9",6.7,3.6
"Pressly, Ryan","519151","134","8.5",30.6,"115.2","91.2","80.6","96.2","89.7","414","139","400","67",50,"9",6.7,4.9
"Fitts, Richard","690916","134","11.8",39.6,"112.1","90.7","79.7","92.7","89.2","454","171","404","65",48.5,"17",12.7,8.7
"Cleavinger, Garrett","664076","133","11.5",34.6,"110","88.6","76.4","93.5","85.1","417","154","376","54",40.6,"7",5.3,2.9
"Kittredge, Andrew","552640","133","7.8",33.8,"112.8","90.7","80","93","88.8","419","160","385","59",44.4,"9",6.8,4.3
"Mattson, Isaac","676755","132","23.8",33.3,"112.3","89.4","79.4","93.1","90.2","426","188","398","52",39.4,"8",6.1,4
"Blanco, Ronel","669854","131","17.7",25.2,"110.8","85.9","74.4","91.6","78","418","172","392","40",30.5,"11",8.4,5.5
"Montas, Frankie","593423","131","14.6",30.5,"112.1","88.5","76.1","91.7","85.5","410","166","384","53",40.5,"15",11.5,8.4
"Woodford, Jake","663765","131","10.4",35.1,"109.7","86.1","73.8","90.8","82.1","419","157","395","44",33.6,"9",6.9,5.3
"Stroman, Marcus","573186","131","12",31.3,"110.7","90.8","79.6","96.1","87.3","442","163","394","65",49.6,"14",10.7,8
"Fluharty, Mason","689254","131","16.6",29.8,"115","86.6","74.9","90.5","85.6","446","169","394","44",33.6,"10",7.6,4.7
"Cruz, Steven","674444","130","14.7",32.3,"113.9","88.7","78.8","91.6","87.8","421","157","411","43",33.1,"7",5.4,3.8
"Shugart, Chase","663767","130","19",37.7,"112.7","88","76.6","92.7","84.1","411","187","389","50",38.5,"11",8.5,6.2
"Thornton, Trent","663423","130","13.6",30.8,"111.4","89.4","78.3","93.3","86.9","408","158","378","55",42.3,"9",6.9,5
"Cabrera, Génesis","650893","130","19.3",32.3,"112.2","89.6","78.7","92.7","88.9","420","179","391","55",42.3,"14",10.8,7.7
"Vesia, Alex","681911","130","24.9",38.5,"113","88.5","77.2","94.7","82.6","443","182","405","49",37.7,"14",10.8,6
"Ragans, Cole","666142","130","17.2",33.1,"117.2","88.8","77.1","93.2","86.5","419","177","396","53",40.8,"13",10,5.4
"Wilson, Justin","458677","128","12.9",35.2,"111","89.2","79","90.9","88.4","415","151","393","46",35.9,"9",7,4.3
"Smith-Shawver, AJ","700363","128","15.4",41.4,"116.2","91.4","80.4","94.8","86.8","414","188","388","65",50.8,"16",12.5,8.4
"Englert, Mason","669438","128","12.8",37.5,"113.9","91.8","81","93.6","91.6","398","168","385","60",46.9,"12",9.4,6.5
"Chapman, Aroldis","547973","128","18.9",34.4,"108.5","88.8","78.4","92.3","85.9","410","175","387","47",36.7,"7",5.5,3.1
"Melton, Troy","675512","128","14.2",32,"109.2","90.8","80.8","96","88.5","434","172","400","63",49.2,"11",8.6,6.1
"Brogdon, Connor","641401","128","20.7",32.8,"112.6","88.8","77.9","93","86","412","194","395","50",39.1,"15",11.7,7.8
"Long, Sam","669674","127","14.7",29.1,"118","87.9","76.1","92.4","83.9","422","164","404","54",42.5,"9",7.1,4.9
"Lazar, Max","676661","127","13",39.4,"112.3","92.3","82.6","95.2","89.5","405","179","382","64",50.4,"12",9.4,7.5
"Hart, Kyle","606996","127","20.2",33.9,"111.7","88.5","77","92.2","84.2","403","192","377","50",39.4,"10",7.9,5.6
"Molina, Anthony","683627","126","13.3",37.3,"115.8","91.2","80","93.4","89.1","467","193","404","68",54,"14",11.1,8.8
"Pomeranz, Drew","519141","125","16.6",34.4,"111.5","90.1","79.6","92.2","90.4","422","170","404","54",43.2,"11",8.8,5.5
"Sousa, Bennett","656986","125","15.9",32.8,"110.7","89.1","78","93.1","86.7","431","173","400","46",36.8,"10",8,5
"Díaz, Edwin","621242","124","11.8",33.9,"111.3","88.3","76.9","93.5","83.7","412","153","382","48",38.7,"4",3.2,1.6
"Boyle, Joe","671212","124","16.2",29.8,"113.4","91","80.3","94.1","89.1","436","168","385","56",45.2,"14",11.3,6.8
"Blackburn, Paul","621112","124","11.5",34.7,"112.2","87.4","75.9","91","85.7","419","153","406","44",35.5,"9",7.3,5.4
"Thompson, Ryan","657044","124","7.8",30.6,"113.4","89.9","78.3","94","86.9","426","145","411","50",40.3,"10",8.1,5.7
"O'Brien, Riley","676617","123","4.8",26.8,"108.8","85.6","72.9","89.8","84.4","404","124","394","42",34.1,"4",3.3,2.1
"Morales, Luis","806960","123","18.4",35,"113.8","89.3","77.8","95.2","85.3","422","186","397","53",43.1,"14",11.4,7.9
"Martin, Chris","455119","122","12.9",35.2,"111.7","90.1","79.2","93.7","88.1","437","162","397","50",41,"11",9,6.4
"Messick, Parker","800048","121","9.8",33.1,"113","88.1","77.6","92.1","85.6","411","147","404","36",29.8,"7",5.8,4.2
"Brash, Matt","666374","121","6.3",31.4,"110.7","86.9","75.1","91.1","84.4","431","131","391","37",30.6,"7",5.8,3.5
"Ogasawara, Shinnosuke","829272","120","13.3",31.7,"110.4","90.5","80.5","94.2","86.4","429","181","399","48",40,"12",10,7.1
"Romano, Jordan","605447","120","18.3",29.2,"116.4","88.9","77.8","92.5","88.9","455","180","391","47",39.2,"12",10,6.4
"Lucchesi, Joey","664192","120","6",25.8,"112.7","88","77.2","96.4","84.6","419","133","389","38",31.7,"8",6.7,4.8
"Palmquist, Carson","687223","120","20",31.7,"110.8","89.6","78.9","93.4","85.8","439","195","413","48",40,"17",14.2,9.7
"Kelly, Kevin","687330","120","9.3",39.2,"114.5","90.8","79.1","96.5","85.9","442","173","388","62",51.7,"19",15.8,11.7
"Richardson, Lyon","680689","119","6.1",34.5,"115.9","89.9","78.6","93.3","87.6","422","148","389","55",46.2,"7",5.9,4.1
"Crismatt, Nabil","622503","118","11.2",37.3,"109.5","87.9","78.1","90.4","85.7","414","159","393","35",29.7,"6",5.1,3.9
"Montgomery, Mason","682254","118","12.1",33.9,"112.8","89.3","78","90.8","89.4","430","160","385","46",39,"11",9.3,5.3
"Kranick, Max","668820","118","18.1",32.2,"114","90.2","79.8","94","88.1","427","174","401","53",44.9,"11",9.3,7.3
"Funderburk, Kody","681892","118","6.9",30.5,"114.6","90.6","80.6","92.4","90.6","421","135","402","51",43.2,"6",5.1,3.4
"Knack, Landon","689017","117","16.4",44.4,"117.9","91.5","81","95.8","85.7","411","202","393","58",49.6,"19",16.2,11
"Ohtani, Shohei","660271","117","13.6",33.3,"113.9","86.4","74.6","90.1","82.4","410","160","398","36",30.8,"4",3.4,2.1
"Weathers, Ryan","677960","116","12.3",33.6,"113.5","89.6","78.9","93.6","85","441","175","410","49",42.2,"11",9.5,6.6
"DeSclafani, Anthony","543101","116","15",31.9,"112.4","89.9","79.3","94.7","85.2","435","179","397","50",43.1,"10",8.6,5.9
"Bowlan, Jonathan","680742","116","10.4",31.9,"112.2","87.3","74.7","94.5","81.3","436","161","418","43",37.1,"11",9.5,6.1
"Seymour, Carson","693313","116","6.6",33.6,"114.4","91.4","80.4","96","87.8","453","152","400","52",44.8,"18",15.5,11.5
"Morgan, David","688158","116","10.9",33.6,"112.9","91","81","94.1","88.8","411","158","393","53",45.7,"9",7.8,4.8
"Fisher, Braydon","680755","116","16.2",29.3,"111","88","76.9","93.4","83.2","411","171","405","42",36.2,"9",7.8,4.5
"Ort, Kaleb","672391","116","17.1",25.9,"113.8","89.3","78.6","93.1","86.9","414","169","384","44",37.9,"9",7.8,4.6
"Orze, Eric","679358","116","17.3",36.2,"111.7","86.9","75.7","90.1","86.8","400","160","378","35",30.2,"9",7.8,5.1
"Halvorsen, Seth","678020","116","6.1",29.3,"113","89","77.3","92.8","87.6","465","137","415","46",39.7,"11",9.5,6.4
"Rodríguez, Randy","678495","116","17.7",27.6,"113.4","87","74.9","92.5","82.1","417","165","375","42",36.2,"9",7.8,4.5
"Megill, Trevor","656730","114","12.7",36.8,"112.5","90.8","81.4","94.4","86","451","174","407","44",38.6,"9",7.9,4.8
"Bieber, Shane","669456","114","9.7",36,"112.4","93.2","84.1","95.9","90.8","422","164","394","55",48.2,"14",12.3,8.8
"De los Santos, Yerry","660787","114","5",27.2,"113.6","89","77.4","93.6","87.3","383","122","370","47",41.2,"6",5.3,3.8
"Hatch, Thomas","641672","113","13.4",34.5,"115.7","87.6","75.4","92.5","84.2","447","159","405","43",38.1,"9",8,5.9
"Nicolas, Kyle","693312","113","14.3",32.7,"109.6","90","79.7","92.9","89.1","407","168","404","44",38.9,"8",7.1,4.8
"McLean, Nolan","690997","113","2.8",31,"112.4","89.5","77.8","95","86.8","434","129","415","49",43.4,"9",8,4.8
"Herrin, Tim","682120","113","14.5",29.2,"108.5","88.3","77.3","92.4","86","421","167","387","48",42.5,"6",5.3,3.1
"Miller, Shelby","571946","113","15.7",36.3,"113.4","89.3","77.6","93.2","85","408","186","395","48",42.5,"10",8.8,5.4
"Coulombe, Danny","543056","112","17",32.1,"111.7","87.5","76.1","90.6","86","445","166","416","43",38.4,"6",5.4,3.5
"Curtiss, John","595928","111","16.5",43.2,"109.2","89.9","79.7","93.3","85.2","422","201","412","47",42.3,"10",9,7.2
"Soriano, George","666277","111","9.2",43.2,"113.4","89","76.6","93.4","84.6","434","175","411","50",45,"17",15.3,10.3
"Kelly, Michael","547184","111","14",35.1,"107.7","86.8","75.6","91.4","83.4","414","169","392","39",35.1,"10",9,6.3
"Hader, Josh","623352","111","29.2",34.2,"108.7","88","77.7","92.5","80.2","443","195","377","38",34.2,"9",8.1,4.4
"Salazar, Eduardo","674285","110","8.5",33.6,"110.5","89.6","78.1","91.9","88.6","397","148","383","49",44.5,"10",9.1,6.6
"Jacob, Alek","689690","110","15.8",34.5,"111","84.1","70.7","91.9","76.9","427","177","385","35",31.8,"8",7.3,5.2
"Sasaki, Roki","808963","108","13.1",32.4,"113.1","90.6","80.8","92.6","88.9","427","178","396","49",45.4,"12",11.1,7.5
"Yates, Kirby","489446","108","18.6",36.1,"113.3","88.5","76.2","93.4","81.6","423","196","403","46",42.6,"14",13,7.8
"Javier, Cristian","664299","107","23.9",28,"112.8","88.9","78.6","92.5","87.1","410","182","373","41",38.3,"7",6.5,4.5
"Mazur, Adam","800049","107","12.1",34.6,"109.1","87.5","76.1","93.6","81.4","410","168","402","34",31.8,"9",8.4,6.5
"Abel, Mick","690953","107","15.7",39.3,"110.3","91.7","82.5","93.2","91.3","442","191","405","55",51.4,"10",9.3,6.5
"Hall, DL","669084","107","15.1",34.6,"110.4","88","78.3","89.7","86.4","417","180","417","31",29,"6",5.6,4
"Cortes, Nestor","641482","106","18.4",33,"115","92.5","83.2","96.1","88.4","468","205","404","49",46.2,"16",15.1,10.2
"Winn, Cole","668390","106","10.4",29.2,"111.1","91.4","80.9","96.3","87.3","449","155","428","51",48.1,"11",10.4,6.8
"Hoglund, Gunnar","680684","105","14.4",36.2,"112.5","92.4","82.2","95.4","88.4","439","192","408","48",45.7,"17",16.2,12.2
"Alvarado, Elvis","665660","104","16.6",30.8,"111.7","90.1","78.5","93","88.8","398","183","380","49",47.1,"9",8.7,5.2
"Burns, Chase","695505","104","15.7",36.5,"110.7","90.4","79.9","92.6","88.8","427","182","411","48",46.2,"10",9.6,5.5
"Adams, Travis","701519","104","16.5",41.3,"114.7","88.9","77.7","92.5","82.5","456","199","410","42",40.4,"13",12.5,8.3
"Perkins, Jack","678022","104","15.7",29.8,"109.6","85.7","72.8","88.9","84.8","434","167","411","37",35.6,"10",9.6,6.2
"Dubin, Shawn","681869","104","10.7",30.8,"108.6","87.8","76.1","92.6","86.6","406","143","357","42",40.4,"5",4.8,3.4
"Harrison, Kyle","690986","103","13.6",40.8,"110.9","90.7","80.8","94.7","85.2","424","177","397","44",42.7,"7",6.8,4.5
"Slaten, Justin","686580","102","12.3",32.4,"116.2","89.1","79","93.1","85.8","405","161","395","35",34.3,"8",7.8,5.8
"Arrighetti, Spencer","681293","102","13.9",35.3,"112.3","89.1","76.9","93.9","85","405","176","394","46",45.1,"9",8.8,5.8
"Assad, Javier","665871","102","9.7",32.4,"111","88.8","77","93.7","86.2","431","155","383","40",39.2,"4",3.9,3
"Miller, Mason","695243","101","16.4",36.6,"107.2","87.9","77.1","92.2","84.4","439","181","399","38",37.6,"10",9.9,4.3
"Castillo, José","620454","101","4.2",34.7,"111.7","89.7","79.4","93.1","87","422","141","406","43",42.6,"6",5.9,4
"Lee, Chase","695445","101","14.7",43.6,"113.7","90.7","80.4","92.7","88.9","431","193","395","41",40.6,"14",13.9,9.5
"Waddell, Brandon","663399","100","14.8",34,"110.3","89.7","79.7","92.6","88.4","413","178","389","40",40,"10",10,7.5
"Agnos, Zach","688642","100","14.8",32,"111.4","89.7","78.5","93.3","86.8","450","180","415","45",45,"13",13,9.6
"Dodd, Dylan","689266","100","7.9",27,"112.4","90","78","96.3","86","448","156","403","48",48,"8",8,5.9
"Hamilton, Ian","641656","100","16.9",37,"115.2","89.9","80.2","92.4","88.4","398","179","377","36",36,"10",10,6
"Kelly, Zack","677161","99","13.4",37.4,"107.7","85.8","74","89.8","82.1","402","159","385","30",30.3,"5",5.1,3.4
"Gipson-Long, Sawyer","687830","99","13.1",34.3,"114.9","90.5","79.2","96.5","85.3","435","179","411","39",39.4,"13",13.1,9.8
"Hernández, Daysbel","678226","99","10.2",29.3,"113.5","89.4","79.2","92.3","88.4","441","157","400","37",37.4,"9",9.1,5.5
"Feltner, Ryan","663372","98","11.1",27.6,"112.1","90","79.8","92.1","89.2","414","156","400","35",35.7,"4",4.1,3
"Gonsolin, Tony","664062","98","16.3",37.8,"113","91.2","81.2","95.2","88.3","446","181","401","44",44.9,"11",11.2,7
"Stewart, Brock","592779","98","21.3",29.6,"113.6","86.5","74.8","90.8","84.2","433","165","396","32",32.7,"4",4.1,2.5
"Cruz, Fernando","518585","97","17.3",41.2,"113.3","87.7","76.1","92.5","84.5","418","176","387","37",38.1,"8",8.2,4.1
"Gage, Matt","657424","96","11.1",26,"113.5","88.3","77.7","90.1","88.9","390","132",,"32",33.3,"3",3.1,2.2
"Borucki, Ryan","621366","96","7.9",31.3,"111","87.3","74.8","95.4","83.6","441","136","403","37",38.5,"8",8.3,5.5
"Loáisiga, Jonathan","642528","96","7.1",35.4,"115.7","86.6","73.6","89.2","84.7","403","144","373","34",35.4,"6",6.3,4.4
"Wesneski, Hayden","669713","95","16.3",35.8,"111.5","89.7","79.3","92.4","88.6","416","173","390","40",42.1,"10",10.5,7.6
"Sauer, Matt","669422","95","12.7",38.9,"110.3","90.3","81.2","92.9","88.1","442","169","404","35",36.8,"8",8.4,6.2
"Morillo, Juan","666661","94","11.5",31.9,"109.8","87.2","74.1","89.7","87.4","395","137","386","39",41.5,"5",5.3,3.3
"Ohl, Pierson","701487","94","15.4",44.7,"112.8","89.5","78.5","93.4","84.5","414","188","398","38",40.4,"10",10.6,8
"Scott, Tayler","605463","91","10",36.3,"113.5","89","76.9","95.5","84.2","429","172","402","40",44,"10",11,7.5
"Garcia, Rico","670329","91","13.3",27.5,"111.7","87.1","74.2","92.8","83.2","404","146","394","39",42.9,"6",6.6,4.4
"Fermin, José","820862","89","21",34.8,"113.5","91.4","81.9","94.9","88.2","423","197","397","41",46.1,"12",13.5,7.9
"Rodríguez, Manuel","655889","89","1.3",28.1,"110.9","87.4","74.6","92.7","85.6","403","116","371","37",41.6,"3",3.4,2.5
"Holderman, Colin","670059","89","8.7",29.2,"110.5","89.6","78.7","93.1","87.7","409","134","389","39",43.8,"5",5.6,4
"Oviedo, Johan","670912","89","22.9",30.3,"113.2","87.8","75.7","91.6","86.6","415","185","396","33",37.1,"6",6.7,4
"Hodge, Porter","687863","89","14.2",37.1,"107.9","89.3","79.5","91.8","86.4","458","181","398","34",38.2,"8",9,5.4
"Chafin, Andrew","605177","88","12.8",27.3,"109.7","87.3","76.5","89.6","87.2","407","141","403","33",37.5,"3",3.4,2.1
"Gillispie, Connor","687362","88","16.5",35.2,"115","91.4","80.5","97","86.6","417","168","386","44",50,"11",12.5,8.9
"Bowman, Matt","621199","88","12.7",40.9,"110.2","88.4","76.7","93.2","83.4","410","178","392","31",35.2,"8",9.1,7
"Taylor, Grant","691799","88","11.3",36.4,"112.2","90.5","79.6","93.2","88.6","415","150",,"44",50,"5",5.7,3.2
"Simpson, Josh","681006","87","5.1",28.7,"114.2","90.4","80.1","94.1","88.2","431","134","400","39",44.8,"6",6.9,4.1
"Snider, Collin","676092","87","13",35.6,"116.5","90.3","78.4","95.5","85.5","421","169","390","41",47.1,"11",12.6,9.2
"Gibaut, Ian","664139","86","19.9",36,"107.9","88.4","78.3","92","85.9","415","175","393","29",33.7,"9",10.5,8.3
"Fulmer, Carson","608334","86","15",23.3,"114","88.9","77.8","95.4","85.3","424","161","397","34",39.5,"10",11.6,8.1
"Ramírez, Yohan","670990","86","13.7",39.5,"111","89.6","78.1","93.5","84.9","426","179","413","39",45.3,"12",14,8.1
"Murphy, Chris","669684","85","9.7",23.5,"108.2","89.1","77.7","96.9","85.3","412","135","393","41",48.2,"7",8.2,5.1
"Booser, Cam","592155","85","20.5",35.3,"110","90.6","80","94","88.1","417","189","398","36",42.4,"12",14.1,8.5
"Fernandez, Ryan","681676","84","13.2",29.8,"111","89.1","78.2","91.5","88.9","434","160","400","36",42.9,"9",10.7,6.9
"Saalfrank, Andrew","685314","84","12.4",34.5,"110","88.9","78.5","93.6","86.4","434","168","434","34",40.5,"6",7.1,5.3
"Nance, Tommy","667297","84","4.6",33.3,"110.7","89.5","77.3","92.2","87.5","407","133",,"39",46.4,"7",8.3,5.7
"Miller, Erik","669062","83","9.2",30.1,"110","87.8","77.5","92.2","85.9","389","133",,"27",32.5,"3",3.6,2.3
"Enright, Nic","663671","83","19.9",32.5,"110.8","87.8","77.4","89.7","87.4","403","179","363","30",36.1,"5",6,3.9
"Wolfram, Grant","664991","83","13.3",36.1,"110.1","87.3","76","91.3","86.7","398","153","350","30",36.1,"3",3.6,2.4
"Hill, Jaden","677955","82","10.9",31.7,"114.9","86.7","74.3","92.9","79.4","485","167","439","29",35.4,"2",2.4,1.6
"Brubaker, JT","664141","82","14.9",37.8,"111.5","89.6","79.1","93.7","88.8","396","162",,"37",45.1,"5",6.1,4.3
"Payamps, Joel","606303","82","17.8",41.5,"112.3","90","78.3","94","82.4","423","213","392","33",40.2,"14",17.1,12
"Backhus, Kyle","679775","82","13.1",43.9,"109.2","89.1","79","93.1","84.9","406","169","372","29",35.4,"4",4.9,3.5
"Brasier, Ryan","518489","80","9.4",35,"112.3","88.9","77.5","94","84.3","434","160","405","35",43.8,"5",6.3,4.8
"Altavilla, Dan","656186","80","9.6",28.7,"113.2","86.3","74.8","93.6","80.5","429","136","400","25",31.3,"7",8.8,5.8
"López, Jorge","605347","79","8.9",40.5,"108.5","91.9","82","93.4","90.8","411","161","411","40",50.6,"5",6.3,4.8
"Veneziano, Anthony","685107","79","9.5",31.6,"113.9","91.3","79.7","92.5","90.4","426","155","412","37",46.8,"9",11.4,7.7
"Ginkel, Kevin","656464","77","12.2",28.6,"116.2","89.7","78.7","94.6","87","426","169","413","35",45.5,"8",10.4,6.6
"Ribalta, Orlando","687377","77","18.5",36.4,"112.7","85.9","73.4","93.6","78.8","451","180","404","25",32.5,"9",11.7,7.5
"Holman, Grant","680880","76","9.5",34.2,"113.5","88.7","77","94.4","83","426","171","414","34",44.7,"9",11.8,8.7
"Teng, Kai-Wei","678906","76","14.5",36.8,"109.4","89.4","80.1","89.7","89.5","428","170","407","24",31.6,"3",3.9,2.2
"Brieske, Beau","689225","75","15.6",26.7,"110","89.4","78.1","94.7","85.6","394","174","378","38",50.7,"6",8,5.8
"Barnett, Mason","686930","74","16.8",37.8,"113.5","88.5","76.5","94","83.2","394","181","360","32",43.2,"8",10.8,7.7
"Alvarado, José","621237","74","8.8",37.8,"111.4","92.7","82.4","96.3","89.9","417","157","394","35",47.3,"9",12.2,7.9
"Roycroft, Chris","688297","73","6.9",24.7,"110.8","92.1","81.8","98.1","87.3","430","148","411","34",46.6,"8",11,7.9
"Cox, Austin","680735","73","9.1",30.1,"111.1","90.3","78.8","93.7","87.4","439","180","399","35",47.9,"12",16.4,11.8
"Hagenman, Justin","663795","73","15.8",35.6,"110.4","92.1","82.7","95","90.1","437","181","413","37",50.7,"9",12.3,9.1
"Schultz, Paxton","687606","73","18.4",34.2,"111.7","91.1","82.1","95","88.3","421","166","377","26",35.6,"8",11,7.3
"Lucas, Easton","687922","73","17.4",37,"111.7","91.2","81","95.9","86.3","444","178","409","32",43.8,"8",11,7.4
"Reynolds, Sean","669308","72","13.9",38.9,"110.8","90.3","79.6","95.9","81.6","428","190","402","31",43.1,"8",11.1,6.8
"Brzykcy, Zach","694350","72","21.5",41.7,"111","90.9","81.3","93.6","86.3","435","206","390","32",44.4,"6",8.3,5.5
"Brebbia, John","605154","72","21.5",31.9,"113.5","90.1","78.4","92.5","89","418","182","390","33",45.8,"7",9.7,6.1
"Stratton, Chris","608717","72","9.4",36.1,"109.4","87.3","75.3","92.5","83.4","425","158","403","26",36.1,"7",9.7,6.7
"Neris, Héctor","593576","72","23.7",38.9,"112","91.4","81.6","94.3","88.3","408","193","399","32",44.4,"10",13.9,8.1
"Whisenhunt, Carson","687931","72","13.3",34.7,"117.5","92.4","82.3","94.8","91.5","422","172","397","35",48.6,"9",12.5,8.8
"Farris, Mitch","815083","71","20.6",49.3,"110.6","90.5","79.3","93.5","86","422","214","395","31",43.7,"8",11.3,7.5
"Brown, McCade","685326","71","14.5",40.8,"111.6","92","83.1","95.2","88.2","441","185","401","31",43.7,"6",8.5,5.4
"Tonkin, Michael","543859","71","15.6",35.2,"111.3","91.4","82.4","94.7","87.1","446","196","425","31",43.7,"6",8.5,5.8
"Treinen, Blake","595014","71","18.1",38,"109","86.4","74.4","89.8","83.8","422","183","402","26",36.6,"5",7,4
"Lawrence, Casey","596271","71","15.1",42.3,"110.6","89.3","77.5","94.9","84.6","406","170","406","31",43.7,"9",12.7,11.3
"Chandler, Bubba","696149","71","4.7",42.3,"120","91.5","82.4","95.9","86.5","418","175","396","31",43.7,"7",9.9,6.8
"Bautista, Félix","642585","69","9.4",30.4,"110.5","87.9","75.4","99.2","80.8","421","140","403","29",42,"6",8.7,4.2
"Dana, Caden","702674","69","16.9",34.8,"108.3","90","80","90.4","89.5","409","186","393","27",39.1,"7",10.1,6.1
"Pérez, Cionel","672335","69","3.4",18.8,"108.6","90.6","81.1","92.1","90.4","387","119","377","31",44.9,"2",2.9,1.8
"Poulin, PJ","676571","68","13.8",35.3,"107.1","89.3","79.6","90.8","89.1","419","165","387","28",41.2,"3",4.4,2.8
"Pilkington, Konnor","663455","68","17.5",50,"110.6","90.3","79","95.6","78.4","456","224","416","29",42.6,"11",16.2,9.2
"Blubaugh, AJ","805123","68","21.8",27.9,"112.1","90.6","80.1","93.7","88.1","439","200","401","29",42.6,"8",11.8,7.3
"Alvarez, Andrew","674841","67","7.7",25.4,"113","88.2","77.1","90.8","88.2","384","123","384","25",37.3,"2",3,2
"Strickland, Hunter","519326","67","18.6",35.8,"110.6","89.5","80.3","92.4","86.6","413","187","408","27",40.3,"4",6,4.4
"Strowd, Kade","669704","66","4.7",19.7,"111.4","86.1","73.7","88.4","84.6","394","128","394","21",31.8,"1",1.5,1
"Criswell, Cooper","681867","66","7.4",31.8,"110.3","86.7","74.4","88.7","87.1","430","141","388","25",37.9,"4",6.1,5
"Granillo, Andre","701552","65","25",33.8,"110.5","87.6","77.7","93","79.2","429","195","391","18",27.7,"6",9.2,6.6
"Steele, Justin","657006","65","10",33.8,"111.7","92","82.1","96.5","87.6","430","165","387","31",47.7,"6",9.2,6.5
"Dunning, Dane","641540","64","13.9",42.2,"113.7","88.3","75.6","93.3","82.4","424","174","391","30",46.9,"7",10.9,7.4
"Rodríguez, Elvin","660730","64","21.9",54.7,"111.4","89","76.8","95","69.6","451","241","402","31",48.4,"13",20.3,14.4
"Shuster, Jared","694363","63","10.2",34.9,"110.8","84.8","71.5","90.9","78.8","390","156",,"18",28.6,"3",4.8,3.7
"McFarland, T.J.","519008","63","4.4",33.3,"110.8","91.9","82.1","96.5","89.4","431","130","415","27",42.9,"6",9.5,8.1
"Stratton, Hunter","676702","63","21.5",41.3,"108.7","89.2","78.2","91.1","87.2","446","190","405","26",41.3,"4",6.3,4.5
"Alexander, Scott","518397","63","8.5",33.3,"111.1","90.8","78.7","96.4","88","466","156","412","34",54,"9",14.3,11.1
"Wells, Tyler","669330","62","23.9",24.2,"107.9","90.5","80.1","95.2","88.8","393","193","380","30",48.4,"9",14.5,11
"Tinoco, Jesus","622786","62","12.8",29,"110.9","88.1","78.8","92.6","86.4","406","138","406","16",25.8,"1",1.6,1.3
"Merryweather, Julian","657240","62","10.7",35.5,"114","93.4","85.2","95.7","90.8","400","159","391","32",51.6,"6",9.7,6.8
"Peralta, Luis","678821","62","15.7",41.9,"112.8","94.1","85","95.6","91.9","474","206","428","32",51.6,"6",9.7,6.2
"Raley, Brooks","548384","61","21",31.1,"105.5","87.6","78.4","91.4","85.7","373","172",,"21",34.4,"0",0,0
"Zastryzny, Rob","642239","61","16.9",32.8,"111.5","86.3","75.9","91.4","83.3","452","162","425","15",24.6,"3",4.9,3.3
"Sulser, Cole","642121","61","14.1",31.1,"113.4","90","80.2","92.3","91","369","159","366","29",47.5,"1",1.6,1.1
"Jarvis, Bryce","686826","61","20.9",31.1,"117.4","91.3","82","97","90.9","404","189","394","27",44.3,"5",8.2,5.5
"Bachman, Sam","696147","61","6.3",24.6,"111.4","87.9","75","92.3","87.1","398","123","376","26",42.6,"1",1.6,1.1
"Graveman, Kendall","608665","60","8.7",45,"111.5","90.3","78.4","95.9","85.2","407","169","367","30",50,"6",10,7.3
"Bradish, Kyle","680694","59","20.3",45.8,"113.4","90.5","80.6","94.6","87.3","372","184","368","24",40.7,"5",8.5,4.6
"Peguero, Joel","666711","59","7.6",23.7,"107.4","89.6","79","93.3","86.4","403","148","390","26",44.1,"4",6.8,4.8
"Lara, Andry","691251","59","5.7",35.6,"109.7","91.8","83.1","93.7","90","419","144","406","26",44.1,"5",8.5,6.4
"Henderson, Logan","701656","58","28.2",41.4,"122.9","89.5","79.9","92.8","89.4","432","194","404","19",32.8,"5",8.6,5.1
"Sproat, Brandon","687075","58","6.5",34.5,"111.3","87.9","75.8","92.2","86","387","131",,"22",37.9,"2",3.4,2.4
"Tidwell, Blade","694918","57","18.6",35.1,"106.5","86.8","76.7","91.1","81.9","402","159","394","14",24.6,"4",7,5.1
"Pearson, Nate","663878","57","19.4",33.3,"111.4","91","81.2","94.3","91.8","400","182","380","26",45.6,"4",7,5.3
"Mey, Luis","682825","57","10.3",33.3,"116.2","89","77.8","90.1","89.8","399","141","378","21",36.8,"5",8.8,5.2
"Tong, Jonah","804636","56","14.7",37.5,"113.4","89.3","78.2","90.6","88.2","412","177","398","24",42.9,"8",14.3,9.2
"Gibson, Kyle","502043","56","10.5",35.7,"107.9","93.8","85.6","95.9","91.6","435","189","397","34",60.7,"8",14.3,11
"Ruiz, José","614179","55","12",32.7,"110.3","88","74.6","95.7","78.6","412","164","387","21",38.2,"4",7.3,5.1
"Kriske, Brooks","621139","55","12.8",38.2,"110.6","89.1","78.3","92","86.3","379","166","360","23",41.8,"3",5.5,3.4
"Murdock, Noah","668716","55","11.5",36.4,"105.8","88.3","77.5","91.7","86.6","403","164",,"22",40,"4",7.3,4.1
"Martin, Corbin","656686","55","11.9",30.9,"108.7","91.6","82.6","92","92.4","408","147","397","28",50.9,"6",10.9,6.7
"Henriquez, Edgardo","683618","55","10.8",30.9,"111.8","88.2","76.8","93.3","85.7","410","149","408","21",38.2,"5",9.1,6.7
"Sabrowski, Erik","681870","54","25.4",38.9,"109.9","89.6","79.2","92.2","87.2","409","191","404","22",40.7,"2",3.7,1.7
"Headrick, Brent","687396","54","21",37,"111.2","91.1","81.5","93.2","85.7","419","186","400","23",42.6,"5",9.3,5.4
"Eder, Jake","671109","53","23.7",35.8,"112","90.4","80.4","92.8","89.2","439","183","408","20",37.7,"6",11.3,7.7
"Hjelle, Sean","663546","53","9.9",34,"110.3","90.6","79.6","96.3","86.1","424","144","412","26",49.1,"4",7.5,5.5
"Hiraldo, Yaramil","682274","53","21.9",26.4,"109.5","85.7","73.8","92.1","80.8","424","157","397","16",30.2,"4",7.5,4.9
"Petersen, Michael","656848","52","19.4",51.9,"111.6","91.8","81.5","94.8","86.9","439","219","427","27",51.9,"5",9.6,6.6
"Mederos, Victor","682989","52","16.6",42.3,"105.3","91","82.5","92.8","90.2","399","190","390","23",44.2,"5",9.6,6.2
"Beeter, Clayton","690925","52","20.5",40.4,"108.2","88.4","78.4","93.8","83.5","418","168","395","17",32.7,"5",9.6,4.9
"García, Yimi","554340","52","13.8",38.5,"112","91.1","82.4","93","90","440","167","418","21",40.4,"5",9.6,5.6
"Suarez, José","660761","51","7.3",23.5,"110.6","89.2","77.1","93.9","86","421","148","421","26",51,"4",7.8,5.3
"Mayza, Tim","641835","51","6.3",29.4,"108.2","89.8","80.5","93.6","87.5","403","140","396","23",45.1,"3",5.9,4.2
"Sewald, Paul","623149","51","30.1",41.2,"108.5","88.4","77.5","93.4","76","434","236","403","19",37.3,"8",15.7,10.7
"Johnson, Ryan","696270","51","13.2",33.3,"106","86.7","75","87.8","86.6","397","145","383","18",35.3,"4",7.8,5.6
"Díaz, Alexis","664747","51","17",47.1,"110.9","88.3","77","95.2","74.4","410","207","391","18",35.3,"9",17.6,10.6
"González, Wikelman","682790","50","21.6",36,"106.4","91.3","83.7","90.8","93.2","408","187","408","19",38,"3",6,3.4
"Loutos, Ryan","702795","50","8.4",42,"112.1","92.5","83.5","96.5","88.4","447","166","394","26",52,"5",10,7.4
"Curvelo, Luis","681168","50","20.3",24,"110.1","84.9","71.6","90.7","77.4","417","176","386","16",32,"3",6,3.8
"Moll, Sam","594580","49","16.1",30.6,"110.2","92.9","82.7","96.5","92.8","410","169","377","25",51,"4",8.2,4.9
"Phillips, Connor","683175","49","20.3",34.7,"109.5","92.9","84.5","94.2","97","431","201","420","20",40.8,"8",16.3,8.8
"Anderson, Nick","623433","49","15.8",34.7,"107","87","77.4","89.5","85","409","176","380","15",30.6,"4",8.2,6.5
"McGough, Scott","543518","49","19.5",34.7,"109","91.8","82.2","94.9","90.1","422","197","385","24",49,"9",18.4,12.7
"Fuentes, Didier","800311","49","21",44.9,"112.2","93.5","85.3","95.2","93.3","436","212","407","28",57.1,"7",14.3,10.1
"Kowar, Jackson","663804","48","24.7",22.9,"110.9","91.8","81.2","93.9","92.3","426","194","389","24",50,"5",10.4,7
"Guerrero, Luis","692285","48","12.3",39.6,"112.8","88.4","77.5","89.9","86.5","401","159",,"16",33.3,"3",6.3,4.2
"Sanoja, Javier","691594","48","23.8",39.6,"108.9","87.3","74.5","91.6","81.2","415","209","381","19",39.6,"4",8.3,7.4
"Saucedo, Tayler","642048","47","5.6",31.9,"108.7","91.2","81","91.9","90.7","430","142","417","24",51.1,"4",8.5,6.1
"Mantiply, Joe","573009","46","6.3",39.1,"111","89.4","79.1","92.9","84.8","440","169","390","16",34.8,"5",10.9,8.6
"Robertson, David","502085","46","8.2",39.1,"113.4","87.9","76.7","94.5","81.7","430","164","401","17",37,"5",10.9,6.8
"Gray, Jon","592351","45","25.1",44.4,"115","91.6","82.2","95.1","84.3","427","234","398","21",46.7,"8",17.8,12.7
"Wicks, Jordan","696136","45","6.3",42.2,"110.3","90","79.3","94.5","88.8","386","134","383","18",40,"3",6.7,5.5
"Herget, Kevin","643361","45","20.3",26.7,"104","87.2","77.5","91.3","82.6","365","192",,"18",40,"0",0,0
"Whitley, Forrest","666215","45","20.4",51.1,"111.5","93","82.7","93.6","97.5","435","206","393","25",55.6,"6",13.3,9.1
"Tolle, Payton","801139","45","16",37.8,"111.9","89.2","78.6","92.7","85.2","417","188","382","18",40,"3",6.7,4.2
"Murfee, Penn","682171","44","13.9",47.7,"109.6","89.5","78.5","93.1","87.5","423","200","413","16",36.4,"5",11.4,7.9
"Devenski, Chris","606965","44","8",36.4,"108.5","84.7","71.2","94.8","73.3","404","161","404","15",34.1,"5",11.4,7.7
"McGee, Easton","668834","44","6.7",36.4,"107.7","91.5","81.4","95","87.7","401","161","401","21",47.7,"4",9.1,6.5
"Selby, Colin","681882","44","7.4",36.4,"112.9","90.8","79.9","96","86.5","399","169","366","22",50,"6",13.6,10
"McDonald, Trevor","686790","44","7.8",31.8,"109.3","89.3","79.9","91.8","87.9","427","143","427","17",38.6,"2",4.5,3.3
"Sisk, Evan","681895","43","9.5",23.3,"107.9","87.1","76","91","84.8","403","147","365","18",41.9,"2",4.7,2.5
"Sandlin, Nick","680704","43","22.4",32.6,"111.3","88.2","76.6","92.4","90.4","431","151","431","18",41.9,"2",4.7,2.9
"Kent, Zak","687849","43","11.7",39.5,"103.9","86.5","78.1","88.2","84.8","350","153",,"10",23.3,"0",0,0
"Effross, Scott","664123","42","6",28.6,"111.3","86.4","72.8","94.7","78.7","381","148","360","19",45.2,"2",4.8,3.9
"Moreta, Dauri","664294","42","22.3",40.5,"106.1","89.6","80.6","90.9","88.5","439","194","412","13",31,"4",9.5,5.9
"Anderson, Shaun","641312","42","19",31,"109.5","91.2","82.4","94.6","87.3","431","201","390","16",38.1,"7",16.7,12.5
"Estes, Joey","683155","42","26.3",38.1,"109.5","88.5","79.6","91.3","88.1","417","211","386","14",33.3,"5",11.9,9.1
"Contreras, Roansy","672710","42","24.2",28.6,"105.8","89.6","80.7","94","87","422","182","402","17",40.5,"5",11.9,9.8
"Burgos, Juan","686228","42","12.8",31,"112.4","88.1","76.7","95.4","83.5","408","152","396","15",35.7,"6",14.3,9.2
"Bigge, Hunter","685801","42","13",45.2,"110.5","92.8","83.2","96","92.2","403","189","396","22",52.4,"5",11.9,8.3
"Spiers, Carson","686730","41","22.3",29.3,"110.2","93.9","84.6","97.4","93.5","432","202","397","20",48.8,"5",12.2,8.3
"Hudson, Bryan","663542","41","13.2",34.1,"110.3","90.8","81.7","93.7","90.7","397","159","377","15",36.6,"3",7.3,4
"Garcia, Brandyn","805299","40","0.9",30,"109.5","91","79.4","94.5","87.6","401","129",,"21",52.5,"1",2.5,1.6
"Miley, Wade","489119","40","15.3",40,"109.3","92.5","83.5","94.8","90.8","408","183","388","18",45,"5",12.5,9.1
"Rashi, Taylor","688497","40","12.2",35,"112","89.8","79","93.4","87.7","406","160",,"18",45,"2",5,2.9
"Zuber, Tyler","676604","39","15.4",53.8,"109.4","88.3","76.8","92.5","79.8","422","205","389","16",41,"6",15.4,10.2
"Hendriks, Liam","521230","39","18.3",41,"110.5","92.2","83.2","97.6","84","418","194","403","20",51.3,"4",10.3,6.8
"VanWey, Logan","701121","38","13.7",39.5,"103.3","90.3","81.5","93.5","89.5","394","156","373","17",44.7,"2",5.3,4.1
"Arias, Luarbert","678215","38","17.6",57.9,"113.2","94.4","86.3","96","93.3","400","221","395","18",47.4,"6",15.8,10.9
"Bruihl, Justin","677865","38","7.8",34.2,"111.2","87.5","76.8","91.2","83.7","391","142","390","12",31.6,"3",7.9,4.8
"Sims, Lucas","608371","38","14.1",28.9,"110.3","86.7","73.7","92.9","79.3","415","158","400","15",39.5,"4",10.5,5.6
"Davis, Noah","663562","37","13.4",51.4,"111.6","89.2","75.3","97.7","78.8","454","204","408","19",51.4,"8",21.6,12.3
"Klein, Will","694361","37","5.3",40.5,"108.3","89","76.6","93.9","84.1","376","142",,"16",43.2,"2",5.4,2.9
"Winckowski, Josh","670174","37","6.1",35.1,"110.8","89.9","78.3","97.2","85.6","395","149",,"20",54.1,"5",13.5,9.6
"Thompson, Mason","666168","37","14.4",40.5,"112.5","88.8","77.3","96.3","87.2","399","165","399","14",37.8,"3",8.1,5
"Peralta, Sammy","671111","36","19",25,"111","90.6","78.6","91.4","92.6","343","157",,"17",47.2,"1",2.8,2
"Darnell, Dugan","699911","36","13.6",27.8,"109.9","90.1","80.3","90.1","89.8","405","153","390","15",41.7,"1",2.8,2
"Anderson, Ian","666120","36","13.4",36.1,"115.8","88.3","74.9","91.7","86.8","372","152","371","15",41.7,"3",8.3,5.9
"Smith, Dylan","681916","36","12.9",30.6,"106.1","86.5","75.3","92.3","83.5","359","132",,"12",33.3,"3",8.3,6.3
"Harrington, Thomas","802419","36","12.9",30.6,"111.7","90.9","80","94.2","88.9","403","184","390","16",44.4,"4",11.1,8
"Bowden, Ben","641386","35","19",40,"106.7","90.4","80.8","93.6","87.3","436","208","427","17",48.6,"6",17.1,12.8
"Lao, Sauryn","666659","35","10.3",34.3,"111.2","92.5","82.8","95.5","90.1","422","155","381","17",48.6,"3",8.6,6.5
"Winans, Allan","642216","35","12.8",31.4,"110.6","91.4","79.8","94","89.7","424","176","393","20",57.1,"4",11.4,8.7
"Hoffmann, Andrew","694851","35","16.2",25.7,"109.1","88","76.7","91.4","82.9","436","195","425","13",37.1,"3",8.6,5.4
"Ramírez, Erasmo","541640","35","17.8",42.9,"113.6","85.1","71.5","89.6","79.4","375","180","372","11",31.4,"3",8.6,7.1
"McDaniels, Garrett","680729","35","1.5",22.9,"109.5","89","76.6","86.9","89.9","386","99","384","15",42.9,"4",11.4,8
"Lawrence, Justin","664875","35","11.7",31.4,"109.7","86.7","76.4","87.6","87.5","395","140",,"9",25.7,"5",14.3,7.6
"Núñez, Eduarniel","674384","35","22",42.9,"102.7","85.4","75.6","90.3","73","398","208","398","9",25.7,"2",5.7,3.3
"Lovelady, Richard","663992","35","3.8",34.3,"109.6","89.9","78.1","97.2","85","421","153","408","17",48.6,"5",14.3,8.8
"Robert, Daniel","642016","34","16.6",44.1,"106.5","88.9","79.1","91.3","87.7","389","194","357","14",41.2,"2",5.9,3.4
"Horn, Bailey","690544","33","8.9",48.5,"108.7","90.6","79.5","91.3","90.5","399","153","399","15",45.5,"1",3,2
"Pop, Zach","647315","33","3.2",36.4,"118","93.9","82.4","100.3","88.6","420","139","396","22",66.7,"5",15.2,12.8
"Hernandez, Nick","663321","33","22.8",48.5,"105.4","91","82.8","91.8","89.6","413","230","390","15",45.5,"5",15.2,9.6
"Contreras, Luis","664351","33","25.1",39.4,"109.4","88.7","79.9","92","87.2","379","201","365","10",30.3,"2",6.1,3.7
"Early, Connelly","813349","33","10.1",27.3,"107","88.7","77.8","88.3","89.8","372","127",,"14",42.4,"1",3,1.7
"Johnson, Seth","686751","33","10.6",27.3,"110.4","93.1","84.3","95.8","92.4","397","154","378","19",57.6,"3",9.1,5.6
"Leclerc, José","600917","33","14.9",45.5,"110.7","88.8","77.3","93.7","85","424","182","399","15",45.5,"4",12.1,8.7
"Ellard, Fraser","686642","32","12.5",31.3,"108.3","90","77.8","97.4","85.2","408","166","408","14",43.8,"2",6.3,2.7
"Peguero, Elvis","665625","32","9",37.5,"108.5","90.1","81.7","92.6","86.8","418","153","418","9",28.1,"2",6.3,4.3
"Rangel, Alan","660604","32","21.9",43.8,"110.2","89.9","80.3","95.8","81.8","402","206","402","13",40.6,"5",15.6,10.9
"Seabold, Connor","657756","32","18.6",31.3,"108.8","90","79.4","94.5","80.8","382","201","358","14",43.8,"5",15.6,10.4
"Basso, Brady","669620","32","5.5",12.5,"107.7","87.4","76.9","86.2","88.4","363","95",,"10",31.3,"0",0,0
"Aldegheri, Sam","691951","32","15.2",34.4,"107.2","87.1","76.1","89","85.2","427","173","427","10",31.3,"3",9.4,6.3
"Avila, Luinder","679883","32","10.7",37.5,"106.8","87","78.4","90.4","85.3","364","144",,"10",31.3,"1",3.1,2
"Suárez, Albert","544150","31","16.5",41.9,"107.1","87.5","77.8","90.2","85.8","355","183",,"10",32.3,"1",3.2,2.3
"Hill, Rich","448179","31","10.5",22.6,"110","88.5","77.1","94.7","84.1","468","162","437","12",38.7,"2",6.5,4.7
"Taylor, Troy","700187","31","22",41.9,"106.6","89.1","79.2","92.2","82.1","411","201","403","10",32.3,"3",9.7,8.1
"Winn, Keaton","676775","31","4.5",32.3,"107.8","87.4","76.5","92.6","82.9","420","153","420","12",38.7,"3",9.7,7.1
"Murray, Jayden","681151","31","18.6",32.3,"108.8","89.5","80","93.1","87.1","388","171",,"14",45.2,"4",12.9,10
"Guenther, Sean","674944","30","16.2",36.7,"111.4","90.1","78.3","96.9","83.2","362","164",,"13",43.3,"2",6.7,4.7
"Campbell, Isaiah","663462","30","3.8",33.3,"103.6","87.4","77.4","90.4","85.7","382","103","359","9",30,"1",3.3,2.9
"Bride, Jonah","681146","30","21.5",56.7,"111.9","95","88","97","94.4","396","236","396","18",60,"1",3.3,2.7
"Martinez, Justin","679885","30","7.8",30,"103.5","80.7","67.7","88.7","76.7","397","107","397","7",23.3,"1",3.3,1.5
"Chavez, Jesse","445926","30","22",43.3,"111.4","91","81.4","94.6","85","421","218","401","12",40,"5",16.7,11.6
"Roberts, Ethan","681799","30","15.3",43.3,"111.9","85.7","71.6","93.9","73.4","416","196","392","9",30,"5",16.7,12.8
"Van Belle, Brian","687003","30","18.6",36.7,"111","93.1","82.1","95.4","94","385","173","376","16",53.3,"1",3.3,2.8
"Garabito, Gerson","642520","30","6.7",46.7,"110.2","86.5","74.7","88.7","83.6","436","153","436","10",33.3,"2",6.7,4.9
"Darrell-Hicks, Michael","690382","30","14.5",50,"110.9","91.4","82.4","92.3","89.4","413","197","413","17",56.7,"5",16.7,11.6
"Castillo, Luis F.","622379","29","15.7",34.5,"108.6","86.2","74.6","90.4","80.2","398","155",,"8",27.6,"1",3.4,2.4
"La Sorsa, Joe","686747","29","22.3",51.7,"111.1","89.5","81.3","92.2","85.5","423","206","362","6",20.7,"4",13.8,12.1
"McDermott, Chayce","694646","29","16.4",34.5,"109.7","91.8","79.4","93.2","89.4","412","189","403","13",44.8,"5",17.2,9.8
"Daniel, Davis","669721","29","15.1",44.8,"109.1","92","83.8","94.5","89.7","416","194","416","13",44.8,"4",13.8,8.7
"Silseth, Chase","681217","29","12.4",31,"111.6","89.4","75.8","91","88.5","447","139","447","13",44.8,"2",6.9,4.1
"Hoeing, Bryan","663773","28","4.4",17.9,"105.4","89.3","80.8","91.3","87.5","379","135",,"10",35.7,"0",0,0
"Santos, Gregory","666619","28","6.3",21.4,"107.4","89.6","78.4","96.8","85.6","400","123",,"11",39.3,"2",7.1,5.6
"Morgan, Eli","669212","28","10.6",32.1,"111","89.6","78.7","95.4","83","416","189","385","10",35.7,"4",14.3,11.4
"Hernández, Enrique","571771","28","7.9",39.3,"108","85.5","72.9","94.1","75.6","396","169","396","9",32.1,"3",10.7,8.1
"Barnes, Jacob","606930","28","15.8",35.7,"109.8","88.5","76","97.1","77.4","430","179","430","10",35.7,"3",10.7,8.3
"Muñoz, Roddery","682610","28","17.7",46.4,"106.3","92.7","84","95.7","85.6","407","211","392","14",50,"4",14.3,7.8
"Rodriguez, Carlos","692230","28","25.1",46.4,"109.7","86.1","74.1","92.5","81.1","389","173","382","11",39.3,"2",7.1,4.9
"Kopech, Michael","656629","28","16.7",39.3,"105","88.7","80","89.2","86.8","322","165",,"11",39.3,"0",0,0
"Harvey, Hunter","640451","27","9.9",29.6,"105.7","92.4","86","91.4","95.1","337","151",,"11",40.7,"0",0,0
"Poche, Colin","621363","27","22.7",44.4,"110.2","89.5","80.4","94.1","88.8","410","220","410","14",51.9,"3",11.1,5.8
"Stephenson, Robert","596112","27","19.3",40.7,"108.3","90","81.8","94.2","81","440","207","440","9",33.3,"1",3.7,2.4
"White, Owen","669391","26","13",34.6,"111.1","91.1","80.1","88.4","94.8","397","171","397","12",46.2,"1",3.8,2.9
"Maxwell, Zach","687209","26","13.6",46.2,"104.1","92.1","83.3","95","85.5","412","201","393","15",57.7,"2",7.7,4.7
"Marinaccio, Ron","676760","26","24.6",19.2,"110","87.9","77.9","93.5","87","383","148",,"7",26.9,"2",7.7,4.8
"Hollowell, Gavin","668970","26","13.1",42.3,"107.7","86.5","76.3","88.4","85.3","396","161","381","8",30.8,"2",7.7,4.7
"Minter, A.J.","621345","25","6.7",36,"109.6","89.7","78.8","96.4","85.8","368","148",,"11",44,"3",12,7
"Sanders, Cam","676742","25","26.5",44,"108.8","88.4","77.8","91.4","81.6","427","212","421","9",36,"3",12,8.8
"Rojas, Miguel","500743","25","10.5",52,"105.6","88.7","80.2","93.2","80.5","402","191","392","8",32,"4",16,14.3
"Maeda, Kenta","628317","25","12.2",36,"109.3","91.2","83.7","91.8","92","397","170","397","9",36,"2",8,4.7
"Turnbull, Spencer","605513","25","9.9",40,"108.3","89.9","80.7","91.9","90.5","425","156","425","10",40,"2",8,6.1
"Heineman, Tyler","623168","25","9",52,"107.2","94.9","88","96.8","92.1","406","184","406","15",60,"3",12,11.1
"Zimmermann, Bruce","669145","25","3.3",24,"105.9","90.2","80.5","91.7","89.3","369","140","366","9",36,"1",4,3.6
"Gervase, Paul","801434","25","30.5",24,"106.9","91.6","82.6","92.7","85.8","393","242","389","11",44,"2",8,5.1
"Garza, Justin","621057","24","17.5",29.2,"107.8","90.2","78.6","90.7","90.3","428","156","428","11",45.8,"2",8.3,7.1
"Núñez, Dedniel","673380","24","26.8",41.7,"112.1","91.5","81.4","97.6","89.7","372","220","366","11",45.8,"3",12.5,7.3
"Yoho, Craig","684974","24","12.1",20.8,"112.7","88.7","78.6","92.5","86.3","367","153","367","7",29.2,"1",4.2,2.4
"Petty, Chase","695534","24","22.6",54.2,"113.1","91.2","79.7","94","85.6","421","190","396","10",41.7,"3",12.5,7.5
"Kimbrel, Craig","518886","24","18.4",33.3,"107.5","87.1","73.7","92.4","80.9","395","199","382","9",37.5,"2",8.3,4.3
"Yesavage, Trey","702056","24","7.4",33.3,"113.8","93.7","84.6","98.1","90","373","174",,"16",66.7,"3",12.5,7.5
"Thomas, Connor","671162","23","13.7",52.2,"109.5","93.2","81.9","96.7","90.3","442","184","421","13",56.5,"3",13,9.7
"Matzek, Tyler","554431","23","19.1",52.2,"112.5","95.1","86.8","97.7","93.2","379","224",,"12",52.2,"4",17.4,11.4
"Zulueta, Yosver","691172","23","12.6",30.4,"107.1","89.8","77.7","95.3","80.1","384","180","363","10",43.5,"3",13,9.4
"Scholtens, Jesse","669947","23","13.1",30.4,"110.4","90.4","80.1","91.5","90.7","376","171","362","9",39.1,"2",8.7,5.3
"Bauers, Jake","641343","23","26.4",34.8,"108.9","87","76.5","93.3","85.5","359","187",,"8",34.8,"2",8.7,6.9
"Rainey, Tanner","663432","22","10.5",31.8,"111.2","90.7","78.2","94.3","87.5","333","134",,"10",45.5,"1",4.5,2.5
"Estrada, Lazaro","681751","22","18.7",40.9,"108.9","89.2","79.8","91.5","81.7","402","215","402","7",31.8,"3",13.6,8.6
"Gillaspie, Logan","670810","22","6.2",50,"110.7","92.1","83.4","95.3","88.9","407","166","407","10",45.5,"1",4.5,3.2
"López, Reynaldo","625643","22","5.7",45.5,"112.2","90.6","79.5","95.4","83.7","410","159","410","11",50,"1",4.5,4
"Richards, Trevor","670950","22","14.7",50,"106.9","85.1","75.2","90.9","72.9","343","172",,"5",22.7,"0",0,0
"Maldonado, Anthony","687424","21","18.6",57.1,"117.5","94.9","87.3","96.8","86.7","383","248","380","13",61.9,"5",23.8,15.2
"Suero, Wander","593833","21","24",28.6,"108.9","86.5","75.5","93.7","76.8","420","199","397","6",28.6,"3",14.3,9.4
"Swanson, Erik","657024","21","27.9",47.6,"108.2","86.1","74.1","89","81.1","385","215","379","7",33.3,"2",9.5,6.7
"Warren, Austin","681810","21","15.9",42.9,"107.5","89.2","78.2","94","88.5","370","191","356","9",42.9,"1",4.8,2.9
"Clevinger, Mike","605182","20","8.1",25,"114.5","91","80.9","92","90.1","347","156",,"9",45,"2",10,6.5
"Young, Danny","664849","20","-2.8",30,"108.7","86.9","77","91.7","84.1","332","87",,"6",30,"0",0,0
"Martinez, Seth","661527","20","25.5",50,"110.6","92.4","83","95.6","86.3","409","235","403","9",45,"6",30,22.2
"Williams, Luke","663897","20","24.4",50,"102.2","90.4","81.3","93.7","93.3","393","209","393","9",45,"1",5,4
"Puk, A.J.","640462","20","19.3",40,"107.8","86.7","77.2","91.9","80","403","187","370","5",25,"1",5,2.9
"Rock, Joe","697812","20","4.6",30,"107.3","91.2","80.3","91.5","90.9","390","139","390","10",50,"1",5,2.9
"Weems, Jordan","607179","20","21.5",50,"111.8","91.5","83.2","93.7","89.7","348","196",,"9",45,"1",5,4.3
"Tate, Dillon","622253","19","16.7",42.1,"106","85.3","74.3","93.7","72.3","394","188","393","5",26.3,"2",10.5,5.9
"McKenzie, Triston","663474","19","20.7",52.6,"110.8","93.4","84.4","95.5","92.6","397","228","396","9",47.4,"4",21.1,13.3
"Garcia, Luis","677651","19","33",15.8,"110.1","85.7","72.2","98.7","71","396","153","368","5",26.3,"3",15.8,11.1
"Fulmer, Michael","605242","18","28.8",50,"109.5","89.3","78.1","92.6","87.9","405","226","392","6",33.3,"4",22.2,17.4
"Castro, Miguel","612434","18","10.4",22.2,"107","88.3","79.1","93.5","86.1","383","167","383","6",33.3,"1",5.6,3.6
"Miller, Bobby","676272","18","9.3",55.6,"107","91","80.2","96.4","77.1","418","211","394","8",44.4,"3",16.7,10.7
"Feyereisen, J.P.","656420","18","17.2",44.4,"108.5","87.7","77.5","89.7","84.4","415","188","405","6",33.3,"3",16.7,13
"Joyce, Ben","690829","18","9.5",38.9,"106.9","90.8","81.8","94.6","85.3","398","183","375","6",33.3,"2",11.1,9.5
"Kingery, Scott","664068","17","19",52.9,"106.3","93.9","88","97.6","90","389","228","387","8",50,"3",17.6,16.7
"Laweryson, Cody","689520","17","17.2",29.4,"102.8","86.9","76.7","91.8","91.5","352","133",,"6",35.3,"0",0,0
"Ragsdale, Carson","685068","16","15.3",43.8,"109.3","90.2","78.4","92.6","82.9","404","210","404","8",50,"2",12.5,10.5
"Otañez, Michel","671305","16","20.4",31.3,"110.1","93.8","84.8","89.8","99","417","191","395","8",50,"3",18.8,10.7
"Waldron, Matt","663362","16","-2.5",37.5,"105.8","90","79.9","94.1","85.9","407","143","372","8",50,"2",12.5,8
"Dobnak, Randy","677976","16","11.8",31.3,"112.7","94.4","84.4","98","92","409","167","409","9",56.3,"1",6.3,5.3
"Hahn, Jesse","534910","16","-4.9",31.3,"108.3","94.5","86.3","103","91.4","372","89","372","9",56.3,"1",6.3,4
"Newman, Kevin","621028","16","38.5",37.5,"108.5","89.1","78.7","94","84","437","269","436","6",37.5,"4",25,25
"McCaughan, Darren","670766","16","27.2",37.5,"112.8","87.1","74","87.4","91","376","211",,"7",43.8,"1",6.3,4.3
"Henry, Tommy","674072","16","1.7",37.5,"114.6","94.8","82.8","101.5","90.2","391","145","386","10",62.5,"4",25,15.4
"Koss, Christian","683766","16","19.5",50,"106.2","88.9","81","89","88.7","369","204",,"5",31.3,"1",6.3,6.3
"Edwards Jr., Carl","605218","15","19.1",26.7,"111.1","85.5","74.3","95","76.3","409","189","409","4",26.7,"1",6.7,4.2
"Pereda, Jhonny","640902","15","20.4",40,"105.7","90.3","80.6","90.6","92.7","417","199","417","7",46.7,"1",6.7,5
"Monteverde, Patrick","687287","15","22.8",33.3,"108.4","88.6","80.6","88.6","91.5","338","189",,"4",26.7,"1",6.7,5
"Rodriguez, Bradgley","699134","15","20.3",26.7,"105.5","81.3","69","91.9","74.5","336","117",,"3",20,"0",0,0
"Berti, Jon","542932","15","25.2",60,"111.4","94.9","88.6","96.3","94.8","373","242",,"9",60,"2",13.3,10.5
"Rogers, Jake","668670","15","12.4",46.7,"104.9","89.8","78.8","97.5","83.8","396","176",,"8",53.3,"3",20,18.8
"Mena, Cristian","691441","15","4.7",33.3,"107.3","86.8","74.7","89","82.8","418","111","418","7",46.7,"1",6.7,3.8
"Peraza, Oswald","672724","15","11.8",33.3,"109.5","90.5","83.2","91.7","88.9","386","172","386","5",35.7,"1",6.7,6.3
"Carrillo, Alex","692024","15","30.5",40,"107.3","93.2","84.8","95.1","92.1","406","253","398","6",40,"4",26.7,18.2
"Burdi, Nick","595897","14","-2.7",35.7,"107.6","92.3","82.6","91.8","92.8","354","118",,"6",42.9,"0",0,0
"Hedges, Austin","595978","14","11.3",50,"110.4","100","95.4","99","101.9","346","187",,"12",85.7,"1",7.1,6.3
"Capra, Vinny","681962","14","26",42.9,"107.7","93.3","85.5","94.7","88.1","370","234","370","8",57.1,"4",28.6,26.7
"Black, Mason","696131","14","18.9",35.7,"108.5","88.6","76.6","98.9","74","471","203","425","7",50,"2",14.3,10.5
"Phillips, Evan","623465","14","10.1",21.4,"98.7","84.6","75.1","92.4","84","292","99",,"4",28.6,"0",0,0
"Heuer, Codi","676051","14","9.6",21.4,"107.6","92.8","82.9","100.3","87.8","398","151","390","7",50,"3",21.4,14.3
"Walker, Josh","677020","14","18.7",42.9,"112.2","90.7","75","99.4","88.4","354","154",,"8",57.1,"3",21.4,12
"Brigham, Jeff","656257","14","15.2",57.1,"115.9","91.6","79.8","94.5","89.7","450","187","450","8",57.1,"1",7.1,5.6
"Vázquez, Luis","676679","13","9.8",23.1,"103.7","93.7","88.3","95.4","92.9","372","151",,"8",66.7,"1",7.7,7.1
"Poteet, Cody","547001","13","16.6",38.5,"107.1","89.6","81.1","93.9","82.9","386","212",,"4",30.8,"1",7.7,6.3
"Tarnok, Freddy","676206","13","1.8",15.4,"107","88.6","79.1","95.9","89.1","362","113","362","5",38.5,"0",0,0
"Hartlieb, Geoff","664129","13","19.6",61.5,"113.3","96.7","86.7","101.8","89.3","420","230","407","8",61.5,"5",38.5,20.8
"Misiewicz, Anthony","664948","12","21.3",41.7,"103.5","95.6","89.7","98.1","88.4","425","252","410","8",66.7,"3",25,15
"Piña, Robinson","673820","12","13.2",50,"109.6","88","72.8","96","72.9","430","187","430","6",50,"1",8.3,7.1
"Church, Marc","687847","12","16.2",41.7,"111","93.4","83.1","99.9","88.4","377","194",,"6",50,"4",33.3,17.4
"Nikhazy, Doug","680951","12","21.6",58.3,"109.7","97","89.9","99.9","94.7","385","222",,"7",58.3,"2",16.7,8.7
"Curry, Xzavion","675540","12","17.8",16.7,"101.1","86","77.1","86.7","89.9","363","156",,"4",33.3,"1",8.3,6.3
"Lee, Korey","686676","12","26.7",16.7,"106.8","89.7","78.6","88.7","96.2","398","192",,"6",50,"1",8.3,7.1
"Morán, Jovani","663558","12","17.3",16.7,"110.6","85.3","72.5","87.4","87.2","369","161",,"4",33.3,"0",0,0
"Sommers, Drew","805427","12","11.5",33.3,"105.8","89.6","78.2","90.3","88.2","380","185","380","6",50,"1",8.3,5.3
"Fernández, Julian","642759","12","9",33.3,"108.8","92.8","81.9","94.3","91.3","419","186","403","7",58.3,"2",16.7,11.8
"Castaño, Blas","680604","12","19.2",58.3,"112.1","91.4","81.9","94.7","81.7","416","243","416","5",41.7,"3",25,18.8
"Wilson, Weston","642215","12","25",50,"104.3","89.3","82.7","92.3","84.6","331","182",,"3",25,"0",0,0
"Cosgrove, Tom","676680","12","2.6",16.7,"106.2","81.7","72","86","80.3","278","92",,"1",8.3,"0",0,0
"Freeman, Caleb","673965","12","19.5",33.3,"104.1","91","81.8","92.1","98.3","366","181","366","5",41.7,"2",16.7,12.5
"Mercado, Michael","675650","12","6.9",58.3,"110.5","98.7","93","96.6","102.4","441","180","441","7",58.3,"1",8.3,5
"Rivera, Emmanuel","656896","11","18.7",72.7,"108.4","94.6","87","95","92.9","404","243","404","5",45.5,"3",27.3,23.1
"Duran, Ezequiel","677649","11","24.7",18.2,"93.7","79","70.9","79.8","81.5","363","162",,"0",0,"0",0,0
"Díaz, Yilber","700270","11","16.2",36.4,"110.9","98.1","91.3","99.7","96","384","199",,"7",63.6,"1",9.1,6.7
"Krook, Matt","640454","11","21.6",36.4,"104.2","91.3","82.5","92.2","88.9","385","184",,"4",36.4,"1",9.1,6.7
"Gerber, Joey","680702","11","12.3",27.3,"102.7","86.7","78.5","85.2","88.2","300","155",,"3",27.3,"0",0,0
"Owens, Tyler","687074","11","5.3",45.5,"107.3","90.6","79.3","96.9","82.9","330","155",,"5",45.5,"0",0,0
"Nola, Austin","543592","11","28.9",45.5,"107.5","94.9","88.4","98.4","85","454","296","432","5",45.5,"3",27.3,27.3
"McCormick, Chas","676801","10","15.1",30,"97","87.8","80.8","88.5","86.8","347","163",,"2",20,"0",0,0
"Jameson, Drey","686753","10","6",50,"112","89.7","78.4","96.7","79.4","400","186",,"4",40,"0",0,0
"Trevino, Jose","624431","10","27",50,"108.6","94","84.2","97.9","84.1","361","243",,"5",50,"2",20,16.7
"Bruján, Vidal","660644","10","25.4",30,"102.3","92.8","86.4","97.2","85","411","236","411","6",60,"1",10,9.1
"Herrera, Jose","645444","10","14",60,"104.1","88.2","77.6","96.9","87.1","279","148",,"3",30,"0",0,0
"Stock, Robert","476594","10","20.8",20,"113.2","94.3","81.8","96.1","94.3","398","172","398","5",50,"1",10,6.7
"Tellez, Rowdy","642133","10","16.3",40,"104.9","90","81.1","92.3","93.3","375","186","375","4",40,"1",10,9.1
"Perdomo, Angel","622780","10","7.9",20,"106.5","83","68.8","87.4","80","386","153",,"3",30,"1",10,6.3
"Barnhart, Tucker","571466","10","6.6",40,"100.7","90.4","81.9","93.8","88.2","347","145",,"5",50,"2",20,18.2
"Cruz, Omar","678316","10","22",40,"109.7","98.7","91.5","95.7","105.6","335","220",,"7",70,"0",0,0
"Little, Jack","669193","10","22.4",40,"104.6","91.1","84.6","94.5","86.4","329","178",,"3",30,"0",0,0
"Harris, Hayden","802686","10","6.4",60,"103.3","89.9","80.7","93.6","84.3","389","206",,"4",40,"1",10,8.3
"MacIver, Willie","680862","10","-1.5",40,"96.6","86.9","78.8","96.2","82.9","383","116",,"4",40,"0",0,0
"Bolton, Cody","675989","9","12.7",33.3,"107.2","91.3","81","94.9","91.9","353","178",,"4",44.4,"1",11.1,10
"Muñoz, Rolddy","691548","9","8.4",33.3,"109.7","86.1","75.5","93.4","80.4","426","146","426","3",33.3,"1",11.1,4.8
"Wynne, Randy","691094","9","20.8",11.1,"108.1","93.9","85.2","98.5","89.5","404","208","404","4",44.4,"2",22.2,15.4
"Wilcox, Cole","677961","8","9.5",50,"103.9","90.4","81.2","91.1","98.5","352","163",,"5",62.5,"0",0,0
"Wilson, Will","669717","8","19.6",50,"105.7","97.7","91.2","99.6","84.7","412","249","412","5",62.5,"3",37.5,37.5
"Thompson, Zach","605507","8","18.1",0,"101.3","79.4","66.7","78","77.7","251","132",,"1",12.5,"0",0,0
"Hummel, Cooper","669450","8","15.1",50,"107.4","98.7","93","101.9","89","383","230","383","7",87.5,"2",25,22.2
"Gasser, Robert","688107","8","49.8",25,"108.2","96.6","89.5","104.7",,"419","234","419","4",50,"2",25,15.4
"Fitzgerald, Ryan","680837","8","14.3",62.5,"102.4","88.9","77.9","97.7","50.8","386","235",,"4",50,"2",25,25
"Rosario, Amed","642708","8","10.4",37.5,"105.4","94.8","87.5","93.3","96.4","403","151","403","5",62.5,"1",12.5,10
"Reyes, Pablo","622569","8","22.5",37.5,"105.7","94.3","88","94.6","93.3","393","195","393","4",50,"1",12.5,12.5
"Mateo, Jorge","622761","8","18.7",62.5,"106.9","92.6","85.5","92.1","96.2","366","222","366","3",37.5,"1",12.5,9.1
"Caballero, José","676609","8","18.9",50,"106.9","95.6","88.8","97.6","89.6","412","258","393","4",50,"3",37.5,33.3
"Urquidy, José","664353","8","15.9",62.5,"98","85.5","75.9","89.1","75","373","215",,"3",37.5,"0",0,0
"Torrens, Luis","620443","7","29",57.1,"101.3","94.7","90","97.6",,"383","285","372","4",57.1,"2",28.6,25
"de Geus, Brett","676969","7","-3.1",0,"104.4","87.9","79.8","88.6","87.7","347","100",,"2",28.6,"0",0,0
"Triolo, Jared","669707","7","25.5",57.1,"99.6","83.5","71.8","94.5","60.6","389","223","389","4",57.1,"2",28.6,25
"Kavadas, Niko","694359","7","17",42.9,"102.6","91.4","84.8","98","93","285","121",,"4",57.1,"0",0,0
"Stallings, Jacob","607732","7","11.5",28.6,"104","87","77.4","85.9","88.6","388","185",,"3",42.9,"1",14.3,12.5
"Abner, Philip","691769","7","29.7",28.6,"101.9","85.8","78.5","97.5","82.5","396","159",,"1",14.3,"1",14.3,7.7
"Pope, Austin","687166","7","0",28.6,"110.1","92.9","84.3","99.7","93.2","216","100",,"3",42.9,"0",0,0
"Toro, Abraham","647351","7","19.7",42.9,"102.6","91.3","85","95.1","90.4","287","165",,"2",28.6,"0",0,0
"Toussaint, Touki","657053","7","4.9",42.9,"107.3","89.6","81.8","91.4","87.2","319","155",,"2",28.6,"1",14.3,9.1
"Roa, Christian","685005","6","10.2",66.7,"104.3","91.5","82.1","92.9","90.1","387","184",,"3",50,"1",16.7,8.3
"Montes De Oca, Christian","801216","6","3.3",16.7,"90.3","78.5","68.3","87","70","318","134",,"0",0,"0",0,0
"Adcock, Ty","686654","6","38.8",16.7,"108.6","93.1","86.2","95.8","97.1","412","246","412","2",33.3,"1",16.7,7.1
"Wiles, Nathan","686249","6","14.6",66.7,"110.9","97.9","90.5","97.8","98.1","320","223",,"3",50,"0",0,0
"Jackson, Alex","656577","6","17",66.7,"101.8","87.6","78.1","93.4","58.4","363","230",,"2",33.3,"0",0,0
"Clemens, Kody","665019","6","15.9",66.7,"103.4","92.7","83.6","98.6","80.9","410","265","390","3",50,"3",50,50
"Palisch, Jake","669449","6","10",83.3,"106.6","90.6","80.1","93.2","88.1","285","174",,"3",50,"1",16.7,16.7
"McGuire, Reese","624512","5","19.5",40,"99.8","93.9","90.2","98.3","87.3","395","261","395","3",60,"0",0,0
"Kelly, Casey","543391","5","19.5",20,"101.2","89.4","83.4","91.6","86.3","278","161",,"2",40,"0",0,0
"Barco, Hunter","682995","5","6.3",20,"106.3","98.8","95","104.5","95","307","141",,"4",80,"0",0,0
"Porter, Logan","682515","5","10",40,"99.8","96.5","94.5","99.5","94.5","383","150","383","3",60,"1",20,20
"Sánchez, Gary","596142","5","22.8",60,"107","93.9","85.4","90.8","106.4","403","257","403","3",60,"1",20,14.3
"Nelson, Kyle","669459","5","41.1",40,"104.6","86.7","79.9","91.6",,"394","290","394","1",20,"1",20,9.1
"Raquet, Nick","675919","5","16.7",20,"93.7","85","82","89","80.8","317","141",,"0",0,"0",0,0
"Farmer, Kyle","571657","5","19",60,"107","95.3","89.1","98.1","83.9","401","246","401","2",40,"1",20,20
"Rivas, Leo","660844","5","11.5",40,"103.5","93.8","89.6","94.1","93.4","347","179",,"3",60,"0",0,0
"Yastrzemski, Mike","573262","5","12.9",20,"103.5","92.7","85.8","102.6","93.6","338","113",,"2",40,"1",20,14.3
"Sanmartin, Reiver","665665","5","16.4",20,"104.9","88.4","78.2","104.9","86.1","341","152",,"2",40,"1",20,12.5
"Nido, Tomás","621512","5","22.5",0,"94.9","87.2","82","93.7","84.1","351","161",,"0",0,"0",0,0
"Hamel, Dom","687589","5","10.5",40,"110","91.9","84.9","97.8","83","255","143",,"1",20,"0",0,0
"Little, Luke","681432","5","7",0,"98.9","76.4","61.5","83.6","72.3","298","82",,"1",20,"0",0,0
"Wade, Tyler","642180","5","8.2",20,"101.8","92.1","85.8","96.9","94.9","190","100",,"3",60,"0",0,0
"Espada, Jose","664744","5","35.3",0,"102.2","89.4","83.6","94.1","82.7","166","96",,"1",20,"0",0,0
"Sánchez, Ali","645305","5","20.2",80,"102.9","95.8","91.4","97.9","87.6","357","287",,"3",60,"1",20,16.7
"Castro, Willi","650489","4","34",25,"99","87.4","76.2","94.9",,"354","228",,"2",50,"0",0,0
"Lange, Alex","656638","4","24.8",0,"112.5","96.4","83.2","93","106.6","261","174",,"2",50,"0",0,0
"Jankowski, Travis","608671","4","13.4",75,"100.5","92.1","86.3","93.5","88","323","197",,"2",50,"0",0,0
"Burr, Ryan","621114","4","14",25,"92.1","83.7","76.9","81.9","85.4","321","162",,"0",0,"0",0,0
"Eaton, Nate","681987","4","12.5",25,"105.9","102.8","100.6","102.7","102.8","344","204",,"4",100,"0",0,0
"Hoffman, Nolan","676510","4","12",50,"100.7","87.3","78.9","89.7","84.9","310","166",,"1",25,"0",0,0
"Díaz, Jhonathan","646242","4","29.9",25,"110.8","84.5","69.5","81.5","110.8","193","144",,"1",25,"0",0,0
"Walters, Andrew","689958","4","21.8",25,"105.4","93","80.7","99.9","72.2","393","266","393","2",50,"1",25,16.7
"Mastrobuoni, Miles","670156","4","0.6",0,"89.9","76.5","66","81.5","71.5","287","152",,"0",0,"0",0,0
"Seigler, Anthony","678011","4","28.1",0,"92.2","85.7","82","85.4","86.7","311","220",,"0",0,"0",0,0
"Salazar, César","663967","3","57.1",0,"99.1","90.1","85.6","95",,"313","223",,"1",33.3,"0",0,0
"Rooney, John","680701","3","15.3",33.3,"103.8","77","63.6","88","55.1","416","212","416","1",33.3,"1",33.3,16.7
"Maile, Luke","571912","3","25.2",0,"94.7","86.3","82.1","87.3","84.3","354","209",,"0",0,"0",0,0
"France, J.P.","641585","3","23.7",66.7,"98","88.4","83.5","88.4",,"378","266",,"1",33.3,"1",33.3,25
"Acton, Garrett","670183","3","59.4",0,"100.5","93.4","89.9","100.5",,"249","187",,"2",66.7,"0",0,0
"Trejo, Alan","676701","3","-5.3",0,"105.4","101.8","100",,"101.8","73","35",,"3",100,"0",0,0
"Stefanic, Michael","683021","3","49.3",33.3,"95","88.8","85.8","92.1",,"351","236",,"1",33.3,"0",0,0
"Pintaro, Jonathan","702752","3","4.8",33.3,"110.8","97.4","90.7","81.1","105.6","256","125",,"2",66.7,"0",0,0
"Burleson, Alec","676475","3","4.2",33.3,"106.9","91.9","84.4","101.1","73.4","351","190",,"2",66.7,"0",0,0
"Quijada, José","650671","3","-2.2",66.7,"105.1","95.9","91.3","96.2","95.4","297","162",,"2",66.7,"0",0,0
"Slater, Austin","596103","3","3.2",33.3,"90.1","86.5","84.8",,"86.5","105","70",,"0",0,"0",0,0
"Hampson, Garrett","641658","3","2.4",33.3,"93.3","89","86.8","81.9","92.5","288","106",,"0",0,"0",0,0
"Amaya, Jacob","676070","3","37.7",33.3,"87.5","80.5","77","82.1",,"296","262",,"0",0,"0",0,0
"Ottavino, Adam","493603","2","47.8",0,"74.8","72.8","70.8","70.8",,"217","203",,"0",0,"0",0,0
"Kiner-Falefa, Isiah","643396","2","60.4",0,"90.9","84.7","78.5","90.9",,"306","168",,"0",0,"0",0,0
"Davidson, Logan","669722","2","54",0,"90","85.6","81.2","90",,"334","210",,"0",0,"0",0,0
"Gilbreath, Lucas","656458","2","18.5",100,"112","95","78","95",,"426","299","426","1",50,"1",50,25
"Young, Jared","676724","2","24.8",0,"96","95.3","94.6","94.6","96","248","145",,"1",50,"0",0,0
"Duran, Carlos","679922","2","51.1",50,"86","77.3","68.6","86",,"262","145",,"0",0,"0",0,0
"Sandridge, Jayvien","682144","1","29.3",100,"107.5","107.5","107.5","107.5",,"392","392","392","1",100,"1",100,16.7
"McKinstry, Zach","656716","1","-24.6",0,"76","76","76",,"76","9","9",,"0",0,"0",0,0
"Lopez, Nicky","670032","1","38.4",0,"89.4","89.4","89.4","89.4",,"287","287",,"0",0,"0",0,0