Name,Team,Level,Age,PA,BB%,K%,BB/K,AVG,OBP,SLG,OPS,ISO,Spd,BABIP,wSB,wRC,wRAA,wOBA,wRC+,PlayerId
"Francisco Arcia","LAA","AA",27,95,0.094736842,0.178947368,0.529411764,0.2375,0.351063829,0.275,0.626063829,0.0375,3.7371791482634835,0.301587301,-0.5658373885671608,9.33607625350624,-0.8017603816065233,0.30731165218860546,87.03208190498626,"10286"
"Adrian Nieto","CIN","AA",27,134,0.067164179,0.291044776,0.23076923,0.25,0.305970149,0.387096774,0.693066923,0.137096774,3.3692084899999997,0.341463414,-0.012918938882648945,14.36077775477553,0.06109239577437132,0.3193523852682825,97.55994215302081,"10294"
"Slade Heathcott","SFG","AA",26,394,0.093908629,0.223350253,0.420454545,0.262247838,0.339331619,0.435158501,0.77449012,0.172910663,4.839054946682267,0.318548387,-0.7635085987858474,52.3794830208107,6.38518696179829,0.34827831441148693,118.48081031546477,"10336"
"Jon Singleton","HOU","AA",25,500,0.214,0.264,0.81060606,0.205194805,0.376,0.397402597,0.773402597,0.192207792,2.373173135510833,0.253112033,0.2945543776731938,69.28463984789076,11.618375373498814,0.35503631914846795,123.1183765597317,"10441"
"Zach Walters","KCR","AA",27,96,0.052083333,0.21875,0.238095238,0.211111111,0.25,0.277777777,0.527777777,0.066666666,4.653292175235774,0.260869565,0.15941631770692766,4.582039993544009,-6.489882785539243,0.23831841192747416,39.78243895248997,"10622"
"Mike Olt","BOS","AA",28,448,0.107142857,0.261160714,0.41025641,0.244897959,0.331838565,0.436224489,0.768063054,0.19132653,2.2268415150000003,0.306513409,0.1068166836630553,58.30354479167285,6.005461963151122,0.34475010994303923,107.81891310340362,"10698"
"Arismendy Alcantara","CIN","AA",25,68,0.102941176,0.279411764,0.368421052,0.163934426,0.25,0.311475409,0.561475409,0.147540983,6.076826225250739,0.238095238,-0.3813038284133654,4.3530958588394695,-2.9034608905044026,0.2609403326230891,57.931094464062404,"10711"
"Ryan Strausborger","MIN","AA",29,119,0.142857142,0.285714285,0.5,0.265306122,0.386554621,0.37755102,0.764105641,0.112244898,6.53932334120544,0.390625,0.2309328886331059,16.321114825773172,3.622140514421396,0.35993563778260174,121.2277857955889,"10937"
"Colin Walsh","HOU","AA",27,363,0.20661157,0.231404958,0.892857142,0.254416961,0.407713498,0.44876325,0.856476748,0.194346289,3.2297052467061276,0.314136125,0.17519124277168885,59.33590958323688,20.15054235663623,0.39497429313580634,148.46672272474066,"10961"
"Stephen Cardullo","COL","AA",29,153,0.143790849,0.143790849,1,0.1953125,0.317880794,0.34375,0.661630794,0.1484375,4.270435342158559,0.205882352,0.2359383264556527,14.841735733054039,-3.0189934472223556,0.3030100744842683,77.5624631396889,"11204"
"Andy Wilkins","MIN","AA",28,274,0.135036496,0.255474452,0.528571428,0.254310344,0.357664233,0.474137931,0.831802164,0.219827587,3.234432063649617,0.307189542,0.3717398271546699,41.20365230227295,11.963997165210879,0.3778381295256562,133.3734832400481,"11251"
"Michael Choice","MIL","AA",27,195,0.092307692,0.251282051,0.367346938,0.2716763,0.348717948,0.502890173,0.851608121,0.231213873,1.8169591650227996,0.327586206,-0.3950302009761799,30.291395783310033,9.482152163868044,0.38455484331268625,145.2234648651168,"11376"
"Kyle Waldrop","SEA","AA",25,464,0.079741379,0.185344827,0.430232558,0.303398058,0.367170626,0.444174757,0.811345383,0.140776699,2.8662445925478552,0.357142857,-0.6968550337478518,68.61617085695794,15.101877424722222,0.366999043759208,137.6507370592791,"11402"
"Henry Ramos","LAD","AA",25,101,0.0990099,0.148514851,0.666666666,0.415730337,0.465346534,0.651685393,1.117031927,0.235955056,5.10113894674301,0.450704225,0.12096861586906016,24.52147238893941,12.87288696511224,0.4889431660718257,209.07378890099088,"11481"
"Steven Moya","DET","AA",25,246,0.077235772,0.264227642,0.292307692,0.245535714,0.304878048,0.446428571,0.751306619,0.200892857,3.582112717561926,0.293333333,0.45191091764718294,29.405182311043017,0.6879314721672453,0.33138734150905996,97.0630732549763,"11854"
"Nick Martini","STL","AA",27,110,0.1,0.145454545,0.6875,0.262626262,0.336363636,0.373737373,0.710101009,0.111111111,3.3854969581566827,0.296296296,0.13592049991711974,12.906010386145793,0.21943220177956743,0.3277430577711625,98.28950522175317,"12005"
"Yefri Perez","MIA","AA",26,293,0.126279863,0.194539249,0.649122807,0.169354838,0.279720279,0.241935483,0.521655762,0.072580645,7.25116213621385,0.219895287,0.46509551198687404,17.458707857866287,-13.808514606218337,0.25494387870901947,59.11038144184667,"12090"
"Beau Taylor","OAK","AA",27,78,0.115384615,0.217948717,0.529411764,0.308823529,0.384615384,0.485294117,0.869909501,0.176470588,3.55357142125,0.38,-0.049127619015052915,12.902539909843052,3.906602651837909,0.3895325874670958,138.245946188469,"12384"
"Jason Krizan","DET","AA",28,66,0.121212121,0.045454545,2.666666666,0.392857142,0.454545454,0.678571428,1.133116882,0.285714286,3.2263307654841165,0.352941176,0.01173886051401496,15.922132307839108,8.217504033994388,0.4846970402833187,200.090333761201,"12394"
"Raffy Lopez","TOR","AA",29,50,0.16,0.3,0.533333333,0.261904761,0.38,0.619047619,0.999047619,0.357142858,3.26785714,0.304347826,0.012977727921679616,9.937059258898378,4.100219657500863,0.43115914702415464,165.80411164756165,"12606"
"Dillon Thomas","COL","AA",24,302,0.07615894,0.334437086,0.227722772,0.228782287,0.301324503,0.354243542,0.655568045,0.125461255,5.18031737045426,0.337349397,-0.18223545770160854,28.14940897671963,-7.105102215721359,0.29823001536023974,74.35016541460111,"12719"
"Michael Perez","ARI","AA",24,302,0.115894039,0.201986754,0.573770491,0.278625954,0.365448504,0.423664122,0.789112626,0.145038168,1.396003114315782,0.343434343,-0.786023233551532,41.80271915272007,9.575070060045817,0.361651125759584,125.45898367206637,"12977"
"Erick Castillo","CHC","AA",24,230,0.082608695,0.186956521,0.441860465,0.245098039,0.315789473,0.308823529,0.624613002,0.06372549,0.9884453712500001,0.302469135,-0.02422301040496677,20.18830686039762,-4.355929203559595,0.2931001301904082,78.36587132785681,"12990"
"Mitch Walding","PHI","AA",24,401,0.109725685,0.316708229,0.346456692,0.236467236,0.326683291,0.515669515,0.842352806,0.279202279,4.0836178164996095,0.288557213,-0.1233725028578192,60.010290558855424,13.198836955647362,0.3693249696805293,121.4468232134982,"13006"
"Jose Briceno","LAA","AA",24,378,0.06084656,0.193121693,0.315068493,0.193732193,0.242021276,0.316239316,0.558260592,0.122507123,4.894476319855501,0.217712177,0.6192251062311698,23.141115262729297,-17.19680313803517,0.25715541664759317,53.00427892775505,"13151"
"Tyler Goeddel","CIN","AA",24,256,0.12890625,0.171875,0.75,0.242990654,0.3671875,0.392523364,0.759710864,0.14953271,5.30431423822117,0.284848484,0.6407473016588483,34.11576776633126,6.7969658864484455,0.35467359963364486,121.52313058565973,"13180"
"Michael Reed","MIL","AA",24,205,0.170731707,0.287804878,0.593220338,0.208333333,0.346341463,0.351190476,0.697531939,0.142857143,3.188399576226507,0.27184466,-0.5320784850337077,24.00716356184968,2.1307792439747693,0.33280440481697643,110.11409698447873,"13228"
"Jacob Wilson","STL","AA",26,503,0.099403578,0.192842942,0.515463917,0.247685185,0.336653386,0.416666666,0.753320052,0.168981481,2.7377783110222147,0.276073619,-1.090447089402005,64.14000270506308,6.127740643824792,0.3408328127861023,107.0747438422924,"13254"
"Peter O'Brien","TEX","AA",26,187,0.096256684,0.44919786,0.214285714,0.208333333,0.288770053,0.44047619,0.729246243,0.232142857,1.6485389525,0.346666666,-0.07048745336942375,21.88651425547761,0.31933134205502856,0.3273740614799255,100.32651007298884,"13288"
"Spencer Kieboom","WSN","AA",26,70,0.142857142,0.185714285,0.769230769,0.183333333,0.3,0.366666666,0.666666666,0.183333333,0.8336466087500001,0.2,0.01397601468488574,6.957041374223271,-1.214534067733249,0.3060098528862,85.07752429937717,"13300"
"Oscar Hernandez","ARI","AA",23,255,0.066666666,0.22745098,0.293103448,0.197424892,0.256916996,0.347639484,0.60455648,0.150214592,1.22240259,0.226190476,-0.018570974643807858,19.90833734021417,-7.3037504698253475,0.27996592441566376,70.04079074940266,"13490"
"Humberto Arteaga","KCR","AA",23,490,0.051020408,0.132653061,0.384615384,0.258278145,0.300411522,0.304635761,0.605047283,0.046357616,3.6650768094976676,0.296675191,-1.0932795107364655,38.648922399078096,-17.86401678582601,0.278336917812174,66.64101063952927,"13595"
"Terrance Gore","KCR","AA",26,62,0.032258064,0.209677419,0.153846153,0.254237288,0.278688524,0.27118644,0.549874964,0.016949152,7.5,0.326086956,1.5658242888748646,3.7701999454193835,-3.3804168494052167,0.25512473309626343,51.06206501368964,"13658"
"Jack Lopez","KCR","AA",24,398,0.050251256,0.216080402,0.232558139,0.280991735,0.332480818,0.366391184,0.698872002,0.085399449,5.57074608866033,0.356617647,0.7323989870492369,44.29965630719313,-1.6026902144228505,0.3200059117878617,94.60731365562224,"13663"
"Tyrone Taylor","MIL","AA",23,95,0.084210526,0.189473684,0.444444444,0.247058823,0.315789473,0.376470588,0.692260061,0.129411765,6.612043499729743,0.298507462,0.014255292306188494,10.163884466211663,0.026047831098899365,0.3191064056597258,100.82087927231476,"13675"
"Elier Hernandez","KCR","AA",22,70,0.057142857,0.2,0.285714285,0.338709677,0.391304347,0.451612903,0.84291725,0.112903226,2.5811250004312205,0.416666666,-1.2618968677707016,11.167610304586562,3.0943332781716895,0.38197764970254205,136.1998801084399,"13750"
"Tomas Nido","NYM","AA",23,404,0.074257425,0.155940594,0.476190476,0.231607629,0.287128712,0.354223433,0.641352145,0.122615804,1.9454272275,0.254966887,0.08784923516213894,34.85052376663771,-12.311140212654207,0.2894803354940792,75.53253167513982,"13755"
"Eric Stamets","CLE","AA",25,50,0.16,0.26,0.615384615,0.325,0.428571428,0.525,0.953571428,0.2,7.367529392365602,0.444444444,0.41597259417176247,9.504334384896422,3.6674947834989076,0.42025777758384236,165.36825859219658,"13795"
"Alex D. Mejia","STL","AA",26,251,0.063745019,0.143426294,0.444444444,0.251101321,0.305220883,0.365638766,0.670859649,0.114537445,2.231567296275287,0.282722513,-0.3224474966991693,24.81972567212378,-4.128739094020969,0.3040447747034411,82.38431284730481,"13877"
"Seth Mejias-Brean","SEA","AA",26,323,0.068111455,0.219814241,0.309859154,0.268041237,0.328173374,0.340206185,0.668379559,0.072164948,4.487170934463338,0.339366515,0.19852112513035536,32.943575470364046,-4.308831380093144,0.3080396196857002,98.07989644200609,"13905"
"Sherman Johnson","LAA","AA",26,126,0.119047619,0.174603174,0.681818181,0.296296296,0.392,0.407407407,0.799407407,0.111111111,2.9740371731462587,0.357142857,0.0069883891846984625,18.309819797707622,4.8638469974528,0.3709859703817675,130.23104073463682,"13906"
"Eric Haase","CLE","AA",24,381,0.115485564,0.304461942,0.379310344,0.258258258,0.349081364,0.573573573,0.922654937,0.315315315,5.650959024044104,0.3125,0.06440747831948102,66.56452239428978,22.087804631640715,0.400889050616367,152.35207700090461,"14111"
"Tim Lopes","TOR","AA",23,526,0.093155893,0.163498098,0.569767441,0.270788912,0.338403041,0.390191897,0.728594938,0.119402985,5.205125706818761,0.314136125,0.24675082857720554,61.94803959830083,0.5444869915989793,0.3291687455631438,97.26447100858141,"14137"
"Jose Rondon","SDP","AA",23,234,0.068376068,0.183760683,0.372093023,0.293023255,0.343347639,0.432558139,0.775905778,0.139534884,5.1064054752071675,0.349112426,-0.13526339433155954,31.544477598113456,4.556665824098031,0.3502002706343524,120.78171931773561,"14140"
"Andrew Velazquez","TBR","AA",22,414,0.072463768,0.2705314,0.267857142,0.235294117,0.297297297,0.37433155,0.671628847,0.139037433,6.799520228783404,0.312252964,0.17149533264455386,41.67536179848438,-2.5042631166386005,0.31054756345561446,93.86174712337146,"14196"
"Alfredo Gonzalez","CHW","AA",24,249,0.116465863,0.164658634,0.707317073,0.208333333,0.306451612,0.300925925,0.607377537,0.092592592,3.6596755877455407,0.238372093,-0.733693355374271,21.37104475626379,-5.200758634715978,0.2904636907962061,80.54214328853395,"14267"
"Anthony Alford","TOR","AA",22,289,0.121107266,0.155709342,0.777777777,0.310204081,0.40625,0.428571428,0.834821428,0.118367347,5.193214075489953,0.360406091,2.4651652202010155,45.542366433788544,11.805433537710917,0.37931934811852197,130.96670403967664,"14329"
"Joey Meneses","ATL","AA",25,401,0.094763092,0.201995012,0.469135802,0.291666666,0.36,0.402777777,0.762777777,0.111111111,1.15031982125,0.354243542,-0.0492534544900991,53.217135046927886,10.424793039767692,0.35392418146133425,125.42816566498713,"14366"
"Harold Ramirez","TOR","AA",22,490,0.065306122,0.132653061,0.492307692,0.265765765,0.320328542,0.358108108,0.67843665,0.092342343,3.4876093414932425,0.296296296,-0.10388792888261378,49.24070627711932,-7.960321816576314,0.30740164616673266,82.6365339771411,"14387"
"Joe Hudson","CIN","AA",26,250,0.116,0.2,0.58,0.170506912,0.268292682,0.253456221,0.521748903,0.082949309,0.76785714,0.216867469,-0.019782125164056197,14.14164462809563,-12.536872832727429,0.25085681579550917,51.090072201817094,"14412"
"Henry Urrutia","BOS","AA",30,236,0.097457627,0.207627118,0.469387755,0.284360189,0.360169491,0.388625592,0.748795083,0.104265403,3.512007808738524,0.358490566,0.048434890108183026,30.45541859992727,2.9055356813310027,0.3433727705377643,106.89331278687251,"14441"
"Scott Heineman","TEX","AA",24,529,0.094517958,0.228733459,0.41322314,0.284188034,0.36294896,0.427350427,0.790299387,0.143162393,6.320323825039944,0.364705882,-1.565113176126033,75.36924944474839,14.35834163084172,0.36005463030027307,118.71054440241923,"14453"
"Jake Cave","NYY","AA",24,140,0.071428571,0.235714285,0.303030303,0.265625,0.316546762,0.515625,0.832171762,0.25,5.825452638294844,0.318681318,0.22395888529717922,20.174931188556513,3.8317803046434706,0.36234045028686523,128.15161223943267,"14477"
"Luis Marte","TEX","AA",23,178,0.028089887,0.129213483,0.217391304,0.23076923,0.24858757,0.390532544,0.639120114,0.159763314,4.518520994393242,0.23076923,-0.6789847263135016,14.610380195513676,-5.918809957369852,0.2824555110123198,66.62960179422825,"14515"
"Gabriel Guerrero","CIN","AA",23,543,0.062615101,0.189686924,0.330097087,0.273453093,0.320441988,0.379241516,0.699683504,0.105788423,3.6513663637974005,0.328282828,-2.0925423666776624,57.98205263640468,0.036312711496994526,0.31882579107673803,97.20268162089461,"14528"
"Anthony Santander","BAL","AA",22,59,0.118644067,0.152542372,0.777777777,0.38,0.457627118,0.78,1.237627118,0.4,1.898809515,0.378378378,0.01597258821129799,15.86523729431756,8.97776656466849,0.5195354541827892,222.06221942034043,"14551"
"Wyatt Mathisen","PIT","AA",23,430,0.102325581,0.174418604,0.586666666,0.272,0.356643356,0.365333333,0.721976689,0.093333333,3.350182131145904,0.325503355,-0.09166790707968175,51.733150360407656,1.5363297883890328,0.332365297825537,102.6852202224921,"14555"
"Carlos Tocci","PHI","AA",21,474,0.061181434,0.139240506,0.439393939,0.306976744,0.362288135,0.397674418,0.759962553,0.090697674,4.9866289445684995,0.356164383,-1.1083622521255165,61.8903260313626,6.557086610114159,0.34528981515411605,105.29470663836658,"14558"
"Franmil Reyes","SDP","AA",21,566,0.084805653,0.236749116,0.358208955,0.258382642,0.32155477,0.463510848,0.785065618,0.205128206,3.304981036110058,0.297752808,-1.0868715604301542,75.00086741631313,9.72265603130145,0.3472513561783312,118.80254421949003,"14566"
"David Bote","CHC","AA",24,536,0.09141791,0.188432835,0.485148514,0.272340425,0.353271028,0.438297872,0.7915689,0.165957447,4.306647698371051,0.317548746,0.19015748778474517,74.17078481710647,16.972043381101837,0.3615952637186624,124.83544551854249,"14593"
"Webster Rivas","SDP","AA",26,149,0.080536912,0.234899328,0.342857142,0.286764705,0.342281879,0.389705882,0.731987761,0.102941177,3.2678571400000003,0.376237623,-0.08543933741748333,18.19168205205499,1.0071352386861925,0.33386480488233117,109.81810965159906,"14636"
"Tzu-Wei Lin","BOS","AA",23,184,0.108695652,0.14673913,0.74074074,0.301886792,0.379120879,0.490566037,0.869686916,0.188679245,7.707609469425753,0.333333333,0.8314640270546079,29.946100599888364,8.466530866745508,0.38582465511101943,135.42184950618991,"14678"
"Harold Castro","DET","AA",23,449,0.040089086,0.118040089,0.339622641,0.289855072,0.325056433,0.355072463,0.680128896,0.065217391,6.182640360784908,0.326027397,0.4307782433461398,45.56031539059026,-6.854504229959417,0.3086353148886635,81.77324493748878,"14691"
"Dawel Lugo","DET","AA",22,557,0.05924596,0.129263913,0.458333333,0.277131782,0.321364452,0.424418604,0.745783056,0.147286822,3.9797336815646585,0.298165137,0.19917237712070346,67.35674583684846,6.03273716341897,0.336575548640258,105.79250567228874,"14713"
"Yu Chang","CLE","AA",21,508,0.102362204,0.263779527,0.388059701,0.220454545,0.312252964,0.461363636,0.7736166,0.240909091,6.421837820418979,0.2543554,0.6639263259712607,65.15476146874782,5.852471118549085,0.34237643781858,113.03040166127734,"14773"
"Kyle Farmer","LAD","AA",26,141,0.113475177,0.092198581,1.23076923,0.338709677,0.411347517,0.467741935,0.879089452,0.129032258,3.159008233255073,0.357798165,0.09960878151468933,24.125968003331643,7.8640814215531165,0.39684222851480755,147.2598960748606,"14813"
"Mike Yastrzemski","BAL","AA",26,94,0.09574468,0.180851063,0.529411764,0.385542168,0.436170212,0.69879518,1.134965392,0.313253012,5.203024346771509,0.419354838,-0.18227142188698053,22.744356548853318,11.77109809822599,0.4855999490048023,199.25686424492582,"14854"
"Zach Green","PHI","AA",23,51,0.058823529,0.392156862,0.15,0.222222222,0.294117647,0.333333333,0.62745098,0.111111111,0.5595238025,0.36,0.011979441158473492,4.334739769015185,-1.6188366244102792,0.2878821620754167,66.71558688222493,"14973"
"Dom Nunez","COL","AA",22,364,0.145604395,0.228021978,0.638554216,0.202020202,0.335180055,0.353535353,0.688715408,0.151515151,4.378044698757472,0.237864077,1.0866103826556355,39.97534771053697,-2.5168445876369323,0.3191553355923602,88.41240959071992,"15055"
"Jonathan Davis","TOR","AA",25,546,0.126373626,0.201465201,0.627272727,0.248878923,0.36142322,0.378923766,0.740346986,0.130044843,5.803390238284312,0.304216867,-1.584400704363361,69.6629269344251,5.924638487164254,0.3415329639384809,105.5734792298251,"15104"
"Ryan McMahon","COL","AA",22,205,0.097560975,0.190243902,0.512820512,0.32596685,0.390243902,0.535911602,0.926155504,0.209944752,6.555084236056619,0.381294964,1.4539075060747564,36.243089950604755,12.312047584874952,0.40351602156174005,145.10452000083075,"15112"
"Tim Locastro","LAD","AA",24,420,0.052380952,0.133333333,0.392857142,0.285326086,0.366028708,0.429347826,0.795376534,0.14402174,7.941508753662425,0.316993464,2.1209759830962867,60.8441560986598,12.404493940170578,0.36312816926329544,124.63257760683078,"15124"
"Ian Miller","SEA","AA",25,384,0.072916666,0.1796875,0.405797101,0.325581395,0.382198952,0.430232558,0.81243151,0.104651163,7.6759314432038765,0.392727272,4.121672450797632,57.537008649818404,13.24931753348539,0.3695126263258969,139.3377375123499,"15156"
"Josh VanMeter","CIN","AA",22,538,0.098513011,0.185873605,0.53,0.254736842,0.326492537,0.351578947,0.678071484,0.096842105,4.282906416452209,0.307692307,1.8149094417749438,54.6479225795541,-2.764246996137126,0.3117805891117807,92.42296197462363,"15170"
"Austin Wynns","BAL","AA",26,434,0.119815668,0.147465437,0.8125,0.281081081,0.377314814,0.418918918,0.796233732,0.137837837,2.6908034371431717,0.31438127,0.33277214248664677,62.78148636142007,12.117718621289649,0.36303469097172775,116.89049819407533,"15271"
"Frank Schwindel","KCR","AA",25,147,0.040816326,0.115646258,0.352941176,0.350364963,0.374149659,0.576642335,0.950791994,0.226277372,0.9501488025,0.358974358,-0.07262343680486083,26.975913222589384,10.022031467118152,0.4127791556818732,156.87242742437874,"15351"
"Jack Mayfield","HOU","AA",26,291,0.058419243,0.195876288,0.298245614,0.288888888,0.329896907,0.518518518,0.848415425,0.22962963,5.314534913016053,0.316831683,0.45549624296836555,44.4367912598795,10.875025335783395,0.3731973859770545,135.307245297962,"15402"
"Engelb Vielma","MIN","AA",23,141,0.09929078,0.092198581,1.076923076,0.285714285,0.36231884,0.327731092,0.690049932,0.042016807,1.375733828860167,0.311926605,-0.9487560843408573,15.705350099483535,0.6586662515793293,0.32505835700726166,97.56577795541892,"15481"
"Aristides Aquino","CIN","AA",23,504,0.077380952,0.287698412,0.268965517,0.215686274,0.281746031,0.396514161,0.678260192,0.180827887,6.026952550206625,0.274247491,0.6310580974968616,49.74207088486783,-4.041820316151458,0.30788028717041016,89.77685616981007,"15482"
"Victor Reyes","ARI","AA",22,516,0.052325581,0.155038759,0.3375,0.292275574,0.33203125,0.39874739,0.73077864,0.106471816,5.734102106957532,0.341708542,0.15575037588132545,60.61382681599348,5.549366776854683,0.33329242549690546,106.21941645136212,"15487"
"Justin Williams","TBR","AA",21,409,0.090464547,0.168704156,0.536231884,0.300546448,0.364303178,0.489071038,0.853374216,0.18852459,4.8248072040813685,0.334494773,0.40307642964762636,63.26610280593883,19.620048240032308,0.3836673801327929,143.46887351123186,"15490"
"Abiatal Avelino","NYY","AA",22,249,0.056224899,0.13253012,0.424242424,0.269565217,0.314516129,0.395652173,0.710168302,0.126086956,7.108793045447301,0.301020408,0.8588989309500903,27.156551401923867,-1.9109098130357556,0.3181981153545841,98.48705822372314,"15496"
"Jamie Westbrook","ARI","AA",22,409,0.039119804,0.105134474,0.372093023,0.265251989,0.305418719,0.395225464,0.700644183,0.129973475,3.4370643647122843,0.277945619,-0.3912715465121437,43.77004697518179,0.12399240927526702,0.3191456217824677,96.62171350655424,"15504"
"Joseph Odom","ATL","AA",25,62,0.048387096,0.258064516,0.1875,0.298245614,0.333333333,0.403508771,0.736842104,0.105263157,0.8336466087500001,0.4,-0.006055752601241693,7.24437577388188,0.6281034435977616,0.3324479480921212,110.8579127363545,"15535"
"Mike Ford","NYY","AA",24,417,0.182254196,0.134292565,1.357142857,0.271641791,0.410071942,0.450746268,0.86081821,0.179104477,2.7615848948828896,0.291044776,0.33277214248664677,68.61176246342949,19.932520187774212,0.388074402525587,145.44535570348734,"15585"
"Jacob Hannemann","CHC","AA",26,141,0.09929078,0.312056737,0.318181818,0.180327868,0.285714285,0.295081967,0.580796252,0.114754099,7.024365898590469,0.272727272,0.058107116841711104,10.515164321292357,-4.5315195266118495,0.27523344583648574,66.24446691036367,"15644"
"Billy McKinney","NYY","AA",22,276,0.108695652,0.163043478,0.666666666,0.25,0.339416058,0.431034482,0.77045054,0.181034482,5.26179767661546,0.276595744,0.05666176485829055,35.558477966113635,3.3391233663993556,0.3431040701204843,115.22437041165554,"15654"
"Reese McGuire","TOR","AA",22,136,0.117647058,0.139705882,0.842105263,0.278260869,0.365671641,0.495652173,0.861323814,0.217391304,4.76201805644015,0.282608695,0.0257148751989007,21.31634178793813,5.440138072136887,0.3782508942417632,130.2486811306251,"15674"
"Raudy Read","WSN","AA",23,442,0.061085972,0.178733031,0.341772151,0.265206812,0.312217194,0.454987834,0.767205028,0.189781022,2.7581203784783246,0.29022082,0.4948372484650463,55.870851842074764,4.27318976572074,0.34004266324086424,107.94827054832655,"15766"
"Jose Marmolejos","WSN","AA",24,454,0.096916299,0.17400881,0.556962025,0.2875,0.36123348,0.4575,0.81873348,0.17,3.9079981357272633,0.323717948,-0.6946627763099968,66.15923156377767,13.160727983088236,0.3643791792930755,124.30290824686516,"15767"
"Erick Mejia","LAD","AA",22,403,0.091811414,0.193548387,0.474358974,0.289325842,0.356783919,0.412921348,0.769705267,0.123595506,7.229819184176075,0.350364963,3.1366243199445307,54.21294427438339,7.733935108023493,0.3498379031116476,115.71276517799294,"15817"
"Johnny Davis","MIL","AA",27,553,0.065099457,0.215189873,0.302521008,0.263366336,0.31559633,0.340594059,0.656190389,0.077227723,7.586661301019394,0.335078534,5.817894744570367,53.31711633603556,-5.695764287305047,0.304793767959756,91.1106685580193,"15830"
"Miguel Andujar","NYY","AA",22,272,0.044117647,0.139705882,0.315789473,0.312252964,0.341911764,0.494071146,0.83598291,0.181818182,2.9227570668065272,0.338028169,-0.7687765774317086,40.09530045622286,8.34289302462038,0.3665003943092683,130.94717990354047,"15878"
"Austin Nola","MIA","AA",27,197,0.126903553,0.131979695,0.961538461,0.25,0.352040816,0.327380952,0.679421768,0.077380952,2.9806059663510363,0.283687943,-0.17794888780917972,21.763339710529152,0.7406679514005795,0.32382436096668243,105.84139013814085,"15941"
"Travis Demeritte","ATL","AA",22,511,0.09589041,0.262230919,0.365671641,0.231441048,0.305882352,0.401746724,0.707629076,0.170305676,4.990144436190484,0.292604501,-1.6840643070754595,57.048515036069084,2.517625346146752,0.3254041523325677,106.0791471106537,"15958"
"Ivan Castillo","CLE","AA",22,87,0.114942528,0.149425287,0.769230769,0.20289855,0.31707317,0.289855072,0.606928242,0.086956522,3.2038605066812202,0.232142857,-0.5984845967032015,7.481502383079635,-2.6745985233520404,0.28914100367848466,77.25509856457286,"15971"
"Deivy Grullon","PHI","AA",21,89,0.056179775,0.213483146,0.263157894,0.228915662,0.269662921,0.409638554,0.679301475,0.180722892,1.39285714,0.245901639,0.016970874974504113,8.448029861023565,-1.9415446294640113,0.30038613080978394,75.11851020969314,"15988"
"Stevie Wilkerson","BAL","AA",25,273,0.073260073,0.194139194,0.37735849,0.293877551,0.354243542,0.420408163,0.774651705,0.126530612,3.640511777469415,0.351063829,0.254424613667652,36.08011587979875,4.210971656168318,0.34729423243760177,106.31258737141631,"16041"
"Mark Payton","NYY","AA",25,59,0.033898305,0.27118644,0.125,0.178571428,0.20338983,0.303571428,0.506961258,0.125,6.262690680690263,0.243902439,-0.40223716013133526,1.9052326790265781,-4.982238050622489,0.2214966911380574,33.501718719867526,"16042"
"Mike Gerber","DET","AA",24,394,0.098984771,0.21573604,0.458823529,0.291428571,0.362944162,0.477142857,0.840087019,0.185714286,5.074217659640283,0.349019607,-0.35552229871973395,60.436303403011586,14.442007343999169,0.3740359895725541,125.72383907349,"16115"
"Kevin Cron","ARI","AA",24,588,0.095238095,0.227891156,0.417910447,0.283495145,0.357142857,0.497087378,0.854230235,0.213592233,1.981916396279137,0.331506849,0.14105734432814643,91.04388963757702,28.29601656972119,0.3838727163941893,140.53491390883096,"16211"
"J.D. Davis","HOU","AA",24,388,0.079896907,0.231958762,0.344444444,0.279202279,0.340206185,0.509971509,0.850177694,0.23076923,3.001804847222701,0.316872427,-0.006447282619774342,60.3584217384791,15.609400506350951,0.376871098997673,137.7728716960634,"16219"
"Alex Blandino","CIN","AA",24,236,0.13559322,0.207627118,0.653061224,0.258883248,0.374468085,0.461928934,0.836397019,0.203045686,2.8211958950860803,0.314685314,-0.9316747741540894,36.57413494061336,11.389614457596396,0.3840603234920096,141.46014616931674,"16271"
"Michael Hermosillo","LAA","AA",22,340,0.117647058,0.214705882,0.547945205,0.248201438,0.361194029,0.352517985,0.713712014,0.104316547,6.171333669313598,0.31553398,0.76705445634434,41.01440303338846,4.731619286669099,0.33757235327763346,107.56203522989938,"16285"
"Nick Ciuffo","TBR","AA",22,417,0.100719424,0.227817745,0.442105263,0.245283018,0.318944844,0.385444743,0.704389587,0.140161725,3.1018391218413415,0.307692307,0.362454339832766,45.50628711553255,1.0065199908796942,0.32200242183058736,101.63313705547554,"16291"
"Yairo Munoz","OAK","AA",22,207,0.048309178,0.169082125,0.285714285,0.315789473,0.348039215,0.531578947,0.879618162,0.215789474,8.626331994479685,0.355263157,1.9010483538731933,33.52434752766564,9.650514035267374,0.3850820167311307,135.25892879445232,"16313"
"Nick Gordon","MIN","AA",21,578,0.091695501,0.23183391,0.395522388,0.269749518,0.340830449,0.408477842,0.749308291,0.138728324,6.324859904494525,0.346560846,-0.09819437263649888,72.37950512324025,10.698772753817336,0.3437899520827664,110.2739690667187,"16337"
"Pablo Reyes","PIT","AA",23,483,0.105590062,0.144927536,0.728571428,0.273809523,0.355648535,0.409523809,0.765172344,0.135714286,5.428501176430517,0.306122448,-1.4083595837000757,63.59978875920912,7.215918209709136,0.34668329789203667,112.30720979375519,"16357"
"Oscar Mercado","STL","AA",22,523,0.061185468,0.214149139,0.285714285,0.28721174,0.340996168,0.427672955,0.768669123,0.140461215,6.964146089423673,0.348314606,-0.39130138815380633,68.94547704083917,8.626564400625195,0.34637320580390785,110.79319958553882,"16375"
"Brian Navarreto","MIN","AA",22,117,0.076923076,0.153846153,0.5,0.205882352,0.280701754,0.284313725,0.565015479,0.078431373,1.52678570875,0.228915662,-0.011304071522317827,8.189265757216354,-4.2962804144488365,0.2690314823075345,59.5551211916466,"16398"
"Francisco Mejia","CLE","AA",21,383,0.062663185,0.138381201,0.452830188,0.296829971,0.345549738,0.489913544,0.835463282,0.193083573,4.9157699317239665,0.311188811,0.6733920681290329,56.650889028923515,11.94069768221855,0.3671356901096234,129.66912677862763,"16403"
"Domingo Leyba","ARI","AA",21,64,0.078125,0.09375,0.833333333,0.275862068,0.34375,0.448275862,0.792025862,0.172413794,2.4783834524999997,0.28,-0.006459469441324472,8.953322077420216,2.1236216074495133,0.3636490823701024,126.81446964836505,"16404"
"Richard Urena","TOR","AA",21,551,0.05444646,0.181488203,0.3,0.247058823,0.28649635,0.358823529,0.645319879,0.111764706,2.3267066776232856,0.29368932,-0.29941362352110445,46.821964215652926,-17.500008191747682,0.28785878878373367,69.50333317685164,"16411"
"Jordan Luplow","PIT","AA",23,288,0.100694444,0.15625,0.644444444,0.287401574,0.368055555,0.53543307,0.903488625,0.248031496,2.330259320652629,0.293814432,-0.9577954260166734,49.26106323572555,15.64086713167587,0.39627295753338954,145.63247768699895,"16424"
"Thairo Estrada","NYY","AA",21,542,0.062730627,0.103321033,0.607142857,0.301010101,0.353049907,0.391919191,0.744969098,0.09090909,4.324623581978718,0.327231121,-2.7507355171255767,67.83180613334278,4.560464854193727,0.33846346838416985,112.10579091006187,"16426"
"Jason Martin","HOU","AA",21,320,0.059375,0.25625,0.231707317,0.273333333,0.31875,0.483333333,0.802083333,0.21,5.192066694865682,0.342995169,-1.1665133833885193,44.828010288110356,7.921601024499515,0.35698708798736334,124.42764244924975,"16429"
"Ryan O'Hearn","KCR","AA",23,76,0.131578947,0.263157894,0.5,0.257575757,0.355263157,0.484848484,0.840111641,0.227272727,2.8330745275,0.309523809,-0.042719668708741665,11.5961356704367,2.8308634703291244,0.37303932348887126,130.20088864025007,"16442"
"Jacob Nottingham","MIL","AA",22,385,0.096103896,0.225974025,0.425287356,0.209230769,0.325520833,0.369230769,0.694751602,0.16,4.849117630923471,0.255411255,0.2334803925768938,42.38271330641875,1.2977964167512377,0.32329804175778437,103.66463669865425,"16448"
"Luis Guillorme","NYM","AA",22,558,0.129032258,0.098566308,1.309090909,0.282744282,0.37589928,0.33056133,0.70646061,0.047817048,2.6622741894137816,0.31615925,-0.24299243930727243,67.15935715350663,2.0202272019103757,0.33242527947580214,104.39241442492633,"16451"
"Isiah Kiner-Falefa","TEX","AA",22,570,0.071929824,0.126315789,0.569444444,0.288499025,0.350352112,0.389863547,0.740215659,0.101364522,4.921150779947445,0.325,0.6284322366118431,71.965919269595,6.226377768788202,0.3392152580576883,104.72412084870146,"16512"
"Ryan McBroom","NYY","AA",25,548,0.078467153,0.204379562,0.383928571,0.24691358,0.3229927,0.395061728,0.718054428,0.148148148,1.7197300057855105,0.286501377,-0.8949033599346876,62.69113056807147,-1.2806314632452842,0.3249188901301494,96.85682568387904,"16524"
"Mauricio Dubon","MIL","AA",22,304,0.082236842,0.138157894,0.595238095,0.276119402,0.337837837,0.350746268,0.688584105,0.074626866,5.650102866557586,0.31858407,2.774725106108235,32.70074696774949,0.259669735388651,0.31989146511433486,101.35349198055927,"16530"
"Danny Jansen","TOR","AA",22,210,0.104761904,0.09047619,1.157894736,0.290502793,0.37799043,0.418994413,0.796984843,0.12849162,3.6461833615003276,0.310559006,0.2588989220093936,29.565196504211578,5.050470178342022,0.35815851354368644,116.7461893970847,"16535"
"Shed Long Jr.","CIN","AA",21,160,0.11875,0.19375,0.612903225,0.226950354,0.31875,0.361702127,0.680452127,0.134751773,5.045104574389571,0.271028037,0.2069883921649307,17.0070361177267,-0.06721505720005846,0.3181666422635317,96.75549124253934,"16542"
"Connor Joe","ATL","AA",24,343,0.116618075,0.169096209,0.689655172,0.221088435,0.319648093,0.340136054,0.659784147,0.119047619,4.030982621490938,0.256410256,-1.5511284261301626,33.19854999236234,-6.230783619960465,0.30191131244749714,83.48195642223318,"16572"
"Luis Urias","SDP","AA",20,526,0.129277566,0.123574144,1.046153846,0.29638009,0.398076923,0.380090497,0.77816742,0.083710407,4.83287698586035,0.340425531,-1.0007751174271107,75.24413113445637,14.579220907396051,0.36079308459925097,127.89112650208716,"16622"
"Greg Allen","CLE","AA",24,303,0.07260726,0.181518151,0.4,0.263565891,0.344481605,0.356589147,0.701070752,0.093023256,6.88602137085112,0.318840579,3.463409242220223,34.13204642431857,-1.2392015601503659,0.3227132983430971,99.81636882899213,"16623"
"Jason Vosler","CHC","AA",23,531,0.099811676,0.2259887,0.441666666,0.241150442,0.342749529,0.429203539,0.771953068,0.188053097,3.2361643552582846,0.277602523,-0.23297958096372895,70.87554206694284,14.210370980154668,0.35495904082386615,120.33319205511279,"16686"
"Jose Trevino","TEX","AA",24,423,0.044917257,0.104018912,0.431818181,0.241293532,0.274881516,0.323383084,0.5982646,0.082089552,1.8379449326129005,0.255681818,-0.8149912282824516,31.549245069199408,-17.23641467613617,0.2728237024112439,60.16517699703097,"16725"
"Brian O'Grady","CIN","AA",25,210,0.161904761,0.28095238,0.576271186,0.165680473,0.307692307,0.337278106,0.644970413,0.171597633,7.052314185599736,0.198113207,1.3806216125376523,19.58950121148194,-2.8204534556094285,0.30055575283562264,84.80762734799558,"16729"
"Braxton Lee","MIA","AA",23,561,0.115864527,0.185383244,0.625,0.308823529,0.394545454,0.384453781,0.778999235,0.075630252,5.349347846790696,0.386058981,-0.9735021002124995,77.11943737787239,17.252844195785443,0.36042520327164845,129.05157792659298,"16839"
"John Nogowski","STL","AA",24,238,0.113445378,0.105042016,1.08,0.29468599,0.37815126,0.381642512,0.759793772,0.086956522,3.481520436719872,0.324175824,0.23766526486724615,32.42655667814153,4.977414788330965,0.35205123554758666,114.60403073828422,"16852"
"Joshua Fuentes","COL","AA",24,450,0.053333333,0.204444444,0.260869565,0.306763285,0.352017937,0.516908212,0.868926149,0.210144927,5.481069578544375,0.362459546,-0.3452988504432142,71.79535662111344,19.2638002085358,0.38178718599040856,130.50229704427267,"16885"
"Aramis Garcia","SFG","AA",24,89,0.101123595,0.235955056,0.428571428,0.282051282,0.359550561,0.435897435,0.795447996,0.153846153,1.73559907125,0.379310344,0.019965735264122486,12.43168132390845,2.042106833420873,0.3567668393756566,124.18527311063885,"16925"
"Chadwick Tromp","CIN","AA",22,129,0.108527131,0.116279069,0.933333333,0.203539823,0.302325581,0.238938053,0.541263634,0.03539823,2.2936525572514976,0.234693877,0.18627363041741773,8.402054349000093,-5.364060660784604,0.262451043818146,58.95601554010407,"16953"
"Eddy Alvarez","CHW","AA",27,398,0.138190954,0.183417085,0.753424657,0.234042553,0.346938775,0.33130699,0.678245765,0.097264437,4.2573382521816185,0.28515625,-0.5303384147700854,43.56466965965783,1.0924698620275224,0.3224507021356602,102.24328788100223,"16959"
"Gleyber Torres","NYY","AA",20,139,0.122302158,0.151079136,0.809523809,0.272727272,0.366906474,0.495867768,0.862774242,0.223140496,5.754436994245945,0.294736842,-0.6059537653345615,22.40612901506175,6.17971492317666,0.38386547651222286,142.61687113729693,"16997"
"Magneuris Sierra","STL","AA",21,353,0.056657223,0.16713881,0.33898305,0.269113149,0.313390313,0.351681957,0.66507227,0.082568808,6.084410984527898,0.323420074,1.187191454693675,34.9752986407568,-5.737084078163912,0.3042976346790281,82.5540207769475,"17023"
"Grayson Greiner","DET","AA",24,371,0.102425876,0.19407008,0.527777777,0.240853658,0.323450134,0.435975609,0.759425743,0.195121951,1.48144937125,0.266393442,0.08485437487252057,46.903675727600636,3.594325885231078,0.34006830881226735,102.89686124715345,"17062"
"Miguel Gomez","SFG","AA",24,322,0.03726708,0.111801242,0.333333333,0.305194805,0.330218068,0.457792207,0.788010275,0.152597402,2.74999999625,0.324528301,0.07686808076687157,43.160381982714235,5.5711349497142395,0.3496583568344235,119.40822711527784,"17075"
"Ramon Laureano","HOU","AA",22,513,0.077972709,0.214424951,0.363636363,0.226781857,0.298245614,0.369330453,0.667576067,0.142548596,7.549582165161587,0.273255813,2.5295199227984995,51.25368276730992,-7.9119045834162085,0.3053635010245251,89.78027667356724,"17128"
"Jorge Mateo","NYY","AA",22,287,0.083623693,0.226480836,0.369230769,0.295719844,0.356643356,0.521400778,0.878044134,0.225680934,8.701300741783085,0.363636363,0.679979816544801,46.65282950949771,13.355796870113435,0.3855569306370262,139.59948478324054,"17273"
"Alex Jackson","ATL","AA",21,120,0.083333333,0.266666666,0.3125,0.254545454,0.316666666,0.427272727,0.743939393,0.172727273,0.843614715,0.315068493,-0.011304071522317827,14.58627064128892,1.780582260093851,0.33881988795865486,115.18086704148529,"17276"
"Bobby Bradley","CLE","AA",21,532,0.103383458,0.229323308,0.450819672,0.250535331,0.331450094,0.464668094,0.796118188,0.214132763,3.5423853887382073,0.287461773,-0.5078810818959028,72.2882101639136,10.18423680504406,0.35197812273732204,119.4829307662919,"17278"
"Javy Guerra","SDP","AA",21,145,0.055172413,0.317241379,0.173913043,0.212121212,0.262411347,0.325757575,0.588168922,0.113636363,3.406385277380952,0.301204819,-1.272576784947887,10.140123403170094,-6.583093294403569,0.26684565671852656,64.83795470658256,"17292"
"Michael Chavis","BOS","AA",21,274,0.0729927,0.204379562,0.357142857,0.25,0.310218978,0.491935483,0.802154461,0.241935483,3.0015399645641416,0.26519337,0.2509126279037446,36.56490930038198,4.579028284723599,0.34891533369527145,110.61802885419392,"17321"
"Cole Tucker","PIT","AA",20,194,0.108247422,0.159793814,0.677419354,0.257485029,0.348958333,0.377245508,0.726203841,0.119760479,7.7091635144389405,0.303703703,1.0232371552847326,22.772960969025792,0.12602331560343688,0.32868310997360634,100.21071449919592,"17326"
"Rafael Devers","BOS","AA",20,320,0.096875,0.171875,0.563636363,0.299651567,0.36875,0.574912891,0.943662891,0.275261324,3.7238876296553904,0.316279069,-1.1567971422336996,57.7379157573766,20.382142308432503,0.4080952732246133,150.38816143797706,"17350"
"Troy Stokes Jr.","MIL","AA",21,153,0.104575163,0.222222222,0.470588235,0.251851851,0.333333333,0.451851851,0.785185184,0.2,4.854698708018934,0.291666666,0.6548773910617456,20.865578425826037,4.538325739802325,0.35888540355208653,127.80838916639614,"17478"
"Eloy Jimenez","CHW","AA",20,73,0.06849315,0.219178082,0.3125,0.352941176,0.397260273,0.558823529,0.956083802,0.205882353,2.793580932915948,0.428571428,-0.18493727699387819,13.738944272006968,5.948817173446634,0.4290390792820189,174.55669533825386,"17484"
"Taylor Ward","LAA","AA",23,145,0.151724137,0.117241379,1.294117647,0.285714285,0.4,0.386554621,0.786554621,0.100840336,0.8150269462499999,0.306930693,-0.020993275684304535,20.943326283063637,5.469786155786263,0.36979577459138013,129.42356889344342,"17548"
"Blake Trahan","CIN","AA",23,526,0.098859315,0.155893536,0.634146341,0.221978021,0.310679611,0.274725274,0.585404885,0.052747253,3.8286732200340032,0.266129032,-0.292946056695655,40.618543374149745,-15.513057363421972,0.27881491650807183,70.05785820893793,"17588"
"Myles Straw","HOU","AA",22,54,0.129629629,0.166666666,0.777777777,0.239130434,0.339622641,0.239130434,0.578753075,0,6.006065543493119,0.297297297,0.361552304122597,4.533407706769265,-1.694548856465064,0.28485978324458283,76.01912888284102,"17620"
"Kevin Kramer","PIT","AA",23,234,0.072649572,0.213675213,0.34,0.297029702,0.38034188,0.5,0.88034188,0.202970298,6.808527758190083,0.362416107,0.6404486049432307,38.46636558309935,11.149956248558993,0.3878849269501094,139.99554917597064,"17689"
"Kevin Newman","PIT","AA",23,375,0.058666666,0.106666666,0.55,0.259475218,0.309973045,0.358600583,0.668573628,0.099125365,4.3638545539186495,0.282392026,0.06939891213551164,36.29487322372028,-7.481423786761079,0.3027348727793307,82.77296715205408,"17696"
"Matt Beaty","LAD","AA",24,481,0.072765072,0.112266112,0.648148148,0.326484018,0.378378378,0.50456621,0.882944588,0.178082192,2.730536102292893,0.343163538,-0.9011270035989583,81.29436635016962,25.819419925804574,0.39415041034420334,145.45327212163374,"17710"
"Christin Stewart","DET","AA",23,555,0.1009009,0.248648648,0.405797101,0.255670103,0.335135135,0.501030927,0.836166062,0.245360824,3.8408042617597133,0.293577981,0.7247858543414623,81.70783655480861,16.918916979296213,0.36626375506931264,120.50073815239305,"17714"
"Richie Martin","OAK","AA",22,325,0.073846153,0.175384615,0.421052631,0.223776223,0.305555555,0.314685314,0.620240869,0.090909091,7.333019913435895,0.266375545,1.0099441618658602,28.731087438543522,-8.751984469811234,0.290579225730013,71.83302293875073,"17736"
"Chris Shaw","SFG","AA",23,154,0.116883116,0.168831168,0.692307692,0.300751879,0.389610389,0.511278195,0.900888584,0.210526316,0.7197802149999999,0.333333333,0.04192804405465722,26.33465277830975,8.357186806005405,0.39622116245721517,150.69938705593995,"17738"
"Max Schrock","OAK","AA",22,457,0.074398249,0.091903719,0.809523809,0.321342925,0.378555798,0.42206235,0.800618148,0.100719425,3.248285430348801,0.344173441,-0.3217903911136091,67.33894217753574,14.63197644794151,0.36631844954104603,122.66568965825194,"17750"
"DJ Stewart","BAL","AA",23,540,0.12037037,0.161111111,0.747126436,0.277899343,0.377777777,0.481400437,0.859178214,0.203501094,5.490426060436256,0.298591549,2.512842404190451,86.67990881482689,23.64204111973373,0.3830129372609126,130.31628926502464,"17766"
"Braden Bishop","SEA","AA",23,145,0.103448275,0.103448275,1,0.336,0.416666666,0.448,0.864666666,0.112,5.78416508755905,0.372727272,0.6925044022500515,24.358695773703456,7.635479076129794,0.3928396405873599,154.99375142229528,"17806"
"Drew Jackson","LAD","AA",23,130,0.084615384,0.215384615,0.392857142,0.234234234,0.346153846,0.324324324,0.67047817,0.09009009,7.5932359854137825,0.304878048,0.5088958288542926,14.445530027655803,-0.5476987356861006,0.31976665808604315,95.53033526504822,"17807"
"Brendan Rodgers","COL","AA",20,164,0.048780487,0.219512195,0.222222222,0.26,0.323170731,0.413333333,0.736504064,0.153333333,2.3509401204178735,0.305555555,-0.7785188644193113,19.875516099001327,0.7306822064174787,0.33347693594490607,98.03681862801383,"17907"
"Cedric Mullins","BAL","AA",22,350,0.077142857,0.165714285,0.465517241,0.265372168,0.31871345,0.459546925,0.778260375,0.194174757,5.044199020568447,0.282786885,-0.9966926455963403,44.697405436184006,3.839528226401414,0.3416829775155814,102.54170903012448,"17929"
"Andrew Stevenson","WSN","AA",23,91,0.12087912,0.208791208,0.578947368,0.35,0.428571428,0.4375,0.866071428,0.0875,4.862001564666999,0.459016393,-0.9987251833081245,15.237983743045618,4.61493566850214,0.3917446427875095,142.69306072160225,"17932"
"Scott Kingery","PHI","AA",23,317,0.088328075,0.16088328,0.549019607,0.31294964,0.378980891,0.607913669,0.98689456,0.294964029,8.662495651836103,0.323943661,2.6451994879171252,61.33147571533009,24.325912642469852,0.42452536561550236,158.54262091911676,"17975"
"Ty France","SDP","AA",22,402,0.054726368,0.169154228,0.323529411,0.275482093,0.340796019,0.377410468,0.718206487,0.101928375,2.860994328189419,0.325342465,-0.037094158353284,48.224756446019796,1.8610798086086806,0.331128342679484,107.98152268716308,"17982"
"David Fletcher","LAA","AA",23,272,0.077205882,0.110294117,0.7,0.275720164,0.34074074,0.353909465,0.694650205,0.078189301,5.398715892042608,0.308411214,0.48540655689430423,29.80384022458526,0.777613227209774,0.3226049732984663,97.40762368918479,"17992"
"Mark Mathias","CLE","AA",22,125,0.104,0.272,0.382352941,0.211538461,0.328,0.307692307,0.635692307,0.096153846,7.652690804859576,0.295774647,0.8339417618699372,11.907299401924668,-2.6847996015691167,0.30081025886535645,85.09707727605483,"18032"
"Jake Cronenworth","TBR","AA",23,180,0.105555555,0.105555555,1,0.284810126,0.363128491,0.341772151,0.704900642,0.056962025,1.749951920803996,0.316546762,-0.2002785169170238,21.039008766088667,1.8304761942960626,0.3325002116863954,108.75521711305322,"18036"
"Dylan Moore","ATL","AA",24,482,0.093360995,0.199170124,0.46875,0.206650831,0.291404612,0.29216152,0.583566132,0.085510689,3.5463543155912345,0.248447204,-1.0617346690269187,36.64810263242424,-14.788079032042619,0.2772066548091023,73.38022279878001,"18042"
"Kyle Garlick","LAD","AA",25,305,0.098360655,0.255737704,0.384615384,0.23880597,0.321311475,0.462686567,0.783998042,0.223880597,2.850479245118346,0.267045454,0.04834517906419933,41.09149641092033,5.915075081541247,0.3500984542463955,115.8876350582161,"18063"
"Garrett Stubbs","HOU","AA",24,300,0.106666666,0.146666666,0.727272727,0.235741444,0.324414715,0.330798479,0.655213194,0.095057035,4.878832659287651,0.268518518,1.4291213490068913,30.39161851696852,-4.2081401676666434,0.30715678188713097,90.98384391173619,"18067"
"Nathan Lukes","TBR","AA",22,404,0.07920792,0.175742574,0.450704225,0.270194986,0.33,0.364902506,0.694902506,0.09470752,4.948728974804798,0.323024054,-1.8585049462271854,43.44313437097206,0.3306501542819943,0.31984309400233407,100.16817101265974,"18123"
"LaMonte Wade Jr.","MIN","AA",23,519,0.146435452,0.136801541,1.070422535,0.29245283,0.397286821,0.408018867,0.805305688,0.115566037,5.1078539303732615,0.327731092,0.9784497113432735,74.9731659805694,19.588563731900724,0.3698231631529075,127.93584036954165,"18126"
"Kevin Kaczmarski","NYM","AA",25,531,0.11299435,0.15819209,0.714285714,0.273730684,0.368121442,0.368653421,0.736774863,0.094922737,5.649857529744672,0.323369565,-0.11906684678979218,66.53171838030065,4.544481813459048,0.3386451109447552,108.57226868189807,"18146"
"Nick Dini","KCR","AA",23,245,0.069387755,0.106122448,0.653846153,0.310185185,0.38114754,0.379629629,0.760777169,0.069444444,3.8084031152658664,0.342105263,0.6170485441107303,33.331030538789115,5.074560946337061,0.3517929573117951,115.94130956700283,"18206"
"Brett Sullivan","TBR","AA",23,96,0.03125,0.114583333,0.272727272,0.27173913,0.302083333,0.326086956,0.628170289,0.054347826,5.917960094788338,0.308641975,0.7903108077589422,8.304645753482992,-1.9399049514730624,0.29138309073944885,80.85987617524239,"18217"
"Austin Dean","MIA","AA",23,251,0.055776892,0.183266932,0.304347826,0.282051282,0.322709163,0.427350427,0.75005959,0.145299145,5.689548220391607,0.333333333,0.1993177722033579,30.870970169587018,4.0857386389206685,0.34076857448099146,117.33695699737187,"18288"
"Brian Anderson","MIA","AA",24,361,0.099722991,0.1966759,0.507042253,0.250803858,0.340720221,0.450160771,0.790880992,0.199356913,4.374741361726254,0.277056277,-0.2140048894798383,49.846931589011966,11.323152375583469,0.36119164489312844,131.19270611167815,"18289"
"Edwin Rios","LAD","AA",23,332,0.051204819,0.207831325,0.246376811,0.316993464,0.358433734,0.532679738,0.891113472,0.215686274,2.2315604659317283,0.362831858,-0.3694391322787851,54.70393194205764,16.413532331061393,0.3887021722603429,141.79666651109372,"18316"
"Kyle Tucker","HOU","AA",20,318,0.069182389,0.201257861,0.34375,0.264808362,0.324921135,0.512195121,0.837116256,0.247386759,4.527436240968978,0.285714285,-0.1544405755121261,47.23437969983247,10.558635494119208,0.36784206061136154,131.71299840987723,"18345"
"Austin Riley","ATL","AA",20,203,0.098522167,0.246305418,0.4,0.314606741,0.389162561,0.511235955,0.900398516,0.196629214,4.577405835929194,0.393442622,0.3753732787154149,35.10502040472658,13.442064226538253,0.40836512190955027,162.36286731244817,"18360"
"Victor Robles","WSN","AA",20,158,0.075949367,0.139240506,0.545454545,0.323741007,0.393548387,0.489208633,0.88275702,0.165467626,6.863323136911891,0.368421052,1.0142525744158775,26.960431941554685,8.51601880113854,0.39575687493047407,145.38936297455575,"18363"
"Ryan Mountcastle","BAL","AA",20,159,0.018867924,0.220125786,0.085714285,0.222222222,0.23899371,0.366013071,0.605006781,0.143790849,2.2752100774999997,0.264957264,0.021962308790534735,10.762601910166039,-7.798548022278057,0.26608372821747883,51.73746367719836,"18373"
"Joe McCarthy","TBR","AA",23,554,0.162454873,0.16967509,0.957446808,0.284140969,0.408679927,0.433920704,0.842600631,0.149779735,6.885349263220753,0.343661971,2.043823746207636,88.15317010780896,29.03357541462507,0.3896723829899423,147.54288448706964,"18399"
"Ronald Acuna Jr.","ATL","AA",19,243,0.074074074,0.230452674,0.321428571,0.325791855,0.374485596,0.52036199,0.894847586,0.194570135,5.4043366637813675,0.396226415,-0.37254134655813687,41.15549093452449,15.223971962604478,0.40353694938337853,159.08726056707525,"18401"
"Jared Walsh","LAA","AA",23,74,0.04054054,0.391891891,0.103448275,0.231884057,0.273972602,0.405797101,0.679769703,0.173913044,3.604243574081625,0.351351351,0.19434796721907333,7.497025106188568,-0.3998160622150571,0.3114220075411339,89.82069553584535,"18607"
"Andy Ibanez","TEX","AA",24,345,0.072463768,0.139130434,0.520833333,0.264516129,0.322580645,0.4,0.722580645,0.135483871,4.493858950155726,0.287937743,0.6113370317034423,40.52965704876128,0.7399345614308465,0.3279356605146637,97.15377626654389,"18819"
"Josh Naylor","SDP","AA",20,175,0.091428571,0.205714285,0.444444444,0.25,0.32,0.346153846,0.666153846,0.096153846,3.0455909900250067,0.308333333,-0.1010876593645662,17.795534443299125,-2.3876581227380527,0.3076493695804051,92.22352102821618,"18839"
"Brandon Lowe","TBR","AA",22,101,0.01980198,0.257425742,0.076923076,0.252631578,0.27,0.389473684,0.659473684,0.136842106,4.245569268179133,0.318840579,-0.1845335601537954,9.15051701657408,-1.6276040375984355,0.29692253649234773,84.61803638502474,"18882"
"Danny Mendick","CHW","AA",23,165,0.103030303,0.163636363,0.629629629,0.197278911,0.280487804,0.292517006,0.57300481,0.095238095,1.9773220016972841,0.222222222,-0.569067123287823,12.027843413812851,-5.579978110330369,0.2729599617603349,68.66698087702405,"18889"
"Yusniel Diaz","LAD","AA",20,118,0.084745762,0.245762711,0.344827586,0.333333333,0.389830508,0.49074074,0.880571248,0.157407407,2.71637745624985,0.434210526,-1.6996014679316431,20.216626513711102,6.607388097754605,0.39712642714128654,147.4506370586603,"18905"
"Lourdes Gurriel Jr.","TOR","AA",23,185,0.054054054,0.162162162,0.333333333,0.24117647,0.286486486,0.370588235,0.657074721,0.129411765,3.85003391398375,0.26618705,0.4389331897255033,16.696144763178836,-4.900161761991969,0.294500872573337,73.96694964969632,"19238"
"Jose Miguel Fernandez","LAD","AA",29,369,0.06504065,0.089430894,0.727272727,0.306306306,0.365853658,0.498498498,0.864352156,0.192192192,1.6573100203402042,0.299651567,-1.0299431153107435,60.38454310433044,17.82683992222919,0.38725394656664636,140.8246843555072,"19254"
"Adolis Garcia","STL","AA",24,342,0.076023391,0.225146198,0.337662337,0.284789644,0.339181286,0.475728155,0.814909441,0.190938511,3.9289311305023675,0.337777777,-1.0084899414796382,48.94103253138151,9.497307630897422,0.36086086876252116,120.51664941329338,"19287"
"Randy Arozarena","STL","AA",22,195,0.138461538,0.174358974,0.794117647,0.251533742,0.365979381,0.380368098,0.746347479,0.128834356,6.348095916705704,0.299212598,0.26334373583085835,25.851875359256137,3.362032214243284,0.34733275746561815,111.43720631501837,"19290"
"Nick Senzel","CIN","AA",22,235,0.110638297,0.182978723,0.604651162,0.339712918,0.412765957,0.559808612,0.972574569,0.220095694,4.422387578834361,0.391025641,-0.5365193702746183,46.11810544649235,21.040299033318682,0.43992527241402485,179.36094663304013,"19293"
"Nick Solak","NYY","AA",22,132,0.075757575,0.181818181,0.416666666,0.285714285,0.34351145,0.428571428,0.772082878,0.142857143,4.195823242468725,0.340425531,-0.1772799880709499,17.321198641958063,1.9119420942686256,0.3461096932869831,117.24421079640759,"19294"
"Matt Thaiss","LAA","AA",22,221,0.167420814,0.226244343,0.74,0.292134831,0.411764705,0.387640449,0.799405154,0.095505618,3.1269419241940977,0.389312977,-0.36006014692247845,31.951507056717297,8.367697621349711,0.3699855757962673,129.55233689078364,"19318"
"Jose Rojas","LAA","AA",24,185,0.032432432,0.189189189,0.171428571,0.226744186,0.259459459,0.360465116,0.619924575,0.13372093,2.845715789606902,0.255474452,-0.39018559889518656,14.332651360925402,-5.409451560083663,0.27915632336036017,67.93048921581227,"19331"
"Yadiel Hernandez","WSN","AA",29,460,0.12173913,0.14347826,0.848484848,0.292191435,0.378555798,0.440806045,0.819361843,0.14861461,3.3886567897985267,0.322981366,0.3153201062232256,68.38609770970113,14.687173376844,0.3680827742368639,126.79179997474645,"19334"
"Nicky Lopez","KCR","AA",22,253,0.063241106,0.114624505,0.551724137,0.258620689,0.312,0.293103448,0.605103448,0.034482759,4.651150685684989,0.295566502,-0.371528445975855,21.061468459987605,-8.117661364054715,0.2839538369178772,70.41082715630502,"19339"
"Sean Murphy","OAK","AA",22,217,0.096774193,0.156682027,0.617647058,0.209424083,0.288372093,0.308900523,0.597272616,0.09947644,1.820488715,0.232258064,-0.10893515520729125,17.227752394032056,-7.799406387854049,0.2789989025093788,64.06084517987534,"19352"
"Austin Hays","BAL","AA",21,283,0.045936395,0.1590106,0.288888888,0.329501915,0.366548042,0.593869731,0.960417773,0.264367816,3.2658587115989794,0.344827586,-0.14233995135873556,53.19980304025043,20.163290896340495,0.4176106656573421,153.5666720191589,"19363"
"Tommy Edman","STL","AA",22,239,0.066945606,0.142259414,0.470588235,0.246575342,0.298319327,0.347031963,0.64535129,0.100456621,4.9797545349305725,0.281081081,0.07258410449139774,21.9451125376597,-5.619361881099647,0.29496992110204295,76.29369050611126,"19470"
"Andrew Knizner","STL","AA",22,202,0.06930693,0.133663366,0.518518518,0.324175824,0.371287128,0.461538461,0.832825589,0.137362637,1.9355855374967044,0.354838709,-0.5288554499857128,30.88458480468815,7.587413957033808,0.3734418136058467,128.96039816140288,"19514"
"Sheldon Neuse","OAK","AA",22,75,0.08,0.28,0.285714285,0.373134328,0.426666666,0.43283582,0.859502486,0.059701492,1.332373265,0.531914893,-0.05767155275680125,12.371527789765036,3.7215881186062445,0.38893707942318273,137.84626871091075,"19635"
"Fernando Tatis Jr.","SDP","AA",18,57,0.035087719,0.298245614,0.117647058,0.254545454,0.280701754,0.327272727,0.607974481,0.072727273,5.593166045830156,0.351351351,0.5722322242800146,4.139647703930604,-2.4343064461500767,0.27030649142605917,67.16070701915194,"19709"
"Ozzie Martinez","CHC","AA",29,51,0.058823529,0.039215686,1.5,0.291666666,0.333333333,0.4375,0.770833333,0.145833334,1.08035714,0.288888888,-0.004844602080993354,6.7061242722538905,1.263706710245986,0.35227494730668907,118.51220600243582,"3900"
"Jerry Sands","SFG","AA",29,254,0.149606299,0.173228346,0.863636363,0.297674418,0.401574803,0.48372093,0.885295733,0.186046512,5.371226953056496,0.353293413,0.26364977518096566,42.939980529767524,13.288835354668151,0.3937659164269765,149.04941138977716,"4016"
"Miguel Gonzalez","DET","AA",26,102,0.078431372,0.176470588,0.444444444,0.241758241,0.323529411,0.384615384,0.708144795,0.142857143,3.4598512175106,0.260869565,0.22795203235000372,11.632958142481252,-0.2741946443696783,0.32447876941924003,92.42037118123496,"4049"
"Emilio Bonifacio","ARI","AA",32,100,0.04,0.15,0.266666666,0.285714285,0.3125,0.417582417,0.730082417,0.131868132,7.881452797315466,0.328947368,-0.5163335282704793,11.515752280692118,0.8443452963628948,0.3301641295353572,104.09706740570874,"4054"
"Logan Watkins","DET","AA",27,285,0.119298245,0.154385964,0.772727272,0.239495798,0.348754448,0.306722689,0.655477137,0.067226891,4.303159810040687,0.283505154,-1.5734914783388376,29.555710433430487,-3.714275294535345,0.3114488143937868,83.66397428315977,"4875"
"Caleb Gindl","SFG","AA",28,185,0.075675675,0.189189189,0.4,0.284023668,0.335135135,0.532544378,0.867679513,0.24852071,4.6187118087728,0.3125,-0.36829541018232703,28.511572005000627,6.915265479829824,0.37494917861793353,136.40417782902153,"5002"
"Corban Joseph","WSN","AA",28,226,0.084070796,0.101769911,0.826086956,0.298507462,0.357142857,0.452736318,0.809879175,0.154228856,2.1050604265602892,0.304597701,-1.5780017508659512,32.45026467840259,6.067749680085825,0.36168367309229715,122.4914728206391,"5503"
"Neftali Soto","WSN","AA",28,280,0.089285714,0.189285714,0.471698113,0.329365079,0.385714285,0.539682539,0.925396824,0.21031746,2.48469387125,0.380208333,0.07686808076687157,50.21755791345683,17.531256145630746,0.40673165300062725,152.7646388264546,"5663"
"Devin Mesoraco","CIN","AA",29,55,0.109090909,0.181818181,0.6,0.170212765,0.29090909,0.255319148,0.546228238,0.085106383,0.9601648275000001,0.194444444,-0.005652035761158913,3.884666891488161,-1.9846069498929124,0.26989314556121824,64.0050063409129,"5666"
"Travis Denker","ARI","AA",31,228,0.135964912,0.166666666,0.815789473,0.295698924,0.399122807,0.467741935,0.866864742,0.172043011,0.86279384625,0.326530612,-0.029471329326042905,37.17378824039039,12.842980316119753,0.394980683138496,148.0709600210603,"6155"
"Ryan Lollis","SFG","AA",30,178,0.056179775,0.140449438,0.4,0.23030303,0.276836158,0.254545454,0.531381612,0.024242424,1.6263764451228615,0.269503546,-0.16530054691247642,9.587267307360126,-11.191881673615026,0.24866537926560742,51.53887577956989,"6623"
"Jermaine Curtis","OAK","AA",29,250,0.148,0.168,0.88095238,0.310344827,0.428,0.403940886,0.831940886,0.093596059,3.5009608759112156,0.380368098,-0.19720691395923495,40.668029711724884,11.834897474528912,0.3860055215387459,135.87874254137537,"7765"
"Jackson Williams","PIT","AA",31,97,0.092783505,0.18556701,0.5,0.211764705,0.298969072,0.258823529,0.557792601,0.047058824,1.4409340587500001,0.253731343,0.026953742606565356,6.621951264048219,-4.701517562662959,0.2668120633695543,58.63210279208898,"8524"
"Audry Perez","BAL","AA",28,204,0.044117647,0.147058823,0.3,0.300518134,0.333333333,0.419689119,0.753022452,0.119170985,1.4409340587500001,0.345679012,0.04791776463389397,25.020689220781506,1.206383647079646,0.3353137955289756,98.26148816352548,"9176"
"Jeff Kobernus","SEA","AA",29,150,0.06,0.2,0.3,0.222222222,0.278911564,0.251851851,0.530763415,0.029629629,4.774489497373098,0.283018867,0.5060634075198323,8.70561238508267,-8.594266957234911,0.25156271700956384,60.17520945645581,"9591"
"Cody Decker","NYM","AA",30,134,0.111940298,0.276119402,0.405405405,0.263157894,0.350746268,0.526315789,0.877062057,0.263157895,1.327067665,0.315068493,0.02994860289618373,21.150555168621704,5.507825036876367,0.3796391917350597,136.12113137332403,"9665"
"Steven Baron","SEA","AA",26,57,0.070175438,0.210526315,0.333333333,0.196078431,0.280701754,0.274509803,0.555211557,0.078431372,0.14285714,0.236842105,-0.029903768096119165,3.917339065896999,-2.6566150841836813,0.26529527337927566,69.39186663913262,"9787"
"Mario Lisson","WSN","AA",33,228,0.105263157,0.219298245,0.48,0.192118226,0.276315789,0.349753694,0.626069483,0.157635468,3.7400969848478693,0.217687074,0.6439246265217662,18.6118570762923,-8.004131506080368,0.2836448726149908,70.0477990631984,"sa202240"
"Allan de San Miguel","KCR","AA",29,126,0.063492063,0.206349206,0.307692307,0.236842105,0.309523809,0.333333333,0.642857142,0.096491228,1.3621794641481686,0.298850574,-0.46904791379347444,12.033130006450406,-2.4987686410963614,0.2996988845249963,80.97817544986881,"sa295122"
"Jeremy Barfield","BOS","AA",28,384,0.078125,0.231770833,0.337078651,0.287790697,0.359375,0.584302325,0.943677325,0.296511628,2.58066681076932,0.31441048,0.2898458116687834,70.42575768886564,25.598829550132734,0.4118356159888208,152.90174845452975,"sa327073"
"Dan Rohlfing","MIN","AA",28,251,0.087649402,0.390438247,0.224489795,0.142222222,0.22,0.217777777,0.437777777,0.075555555,2.8928571400000003,0.224,-0.018974691483890638,7.061259249777361,-19.72397228088899,0.2123691303730011,21.113333703862523,"sa389665"
"Quincy Latimore","LAD","AA",28,166,0.030120481,0.204819277,0.147058823,0.264516129,0.292682926,0.361290322,0.653973248,0.096774193,4.989412083668362,0.322314049,-0.2911041830666363,15.336021667642843,-3.80917813785528,0.2956960288489737,79.37524134978167,"sa389676"
"Myles Schroder","SFG","AA",29,385,0.093506493,0.197402597,0.47368421,0.259036144,0.352631578,0.412650602,0.76528218,0.153614458,5.516581702797543,0.317269076,0.48960523400455713,50.990912664355754,6.04724773359489,0.34764986365325845,118.05847852236228,"sa392193"
"Anthony Phillips","COL","AA",27,314,0.06687898,0.232484076,0.287671232,0.209059233,0.265372168,0.282229965,0.547602133,0.073170732,2.0610288458375985,0.266666666,-1.996452079853043,16.76801859795185,-19.88733409882454,0.248086308260433,40.65256627101037,"sa392886"
"Eliezer Zambrano","SFG","AA",30,118,0.025423728,0.161016949,0.157894736,0.2,0.220338983,0.234782608,0.455121591,0.034782608,2.3312327847211805,0.239583333,-0.3872628586832434,2.5612666678591944,-11.21367479143894,0.208161823325238,24.319655843319254,"sa393574"
"Gustavo Nunez","NYM","AA",29,280,0.057142857,0.142857142,0.4,0.262548262,0.302158273,0.332046332,0.634204605,0.06949807,5.116304543067653,0.30316742,-0.18223545770160854,23.556296357559845,-9.130005410266238,0.2867253934863672,73.3234396472845,"sa446859"
"Zach Collier","WSN","AA",26,106,0.075471698,0.301886792,0.25,0.278350515,0.339622641,0.443298969,0.78292161,0.164948454,6.1757982075667055,0.396825396,0.22495717206038535,14.282674689144976,1.9085747341822445,0.35054482716434404,115.00594000482084,"sa454396"
"Kenny Wilson","OAK","AA",27,76,0.131578947,0.184210526,0.714285714,0.25,0.368421052,0.390625,0.759046052,0.140625,7.063089774552266,0.291666666,-0.26120041497051716,10.436906485770965,1.6716342856633912,0.3534410627264726,114.02298275916225,"sa454437"
"Rene Garcia","MIL","AA",27,52,0.076923076,0.153846153,0.5,0.311111111,0.384615384,0.422222222,0.806837606,0.111111111,1.720981121650123,0.351351351,-0.18372612647362985,7.606585553034473,2.057453921183278,0.3722914422933872,136.90353038011608,"sa454693"
"Harold Martinez","PHI","AA",27,110,0.09090909,0.181818181,0.5,0.232323232,0.309090909,0.323232323,0.632323232,0.090909091,2.64285714,0.282051282,0.025955455843359232,9.507358721395006,-3.333688401679525,0.28969051695744924,67.93083843518247,"sa455422"
"Zack Cox","DET","AA",28,313,0.095846645,0.223642172,0.428571428,0.281021897,0.351437699,0.361313868,0.712751567,0.080291971,2.189156048437518,0.357487922,0.2938389587216079,36.25942144965709,-0.27919445509135177,0.32674128159928245,93.94082574891999,"sa455436"
"Vladimir Frias","ARI","AA",30,121,0.057851239,0.132231404,0.4375,0.223214285,0.272727272,0.25,0.522727272,0.026785715,4.4498345169239055,0.257731958,0.0341626203735359,6.591219053547595,-6.321183397490765,0.2480228415205459,48.36944880126856,"sa455557"
"Angel Franco","ARI","AA",27,59,0.050847457,0.169491525,0.3,0.285714285,0.322033898,0.339285714,0.661319612,0.053571429,3.2241055103293546,0.347826086,-0.5601853528060019,5.784772828423656,-0.5113572923305858,0.3070037274037377,88.38421351810443,"sa455631"
"Emerson Landoni","ATL","AA",28,57,0.070175438,0.228070175,0.307692307,0.173076923,0.245614035,0.173076923,0.418690958,0,2.40247252125,0.23076923,-0.005652035761158913,1.4502578642627026,-4.632444116804955,0.2087288404765882,26.922398576448437,"sa455907"
"Gabriel Noriega","MIL","AA",26,140,0.014285714,0.192857142,0.074074074,0.233576642,0.242857142,0.313868613,0.556725755,0.080291971,1.27566964,0.275229357,-0.010900354682235047,8.239280120519721,-6.700689657541192,0.2539503093276705,56.616628597645246,"sa455932"
"Garabez Rosa","BAL","AA",27,544,0.03125,0.180147058,0.173469387,0.309751434,0.332720588,0.443594646,0.776315234,0.133843212,3.1776167948680403,0.35835351,-1.7113571213558316,71.02731531986507,7.522500456660109,0.3452830255360893,104.96101510279456,"sa455978"
"Jose Gonzalez","MIN","AA",30,88,0.102272727,0.318181818,0.321428571,0.155844155,0.25,0.207792207,0.457792207,0.051948052,2.6943418993065005,0.224489795,-0.3849372799741104,3.3889574581620927,-6.001880688047624,0.22641705044291235,30.643950410292977,"sa456023"
"Carlos Paulino","MIN","AA",27,97,0.12371134,0.12371134,1,0.35,0.4375,0.4125,0.85,0.0625,1.23660714,0.4,-0.014533806242980063,15.56115121546893,5.2098864406695835,0.3914360843206707,142.59882724098884,"sa456100"
"Jio Mier","NYM","AA",26,113,0.053097345,0.256637168,0.206896551,0.240384615,0.28318584,0.384615384,0.667801224,0.144230769,2.8922818588140324,0.306666666,-0.3994828804861754,10.4262072930816,-2.765050206076783,0.29704264518433965,80.61455881834382,"sa500732"
"Kelly Dugan","ARI","AA",26,359,0.083565459,0.22562674,0.37037037,0.255591054,0.337078651,0.456869009,0.79394766,0.201277955,4.4402850752418,0.301801801,0.3896285710216034,49.41539676967239,11.105045695930478,0.3606058195822657,124.74981018109358,"sa500838"
"Jan Vazquez","COL","AA",26,224,0.111607142,0.214285714,0.520833333,0.288770053,0.392694063,0.43315508,0.825849143,0.144385027,3.735280402185925,0.360902255,-0.5587937068194151,35.02262538191968,8.873583967658817,0.3777636722342609,127.79841331598104,"sa501536"
"K.C. Hobson","SFG","AA",26,223,0.076233183,0.246636771,0.309090909,0.246305418,0.304932735,0.443349753,0.748282488,0.197044335,3.490324086417102,0.280575539,0.24891605437733233,26.14719906444948,0.11489444221656749,0.3285138385867641,105.19867737904158,"sa501541"
"Stephen Perez","WSN","AA",26,274,0.109489051,0.251824817,0.434782608,0.213043478,0.315789473,0.3,0.615789473,0.086956522,5.630360425134213,0.284810126,1.0524280520621687,24.060849435174017,-7.9250315804843625,0.291432299560174,75.2811096167333,"sa501997"
"Anthony Garcia","STL","AA",25,398,0.100502512,0.180904522,0.555555555,0.293948126,0.370277078,0.4870317,0.857308778,0.193083574,4.94485528023187,0.328301886,0.557241007918492,63.29955644367984,17.397209922063865,0.38134397573882556,134.26396418515,"sa502038"
"Joey Wong","SEA","AA",29,473,0.139534883,0.167019027,0.835443037,0.241025641,0.35974304,0.287179487,0.646922527,0.046153846,2.542984180707576,0.294871794,-0.7360458432231098,50.283882020034035,-4.268404172740733,0.31358505571679846,101.80173682271074,"sa502131"
"Victor Roache","MIL","AA",25,80,0.05,0.325,0.153846153,0.175675675,0.2375,0.229729729,0.467229729,0.054054054,5.072620975307711,0.270833333,0.3939442533592228,2.9657638925199716,-5.571361694943407,0.2244694821536541,36.61576992349389,"sa502154"
"Edgar Corcino","MIN","AA",25,447,0.085011185,0.147651006,0.575757575,0.301745635,0.360986547,0.399002493,0.75998904,0.097256858,3.2073161422199266,0.344311377,-0.3842831573274452,57.71514433632516,10.013955116373536,0.34905887871712177,113.84859932916585,"sa502309"
"Jonathan Rodriguez","MIN","AA",27,524,0.152671755,0.215648854,0.707964601,0.30875576,0.414122137,0.525345622,0.939467759,0.216589862,2.7562962508096116,0.368078175,0.3341941610269714,96.51257254978535,40.59439995190022,0.42359713770420615,164.4180482465267,"sa503023"
"Cam Maron","MIA","AA",26,270,0.129629629,0.166666666,0.777777777,0.270386266,0.362962962,0.386266094,0.749229056,0.115879828,1.5447388587500002,0.313513513,-0.03270106404670514,34.658206724677534,5.84540786698863,0.3480397367566048,122.26997628522761,"sa503041"
"Patrick Biondi","NYM","AA",26,303,0.112211221,0.194719471,0.576271186,0.234848484,0.325581395,0.284090909,0.609672304,0.049242425,6.636890322777843,0.294117647,1.188609630567953,26.192740610183666,-9.178507374285271,0.28970834642549687,75.68575969539721,"sa503056"
"Alex Glenn","MIA","AA",26,220,0.077272727,0.313636363,0.246376811,0.179104477,0.242009132,0.288557213,0.530566345,0.109452736,5.012507133807336,0.253846153,0.0069883891846984625,12.007453940002994,-11.469641425521298,0.24816693154644204,54.512655548986814,"sa503215"
"Art Charles","MIL","AA",26,122,0.090163934,0.344262295,0.261904761,0.175925925,0.247933884,0.287037037,0.534970921,0.111111112,0.8571428525,0.257575757,-0.00888177048182115,6.921869188061118,-6.097247332820535,0.25108699709915916,54.67405409373514,"sa503326"
"Jeff Gelalich","CHW","AA",26,86,0.081395348,0.220930232,0.368421052,0.293333333,0.369047619,0.36,0.729047619,0.066666667,4.416506194586463,0.381818181,0.4118329972261563,10.76707503931337,1.5896650327902382,0.34375542189393726,116.6971797769957,"sa503399"
"Francisco Diaz","NYY","AA",27,172,0.058139534,0.139534883,0.416666666,0.227848101,0.276470588,0.25949367,0.535964258,0.031645569,1.82763974625,0.266666666,0.04192804405465722,9.502969389439897,-10.575758839367552,0.2504147000172559,52.935213521168045,"sa505229"
"Anderson Feliz","PIT","AA",25,204,0.12745098,0.225490196,0.565217391,0.245714285,0.343283582,0.365714285,0.708997867,0.12,6.827762584888734,0.322834645,0.21301369508728385,23.31372767100038,-0.500577902701479,0.3247739857435226,97.58370287746511,"sa505526"
"Alex Monsalve","TOR","AA",25,84,0.011904761,0.083333333,0.142857142,0.283950617,0.309523809,0.320987654,0.630511463,0.037037037,1.86160714,0.31081081,0.02296059555374086,7.222038669032056,-2.5838518613157673,0.2891187972965695,70.35008472831832,"sa505988"
"Keury De La Cruz","SEA","AA",25,127,0.039370078,0.188976377,0.208333333,0.237704918,0.267716535,0.278688524,0.546405059,0.040983606,5.826298839140124,0.295918367,0.5309521011076868,7.445031319300526,-7.202199857195026,0.2523142136926726,60.679579299597954,"sa506223"
"Heiker Meneses","BOS","AA",25,80,0.0875,0.175,0.5,0.228571428,0.294871794,0.271428571,0.566300365,0.042857143,3.578536882569243,0.280701754,-0.40147945401258767,5.008104729570382,-4.330838632665641,0.2596747728137227,50.64654246308851,"sa506229"
"Juan Ciriaco","COL","AA",26,99,0.03030303,0.151515151,0.2,0.195652173,0.21875,0.282608695,0.501358695,0.086956522,3.137876345880683,0.210526315,-0.20347602455876768,3.5162393290201344,-8.040703081746944,0.22555957920849323,25.514142538245054,"sa506307"
"Carlos Garcia","SFG","AA",25,139,0.021582733,0.143884892,0.15,0.242424242,0.26618705,0.333333333,0.599520383,0.090909091,6.263507847500912,0.267857142,-0.000721741933375597,9.713355756304079,-6.513058335581011,0.26884347414798876,65.09896920214908,"sa506356"
"Carlos Franco","ATL","AA",25,165,0.084848484,0.272727272,0.311111111,0.293333333,0.357575757,0.56,0.917575757,0.266666667,0.7146656462500001,0.351063829,-0.0157449567632284,28.80590820953149,11.198086685388274,0.4105986945468224,163.87820371711678,"sa506528"
"Ali Castillo","SFG","AA",28,110,0.054545454,0.081818181,0.666666666,0.297029702,0.336363636,0.326732673,0.663096309,0.029702971,1.0768262252507388,0.319148936,-0.586505155544728,10.796590564817029,-2.0444565582575027,0.30445361625064504,89.0297147218843,"sa507143"
"Jose Rosario","BOS","AA",25,55,0.036363636,0.236363636,0.153846153,0.14,0.188679245,0.16,0.348679245,0.02,2.7210240119402633,0.189189189,-0.40123887336812913,-0.5388504633333715,-6.9593740248706375,0.16848013311062218,-10.638124955749193,"sa507166"
"Aderlin Rodriguez","BAL","AA",25,536,0.08022388,0.190298507,0.421568627,0.278925619,0.34141791,0.47107438,0.81249229,0.192148761,1.58035714,0.31043956,0.12977727921679616,75.30515373155285,12.734233204571497,0.3577907549010383,113.36646565110864,"sa511026"
"Noah Perio","SDP","AA",25,466,0.064377682,0.128755364,0.5,0.281395348,0.329741379,0.362790697,0.692532076,0.081395349,4.72725221166832,0.317934782,-0.8982479125261307,50.40534474370118,-3.339613746432108,0.31597178968000206,97.80914477685648,"sa513056"
"Leon Landry","CIN","AA",27,112,0.035714285,0.214285714,0.166666666,0.198113207,0.234234234,0.264150943,0.498385177,0.066037736,6.980344561740036,0.25609756,0.014659009146271273,4.756455334707569,-7.195520487741161,0.23177378940152693,38.14345738235441,"sa526198"
"Levi Michael","MIN","AA",26,341,0.096774193,0.249266862,0.388235294,0.264406779,0.361764705,0.379661016,0.741425721,0.115254237,4.600874555656176,0.352941176,-0.1482271526765544,43.712122179889604,7.322624363326955,0.3478019309606524,112.99584054158021,"sa526207"
"Chris O'Brien","BAL","AA",27,90,0.144444444,0.211111111,0.684210526,0.202702702,0.333333333,0.31081081,0.644144143,0.108108108,1.2005494462500002,0.24074074,0.025955455843359232,8.967104879229652,-1.5392064032858734,0.3063224818971422,78.7787310656681,"sa526558"
"Willie Argo","SEA","AA",27,71,0.056338028,0.394366197,0.142857142,0.179104477,0.225352112,0.358208955,0.583561067,0.179104478,2.1964285649999997,0.27027027,-0.017087867483496666,4.688856996156001,-3.499752559207654,0.26184536705554373,67.07644895271294,"sa546652"
"Khayyan Norfork","WSN","AA",28,317,0.085173501,0.201892744,0.421875,0.267857142,0.343949044,0.339285714,0.683234758,0.071428572,2.9200534728572807,0.336448598,0.08361550746485591,34.47129497779924,-2.5342680950610004,0.3177947853780856,92.9972405312744,"sa546794"
"Nick Rickles","WSN","AA",27,107,0.046728971,0.102803738,0.454545454,0.26,0.289719626,0.46,0.749719626,0.2,2.765389040010982,0.252873563,0.2189674514811486,12.424396007669527,-0.06644073932115391,0.32708270583197335,94.30902170211536,"sa546837"
"Paul Hoenecke","LAD","AA",26,184,0.038043478,0.239130434,0.159090909,0.219653179,0.255434782,0.404624277,0.660059059,0.184971098,2.1000113076653224,0.25,0.13805648335255682,16.703266048498428,-4.517919278077805,0.29363116233245184,77.98939837208636,"sa546964"
"Rodrigo Vigil","MIA","AA",24,93,0.043010752,0.150537634,0.285714285,0.305882352,0.351648351,0.34117647,0.692824821,0.035294118,0.76785714,0.366197183,-0.011707788362400606,10.32982786072344,0.4054193652972632,0.3246359818584316,106.39202308534567,"sa547818"
"Armando Araiza","ATL","AA",24,55,0.072727272,0.272727272,0.266666666,0.18,0.24074074,0.3,0.54074074,0.12,2.1220238025,0.235294117,0.004778570058988407,3.1871071885926714,-2.8625756521122465,0.25174055717609545,50.76890468799154,"sa547843"
"Luigi Rodriguez","CLE","AA",24,309,0.061488673,0.304207119,0.202127659,0.276223776,0.319218241,0.496503496,0.815721737,0.22027972,3.697144911927324,0.364640883,-1.6208921174984425,43.17968087717134,7.108012140534706,0.35684021839908525,122.75035872652983,"sa547914"
"Erick Salcedo","BAL","AA",24,460,0.076086956,0.108695652,0.7,0.259803921,0.32,0.340686274,0.660686274,0.080882353,2.625389832812351,0.282913165,-1.5293262801133096,44.713205723485025,-8.98571860937211,0.30325924277305605,76.7201715762598,"sa548029"
"Gabriel Lino","STL","AA",24,218,0.077981651,0.270642201,0.288135593,0.267015706,0.339449541,0.418848167,0.758297708,0.151832461,2.1780133900000003,0.356060606,-0.11320712207816541,27.86000215125209,2.7175108404172037,0.3411967660974248,107.3190124846814,"sa548048"
"Gabriel Quintana","DET","AA",24,466,0.042918454,0.26609442,0.161290322,0.264976958,0.298924731,0.5,0.798924731,0.235023042,3.768120117600721,0.315254237,0.28185951756313443,60.98792427746803,6.588579192443197,0.3456740819609706,106.66405572439692,"sa548052"
"Luis Tejada","LAA","AA",24,187,0.07486631,0.203208556,0.368421052,0.198830409,0.26344086,0.280701754,0.544142614,0.081871345,3.4711500440801375,0.238461538,-0.7475449308403768,11.533074051001448,-8.4224570096942,0.2577703614388743,53.42147969997962,"sa548053"
"Drew Vettleson","TEX","AA",25,106,0.028301886,0.339622641,0.083333333,0.19,0.221153846,0.31,0.531153846,0.12,4.369706412945534,0.262295081,0.5587198857683688,5.299585641322438,-6.925662427248652,0.24123059728970894,38.96134492074809,"sa548166"
"Matt Lipka","TEX","AA",25,102,0.029411764,0.31372549,0.09375,0.159574468,0.215686274,0.223404255,0.439090529,0.063829787,8.758018638212999,0.238095238,0.5587198857683688,2.4219790857745935,-9.341938867001362,0.20750101641112684,16.32360905396381,"sa548175"
"Stetson Allie","LAD","AA",26,99,0.09090909,0.414141414,0.219512195,0.21590909,0.292929292,0.34090909,0.633838382,0.125,3.1567460274999997,0.382978723,-0.042719668708741665,8.492173324051588,-2.925747041878016,0.2872079410115067,73.67842907184864,"sa548192"
"Marcus Littlewood","SEA","AA",25,300,0.046666666,0.223333333,0.208955223,0.241992882,0.274247491,0.377224199,0.65147169,0.135231317,2.40429485629274,0.28229665,0.06756902998313308,26.964274780924118,-7.635483903711044,0.2924777225507143,87.63547028100463,"sa548261"
"Sean Coyle","BAL","AA",25,150,0.106666666,0.24,0.444444444,0.186567164,0.273333333,0.305970149,0.579303482,0.119402985,4.465750177063104,0.24742268,-1.212941781617701,10.433496104988933,-7.07702269920361,0.26843584060668946,53.31813142229611,"sa548268"
"Angelo Gumbs","CIN","AA",24,163,0.092024539,0.196319018,0.46875,0.231292517,0.300613496,0.31292517,0.613538666,0.081632653,6.446149760077248,0.286956521,0.5838513353373855,13.354077470535819,-4.040315913920816,0.28518388595110106,74.37879727140391,"sa548279"
"Justin O'Conner","TBR","AA",25,274,0.0729927,0.262773722,0.277777777,0.23553719,0.304029304,0.392561983,0.696591287,0.157024793,4.52859736052964,0.297619047,0.5761807153758127,29.087895345245357,-0.15175979181671231,0.31798556929125504,98.90795911254112,"sa548314"
"Dickie Joe Thon","STL","AA",25,184,0.059782608,0.304347826,0.196428571,0.23668639,0.281767955,0.378698224,0.660466179,0.142011834,4.342773930306421,0.327272727,0.12096861586906016,17.310978475470623,-3.910206851105608,0.2978748372905162,78.24333600056686,"sa548351"
"Wynston Sawyer","LAD","AA",25,201,0.064676616,0.208955223,0.309523809,0.277173913,0.333333333,0.429347826,0.762681159,0.152173913,2.5471388873434524,0.338129496,-0.7124640233814716,26.21280223558475,3.0309639168791906,0.3445551493274632,112.16722498150745,"sa548430"
"Jake DePew","BOS","AA",25,112,0.071428571,0.178571428,0.4,0.217821782,0.288288288,0.277227722,0.56551601,0.05940594,3.440368013625024,0.253164556,0.22994860587641597,7.641539942199579,-5.432980764930854,0.2667623038764472,55.40950863537536,"sa548454"
"David Vidal","MIA","AA",27,432,0.104166666,0.162037037,0.642857142,0.284574468,0.365339578,0.438829787,0.804169365,0.154255319,2.7165370991691224,0.325503355,0.15397628321079537,61.161348752212305,15.060870579910056,0.36592517334138047,134.40410289388947,"sa548470"
"Hunter Jones","CHW","AA",25,464,0.077586206,0.185344827,0.418604651,0.221951219,0.302173913,0.351219512,0.653393425,0.129268293,5.451733517590309,0.263322884,1.0270209350564983,44.86023345481426,-4.65509495247334,0.3051554738179497,90.5095798924899,"sa548556"
"Chace Numata","PHI","AA",24,340,0.088235294,0.108823529,0.81081081,0.249180327,0.317647058,0.350819672,0.66846673,0.101639345,1.9803610579352007,0.269662921,-0.3263673661276698,33.12123487705762,-6.569274412445481,0.30352725890966564,77.22941268760128,"sa549139"
"Ronald Bueno","CHW","AA",24,67,0.164179104,0.104477611,1.571428571,0.203703703,0.338461538,0.296296296,0.634757834,0.092592593,1.4191418073567401,0.217391304,-0.5613965033262502,6.669583027098675,-0.48025965240190505,0.3090327629676232,93.14007298766975,"sa549192"
"Ryan Casteel","SEA","AA",26,424,0.073113207,0.198113207,0.369047619,0.272493573,0.323113207,0.429305912,0.752419119,0.156812339,2.105461243170125,0.316498316,-0.013598340563476086,53.25937059910186,4.358378324817494,0.3383874426472862,118.44795268348034,"sa549286"
"Jeff Arnold","SFG","AA",29,221,0.131221719,0.316742081,0.414285714,0.183783783,0.3,0.345945945,0.645945945,0.162162162,2.5770170033231343,0.25,-0.3633039763662964,19.860203656618253,-5.93862738155876,0.2940168561191734,82.0159979544318,"sa549361"
"Jose Vinicio","CHW","AA",23,210,0.052380952,0.238095238,0.22,0.22051282,0.260869565,0.333333333,0.594202898,0.112820513,5.702256368404592,0.279720279,0.030125451972708106,15.358842686632787,-7.051111980458584,0.2732866141531203,68.88859366641798,"sa549538"
"Viosergy Rosa","OAK","AA",27,585,0.095726495,0.234188034,0.408759124,0.255319148,0.324786324,0.41779497,0.742581294,0.162475822,1.793415587156532,0.306451612,-0.6997341248206794,70.34895647307563,2.8794270380370617,0.3315042281972951,99.29999323810928,"sa549558"
"Dominic Ficociello","DET","AA",25,378,0.111111111,0.23015873,0.48275862,0.306060606,0.379310344,0.445454545,0.824764889,0.139393939,5.525601809854783,0.390041493,1.292359525570646,56.897883138527654,12.771375751962447,0.3704232352165708,123.29599408289384,"sa549668"
"Dustin Geiger","MIA","AA",25,126,0.071428571,0.301587301,0.236842105,0.210526315,0.285714285,0.368421052,0.654135337,0.157894737,1.52678570875,0.267605633,-0.011304071522317827,12.19197409787629,-1.2539987023785306,0.3052639786213163,93.24935593107263,"sa549747"
"Jay Gonzalez","BAL","AA",25,167,0.161676646,0.19760479,0.818181818,0.283582089,0.396341463,0.380597014,0.776938477,0.097014925,7.674634389821251,0.365384615,1.4242354480084032,23.493023899376443,3.9979796307087456,0.358020131544369,113.52061145776938,"sa549777"
"Stewart Ijames","ARI","AA",28,163,0.116564417,0.312883435,0.372549019,0.219858156,0.312883435,0.411347517,0.724230952,0.191489361,5.050182179271921,0.290697674,0.00860325654502958,18.800650867643437,1.4062574831868013,0.3304130434989929,104.26593963508394,"sa549845"
"Taylor Ard","MIA","AA",27,413,0.075060532,0.278450363,0.269565217,0.214673913,0.2905569,0.369565217,0.660122117,0.154891304,2.5914742259418206,0.273469387,0.1892248512012884,39.326659075765356,-4.7462517695143385,0.30317979004324935,91.83536707132522,"sa550014"
"Michael O'Neill","TEX","AA",25,309,0.084142394,0.265372168,0.31707317,0.261992619,0.345276872,0.413284132,0.758561004,0.151291513,6.466967814178479,0.346153846,1.003536211559549,40.86044590636127,5.222694461187054,0.34689684081155236,109.87964418730427,"sa550175"
"Darian Sandford","WSN","AA",30,169,0.112426035,0.218934911,0.513513513,0.226027397,0.319277108,0.239726027,0.559003135,0.01369863,5.923121298985373,0.302752293,1.3793485078494996,12.226113606036245,-7.502404246687355,0.27194668442369946,62.18637677960457,"sa550302"
"Tyler Marincov","OAK","AA",25,327,0.091743119,0.290519877,0.315789473,0.265734265,0.339449541,0.444055944,0.783505485,0.178321679,4.827230972675793,0.356382978,-0.7907523028552532,44.40632861490756,6.692591648655232,0.35147706685809915,112.70483949874823,"sa550348"
"Eric Jagielo","CIN","AA",25,228,0.131578947,0.23245614,0.566037735,0.230366492,0.348017621,0.35078534,0.698802961,0.120418848,0.7859730775,0.291044776,-0.02624159460538067,26.30562399332741,1.9748160690567789,0.3304592376261686,105.09523222522536,"sa550383"
"Damek Tomscha","PHI","AA",25,175,0.062857142,0.102857142,0.611111111,0.314465408,0.373563218,0.421383647,0.794946865,0.106918239,2.926144017885435,0.335766423,0.2559040617197752,25.178905447189763,4.749966842298462,0.36205427537019225,116.56076758387228,"sa550391"
"Alberth Martinez","SDP","AA",26,430,0.058139534,0.190697674,0.304878048,0.240506329,0.296037296,0.387341772,0.683379068,0.146835443,4.59640493949355,0.278688524,0.19782468723133206,44.2052129987416,-5.387774449235465,0.3090807911113044,93.18422500634065,"sa550588"
"Jonathan Reynoso","CIN","AA",24,79,0.075949367,0.189873417,0.4,0.28169014,0.341772151,0.408450704,0.750222855,0.126760564,6.027888504843057,0.327272727,0.4373923610546626,9.973926642431385,1.543515124811299,0.3451816703699812,115.08346270839935,"sa551309"
"L.J. Mazzilli","NYM","AA",26,371,0.107816711,0.142857142,0.754716981,0.259259259,0.343243243,0.36419753,0.707440773,0.104938271,4.409113589470211,0.296296296,0.6803800754714757,42.226939382015544,-1.0824104603540112,0.32418985612347195,98.85804110162535,"sa577753"
"Kevin Medrano","ARI","AA",27,298,0.083892617,0.154362416,0.54347826,0.320610687,0.381944444,0.435114503,0.817058947,0.114503816,2.8429912220636995,0.38028169,0.1652803547331132,44.52257070131543,12.72177788801435,0.3765201612065236,135.54667472767213,"sa577957"
"Cameron Seitzer","CHW","AA",27,253,0.075098814,0.233201581,0.322033898,0.220264317,0.293650793,0.352422907,0.6460737,0.13215859,3.0656259156735657,0.26993865,0.3777955797559116,23.493563981773832,-3.505095688579104,0.29998264535964725,87.00014610593308,"sa578022"
"Levi Hyams","ATL","AA",27,97,0.041237113,0.226804123,0.181818181,0.188888888,0.237113402,0.2,0.437113402,0.011111112,0.7083333274999999,0.246376811,-0.00847805364173837,2.227756894909153,-8.123507879890195,0.2053766349951426,24.648141219782325,"sa578168"
"Sharif Othman","NYY","AA",28,52,0.019230769,0.23076923,0.083333333,0.274509803,0.288461538,0.431372549,0.719834087,0.156862746,0.47939559625,0.324324324,0.010981154395267367,5.6985759889493846,-0.3717371965040303,0.3188601010120832,98.93192615661867,"sa578858"
"Isaac Ballou","WSN","AA",27,142,0.105633802,0.309859154,0.34090909,0.193548387,0.283687943,0.306451612,0.590139555,0.112903225,6.345812492177004,0.278481012,0.43194518238306046,10.508959926287115,-6.067664541681825,0.27404129547430267,63.59399834624448,"sa579269"
"Joe Sever","CLE","AA",26,481,0.066528066,0.17047817,0.390243902,0.281818181,0.332640332,0.386363636,0.719003968,0.104545455,3.5384735751714302,0.328651685,0.30933038564398885,55.13725056812049,-1.0131463973235995,0.32521167787841354,101.49533109482688,"sa579296"
"Jordan Smith","CLE","AA",26,179,0.106145251,0.20670391,0.513513513,0.267515923,0.348314606,0.343949044,0.69226365,0.076433121,3.589207098610294,0.336134453,-0.9972097710706294,19.978953033110496,-0.9169327398926028,0.32141242033979867,98.94215214208836,"sa579297"
"Cal Towey","MIA","AA",27,95,0.136842105,0.389473684,0.351351351,0.177215189,0.305263157,0.278481012,0.583744169,0.101265823,1.4409340587500001,0.309523809,-0.009285487321903929,7.707476454002359,-2.4303601811104034,0.28410708276849045,78.8957531153054,"sa579778"
"Gianfranco Wawoe","SEA","AA",22,61,0.032786885,0.13114754,0.25,0.24137931,0.262295081,0.327586206,0.589881287,0.086206896,6.273015916920555,0.274509803,0.37650418817065656,4.196323780695172,-2.8389604851806434,0.2653812912643933,69.44959786829082,"sa596239"
"Argenis Raga","OAK","AA",22,105,0.076190476,0.238095238,0.32,0.2,0.257142857,0.315789473,0.57293233,0.115789473,1.76785714,0.242857142,-0.042719668708741665,6.929094028769427,-5.180821510852881,0.2617825780596052,52.506043864857666,"sa596833"
"Yonathan Mendoza","CLE","AA",23,55,0.072727272,0.163636363,0.444444444,0.196078431,0.254545454,0.294117647,0.548663101,0.098039216,3.8288559509295403,0.219512195,0.41098116035573184,3.142630631556051,-3.2778929299812147,0.25279401540756224,52.82917731402655,"sa596904"
"Carlos Penalver","CHC","AA",23,413,0.043583535,0.162227602,0.268656716,0.253926701,0.294840294,0.32722513,0.622065424,0.073298429,4.146604679601767,0.299363057,-0.21723462420050055,34.23269845857883,-9.840212386700863,0.2864847189114418,73.87773721679591,"sa596953"
"Edwin Espinal","PIT","AA",23,397,0.04534005,0.120906801,0.375,0.283378746,0.322418136,0.474114441,0.796532577,0.190735695,1.288089879528632,0.287096774,-0.32437079260125756,52.94996780341925,6.605461368322985,0.3488229528258118,113.74510177331007,"sa596971"
"Cleuluis Rondon","CHW","AA",23,178,0.04494382,0.241573033,0.186046511,0.203703703,0.238372093,0.24691358,0.485285673,0.043209877,1.9719411083375984,0.272727272,-0.9443151990999468,6.880000990428488,-12.11510344167753,0.2266274233197057,37.878947679814445,"sa596998"
"Mauricio Ramos","KCR","AA",25,378,0.037037037,0.235449735,0.15730337,0.258426966,0.298941798,0.387640449,0.686582247,0.129213483,2.570820220853339,0.315175097,-1.0021753306500614,39.29087787206295,-4.3048180705773555,0.31054722266741075,88.2590786530711,"sa597006"
"Jeffrey Baez","CHC","AA",23,309,0.084142394,0.190938511,0.440677966,0.217391304,0.28990228,0.384057971,0.673960251,0.166666667,4.7495816714856485,0.239234449,-0.5101525727659464,31.207947726133785,-1.766699855443516,0.31099623266959425,90.50723406478184,"sa597088"
"Alberto Triunfel","LAA","AA",23,325,0.055384615,0.196923076,0.28125,0.242524916,0.284375,0.325581395,0.609956395,0.083056479,3.9472984579719532,0.29787234,-2.4451822994451504,25.986167074638526,-8.69590562443145,0.28251812774688007,70.21125881661197,"sa597103"
"Deiner Lopez","BOS","AA",23,255,0.062745098,0.258823529,0.242424242,0.246753246,0.296,0.316017316,0.612017316,0.06926407,6.432413911809271,0.329268292,1.0648886545095593,20.276358071211483,-9.491523895915842,0.2809797425270081,64.96391887356535,"sa597152"
"Angelo Mora","PHI","AA",24,322,0.074534161,0.186335403,0.4,0.295302013,0.347826086,0.469798657,0.817624743,0.174496644,4.974404214471672,0.344978165,0.059416044503450394,46.58791774913205,8.998670716132054,0.3630663977233792,117.24093455425755,"sa597177"
"Emilio Guerrero","TOR","AA",24,286,0.062937062,0.199300699,0.315789473,0.263157894,0.311188811,0.375939849,0.68712866,0.112781955,4.090548892480612,0.320388349,0.0586583383847028,29.451803649417574,-3.934918870576207,0.31053444097092103,84.74183630950637,"sa597507"
"Rando Moreno","SFG","AA",25,199,0.060301507,0.12562814,0.48,0.2,0.247474747,0.227027027,0.474501774,0.027027027,2.752361168942537,0.229813664,-0.5877440229523927,6.277554184214266,-16.95306742934784,0.22055628366276697,32.64898728313207,"sa597695"
"Travis Harrison","MIN","AA",24,335,0.131343283,0.292537313,0.448979591,0.177536231,0.314371257,0.289855072,0.604226329,0.112318841,4.194685651675301,0.259887005,0.013976778369396925,29.371121798359127,-6.378091599143777,0.2929644249938988,75.79209451335964,"sa597772"
"Dante Bichette","NYY","AA",24,281,0.12455516,0.174377224,0.714285714,0.262295081,0.352313167,0.352459016,0.704772183,0.090163935,2.0232749247302206,0.310880829,-0.3253690793644637,32.21386212727058,-0.5891764325834474,0.3252237956438746,103.20845940828873,"sa597776"
"Granden Goetzman","TBR","AA",24,95,0.063157894,0.231578947,0.272727272,0.224719101,0.27368421,0.438202247,0.711886457,0.213483146,8.947475012235714,0.265625,0.8166776052676141,10.326390022319611,0.18855338720684822,0.32142181271000914,101.23923084324271,"sa597785"
"Brett Austin","CHW","AA",24,169,0.094674556,0.289940828,0.326530612,0.2147651,0.287425149,0.355704697,0.643129846,0.140939597,2.7564935025,0.285714285,-0.014533806242980063,15.392707059664971,-2.6419707438514175,0.29757486346239104,85.36661984288281,"sa597795"
"Tyler Marlette","SEA","AA",24,405,0.076543209,0.219753086,0.348314606,0.244565217,0.308641975,0.404891304,0.713533279,0.160326087,2.805571574730221,0.292592592,-0.5972069199196994,46.099803368496424,-0.6098708557610412,0.32324509620666503,108.28510955892226,"sa597836"
"Jake Lowery","WSN","AA",26,66,0.151515151,0.242424242,0.625,0.214285714,0.333333333,0.285714285,0.619047618,0.071428571,1.22240259,0.3,0.017969161737710238,6.079373954749847,-1.6252543190948725,0.29684665528210724,78.91966765902882,"sa597837"
"Dan Gamache","WSN","AA",26,429,0.093240093,0.214452214,0.434782608,0.249350649,0.320093457,0.361038961,0.681132418,0.111688312,2.4377044650000004,0.313793103,0.03552736365236342,43.64335728081575,-4.181614007626863,0.30920659835046194,86.445136933511,"sa597966"
"Daniel Lockhart","ARI","AA",24,91,0.12087912,0.12087912,1,0.205128205,0.3,0.32051282,0.62051282,0.115384615,6.136388479871682,0.223880597,0.5919256721390411,7.945788752739862,-1.7651916029997323,0.29247899121708343,78.53010752461151,"sa598065"
"Dustin Houle","MIL","AA",23,163,0.104294478,0.208588957,0.5,0.225352112,0.310559006,0.309859154,0.62041816,0.084507042,1.2489695876910185,0.287037037,-0.39260789993568324,14.090416072323098,-3.303977312133536,0.29129855148494244,81.9550259467522,"sa598106"
"Aaron Brown","PHI","AA",25,92,0.010869565,0.369565217,0.029411764,0.222222222,0.239130434,0.322222222,0.561352656,0.1,1.5836466116071428,0.333333333,-0.39325257926248014,5.186795735879473,-5.552989130691953,0.25183604463287024,42.491856996358415,"sa598306"
"Todd Hankins","CLE","AA",26,260,0.08076923,0.269230769,0.3,0.228448275,0.2890625,0.293103448,0.582165948,0.064655173,6.166783926592879,0.312883435,1.0117748396005481,17.956041196244104,-12.395524731022967,0.267812400004443,62.92183964795911,"sa598325"
"KC Serna","MIA","AA",27,233,0.077253218,0.18025751,0.428571428,0.251207729,0.32034632,0.376811594,0.697157914,0.125603865,3.0606923346119186,0.294478527,-0.9536006864218507,25.575896923087928,0.7115186496008377,0.32286872569616737,105.19305263130008,"sa598479"
"Glynn Davis","BAL","AA",25,104,0.038461538,0.23076923,0.166666666,0.234693877,0.27184466,0.336734693,0.608579353,0.102040816,4.431285256681221,0.301369863,-0.5994828834664077,7.787618793847233,-4.353007577059596,0.27514244167550095,57.825104829407,"sa598601"
"Aneury Tavarez","BOS","AA",25,75,0.16,0.08,2,0.37704918,0.472972972,0.475409836,0.948382808,0.098360656,4.73307297084311,0.4,0.0002765448298305273,14.854108442781264,6.098849040684994,0.4302945370609696,165.30652183266014,"sa598684"
"Jeremias Pineda","MIA","AA",26,191,0.099476439,0.293193717,0.339285714,0.229411764,0.310526315,0.317647058,0.628173373,0.088235294,7.502620383233549,0.342105263,1.0264920153131243,17.102766796846346,-3.279620543222469,0.29549329971012317,86.62057421813871,"sa598687"
"John Norwood","MIA","AA",24,539,0.109461966,0.248608534,0.440298507,0.285412262,0.367346938,0.458773784,0.826120722,0.173361522,3.781824593085176,0.359133126,-0.7712390215019695,81.35817275522827,23.839289109693745,0.3786022416514678,143.00468422005025,"sa598986"
"Trey Martin","CHC","AA",24,337,0.035608308,0.264094955,0.13483146,0.264984227,0.303571428,0.378548895,0.682120323,0.113564668,4.143244415315345,0.352678571,-1.0922638378397096,34.41641312216008,-1.5462284150294043,0.3125247727579145,91.54425090639928,"sa599037"
"Matt Dean","TOR","AA",24,111,0.108108108,0.351351351,0.307692307,0.195876288,0.281818181,0.350515463,0.632333644,0.154639175,0.443783065,0.272727272,0.023958882316946983,9.49427372310973,-3.4635101919927513,0.28856122276999735,69.97538321588912,"sa599049"
"Tanner English","MIN","AA",24,74,0.108108108,0.351351351,0.307692307,0.129032258,0.236111111,0.193548387,0.429659498,0.064516129,9.550445104423616,0.216216216,0.8174850389477797,2.17174230532596,-5.725098863077665,0.2140142156018151,22.229418981057293,"sa599081"
"Mason Robbins","CHW","AA",24,505,0.03960396,0.097029702,0.408163265,0.264583333,0.292828685,0.310416666,0.603245351,0.045833333,3.099283000180842,0.288372093,-0.7595312331395689,38.42406581305505,-15.46653945780753,0.2772795463611702,71.59754319206296,"sa599191"
"Casey Turgeon","STL","AA",24,98,0.163265306,0.193877551,0.842105263,0.225,0.360824742,0.3375,0.698324742,0.1125,7.407124437665882,0.283333333,0.5380564893130213,11.816182907417799,0.5135950704369783,0.3319136783019784,101.08863297602507,"sa599227"
"Zach Houchins","LAA","AA",24,518,0.071428571,0.158301158,0.451219512,0.251054852,0.305609284,0.415611814,0.721221098,0.164556962,3.8809194971396255,0.274869109,-1.6593123769271187,58.67883314142986,3.400944962604483,0.3276222186181152,100.81150425127055,"sa599235"
"Ruben Sosa","KCR","AA",26,132,0.098484848,0.227272727,0.433333333,0.260869565,0.341085271,0.426086956,0.767172227,0.165217391,8.34102164834024,0.337349397,0.7266801372170448,17.221784788882808,1.9978909676433358,0.3446272504515946,111.13201828692564,"sa599247"
"Taylor Sparks","CIN","AA",24,73,0.123287671,0.287671232,0.428571428,0.129032258,0.260273972,0.258064516,0.518338488,0.129032258,2.01785714,0.153846153,-0.006055752601241693,4.4002372686840205,-3.3898898298763127,0.2558794560497754,54.497612882535265,"sa599278"
"Mike Papi","CLE","AA",24,352,0.142045454,0.173295454,0.819672131,0.266891891,0.374285714,0.412162162,0.786447876,0.145270271,3.4368364854110016,0.303964757,0.2833749298006296,48.85600292912644,7.764652135287937,0.3556503763777672,121.95076049581326,"sa599318"
"Josh Tobias","BOS","AA",24,367,0.051771117,0.196185286,0.263888888,0.268072289,0.321428571,0.352409638,0.673838209,0.084337349,2.7061684723922905,0.329501915,-0.33882796857506037,36.03972777934491,-6.802674894912843,0.30451668514109054,80.78122683000294,"sa599333"
"Derrick Loveless","TOR","AA",24,234,0.162393162,0.235042735,0.69090909,0.252631578,0.379310344,0.326315789,0.705626133,0.073684211,3.9660894492315877,0.345588235,-1.5742491844575852,28.613108738607338,1.2966994040669695,0.3348449717821746,101.07901139341023,"sa599355"
"Drew Stankiewicz","PHI","AA",24,172,0.122093023,0.168604651,0.724137931,0.302013422,0.391812865,0.43624161,0.828054475,0.134228188,3.1392729197437657,0.353448275,-0.15531767928041518,26.505336427398273,6.426608198590824,0.3749292612075806,125.21302201061754,"sa599531"
"Taylor Murphy","CLE","AA",24,96,0.135416666,0.302083333,0.448275862,0.202531645,0.34375,0.329113924,0.672863924,0.126582279,4.6058550785714285,0.276595744,0.21772858407348394,10.335192190225182,-0.8715398444580444,0.31642935401514954,95.59342941642858,"sa599536"
"Jerrick Suiter","PIT","AA",24,399,0.117794486,0.20802005,0.56626506,0.285302593,0.371859296,0.446685878,0.818545174,0.161383285,4.876948179508776,0.34765625,0.6933578033931553,59.26716319263531,12.689183173483139,0.36792384347026835,126.58129186474709,"sa599740"
"Kevin Taylor","NYM","AA",25,448,0.120535714,0.116071428,1.038461538,0.292428198,0.375280898,0.373368146,0.748649044,0.080939948,2.5431801331629718,0.325373134,0.13053498533554375,57.51913530340691,5.221052474885182,0.3425446253597871,111.19282231090779,"sa599801"
"Jose Cardona","TEX","AA",23,465,0.047311827,0.103225806,0.458333333,0.277389277,0.316017316,0.384615384,0.7006327,0.107226107,4.871281726298448,0.294736842,-1.4974581440910697,50.410719590132445,-3.218906371052061,0.31628552318395087,89.33474250345591,"sa599888"
"Chris Mariscal","SEA","AA",24,171,0.081871345,0.175438596,0.466666666,0.24516129,0.315789473,0.309677419,0.625466892,0.064516129,3.617264678323134,0.298387096,-0.5074956156313419,15.50038484924686,-4.221477600995182,0.2934601523025691,88.29483172727393,"sa600255"
"Drew Weeks","COL","AA",24,523,0.078393881,0.217973231,0.359649122,0.244680851,0.312859884,0.408510638,0.721370522,0.163829787,4.8022853136647665,0.286549707,-3.0223356222268194,59.36895040372905,-1.6843918268889488,0.3238080831674429,91.53915134496201,"sa602429"
"Kevin Cornelius","CHC","AA",24,140,0.05,0.364285714,0.137254901,0.196969696,0.235714285,0.31060606,0.546320345,0.113636364,0.97619047125,0.29113924,-0.009689204161986709,8.036940738166056,-6.903029039894857,0.2519940108060837,50.477994247755895,"sa602665"
"Hunter Cole","SFG","AA",24,319,0.097178683,0.200626959,0.484375,0.24911032,0.322884012,0.430604982,0.753488994,0.181494662,4.756648234507376,0.293023255,0.06065491191111505,39.01235704834372,1.773320391427578,0.33486707513235203,109.46818258238662,"sa603087"
"Andy Paz","OAK","AA",24,197,0.071065989,0.187817258,0.378378378,0.251396648,0.302564102,0.273743016,0.576307118,0.022346368,3.452773397977221,0.3125,0.48252091999165714,14.385753347644052,-8.334754855266372,0.27081881119654727,58.57074593516034,"sa603199"
"Tomas Morales","PIT","AA",25,126,0.047619047,0.19047619,0.25,0.188034188,0.227642276,0.29059829,0.518240566,0.102564102,3.4959333138621114,0.219780219,0.41996574122458696,5.459061336808706,-9.249774458713029,0.23539508067495454,37.51924635655369,"sa605888"
"Blake Gailen","LAD","AA",32,167,0.101796407,0.161676646,0.629629629,0.3,0.371257485,0.5,0.871257485,0.2,3.4699306807148167,0.327586206,0.09891234361566603,27.595940511564454,8.335408177117548,0.3893115556383707,142.2056564716586,"sa605974"
"Evan Marzilli","ARI","AA",26,355,0.152112676,0.197183098,0.771428571,0.253378378,0.370056497,0.371621621,0.741678118,0.118243243,7.157738751318224,0.313901345,0.3179543069272768,45.26010185721026,7.376607062841519,0.34686147032136266,115.42514688338984,"sa621523"
"Alex Yarbrough","MIA","AA",25,406,0.078817733,0.258620689,0.304761904,0.23076923,0.293532338,0.329670329,0.623202667,0.098901099,5.379152687826224,0.308880308,0.7620506289531477,34.31490243978194,-9.011009916594709,0.28869317936481087,82.00712680056806,"sa621579"
"Chris Diaz","MIA","AA",26,215,0.093023255,0.186046511,0.5,0.228723404,0.316037735,0.292553191,0.608590926,0.063829787,4.353225120726005,0.29054054,0.016949246142758057,18.8156789803812,-4.438550423651028,0.28992471970477196,81.81365089530593,"sa621581"
"Rudy Flores","ARI","AA",26,252,0.047619047,0.253968253,0.1875,0.29787234,0.337301587,0.493617021,0.830918608,0.195744681,4.648776157149547,0.375757575,0.3773918629158288,37.424114133479605,10.532168532969965,0.37530707224966986,134.72367133492506,"sa621607"
"Mott Hyde","HOU","AA",25,98,0.122448979,0.326530612,0.375,0.207317073,0.329896907,0.292682926,0.622579833,0.085365853,4.913793609236412,0.3125,0.13025565724819899,9.152902934127233,-2.1496849028535867,0.2969954206297795,84.16400784502228,"sa621678"
"Adam Brett Walker","ATL","AA",25,104,0.057692307,0.346153846,0.166666666,0.270833333,0.307692307,0.645833333,0.95352564,0.375,2.540584411607143,0.307692307,-0.4022591708053369,18.80607800818438,7.216701357433745,0.40637589253268197,154.55982297308688,"sa621791"
"Zane Chavez","PIT","AA",30,70,0.071428571,0.128571428,0.555555555,0.111111111,0.171428571,0.126984126,0.298412697,0.015873015,2.1220238025,0.125,0.010981154395267367,-1.8488406864498974,-10.020416128406417,0.14755190525736128,-21.513168355632427,"sa628321"
"Jin-De Jhang","PIT","AA",24,296,0.057432432,0.081081081,0.708333333,0.23076923,0.279863481,0.311355311,0.591218792,0.080586081,3.9594332098959737,0.242914979,0.26688521611504257,20.831403241575046,-13.722687198698237,0.2694683775101622,60.4172003504225,"sa653546"
"Javier Betancourt","MIL","AA",22,361,0.058171745,0.138504155,0.42,0.24260355,0.286111111,0.366863905,0.652975016,0.124260355,4.589879402406633,0.268551236,-0.18360092357033864,32.888003942706256,-5.635775270722242,0.2976038261165832,86.23275214706416,"sa655912"
"Yasiel Balaguert","CHC","AA",24,518,0.067567567,0.198841698,0.339805825,0.255765199,0.306949806,0.406708595,0.713658401,0.150943396,1.2925444656840233,0.29476584,-0.42369409662205726,58.08548842175288,2.8076002429274993,0.3260717604100358,100.73501695550667,"sa656575"
"Eliezer Alvarez","STL","AA",22,209,0.076555023,0.267942583,0.285714285,0.247311827,0.320574162,0.38172043,0.702294592,0.134408603,6.180801224640959,0.328125,0.27615963644348085,23.48580337322954,-0.6186951770662895,0.3213763570671447,94.01646994748612,"sa657261"
"Luis Jean","COL","AA",22,146,0.04109589,0.136986301,0.3,0.213235294,0.25,0.25,0.5,0.036764706,6.014651499632399,0.247863247,0.0002765448298305273,5.450567378675054,-11.593004257405687,0.2278458938732014,27.050592863588978,"sa657310"
"Emerson Jimenez","COL","AA",22,63,0.095238095,0.317460317,0.3,0.127272727,0.213114754,0.163636363,0.376751117,0.036363636,8.60342414679109,0.2,1.0119794560596347,0.29024310628314026,-7.064174791477728,0.18662408140839123,-0.6513101817245371,"sa657311"
"Osvaldo Abreu","WSN","AA",23,475,0.056842105,0.225263157,0.252336448,0.245939675,0.299145299,0.336426914,0.635572213,0.090487239,3.4932255786014044,0.313664596,-2.146537744672969,41.30433446611285,-14.145641747163536,0.2903530258908231,74.55581558524837,"sa657398"
"Alberti Chavez","CIN","AA",21,71,0.098591549,0.366197183,0.269230769,0.140625,0.225352112,0.171875,0.397227112,0.03125,1.5013794325380023,0.236842105,-0.38211126209353097,0.8902948872878907,-6.686404071585858,0.1912626223904746,10.65921749551909,"sa657456"
"Malquin Canelo","PHI","AA",22,436,0.096330275,0.259174311,0.371681415,0.226221079,0.301149425,0.339331619,0.640481044,0.11311054,5.27536115204288,0.3003663,0.44970972766168416,39.068747978271425,-11.828493345914902,0.2936919313737716,70.61987095406327,"sa657479"
"Arturo Michelena","HOU","AA",22,175,0.057142857,0.24,0.238095238,0.209876543,0.262857142,0.24074074,0.503597882,0.030864197,1.9676471437478265,0.275,-0.4968156984541565,8.424852781491584,-11.758339784545594,0.23884833744594028,45.138372890407936,"sa657523"
"Tito Polo","NYY","AA",22,143,0.076923076,0.16083916,0.478260869,0.322834645,0.394366197,0.456692913,0.85105911,0.133858268,8.830199248203812,0.388349514,1.273670299880905,23.18180973837572,7.280243530966816,0.38723707492922393,145.72520411084986,"sa657705"
"Elvis Escobar","PIT","AA",22,413,0.060532687,0.167070217,0.36231884,0.276762402,0.318734793,0.357702349,0.676437142,0.080939947,4.553961838164178,0.328025477,-1.762750907568261,40.63206144500815,-7.58023366253532,0.3047457118780514,84.1242922496596,"sa657855"
"Keon Barnum","CHW","AA",24,374,0.096256684,0.334224598,0.288,0.21021021,0.286096256,0.402402402,0.688498658,0.192192192,1.995726375516248,0.275510204,-0.4071417061786633,38.78468917813453,-1.1263729432567677,0.31465871628104203,96.95692305313327,"sa657864"
"Courtney Hawkins","CHW","AA",23,322,0.065217391,0.326086956,0.2,0.189830508,0.251552795,0.325423728,0.576976523,0.13559322,2.4133795275,0.252747252,-0.02462672724504955,22.139366605377027,-12.22256388416307,0.267355852966368,64.86495092307855,"sa657904"
"Clint Coulter","MIL","AA",23,437,0.080091533,0.215102974,0.372340425,0.233766233,0.318077803,0.402597402,0.720675205,0.168831169,2.5954356663644,0.271428571,-0.7717679412453435,51.147918990012904,4.513870468494196,0.33271666322279414,110.05456991575957,"sa657922"
"Adrian Marin","BAL","AA",23,470,0.055319148,0.191489361,0.288888888,0.265588914,0.308189655,0.346420323,0.654609978,0.080831409,5.723973315305199,0.328488372,1.304579547373578,43.51691937323749,-11.349372879899144,0.2974480774638982,72.81494935654287,"sa657939"
"Fernando Perez","SDP","AA",23,233,0.068669527,0.274678111,0.25,0.21226415,0.278969957,0.301886792,0.580856749,0.089622642,2.928434077133014,0.287671232,-0.9188719766680151,16.343310209450504,-10.529169035616139,0.26711686452229816,65.01997685055443,"sa657942"
"Max White","COL","AA",23,430,0.120930232,0.274418604,0.440677966,0.242587601,0.335680751,0.380053908,0.715734659,0.137466307,6.789878961667404,0.334677419,-0.4230932896025479,49.937843668484575,-0.25897690353404845,0.32710622244037935,93.75556854997504,"sa657952"
"BJ Boyd","OAK","AA",23,578,0.058823529,0.128027681,0.459459459,0.322701688,0.365684575,0.427767354,0.793451929,0.105065666,6.193974565199603,0.363834422,0.8141767934430391,81.45761422310792,14.795412490710842,0.3580697212011918,117.12952441307239,"sa657987"
"Nick Basto","CHW","AA",23,531,0.082862523,0.250470809,0.330827067,0.247379454,0.3125,0.392033542,0.704533542,0.144654088,1.2118554565083546,0.311377245,-0.42611639766255394,58.12661632984322,1.4614452430550424,0.32246065332776025,102.25003912938675,"sa657998"
"Chuck Taylor","SEA","AA",23,545,0.121100917,0.165137614,0.733333333,0.27388535,0.368807339,0.3970276,0.765834939,0.12314225,5.259115216049913,0.320855614,0.8483058586716652,73.77303729023147,10.91680901314426,0.35091711853436314,126.8572920775602,"sa658001"
"Andrew Pullin","PHI","AA",23,296,0.074324324,0.14527027,0.511627906,0.308270676,0.368243243,0.556390977,0.92463422,0.248120301,3.7383134695416524,0.320754716,0.4718766529113054,52.5381777638304,17.984087323557112,0.4043955921724036,145.01500049435052,"sa658016"
"Angel Ortega","MIL","AA",23,503,0.045725646,0.174950298,0.261363636,0.248407643,0.287148594,0.341825902,0.628974496,0.093418259,4.193279101015138,0.288,-0.6390013171185274,43.13620990599142,-10.54096722518457,0.2903694596808681,81.32469648689967,"sa658030"
"Royce Bolinger","TEX","AA",26,349,0.042979942,0.29226361,0.147058823,0.233846153,0.280802292,0.378461538,0.65926383,0.144615385,2.47822299,0.310185185,-0.14951884048059583,33.00096627254541,-7.250086330580157,0.29848802960704596,77.38988732914815,"sa658031"
"Luis Valenzuela","ATL","AA",23,251,0.047808764,0.159362549,0.3,0.258620689,0.304,0.383620689,0.687620689,0.125,5.470895804157844,0.302083333,-1.1057116964657325,25.413005735312964,-1.3722257953533878,0.3113352226153497,96.53427670014311,"sa658081"
"Alfredo Escalera","KCR","AA",22,490,0.03877551,0.230612244,0.168141592,0.260964912,0.305327868,0.353070175,0.658398043,0.092105263,5.326308661346134,0.331360946,0.9195364196784794,47.3396167606973,-9.173322424206798,0.30112565261382584,81.93575625273577,"sa658111"
"Jeff McVaney","DET","AA",27,194,0.082474226,0.175257731,0.470588235,0.233918128,0.324742268,0.356725146,0.681467414,0.122807018,4.7480553293947185,0.276119402,-0.581754302373156,20.336271436855636,-2.3106662165667196,0.3128619737575709,84.61364634613717,"sa658125"
"River Stevens","SDP","AA",25,167,0.071856287,0.173652694,0.413793103,0.2147651,0.276073619,0.275167785,0.551241404,0.060402685,3.7395210516678734,0.264462809,-0.888968208571896,10.56789192802356,-8.692640406423347,0.2582998118517589,59.10237857983486,"sa658130"
"Brett Vertigan","OAK","AA",26,291,0.120274914,0.20274914,0.593220338,0.285140562,0.37630662,0.385542168,0.761848788,0.100401606,5.709681659110507,0.368421052,0.40423264051787555,39.81934104340809,6.25757511931198,0.3528095537777146,113.59914313806068,"sa658149"
"Rashad Crawford","NYY","AA",23,419,0.066825775,0.219570405,0.304347826,0.210106382,0.268292682,0.305851063,0.574143745,0.095744681,7.617634713137783,0.262411347,1.6469554658979177,27.3879275013902,-21.524788358320965,0.2631559478073585,61.49759323843655,"sa658166"
"Correlle Prime","COL","AA",23,297,0.074074074,0.303030303,0.244444444,0.272058823,0.333333333,0.400735294,0.734068627,0.128676471,3.841199303260794,0.379310344,-3.21314642787911,34.95128799128222,0.2804607589809876,0.32905432926554257,95.06473627370514,"sa658187"
"Connor Lien","ATL","AA",23,411,0.05839416,0.389294403,0.15,0.187165775,0.25245098,0.328877005,0.581327985,0.14171123,6.687058125534263,0.292682926,1.8634806654881686,29.354939666658204,-14.504543038934907,0.27096640128715366,69.14660926932741,"sa658195"
"Wade Wass","LAA","AA",25,226,0.101769911,0.305309734,0.333333333,0.256544502,0.364444444,0.481675392,0.846119836,0.22513089,6.2113711035044386,0.339285714,0.2675178100471385,35.66147262005214,11.54409283546809,0.3878760261005825,141.68986498799097,"sa658231"
"Dario Pizzano","SEA","AA",26,310,0.09032258,0.087096774,1.037037037,0.294117647,0.374193548,0.433823529,0.808017077,0.139705882,3.4708172781136875,0.30125523,-0.20147888083010912,45.50279243987582,9.74970846575282,0.36559020463340836,136.7051893478074,"sa658253"
"Brock Hebert","SEA","AA",26,78,0.051282051,0.256410256,0.2,0.171428571,0.246753246,0.271428571,0.518181817,0.1,2.9498599653017825,0.208333333,-0.23914414271712303,4.164954344506431,-4.830982913498711,0.24560015774392463,56.173415238155954,"sa658259"
"Parker Morin","KCR","AA",25,63,0.047619047,0.317460317,0.15,0.178571428,0.238095238,0.196428571,0.434523809,0.017857143,1.92170329,0.263157894,-0.029903768096119165,1.5927574692978888,-5.673191854475495,0.20947583705659897,20.424635664177387,"sa658263"
"Bruce Caldwell","STL","AA",25,367,0.141689373,0.286103542,0.495238095,0.246753246,0.365122615,0.428571428,0.793694043,0.181818182,3.1830558577963597,0.326315789,-0.22711068205535412,52.65642850995035,10.329390385746667,0.3613434335687658,120.84052460942158,"sa658271"
"Kody Eaves","DET","AA",23,338,0.091715976,0.218934911,0.418918918,0.272131147,0.343195266,0.472131147,0.815326413,0.2,5.1618982246922185,0.321100917,0.25218745949678123,48.99690500876099,9.539869303313793,0.3634169283350544,118.5876122255175,"sa658290"
"Jacob Scavuzzo","LAD","AA",23,294,0.044217687,0.275510204,0.160493827,0.237226277,0.275510204,0.456204379,0.731714583,0.218978102,3.0061311396733412,0.270718232,0.08396045956760645,33.187754619880494,-0.7200088910619646,0.3220332561906287,97.05157116158864,"sa658601"
"C.J. Hinojosa","SFG","AA",22,417,0.074340527,0.100719424,0.738095238,0.265415549,0.321167883,0.340482573,0.661650456,0.075067024,3.0844981517441536,0.286144578,-0.530083971330896,40.15727055037522,-8.521971725280048,0.3021227992162472,87.46335789178677,"sa658616"
"Wade Hinkle","DET","AA",27,87,0.103448275,0.275862068,0.375,0.133333333,0.24137931,0.28,0.52137931,0.146666667,1.08035714,0.142857142,0.01597258821129799,4.44904382955155,-5.707057076880125,0.24523591858217086,39.16755089836435,"sa658642"
"Jeff Kemp","BAL","AA",27,89,0.101123595,0.258426966,0.391304347,0.256410256,0.329545454,0.358974358,0.688519812,0.102564102,3.0227371544941257,0.333333333,0.22395888529717922,9.193556847517305,-1.196017642970269,0.31093759098272217,81.8801789833554,"sa658834"
"A.J. Simcox","DET","AA",23,474,0.056962025,0.151898734,0.375,0.25,0.292735042,0.378440366,0.671175408,0.128440366,6.07423289586459,0.280555555,0.4507080144248903,45.05947476688947,-10.273764654358965,0.3005631062974278,76.3485552796322,"sa658901"
"Jorge Saez","NYY","AA",26,240,0.1375,0.2625,0.523809523,0.248756218,0.35,0.422885572,0.772885572,0.174129354,2.651916870190532,0.305970149,0.26688521611504257,31.862639227904978,3.845809141196905,0.3480492482582728,118.54763149901719,"sa658909"
"Colton Plaia","NYM","AA",26,158,0.120253164,0.196202531,0.612903225,0.240875912,0.341772151,0.313868613,0.655640764,0.072992701,1.72373949,0.304761904,0.04392461758106947,15.535745646506113,-2.9086674939100305,0.30467616671170944,85.74444177596561,"sa658920"
"Ian Rice","CHC","AA",23,394,0.152284263,0.228426395,0.666666666,0.22960725,0.352791878,0.422960725,0.775752603,0.193353475,1.678246212051499,0.263392857,-0.4212717955815606,54.3825067313666,12.337163213109454,0.36111926094529595,124.51250803302317,"sa658968"
"Tyler Krieger","CLE","AA",23,480,0.0875,0.222916666,0.392523364,0.224880382,0.303157894,0.337320574,0.640478468,0.112440192,5.274615996602384,0.282051282,0.049469141056761146,43.073445998013405,-12.960214175402728,0.29385458055295444,80.42271885503585,"sa658994"
"Tim Remes","DET","AA",25,92,0.032608695,0.391304347,0.083333333,0.142857142,0.168539325,0.178571428,0.347110753,0.035714286,3.85119047125,0.24,0.012977727921679616,-1.579122056395112,-12.318906922966539,0.1592004078157832,-18.65007611013003,"sa659193"
"Jiandido Tromp","PHI","AA",23,491,0.057026476,0.228105906,0.25,0.285087719,0.328571428,0.484649122,0.81322055,0.199561403,4.848798630067618,0.340425531,-0.7627508926670998,69.34067634016242,12.022911454438825,0.35870861861170555,114.31241765443589,"sa659194"
"David Thompson","NYM","AA",23,529,0.077504725,0.173913043,0.445652173,0.261052631,0.325141776,0.427368421,0.752510197,0.16631579,3.668122089206543,0.289544235,-0.7385514297056943,64.49576563791805,2.7420026551323438,0.3343939266730624,105.71538569979415,"sa659290"
"Dorssys Paulino","CLE","AA",22,366,0.114754098,0.207650273,0.552631578,0.257142857,0.348901098,0.365079365,0.713980463,0.107936508,4.4670248181666405,0.31779661,0.4863697930704802,43.12539692110419,0.39973103887438427,0.3292405626603535,104.20282426255976,"sa659464"
"Ashley Graeter","COL","AA",27,380,0.060526315,0.184210526,0.328571428,0.247126436,0.300531914,0.387931034,0.688462948,0.140804598,4.094692297211189,0.282527881,-0.16003256826661527,37.76879652484256,-6.59118444577855,0.30601648409520427,79.58283203122522,"sa660832"
"Mike Ahmed","LAD","AA",25,120,0.108333333,0.291666666,0.371428571,0.29245283,0.366666666,0.509433962,0.876100628,0.216981132,3.157286151864599,0.378787878,-0.08042426290921867,19.97004127991244,6.130137806058376,0.3908172498146693,143.21620881685084,"sa705802"
"Danny Diekroeger","STL","AA",25,57,0.070175438,0.192982456,0.363636363,0.23076923,0.285714285,0.307692307,0.593406592,0.076923077,4.447704532849033,0.292682926,-0.837704606121406,4.320877949688657,-2.253076200392024,0.27439173204558237,62.48256103628998,"sa705811"
"Angel Rosa","LAA","AA",24,57,0.122807017,0.298245614,0.411764705,0.183673469,0.285714285,0.204081632,0.489795917,0.020408163,2.14406641249985,0.28125,-0.5597816359659191,2.958743762710064,-3.1239582183575934,0.24455078371933528,44.45284038264402,"sa707769"
"Cael Brockmeyer","CHC","AA",25,215,0.065116279,0.269767441,0.24137931,0.179487179,0.255813953,0.307692307,0.56350626,0.128205128,2.2620431837500004,0.221374045,-0.01695610728347674,14.306843433121008,-8.636681583186823,0.2643612832109505,58.86839883492725,"sa708438"
"Galli Cribbs Jr.","ARI","AA",24,102,0.098039215,0.372549019,0.263157894,0.170454545,0.257425742,0.21590909,0.473334832,0.045454545,7.385995504247604,0.288461538,0.39111823547864333,3.8800438932032604,-7.004791230812548,0.2257791990041733,33.27855777089649,"sa708444"
"Zane Evans","KCR","AA",25,124,0.016129032,0.25,0.064516129,0.204918032,0.217741935,0.311475409,0.529217344,0.106557377,4.154773834386216,0.24137931,0.35300837038084865,5.921878371923571,-8.37935521772563,0.23835374655262118,39.806153919892296,"sa708968"
"Dylan Davis","SFG","AA",23,358,0.072625698,0.25698324,0.282608695,0.217125382,0.280112044,0.360856269,0.640968313,0.143730887,1.09831690875,0.269911504,0.07287493371404707,31.182942971027998,-10.608828574978201,0.29053781079311,79.67800817304766,"sa709037"
"Cole Sturgeon","BOS","AA",25,460,0.084782608,0.186956521,0.453488372,0.263546798,0.325991189,0.379310344,0.705301533,0.115763546,5.081773251869406,0.314641744,0.6759057671297342,50.373000712457994,-3.325923620399142,0.3187574716654118,90.35132731800368,"sa709546"
"Tyler Horan","SFG","AA",26,86,0.081395348,0.255813953,0.318181818,0.217948717,0.279069767,0.32051282,0.599582587,0.102564103,3.8924200817237247,0.285714285,-0.8014794599730521,6.326521295860127,-3.712842818543597,0.2734838398390038,68.21739007646252,"sa709555"
"Dustin DeMuth","MIL","AA",25,433,0.09699769,0.265588914,0.365217391,0.24403183,0.339491916,0.379310344,0.71880226,0.135278514,3.7501402003232833,0.326771653,-0.3526680408976972,50.81836202152774,4.611169779382202,0.33314998333270734,110.34854993972174,"sa709557"
"Tucker Nathans","BAL","AA",28,91,0.021978021,0.274725274,0.08,0.284090909,0.307692307,0.420454545,0.728146852,0.136363636,3.766381401332692,0.366666666,0.22196231177076697,10.450139978636146,-0.17290809590732947,0.32547146736920535,91.6472418672262,"sa732567"
"Omar Carrizales","COL","AA",22,492,0.097560975,0.195121951,0.5,0.247685185,0.327868852,0.351851851,0.679720703,0.104166666,4.870990859852401,0.305389221,-2.393902422627434,51.15310899948232,-6.281392678269217,0.31178322636371275,83.45820105692994,"sa736953"
"Carlos Diaz","KCR","AA",24,114,0.026315789,0.254385964,0.103448275,0.214953271,0.243243243,0.252336448,0.495579691,0.037383177,2.7322605013580965,0.294871794,-0.2540960267651826,4.69101073392419,-8.456897566237172,0.22986344550106977,34.10785623494991,"sa736959"
"Juremi Profar","TEX","AA",21,435,0.04367816,0.133333333,0.327586206,0.262650602,0.296551724,0.375903614,0.672455338,0.113253012,2.2175652561124566,0.285302593,-0.8320790957659483,43.429557698125016,-6.740092394595967,0.3052714404018446,81.94259915801216,"sa736995"
"Kristian Trompiz","HOU","AA",21,57,0.035087719,0.228070175,0.153846153,0.222222222,0.25,0.222222222,0.472222222,0,3.4848619468618756,0.292682926,-0.034872172866016626,1.9939209208591866,-4.5800332292214945,0.22193812898227147,33.78902247805598,"sa737029"
"Riley Unroe","TBR","AA",21,298,0.137583892,0.231543624,0.594202898,0.224489795,0.336769759,0.314285714,0.651055473,0.089795919,5.339212643384776,0.299435028,-0.7178231957077514,30.01635575217052,-1.7844370611305693,0.310629997466438,93.91767333570915,"sa737614"
"Cord Sandberg","PHI","AA",22,104,0.028846153,0.288461538,0.1,0.262626262,0.281553398,0.444444444,0.725997842,0.181818182,3.3780768404264014,0.333333333,0.2189674514811486,11.372150939394734,-0.7684754315120966,0.31855729540574895,87.32990533666806,"sa737636"
"Drew Ward","WSN","AA",22,480,0.114583333,0.272916666,0.419847328,0.234866828,0.325,0.355932203,0.680932203,0.121065375,1.146378265,0.310714285,0.12478584540076554,49.87592416114639,-6.157736012269743,0.3117056862297536,88.90524107384174,"sa737690"
"Champ Stuart","NYM","AA",24,372,0.102150537,0.327956989,0.311475409,0.221875,0.309589041,0.33125,0.640839041,0.109375,7.4394495478988985,0.336734693,4.628505187574774,34.150812321288235,-9.275274313109273,0.29645810355878854,80.22173486256095,"sa737827"
"Charcer Burks","CHC","AA",22,535,0.128971962,0.2,0.644859813,0.269736842,0.370093457,0.394736842,0.764830299,0.125,4.812820387458787,0.329446064,-1.3877573984791525,71.57889796031873,14.486870594157372,0.3553877665222698,120.62405506425205,"sa737838"
"Matt Oberste","NYM","AA",25,516,0.100775193,0.203488372,0.495238095,0.285714285,0.3624031,0.391208791,0.753611891,0.105494506,3.905343717889703,0.358166189,0.3395195691846311,66.30476468302085,6.068579996598507,0.34267900020231995,111.2831249598452,"sa737845"
"Forrestt Allday","LAA","AA",26,364,0.145604395,0.118131868,1.232558139,0.289562289,0.404432132,0.329966329,0.734398461,0.04040404,2.9647660515156407,0.330739299,-1.2454607955005486,47.11510712635451,8.271185703396135,0.3494926369722995,115.64918652065214,"sa737849"
"Trey Michalczewski","CHW","AA",22,419,0.093078758,0.298329355,0.312,0.233695652,0.3125,0.35597826,0.66847826,0.122282608,5.001032564244104,0.323529411,1.181150529300794,42.25526186579316,-2.457933398546284,0.31079493660524665,94.33559527330239,"sa737859"
"Ross Kivett","DET","AA",25,93,0.129032258,0.129032258,1,0.217948717,0.336956521,0.358974358,0.695930879,0.141025641,4.465658554702767,0.234375,-0.4067114684730768,10.571574007430282,-0.28494765116909343,0.3240054418211398,92.10228533184544,"sa737860"
"Brandon Bednar","SFG","AA",25,448,0.058035714,0.140625,0.412698412,0.279805352,0.325842696,0.350364963,0.676207659,0.070559611,3.2048341427180334,0.324786324,-0.30165077769197524,45.40131407352492,-6.896768754996805,0.30847355877415517,91.73119850863131,"sa737887"
"Stephen McGee","SDP","AA",26,282,0.170212765,0.241134751,0.705882352,0.252173913,0.386524822,0.408695652,0.795220474,0.156521739,1.22240259,0.326923076,-0.18583055888302624,42.12890724918957,9.605134085632514,0.3689438470289217,133.36154155586445,"sa737919"
"Joseph Monge","BOS","AA",22,214,0.046728971,0.228971962,0.204081632,0.238341968,0.306603773,0.331606217,0.63820999,0.093264249,5.78961201265135,0.309859154,0.23146401811391115,19.462158049628606,-5.519515444352756,0.2953766008030693,74.63890277828882,"sa738151"
"Ryan Walker","MIN","AA",25,436,0.116972477,0.194954128,0.6,0.234042553,0.327981651,0.324468085,0.652449736,0.090425532,6.376043708170362,0.290102389,0.8436985254229512,43.058160007191546,-3.469174444483874,0.3079651058267016,85.96909855676638,"sa738172"
"Kyle Petty","SEA","AA",26,126,0.103174603,0.293650793,0.351351351,0.252336448,0.341269841,0.29906542,0.640335261,0.046728972,3.2683600801165174,0.369863013,0.3188326354138553,12.400380340824839,-2.1315183067219303,0.30344389875729877,94.99546094696956,"sa738266"
"Justin Maffei","PIT","AA",25,110,0.145454545,0.145454545,1,0.258426966,0.4,0.292134831,0.692134831,0.033707865,4.730528645211908,0.315068493,0.4297080282121897,13.485138496145984,0.6440913730714524,0.33524039852509807,104.61734683368236,"sa738359"
"Joe Bennie","OAK","AA",26,92,0.130434782,0.27173913,0.48,0.2375,0.336956521,0.35,0.686956521,0.1125,3.6351525445522106,0.333333333,-0.863336407346651,10.282092605394208,-0.32850005789390796,0.3205920820650847,91.9762650610542,"sa738417"
"Reed Harper","ATL","AA",26,69,0.086956521,0.304347826,0.285714285,0.120689655,0.208955223,0.137931034,0.346886257,0.017241379,1.3675210777409377,0.179487179,-0.38211126209353097,0.15719081598058016,-7.206080003206584,0.1773732553667097,5.649636359628849,"sa738433"
"Nick Longhi","CIN","AA",21,275,0.058181818,0.163636363,0.355555555,0.265625,0.313868613,0.41015625,0.724024863,0.14453125,1.5368200125006972,0.299019607,-0.35714541337802075,31.534995396894665,-0.3471225227291832,0.3261710910031395,95.91153720866404,"sa738434"
"Chantz Mack","SEA","AA",26,108,0.194444444,0.203703703,0.954545454,0.183908045,0.342592592,0.252873563,0.595466155,0.068965518,1.08035714,0.234375,-0.07048745336942375,10.091494258843824,-2.364418867624834,0.2970504043278871,90.7044429624952,"sa738471"
"Adam Law","SEA","AA",27,65,0.015384615,0.338461538,0.045454545,0.222222222,0.234375,0.269841269,0.504216269,0.047619047,2.4996962683834516,0.341463414,-0.8355686226859689,2.6660233441258248,-4.830591037545127,0.22969194874167442,45.49656055671471,"sa738573"
"Toby Thomas","CHW","AA",23,56,0.053571428,0.196428571,0.272727272,0.215686274,0.259259259,0.392156862,0.651416121,0.176470588,0.9601648275000001,0.256410256,-0.0028260178805794567,5.056191892917353,-0.9197960183070133,0.29650287716477003,84.63934559400282,"sa738704"
"Jake Romanski","BOS","AA",26,122,0.016393442,0.155737704,0.105263157,0.233333333,0.245901639,0.283333333,0.529234972,0.05,2.6616216578981686,0.27,-0.384267998393625,5.701049036061848,-8.540839591348087,0.2396828571303946,37.21156527904519,"sa738897"
"Danny Bethea","BOS","AA",27,75,0.093333333,0.226666666,0.411764705,0.23880597,0.31081081,0.373134328,0.683945138,0.134328358,1.60119047125,0.291666666,0.017969161737710238,7.797602387089696,-0.9576570150065751,0.3117810826043825,85.66305084932584,"sa738923"
"Eric Aguilera","TEX","AA",26,448,0.118303571,0.267857142,0.441666666,0.222222222,0.321428571,0.385012919,0.70644149,0.162790697,1.8407466495441793,0.278431372,-0.8470309798140079,51.60488770580118,-0.06408526325399118,0.32499613599585636,95.18090326019855,"sa738943"
"Samir Duenez","KCR","AA",21,566,0.065371024,0.204946996,0.318965517,0.252390057,0.303886925,0.401529636,0.705416561,0.149139579,4.513733067207245,0.292620865,0.5095529344398528,62.26599390107884,-3.012217483932827,0.3183418933269197,93.49050136756391,"sa739574"
"Wendell Rijo","MIL","AA",21,91,0.076923076,0.241758241,0.318181818,0.185185185,0.274725274,0.222222222,0.496947496,0.037037037,4.941300199831932,0.254237288,0.014255292306188494,4.7428256062327625,-4.968154749506831,0.24483662843704224,50.433578087602996,"sa739597"
"Marty Herum","ARI","AA",25,172,0.040697674,0.15116279,0.269230769,0.283950617,0.313953488,0.407407407,0.721360895,0.12345679,3.8929538187252497,0.323529411,0.18385132937692106,19.482043590125585,1.1272235770793197,0.32760610379451927,102.36161028894121,"sa745229"
"Johan Mieses","LAD","AA",21,329,0.082066869,0.352583586,0.23275862,0.159863945,0.246200607,0.346938775,0.593139382,0.18707483,1.4575123087500002,0.190184049,-0.11747908894903958,23.436701253895208,-14.507700770254687,0.26852150800769314,61.13695883670248,"sa747574"
"Michael De Leon","TEX","AA",20,418,0.0430622,0.114832535,0.375,0.223350253,0.257211538,0.284263959,0.541475497,0.060913706,2.9305609046497936,0.247838616,-0.3979033548384905,23.43634922917733,-24.77264787141433,0.24903202844926944,44.19730497043773,"sa823925"
"Bobby Boyd","HOU","AA",24,97,0.072164948,0.24742268,0.291666666,0.186046511,0.252631578,0.313953488,0.566585066,0.127906977,6.878440754228496,0.229508196,0.5615523071028292,6.29212752431946,-4.895127783712575,0.2603382756835536,59.56142627395914,"sa827122"
"Trent Woodward","HOU","AA",25,168,0.125,0.244047619,0.512195121,0.258741258,0.365269461,0.384615384,0.749884845,0.125874126,1.022486765,0.336734693,-0.10679917177185416,22.252491797140774,2.876626933745084,0.3471806131931673,117.84598977546118,"sa827146"
"Michael Russell","TBR","AA",24,431,0.064965197,0.197215777,0.329411764,0.246113989,0.302325581,0.370466321,0.672791902,0.124352332,6.7856494242122505,0.292763157,1.6996618670818862,42.698706722654705,-3.295057379804247,0.3083869849526605,92.3959325776358,"sa827159"
"Max Murphy","MIN","AA",24,230,0.078260869,0.204347826,0.382978723,0.252427184,0.317391304,0.3592233,0.676614604,0.106796116,4.21350930875,0.316770186,-0.022204426204552874,23.214798222966227,-1.3294378409909877,0.31091137796510254,87.96795606194806,"sa827182"
"Branden Cogswell","OAK","AA",24,79,0.088607594,0.189873417,0.466666666,0.225352112,0.294871794,0.253521126,0.54839292,0.028169014,2.4949375611426965,0.285714285,-0.24982405989430845,5.237337528241541,-3.8739322587123852,0.2621732323597639,52.7682329769623,"sa827188"
"Gunnar Heidt","TOR","AA",24,485,0.092783505,0.284536082,0.326086956,0.229166666,0.302904564,0.37037037,0.673274934,0.141203704,4.538884650274796,0.302816901,0.05969258933328092,47.84264897545393,-8.774695158101956,0.30507563342671384,81.07340573135687,"sa827195"
"Jay Baum","SEA","AA",24,109,0.036697247,0.256880733,0.142857142,0.192307692,0.229357798,0.259615384,0.488973182,0.067307692,5.389228235029258,0.253333333,0.557280340231955,4.201945561228506,-8.369300094188937,0.22652371706218893,43.370189873866615,"sa827313"
"Will Maddox","DET","AA",25,67,0.029850746,0.223880597,0.133333333,0.296875,0.318181818,0.359375,0.677556818,0.0625,4.453573277760622,0.375,0.6189674574416131,6.734374992804063,-1.0869900730686062,0.30742913394263294,80.96266661440879,"sa827323"
"Vicente Conde","NYY","AA",23,102,0.156862745,0.303921568,0.516129032,0.13253012,0.287128712,0.216867469,0.503996181,0.084337349,4.228150479259196,0.196078431,0.22395888529717922,5.920789441049121,-5.986363345801808,0.2539380222263903,55.302958275675394,"sa827330"
"Auston Bousfield","SDP","AA",23,337,0.089020771,0.15430267,0.576923076,0.228956228,0.307462686,0.313131313,0.620593999,0.084175085,5.339676439715074,0.262295081,0.3843590214382857,29.80661147840754,-9.060450777332626,0.2906352108983851,80.8044040333858,"sa827356"
"Andrew Daniel","ATL","AA",24,217,0.105990783,0.230414746,0.46,0.210526315,0.300925925,0.315789473,0.616715398,0.105263158,5.4261222486789595,0.273381294,-0.304904250864638,18.80171774275071,-4.3552354132437054,0.2914867069986131,77.06932056145243,"sa827358"
"T.J. White","MIN","AA",25,416,0.091346153,0.201923076,0.452380952,0.275956284,0.358173076,0.483606557,0.841779633,0.207650273,3.5225440839608164,0.322222222,-1.1490346012578811,63.7226770885704,19.329624033760826,0.3816297933963186,135.94588505121047,"sa827369"
"Jake Gatewood","MIL","AA",21,100,0.08,0.29,0.275862068,0.239130434,0.3,0.456521739,0.756521739,0.217391305,6.66013141523522,0.305084745,0.5919256721390411,12.48227861095595,1.8108716266267266,0.3432468008995056,117.19859590417856,"sa828685"
"Nicholas Torres","SDP","AA",24,467,0.051391862,0.231263383,0.222222222,0.276887871,0.319057815,0.393592677,0.712650492,0.116704806,3.0476923239826887,0.34375,-1.681160056963563,53.08125712533152,-0.779033893750548,0.32303654405692106,102.5506814156931,"sa828872"
"Gavin LaValley","CIN","AA",22,272,0.069852941,0.246323529,0.283582089,0.251012145,0.305147058,0.35222672,0.657373778,0.101214575,1.2005494462500002,0.32596685,-0.02583787776529789,25.990708550744813,-3.035518446630675,0.3036293678862207,86.89287888733972,"sa828878"
"Tyler Moore","NYM","AA",23,75,0.12,0.266666666,0.45,0.1875,0.28,0.234375,0.514375,0.046875,2.0025080641678734,0.260869565,-0.392254292499274,3.919504323522106,-4.835755078574166,0.24664873600006104,46.74881874471289,"sa829014"
"Logan Moon","KCR","AA",25,284,0.059859154,0.299295774,0.2,0.240601503,0.285211267,0.345864661,0.631075928,0.105263158,4.428261911227185,0.337078651,0.26260062819346786,24.53249589195218,-8.221942329502436,0.287982078924985,73.1143970255143,"sa829029"
"Nelson Ward","SEA","AA",24,297,0.087542087,0.249158249,0.351351351,0.265151515,0.33898305,0.329545454,0.668528504,0.064393939,4.7511484083731865,0.363157894,0.20140021620318294,31.442196561831015,-2.811564535957797,0.3130165783025451,101.42020105455445,"sa829034"
"Mac James","TBR","AA",24,172,0.075581395,0.174418604,0.433333333,0.24025974,0.3,0.292207792,0.592207792,0.051948052,1.9657221324478265,0.288,-1.1487560873210896,13.326231971536945,-5.028588041509319,0.27916214606341194,72.56874560800138,"sa829039"
"Keith Curcio","ATL","AA",24,455,0.094505494,0.147252747,0.641791044,0.219451371,0.293986636,0.314214463,0.608201099,0.094763092,5.702860290811799,0.251497005,0.07289132889127359,36.62143390523009,-11.933467873467878,0.2832344819768697,77.4697186118753,"sa829045"
"Danny Mars","BOS","AA",23,518,0.063706563,0.183397683,0.347368421,0.303983228,0.35145631,0.402515723,0.753972033,0.098532495,4.892854171915156,0.367724867,-1.5544880656525493,65.39755730722221,4.927899036743953,0.3398480123711376,104.5246030394924,"sa829046"
"Jamie Ritchie","HOU","AA",24,293,0.153583617,0.150170648,1.022727272,0.256198347,0.382252559,0.334710743,0.716963302,0.078512396,3.6802845163446345,0.301020408,0.3864016653969884,37.66779490644361,3.875363924449936,0.34217436789652594,114.48602929692282,"sa829058"
"Jake Peter","CHW","AA",24,322,0.080745341,0.248447204,0.325,0.270175438,0.339622641,0.361403508,0.701026149,0.09122807,4.636534081667751,0.359605911,0.2558100216847379,36.40413260654824,2.0422021170081424,0.3273199809797155,105.5467826381243,"sa829115"
"Zack Zehner","NYY","AA",24,501,0.12774451,0.249500998,0.512,0.259860788,0.355421686,0.408352668,0.763774354,0.14849188,5.221153805720078,0.34006734,0.5080915212165564,66.30275026589135,7.817617459888255,0.34751998420700014,118.19195520636892,"sa829122"
"Bo Way","LAA","AA",25,247,0.080971659,0.141700404,0.571428571,0.220657276,0.295833333,0.291079812,0.586913145,0.070422536,6.823744672134532,0.255555555,0.11459936632309109,18.52337232218326,-7.83500292910992,0.2757989385137997,65.65271799065555,"sa829126"
"Caleb Adams","LAA","AA",24,58,0.086206896,0.344827586,0.25,0.196078431,0.280701754,0.274509803,0.555211557,0.078431372,4.036540001520886,0.3,-0.3593779161456041,3.980776356297213,-2.208639694613737,0.267191093218954,59.81284463110109,"sa829163"
"Antonio Nunez","HOU","AA",24,419,0.107398568,0.238663484,0.45,0.223140495,0.31566265,0.269972451,0.585635101,0.046831956,3.906299667493532,0.300380228,-1.0839924693573266,33.72266278554993,-14.601666843990515,0.2804034255840928,73.028227572527,"sa829188"
"Alec Keller","WSN","AA",25,311,0.057877813,0.192926045,0.3,0.263888888,0.316129032,0.354166666,0.670295698,0.090277778,5.8729566486085485,0.324444444,0.8696395047008991,30.98490027416029,-5.32024204653225,0.306316694905681,85.28372842689213,"sa829219"
"Kyle Martin","PHI","AA",24,501,0.099800399,0.267465069,0.373134328,0.19266055,0.288,0.383027522,0.671027522,0.190366972,3.1735175706518017,0.218309859,0.09260008833371103,48.07496077242462,-10.410172033578474,0.30169150131329203,75.99574594883642,"sa829261"
"Casey Grayson","STL","AA",25,220,0.113636363,0.286363636,0.396825396,0.246153846,0.331818181,0.323076923,0.654895104,0.076923077,1.0357142775,0.348837209,-0.13670293986797333,22.49393827792511,-2.8792180908073397,0.3083642829548229,85.28336715874651,"sa829305"
"Alec Sole","TBR","AA",24,75,0.066666666,0.333333333,0.2,0.19402985,0.256756756,0.208955223,0.465711979,0.014925373,1.2539682462500001,0.302325581,-0.0072669031214900315,2.851355887344237,-5.152199350902681,0.22575000572848963,36.33201914110359,"sa829320"
"Corey Toups","KCR","AA",24,107,0.06542056,0.327102803,0.2,0.285714285,0.336448598,0.418367346,0.754815944,0.132653061,4.842870027255454,0.419354838,0.33736004843376577,13.696193421243315,1.3556128237234415,0.34145840918906384,109.00523848010954,"sa829321"
"Chase Simpson","PIT","AA",25,136,0.06617647,0.308823529,0.214285714,0.176,0.237037037,0.328,0.565037037,0.152,4.308206445090478,0.227848101,-0.5994828834664077,7.737272317683441,-8.138931398117798,0.2524828510497933,49.00257835677711,"sa829341"
"Jordan Procyshen","BOS","AA",24,248,0.108870967,0.27016129,0.402985074,0.2,0.295081967,0.297674418,0.592756385,0.097674418,2.1829782618065003,0.270833333,-1.1717714436817914,19.33859449794252,-9.61212992498915,0.279043801251005,63.66292664827101,"sa829345"
"Michael Suchy","PIT","AA",24,281,0.074733096,0.338078291,0.221052631,0.2,0.273381294,0.288,0.561381294,0.088,4.170694219996814,0.300653594,-0.3575548364315182,18.040111499007068,-14.76292706084696,0.2616881175006894,55.18870612461093,"sa829367"
"Josh Ockimey","BOS","AA",21,121,0.140495867,0.272727272,0.515151515,0.27184466,0.371900826,0.427184466,0.799085292,0.155339806,0.8571428525,0.367647058,0.033941749949008226,17.155317820646665,3.030165985264682,0.3594091087579727,117.67006082426896,"sa829375"
"Darren Seferina","STL","AA",23,197,0.106598984,0.213197969,0.5,0.277456647,0.357142857,0.410404624,0.767547481,0.132947977,6.209919064602856,0.338582677,0.6612077583558857,26.736485168138618,4.015976965228195,0.35137302869436693,114.14884964186032,"sa829376"
"Cade Gotta","TBR","AA",25,390,0.117948717,0.166666666,0.707692307,0.281524926,0.364102564,0.387096774,0.751199338,0.105571848,6.013160625450222,0.332116788,2.384135790372966,50.153911063494924,8.535423824610952,0.3483592394385056,119.5145547295692,"sa829411"
"Collin Ferguson","COL","AA",24,75,0.093333333,0.293333333,0.318181818,0.179104477,0.266666666,0.358208955,0.624875621,0.179104478,3.120798315,0.232558139,0.01397601468488574,6.091380355680494,-2.6638790464157776,0.2831252201398214,64.19943337018779,"sa829421"
"Grant Kay","TBR","AA",24,472,0.093220338,0.186440677,0.5,0.261390887,0.336864406,0.42206235,0.758926756,0.160671463,6.438027829699639,0.311926605,1.2477356997842435,60.29651767353479,9.927476707500853,0.3472047573176481,118.73131233257644,"sa829446"
"J.P. Sportman","OAK","AA",25,558,0.064516129,0.20250896,0.31858407,0.274853801,0.326750448,0.417153996,0.743904444,0.142300195,5.506967278752025,0.329923273,-0.7345129582099617,69.1756058209566,4.820054667535206,0.3362788254097505,102.50448222820177,"sa829450"
"Bryan Muniz","HOU","AA",24,123,0.032520325,0.243902439,0.133333333,0.20338983,0.235772357,0.27118644,0.506958797,0.06779661,1.8326719525000001,0.264367816,-0.049127619015052915,5.425713820295219,-8.760187240405198,0.23366961004288217,41.662650393335646,"sa829454"
"Daniel Spingola","CHC","AA",24,147,0.061224489,0.238095238,0.257142857,0.237037037,0.299319727,0.385185185,0.684504912,0.148148148,3.8928571400000003,0.291666666,-0.013322655722731724,15.455159847290599,-0.2318084196733618,0.3166007792868582,94.30956105387621,"sa829496"
"Jared James","ATL","AA",23,383,0.086161879,0.159268929,0.540983606,0.279411764,0.352480417,0.414705882,0.767186299,0.135294118,3.9775120981778898,0.324909747,-0.5953087178932037,50.005270814433054,9.13378206445213,0.35101535251447225,123.45471097424678,"sa829527"
"Dexture McCall","HOU","AA",23,134,0.044776119,0.291044776,0.153846153,0.2421875,0.276119402,0.421875,0.697994402,0.1796875,3.2355990712500002,0.301204819,-0.05767155275680125,14.105077289399995,-1.3494815897370445,0.3122402411788257,94.39562685529505,"sa829535"
"Devyn Bolasky","NYY","AA",24,159,0.069182389,0.194968553,0.354838709,0.216783216,0.275641025,0.3006993,0.576340325,0.083916084,6.318885041798296,0.274336283,0.23394175292924047,10.564935148678206,-7.99621478376589,0.2645177860290576,62.4127764418223,"sa829558"
"Sal Giardina","ATL","AA",25,119,0.075630252,0.243697478,0.310344827,0.247619047,0.319327731,0.323809523,0.643137254,0.076190476,3.5832286207650004,0.324675324,0.1870810640975833,11.239851787579296,-1.4591225237724805,0.3021383500900589,90.29478597836814,"sa829575"
"Andrew Ely","CHC","AA",24,339,0.123893805,0.174041297,0.711864406,0.258865248,0.3556231,0.354609929,0.710233029,0.095744681,3.44899189576258,0.313901345,-1.3454011526773684,38.80615588494942,2.630086208073349,0.32923681259155274,102.88230274925903,"sa829591"
"Luke Tendler","TEX","AA",25,464,0.088362068,0.224137931,0.394230769,0.245238095,0.314655172,0.404761904,0.719417076,0.159523809,2.7916586982335527,0.296052631,-0.8363510626368225,53.832693430942996,0.31839999870727637,0.32606162648994,95.89601123798403,"sa829644"
"Jeff Hendrix","NYY","AA",23,140,0.092857142,0.178571428,0.52,0.333333333,0.417266187,0.375,0.792266187,0.041666667,5.273458453799823,0.416666666,0.6436840458773077,20.92898524270257,4.58583435878953,0.36912488465686494,132.71089122056586,"sa829803"
"Cody Jones","KCR","AA",24,118,0.118644067,0.20338983,0.583333333,0.235294117,0.330508474,0.284313725,0.614822199,0.049019608,5.0143281408820775,0.294871794,1.118136209435761,10.79512875190446,-2.814109664052038,0.2945376720468877,77.51420816096707,"sa829826"
"Dale Burdick","NYM","AA",21,87,0.114942528,0.287356321,0.4,0.226666666,0.32183908,0.346666666,0.668505746,0.12,7.055488373136193,0.306122448,0.22395888529717922,8.816960064427029,-1.3391408420046462,0.3084762665047043,88.29818674091409,"sa829841"
"Nick Schulz","SDP","AA",26,363,0.121212121,0.264462809,0.458333333,0.250803858,0.352617079,0.446945337,0.799562416,0.196141479,3.539739622280502,0.315270935,-0.422792048426345,52.22309327436245,10.357385265953909,0.3618410203338328,128.59445253659152,"sa829877"
"Roemon Fields","TOR","AA",26,62,0.048387096,0.14516129,0.333333333,0.237288135,0.274193548,0.305084745,0.579278293,0.06779661,9.19852940625,0.28,1.4139760355465114,4.094079470368155,-3.1436016353647624,0.2639980758390119,53.46844492076137,"sa829879"
"Daniel Carbonell","SFG","AA",26,207,0.053140096,0.193236714,0.275,0.240837696,0.286407766,0.371727748,0.658135514,0.130890052,5.060412347870408,0.281879194,0.2214811504818499,18.48823587591176,-5.67628007387395,0.2933240332254549,81.55040676661717,"sa829978"
"Billy Fleming","NYY","AA",24,289,0.065743944,0.121107266,0.542857142,0.254826254,0.307958477,0.428571428,0.736529905,0.173745174,5.433863944193657,0.256756756,-0.15655654668807983,32.8223123320913,-0.9146205639863321,0.3238784422477086,102.30435434560891,"sa836204"
"Stephen Gaylor","ATL","AA",25,56,0.071428571,0.160714285,0.444444444,0.18,0.24074074,0.2,0.44074074,0.02,4.370089907627726,0.219512195,-0.18170754227321595,1.643845762030463,-4.332142149193902,0.21402304040061104,30.514175152053173,"sa842226"
"Blake Allemand","MIL","AA",24,370,0.07027027,0.172972972,0.40625,0.25595238,0.31081081,0.383928571,0.694739381,0.127976191,3.5963011926751807,0.295202952,-0.38844552863156423,39.464259029174265,-0.019946812843860514,0.3186622999809884,100.5195819286417,"sa857217"
"Zach Gibbons","LAA","AA",23,330,0.075757575,0.142424242,0.531914893,0.235880398,0.294832826,0.325581395,0.620414221,0.089700997,3.650992209660357,0.268774703,0.4155916516901925,28.076045380033,-7.139597668253438,0.2894504528639889,74.9143987296185,"sa857717"
"Jesse Jenner","STL","AA",23,128,0.0625,0.2109375,0.296296296,0.254237288,0.299212598,0.389830508,0.689043106,0.13559322,1.35609243375,0.295454545,-0.0640795030631125,13.427261566217071,-1.3353021392272648,0.31177602790472075,87.57317269468386,"sa857727"
"Brennon Lund","LAA","AA",22,129,0.023255813,0.255813953,0.09090909,0.286885245,0.310077519,0.336065573,0.646143092,0.049180328,3.13857506676776,0.377777777,-0.5682596896076575,11.775044435962817,-1.991070573821881,0.29784328761950946,80.60840116821434,"sa857730"
"Jordan Tarsovich","OAK","AA",26,399,0.120300751,0.197994987,0.607594936,0.240469208,0.335858585,0.328445747,0.664304332,0.087976539,6.244017666618361,0.300380228,0.3359278403222561,41.80326785665213,-4.214411193912639,0.3116084976930811,85.94689840860565,"sa857752"
"Errol Robinson","LAD","AA",22,258,0.1124031,0.193798449,0.58,0.273127753,0.356589147,0.352422907,0.709012054,0.079295154,6.308458504408756,0.34090909,0.8142161257565022,30.857692660058806,1.101900191272565,0.33066755879757015,102.84651603544985,"sa857819"
"Anderson Miller","KCR","AA",23,225,0.04,0.248888888,0.160714285,0.230046948,0.263392857,0.295774647,0.559167504,0.065727699,2.9066987815410132,0.301282051,-0.31460000085644424,14.032357059461454,-11.917461954014918,0.2571244588387864,52.40418851436998,"sa857824"
"Kyle Barrett","MIA","AA",23,141,0.063829787,0.234042553,0.272727272,0.23015873,0.284671532,0.285714285,0.570385817,0.055555555,5.347360515385962,0.308510638,0.00981440706527792,9.756242007844254,-5.290441840059951,0.2679479191773129,67.93279249782003,"sa858028"
"Alex Perez","MIN","AA",24,157,0.159235668,0.171974522,0.925925925,0.272,0.394904458,0.312,0.706904458,0.04,1.74243340875,0.333333333,-0.022608143044635653,18.989913383816667,2.2358044184197854,0.3380112709143223,106.35350290439547,"sa858057"
"Donnie Dewees","KCR","AA",23,524,0.087786259,0.154580152,0.567901234,0.271551724,0.340384615,0.407327586,0.747712201,0.135775862,6.553029376301012,0.308707124,0.46975902654230595,65.79575260679908,5.361507437636339,0.3383266554145739,106.90335008126124,"sa858802"
"Tyler Ramirez","OAK","AA",22,243,0.115226337,0.218106995,0.528301886,0.307692307,0.395061728,0.427884615,0.822946343,0.120192308,3.539451958021562,0.389610389,-0.7857838980853558,37.75123859042358,9.725434055869101,0.37660377849767235,129.5687271155286,"sa873260"
"Ryne Birk","HOU","AA",22,134,0.052238805,0.164179104,0.318181818,0.246031746,0.285714285,0.428571428,0.714285713,0.182539682,1.7333694155757065,0.24742268,-0.671880338108167,14.982720883816812,-0.47183799532022774,0.3206556497659898,100.04366017931001,"sa874211"
"Kade Scivicque","ATL","AA",24,255,0.062745098,0.180392156,0.347826086,0.269230769,0.318897637,0.363247863,0.6821455,0.094017094,1.8872180401785714,0.320855614,-0.4031045377778355,26.289158501792176,-0.9229293082473441,0.3138362315332465,98.23105154348045,"sa875053"
"Brian Mundell","COL","AA",23,203,0.123152709,0.128078817,0.961538461,0.302325581,0.394088669,0.424418604,0.818507273,0.122093023,2.6032245160820717,0.335616438,-0.14533481164835393,30.838135268052962,7.140566486379057,0.3721722111913371,124.04083686722709,"sa875185"
"Jhalan Jackson","NYY","AA",24,103,0.13592233,0.262135922,0.518518518,0.302325581,0.417475728,0.488372093,0.905847821,0.186046512,3.8373710197775663,0.410714285,-0.586505155544728,18.621023833997675,6.597134255118796,0.4085432597734396,159.20084739644545,"sa875208"
"Hutton Moyer","LAA","AA",24,101,0.07920792,0.247524752,0.32,0.206521739,0.267326732,0.29347826,0.560804992,0.086956521,7.959861585753076,0.279411764,1.4150627468479797,6.523018197811217,-4.2551028563613,0.261709465838895,56.09391049517052,"sa875235"
"Tim Arakawa","LAA","AA",24,282,0.131205673,0.258865248,0.506849315,0.244725738,0.345323741,0.320675105,0.665998846,0.075949367,4.293391465635431,0.331288343,-1.0715490760921966,28.560139848473064,-1.533227847335346,0.3113759068677025,89.78941917278259,"sa875387"
"Zach Coppola","PHI","AA",23,372,0.102150537,0.163978494,0.622950819,0.252307692,0.329700272,0.286153846,0.615854118,0.033846154,6.014262075882584,0.307116104,2.2187988290097564,32.473825446239935,-10.95226118815757,0.29077970429402283,68.66279465427647,"sa875612"
"Garrett Kennedy","LAD","AA",24,141,0.09929078,0.205673758,0.48275862,0.195121951,0.278571428,0.349593495,0.628164923,0.154471544,2.48844537125,0.217391304,-0.05980753619223833,11.801763813759047,-4.46012276801948,0.2845365825316889,71.88553671752916,"sa875722"
"Chad De La Guerra","BOS","AA",24,222,0.103603603,0.216216216,0.479166666,0.270408163,0.352941176,0.408163265,0.761104441,0.137755102,3.5802616923968404,0.340277777,0.04867547075264156,29.217393941916992,3.301826111712024,0.3465992829918322,109.06159530121818,"sa875729"
"Drew Ferguson","HOU","AA",24,364,0.123626373,0.211538461,0.584415584,0.291666666,0.389502762,0.426282051,0.815784813,0.134615385,4.66130214086,0.365638766,0.7316558794118464,56.013396731626834,14.032356194269509,0.3747125241564912,136.32413602160415,"sa875766"
"Jonathan Morales","ATL","AA",22,143,0.048951048,0.139860139,0.35,0.169230769,0.221428571,0.223076923,0.444505494,0.053846154,1.08035714,0.19090909,-0.010496637842152268,3.9896873570121296,-11.27042463057866,0.21205429477351054,29.17850696267156,"sa875808"
"Logan Hill","PIT","AA",24,96,0.145833333,0.21875,0.666666666,0.278481012,0.385416666,0.417721518,0.803138184,0.139240506,1.35609243375,0.344827586,0.02994860289618373,14.041096509033647,2.8343644743504193,0.3650546402980884,124.65312851285937,"sa875822"
"A.J. Kennedy","SDP","AA",23,111,0.045045045,0.324324324,0.138888888,0.06930693,0.136363636,0.138613861,0.274977497,0.069306931,3.2032757541511048,0.078125,0.1786401686258614,-4.401034353994083,-17.20294506730909,0.1260476658741633,-29.65914974254313,"sa876029"
"Andrew Guillotte","TOR","AA",24,239,0.083682008,0.179916317,0.465116279,0.244131455,0.316455696,0.31455399,0.631009686,0.070422535,4.9530623404659675,0.291666666,-1.2046789426822215,21.46750494118335,-6.432588353496768,0.2939627195712383,73.60529979986477,"sa876089"
"Jordan George","PIT","AA",24,119,0.06722689,0.100840336,0.666666666,0.301886792,0.352941176,0.415094339,0.768035515,0.113207547,3.4495326320735384,0.322916666,0.22994860587641597,14.816838166843239,0.925159915517153,0.3376577043125772,106.24182587891566,"sa876211"
"Dalton Kelly","TBR","AA",22,231,0.129870129,0.251082251,0.517241379,0.302083333,0.410480349,0.515625,0.926105349,0.213541667,5.348418144485631,0.3984375,0.7956843295833096,42.1491776502609,17.4982275164604,0.4212685448634052,168.97886267541998,"sa876363"
"Alejandro Garcia","HOU","AA",26,174,0.022988505,0.166666666,0.137931034,0.202453987,0.244186046,0.325153374,0.56933942,0.122699387,4.712870824309412,0.229007633,-1.2839531400240958,11.174308378853397,-8.893551658234996,0.25950679148352424,59.00337250609802,"sa880808"
"Zach Welz","LAA","AA",25,136,0.095588235,0.301470588,0.31707317,0.235294117,0.315789473,0.285714285,0.601503758,0.050420168,3.171387132858801,0.358974358,0.00860325654502958,11.400217569468989,-3.1128959292187552,0.28775334403030856,73.76301875860426,"sa883465"
"Osmel Aguila","PHI","AA",27,97,0.113402061,0.154639175,0.733333333,0.243902439,0.329896907,0.43902439,0.768921297,0.195121951,2.8303571400000003,0.253731343,0.02296059555374086,12.255429537262023,0.9319607105508456,0.3399670763114064,101.71771701710375,"sa916860"
"T.J. Bennett","SFG","AA",24,73,0.08219178,0.164383561,0.5,0.242424242,0.315068493,0.409090909,0.724159402,0.166666667,4.4940476149999995,0.283018867,0.014974301448091865,8.394798064348262,-0.1269877536921095,0.3256736748839078,103.29002914586387,"sa917904"
"Troy Montgomery","LAA","AA",22,82,0.121951219,0.146341463,0.833333333,0.235294117,0.35,0.264705882,0.614705882,0.029411765,6.40658374389823,0.285714285,0.7895033740787767,7.757645738411281,-0.9929079887386831,0.3023453116416931,83.66273698056536,"sa918108"
"Tyler Neslony","ATL","AA",23,168,0.107142857,0.160714285,0.666666666,0.194444444,0.289156626,0.243055555,0.532212181,0.048611111,1.4605411999978266,0.228813559,-0.3938190504559316,10.221991237781534,-7.705972495891561,0.2566482374162385,59.43264940093137,"sa918131"