Name,Team,Level,Age,PA,BABIP,GB/FB,LD%,GB%,FB%,IFFB%,HR/FB,Pull%,Cent%,Oppo%,SwStr%,Balls,Strikes,Pitches,PlayerId
"Delino DeShields","WSN","AA",32,127,0.397058823,1.136363636,0.298507462,0.373134328,0.328358208,0.227272727,0,0.375,0.23611111,0.38888889,0.10663984,203,294,497,"11379"
"Isan Diaz","KCR","AA",29,70,0.304347826,0.888888888,0.32,0.32,0.36,0.166666666,0.222222222,0.52,0.34,0.14,0.09328358,116,152,268,"17922"
"David Fletcher","ATL","AA",31,63,0.244444444,1.692307692,0.222222222,0.488888888,0.288888888,0.384615384,0,0.48888889,0.13333333,0.37777778,0.1,85,145,230,"17992"
"Travis Blankenhorn","LAA","AA",28,251,0.232394366,0.698630136,0.173333333,0.34,0.486666666,0.219178082,0.109589041,0.52317881,0.27152318,0.20529801,0.1319797,379,606,985,"18395"
"Yonny Hernandez","NYM","AA",27,56,0.1875,3,0.234042553,0.574468085,0.191489361,0,0,0.375,0.125,0.5,0.05945946,60,125,185,"19432"
"Drew Ellis","SFG","AA",29,61,0.181818181,0.35,0.205882352,0.205882352,0.588235294,0.3,0.05,0.47058824,0.26470588,0.26470588,0.14522822,101,140,241,"19873"
"Tres Barrera","TBR","AA",30,113,0.20289855,1.23076923,0.171428571,0.457142857,0.371428571,0.384615384,0.038461538,0.44285714,0.25714286,0.3,0.12553191,180,290,470,"19977"
"Seth Beer","PHI","AA",28,120,0.22368421,0.390243902,0.278481012,0.202531645,0.518987341,0.243902439,0.073170731,0.37974684,0.34177215,0.27848101,0.13274336,183,269,452,"20493"
"Mark Kolozsvary","BOS","AA",29,83,0.227272727,0.904761904,0.130434782,0.413043478,0.456521739,0.238095238,0.19047619,0.47916667,0.33333333,0.1875,0.14696486,126,187,313,"21304"
"Cal Mitchell","SFG","AA",26,156,0.225806451,0.853658536,0.191489361,0.372340425,0.436170212,0.31707317,0.073170731,0.49462366,0.1827957,0.32258065,0.12882448,235,386,621,"22169"
"Jeremiah Jackson","BAL","AA",25,189,0.284722222,1.265306122,0.239726027,0.424657534,0.335616438,0.163265306,0.081632653,0.53020134,0.2147651,0.25503356,0.14285714,215,450,665,"22239"
"Chandler Seagle","ATL","AA",29,122,0.228571428,1.23076923,0.171428571,0.457142857,0.371428571,0.307692307,0,0.36619718,0.21126761,0.42253521,0.16736402,145,333,478,"23552"
"Jordan Groshans","KCR","AA",25,250,0.331550802,1.19117647,0.215789473,0.426315789,0.357894736,0.220588235,0.044117647,0.36315789,0.23684211,0.4,0.08758315,333,569,902,"23794"
"Jose Rodriguez","PHI","AA",24,108,0.333333333,1.379310344,0.197674418,0.465116279,0.337209302,0.275862068,0.034482758,0.48275862,0.27586207,0.24137931,0.0952381,140,259,399,"24388"
"Travis Swaggerty","NYM","AA",27,76,0.272727272,1.916666666,0.166666666,0.547619047,0.285714285,0.166666666,0,0.38636364,0.22727273,0.38636364,0.16551724,109,181,290,"24491"
"Bryan Lavastida","HOU","AA",26,163,0.296296296,1.758620689,0.279279279,0.459459459,0.261261261,0.24137931,0.172413793,0.46491228,0.21052632,0.3245614,0.10140406,251,390,641,"24765"
"Cam Eden","NYY","AA",27,81,0.285714285,0.944444444,0.146341463,0.414634146,0.43902439,0.111111111,0.055555555,0.41860465,0.20930233,0.37209302,0.23202614,99,207,306,"25476"
"C.J. Stubbs","WSN","AA",28,156,0.242857142,0.806451612,0.211267605,0.352112676,0.436619718,0.29032258,0.064516129,0.43055556,0.23611111,0.33333333,0.16434109,239,406,645,"25814"
"Alejandro Osuna","TEX","AA",22,169,0.305785123,1.275,0.235294117,0.428571428,0.336134453,0.225,0.05,0.29032258,0.26612903,0.44354839,0.05987055,219,399,618,"27915"
"Jhostynxon Garcia","BOS","AA",22,138,0.310344827,1.137931034,0.295454545,0.375,0.329545454,0.206896551,0.103448275,0.51111111,0.15555556,0.33333333,0.08971963,195,340,535,"28142"
"Denzer Guzman","LAA","AA",21,386,0.29787234,0.743119266,0.224489795,0.330612244,0.444897959,0.321100917,0.100917431,0.53252033,0.22357724,0.24390244,0.12631579,600,920,1520,"28816"
"Carter Jensen","KCR","AA",21,308,0.368159203,1.041666666,0.275862068,0.369458128,0.354679802,0.208333333,0.083333333,0.36057692,0.31730769,0.32211538,0.10392799,483,739,1222,"29478"
"Daylen Lile","WSN","AA",22,94,0.355263157,1,0.36,0.32,0.32,0.041666666,0.083333333,0.42307692,0.30769231,0.26923077,0.10493827,110,214,324,"29995"
"Oscar Colas","LAA","AA",26,372,0.247863247,1.084210526,0.201612903,0.41532258,0.383064516,0.210526315,0.157894736,0.38554217,0.2811245,0.33333333,0.15267176,510,931,1441,"30162"
"Nathan Church","STL","AA",24,129,0.326923076,1.116279069,0.165137614,0.440366972,0.394495412,0.279069767,0.139534883,0.33333333,0.26126126,0.40540541,0.04719101,161,284,445,"31357"
"Sal Stewart","CIN","AA",21,329,0.341880341,1.647058823,0.256198347,0.462809917,0.280991735,0.19117647,0.147058823,0.43089431,0.22764228,0.34146341,0.09304207,450,786,1236,"31505"
"Zach Cole","HOU","AA",24,355,0.412121212,1.442307692,0.265895953,0.433526011,0.300578034,0.096153846,0.269230769,0.40782123,0.27374302,0.31843575,0.15937941,548,870,1418,"31583"
"Rafael Flores Jr.","NYY","AA",24,370,0.35371179,1.045454545,0.240506329,0.388185654,0.371308016,0.25,0.170454545,0.39344262,0.25819672,0.34836066,0.14637579,506,915,1421,"31991"
"Kyle Karros","COL","AA",22,234,0.362416107,1.270833333,0.263513513,0.412162162,0.324324324,0.145833333,0.083333333,0.43506494,0.22077922,0.34415584,0.10913405,322,521,843,"33252"
"Bryce Eldridge","SFG","AA",20,140,0.35,0.9,0.313253012,0.325301204,0.361445783,0.2,0.233333333,0.39285714,0.30952381,0.29761905,0.15647482,200,356,556,"33390"
"CJ Kayfus","CLE","AA",23,80,0.450980392,1.125,0.346153846,0.346153846,0.307692307,0.3125,0.0625,0.34615385,0.34615385,0.30769231,0.15771812,119,179,298,"33704"
"Christian Moore","LAA","AA",22,146,0.333333333,1.275862068,0.214285714,0.44047619,0.345238095,0.206896551,0.034482758,0.38823529,0.25882353,0.35294118,0.13815789,244,364,608,"34979"
"Jac Caglianone","KCR","AA",22,175,0.366972477,1.666666666,0.247863247,0.47008547,0.282051282,0.333333333,0.272727272,0.37288136,0.26271186,0.36440678,0.12536873,266,412,678,"35041"
"Marcus Smith","TEX","AA",24,162,0.231884057,1.08,0.277777777,0.375,0.347222222,0.2,0.16,0.32,0.32,0.36,0.13578501,264,443,707,"sa1169620"
"Cody Milligan","ATL","AA",26,225,0.273504273,1.421052631,0.220338983,0.457627118,0.322033898,0.131578947,0.052631578,0.39669421,0.26446281,0.33884298,0.1317176,390,559,949,"sa1169818"
"Matt O'Neill","NYM","AA",27,102,0.333333333,1.625,0.275862068,0.448275862,0.275862068,0.25,0.125,0.38983051,0.3559322,0.25423729,0.10899183,151,216,367,"sa1170279"
"Dylan Shockley","ATL","AA",28,87,0.285714285,1.307692307,0.25,0.425,0.325,0.307692307,0,0.21428571,0.26190476,0.52380952,0.18428184,142,227,369,"sa1170874"
"Freuddy Batista","SEA","AA",25,58,0.368421052,0.875,0.23076923,0.358974358,0.41025641,0.3125,0.0625,0.43589744,0.33333333,0.23076923,0.16410256,56,139,195,"sa3002866"
"Eliezer Alfonzo","DET","AA",25,217,0.285714285,1.150943396,0.317365269,0.365269461,0.317365269,0.358490566,0.018867924,0.46470588,0.20588235,0.32941176,0.07224335,292,497,789,"sa3003262"
"Luis Mieses","TEX","AA",25,428,0.262626262,0.974789915,0.241935483,0.374193548,0.383870967,0.235294117,0.117647058,0.414791,0.22186495,0.36334405,0.13083538,539,1089,1628,"sa3003274"
"Francisco Acuna","SDP","AA",25,477,0.317567567,1,0.221122112,0.389438943,0.389438943,0.262711864,0.06779661,0.50653595,0.21895425,0.2745098,0.09765013,730,1185,1915,"sa3003291"
"Je'Von Ward","TOR","AA",25,198,0.309734513,0.978260869,0.228813559,0.381355932,0.389830508,0.152173913,0.130434782,0.41666667,0.26666667,0.31666667,0.13037975,292,498,790,"sa3004969"
"Imanol Vargas","PIT","AA",27,121,0.287878787,1.041666666,0.268656716,0.373134328,0.358208955,0.166666666,0.041666666,0.31343284,0.35820896,0.32835821,0.10887097,200,296,496,"sa3004972"
"Adam Hall","MIL","AA",26,123,0.342465753,1.260869565,0.257142857,0.414285714,0.328571428,0.260869565,0,0.42465753,0.30136986,0.2739726,0.11924686,194,284,478,"sa3005077"
"Tyler Dearden","MIN","AA",26,134,0.329787234,1.875,0.265957446,0.478723404,0.255319148,0,0.083333333,0.375,0.3125,0.3125,0.08498024,178,328,506,"sa3005103"
"Keyber Rodriguez","TEX","AA",24,481,0.308357348,1.095238095,0.232558139,0.40116279,0.366279069,0.238095238,0.015873015,0.42528736,0.23850575,0.3362069,0.08744395,599,1185,1784,"sa3005488"
"Jesus Valdez","ARI","AA",27,77,0.340425531,1.615384615,0.291666666,0.4375,0.270833333,0.23076923,0.23076923,0.58823529,0.25490196,0.15686275,0.13669065,95,183,278,"sa3005492"
"Julio Carreras","COL","AA",25,126,0.308823529,3,0.304347826,0.52173913,0.173913043,0.5,0.25,0.47222222,0.26388889,0.26388889,0.16741071,157,291,448,"sa3005598"
"Darlin Moquete","STL","AA",25,290,0.305263157,1.833333333,0.207253886,0.512953367,0.279792746,0.425925925,0.111111111,0.55612245,0.2244898,0.21938776,0.14529148,428,687,1115,"sa3005617"
"Ronaiker Palma","COL","AA",25,82,0.2,1.35,0.241935483,0.43548387,0.322580645,0.25,0.05,0.39393939,0.25757576,0.34848485,0.08304498,90,199,289,"sa3005624"
"Dalvy Rosario","MIA","AA",24,134,0.266666666,1.111111111,0.259740259,0.389610389,0.35064935,0.407407407,0.111111111,0.4875,0.275,0.2375,0.15151515,187,341,528,"sa3005712"
"Brandon Valenzuela","SDP","AA",24,374,0.265822784,1.093023255,0.268292682,0.382113821,0.349593495,0.220930232,0.139534883,0.46774194,0.25403226,0.27822581,0.12879299,588,895,1483,"sa3005729"
"Junior Perez","OAK","AA",23,405,0.254716981,0.821052631,0.206422018,0.357798165,0.435779816,0.2,0.147368421,0.44933921,0.24669604,0.30396476,0.13983549,703,999,1702,"sa3005744"
"Diego Hernandez","KCR","AA",24,115,0.31081081,2,0.229729729,0.513513513,0.256756756,0.263157894,0.052631578,0.36842105,0.26315789,0.36842105,0.15348837,141,289,430,"sa3005759"
"Viandel Pena","WSN","AA",24,173,0.242990654,1.459459459,0.194690265,0.477876106,0.327433628,0.216216216,0.162162162,0.45535714,0.19642857,0.34821429,0.13423831,247,416,663,"sa3005775"
"Yoyner Fajardo","SEA","AA",26,165,0.316239316,3.25,0.260869565,0.565217391,0.173913043,0.25,0,0.43220339,0.27118644,0.29661017,0.11893584,243,396,639,"sa3005938"
"Pablo Aliendo","CHC","AA",24,390,0.283653846,0.747368421,0.227906976,0.330232558,0.441860465,0.157894736,0.136842105,0.5158371,0.27149321,0.21266968,0.20703654,455,1023,1478,"sa3006220"
"Jose Cordova","COL","AA",25,330,0.296116504,2.307692307,0.173076923,0.576923076,0.25,0.096153846,0.115384615,0.33962264,0.18396226,0.47641509,0.10186514,535,859,1394,"sa3006548"
"Bladimir Restituyo","MIL","AA",23,351,0.236,0.881818181,0.16532258,0.391129032,0.443548387,0.39090909,0.045454545,0.52671756,0.25572519,0.21755725,0.1509754,309,870,1179,"sa3006621"
"Eduardo Valencia","DET","AA",25,218,0.338028169,1.634146341,0.284768211,0.443708609,0.271523178,0.195121951,0.268292682,0.48366013,0.23529412,0.28104575,0.11638955,291,551,842,"sa3006622"
"Orlando Martinez","HOU","AA",27,269,0.322751322,0.944444444,0.259259259,0.359788359,0.38095238,0.208333333,0.041666666,0.41884817,0.26701571,0.31413613,0.09442871,401,658,1059,"sa3006664"
"Nick Podkul","CHW","AA",28,92,0.272727272,1.1875,0.186046511,0.441860465,0.372093023,0.125,0,0.52173913,0.30434783,0.17391304,0.14473684,148,232,380,"sa3006720"
"Kendall Simmons","LAD","AA",25,120,0.301369863,1.583333333,0.162162162,0.513513513,0.324324324,0.208333333,0.083333333,0.48,0.28,0.24,0.12987013,166,296,462,"sa3006867"
"Devin Mann","SFG","AA",28,68,0.184210526,0.6,0.2,0.3,0.5,0.25,0.1,0.625,0.175,0.2,0.12891986,116,171,287,"sa3006869"
"Kristian Robinson","ARI","AA",24,334,0.343023255,1.262295081,0.224719101,0.432584269,0.342696629,0.262295081,0.180327868,0.43093923,0.30939227,0.25966851,0.1297765,579,808,1387,"sa3006884"
"Luis Verdugo","PHI","AA",24,170,0.232323232,1.125,0.15,0.45,0.4,0.15,0.075,0.44230769,0.25961538,0.29807692,0.12382234,290,453,743,"sa3006888"
"Reivaj Garcia","CHC","AA",23,266,0.328282828,2.279069767,0.265625,0.510416666,0.223958333,0.116279069,0,0.355,0.25,0.395,0.10189076,324,628,952,"sa3006900"
"Carlos De La Cruz","WSN","AA",25,470,0.311787072,1.14893617,0.257352941,0.397058823,0.345588235,0.170212765,0.138297872,0.44202899,0.24275362,0.31521739,0.19226695,653,1235,1888,"sa3006903"
"Frainyer Chavez","TEX","AA",26,395,0.322834645,1.172413793,0.252964426,0.403162055,0.343873517,0.149425287,0.057471264,0.41698842,0.27027027,0.31274131,0.08944099,616,994,1610,"sa3007019"
"P.J. Hilson","PIT","AA",24,74,0.339622641,1.529411764,0.188679245,0.490566037,0.320754716,0.352941176,0,0.52830189,0.16981132,0.30188679,0.13076923,89,171,260,"sa3007048"
"Ramon Mendoza","STL","AA",24,404,0.319672131,0.969072164,0.239043824,0.374501992,0.386454183,0.237113402,0.144329896,0.47286822,0.24031008,0.28682171,0.10223835,682,971,1653,"sa3007513"
"Max Burt","NYY","AA",28,215,0.308823529,1.444444444,0.17293233,0.488721804,0.338345864,0.311111111,0,0.5323741,0.27338129,0.1942446,0.1370869,267,550,817,"sa3007631"
"Nick Schnell","WSN","AA",25,160,0.369369369,1.025641025,0.281818181,0.363636363,0.354545454,0.179487179,0.051282051,0.45132743,0.19469027,0.3539823,0.18101933,176,393,569,"sa3007639"
"Elih Marrero","TEX","AA",28,63,0.333333333,1.333333333,0.31707317,0.390243902,0.292682926,0.166666666,0,0.47619048,0.21428571,0.30952381,0.16814159,80,146,226,"sa3007822"
"Ezequiel Pagan","LAD","AA",24,306,0.284444444,1.152941176,0.204347826,0.426086956,0.369565217,0.223529411,0.070588235,0.49137931,0.25,0.25862069,0.10416667,386,766,1152,"sa3007975"
"Hunter Stovall","TBR","AA",28,235,0.229411764,0.930555555,0.187134502,0.391812865,0.421052631,0.263888888,0.083333333,0.53977273,0.21022727,0.25,0.11862245,268,516,784,"sa3008181"
"Korey Holland","LAA","AA",25,160,0.263736263,0.897435897,0.204301075,0.376344086,0.419354838,0.23076923,0.102564102,0.49473684,0.22105263,0.28421053,0.13846154,236,414,650,"sa3008249"
"Jax Biggers","TEX","AA",28,253,0.310344827,0.714285714,0.178082191,0.342465753,0.479452054,0.271428571,0.014285714,0.48648649,0.24324324,0.27027027,0.06307978,461,617,1078,"sa3008251"
"Andy Weber","ARI","AA",27,109,0.343283582,1.45,0.3,0.414285714,0.285714285,0.15,0.15,0.47142857,0.27142857,0.25714286,0.1292517,144,297,441,"sa3008282"
"Jaylen Palmer","CHC","AA",24,437,0.377880184,1.424657534,0.209821428,0.464285714,0.325892857,0.191780821,0.109589041,0.4375,0.27232143,0.29017857,0.16205306,684,1050,1734,"sa3008297"
"Omar Martinez","NYY","AA",23,96,0.258620689,1.238095238,0.229508196,0.426229508,0.344262295,0.047619047,0.142857142,0.37704918,0.31147541,0.31147541,0.15463918,139,249,388,"sa3008573"
"Antonio Gomez","NYY","AA",23,121,0.223880597,1.28,0.149253731,0.47761194,0.373134328,0.12,0,0.35294118,0.23529412,0.41176471,0.22532189,163,303,466,"sa3008746"
"Eduardo Garcia","MIL","AA",22,128,0.315789473,0.514285714,0.283783783,0.243243243,0.472972972,0.4,0,0.56578947,0.22368421,0.21052632,0.13412229,183,324,507,"sa3008751"
"Juan Guerrero","COL","AA",23,413,0.300319488,1.450980392,0.183006535,0.48366013,0.333333333,0.382352941,0.019607843,0.55095541,0.2133758,0.23566879,0.10737765,483,886,1369,"sa3008759"
"Victor Bericoto","SFG","AA",23,393,0.329218106,1.192771084,0.277777777,0.392857142,0.329365079,0.156626506,0.144578313,0.43529412,0.23529412,0.32941176,0.12636305,584,975,1559,"sa3008767"
"Dayan Frias","CLE","AA",23,292,0.305732484,0.690140845,0.25,0.30625,0.44375,0.126760563,0.084507042,0.41818182,0.26060606,0.32121212,0.10146174,464,699,1163,"sa3008768"
"Elio Prado","PHI","AA",23,90,0.3125,0.894736842,0.234042553,0.361702127,0.404255319,0.263157894,0.052631578,0.36734694,0.2244898,0.40816327,0.15877437,129,230,359,"sa3008807"
"Noelberth Romero","BAL","AA",23,131,0.215189873,1,0.185185185,0.407407407,0.407407407,0.242424242,0.06060606,0.45238095,0.32142857,0.22619048,0.16356108,151,332,483,"sa3008808"
"Alex De Jesus","TOR","AA",23,214,0.275590551,1.513513513,0.25,0.451612903,0.298387096,0.162162162,0.027027027,0.40625,0.21875,0.375,0.16473318,331,531,862,"sa3008842"
"Jose Ramos","LAD","AA",24,244,0.286821705,1,0.205882352,0.397058823,0.397058823,0.074074074,0.185185185,0.44604317,0.1942446,0.35971223,0.18283963,365,614,979,"sa3008845"
"Alexander Vargas","NYY","AA",23,147,0.292929292,1.3125,0.244897959,0.428571428,0.326530612,0.34375,0.03125,0.62,0.14,0.24,0.13873874,190,365,555,"sa3008851"
"Gabriel Martinez","TOR","AA",22,248,0.306818181,1.0625,0.258426966,0.382022471,0.359550561,0.3125,0.03125,0.45762712,0.24858757,0.29378531,0.12333333,290,610,900,"sa3008865"
"Brayan Buelvas","OAK","AA",23,270,0.276315789,1.068965517,0.205298013,0.410596026,0.38410596,0.258620689,0.086206896,0.43949045,0.24203822,0.31847134,0.14711359,391,683,1074,"sa3008868"
"J.J. D'Orazio","ARI","AA",23,147,0.287128712,1.081081081,0.245098039,0.392156862,0.362745098,0.297297297,0.054054054,0.44660194,0.27184466,0.2815534,0.11654135,156,376,532,"sa3008876"
"Euribiel Angeles","OAK","AA",23,359,0.314079422,1.916666666,0.241877256,0.498194945,0.259927797,0.305555555,0.069444444,0.43157895,0.23508772,0.33333333,0.06734868,407,766,1173,"sa3008877"
"Maikol Escotto","PIT","AA",23,142,0.153061224,0.837209302,0.193877551,0.367346938,0.43877551,0.139534883,0.046511627,0.47959184,0.2755102,0.24489796,0.13374486,166,320,486,"sa3008878"
"Albert Fabian","SDP","AA",23,200,0.286764705,0.661538461,0.228571428,0.307142857,0.464285714,0.276923076,0.076923076,0.49295775,0.1971831,0.30985915,0.11574697,249,494,743,"sa3008888"
"Leandro Pineda","PHI","AA",23,394,0.255230125,1.109890109,0.209876543,0.41563786,0.374485596,0.219780219,0.098901098,0.49193548,0.24596774,0.26209677,0.12618897,627,950,1577,"sa3008905"
"Jorge Burgos","CLE","AA",22,407,0.23505976,0.826086956,0.201520912,0.36121673,0.437262357,0.295652173,0.12173913,0.47924528,0.20377358,0.31698113,0.12143291,615,1032,1647,"sa3008929"
"Omar De Los Santos","NYM","AA",25,126,0.338709677,1.260869565,0.2,0.446153846,0.353846153,0.304347826,0.173913043,0.52307692,0.18461538,0.29230769,0.19654428,144,319,463,"sa3008938"
"Geraldo Quintero","ATL","AA",23,399,0.252066115,1.065934065,0.238866396,0.39271255,0.368421052,0.252747252,0.109890109,0.48412698,0.21428571,0.3015873,0.12857143,596,944,1540,"sa3008942"
"Carlos Mendoza","DET","AA",25,350,0.300813008,1.666666666,0.186991869,0.508130081,0.304878048,0.213333333,0.066666666,0.37944664,0.23715415,0.38339921,0.06704708,582,820,1402,"sa3008944"
"Felix Stevens","CHC","AA",25,129,0.337837837,1.44,0.197368421,0.47368421,0.328947368,0.16,0.08,0.28947368,0.25,0.46052632,0.18837675,188,311,499,"sa3008946"
"Rubel Cespedes","MIN","AA",24,398,0.277192982,1.298969072,0.233676975,0.43298969,0.333333333,0.288659793,0.092783505,0.42517007,0.26870748,0.30612245,0.08733333,511,989,1500,"sa3008953"
"Miguel Palma","HOU","AA",23,66,0.186046511,1.357142857,0.232558139,0.441860465,0.325581395,0.5,0,0.48837209,0.1627907,0.34883721,0.12340426,85,150,235,"sa3009279"
"Frank Rodriguez","LAD","AA",23,53,0.236842105,1.416666666,0.236842105,0.447368421,0.315789473,0.333333333,0,0.56410256,0.20512821,0.23076923,0.11864407,52,125,177,"sa3009330"
"Eddinson Paulino","TOR","AA",22,360,0.237442922,0.989361702,0.183406113,0.406113537,0.410480349,0.255319148,0.138297872,0.47413793,0.25,0.27586207,0.14375,520,920,1440,"sa3009538"
"Yohendrick Pinango","TOR","AA",23,192,0.357142857,1.325,0.225,0.441666666,0.333333333,0.2,0.2,0.46666667,0.19166667,0.34166667,0.07424594,353,509,862,"sa3009539"
"Nelson Quiroz","LAD","AA",23,99,0.313253012,1.178571428,0.24691358,0.407407407,0.345679012,0.321428571,0,0.38554217,0.19277108,0.42168675,0.04761905,121,236,357,"sa3009565"
"Evan Edwards","LAA","AA",28,129,0.211267605,0.870967741,0.205479452,0.369863013,0.424657534,0.193548387,0.064516129,0.53424658,0.21917808,0.24657534,0.17221135,179,332,511,"sa3009866"
"Carter Aldrete","OAK","AA",27,222,0.263513513,1.283018867,0.203947368,0.447368421,0.34868421,0.320754716,0.094339622,0.47058824,0.25490196,0.2745098,0.1291866,267,569,836,"sa3010008"
"Aaron Bracho","LAD","AA",24,148,0.21875,0.869565217,0.14,0.4,0.46,0.282608695,0.108695652,0.57425743,0.16831683,0.25742574,0.10482529,194,407,601,"sa3010018"
"Jairo Pomares","SFG","AA",24,299,0.258064516,0.986842105,0.209424083,0.392670157,0.397905759,0.22368421,0.118421052,0.47715736,0.27411168,0.24873096,0.16039427,354,762,1116,"sa3010023"
"Joe Naranjo","WSN","AA",24,418,0.302788844,2.03125,0.224,0.52,0.256,0.09375,0.046875,0.3828125,0.2578125,0.359375,0.09591474,684,1005,1689,"sa3010025"
"Nerwilian Cedeno","SDP","AA",23,140,0.26744186,1.344827586,0.209302325,0.453488372,0.337209302,0.206896551,0.068965517,0.40449438,0.21348315,0.38202247,0.13931298,175,349,524,"sa3010026"
"DJ Gladney","CHW","AA",23,405,0.319672131,1.954545454,0.213709677,0.52016129,0.266129032,0.181818181,0.151515151,0.42352941,0.28235294,0.29411765,0.18269231,474,982,1456,"sa3010043"
"Omar Hernandez","KCR","AA",23,155,0.293103448,1.378378378,0.24137931,0.439655172,0.318965517,0.135135135,0,0.41176471,0.32773109,0.2605042,0.13814433,148,337,485,"sa3010155"
"Ripken Reyes","SDP","AA",28,223,0.227272727,1,0.285714285,0.357142857,0.357142857,0.09090909,0.036363636,0.4556962,0.23417722,0.31012658,0.04298357,314,477,791,"sa3010159"
"Joshua Mears","SDP","AA",24,164,0.220930232,0.942857142,0.2,0.388235294,0.411764705,0.257142857,0.142857142,0.49450549,0.27472527,0.23076923,0.24600639,208,418,626,"sa3010162"
"GJ Hill","COL","AA",24,192,0.252747252,0.85,0.212765957,0.361702127,0.425531914,0.3,0.1,0.46875,0.20833333,0.32291667,0.20707733,278,485,763,"sa3010335"
"Darius Hill","CHC","AA",27,95,0.229508196,1.705882352,0.269841269,0.46031746,0.269841269,0.352941176,0.117647058,0.41269841,0.20634921,0.38095238,0.12598425,128,253,381,"sa3010395"
"Cooper Johnson","TEX","AA",27,71,0.393939393,0.916666666,0.361111111,0.305555555,0.333333333,0.25,0.25,0.63888889,0.16666667,0.19444444,0.11295681,125,176,301,"sa3010584"
"Corey Joyce","CHC","AA",26,389,0.358333333,1.582089552,0.273109243,0.445378151,0.281512605,0.19402985,0.029850746,0.38842975,0.2892562,0.32231405,0.089309,624,910,1534,"sa3010596"
"Jake Holton","DET","AA",27,464,0.31598513,0.918918918,0.252631578,0.357894736,0.389473684,0.189189189,0.171171171,0.44599303,0.25783972,0.29616725,0.10977608,709,1122,1831,"sa3010599"
"Andrick Nava","PHI","AA",23,79,0.226415094,0.956521739,0.117647058,0.431372549,0.450980392,0.391304347,0,0.49056604,0.20754717,0.30188679,0.12693498,119,204,323,"sa3010693"
"Colin Barber","HOU","AA",24,163,0.284313725,0.74,0.171428571,0.352380952,0.476190476,0.26,0.08,0.45794393,0.27102804,0.27102804,0.11149826,194,380,574,"sa3010696"
"Cade Bunnell","ATL","AA",28,164,0.22368421,1.214285714,0.225,0.425,0.35,0.035714285,0.178571428,0.5,0.1625,0.3375,0.16246499,283,431,714,"sa3010702"
"Sammy Siani","PIT","AA",24,305,0.242424242,1.214285714,0.205128205,0.435897435,0.358974358,0.228571428,0.042857142,0.53233831,0.2039801,0.26368159,0.11962134,468,694,1162,"sa3010704"
"Stephen Paolini","ATL","AA",24,137,0.28169014,0.961538461,0.31081081,0.337837837,0.351351351,0.346153846,0.153846153,0.42666667,0.22666667,0.34666667,0.18381113,231,362,593,"sa3010720"
"William Lugo","NYM","AA",23,427,0.271698113,1.208333333,0.203007518,0.436090225,0.360902255,0.3125,0.0625,0.47565543,0.20973783,0.31460674,0.14889706,623,1009,1632,"sa3010876"
"Hudson Head","PIT","AA",24,93,0.16981132,0.382352941,0.129629629,0.24074074,0.629629629,0.470588235,0.029411764,0.28301887,0.18867925,0.52830189,0.15183246,138,244,382,"sa3010889"
"Kervin Pichardo","PIT","AA",23,361,0.258215962,1.097560975,0.207373271,0.414746543,0.377880184,0.207317073,0.097560975,0.42081448,0.2760181,0.30316742,0.13092711,516,897,1413,"sa3011260"
"Jase Bowen","PIT","AA",24,196,0.37037037,1.078947368,0.288288288,0.369369369,0.342342342,0.184210526,0.131578947,0.46017699,0.25663717,0.28318584,0.15196744,260,477,737,"sa3011267"
"Jeremy De La Rosa","WSN","AA",23,71,0.25,0.785714285,0.404761904,0.261904761,0.333333333,0.285714285,0.071428571,0.37777778,0.26666667,0.35555556,0.12359551,101,166,267,"sa3011329"
"Darrien Miller","MIL","AA",24,316,0.248407643,0.826666666,0.164634146,0.37804878,0.457317073,0.2,0.093333333,0.53614458,0.25301205,0.21084337,0.08248175,591,779,1370,"sa3011330"
"Cameron Barstad","CLE","AA",24,269,0.287581699,1.13559322,0.197452229,0.426751592,0.375796178,0.06779661,0.084745762,0.42405063,0.25949367,0.3164557,0.17904374,352,631,983,"sa3011350"
"T.J. Schofield-Sam","OAK","AA",24,66,0.265306122,2.7,0.244897959,0.551020408,0.204081632,0.4,0,0.51020408,0.16326531,0.32653061,0.11666667,72,168,240,"sa3011501"
"Ethan Hearn","CHC","AA",24,333,0.251256281,0.865168539,0.194174757,0.373786407,0.432038834,0.213483146,0.08988764,0.40384615,0.27884615,0.31730769,0.1808,413,837,1250,"sa3011502"
"Wuilfredo Antunez","CLE","AA",23,133,0.347368421,0.619047619,0.313131313,0.262626262,0.424242424,0.333333333,0.095238095,0.49494949,0.25252525,0.25252525,0.14573991,136,310,446,"sa3011578"
"Dasan Brown","TOR","AA",23,276,0.258741258,1.207547169,0.181818181,0.447552447,0.37062937,0.320754716,0.056603773,0.49324324,0.21621622,0.29054054,0.11497326,441,681,1122,"sa3011717"
"Karson Simas","BOS","AA",24,242,0.292207792,1.833333333,0.232258064,0.496774193,0.270967741,0.333333333,0.071428571,0.4556962,0.20886076,0.33544304,0.14084507,315,608,923,"sa3011739"
"Erick Brito","PHI","AA",23,112,0.32,1.066666666,0.184210526,0.421052631,0.394736842,0.333333333,0.033333333,0.51948052,0.20779221,0.27272727,0.14795918,116,276,392,"sa3011753"
"Shane Sasaki","MIA","AA",24,270,0.31707317,1.307692307,0.259259259,0.419753086,0.320987654,0.23076923,0.019230769,0.375,0.29166667,0.33333333,0.12056738,353,634,987,"sa3011754"
"Willy Vasquez","TBR","AA",23,165,0.311475409,2.1875,0.163934426,0.573770491,0.262295081,0.3125,0.0625,0.432,0.24,0.328,0.15750916,179,367,546,"sa3011821"
"Trei Cruz","DET","AA",26,323,0.338541666,1.144927536,0.248730964,0.401015228,0.350253807,0.173913043,0.101449275,0.50251256,0.21105528,0.28643216,0.12321563,563,768,1331,"sa3014420"
"Hayden Cantrelle","CHC","AA",26,118,0.385964912,0.461538461,0.333333333,0.210526315,0.45614035,0.038461538,0,0.37931034,0.31034483,0.31034483,0.13035019,232,282,514,"sa3014426"
"Hudson Haskin","BAL","AA",26,89,0.283018867,1.75,0.185185185,0.518518518,0.296296296,0.0625,0.0625,0.58181818,0.21818182,0.2,0.134375,127,193,320,"sa3014449"
"Anthony Servideo","BAL","AA",26,350,0.238341968,1.74074074,0.233160621,0.487046632,0.279792746,0.148148148,0.018518518,0.38265306,0.27040816,0.34693878,0.13601128,558,861,1419,"sa3014472"
"Aaron Sabato","MIN","AA",26,163,0.377777777,1.03030303,0.31632653,0.346938775,0.336734693,0.121212121,0.272727272,0.43434343,0.31313131,0.25252525,0.14524207,243,356,599,"sa3014494"
"David Calabrese","LAA","AA",22,268,0.251461988,1.13114754,0.248554913,0.39884393,0.352601156,0.278688524,0.081967213,0.53038674,0.27624309,0.19337017,0.12348178,344,644,988,"sa3014507"
"Austin Hendrick","CIN","AA",24,357,0.333333333,0.769230769,0.202970297,0.346534653,0.450495049,0.186813186,0.153846153,0.48514851,0.26237624,0.25247525,0.18837535,508,920,1428,"sa3014521"
"Jordan Nwogu","CHC","AA",26,368,0.376068376,1.333333333,0.255319148,0.425531914,0.319148936,0.226666666,0.04,0.42616034,0.23628692,0.33755274,0.14856342,508,919,1427,"sa3014530"
"Blaze Jordan","BOS","AA",22,176,0.333333333,1.261904761,0.2578125,0.4140625,0.328125,0.309523809,0.142857142,0.45112782,0.2481203,0.30075188,0.08136095,266,410,676,"sa3014537"
"Ed Howard","CHC","AA",23,56,0.238095238,2.6,0.142857142,0.619047619,0.238095238,0.8,0,0.45454545,0.09090909,0.45454545,0.22649573,83,151,234,"sa3014540"
"Zavier Warren","MIL","AA",26,478,0.279461279,0.74074074,0.229508196,0.327868852,0.44262295,0.237037037,0.081481481,0.49675325,0.22077922,0.28246753,0.10507246,782,1150,1932,"sa3014549"
"Juan Chacon","BOS","AA",22,151,0.329670329,1.357142857,0.266666666,0.422222222,0.311111111,0.25,0,0.55434783,0.14130435,0.30434783,0.15050167,218,380,598,"sa3014676"
"Kevin Made","WSN","AA",22,348,0.24609375,1.232558139,0.241106719,0.418972332,0.339920948,0.26744186,0.046511627,0.4351145,0.20610687,0.35877863,0.11932773,416,774,1190,"sa3014679"
"Roberto Campos","DET","AA",22,403,0.317829457,1.538461538,0.235521235,0.463320463,0.301158301,0.102564102,0.051282051,0.41221374,0.23664122,0.35114504,0.13231383,564,940,1504,"sa3014683"
"Arol Vera","LAA","AA",22,95,0.224137931,0.888888888,0.120689655,0.413793103,0.465517241,0.222222222,0.037037037,0.43548387,0.27419355,0.29032258,0.13946588,95,242,337,"sa3014687"
"Jose Salas","MIN","AA",22,179,0.266055045,0.957446808,0.192982456,0.394736842,0.412280701,0.212765957,0.106382978,0.49565217,0.28695652,0.2173913,0.15146832,210,437,647,"sa3014690"
"Alex Ramirez","NYM","AA",22,191,0.302521008,2.032258064,0.168141592,0.557522123,0.274336283,0.225806451,0.064516129,0.45762712,0.20338983,0.33898305,0.109375,265,439,704,"sa3014695"
"Aeverson Arteaga","SFG","AA",22,474,0.245954692,0.873949579,0.278317152,0.336569579,0.385113268,0.352941176,0.050420168,0.48717949,0.20192308,0.31089744,0.13472379,589,1185,1774,"sa3014707"
"Sahid Valenzuela","OAK","AA",27,159,0.310924369,2.172413793,0.226890756,0.529411764,0.243697478,0.206896551,0.034482758,0.35,0.2,0.45,0.09133858,199,436,635,"sa3014882"
"Nick Raposo","SEA","AA",27,338,0.305676855,0.895348837,0.275555555,0.342222222,0.382222222,0.290697674,0.03488372,0.42735043,0.21794872,0.35470085,0.07142857,504,826,1330,"sa3015018"
"Victor Labrada","SEA","AA",25,295,0.343915343,1.561403508,0.235602094,0.465968586,0.298429319,0.210526315,0.105263157,0.56122449,0.20918367,0.22959184,0.09139785,456,660,1116,"sa3015062"
"Ethan Workinger","ATL","AA",23,493,0.246290801,1.180327868,0.237822349,0.412607449,0.3495702,0.213114754,0.13114754,0.52706553,0.18233618,0.29059829,0.10501066,696,1180,1876,"sa3015166"
"Wilfred Veras","CHW","AA",22,464,0.294776119,1.662650602,0.1875,0.507352941,0.305147058,0.180722891,0.108433734,0.46376812,0.2173913,0.31884058,0.19430486,671,1120,1791,"sa3015178"
"Yeiner Fernandez","LAD","AA",22,442,0.280701754,1.581632653,0.244776119,0.462686567,0.292537313,0.31632653,0.020408163,0.41569767,0.22674419,0.35755814,0.07526882,603,1071,1674,"sa3015182"
"Adrian Sugastey","SFG","AA",22,355,0.239285714,1.182692307,0.200704225,0.433098591,0.366197183,0.23076923,0.076923076,0.41924399,0.2371134,0.34364261,0.07244094,430,840,1270,"sa3015190"
"Jeremy Rivas","STL","AA",22,487,0.272084805,1,0.225352112,0.387323943,0.387323943,0.272727272,0.09090909,0.43537415,0.28231293,0.28231293,0.16548721,669,1168,1837,"sa3015193"
"Kala'i Rosario","MIN","AA",22,579,0.323809523,0.925925925,0.226190476,0.372023809,0.401785714,0.296296296,0.185185185,0.50146628,0.24340176,0.25513196,0.10724759,954,1433,2387,"sa3015199"
"Jose Fernandez","ARI","AA",21,511,0.315340909,1.518518518,0.252747252,0.45054945,0.296703296,0.175925925,0.157407407,0.46174863,0.25409836,0.28415301,0.13090712,584,1257,1841,"sa3015204"
"Ricardo Olivar","MIN","AA",23,407,0.298507462,1.075471698,0.205776173,0.411552346,0.38267148,0.264150943,0.122641509,0.4911032,0.24199288,0.26690391,0.09656005,616,1041,1657,"sa3015234"
"Jean Walters","ARI","AA",23,220,0.3,1.972972972,0.236111111,0.506944444,0.256944444,0.27027027,0.108108108,0.47682119,0.17880795,0.34437086,0.11124547,273,554,827,"sa3015236"
"Miguel Ugueto","STL","AA",22,199,0.278787878,2.268292682,0.187878787,0.563636363,0.248484848,0.219512195,0.048780487,0.43373494,0.22891566,0.3373494,0.10291859,189,462,651,"sa3015293"
"Jheremy Vargas","MIL","AA",22,321,0.280701754,1.983606557,0.194690265,0.53539823,0.269911504,0.262295081,0,0.40174672,0.22707424,0.37117904,0.08656224,448,765,1213,"sa3015353"
"Ronald Rosario","BOS","AA",22,402,0.239215686,1.08737864,0.169884169,0.432432432,0.397683397,0.27184466,0.106796116,0.45149254,0.29477612,0.25373134,0.1437866,543,994,1537,"sa3015525"
"Luis Encarnacion","HOU","AA",22,168,0.213592233,1.128205128,0.209523809,0.419047619,0.371428571,0.384615384,0.076923076,0.59433962,0.21698113,0.18867925,0.23003195,202,424,626,"sa3015548"
"Jared Serna","MIA","AA",23,437,0.261829652,1.775280898,0.213375796,0.503184713,0.28343949,0.269662921,0.033707865,0.3622291,0.29411765,0.34365325,0.09763493,643,1006,1649,"sa3015579"
"Javier Rivas","PIT","AA",22,118,0.240963855,0.94117647,0.214285714,0.38095238,0.404761904,0.44117647,0.088235294,0.48275862,0.2183908,0.29885057,0.1852861,88,279,367,"sa3015589"
"Oswaldo Linares","SDP","AA",22,52,0.28125,0.846153846,0.25,0.34375,0.40625,0.153846153,0,0.57575758,0.21212121,0.21212121,0.12162162,83,139,222,"sa3015593"
"Axel Sanchez","SEA","AA",22,114,0.303030303,1.260869565,0.235294117,0.426470588,0.338235294,0.434782608,0.173913043,0.65714286,0.14285714,0.2,0.1511879,177,286,463,"sa3015601"
"Onil Perez","SFG","AA",22,62,0.196078431,0.947368421,0.212765957,0.382978723,0.404255319,0.526315789,0,0.43137255,0.19607843,0.37254902,0.06435644,83,119,202,"sa3015610"
"Lizandro Espinoza","ATL","AA",22,51,0.32,1.444444444,0.185185185,0.481481481,0.333333333,0,0.222222222,0.66666667,0.18518519,0.14814815,0.18617021,66,122,188,"sa3015611"
"Christian Cerda","ARI","AA",22,383,0.2406639,0.830188679,0.236220472,0.346456692,0.417322834,0.339622641,0.16981132,0.5,0.25757576,0.24242424,0.10323887,588,894,1482,"sa3015623"
"Victor Arias","TOR","AA",21,150,0.291666666,2.38095238,0.236559139,0.537634408,0.225806451,0,0.095238095,0.36734694,0.25510204,0.37755102,0.16898955,208,366,574,"sa3015636"
"Manuel Palencia","NYY","AA",22,80,0.293103448,1.555555555,0.192982456,0.49122807,0.315789473,0,0,0.40677966,0.22033898,0.37288136,0.12244898,99,195,294,"sa3015659"
"Omar Alfonzo","PIT","AA",21,193,0.309090909,1.6875,0.225225225,0.486486486,0.288288288,0.21875,0.09375,0.50442478,0.26548673,0.2300885,0.13517241,255,470,725,"sa3015665"
"Felix Reyes","PHI","AA",24,395,0.362416107,0.889830508,0.280645161,0.338709677,0.380645161,0.20338983,0.127118644,0.38141026,0.29487179,0.32371795,0.11768902,440,962,1402,"sa3015688"
"Angel Genao","CLE","AA",21,341,0.305882352,1.481012658,0.216,0.468,0.316,0.202531645,0.025316455,0.40856031,0.26459144,0.32684825,0.08631922,449,779,1228,"sa3015706"
"Manuel Pena","ARI","AA",21,470,0.345679012,1.5,0.25304878,0.448170731,0.298780487,0.193877551,0.142857142,0.35798817,0.26035503,0.3816568,0.13243084,589,1110,1699,"sa3015715"
"Gabriel Gonzalez","MIN","AA",21,246,0.38547486,1.66,0.269230769,0.456043956,0.274725274,0.18,0.08,0.38797814,0.21857923,0.39344262,0.08411215,324,532,856,"sa3015723"
"Hendry Mendez","MIN","AA",21,491,0.326470588,2.397435897,0.234104046,0.540462427,0.225433526,0.294871794,0.141025641,0.41595442,0.25071225,0.33333333,0.05905077,768,1044,1812,"sa3015727"
"Esmerlyn Valdez","PIT","AA",21,215,0.328,1,0.253968253,0.373015873,0.373015873,0.255319148,0.127659574,0.5503876,0.20930233,0.24031008,0.11151961,336,480,816,"sa3015768"
"Leonardo Bernal","STL","AA",21,455,0.274193548,1.136363636,0.258675078,0.394321766,0.347003154,0.3,0.118181818,0.374613,0.26934985,0.35603715,0.10011848,641,1047,1688,"sa3015773"
"Thayron Liranzo","DET","AA",21,394,0.286407766,1.024096385,0.222222222,0.393518518,0.384259259,0.216867469,0.13253012,0.46082949,0.22580645,0.31336406,0.16399507,616,1006,1622,"sa3015790"
"Leo Balcazar","CIN","AA",21,217,0.283950617,1.518518518,0.160493827,0.506172839,0.333333333,0.259259259,0.055555555,0.45508982,0.21556886,0.32934132,0.09020619,282,494,776,"sa3015798"
"Gregory Barrios","TBR","AA",21,297,0.280172413,2.653061224,0.211453744,0.572687224,0.21585903,0.428571428,0.020408163,0.33617021,0.21276596,0.45106383,0.06956522,344,691,1035,"sa3015800"
"Jadher Areinamo","TBR","AA",21,159,0.264462809,1.166666666,0.247933884,0.404958677,0.347107438,0.357142857,0.095238095,0.51587302,0.21428571,0.26984127,0.08992806,189,367,556,"sa3015802"
"Hector Rodriguez","CIN","AA",21,345,0.317647058,1.649350649,0.218390804,0.486590038,0.295019157,0.272727272,0.155844155,0.43820225,0.2659176,0.29588015,0.11708099,426,821,1247,"sa3015828"
"Pedro Ramirez","CHC","AA",21,563,0.318072289,1.91588785,0.253588516,0.490430622,0.255980861,0.205607476,0.074766355,0.44103774,0.21933962,0.33962264,0.0563703,845,1337,2182,"sa3015834"
"Bryant Betancourt","COL","AA",21,344,0.262931034,1.238095238,0.20338983,0.440677966,0.355932203,0.25,0.119047619,0.46694215,0.20247934,0.33057851,0.10242377,461,818,1279,"sa3015846"
"Luis Valdez","BAL","AA",25,138,0.2875,2.210526315,0.207792207,0.545454545,0.246753246,0.315789473,0,0.30864198,0.43209877,0.25925926,0.1643002,160,333,493,"sa3016076"
"Allan Castro","BOS","AA",22,388,0.328125,1.010526315,0.265384615,0.369230769,0.365384615,0.221052631,0.07368421,0.39543726,0.2661597,0.33840304,0.10324289,583,928,1511,"sa3016084"
"Diego Velasquez","SFG","AA",21,566,0.302798982,1.663551401,0.259740259,0.462337662,0.277922077,0.130841121,0.018691588,0.37092732,0.2556391,0.37343358,0.05349048,842,1364,2206,"sa3016144"
"Luis Ravelo","BOS","AA",21,108,0.254237288,1.428571428,0.13559322,0.508474576,0.355932203,0.285714285,0.047619047,0.5,0.2,0.3,0.20094563,152,271,423,"sa3016171"
"Ahbram Liendo","BOS","AA",21,463,0.31632653,1.634408602,0.155172413,0.524137931,0.320689655,0.279569892,0.043010752,0.51839465,0.2541806,0.22742475,0.09323882,691,1143,1834,"sa3016173"
"Carlos Linarez","STL","AA",23,149,0.410958904,1.5,0.276315789,0.434210526,0.289473684,0.09090909,0.136363636,0.40789474,0.32894737,0.26315789,0.18120805,208,388,596,"sa3016346"
"Frederick Bencosme","BAL","AA",22,227,0.202531645,0.985294117,0.161490683,0.416149068,0.422360248,0.382352941,0.088235294,0.46107784,0.19760479,0.34131737,0.0852071,324,521,845,"sa3016779"
"Marcos Castanon","SDP","AA",26,431,0.324041811,1.224489795,0.255972696,0.409556313,0.334470989,0.244897959,0.122448979,0.49832776,0.27759197,0.22408027,0.13881748,553,1003,1556,"sa3016818"
"Max Ferguson","BOS","AA",25,392,0.235042735,0.912621359,0.168776371,0.396624472,0.434599156,0.330097087,0.067961165,0.4795082,0.20901639,0.31147541,0.11596091,638,897,1535,"sa3016819"
"Miguel Bleis","BOS","AA",21,118,0.282051282,0.93548387,0.22077922,0.376623376,0.402597402,0.258064516,0.032258064,0.62025316,0.24050633,0.13924051,0.125,154,310,464,"sa3016834"
"Myles Emmerson","LAA","AA",27,302,0.264864864,1.483333333,0.211640211,0.47089947,0.317460317,0.183333333,0.1,0.46632124,0.22797927,0.30569948,0.10552764,432,762,1194,"sa3016862"
"Abimelec Ortiz","TEX","AA",23,391,0.285714285,0.798245614,0.192913385,0.358267716,0.448818897,0.263157894,0.140350877,0.51968504,0.22834646,0.2519685,0.12177366,560,951,1511,"sa3016926"
"Ben Ramirez","SEA","AA",26,140,0.280898876,1.576923076,0.247191011,0.460674157,0.292134831,0.269230769,0.038461538,0.41111111,0.25555556,0.33333333,0.16366906,184,372,556,"sa3016950"
"Tyler Hardman","NYY","AA",26,453,0.294820717,0.585185185,0.189393939,0.299242424,0.511363636,0.17037037,0.148148148,0.48518519,0.25555556,0.25925926,0.15774805,629,1165,1794,"sa3016955"
"Chris Meyers","DET","AA",26,317,0.314009661,0.837209302,0.261682242,0.336448598,0.401869158,0.104651162,0.116279069,0.46296296,0.27777778,0.25925926,0.1281198,463,739,1202,"sa3016956"
"Caleb Roberts","ARI","AA",25,437,0.295202952,1.08,0.246376811,0.391304347,0.36231884,0.23,0.1,0.46785714,0.26071429,0.27142857,0.11046172,628,1083,1711,"sa3016959"
"Corey Rosier","BOS","AA",25,65,0.309523809,0.7,0.209302325,0.325581395,0.465116279,0.2,0.1,0.45454545,0.20454545,0.34090909,0.10344828,88,173,261,"sa3016961"
"Grant Richardson","MIA","AA",25,162,0.31081081,0.911764705,0.1875,0.3875,0.425,0.205882352,0.205882352,0.32142857,0.39285714,0.28571429,0.18970588,248,432,680,"sa3016964"
"Justice Bigbie","DET","AA",26,452,0.313664596,1.485436893,0.221884498,0.465045592,0.313069908,0.22330097,0.116504854,0.38138138,0.28228228,0.33633634,0.09345794,589,1016,1605,"sa3016971"
"Ben Malgeri","DET","AA",25,285,0.328282828,1.217391304,0.23880597,0.417910447,0.343283582,0.173913043,0.072463768,0.45320197,0.23152709,0.31527094,0.09046693,380,648,1028,"sa3016975"
"Aaron McKeithan","PIT","AA",25,139,0.184782608,0.8,0.234042553,0.340425531,0.425531914,0.425,0.075,0.43298969,0.25773196,0.30927835,0.0625,205,323,528,"sa3016977"
"Noah Mendlinger","STL","AA",24,361,0.313207547,1.861538461,0.2734375,0.47265625,0.25390625,0.2,0,0.38113208,0.18867925,0.43018868,0.03755216,620,818,1438,"sa3017001"
"Jack Rogers","CIN","AA",26,163,0.357142857,2.85,0.222222222,0.575757575,0.202020202,0.3,0.05,0.36363636,0.21212121,0.42424242,0.1473851,247,384,631,"sa3017017"
"Joshua Baez","STL","AA",22,331,0.294416243,0.723404255,0.224880382,0.325358851,0.449760765,0.106382978,0.170212765,0.37209302,0.30232558,0.3255814,0.10931486,508,791,1299,"sa3017022"
"Adam Hackenberg","CHW","AA",25,93,0.264150943,0.954545454,0.218181818,0.381818181,0.4,0.09090909,0.09090909,0.30909091,0.18181818,0.50909091,0.15245478,138,249,387,"sa3017041"
"Michael Trautwein","CIN","AA",25,81,0.323529411,1.23076923,0.171428571,0.457142857,0.371428571,0.23076923,0.153846153,0.5,0.19444444,0.30555556,0.17765043,140,209,349,"sa3017043"
"Alex Binelas","PHI","AA",25,269,0.351351351,1.346153846,0.202614379,0.457516339,0.339869281,0.134615384,0.153846153,0.49044586,0.24203822,0.26751592,0.14069877,433,626,1059,"sa3017044"
"Wes Clarke","HOU","AA",25,283,0.243421052,0.897058823,0.198757763,0.378881987,0.422360248,0.176470588,0.176470588,0.53658537,0.25609756,0.20731707,0.09403862,553,638,1191,"sa3017045"
"Ethan Murray","MIL","AA",25,258,0.315068493,1.333333333,0.258278145,0.423841059,0.317880794,0.125,0.166666666,0.51612903,0.23870968,0.24516129,0.10228401,413,594,1007,"sa3017051"
"Kobe Kato","ATL","AA",26,194,0.25510204,0.809523809,0.25490196,0.333333333,0.411764705,0.142857142,0.095238095,0.50980392,0.20588235,0.28431373,0.13148372,354,475,829,"sa3017052"
"Ruben Ibarra","CIN","AA",26,400,0.265116279,0.945652173,0.228448275,0.375,0.396551724,0.358695652,0.228260869,0.52118644,0.24576271,0.23305085,0.14476886,638,1006,1644,"sa3017053"
"Drake Osborn","ARI","AA",26,70,0.184210526,0.65,0.175,0.325,0.5,0.25,0.1,0.6,0.175,0.225,0.1780303,90,174,264,"sa3017077"
"Cal Conley","ATL","AA",25,507,0.246537396,2.193181818,0.206214689,0.54519774,0.24858757,0.261363636,0.011363636,0.38186813,0.22802198,0.39010989,0.12493383,626,1263,1889,"sa3017080"
"Wyatt Young","NYM","AA",25,333,0.3125,1.348484848,0.236453201,0.438423645,0.325123152,0.106060606,0.015151515,0.32857143,0.2047619,0.46666667,0.06968125,548,801,1349,"sa3017081"
"Tyler Miller","BOS","AA",25,311,0.23880597,1.210526315,0.188405797,0.444444444,0.367149758,0.289473684,0.105263157,0.51674641,0.16746411,0.31578947,0.15654405,394,775,1169,"sa3017109"
"Peyton Wilson","KCR","AA",25,91,0.49090909,1.375,0.321428571,0.392857142,0.285714285,0.125,0.125,0.51724138,0.25862069,0.22413793,0.125,131,197,328,"sa3017110"
"Shawn Goosenberg","CHW","AA",25,74,0.282608695,2,0.282608695,0.478260869,0.239130434,0.09090909,0,0.63043478,0.23913043,0.13043478,0.11904762,94,200,294,"sa3017116"
"Sam Praytor","MIA","AA",26,152,0.257731958,2,0.257731958,0.49484536,0.24742268,0.208333333,0.083333333,0.52475248,0.24752475,0.22772277,0.10215054,233,325,558,"sa3017151"
"Donta' Williams","WSN","AA",26,55,0.138888888,0.8,0.27027027,0.324324324,0.405405405,0.133333333,0.066666666,0.24324324,0.37837838,0.37837838,0.11160714,86,138,224,"sa3017152"
"Cody Morissette","MIA","AA",25,269,0.279069767,0.736111111,0.277456647,0.306358381,0.416184971,0.208333333,0.069444444,0.35911602,0.27071823,0.37016575,0.08776844,401,670,1071,"sa3017158"
"Nic Kent","COL","AA",25,384,0.274509803,1.155555555,0.227091633,0.414342629,0.358565737,0.211111111,0.044444444,0.44444444,0.24904215,0.30651341,0.11048557,517,904,1421,"sa3017160"
"John Rhodes","LAD","AA",24,430,0.257936507,1,0.207843137,0.396078431,0.396078431,0.336633663,0.06930693,0.45769231,0.21538462,0.32692308,0.12636416,664,1077,1741,"sa3017162"
"Wyatt Hendrie","PIT","AA",26,140,0.213333333,2.111111111,0.263157894,0.5,0.236842105,0.111111111,0.166666666,0.48101266,0.21518987,0.30379747,0.07664884,247,314,561,"sa3017163"
"Zach Kokoska","COL","AA",26,280,0.251851851,0.602739726,0.1875,0.305555555,0.506944444,0.191780821,0.164383561,0.53741497,0.23129252,0.23129252,0.21321586,406,729,1135,"sa3017165"
"Cameron Cauley","TEX","AA",22,490,0.3125,0.899224806,0.217252396,0.370607028,0.412140575,0.224806201,0.116279069,0.47798742,0.2672956,0.25471698,0.14207351,678,1145,1823,"sa3017167"
"Benny Montgomery","COL","AA",22,355,0.319148936,2.282608695,0.188172043,0.564516129,0.247311827,0.086956521,0.086956521,0.40512821,0.24615385,0.34871795,0.18736842,486,939,1425,"sa3017169"
"Ian Moller","TEX","AA",22,289,0.298136645,0.895522388,0.20625,0.375,0.41875,0.253731343,0.059701492,0.4011976,0.26347305,0.33532934,0.12065972,462,690,1152,"sa3017171"
"Garrett Spain","MIL","AA",24,486,0.250859106,0.928,0.207236842,0.381578947,0.41118421,0.304,0.128,0.43973941,0.28990228,0.27035831,0.14682981,624,1174,1798,"sa3017174"
"Damon Keith","LAD","AA",25,362,0.297560975,0.879518072,0.257142857,0.347619047,0.395238095,0.204819277,0.13253012,0.37962963,0.31018519,0.31018519,0.13701431,578,889,1467,"sa3017179"
"Reed Trimble","BAL","AA",25,217,0.290076335,0.579710144,0.204379562,0.291970802,0.503649635,0.173913043,0.144927536,0.45714286,0.25714286,0.28571429,0.12470024,314,520,834,"sa3017180"
"Rowdey Jordan","NYM","AA",26,172,0.326530612,1.387096774,0.26,0.43,0.31,0.258064516,0.161290322,0.45714286,0.21904762,0.32380952,0.16773163,210,416,626,"sa3017214"
"Adam Zebrowski","ATL","AA",24,349,0.31862745,1.393442622,0.304761904,0.404761904,0.29047619,0.295081967,0.147540983,0.47641509,0.25471698,0.26886792,0.17486339,455,826,1281,"sa3017221"
"Drew Swift","OAK","AA",26,291,0.283333333,2,0.237288135,0.508474576,0.254237288,0.222222222,0,0.34054054,0.25945946,0.4,0.09059829,446,724,1170,"sa3017281"
"Vaun Brown","SFG","AA",27,99,0.344262295,1.444444444,0.278688524,0.426229508,0.295081967,0.111111111,0,0.5,0.22580645,0.27419355,0.16042781,136,238,374,"sa3017282"
"Shane McGuire","OAK","AA",26,241,0.32885906,1.488888888,0.263157894,0.440789473,0.296052631,0.133333333,0.088888888,0.3961039,0.20779221,0.3961039,0.09063136,419,563,982,"sa3017284"
"Damon Dues","SDP","AA",27,76,0.325581395,2.125,0.418604651,0.395348837,0.186046511,0.375,0.125,0.18604651,0.18604651,0.62790698,0.06422018,139,188,327,"sa3017285"
"BJ Murray","CHC","AA",25,537,0.266871165,0.934306569,0.229651162,0.372093023,0.398255813,0.145985401,0.145985401,0.4454023,0.23850575,0.31609195,0.09903714,874,1307,2181,"sa3017287"
"Mat Nelson","CIN","AA",26,99,0.12,0.666666666,0.1,0.36,0.54,0.296296296,0.037037037,0.43137255,0.19607843,0.37254902,0.15424165,148,241,389,"sa3017328"
"Braiden Ward","COL","AA",26,205,0.323529411,1.526315789,0.283582089,0.43283582,0.283582089,0.236842105,0.026315789,0.37410072,0.22302158,0.4028777,0.09344491,266,451,717,"sa3017332"
"Josh Crouch","LAA","AA",26,232,0.284552845,0.980392156,0.229007633,0.381679389,0.389312977,0.235294117,0.176470588,0.5648855,0.22137405,0.21374046,0.16441441,307,581,888,"sa3017370"
"JT Schwartz","NYM","AA",25,335,0.233480176,0.836734693,0.217391304,0.356521739,0.426086956,0.214285714,0.051020408,0.36051502,0.1888412,0.45064378,0.08895706,494,810,1304,"sa3017371"
"Paul McIntosh","PHI","AA",27,232,0.295597484,0.969230769,0.233532934,0.377245508,0.389221556,0.261538461,0.123076923,0.45508982,0.26347305,0.28143713,0.10352673,352,527,879,"sa3017372"
"Joe Mack","MIA","AA",22,56,0.379310344,1.125,0.451612903,0.29032258,0.258064516,0.25,0.375,0.5625,0.21875,0.21875,0.14485981,90,124,214,"sa3017374"
"Jose Torres","COL","AA",25,272,0.333333333,0.623376623,0.188311688,0.311688311,0.5,0.22077922,0.129870129,0.44936709,0.25316456,0.29746835,0.16714422,343,704,1047,"sa3017396"
"Brenden Dixon","PIT","AA",24,215,0.245762711,0.96226415,0.12605042,0.428571428,0.445378151,0.188679245,0.056603773,0.54166667,0.24166667,0.21666667,0.16393443,342,512,854,"sa3017397"
"Mike Jarvis","PIT","AA",27,204,0.261194029,0.737704918,0.196969696,0.34090909,0.462121212,0.360655737,0.032786885,0.53623188,0.1884058,0.27536232,0.11470985,244,497,741,"sa3017401"
"Jay Allen II","CIN","AA",22,482,0.291390728,1.320388349,0.205980066,0.451827242,0.342192691,0.184466019,0.077669902,0.4437299,0.27974277,0.27652733,0.13340506,688,1171,1859,"sa3017403"
"Austin Callahan","CIN","AA",24,275,0.281437125,1.481481481,0.19760479,0.479041916,0.323353293,0.185185185,0.037037037,0.4502924,0.25146199,0.29824561,0.17729084,346,658,1004,"sa3017407"
"Casey Opitz","CHC","AA",26,213,0.277310924,0.979166666,0.221311475,0.385245901,0.393442622,0.125,0.083333333,0.464,0.272,0.264,0.11694511,332,506,838,"sa3017509"
"Tucker Mitchell","TEX","AA",24,170,0.304347826,1.84375,0.208695652,0.513043478,0.278260869,0.21875,0.03125,0.48275862,0.25862069,0.25862069,0.14239482,204,414,618,"sa3017511"
"Noah Miller","LAD","AA",22,111,0.371794871,2.052631578,0.265822784,0.493670886,0.240506329,0.157894736,0.052631578,0.53164557,0.21518987,0.25316456,0.10209424,120,262,382,"sa3017512"
"Kahlil Watson","CLE","AA",22,253,0.326241134,0.96491228,0.238095238,0.374149659,0.387755102,0.157894736,0.140350877,0.48666667,0.34,0.17333333,0.15291751,365,629,994,"sa3017513"
"Branden Boissiere","WSN","AA",25,214,0.372262773,0.706896551,0.29787234,0.290780141,0.411347517,0.206896551,0.068965517,0.4084507,0.26760563,0.32394366,0.15653299,289,484,773,"sa3017558"
"Kyler Fedko","MIN","AA",25,379,0.2718894,0.725490196,0.247863247,0.316239316,0.435897435,0.225490196,0.196078431,0.4789916,0.26890756,0.25210084,0.09805195,624,916,1540,"sa3017561"
"Creed Willems","BAL","AA",22,434,0.282685512,0.765151515,0.215488215,0.34006734,0.444444444,0.204545454,0.121212121,0.45364238,0.23178808,0.31456954,0.13751584,572,1006,1578,"sa3017562"
"Noah Cardenas","MIN","AA",25,127,0.315068493,0.827586206,0.293333333,0.32,0.386666666,0.379310344,0.103448275,0.57894737,0.17105263,0.25,0.07651246,232,330,562,"sa3017624"
"Edwin Arroyo","CIN","AA",21,521,0.338582677,2.097826086,0.25,0.507894736,0.242105263,0.119565217,0.032608695,0.40414508,0.23056995,0.36528497,0.10807736,601,1157,1758,"sa3017626"
"Anthony Vilar","SDP","AA",26,382,0.280542986,1.14117647,0.198237885,0.427312775,0.374449339,0.223529411,0.070588235,0.41048035,0.25327511,0.33624454,0.11513995,597,975,1572,"sa3017660"
"Logan Cerny","HOU","AA",25,158,0.236559139,1.689655172,0.170212765,0.521276595,0.308510638,0.310344827,0.068965517,0.6,0.16842105,0.23157895,0.13136289,219,390,609,"sa3017661"
"Kenny Piper","TBR","AA",26,61,0.222222222,0.611111111,0.194444444,0.305555555,0.5,0.333333333,0.055555555,0.56756757,0.2972973,0.13513514,0.13100437,91,138,229,"sa3017664"
"Aaron Zavala","TEX","AA",25,471,0.337398373,0.969072164,0.25390625,0.3671875,0.37890625,0.12371134,0.144329896,0.43678161,0.24904215,0.31417625,0.12085561,761,1109,1870,"sa3017665"
"Jake Fox","CLE","AA",22,330,0.252475247,0.858823529,0.221674876,0.359605911,0.418719211,0.247058823,0.035294117,0.44390244,0.25365854,0.30243902,0.07308503,562,861,1423,"sa3017734"
"Jake Rucker","MIN","AA",25,322,0.253164556,0.908163265,0.227272727,0.367768595,0.404958677,0.183673469,0.071428571,0.44672131,0.2704918,0.28278689,0.08477509,445,711,1156,"sa3017757"
"Gavin Conticello","ARI","AA",22,517,0.337423312,1.320754716,0.267857142,0.416666666,0.31547619,0.066037735,0.113207547,0.40236686,0.28994083,0.30769231,0.13814433,681,1259,1940,"sa3017770"
"Ryan Spikes","TBR","AA",22,58,0.25,1.142857142,0.166666666,0.444444444,0.388888888,0.214285714,0.071428571,0.40540541,0.18918919,0.40540541,0.16888889,74,151,225,"sa3017792"
"Cooper Kinney","TBR","AA",22,501,0.302469135,1.534653465,0.228915662,0.466867469,0.304216867,0.148514851,0.128712871,0.4047619,0.22916667,0.36607143,0.14666667,639,1236,1875,"sa3017793"
"Colby Smelley","CHW","AA",25,85,0.305084745,1.631578947,0.152542372,0.525423728,0.322033898,0.210526315,0.052631578,0.42622951,0.24590164,0.32786885,0.12883436,106,220,326,"sa3017797"
"Parker Chavers","CHC","AA",26,248,0.291925465,1.704545454,0.242038216,0.477707006,0.280254777,0.227272727,0.022727272,0.31481481,0.2037037,0.48148148,0.07495069,392,622,1014,"sa3017939"
"Brady Allen","DET","AA",25,90,0.23076923,1.315789473,0.137254901,0.490196078,0.372549019,0.105263157,0.052631578,0.58490566,0.22641509,0.18867925,0.13989637,151,235,386,"sa3018098"
"Jason Matthews","CHW","AA",28,254,0.238410596,0.854838709,0.238410596,0.350993377,0.410596026,0.14516129,0.032258064,0.51592357,0.21019108,0.27388535,0.11165049,429,601,1030,"sa3018152"
"Kyle Hayes","KCR","AA",27,138,0.269841269,1.3,0.28125,0.40625,0.3125,0.25,0.05,0.52307692,0.23076923,0.24615385,0.13752122,245,344,589,"sa3018212"
"Wyatt Hoffman","SDP","AA",26,207,0.266666666,1.162162162,0.23076923,0.413461538,0.35576923,0.351351351,0,0.39285714,0.25,0.35714286,0.15412621,282,542,824,"sa3018219"
"Dyan Jorge","COL","AA",22,445,0.25,2.023529411,0.160130718,0.562091503,0.277777777,0.258823529,0.023529411,0.42307692,0.25961538,0.31730769,0.09596255,629,1080,1709,"sa3018387"
"Jace Avina","NYY","AA",22,194,0.296610169,0.69090909,0.225,0.316666666,0.458333333,0.2,0.054545454,0.54166667,0.275,0.18333333,0.12434555,283,481,764,"sa3018398"
"Lazaro Montes","SEA","AA",20,282,0.258741258,0.72,0.173076923,0.346153846,0.48076923,0.24,0.186666666,0.4522293,0.24840764,0.29936306,0.18981881,462,697,1159,"sa3018409"
"Nelson Rada","LAA","AA",19,388,0.365853658,2.851063829,0.264227642,0.544715447,0.19105691,0.14893617,0.021276595,0.316,0.264,0.42,0.10709759,628,950,1578,"sa3018421"
"Michael Arroyo","SEA","AA",20,250,0.303571428,0.923076923,0.25595238,0.357142857,0.386904761,0.215384615,0.03076923,0.40828402,0.24260355,0.34911243,0.1014333,364,543,907,"sa3018429"
"Luis Baez","HOU","AA",21,272,0.339080459,1.714285714,0.222222222,0.49122807,0.286549707,0.265306122,0.040816326,0.46285714,0.22285714,0.31428571,0.14583333,372,684,1056,"sa3018482"
"Luis Lara","MIL","AA",20,612,0.311750599,1.882882882,0.221411192,0.508515815,0.270072992,0.207207207,0.018018018,0.38038278,0.20813397,0.41148325,0.0672089,957,1379,2336,"sa3018514"
"Eduardo Guerrero","LAD","AA",20,53,0.28125,2.428571428,0.25,0.53125,0.21875,0.142857142,0,0.42424242,0.24242424,0.33333333,0.09865471,84,139,223,"sa3018536"
"Aron Estrada","BAL","AA",20,110,0.316455696,1.5,0.25,0.45,0.3,0.166666666,0.208333333,0.44047619,0.26190476,0.29761905,0.1075,145,255,400,"sa3018552"
"Alfredo Velasquez","BAL","AA",20,84,0.304347826,1.631578947,0.21875,0.484375,0.296875,0.315789473,0,0.43478261,0.23188406,0.33333333,0.10332103,77,194,271,"sa3018556"
"Marvin Alcantara","BOS","AA",20,357,0.263157894,1.38372093,0.217557251,0.454198473,0.328244274,0.255813953,0.023255813,0.4738806,0.23507463,0.29104478,0.08607199,486,792,1278,"sa3018558"
"Jefferson Rojas","CHC","AA",20,172,0.210526315,1.325,0.169642857,0.473214285,0.357142857,0.25,0,0.49122807,0.20175439,0.30701754,0.08966565,250,408,658,"sa3018571"
"Josue Briceno","DET","AA",20,198,0.288135593,0.956521739,0.262295081,0.360655737,0.37704918,0.239130434,0.108695652,0.36585366,0.24390244,0.3902439,0.10532407,339,525,864,"sa3018584"
"Chris Suero","NYM","AA",21,174,0.325301204,1.0625,0.223529411,0.4,0.376470588,0.28125,0.09375,0.56976744,0.20930233,0.22093023,0.12466488,313,433,746,"sa3018614"
"Griffin Lockwood-Powell","LAD","AA",27,334,0.278846153,0.815217391,0.208530805,0.355450236,0.436018957,0.152173913,0.054347826,0.46261682,0.24299065,0.29439252,0.08023341,553,818,1371,"sa3019303"
"William Bergolla Jr.","CHW","AA",20,551,0.3008658,1.875,0.243421052,0.493421052,0.263157894,0.166666666,0,0.33752621,0.21593291,0.44654088,0.03020134,620,1168,1788,"sa3019777"
"Hogan Windish","SEA","AA",26,318,0.273743016,1.215384615,0.208791208,0.434065934,0.357142857,0.2,0.046153846,0.44808743,0.27868852,0.27322404,0.15247364,468,765,1233,"sa3019805"
"Brody Moore","STL","AA",24,173,0.286821705,1.939393939,0.23015873,0.507936507,0.261904761,0.181818181,0.06060606,0.34615385,0.16153846,0.49230769,0.09902597,208,408,616,"sa3019839"
"R.J. Yeager","STL","AA",26,309,0.233944954,0.650485436,0.223744292,0.305936073,0.470319634,0.233009708,0.058252427,0.46666667,0.27111111,0.26222222,0.11384335,392,706,1098,"sa3019840"
"Tucker Flint","LAA","AA",24,58,0.09090909,0.777777777,0.058823529,0.411764705,0.529411764,0.166666666,0.111111111,0.28571429,0.25714286,0.45714286,0.1446281,102,140,242,"sa3019856"
"Kai Murphy","SDP","AA",24,379,0.271317829,2,0.223529411,0.517647058,0.258823529,0.272727272,0.015151515,0.38223938,0.22779923,0.38996139,0.11546686,532,871,1403,"sa3019857"
"Ivan Melendez","ARI","AA",25,282,0.290123456,0.891891891,0.213483146,0.370786516,0.415730337,0.27027027,0.216216216,0.40449438,0.23033708,0.36516854,0.16129032,370,684,1054,"sa3019859"
"Braedon Karpathios","SDP","AA",22,88,0.306122448,1.4375,0.25,0.442307692,0.307692307,0.0625,0.1875,0.21153846,0.40384615,0.38461538,0.11764706,126,231,357,"sa3019863"
"Romeo Sanabria","SDP","AA",23,499,0.304985337,1.317757009,0.287356321,0.405172413,0.307471264,0.168224299,0.112149532,0.40677966,0.2259887,0.36723164,0.10917722,650,1246,1896,"sa3019865"
"Sonny DiChiara","LAA","AA",25,121,0.15,0.741935483,0.15625,0.359375,0.484375,0.419354838,0.129032258,0.53125,0.140625,0.328125,0.14928425,198,291,489,"sa3019866"
"Ben Gobbel","LAA","AA",25,280,0.295081967,1.112676056,0.206349206,0.417989417,0.375661375,0.169014084,0.112676056,0.53125,0.17708333,0.29166667,0.13897281,333,660,993,"sa3019870"
"Sean McLain","LAD","AA",24,439,0.254480286,0.897435897,0.209964412,0.37366548,0.416370106,0.256410256,0.042735042,0.45964912,0.23157895,0.30877193,0.09023415,681,1070,1751,"sa3019890"
"Kevin Kilpatrick Jr.","ATL","AA",24,353,0.286956521,1.912280701,0.252252252,0.49099099,0.256756756,0.105263157,0.017543859,0.36796537,0.24675325,0.38528139,0.13561742,556,845,1401,"sa3019891"
"Keshawn Ogans","ATL","AA",23,114,0.226666666,2.388888888,0.175675675,0.581081081,0.243243243,0.222222222,0,0.38157895,0.31578947,0.30263158,0.09190372,163,294,457,"sa3019893"
"Kyle Nevin","LAD","AA",23,203,0.338345864,1.512195121,0.237037037,0.459259259,0.303703703,0.243902439,0.097560975,0.45255474,0.28467153,0.26277372,0.11039795,275,504,779,"sa3019894"
"Ambioris Tavarez","ATL","AA",21,53,0.333333333,1.25,0.25,0.416666666,0.333333333,0,0,0.23076923,0.42307692,0.34615385,0.17479675,104,142,246,"sa3019895"
"E.J. Exposito","ATL","AA",24,232,0.265822784,0.848484848,0.251533742,0.343558282,0.404907975,0.106060606,0.075757575,0.43558282,0.3190184,0.24539877,0.12440758,306,538,844,"sa3019900"
"Javi Vaz","KCR","AA",24,468,0.278260869,1.104838709,0.241279069,0.398255813,0.360465116,0.193548387,0.024193548,0.39830508,0.25988701,0.34180791,0.03903244,724,1095,1819,"sa3019906"
"Taylor Young","LAD","AA",26,575,0.281012658,1.364341085,0.211886304,0.454780361,0.333333333,0.139534883,0.015503875,0.42857143,0.23057644,0.34085213,0.0509636,966,1369,2335,"sa3019907"
"Caleb Ricketts","PHI","AA",25,238,0.294797687,1.450980392,0.289772727,0.420454545,0.289772727,0.31372549,0.117647058,0.5698324,0.22346369,0.20670391,0.09935897,333,603,936,"sa3019917"
"Cade Fergus","PHI","AA",24,280,0.247524752,0.525423728,0.166666666,0.287037037,0.546296296,0.27118644,0.169491525,0.50442478,0.31858407,0.17699115,0.18662263,451,760,1211,"sa3019919"
"Jack Brannigan","PIT","AA",24,237,0.297101449,0.781818181,0.3,0.307142857,0.392857142,0.218181818,0.09090909,0.48251748,0.26573427,0.25174825,0.11025358,346,561,907,"sa3019922"
"Eric Brown Jr.","MIL","AA",24,111,0.2,0.857142857,0.144736842,0.394736842,0.460526315,0.428571428,0.028571428,0.46052632,0.18421053,0.35526316,0.09953704,147,285,432,"sa3019923"
"Matthew Wood","MIL","AA",24,245,0.29239766,0.875,0.219653179,0.364161849,0.416184971,0.319444444,0.083333333,0.41242938,0.22033898,0.36723164,0.05617978,403,576,979,"sa3019924"
"Robert Moore","PHI","AA",23,321,0.256281407,1.138888888,0.233830845,0.407960199,0.358208955,0.138888888,0.069444444,0.50961538,0.26442308,0.22596154,0.10771704,463,781,1244,"sa3019928"
"Jacob Burke","CHW","AA",24,227,0.283687943,1.215686274,0.19858156,0.439716312,0.361702127,0.196078431,0.039215686,0.51369863,0.23287671,0.25342466,0.13788969,305,529,834,"sa3019934"
"Jake Thompson","MIA","AA",27,216,0.297709923,1.204545454,0.259541984,0.404580152,0.335877862,0.136363636,0.022727272,0.40909091,0.18939394,0.40151515,0.09219089,360,562,922,"sa3019945"
"Adam Retzbach","BAL","AA",24,446,0.310043668,1.265822784,0.241525423,0.423728813,0.334745762,0.227848101,0.164556962,0.51020408,0.22040816,0.26938776,0.16505956,672,1091,1763,"sa3019946"
"David McCabe","ATL","AA",25,435,0.346570397,1.14893617,0.288732394,0.38028169,0.330985915,0.138297872,0.106382978,0.40484429,0.2733564,0.32179931,0.10695802,676,1063,1739,"sa3019964"
"Bill Knight","SEA","AA",25,565,0.313471502,1.845360824,0.275590551,0.469816272,0.254593175,0.268041237,0.030927835,0.47164948,0.19329897,0.33505155,0.1060241,779,1296,2075,"sa3019965"
"Danny Serretti","DET","AA",25,240,0.253164556,1.37735849,0.202531645,0.462025316,0.335443037,0.301886792,0.056603773,0.37888199,0.25465839,0.36645963,0.09989485,380,571,951,"sa3019967"
"Zach Morgan","SFG","AA",25,112,0.209876543,0.818181818,0.259259259,0.333333333,0.407407407,0.242424242,0.06060606,0.525,0.1875,0.2875,0.07162534,127,236,363,"sa3019968"
"Spencer Jones","NYY","AA",24,208,0.359550561,0.825,0.304761904,0.314285714,0.38095238,0.175,0.4,0.38095238,0.26666667,0.35238095,0.18522602,368,539,907,"sa3019969"
"Chris Newell","LAD","AA",24,549,0.325088339,0.918699186,0.210702341,0.377926421,0.411371237,0.186991869,0.162601626,0.46710526,0.25328947,0.27960526,0.16213639,828,1269,2097,"sa3019971"
"Clark Elliott","OAK","AA",24,316,0.317204301,1.140625,0.282722513,0.382198952,0.335078534,0.125,0.125,0.46153846,0.28717949,0.25128205,0.09156627,549,696,1245,"sa3019972"
"Brennan Milone","OAK","AA",24,395,0.297071129,0.81553398,0.252,0.336,0.412,0.155339805,0.116504854,0.49407115,0.28853755,0.2173913,0.08616352,663,927,1590,"sa3019974"
"Silas Ardoin","BAL","AA",24,264,0.272058823,0.724137931,0.285714285,0.3,0.414285714,0.155172413,0.068965517,0.46206897,0.26896552,0.26896552,0.10062333,467,656,1123,"sa3019976"
"Nathan Martorella","MIA","AA",24,394,0.22868217,0.825688073,0.249056603,0.339622641,0.411320754,0.357798165,0.091743119,0.48314607,0.26966292,0.24719101,0.11363636,607,889,1496,"sa3019978"
"Gavin Cross","KCR","AA",24,507,0.296875,1.03076923,0.207207207,0.402402402,0.39039039,0.169230769,0.13076923,0.50887574,0.24556213,0.24556213,0.14141949,663,1225,1888,"sa3019985"
"Caeden Trenkle","OAK","AA",24,199,0.306306306,1.75,0.214285714,0.5,0.285714285,0.1875,0.03125,0.38938053,0.25663717,0.3539823,0.17385445,262,480,742,"sa3019991"
"Cayden Wallace","WSN","AA",23,481,0.299035369,0.956896551,0.277070063,0.353503184,0.369426751,0.215517241,0.086206896,0.44720497,0.2826087,0.27018634,0.13422819,617,1171,1788,"sa3019996"
"Spencer Bramwell","MIA","AA",26,145,0.232876712,1.608695652,0.23076923,0.474358974,0.294871794,0.217391304,0.217391304,0.47435897,0.24358974,0.28205128,0.19963031,175,366,541,"sa3020000"
"Henry Bolte","OAK","AA",21,347,0.382653061,2.291666666,0.197969543,0.558375634,0.243654822,0.166666666,0.145833333,0.44827586,0.2364532,0.31527094,0.15140045,497,824,1321,"sa3020006"
"Blake Rambusch","SEA","AA",25,393,0.315602836,2.176470588,0.217391304,0.536231884,0.246376811,0.161764705,0,0.3415493,0.20774648,0.45070423,0.06558442,596,944,1540,"sa3020008"
"Tanner Schobel","MIN","AA",24,234,0.313253012,0.757142857,0.276470588,0.311764705,0.411764705,0.2,0.1,0.50867052,0.26589595,0.22543353,0.08098988,351,538,889,"sa3020009"
"Tyler Robertson","SDP","AA",25,73,0.138888888,0.933333333,0.171428571,0.4,0.428571428,0.4,0,0.39473684,0.34210526,0.26315789,0.23776224,93,193,286,"sa3020010"
"Connor Charping","SEA","AA",26,176,0.364406779,2.863636363,0.273504273,0.538461538,0.188034188,0.09090909,0,0.3697479,0.26890756,0.36134454,0.0761347,280,403,683,"sa3020014"
"Kevin Graham","ARI","AA",25,60,0.257142857,2.571428571,0.305555555,0.5,0.194444444,0.285714285,0.142857142,0.55555556,0.11111111,0.33333333,0.18981481,67,149,216,"sa3020087"
"Jorel Ortega","MIN","AA",24,263,0.270967741,0.797101449,0.229813664,0.341614906,0.428571428,0.36231884,0.115942028,0.47560976,0.25,0.27439024,0.15087041,383,651,1034,"sa3020090"
"Josh Zamora","MIA","AA",26,341,0.235042735,0.931372549,0.185950413,0.392561983,0.421487603,0.294117647,0.078431372,0.4796748,0.25203252,0.26829268,0.12481203,495,835,1330,"sa3020092"
"Peyton Williams","TOR","AA",24,329,0.29787234,1.65,0.184615384,0.507692307,0.307692307,0.183333333,0.15,0.45177665,0.20304569,0.34517766,0.15607843,484,791,1275,"sa3020099"
"Josh Hatcher","TEX","AA",26,376,0.303643724,1.890410958,0.169291338,0.543307086,0.287401574,0.136986301,0.123287671,0.38431373,0.25882353,0.35686275,0.1875,393,919,1312,"sa3020115"
"Tres Gonzalez","PIT","AA",24,270,0.305555555,2.073170731,0.3,0.472222222,0.227777777,0.170731707,0.024390243,0.4076087,0.27173913,0.32065217,0.05651341,424,620,1044,"sa3020121"
"Thomas Gavello","SFG","AA",24,99,0.350877192,0.818181818,0.298245614,0.315789473,0.385964912,0.136363636,0.136363636,0.47368421,0.24561404,0.28070175,0.12432432,125,245,370,"sa3020122"
"Justin Boyd","CLE","AA",24,53,0.4,4.666666666,0.32,0.56,0.12,0,0,0.64,0.2,0.16,0.1793722,84,139,223,"sa3020123"
"Tommy Sacco Jr.","HOU","AA",26,216,0.212765957,1.269230769,0.157142857,0.471428571,0.371428571,0.192307692,0.019230769,0.44055944,0.25174825,0.30769231,0.14084507,292,560,852,"sa3020125"
"Ryan Clifford","NYM","AA",21,437,0.277777777,0.990099009,0.205533596,0.395256916,0.399209486,0.247524752,0.237623762,0.4453125,0.234375,0.3203125,0.10076253,741,1095,1836,"sa3020126"
"Matt Higgins","SFG","AA",25,60,0.255813953,1.538461538,0.232558139,0.465116279,0.302325581,0.23076923,0,0.46511628,0.25581395,0.27906977,0.10055866,63,116,179,"sa3020128"
"Nick Cimillo","PIT","AA",25,455,0.263888888,0.757142857,0.18,0.353333333,0.466666666,0.228571428,0.142857142,0.4869281,0.29738562,0.21568627,0.10806075,662,1050,1712,"sa3020129"
"Cam Collier","CIN","AA",20,308,0.38372093,1.48,0.274853801,0.432748538,0.29239766,0.22,0.04,0.39884393,0.29479769,0.30635838,0.10852713,516,774,1290,"sa3020131"
"Haydn McGeary","CHC","AA",25,93,0.375,2.7,0.229166666,0.5625,0.208333333,0.2,0,0.4375,0.27083333,0.29166667,0.12958435,164,245,409,"sa3020133"
"Jett Williams","NYM","AA",21,421,0.357429718,0.681818181,0.27734375,0.29296875,0.4296875,0.345454545,0.09090909,0.44061303,0.24904215,0.31034483,0.09829311,709,990,1699,"sa3020134"
"Luke Adams","MIL","AA",21,278,0.269503546,0.983050847,0.230263157,0.381578947,0.388157894,0.406779661,0.186440677,0.54605263,0.21052632,0.24342105,0.07525084,500,696,1196,"sa3020135"
"Carter Howell","SFG","AA",26,439,0.271777003,0.831858407,0.288659793,0.323024054,0.388316151,0.265486725,0.061946902,0.40955631,0.27986348,0.3105802,0.08756889,578,1055,1633,"sa3020139"
"Devonte Brown","TOR","AA",25,218,0.25,1.045454545,0.196428571,0.410714285,0.392857142,0.181818181,0.136363636,0.47457627,0.24576271,0.27966102,0.09401709,389,547,936,"sa3020189"
"Brock Jones","TBR","AA",24,247,0.284210526,0.928571428,0.213592233,0.378640776,0.40776699,0.261904761,0.19047619,0.53773585,0.25471698,0.20754717,0.18138196,443,599,1042,"sa3020190"
"Gavin Logan","ARI","AA",25,66,0.148148148,0.588235294,0.129032258,0.322580645,0.548387096,0.117647058,0.235294117,0.36363636,0.36363636,0.27272727,0.16724739,106,181,287,"sa3020191"
"Mario Camilletti","CHW","AA",26,326,0.31,1.590163934,0.213930348,0.482587064,0.303482587,0.114754098,0.032786885,0.35294118,0.20098039,0.44607843,0.07453875,530,825,1355,"sa3020192"
"Michael Turconi","CLE","AA",26,85,0.210526315,1.5,0.210526315,0.47368421,0.315789473,0.083333333,0,0.42105263,0.13157895,0.44736842,0.12276215,154,237,391,"sa3020195"
"Cade Doughty","TOR","AA",24,373,0.296153846,1,0.20610687,0.396946564,0.396946564,0.307692307,0.038461538,0.47191011,0.19850187,0.32958801,0.14605067,440,902,1342,"sa3020196"
"Cade Hunter","CIN","AA",24,243,0.304347826,0.981132075,0.25,0.371428571,0.378571428,0.113207547,0.075471698,0.4375,0.28472222,0.27777778,0.1257732,384,586,970,"sa3020199"
"Kamren James","TBR","AA",25,155,0.244444444,1.566666666,0.13483146,0.528089887,0.337078651,0.266666666,0.033333333,0.50537634,0.25806452,0.23655914,0.16157989,195,362,557,"sa3020201"
"Cortland Lawson","WSN","AA",25,114,0.277777777,1.842105263,0.25,0.486111111,0.263888888,0.157894736,0.052631578,0.4,0.22666667,0.37333333,0.11566265,149,266,415,"sa3020202"
"Jalen Battles","TBR","AA",25,76,0.186046511,1.538461538,0.25,0.454545454,0.295454545,0.153846153,0.076923076,0.38636364,0.38636364,0.22727273,0.16938111,101,206,307,"sa3020205"
"Termarr Johnson","PIT","AA",21,503,0.326347305,1.462962962,0.213017751,0.467455621,0.319526627,0.175925925,0.083333333,0.42651297,0.26224784,0.31123919,0.1090535,772,1172,1944,"sa3020214"
"Mikey Romero","BOS","AA",21,297,0.319148936,0.8625,0.231958762,0.355670103,0.412371134,0.2125,0.1,0.43,0.28,0.29,0.14424779,397,733,1130,"sa3020216"
"Ryan Wrobleski","HOU","AA",25,179,0.274509803,1.045454545,0.142857142,0.438095238,0.419047619,0.386363636,0.113636363,0.5046729,0.22429907,0.27102804,0.16461538,219,431,650,"sa3020239"
"Ryan McCarty","TOR","AA",26,377,0.298701298,1.037037037,0.282608695,0.365217391,0.352173913,0.185185185,0.049382716,0.3787234,0.27234043,0.34893617,0.11118211,593,972,1565,"sa3020244"
"Josh Hood","SEA","AA",24,419,0.27016129,0.824561403,0.193798449,0.364341085,0.441860465,0.359649122,0.105263157,0.48846154,0.25,0.26153846,0.13650595,557,1040,1597,"sa3020268"
"Maxwell Romero Jr.","WSN","AA",24,316,0.286585365,1.263157894,0.22754491,0.431137724,0.341317365,0.175438596,0.122807017,0.54022989,0.22413793,0.23563218,0.16704805,493,818,1311,"sa3020271"
"Nate Baez","MIN","AA",24,212,0.259740259,0.84375,0.238709677,0.348387096,0.412903225,0.296875,0.078125,0.47169811,0.27044025,0.25786164,0.07878788,317,508,825,"sa3020272"
"Jared McKenzie","WSN","AA",24,109,0.25,2.714285714,0.2,0.584615384,0.215384615,0.142857142,0.071428571,0.46969697,0.27272727,0.25757576,0.18112245,113,279,392,"sa3020273"
"Murphy Stehly","WSN","AA",26,140,0.377777777,0.725,0.241758241,0.318681318,0.439560439,0.275,0.125,0.39583333,0.35416667,0.25,0.10789981,192,327,519,"sa3020276"
"Tatem Levins","TBR","AA",26,396,0.334975369,1.709677419,0.196172248,0.507177033,0.296650717,0.225806451,0.112903225,0.4549763,0.27962085,0.26540284,0.08994709,755,946,1701,"sa3020278"
"Emaarion Boyd","MIA","AA",21,68,0.348837209,1.538461538,0.232558139,0.465116279,0.302325581,0.461538461,0.076923076,0.45454545,0.15909091,0.38636364,0.09818182,103,172,275,"sa3020281"
"Devin Ortiz","SDP","AA",26,532,0.293150684,1.723809523,0.218579234,0.494535519,0.286885245,0.285714285,0.057142857,0.43466667,0.232,0.33333333,0.09505335,780,1282,2062,"sa3020345"
"Johnathon Thomas","WSN","AA",25,249,0.282352941,1.418181818,0.217647058,0.458823529,0.323529411,0.363636363,0.036363636,0.49438202,0.21348315,0.29213483,0.14888628,276,577,853,"sa3020349"
"Matt Suggs","WSN","AA",25,51,0.24137931,0.733333333,0.103448275,0.379310344,0.517241379,0.266666666,0.066666666,0.46666667,0.16666667,0.36666667,0.16666667,80,136,216,"sa3020351"
"Bryce Willits","HOU","AA",25,175,0.27118644,1.575757575,0.254385964,0.45614035,0.289473684,0.212121212,0.03030303,0.46218487,0.21848739,0.31932773,0.07153285,262,423,685,"sa3020352"
"Ben Ross","MIN","AA",24,490,0.25732899,0.776978417,0.220820189,0.340694006,0.438485804,0.208633093,0.100719424,0.52647975,0.20560748,0.26791277,0.1168,700,1175,1875,"sa3020353"
"Matt Coutney","LAA","AA",25,100,0.238095238,2.333333333,0.21875,0.546875,0.234375,0.333333333,0.066666666,0.453125,0.1875,0.359375,0.13316583,142,256,398,"sa3020413"
"Max Wagner","BAL","AA",23,347,0.314720812,1,0.269035532,0.365482233,0.365482233,0.236111111,0.069444444,0.54187192,0.22660099,0.23152709,0.15804807,511,862,1373,"sa3020415"
"Jacob Reimer","NYM","AA",21,254,0.34,0.983870967,0.201298701,0.396103896,0.402597402,0.129032258,0.14516129,0.53125,0.21875,0.25,0.11651469,387,600,987,"sa3020416"
"Brooks Brannon","BOS","AA",21,159,0.321428571,1.464285714,0.206896551,0.471264367,0.32183908,0.285714285,0.178571428,0.46666667,0.27777778,0.25555556,0.15993789,240,404,644,"sa3020417"
"Nick Morabito","NYM","AA",22,492,0.355345911,2.457142857,0.24137931,0.539184952,0.219435736,0.114285714,0.085714285,0.42901235,0.2191358,0.35185185,0.09484106,726,1193,1919,"sa3020418"
"John Garcia","HOU","AA",24,319,0.265895953,1.225806451,0.21590909,0.431818181,0.352272727,0.209677419,0.064516129,0.42458101,0.26256983,0.31284916,0.13449848,507,809,1316,"sa3020419"
"Andy Garriola","CHC","AA",25,152,0.2,0.955555555,0.185185185,0.398148148,0.416666666,0.355555555,0.088888888,0.4587156,0.23853211,0.30275229,0.12673611,200,376,576,"sa3020458"
"Andrew Cossetti","MIN","AA",25,350,0.289772727,0.743589743,0.268817204,0.311827956,0.419354838,0.269230769,0.179487179,0.4921466,0.21989529,0.28795812,0.13439306,601,783,1384,"sa3020493"
"Seth Stephenson","DET","AA",24,81,0.29032258,1.8125,0.25,0.483333333,0.266666666,0.375,0,0.38709677,0.25806452,0.35483871,0.0942029,99,177,276,"sa3020495"
"Xavier Isaac","TBR","AA",21,175,0.243589743,1.272727272,0.137931034,0.48275862,0.379310344,0.181818181,0.272727272,0.45977011,0.24137931,0.29885057,0.13704206,338,399,737,"sa3020498"
"Carter Young","BAL","AA",24,232,0.25,1.085106382,0.228346456,0.401574803,0.37007874,0.170212765,0.042553191,0.26153846,0.28461538,0.45384615,0.14221725,302,591,893,"sa3020534"
"D'Andre Smith","NYM","AA",24,353,0.336,1.392857142,0.199203187,0.466135458,0.334661354,0.095238095,0.083333333,0.43083004,0.26482213,0.30434783,0.12053925,430,831,1261,"sa3020536"
"Kevin Parada","NYM","AA",23,360,0.330188679,0.69,0.231818181,0.313636363,0.454545454,0.2,0.1,0.39013453,0.25112108,0.35874439,0.15600288,522,869,1391,"sa3020575"
"Douglas Hodo III","BAL","AA",24,435,0.273504273,0.504,0.206751054,0.265822784,0.52742616,0.248,0.08,0.54918033,0.22540984,0.22540984,0.10861002,681,1096,1777,"sa3020614"
"Joe Lampe","CLE","AA",24,450,0.294964028,1.453488372,0.257042253,0.440140845,0.302816901,0.220930232,0.116279069,0.46551724,0.21034483,0.32413793,0.10080183,668,1078,1746,"sa3020642"
"Michael Turner","CHW","AA",26,112,0.4375,1.933333333,0.3125,0.453125,0.234375,0.2,0,0.5,0.140625,0.359375,0.07368421,179,296,475,"sa3020658"
"Brett Squires","KCR","AA",25,496,0.333333333,1.035087719,0.244299674,0.38436482,0.371335504,0.157894736,0.087719298,0.40967742,0.25483871,0.33548387,0.17418678,659,1247,1906,"sa3020714"
"Maddux Houghton","MIN","AA",26,80,0.372549019,1.09090909,0.132075471,0.452830188,0.415094339,0.363636363,0.09090909,0.37735849,0.32075472,0.30188679,0.13851351,108,188,296,"sa3020716"
"Tyresse Turner","CLE","AA",25,262,0.312977099,1.177777777,0.240310077,0.410852713,0.348837209,0.266666666,0.022222222,0.40441176,0.17647059,0.41911765,0.15946206,397,644,1041,"sa3020759"
"Jack Pineda","KCR","AA",25,248,0.297619047,2,0.165680473,0.556213017,0.278106508,0.063829787,0.042553191,0.34302326,0.34883721,0.30813953,0.11473684,326,624,950,"sa3020762"
"Guy Lipscomb","CLE","AA",24,372,0.285171102,1.108695652,0.262357414,0.387832699,0.349809885,0.282608695,0.054347826,0.4501845,0.23616236,0.31365314,0.08279338,477,912,1389,"sa3020764"
"Turner Hill","SFG","AA",26,314,0.280851063,1.342857142,0.29004329,0.406926406,0.303030303,0.142857142,0.028571428,0.36514523,0.34439834,0.29045643,0.04761905,468,729,1197,"sa3020943"
"Shawn Ross","PIT","AA",25,114,0.291666666,0.666666666,0.2,0.32,0.48,0.333333333,0.083333333,0.52,0.18,0.3,0.1425486,188,275,463,"sa3020951"
"Sebastian Walcott","TEX","AA",19,552,0.303370786,1.477876106,0.228650137,0.460055096,0.311294765,0.3539823,0.115044247,0.47425474,0.24390244,0.28184282,0.11527514,822,1286,2108,"sa3021069"
"Robert Brooks","TOR","AA",26,131,0.185714285,0.435897435,0.176470588,0.25,0.573529411,0.179487179,0.051282051,0.45070423,0.21126761,0.33802817,0.17729084,184,318,502,"sa3022160"
"Chase Davis","STL","AA",23,494,0.344827586,1.592592592,0.21641791,0.481343283,0.302238805,0.259259259,0.12345679,0.48161765,0.24632353,0.27205882,0.12305374,857,1134,1991,"sa3022426"
"Cole Fontenelle","LAA","AA",23,188,0.333333333,0.607142857,0.274193548,0.274193548,0.451612903,0.214285714,0.142857142,0.42857143,0.26984127,0.3015873,0.23186528,259,513,772,"sa3022429"
"Dakota Harris","STL","AA",23,477,0.302593659,2.022222222,0.225071225,0.518518518,0.256410256,0.188888888,0.111111111,0.41111111,0.24444444,0.34444444,0.12363636,522,1128,1650,"sa3022431"
"Brock Rodden","SEA","AA",25,163,0.404255319,0.682926829,0.303030303,0.282828282,0.414141414,0.121951219,0.121951219,0.46464646,0.26262626,0.27272727,0.14583333,206,418,624,"sa3022432"
"Zach Levenson","STL","AA",23,103,0.318181818,1.173913043,0.285714285,0.385714285,0.328571428,0.217391304,0.173913043,0.48571429,0.27142857,0.24285714,0.1253012,148,267,415,"sa3022435"
"Caleb Ketchup","LAA","AA",23,130,0.205479452,0.628571428,0.197183098,0.309859154,0.492957746,0.314285714,0.028571428,0.54054054,0.2027027,0.25675676,0.1625239,180,343,523,"sa3022436"
"Joe Redfield","LAA","AA",23,116,0.289855072,1.24,0.151515151,0.469696969,0.378787878,0.4,0,0.46478873,0.18309859,0.35211268,0.12676056,145,281,426,"sa3022439"
"Trey Paige","STL","AA",24,234,0.311111111,1.12,0.226277372,0.408759124,0.364963503,0.22,0.1,0.36619718,0.26056338,0.37323944,0.11144883,368,619,987,"sa3022440"
"Jared Sundstrom","SEA","AA",24,489,0.296819787,1.12745098,0.246527777,0.399305555,0.354166666,0.25490196,0.117647058,0.5220339,0.21355932,0.26440678,0.19666667,655,1145,1800,"sa3022442"
"Graysen Tarlow","STL","AA",23,69,0.375,1.7,0.307692307,0.435897435,0.256410256,0.1,0,0.48780488,0.26829268,0.24390244,0.07560137,123,168,291,"sa3022443"
"Mac McCroskey","LAA","AA",25,301,0.237288135,1.603773584,0.211428571,0.485714285,0.302857142,0.113207547,0.018867924,0.36263736,0.21978022,0.41758242,0.1443038,432,753,1185,"sa3022444"
"Homer Bush Jr.","TBR","AA",23,546,0.374670184,2.247191011,0.223118279,0.537634408,0.239247311,0.269662921,0,0.37823834,0.20725389,0.41450777,0.12704715,656,1359,2015,"sa3022480"
"Hunter Fitz-Gerald","SEA","AA",24,399,0.347457627,1.791044776,0.217573221,0.50209205,0.280334728,0.149253731,0.119402985,0.44672131,0.2295082,0.32377049,0.18018018,529,1025,1554,"sa3022482"
"Jacob Sharp","TOR","AA",23,209,0.231404958,0.763636363,0.177966101,0.355932203,0.466101694,0.418181818,0.018181818,0.63709677,0.17741935,0.18548387,0.1345679,281,529,810,"sa3022489"
"Johnny Olmstead","MIA","AA",24,373,0.246268656,0.98095238,0.223880597,0.384328358,0.391791044,0.352380952,0.104761904,0.49466192,0.22064057,0.28469751,0.12446657,498,908,1406,"sa3022494"
"Drew Compton","ATL","AA",24,448,0.34163701,1.314606741,0.266903914,0.416370106,0.316725978,0.280898876,0.04494382,0.43157895,0.25614035,0.3122807,0.11734694,681,1083,1764,"sa3022495"
"Calvin Harris","CHW","AA",23,205,0.333333333,1.5,0.185185185,0.488888888,0.325925925,0.136363636,0.045454545,0.39705882,0.33088235,0.27205882,0.12207792,284,486,770,"sa3022496"
"Jacob Gonzalez","CHW","AA",23,368,0.267148014,0.853448275,0.223826714,0.357400722,0.418772563,0.327586206,0.051724137,0.42402827,0.22614841,0.34982332,0.09923664,507,934,1441,"sa3022498"
"Brock Wilken","MIL","AA",23,344,0.267080745,0.815789473,0.21590909,0.352272727,0.431818181,0.22368421,0.236842105,0.55307263,0.24581006,0.20111732,0.09372893,642,841,1483,"sa3022499"
"Sabin Ceballos","SFG","AA",22,420,0.273049645,1.103773584,0.212014134,0.413427561,0.374558303,0.141509433,0.056603773,0.53767123,0.18493151,0.27739726,0.07272727,660,1045,1705,"sa3022500"
"Luke Mann","OAK","AA",25,462,0.262948207,0.934579439,0.197674418,0.387596899,0.414728682,0.233644859,0.102803738,0.46564885,0.22900763,0.30534351,0.1537208,701,1140,1841,"sa3022529"
"Will Simpson","TBR","AA",23,479,0.259615384,0.842105263,0.209677419,0.361290322,0.429032258,0.218045112,0.090225563,0.44753086,0.23765432,0.31481481,0.10496381,722,1212,1934,"sa3022530"
"Colby Halter","OAK","AA",23,380,0.391705069,1.411764705,0.254545454,0.436363636,0.309090909,0.220588235,0.073529411,0.47767857,0.27678571,0.24553571,0.13451444,578,946,1524,"sa3022531"
"Nate Nankil","OAK","AA",22,166,0.308333333,1.225,0.25210084,0.411764705,0.336134453,0.275,0,0.35833333,0.275,0.36666667,0.0990566,232,404,636,"sa3022532"
"Mark Coley II","MIA","AA",24,280,0.3625,0.939393939,0.2,0.3875,0.4125,0.333333333,0.075757575,0.49090909,0.21212121,0.2969697,0.18726236,374,678,1052,"sa3022534"
"Tony Bullard","MIA","AA",25,172,0.27027027,1.159090909,0.188034188,0.435897435,0.376068376,0.227272727,0.159090909,0.4789916,0.25210084,0.26890756,0.13530327,224,419,643,"sa3022556"
"Tommy Troy","ARI","AA",23,399,0.328244274,1.261363636,0.254681647,0.415730337,0.329588014,0.147727272,0.136363636,0.3898917,0.24909747,0.36101083,0.10847458,613,862,1475,"sa3022561"
"Kemp Alderman","MIA","AA",22,454,0.336666666,2.060975609,0.19551282,0.541666666,0.262820512,0.207317073,0.182926829,0.39556962,0.21518987,0.38924051,0.14214773,576,1035,1611,"sa3022562"
"Jack Hurley","ARI","AA",23,261,0.354330708,1.805555555,0.234848484,0.492424242,0.272727272,0.111111111,0.194444444,0.35338346,0.30075188,0.34586466,0.22633745,311,661,972,"sa3022564"
"Mitch Jebb","PIT","AA",23,513,0.300254452,1.313432835,0.207161125,0.450127877,0.342710997,0.253731343,0,0.35696203,0.27594937,0.36708861,0.04940282,718,1124,1842,"sa3022565"
"Jeron Williams","HOU","AA",24,218,0.311258278,1.87804878,0.208053691,0.516778523,0.275167785,0.268292682,0.048780487,0.34640523,0.22875817,0.4248366,0.10128205,269,511,780,"sa3022566"
"Max Anderson","DET","AA",23,405,0.33,1.336538461,0.216129032,0.448387096,0.33548387,0.173076923,0.134615384,0.37699681,0.30670927,0.31629393,0.11672862,457,888,1345,"sa3022567"
"Ryan Johnson","HOU","AA",24,98,0.42,0.85,0.274509803,0.333333333,0.392156862,0.25,0.1,0.51923077,0.25,0.23076923,0.17085427,145,253,398,"sa3022569"
"Ryan Ignoffo","MIA","AA",24,125,0.357894736,1.814814814,0.216494845,0.505154639,0.278350515,0.296296296,0.111111111,0.43877551,0.28571429,0.2755102,0.07991361,165,298,463,"sa3022573"
"Anthony Sherwin","HOU","AA",23,108,0.288888888,1.294117647,0.152173913,0.478260869,0.369565217,0.235294117,0.058823529,0.39130435,0.32608696,0.2826087,0.15192744,166,275,441,"sa3022575"
"Cole Carrigg","COL","AA",23,537,0.3081761,1.097560975,0.208588957,0.414110429,0.377300613,0.186991869,0.121951219,0.42215569,0.2245509,0.35329341,0.14655172,754,1334,2088,"sa3022596"
"Bryson Ware","PHI","AA",24,87,0.384615384,1.470588235,0.236363636,0.454545454,0.309090909,0.235294117,0.176470588,0.30909091,0.34545455,0.34545455,0.17791411,109,217,326,"sa3022597"
"Connor Burns","CIN","AA",23,91,0.212121212,1,0.176470588,0.411764705,0.411764705,0.071428571,0.142857142,0.45714286,0.25714286,0.28571429,0.19487179,150,240,390,"sa3022599"
"Ben McCabe","COL","AA",25,70,0.181818181,0.866666666,0.125,0.40625,0.46875,0.333333333,0,0.46875,0.15625,0.375,0.20522388,96,172,268,"sa3022601"
"RJ Schreck","TOR","AA",24,169,0.311111111,0.733333333,0.195876288,0.340206185,0.463917525,0.311111111,0.2,0.56565657,0.21212121,0.22222222,0.07923497,301,431,732,"sa3022602"
"Brett Bateman","CHC","AA",23,396,0.338709677,2.309090909,0.269076305,0.51004016,0.220883534,0.236363636,0.036363636,0.37944664,0.22134387,0.39920949,0.05839416,706,938,1644,"sa3022603"
"Trent Farquhar","PHI","AA",24,153,0.23,1.677419354,0.17,0.52,0.31,0.193548387,0.064516129,0.38235294,0.23529412,0.38235294,0.07119205,270,334,604,"sa3022606"
"Jay Harry","TOR","AA",22,141,0.191011235,1,0.208791208,0.395604395,0.395604395,0.305555555,0.055555555,0.6043956,0.17582418,0.21978022,0.15009747,170,343,513,"sa3022607"
"Keaton Anthony","PHI","AA",24,200,0.4,1.41025641,0.333333333,0.390070921,0.276595744,0.205128205,0.102564102,0.37062937,0.21678322,0.41258741,0.06501951,265,504,769,"sa3022608"
"Aidan Miller","PHI","AA",21,489,0.330935251,1,0.23076923,0.384615384,0.384615384,0.2,0.118181818,0.50171821,0.24742268,0.25085911,0.09042295,852,1205,2057,"sa3022609"
"Ethan O'Donnell","CIN","AA",23,503,0.314189189,1.6,0.217391304,0.481605351,0.301003344,0.177777777,0.077777777,0.41935484,0.24516129,0.33548387,0.13992172,726,1318,2044,"sa3022616"
"Caleb Cali","SEA","AA",24,447,0.293877551,0.710743801,0.178571428,0.341269841,0.48015873,0.297520661,0.115702479,0.46332046,0.22393822,0.31274131,0.13926085,677,1190,1867,"sa3022651"
"Jace Bohrofen","TOR","AA",23,335,0.296969696,0.808219178,0.228070175,0.345029239,0.426900584,0.191780821,0.136986301,0.50857143,0.2,0.29142857,0.17476432,559,820,1379,"sa3022653"
"Mike Boeve","MIL","AA",23,301,0.294736842,1.516129032,0.183246073,0.492146596,0.324607329,0.161290322,0.080645161,0.41025641,0.26153846,0.32820513,0.09696459,453,733,1186,"sa3022658"
"Carter Trice","CHC","AA",22,60,0.142857142,0.6,0.172413793,0.310344827,0.517241379,0.133333333,0.066666666,0.48275862,0.17241379,0.34482759,0.12878788,112,152,264,"sa3022661"
"Braylen Wimmer","COL","AA",24,183,0.358333333,1.486486486,0.220338983,0.466101694,0.313559322,0.081081081,0.081081081,0.46774194,0.22580645,0.30645161,0.11926606,229,425,654,"sa3022671"
"Yohandy Morales","WSN","AA",23,142,0.387096774,2.526315789,0.287234042,0.510638297,0.202127659,0.263157894,0.210526315,0.35051546,0.28865979,0.36082474,0.13430127,212,339,551,"sa3022672"
"Garret Guillemette","HOU","AA",23,170,0.284403669,0.673076923,0.236842105,0.307017543,0.45614035,0.365384615,0.115384615,0.60869565,0.22608696,0.16521739,0.13679245,232,404,636,"sa3022677"
"Phillip Glasser","WSN","AA",25,490,0.324250681,1.770833333,0.271232876,0.465753424,0.263013698,0.104166666,0.0625,0.36363636,0.2513369,0.38502674,0.06902453,633,1120,1753,"sa3022680"
"Drew Cavanaugh","SFG","AA",23,56,0.259259259,1,0.407407407,0.296296296,0.296296296,0.125,0.125,0.35714286,0.25,0.39285714,0.14814815,100,143,243,"sa3022682"
"Max Clark","DET","AA",20,203,0.272727272,0.753846153,0.173913043,0.355072463,0.471014492,0.169230769,0.107692307,0.45323741,0.22302158,0.32374101,0.06273526,331,466,797,"sa3022683"
"Justin Wishkoski","SFG","AA",24,289,0.284153005,0.985915492,0.237837837,0.378378378,0.383783783,0.225352112,0.070422535,0.4973262,0.25668449,0.2459893,0.10546875,377,647,1024,"sa3022686"
"Jared Dickey","OAK","AA",23,146,0.358490566,0.738095238,0.311320754,0.29245283,0.396226415,0.333333333,0,0.37735849,0.24528302,0.37735849,0.08305085,227,363,590,"sa3022688"
"Jared Wegner","NYY","AA",25,172,0.258426966,0.970588235,0.220930232,0.38372093,0.395348837,0.205882352,0.058823529,0.51648352,0.15384615,0.32967033,0.15440115,251,442,693,"sa3022695"
"Spencer Nivens","KCR","AA",23,515,0.312121212,0.960629921,0.25,0.367469879,0.38253012,0.188976377,0.047244094,0.39285714,0.27380952,0.33333333,0.10396518,851,1217,2068,"sa3022697"
"Will Bush","HOU","AA",21,99,0.196428571,2.916666666,0.20338983,0.593220338,0.20338983,0.083333333,0.25,0.53448276,0.17241379,0.29310345,0.09708738,186,226,412,"sa3022698"
"Scott Bandura","SFG","AA",23,186,0.287128712,1.363636363,0.22,0.45,0.33,0.272727272,0.09090909,0.43396226,0.22641509,0.33962264,0.11568123,282,496,778,"sa3022699"
"Pascanel Ferreras","HOU","AA",23,454,0.315972222,1.586206896,0.221453287,0.47750865,0.301038062,0.264367816,0.08045977,0.46283784,0.22972973,0.30743243,0.12182448,639,1093,1732,"sa3022702"
"Jackson Hornung","TOR","AA",24,214,0.4,1.548387096,0.294642857,0.428571428,0.276785714,0.129032258,0.193548387,0.38793103,0.25,0.36206897,0.15706215,328,557,885,"sa3022704"
"Bo Davidson","SFG","AA",22,187,0.271929824,0.75,0.247933884,0.322314049,0.429752066,0.134615384,0.153846153,0.38211382,0.33333333,0.28455285,0.13494318,259,445,704,"sa3022706"
"Drew Ehrhard","BOS","AA",26,223,0.285714285,1.254545454,0.194805194,0.448051948,0.357142857,0.272727272,0.054545454,0.5,0.18125,0.31875,0.11084625,296,543,839,"sa3022748"
"Roc Riggio","NYY","AA",23,277,0.289017341,0.853658536,0.169398907,0.382513661,0.448087431,0.219512195,0.158536585,0.47849462,0.24731183,0.27419355,0.13293651,367,641,1008,"sa3022750"
"Dylan Campbell","PHI","AA",22,271,0.236263736,0.96,0.205405405,0.389189189,0.405405405,0.266666666,0.093333333,0.48404255,0.29787234,0.21808511,0.12922465,375,631,1006,"sa3022751"
"Caden Connor","CHW","AA",24,390,0.308510638,1.930555555,0.24911032,0.494661921,0.256227758,0.263888888,0.055555555,0.3125,0.1875,0.5,0.05394737,562,958,1520,"sa3022755"
"Justin Johnson","KCR","AA",25,323,0.280193236,0.795454545,0.254716981,0.330188679,0.415094339,0.204545454,0.09090909,0.38888889,0.26851852,0.34259259,0.12336601,444,780,1224,"sa3022758"
"Ryan Galanie","CHW","AA",25,409,0.295081967,1.078260869,0.211221122,0.409240924,0.379537953,0.165217391,0.060869565,0.45512821,0.26923077,0.27564103,0.10927152,573,937,1510,"sa3022759"
"Garrett Martin","NYY","AA",25,408,0.258823529,0.923809523,0.223076923,0.373076923,0.403846153,0.333333333,0.133333333,0.44237918,0.26394052,0.2936803,0.1799861,494,945,1439,"sa3022806"
"Tavian Josenberger","BAL","AA",23,257,0.25,0.78125,0.179856115,0.35971223,0.460431654,0.40625,0.078125,0.45454545,0.27972028,0.26573427,0.07627119,447,615,1062,"sa3022808"
"Dominic Pitelli","CIN","AA",23,352,0.293193717,1.38095238,0.210526315,0.457894736,0.331578947,0.142857142,0.015873015,0.44329897,0.22680412,0.32989691,0.14677539,491,858,1349,"sa3022809"
"Nick Lorusso","NYM","AA",24,446,0.306620209,0.801587301,0.214532871,0.349480968,0.435986159,0.166666666,0.055555555,0.45205479,0.26712329,0.28082192,0.13935407,589,1083,1672,"sa3022810"
"Cole Gabrielson","NYY","AA",24,272,0.286821705,1.170212765,0.23880597,0.410447761,0.350746268,0.14893617,0.127659574,0.40740741,0.28148148,0.31111111,0.14118705,414,698,1112,"sa3022811"
"Austin Deming","HOU","AA",25,129,0.288135593,0.655172413,0.238095238,0.301587301,0.46031746,0.24137931,0.137931034,0.44444444,0.31746032,0.23809524,0.17898833,190,324,514,"sa3022813"
"Matthew Etzel","TBR","AA",23,251,0.307142857,1.3125,0.229166666,0.4375,0.333333333,0.125,0.104166666,0.42465753,0.26712329,0.30821918,0.12344398,387,577,964,"sa3022815"
"Charles McAdoo","TOR","AA",23,494,0.320819112,0.746376811,0.209836065,0.337704918,0.452459016,0.246376811,0.115942028,0.49514563,0.22006472,0.28478964,0.13833589,701,1258,1959,"sa3022823"
"Carson Roccaforte","KCR","AA",23,212,0.41025641,1.142857142,0.256198347,0.396694214,0.347107438,0.095238095,0.119047619,0.49593496,0.29268293,0.21138211,0.13285024,332,496,828,"sa3022825"
"Dustin Dickerson","KCR","AA",24,406,0.278481012,1.058823529,0.267782426,0.376569037,0.355648535,0.223529411,0.058823529,0.37037037,0.2345679,0.39506173,0.07486034,748,1042,1790,"sa3022828"
"Coby Morales","NYY","AA",23,96,0.322033898,2.615384615,0.20338983,0.576271186,0.220338983,0,0,0.52542373,0.23728814,0.23728814,0.14814815,125,253,378,"sa3022829"
"Dylan Jasso","NYY","AA",22,537,0.321637426,0.919117647,0.252148997,0.358166189,0.389684813,0.125,0.095588235,0.37640449,0.2752809,0.34831461,0.10193727,765,1403,2168,"sa3022830"
"Cooper Pratt","MIL","AA",20,527,0.26740947,1.106060606,0.22562674,0.406685236,0.367688022,0.196969696,0.06060606,0.45108696,0.24456522,0.30434783,0.09277344,779,1269,2048,"sa3022867"
"Alfonsin Rosario","CLE","AA",21,145,0.293333333,0.966666666,0.243589743,0.371794871,0.384615384,0.233333333,0.166666666,0.5375,0.1875,0.275,0.19892473,204,354,558,"sa3022868"
"LuJames Groover","ARI","AA",23,547,0.347258485,1.451327433,0.286082474,0.422680412,0.291237113,0.14159292,0.10619469,0.41518987,0.24050633,0.3443038,0.0725537,849,1246,2095,"sa3022887"
"Jim Jarvis","ATL","AA",24,403,0.282467532,1.771084337,0.243421052,0.483552631,0.273026315,0.26506024,0.024096385,0.4516129,0.19354839,0.35483871,0.08098592,529,891,1420,"sa3022891"
"Walker Jenkins","MIN","AA",20,235,0.363636363,1.395348837,0.299319727,0.408163265,0.292517006,0.139534883,0.162790697,0.47333333,0.24,0.28666667,0.09120172,385,547,932,"sa3022894"
"Kevin McGonigle","DET","AA",20,206,0.229629629,0.776119402,0.173611111,0.361111111,0.465277777,0.104477611,0.179104477,0.51020408,0.27891156,0.21088435,0.07891332,324,449,773,"sa3022895"
"John Peck","DET","AA",22,106,0.337837837,2.4375,0.266666666,0.52,0.213333333,0.25,0.0625,0.41333333,0.2,0.38666667,0.12732095,137,240,377,"sa3022896"
"Colton Ledbetter","TBR","AA",23,535,0.339181286,0.925925925,0.246376811,0.36231884,0.391304347,0.162962962,0.051851851,0.41880342,0.27635328,0.3048433,0.1262506,783,1316,2099,"sa3022897"
"Enrique Bradfield Jr.","BAL","AA",23,208,0.333333333,1.260869565,0.218045112,0.436090225,0.345864661,0.195652173,0.04347826,0.27205882,0.34558824,0.38235294,0.06481481,376,488,864,"sa3022917"
"Jalen Vasquez","BAL","AA",23,198,0.213675213,1.119047619,0.239316239,0.401709401,0.358974358,0.261904761,0.047619047,0.42735043,0.23076923,0.34188034,0.12101911,289,496,785,"sa3022920"
"Brayden Taylor","TBR","AA",23,437,0.228571428,0.529850746,0.176706827,0.285140562,0.53815261,0.208955223,0.059701492,0.52755906,0.22440945,0.2480315,0.10780669,787,1096,1883,"sa3022921"
"Colt Emerson","SEA","AA",19,161,0.339449541,1.157894736,0.261261261,0.396396396,0.342342342,0.184210526,0.078947368,0.42857143,0.19642857,0.375,0.10289389,215,407,622,"sa3022923"
"A.J. Ewing","NYM","AA",20,132,0.431578947,2.095238095,0.29347826,0.478260869,0.228260869,0.142857142,0,0.48958333,0.10416667,0.40625,0.08817635,178,321,499,"sa3022963"
"Ralphy Velazquez","CLE","AA",20,126,0.363636363,1.058823529,0.247311827,0.387096774,0.365591397,0.058823529,0.147058823,0.31914894,0.27659574,0.40425532,0.11313131,193,302,495,"sa3023013"
"Jonah Advincula","CLE","AA",24,148,0.227722772,0.804878048,0.26,0.33,0.41,0.487804878,0,0.39423077,0.27884615,0.32692308,0.08205128,236,349,585,"sa3023056"
"Cooper Ingle","CLE","AA",23,403,0.319066147,0.969387755,0.268939393,0.359848484,0.371212121,0.204081632,0.091836734,0.46067416,0.22097378,0.31835206,0.06264916,708,968,1676,"sa3023069"
"Alex Mooney","CLE","AA",22,442,0.284,0.8317757,0.209677419,0.358870967,0.431451612,0.177570093,0.037383177,0.5019305,0.21235521,0.28571429,0.17555938,661,1082,1743,"sa3023070"
"Jackson Castillo","NYY","AA",22,93,0.254237288,1,0.275862068,0.362068965,0.362068965,0.047619047,0.095238095,0.44262295,0.27868852,0.27868852,0.13202247,138,218,356,"sa3023111"
"George Lombard Jr.","NYY","AA",20,469,0.288973384,0.98076923,0.216730038,0.387832699,0.395437262,0.134615384,0.076923076,0.45756458,0.25461255,0.28782288,0.11094378,813,1179,1992,"sa3023233"
"Rikuu Nishida","CHW","AA",24,502,0.327380952,3.944444444,0.19090909,0.645454545,0.163636363,0.203703703,0,0.30029155,0.24489796,0.4548105,0.05631068,821,1239,2060,"sa3023234"
"Cole Urman","BAL","AA",23,50,0.354838709,0.818181818,0.310344827,0.310344827,0.379310344,0.545454545,0,0.37931034,0.34482759,0.27586207,0.15,51,109,160,"sa3023270"
"Leo De Vries","OAK","AA",18,103,0.303030303,0.677419354,0.257142857,0.3,0.442857142,0.193548387,0.161290322,0.47887324,0.14084507,0.38028169,0.09549072,138,239,377,"sa3023363"
"Sam Brown","WSN","AA",23,509,0.3090379,1.588235294,0.245714285,0.462857142,0.291428571,0.166666666,0.078431372,0.45454545,0.23579545,0.30965909,0.10792492,737,1181,1918,"sa3023367"
"Colby Shade","MIA","AA",23,70,0.272727272,2.25,0.1875,0.5625,0.25,0.125,0,0.64705882,0.23529412,0.11764706,0.11450382,109,153,262,"sa3023374"
"Matt Hogan","CHW","AA",25,55,0.23076923,1.363636363,0.037037037,0.555555555,0.407407407,0.363636363,0.09090909,0.48275862,0.27586207,0.24137931,0.17703349,85,124,209,"sa3023375"
"Noah Myers","TBR","AA",25,75,0.256410256,1.75,0.195121951,0.512195121,0.292682926,0,0.166666666,0.46511628,0.23255814,0.30232558,0.09060403,123,175,298,"sa3023377"
"Julian Brock","TEX","AA",24,65,0.425,1.583333333,0.243902439,0.463414634,0.292682926,0.416666666,0.083333333,0.3902439,0.29268293,0.31707317,0.09615385,95,165,260,"sa3023424"
"Christian Knapczyk","CLE","AA",23,118,0.303797468,1.178571428,0.217948717,0.423076923,0.358974358,0.25,0,0.46835443,0.18987342,0.34177215,0.09030837,196,258,454,"sa3023425"
"Caden Rose","BOS","AA",23,290,0.275,1.2,0.201612903,0.43548387,0.362903225,0.2,0.133333333,0.58267717,0.22834646,0.18897638,0.19877942,429,718,1147,"sa3023458"
"Tomas Frick","NYY","AA",24,56,0.282051282,1.5,0.25,0.45,0.3,0.333333333,0.083333333,0.46341463,0.19512195,0.34146341,0.10047847,79,130,209,"sa3023485"
"Travis Bazzana","CLE","AA",22,228,0.333333333,0.897959183,0.321167883,0.321167883,0.357664233,0.204081632,0.102040816,0.51798561,0.22302158,0.25899281,0.07032058,403,564,967,"sa3025129"
"JJ Wetherholt","STL","AA",22,275,0.337078651,1.293103448,0.26519337,0.41436464,0.320441988,0.189655172,0.120689655,0.40540541,0.35675676,0.23783784,0.06492335,483,626,1109,"sa3025154"
"Ryan Nicholson","LAA","AA",24,143,0.23076923,0.916666666,0.168674698,0.397590361,0.433734939,0.194444444,0.138888888,0.51190476,0.22619048,0.26190476,0.14049587,242,363,605,"sa3025167"
"Mitchell Daly","LAA","AA",24,72,0.243243243,1.25,0.25,0.416666666,0.333333333,0.083333333,0,0.44736842,0.34210526,0.21052632,0.15570934,102,187,289,"sa3025169"
"Michael Snyder","MIA","AA",24,237,0.322368421,2.052631578,0.241830065,0.509803921,0.248366013,0.289473684,0.052631578,0.4025974,0.24025974,0.35714286,0.08369565,353,567,920,"sa3025194"
"Payton Green","MIA","AA",22,107,0.298507462,1,0.264705882,0.367647058,0.367647058,0.32,0.08,0.57971014,0.17391304,0.24637681,0.13451777,139,255,394,"sa3025195"
"Carson DeMartini","PHI","AA",22,292,0.274725274,0.634146341,0.255555555,0.288888888,0.455555555,0.280487804,0.024390243,0.38918919,0.28108108,0.32972973,0.14742451,423,703,1126,"sa3025198"
"Fenwick Trimble","MIA","AA",22,229,0.272727272,1.581395348,0.244897959,0.462585034,0.292517006,0.302325581,0.139534883,0.52,0.17333333,0.30666667,0.09143519,342,522,864,"sa3025202"
"Gage Miller","MIA","AA",22,70,0.25,0.809523809,0.24,0.34,0.42,0.285714285,0.095238095,0.48,0.2,0.32,0.0719697,98,166,264,"sa3025205"
"Patrick Clohisy","ATL","AA",23,174,0.307086614,1.14,0.183206106,0.435114503,0.381679389,0.26,0.08,0.38167939,0.19847328,0.41984733,0.14041096,199,385,584,"sa3025223"
"Connor Caskenette","MIA","AA",23,52,0.34375,1.4,0.25,0.4375,0.3125,0.2,0,0.34375,0.25,0.40625,0.08080808,78,120,198,"sa3025240"
"Zach Ehrhard","BOS","AA",22,398,0.272727272,0.56617647,0.211111111,0.285185185,0.503703703,0.227941176,0.095588235,0.4516129,0.2688172,0.27956989,0.06772422,621,1018,1639,"sa3025247"
"Duce Gourson","PIT","AA",22,226,0.386363636,1.295454545,0.251851851,0.422222222,0.325925925,0.09090909,0.113636363,0.5,0.29710145,0.20289855,0.11135857,340,558,898,"sa3025248"
"Jared Thomas","COL","AA",21,191,0.389473684,0.861111111,0.302083333,0.322916666,0.375,0.111111111,0.083333333,0.48484848,0.28282828,0.23232323,0.14543115,303,474,777,"sa3025252"
"Brendan Jones","NYY","AA",23,340,0.306220095,0.723404255,0.25,0.314814814,0.435185185,0.29787234,0.074468085,0.43055556,0.23148148,0.33796296,0.10451128,513,817,1330,"sa3025253"
"Ben McLaughlin","ARI","AA",23,115,0.422535211,2,0.28,0.48,0.24,0.222222222,0.222222222,0.41333333,0.28,0.30666667,0.10743802,184,300,484,"sa3025256"
"Charlie Condon","COL","AA",22,237,0.288,0.945454545,0.213235294,0.382352941,0.404411764,0.145454545,0.2,0.5037037,0.25925926,0.23703704,0.13483146,338,552,890,"sa3025257"
"Ryan Waldschmidt","ARI","AA",22,300,0.361702127,1,0.312820512,0.343589743,0.343589743,0.23880597,0.134328358,0.43654822,0.25888325,0.30456853,0.10179641,502,667,1169,"sa3025261"
"Brandon Butterworth","BAL","AA",22,143,0.24,0.95,0.22,0.38,0.4,0.25,0.05,0.49019608,0.21568627,0.29411765,0.1025641,208,338,546,"sa3025264"
"James Tibbs III","BOS","AA",22,306,0.305882352,1.177419354,0.241573033,0.410112359,0.348314606,0.14516129,0.129032258,0.41573034,0.29213483,0.29213483,0.10220769,524,699,1223,"sa3025333"
"David Mershon","LAA","AA",22,276,0.22077922,1.489795918,0.202614379,0.477124183,0.320261437,0.163265306,0.020408163,0.40127389,0.30573248,0.29299363,0.11662315,457,692,1149,"sa3025335"
"Eric Rataczak","MIA","AA",24,65,0.342105263,1.071428571,0.236842105,0.394736842,0.368421052,0.428571428,0,0.5,0.21052632,0.28947368,0.13461538,89,171,260,"sa3025336"
"Kaelen Culpepper","MIN","AA",22,270,0.320224719,1.764705882,0.241935483,0.483870967,0.274193548,0.196078431,0.215686274,0.48148148,0.23809524,0.28042328,0.11683168,355,655,1010,"sa3025360"
"Sam Antonacci","CHW","AA",22,217,0.350364963,1.966666666,0.350364963,0.430656934,0.218978102,0.1,0.033333333,0.35460993,0.25531915,0.39007092,0.05964912,358,497,855,"sa3025363"
"Trevor Austin","HOU","AA",23,322,0.29,1.104477611,0.284263959,0.375634517,0.340101522,0.208955223,0.029850746,0.37313433,0.25373134,0.37313433,0.08141321,522,780,1302,"sa3025365"
"Lucas Spence","HOU","AA",22,138,0.283783783,1.541666666,0.207792207,0.48051948,0.311688311,0.166666666,0.166666666,0.49350649,0.23376623,0.27272727,0.09189189,239,316,555,"sa3025371"
"Blake Burke","MIL","AA",22,159,0.348314606,1.235294117,0.232323232,0.424242424,0.343434343,0.205882352,0.323529411,0.31683168,0.30693069,0.37623762,0.15614618,215,387,602,"sa3025381"
"Tommy White","OAK","AA",22,113,0.363636363,2.526315789,0.247191011,0.539325842,0.213483146,0.315789473,0.052631578,0.34831461,0.14606742,0.50561798,0.0961039,125,260,385,"sa3025383"
"Joshua Kuroda-Grauer","OAK","AA",22,183,0.313333333,2.085714285,0.260273972,0.5,0.239726027,0,0.057142857,0.33774834,0.23178808,0.43046358,0.04748201,237,458,695,"sa3025386"
"Austin Overn","BAL","AA",22,136,0.329411764,1.25,0.181818181,0.454545454,0.363636363,0.15625,0.15625,0.53846154,0.28571429,0.17582418,0.12844037,194,351,545,"sa3025408"
"Ethan Anderson","BAL","AA",21,80,0.245283018,1.421052631,0.148148148,0.5,0.351851851,0.368421052,0.052631578,0.40740741,0.18518519,0.40740741,0.08333333,137,175,312,"sa3025410"
"Joseph Sullivan","HOU","AA",22,140,0.283582089,2,0.173913043,0.550724637,0.275362318,0.052631578,0.105263157,0.49275362,0.23188406,0.27536232,0.0996732,271,341,612,"sa3025413"
"Seaver King","WSN","AA",22,357,0.289682539,1.955882352,0.192771084,0.534136546,0.273092369,0.176470588,0.044117647,0.35019455,0.24124514,0.40856031,0.11777615,428,939,1367,"sa3025414"
"Jacob Cozart","CLE","AA",22,94,0.327586206,1.19047619,0.233333333,0.416666666,0.35,0.19047619,0.095238095,0.46666667,0.23333333,0.3,0.10344828,140,237,377,"sa3025434"
"Colton Becker","KCR","AA",24,84,0.45,1.411764705,0.305084745,0.406779661,0.288135593,0.294117647,0,0.43333333,0.16666667,0.4,0.09446254,117,190,307,"sa3025438"
"Carson Benge","NYM","AA",22,145,0.336842105,0.975609756,0.213592233,0.388349514,0.398058252,0.048780487,0.195121951,0.38834951,0.2038835,0.40776699,0.09265734,213,359,572,"sa3025452"
"Alex Stone","TOR","AA",23,107,0.213333333,1.037037037,0.276315789,0.368421052,0.355263157,0.222222222,0.074074074,0.46153846,0.24358974,0.29487179,0.11246944,138,271,409,"sa3025480"
"Duncan Pastore","NYY","AA",25,57,0.25,1.777777777,0.342105263,0.421052631,0.236842105,0.111111111,0,0.4,0.225,0.375,0.12616822,83,131,214,"sa3025482"
"Ryan Jackson","SDP","AA",23,74,0.265306122,1.375,0.208333333,0.458333333,0.333333333,0.3125,0,0.40816327,0.26530612,0.32653061,0.13571429,99,181,280,"sa3025514"
"Keith Jones II","TEX","AA",23,201,0.325203252,0.846153846,0.232,0.352,0.416,0.153846153,0.057692307,0.27777778,0.32539683,0.3968254,0.1037296,346,512,858,"sa3025629"
"Cole Conn","OAK","AA",23,178,0.3125,2.423076923,0.198198198,0.567567567,0.234234234,0.076923076,0,0.44642857,0.25,0.30357143,0.10911809,263,406,669,"sa3029251"
"Dub Gleed","MIA","AA",22,102,0.343283582,1.8,0.151515151,0.545454545,0.303030303,0.35,0.05,0.60869565,0.20289855,0.1884058,0.11720698,146,255,401,"sa3032302"
"Braden Montgomery","CHW","AA",22,143,0.397590361,2.111111111,0.325301204,0.457831325,0.216867469,0.277777777,0.055555555,0.42857143,0.25,0.32142857,0.14855072,218,334,552,"sa3038253"
"Kole Myers","LAD","AA",24,321,0.367346938,2.627906976,0.212121212,0.57070707,0.217171717,0.069767441,0.116279069,0.36318408,0.23383085,0.40298507,0.085693,540,802,1342,"sa3038641"
"Konnor Griffin","PIT","AA",19,98,0.403508771,1.333333333,0.322580645,0.387096774,0.29032258,0.222222222,0.277777777,0.4516129,0.24193548,0.30645161,0.12569832,138,220,358,"sa3065496"
"Sam Ruta","KCR","AA",23,291,0.347826086,1,0.25,0.375,0.375,0.111111111,0.111111111,0.45833333,0.26388889,0.27777778,0.16585761,481,755,1236,"sa3067092"
"Dayson Croes","SFG","AA",25,83,0.366666666,1.866666666,0.295081967,0.459016393,0.245901639,0.133333333,0.066666666,0.33870968,0.09677419,0.56451613,0.08206687,108,221,329,"sa3067396"
"Luis Castro","HOU","AA",29,103,0.327586206,1.130434782,0.183333333,0.433333333,0.383333333,0.391304347,0.086956521,0.5,0.26666667,0.23333333,0.16449086,137,246,383,"sa736954"
"Edwin Diaz","HOU","AA",29,107,0.283333333,0.888888888,0.227272727,0.363636363,0.409090909,0.222222222,0.222222222,0.54545455,0.18181818,0.27272727,0.11832947,172,259,431,"sa738152"
"Jake Gatewood","NYY","AA",29,145,0.345679012,1.071428571,0.301204819,0.361445783,0.337349397,0.142857142,0.071428571,0.41666667,0.33333333,0.25,0.18149466,198,364,562,"sa828685"
"Rudy Martin","KCR","AA",29,286,0.351955307,1.87755102,0.220994475,0.508287292,0.270718232,0.183673469,0.102040816,0.4,0.28421053,0.31578947,0.06874427,432,659,1091,"sa829374"
"Moises Gomez","SDP","AA",26,444,0.316981132,0.503875968,0.276119402,0.242537313,0.481343283,0.209302325,0.054263565,0.47058824,0.25367647,0.27573529,0.15754561,645,1164,1809,"sa875163"
"Ronaldo Hernandez","BOS","AA",27,101,0.242424242,1.894736842,0.19117647,0.529411764,0.279411764,0.105263157,0.105263157,0.47058824,0.29411765,0.23529412,0.10569106,120,249,369,"sa881850"
"Nick Dunn","PHI","AA",28,177,0.203007518,1.1875,0.233576642,0.416058394,0.350364963,0.291666666,0.145833333,0.42857143,0.19285714,0.37857143,0.03432836,255,415,670,"sa915613"
"Ricardo Genoves","TBR","AA",26,90,0.274509803,0.64,0.196078431,0.31372549,0.490196078,0.28,0.08,0.43396226,0.32075472,0.24528302,0.1849711,119,227,346,"sa916844"
"Julio E. Rodriguez","KCR","AA",28,158,0.288288288,1.263157894,0.245614035,0.421052631,0.333333333,0.157894736,0.078947368,0.48245614,0.27192982,0.24561404,0.13412564,204,385,589,"sa917669"
"Lyle Lin","OAK","AA",28,112,0.2125,3.0625,0.1875,0.6125,0.2,0.25,0,0.4625,0.1875,0.35,0.10227273,154,286,440,"sa918343"
"Ramon Rodriguez","MIL","AA",26,81,0.344262295,0.807692307,0.253968253,0.333333333,0.412698412,0.115384615,0.076923076,0.31746032,0.34920635,0.33333333,0.09342561,102,187,289,"sa918698"