Name,Team,Level,Age,PA,BB%,K%,BB/K,AVG,OBP,SLG,OPS,ISO,Spd,BABIP,wSB,wRC,wRAA,wOBA,wRC+,PlayerId
"Nick Franklin","MIL","AA",27,71,0.154929577,0.098591549,1.571428571,0.288135593,0.394366197,0.440677966,0.835044163,0.152542373,4.69932355518157,0.294117647,0.3221391187980771,11.289825557327037,3.0553217814919984,0.3764309235981533,136.8777920615482,"10166"
"Joey Terdoslavich","NYM","AA",29,318,0.088050314,0.163522012,0.538461538,0.307692307,0.367924528,0.472027972,0.8399525,0.164335665,3.231861782369539,0.337777777,0.36044522700831294,50.481802848362705,12.623311755442403,0.37526234222887445,134.6267833609692,"10593"
"Andy Wilkins","MIN","AA",29,159,0.132075471,0.251572327,0.525,0.220588235,0.333333333,0.536764705,0.870098038,0.31617647,4.082621304298297,0.214285714,0.08742393460124731,26.175914711684644,7.735265410870971,0.3837109939961494,134.59639742072403,"11251"
"Jon Berti","TOR","AA",28,316,0.091772151,0.14556962,0.630434782,0.314079422,0.398734177,0.498194945,0.896929122,0.184115523,8.031646804301557,0.354260089,0.41568926395848393,57.082960665664835,19.462573290310065,0.4029912875045704,147.13098124639293,"12037"
"Ryan Brett","CHW","AA",26,174,0.028735632,0.247126436,0.116279069,0.26506024,0.293103448,0.385542168,0.678645616,0.120481928,6.149431413761549,0.338842975,0.06916214246302843,18.266326684316304,-1.9140065128005463,0.3063973702233413,90.94302595696523,"12138"
"Juniel Querecuto","ARI","AA",25,185,0.064864864,0.113513513,0.571428571,0.369047619,0.413043478,0.482142857,0.895186335,0.113095238,6.461251579894317,0.416107382,0.5962168979458511,32.7920546455424,11.335953257803217,0.4000758964281816,148.35398062601743,"12140"
"Jake Hager","MIL","AA",25,257,0.108949416,0.171206225,0.636363636,0.292237442,0.37109375,0.520547945,0.891641695,0.228310503,4.897089849948081,0.315789473,0.9847810636274517,44.123345627114276,14.31676153711984,0.3928588014022977,147.60426237938543,"12198"
"Taylor Featherston","CIN","AA",28,145,0.055172413,0.344827586,0.16,0.237037037,0.28275862,0.377777777,0.660536397,0.14074074,5.655321118260215,0.34939759,0.2940460592508316,14.27833098022304,-2.5386133507076702,0.2979626096528152,82.47902876337531,"12590"
"Erick Castillo","CHC","AA",25,151,0.046357615,0.145695364,0.318181818,0.185714285,0.234899328,0.257142857,0.492042185,0.071428572,1.130760365,0.206896551,-0.09602076420560479,7.006061201812698,-10.506756687639283,0.23046849838039218,37.54707592859052,"12990"
"Tyler Goeddel","LAD","AA",25,163,0.073619631,0.202453987,0.363636363,0.212328767,0.283950617,0.321917808,0.605868425,0.109589041,6.939501034569655,0.252252252,0.13872168271336704,13.259030017650858,-6.596825261019931,0.278690387437373,65.1781690995525,"13180"
"Michael Reed","ATL","AA",25,175,0.171428571,0.245714285,0.697674418,0.314285714,0.445714285,0.492857142,0.938571427,0.178571428,4.496635067436662,0.425531914,-0.21371629647910595,34.44561406436843,14.149301940831359,0.4254512170265461,170.4640734567534,"13228"
"Jacob Wilson","WSN","AA",27,71,0.098591549,0.183098591,0.538461538,0.245901639,0.309859154,0.491803278,0.801662432,0.245901639,2.0332499935934525,0.234042553,-0.42220891476608813,9.67200680617047,1.2193248325939234,0.34673818987859806,112.38358578628522,"13254"
"Richie Shaffer","MIL","AA",27,59,0.050847457,0.389830508,0.130434782,0.218181818,0.27118644,0.527272727,0.798459167,0.309090909,2.64285714,0.285714285,-0.02648848667740822,8.199931877334425,1.357175218541929,0.3504697508731131,119.92662210695208,"13271"
"Peter O'Brien","MIA","AA",27,286,0.132867132,0.325174825,0.40860215,0.18852459,0.304195804,0.463114754,0.767310558,0.274590164,0.88504464,0.196969696,-0.1485371594899334,37.13779554010017,3.3141752803383646,0.3393324720985898,111.10555497079035,"13288"
"Wynton Bernard","CHC","AA",27,118,0.084745762,0.169491525,0.5,0.295238095,0.362068965,0.371428571,0.733497536,0.076190476,5.684535923411571,0.34939759,1.8641446204856038,15.529991030116332,1.844477712531341,0.34091492254158545,109.66231227259516,"13408"
"Tony Renda","BOS","AA",27,108,0.083333333,0.12037037,0.692307692,0.37113402,0.435185185,0.577319587,1.012504772,0.206185567,4.8164706856683495,0.407407407,0.3702167777810246,23.529301245629668,10.671700497090695,0.4501317811233026,178.49698438862046,"13443"
"Elier Hernandez","KCR","AA",23,381,0.036745406,0.186351706,0.197183098,0.287323943,0.321899736,0.38028169,0.702181426,0.092957747,4.44723857213312,0.347368421,-1.4933028724044561,42.60390177357824,-3.8076372520264905,0.31648666783184365,88.07711419569704,"13750"
"Tomas Nido","NYM","AA",24,228,0.030701754,0.157894736,0.194444444,0.274418604,0.298245614,0.437209302,0.735454916,0.162790698,2.11211943375,0.303370786,-0.01851500291377306,27.034942246652868,-0.10888155581829465,0.3243833474422756,101.2987213577004,"13755"
"Tyler Heineman","MIL","AA",27,273,0.131868131,0.117216117,1.125,0.254464285,0.360594795,0.357142857,0.717737652,0.102678572,2.9769655709793756,0.274611398,-0.06328029092401266,33.52592055241273,1.863673639694911,0.32950309897368807,106.23659032409624,"13897"
"Seth Mejias-Brean","SEA","AA",27,138,0.079710144,0.20289855,0.392857142,0.238095238,0.304347826,0.341269841,0.645617667,0.103174603,3.607765665277186,0.291666666,-0.2574913288699463,13.192610731770882,-3.6178679704166563,0.2963683885940607,88.11767635603755,"13905"
"Sherman Johnson","LAA","AA",27,79,0.139240506,0.215189873,0.647058823,0.19402985,0.316455696,0.298507462,0.614963158,0.104477612,5.166362937133451,0.26,-0.6729452623985708,7.538293662069032,-1.6240415251277003,0.29400965458230127,77.53522851574769,"13906"
"Alfredo Gonzalez","CHW","AA",25,112,0.053571428,0.232142857,0.23076923,0.298076923,0.342342342,0.413461538,0.75580388,0.115384615,2.9243996456345225,0.381578947,-0.10434937383979559,15.04859734258723,2.0589575835235117,0.34448237354690964,115.81036807962992,"14267"
"Harold Ramirez","TOR","AA",23,505,0.053465346,0.174257425,0.306818181,0.319654427,0.365079365,0.470842332,0.835921697,0.151187905,4.463800977754708,0.371273712,2.3118194839917123,79.1667500758763,19.045561390578325,0.37275221896361543,127.3230122509148,"14387"
"Luis Marte","ATL","AA",24,253,0.027667984,0.18972332,0.145833333,0.271604938,0.294820717,0.362139917,0.656960634,0.090534979,4.299157399060655,0.328125,0.003223408362828195,23.7894716194685,-6.212680205065443,0.29407251336009627,80.008673196907,"14515"
"Gabriel Guerrero","CIN","AA",24,107,0.06542056,0.242990654,0.269230769,0.295918367,0.336448598,0.469387755,0.805836353,0.173469388,6.570204580972094,0.375,0.5205345489084721,15.470089058603824,3.060343931641162,0.3577259834681716,121.50111445009186,"14528"
"Anthony Santander","BAL","AA",23,222,0.045045045,0.144144144,0.3125,0.258373205,0.292792792,0.401913875,0.694706667,0.14354067,6.130719233563111,0.281609195,0.36390484496951103,23.799107079075636,-2.630405570698913,0.3099820302413391,84.37723594290037,"14551"
"Webster Rivas","SDP","AA",27,233,0.055793991,0.201716738,0.276595744,0.276497695,0.318965517,0.373271889,0.692237406,0.096774194,2.674621865155905,0.335329341,-0.2840002895100042,25.505008460728394,-2.8779012320954913,0.31356278755541506,95.85734881252816,"14636"
"Harold Castro","DET","AA",24,116,0.034482758,0.181034482,0.19047619,0.281818181,0.310344827,0.327272727,0.637617554,0.045454546,3.2533457146857545,0.344444444,-0.028941637137904763,10.787593120794948,-3.022422498006167,0.2919895165953143,73.74728189213258,"14691"
"Mike Yastrzemski","BAL","AA",27,117,0.085470085,0.256410256,0.333333333,0.201923076,0.275862068,0.326923076,0.602785144,0.125,4.219262175273718,0.27027027,-0.02389209088869393,8.769787853482145,-5.159279624101741,0.2691408719932824,57.62441466398891,"14854"
"Zach Green","PHI","AA",24,312,0.089743589,0.256410256,0.35,0.292418772,0.371794871,0.566787003,0.938581874,0.274368231,3.558567839880004,0.355555555,0.1688611344434321,58.70725266461236,21.56307272438866,0.4125177498032426,150.28778848754663,"14973"
"Dom Nunez","COL","AA",23,377,0.122015915,0.193633952,0.630136986,0.222222222,0.32,0.342592592,0.662592592,0.12037037,2.851684254917323,0.257142857,-0.9357782378792763,38.91199191567002,-5.970558845433608,0.30493085567028294,81.0785674840004,"15055"
"Jonathan Davis","TOR","AA",26,358,0.097765363,0.148044692,0.660377358,0.301639344,0.387640449,0.44262295,0.830263399,0.140983606,7.671949438078313,0.345238095,2.5068631945177913,57.120874467665836,14.5003090234348,0.3762852889433336,129.63733421894528,"15104"
"Josh VanMeter","CIN","AA",23,121,0.190082644,0.157024793,1.210526315,0.284210526,0.420168067,0.421052631,0.841220698,0.136842105,3.7503632614661804,0.342105263,0.07407777616754174,19.383993996283404,5.350543899437777,0.37796900427859764,134.71865626864727,"15170"
"Jeff McNeil","NYM","AA",26,241,0.091286307,0.095435684,0.956521739,0.327102803,0.402489626,0.626168224,1.02865785,0.299065421,6.602545172256364,0.31638418,0.5734898911323398,52.20943662923118,23.51793866258403,0.44857751205563545,182.65156325324142,"15362"
"Aristides Aquino","CIN","AA",24,445,0.078651685,0.251685393,0.3125,0.240099009,0.306306306,0.448019801,0.754326107,0.207920792,3.3158769382965287,0.282051282,-1.5297053586691618,57.39837420161374,5.787751944619499,0.33751259858791643,108.30292320920142,"15482"
"Abiatal Avelino","NYY","AA",23,211,0.085308056,0.17535545,0.486486486,0.336842105,0.392344497,0.552631578,0.944976075,0.215789473,6.736432228703949,0.375,1.3099019990768284,40.64024367442843,15.520301471264332,0.4181453839443517,165.9516680855993,"15496"
"Jamie Westbrook","ARI","AA",23,443,0.054176072,0.16027088,0.338028169,0.286764705,0.335600907,0.470588235,0.806189142,0.18382353,5.099140247370567,0.314814814,-0.7660251008346677,64.80468107090074,13.426016666746916,0.3599367828738445,122.14542129425297,"15504"
"Joseph Odom","SEA","AA",26,290,0.075862068,0.251724137,0.301369863,0.240601503,0.3,0.360902255,0.660902255,0.120300752,1.2153880025000001,0.312169312,-0.06153865862870589,28.603768199173544,-6.72260008803215,0.30013227031148715,90.59395194411415,"15535"
"Gosuke Katoh","NYY","AA",23,503,0.123260437,0.244532803,0.50406504,0.228637413,0.327345309,0.334872979,0.662218288,0.106235566,4.639830606889463,0.305194805,-0.3488228900823742,52.64955275077797,-7.233532216954464,0.30677516477175026,92.99909531032608,"15697"
"Raudy Read","WSN","AA",24,161,0.068322981,0.186335403,0.366666666,0.285714285,0.335403726,0.435374149,0.770777875,0.149659864,2.89285714,0.336206896,-0.01683182083070278,21.65326247839649,2.485913214370799,0.3445432071360002,110.94577198418006,"15766"
"Yonathan Daza","COL","AA",24,228,0.030701754,0.105263157,0.291666666,0.305936073,0.330396475,0.461187214,0.791583689,0.155251141,4.397916879907218,0.329842931,-1.30094546941109,32.13327062253973,4.989446820068571,0.3527032538657672,112.37166703877601,"15794"
"Erick Mejia","KCR","AA",23,602,0.071428571,0.162790697,0.43877551,0.262962962,0.31802721,0.366666666,0.684693876,0.103703704,7.24449588002719,0.311363636,-0.5693038959871046,64.17790950189526,-9.154758459821386,0.31002129007644913,83.82351158399649,"15817"
"Travis Demeritte","ATL","AA",23,494,0.115384615,0.283400809,0.407142857,0.221962616,0.31643002,0.41588785,0.73231787,0.193925234,5.8314433718113055,0.283636363,0.022437155712395906,61.470024521007694,4.176434869423072,0.33161278456691806,109.1929115665278,"15958"
"Deivy Grullon","PHI","AA",22,353,0.050991501,0.229461756,0.222222222,0.273006134,0.30965909,0.515337423,0.824996513,0.242331289,1.357973415,0.295652173,-0.030297277495265007,51.49243701147019,9.467130861152988,0.3589540100165582,115.2010960671261,"15988"
"Taylor Gushue","WSN","AA",24,386,0.095854922,0.240932642,0.397849462,0.21238938,0.292746113,0.362831858,0.655577971,0.150442478,2.5470191127627064,0.256198347,-0.45082301017828286,37.85647331264958,-8.097544177498968,0.29841978855701307,80.73282928256657,"16098"
"Nick Gordon","MIN","AA",22,181,0.06077348,0.14917127,0.407407407,0.333333333,0.381215469,0.524691358,0.905906827,0.191358025,6.765744669991713,0.365671641,0.4211008087731898,32.20965009903797,11.217464416979638,0.40098256465479815,145.8737512104927,"16337"
"Brian Navarreto","MIN","AA",23,380,0.036842105,0.15,0.245614035,0.246498599,0.285714285,0.333333333,0.619047618,0.086834734,1.8814089252627066,0.282828282,-0.6864577257074416,33.41048690302408,-10.661505136656396,0.28428982600333197,69.68002659340837,"16398"
"Domingo Leyba","ARI","AA",22,358,0.097765363,0.12849162,0.760869565,0.26875,0.343575418,0.38125,0.724825418,0.1125,4.419404018525164,0.3,-0.137830117251724,45.21896607098861,3.6985104125527895,0.33404525215399333,105.23972361005234,"16404"
"Sergio Alcantara","DET","AA",21,494,0.085020242,0.192307692,0.442105263,0.271493212,0.334702258,0.332579185,0.667281443,0.061085973,4.521952021580786,0.341954022,-0.5388170543592423,52.85922753547605,-5.952390703211466,0.30972784720896696,85.36669742905296,"16417"
"Jason Martin","PIT","AA",22,289,0.096885813,0.211072664,0.459016393,0.325490196,0.391608391,0.521568627,0.913177018,0.196078431,6.133560534078335,0.395721925,-1.9621018629986793,52.26563996070844,17.859652772488413,0.40325431630645,151.1316928377873,"16429"
"Forrest Wall","COL","AA",22,337,0.089020771,0.261127596,0.34090909,0.234113712,0.317507418,0.367892976,0.685400394,0.133779264,7.263640740490378,0.307317073,1.069271338172257,37.49569237094959,-2.624784038843309,0.31512394149508605,88.54867487706386,"16496"
"Ryan McBroom","NYY","AA",26,111,0.063063063,0.243243243,0.259259259,0.323529411,0.378378378,0.509803921,0.888182299,0.18627451,3.816884878631564,0.408450704,-1.2607356070075184,19.26496694116444,6.050210616277166,0.3940195072780956,150.14811856995544,"16524"
"Shed Long Jr.","CIN","AA",22,522,0.109195402,0.235632183,0.463414634,0.261061946,0.353281853,0.411504424,0.764786277,0.150442478,6.547275551747772,0.333333333,0.8964130287058651,72.51024182026782,11.969242228917258,0.35037463165574656,116.70109962455777,"16542"
"Connor Joe","LAD","AA",25,248,0.153225806,0.229838709,0.666666666,0.303921568,0.425101214,0.553921568,0.979022782,0.25,2.7894080548176365,0.375,-0.7235033980687149,51.060434042824525,20.850298404110692,0.4331432882590815,166.793463236353,"16572"
"Jason Vosler","CHC","AA",24,282,0.131205673,0.24822695,0.528571428,0.238297872,0.351063829,0.476595744,0.827659573,0.238297872,3.257800056122771,0.280254777,-0.018530012108385563,43.17298491366747,10.46692766316774,0.3687630900314876,127.84558253719601,"16686"
"Jose Trevino","TEX","AA",25,201,0.064676616,0.134328358,0.481481481,0.233695652,0.283582089,0.331521739,0.615103828,0.097826087,2.676265053587964,0.25477707,-0.46885231498163193,16.409619997191076,-8.075207677734253,0.2790576637680851,64.13440758870085,"16725"
"Brian O'Grady","CIN","AA",26,214,0.126168224,0.191588785,0.658536585,0.258426966,0.353773584,0.471910112,0.825683696,0.213483146,6.333715768432617,0.294117647,0.2228072937577963,32.30204237297157,7.4825521190462485,0.3659743742920211,126.88684475541605,"16729"
"Braxton Lee","MIA","AA",24,127,0.125984251,0.149606299,0.842105263,0.218181818,0.314960629,0.3,0.614960629,0.081818182,4.337855424197608,0.252747252,0.08571744663640857,11.866412027370941,-2.8629116279959557,0.29143667268002127,83.47380948847744,"16839"
"John Nogowski","STL","AA",25,347,0.118155619,0.060518731,1.952380952,0.308724832,0.391930835,0.463087248,0.855018083,0.154362416,1.352331063306033,0.296296296,-0.9585330990375951,57.66699087257204,15.39716399098454,0.38390795212314177,132.3330477091083,"16852"
"Aramis Garcia","SFG","AA",25,328,0.060975609,0.231707317,0.263157894,0.232558139,0.286585365,0.395348837,0.681934202,0.162790698,2.5492766714285713,0.2718894,-0.4445110773667693,34.185172489975415,-4.863837190772568,0.3062077909708023,91.85231431460564,"16925"
"Jonah Heim","OAK","AA",23,154,0.064935064,0.142857142,0.454545454,0.182481751,0.238410596,0.233576642,0.471987238,0.051094891,2.2752100774999997,0.205128205,-0.02934920642292127,5.376445955572375,-13.383073755564443,0.22110868329243943,23.678716263530536,"16930"
"Lane Thomas","STL","AA",22,435,0.098850574,0.232183908,0.425742574,0.260416666,0.337182448,0.486979166,0.824161614,0.2265625,5.737684237667269,0.298113207,-1.3271254804567434,65.12770785992238,12.138155429113842,0.36348486111841355,118.89659951948377,"16939"
"Chadwick Tromp","CIN","AA",23,98,0.122448979,0.183673469,0.666666666,0.247058823,0.340206185,0.305882352,0.646088537,0.058823529,1.7544820021956828,0.313432835,-0.497727258130908,10.342583728164533,-1.0233510610162244,0.3071201965980923,88.45841245021698,"16953"
"Edmundo Sosa","STL","AA",22,279,0.032258064,0.186379928,0.173076923,0.275862068,0.307971014,0.429118773,0.737089787,0.153256705,3.2320304846739676,0.31862745,-0.7074086719658226,33.55593314572887,-0.43046944782419055,0.32696693207042804,94.87128123969717,"17022"
"Miguel Gomez","SFG","AA",25,201,0.03482587,0.139303482,0.25,0.3125,0.333333333,0.479166666,0.812499999,0.166666666,4.58343303996838,0.345679012,0.18064340902492404,28.976990672599225,5.047567057262806,0.35679238736629487,124.98753194518972,"17075"
"Monte Harrison","MIA","AA",22,583,0.075471698,0.368782161,0.204651162,0.239923224,0.315517241,0.399232245,0.714749486,0.159309021,6.831682062722675,0.368055555,1.4879825129173696,70.5268253995825,2.911111296599033,0.32712688291894976,106.77748786552608,"17216"
"Alex Jackson","ATL","AA",22,252,0.079365079,0.309523809,0.256410256,0.2,0.281746031,0.328888888,0.610634919,0.128888888,2.8095238025,0.279720279,-0.1688641025684774,21.427086121770806,-7.7996033361225665,0.280538542509079,75.84433495967995,"17276"
"Bobby Bradley","CLE","AA",22,421,0.106888361,0.249406175,0.428571428,0.21409214,0.304038004,0.476964769,0.781002773,0.262872629,3.468047597102383,0.226337448,0.16717795236036181,55.667500748433326,5.546668200887889,0.3416740301129915,114.46941152063835,"17278"
"Michael Chavis","BOS","AA",22,139,0.093525179,0.251798561,0.371428571,0.303278688,0.388489208,0.508196721,0.896685929,0.204918033,4.250443142076737,0.382716049,0.16685041063465178,25.0431324423683,8.494924071563513,0.40238861943320403,147.2230360782501,"17321"
"Cole Tucker","PIT","AA",21,589,0.093378607,0.176570458,0.528846153,0.25918762,0.332764505,0.355899419,0.688663924,0.096711799,7.3027751403000005,0.310096153,1.9419090375304222,65.54866591293903,-4.57287891011147,0.3151554458149492,93.42291477576372,"17326"
"Willi Castro","CLE","AA",21,524,0.064885496,0.208015267,0.311926605,0.262605042,0.316504854,0.397058823,0.713563677,0.134453781,6.329789459807468,0.323119777,1.2700196783989668,61.177782789273095,-1.205391212897469,0.3221125026389319,99.85215490365854,"17338"
"Jose Siri","CIN","AA",22,283,0.084805653,0.32155477,0.263736263,0.229249011,0.300353356,0.4743083,0.774661656,0.245059289,8.14795121562972,0.300653594,0.5894928611814976,37.63871995365262,4.816683776732679,0.3427151420512385,111.69988833774067,"17452"
"Kelvin Gutierrez","KCR","AA",23,513,0.070175438,0.210526315,0.333333333,0.275423728,0.329434697,0.400423728,0.729858425,0.125,6.820980542226718,0.335211267,2.2122590355575085,63.00819091162383,1.2051014270514107,0.3298757329554121,99.05750801290195,"17468"
"Narciso Crook","CIN","AA",22,186,0.096774193,0.220430107,0.43902439,0.285714285,0.362162162,0.378881987,0.741044149,0.093167702,4.773788112972547,0.363636363,-1.0088006746955216,24.26412940362431,2.6920490894649127,0.3394142807177875,109.54461353361313,"17473"
"Troy Stokes Jr.","MIL","AA",22,551,0.117967332,0.266787658,0.44217687,0.23340471,0.343012704,0.430406852,0.773419556,0.197002142,7.266561170879098,0.295081967,2.52641643024981,77.16340718746116,13.259018729924469,0.3518444089456038,120.82419568203838,"17478"
"Eloy Jimenez","CHW","AA",21,228,0.078947368,0.171052631,0.461538461,0.31707317,0.368421052,0.55609756,0.924518612,0.23902439,3.24388453375,0.34375,-0.18873046757653356,41.57914781975879,15.135952595950501,0.40669956306616467,156.43465592703404,"17484"
"Taylor Ward","LAA","AA",24,179,0.162011173,0.184357541,0.878787878,0.344594594,0.452513966,0.52027027,0.972784236,0.175675676,4.393999083096558,0.409090909,0.9764524539932609,36.976887292288055,16.216659463070144,0.4380790524268418,171.60435528380097,"17548"
"Myles Straw","HOU","AA",23,294,0.119047619,0.142857142,0.833333333,0.326693227,0.414383561,0.390438247,0.804821808,0.06374502,7.928822871475394,0.385714285,4.344046481070109,46.21884990652796,10.405221367084946,0.3727711302368608,131.72088591708498,"17620"
"Vimael Machin","CHC","AA",24,296,0.131756756,0.182432432,0.722222222,0.22,0.329931972,0.328,0.657931972,0.108,3.277313731083807,0.259067357,-0.2632802939042449,31.07906951882755,-3.2506927015551406,0.30642065846223604,87.1395187508758,"17684"
"Skye Bolt","OAK","AA",24,315,0.085714285,0.238095238,0.36,0.25614035,0.324840764,0.445614035,0.770454799,0.189473685,6.647540801655375,0.315,1.5084257485577837,41.77534098802978,3.403596124340832,0.3422800953776692,103.39796151244529,"17723"
"Richie Martin","OAK","AA",23,509,0.086444007,0.168958742,0.511627906,0.30022075,0.367588932,0.439293598,0.80688253,0.139072848,7.021377842146522,0.357142857,0.6144364748615772,75.03618817684863,13.03232107964966,0.3606325088154014,115.47210113477612,"17736"
"Josh Lester","DET","AA",23,539,0.113172541,0.218923933,0.516949152,0.258620689,0.345724907,0.454741379,0.800466286,0.19612069,3.420377707162728,0.297297297,0.14277181215584278,77.1256515061512,12.956699622239103,0.35543235064892287,115.3052316093052,"17737"
"Braden Bishop","SEA","AA",24,394,0.093908629,0.172588832,0.544117647,0.284057971,0.36061381,0.411594202,0.772208012,0.127536231,4.344835114725593,0.330882352,0.042413664457853884,54.96403989666536,6.968905051289345,0.3508153446495076,123.93858632272213,"17806"
"Drew Jackson","LAD","AA",24,410,0.109756097,0.226829268,0.483870967,0.251461988,0.356435643,0.447368421,0.803804064,0.195906433,5.9206151000879235,0.298319327,1.321584808465559,60.41099607613923,10.466820221813926,0.3605395675297115,119.02713189462327,"17807"
"Luis Alexander Basabe","CHW","AA",21,270,0.111111111,0.281481481,0.394736842,0.251082251,0.339622641,0.393939393,0.733562034,0.142857142,7.036109443385525,0.34437086,-0.05846657231450081,34.62240670799539,3.3080965745382067,0.3365353480824884,110.62141222206287,"17839"
"Brendan Rodgers","COL","AA",21,402,0.074626865,0.189054726,0.394736842,0.274509803,0.341645885,0.492997198,0.834643083,0.218487395,5.225997181032784,0.301115241,1.1127543109469116,61.74703839579428,13.888191165121434,0.36874222978949545,122.87792775200353,"17907"
"Isan Diaz","MIA","AA",22,356,0.148876404,0.266853932,0.557894736,0.244897959,0.365439093,0.418367346,0.783806439,0.173469387,4.727710147042535,0.324607329,0.46377446455881,51.684338959624505,10.395841154029112,0.35850425340511183,127.2651270593537,"17922"
"Cedric Mullins","BAL","AA",23,218,0.068807339,0.128440366,0.535714285,0.313432835,0.362385321,0.51243781,0.874823131,0.199004975,8.024085788625065,0.339285714,1.3605384957045317,36.65765809736194,10.704352882718464,0.3871756111263135,134.9425519594504,"17929"
"Sam Hilliard","COL","AA",24,484,0.084710743,0.311983471,0.271523178,0.262068965,0.327083333,0.388505747,0.71558908,0.126436782,5.927828901073078,0.379061371,-1.2734739368315786,57.29342351588641,-0.3276761349734262,0.32413072728212905,93.65535903065556,"17954"
"Ty France","SDP","AA",23,479,0.068893528,0.146137787,0.471428571,0.262650602,0.349372384,0.448192771,0.797565155,0.185542169,3.908078906211786,0.276276276,-1.218604335328564,69.00725936927634,10.657844163857268,0.35647361556521984,124.08858556283926,"17982"
"Mark Mathias","CLE","AA",23,476,0.123949579,0.197478991,0.627659574,0.231738035,0.338266384,0.370277078,0.708543462,0.138539043,5.922863328686398,0.277227722,1.316869015339762,56.57191969393697,-0.09676508666072256,0.3247306960656638,103.3707549917525,"18032"
"Jake Cronenworth","TBR","AA",24,470,0.091489361,0.14680851,0.623188405,0.253588516,0.323404255,0.344497607,0.667901862,0.090909091,7.472802384027085,0.29059829,2.56775373313576,50.14519059404286,-4.364904823456681,0.3086176517161917,91.30811510621307,"18036"
"Dylan Moore","MIL","AA",25,91,0.076923076,0.175824175,0.4375,0.373493975,0.428571428,0.638554216,1.067125644,0.265060241,7.375479797523104,0.4375,0.7088948814198375,21.04492435677763,10.490842052538355,0.47007810545491646,198.0240781802739,"18042"
"Sam Haggerty","CLE","AA",24,351,0.162393162,0.219373219,0.74025974,0.242857142,0.372832369,0.396428571,0.76926094,0.153571429,7.650586708269992,0.31372549,1.8474832368083298,49.500933624970685,7.713731192219031,0.3528209143790646,121.77112908642633,"18054"
"Kyle Garlick","LAD","AA",26,85,0.070588235,0.388235294,0.181818181,0.282051282,0.329411764,0.525641025,0.855052789,0.243589743,1.14829192125,0.414634146,-0.017988223291467875,13.321526808837662,2.9672464487946133,0.37217198610305785,126.68015510470488,"18063"
"Austin Allen","SDP","AA",24,498,0.074297188,0.194779116,0.381443298,0.290465631,0.351405622,0.505543237,0.856948859,0.215077606,1.5357418526867996,0.325373134,-1.3866752244648524,79.00174664693533,18.337845243388994,0.3745458557687957,135.97839788897434,"18083"
"Nathan Lukes","TBR","AA",23,484,0.064049586,0.19214876,0.333333333,0.278160919,0.330543933,0.4,0.730543933,0.121839081,5.290508406626574,0.336257309,-0.21739749237895012,60.164105431765094,4.030305044382585,0.3314478581919331,106.21494208847587,"18123"
"LaMonte Wade Jr.","MIN","AA",24,201,0.129353233,0.099502487,1.3,0.298245614,0.393034825,0.444444444,0.837479269,0.14619883,4.795912261742808,0.301369863,-0.03518723137676716,32.67192048153016,9.36015627106759,0.3810130614042282,132.83480080965916,"18126"
"Ka'ai Tom","CLE","AA",24,484,0.095041322,0.210743801,0.450980392,0.244655581,0.329192546,0.399049881,0.728242427,0.1543943,5.62463464172543,0.290734824,-1.6098860388156027,59.54884465865113,1.9277450077912934,0.3300324818158051,106.84366645452566,"18136"
"Patrick Mazeika","NYM","AA",24,341,0.114369501,0.102639296,1.114285714,0.230508474,0.328445747,0.362711864,0.691157611,0.13220339,0.98469387125,0.233201581,-0.03787159686908126,38.96461776350508,-1.632066081418893,0.318926627145094,97.72432070057768,"18142"
"Seth Brown","OAK","AA",25,555,0.084684684,0.255855855,0.330985915,0.282868525,0.342342342,0.454183266,0.796525608,0.171314741,4.559824028227635,0.364672364,0.8731357032665983,78.5566231205035,10.94926312257536,0.35334624667460307,110.67843480247639,"18171"
"Nick Dini","KCR","AA",24,304,0.039473684,0.210526315,0.1875,0.239285714,0.287128712,0.360714285,0.647842997,0.121428571,5.174645646050329,0.279620853,0.9093724882113747,28.16198885132905,-8.86979031870727,0.2926969561639792,72.42575034497712,"18206"
"Brett Sullivan","TBR","AA",24,466,0.072961373,0.118025751,0.618181818,0.266033254,0.321888412,0.380047505,0.701935917,0.114014251,5.581377077303467,0.286885245,0.16754986718297005,53.64101834590014,-0.4051613659185511,0.31952795373523696,98.43192209827656,"18217"
"Austin Dean","MIA","AA",24,88,0.068181818,0.079545454,0.857142857,0.419753086,0.46590909,0.654320987,1.120230077,0.234567901,2.9570463275,0.436619718,-0.09602076420560479,22.16897353101428,11.962828006035645,0.4968526234680956,217.59874791373934,"18288"
"Daz Cameron","DET","AA",21,226,0.110619469,0.234513274,0.471698113,0.285,0.367256637,0.47,0.837256637,0.185,7.3108319070729735,0.366197183,0.2948465992230922,35.96088716530468,9.055167080399057,0.37573241211671743,128.60269768752704,"18353"
"Austin Riley","ATL","AA",21,109,0.073394495,0.256880733,0.285714285,0.333333333,0.394495412,0.676767676,1.071263088,0.343434343,3.9821428525,0.415384615,-0.0728433383628726,24.55257216571825,11.910869185915162,0.4622884186628823,194.51667201240255,"18360"
"Jermaine Palacios","TBR","AA",21,180,0.061111111,0.233333333,0.261904761,0.18902439,0.240223463,0.262195121,0.502418584,0.073170731,4.638460731352107,0.241935483,-0.932646275497973,8.718486706011156,-12.157720049626967,0.23311037924036634,42.006158599788215,"18371"
"Ryan Mountcastle","BAL","AA",21,428,0.060747663,0.184579439,0.329113924,0.296954314,0.341121495,0.464467005,0.8055885,0.167512691,4.9770836706254515,0.338762214,0.35455408971756697,61.68488867707811,10.7306931180533,0.356741017578913,115.00650516751944,"18373"
"Trey Amburgey","NYY","AA",23,517,0.042553191,0.208897485,0.203703703,0.257796257,0.299806576,0.417879417,0.717685993,0.16008316,5.437956755082181,0.298342541,1.52107697352767,59.81538019582328,-1.7344307948679007,0.32073936633030725,102.14628419095845,"18425"
"P.J. Higgins","CHC","AA",25,160,0.075,0.16875,0.444444444,0.24137931,0.30625,0.310344827,0.616594827,0.068965517,4.095531668409211,0.288135593,0.06093544792383909,14.526346445508542,-4.0302817817253445,0.28800626546144487,75.11596693859326,"18433"
"Chris Gittens","NYY","AA",24,213,0.126760563,0.305164319,0.415384615,0.196721311,0.300469483,0.338797814,0.639267297,0.142076503,1.5299409158163266,0.263157894,-0.43693675799295306,20.604600331363578,-4.753445589366056,0.29672453688903594,86.4154756721662,"18482"
"Trent Grisham","MIL","AA",21,405,0.155555555,0.214814814,0.724137931,0.23283582,0.355721393,0.337313432,0.693034825,0.104477612,5.085193478091737,0.292181069,0.5743758250027895,49.39060358998909,2.4191383898033156,0.3283968994866556,105.51430494404146,"18564"
"Luis Arraez","MIN","AA",21,195,0.066666666,0.082051282,0.8125,0.297752808,0.345360824,0.365168539,0.710529363,0.067415731,3.763823544120525,0.314814814,0.2079584775492549,23.25399401999284,0.6381033680515417,0.32489623368712905,96.19370242707963,"18568"
"Ke'Bryan Hayes","PIT","AA",21,508,0.112204724,0.16535433,0.678571428,0.292906178,0.375,0.443935926,0.818935926,0.151029748,6.041905950000204,0.34375,0.2599205709993839,78.23353796493794,17.75519370329166,0.3692531657833902,128.85938856825626,"18577"
"Jared Walsh","LAA","AA",24,173,0.121387283,0.277456647,0.4375,0.288590604,0.38150289,0.536912751,0.918415641,0.248322147,3.0180196502003174,0.372340425,0.05431332625448704,31.620524158981343,11.556169888284703,0.4072347525940385,151.4647809227371,"18607"
"Ramon Urias","STL","AA",24,194,0.092783505,0.149484536,0.620689655,0.333333333,0.40625,0.589285714,0.995535714,0.255952381,2.1712450218099004,0.360902255,-0.6988879346172325,40.06969789114936,16.437575657639346,0.43395680220176774,165.26042294707085,"18795"
"Josh Naylor","SDP","AA",21,574,0.111498257,0.120209059,0.927536231,0.297405189,0.383275261,0.447105788,0.830381049,0.149700599,2.8442397823280663,0.316546762,-1.289350141538307,89.37265718515522,19.450810989099818,0.37090413098621705,133.58248992623447,"18839"
"Jahmai Jones","LAA","AA",20,212,0.113207547,0.240566037,0.470588235,0.244565217,0.33490566,0.375,0.70990566,0.130434783,8.632470116889401,0.32330827,1.6128741321153939,25.54562314765095,0.9580907465660499,0.3265124725283317,98.75772092168759,"18872"
"Brandon Lowe","TBR","AA",23,240,0.145833333,0.229166666,0.636363636,0.291457286,0.4,0.507537688,0.907537688,0.216080402,5.480866166781587,0.35971223,0.5615017167292535,43.50630626509384,15.671363924243003,0.40528884367962764,154.42890791635585,"18882"
"Seby Zavala","CHW","AA",24,232,0.11637931,0.280172413,0.415384615,0.271356783,0.35775862,0.472361809,0.830120429,0.201005026,1.39285714,0.338582677,-0.21521895425394177,36.221077406390734,9.313966476901598,0.37268990612235564,134.22828331598612,"18887"
"Danny Mendick","CHW","AA",24,529,0.107750472,0.170132325,0.633333333,0.247240618,0.339658444,0.395143487,0.734801931,0.147902869,4.156355069817199,0.275280898,-0.5137240048497915,68.15198964606016,6.799137569768127,0.3373138081190482,111.12970237221693,"18889"
"Lucius Fox","TBR","AA",20,120,0.066666666,0.166666666,0.4,0.221153846,0.284482758,0.298076923,0.582559681,0.076923077,7.075043756269453,0.258823529,0.29725520499050617,9.320852650333677,-4.596618520091738,0.27100633855523737,66.75006573150446,"18899"
"Yusniel Diaz","LAD","AA",21,416,0.141826923,0.161057692,0.880597014,0.285310734,0.391826923,0.449152542,0.840979465,0.163841808,5.318852200624461,0.326086956,-3.184465058555361,67.99888814288417,17.743828960240272,0.38029102426796146,131.575190217367,"18905"
"Corey Ray","MIL","AA",23,600,0.1,0.293333333,0.34090909,0.238721804,0.323333333,0.477443609,0.800776942,0.238721805,8.004908586836276,0.303030303,4.154305683448911,86.03659582138958,16.4492399692625,0.3561888421141861,123.66086356977183,"19170"
"Zack Collins","CHW","AA",23,531,0.190207156,0.297551789,0.639240506,0.23444976,0.381852551,0.40430622,0.786158771,0.16985646,3.6378624327804117,0.329365079,0.4702302813529968,78.95452997943485,17.369720050302398,0.3630530750502671,127.93598045829796,"19181"
"Will Smith","LAD","AA",23,307,0.117263843,0.244299674,0.48,0.264150943,0.358306188,0.532075471,0.890381659,0.267924528,3.9445943250696716,0.294797687,0.7271003701607697,52.63716444101942,15.239940081805118,0.39044256260806653,138.70045382184253,"19197"
"Taylor Kohlwey","SDP","AA",23,240,0.104166666,0.241666666,0.431034482,0.264705882,0.358649789,0.431372549,0.790022338,0.166666667,5.202487528164685,0.338028169,-0.9646396624739282,34.55914993553528,5.323534801296078,0.35638829223214324,124.03245093836031,"19212"
"Lourdes Gurriel Jr.","TOR","AA",24,65,0.046153846,0.123076923,0.375,0.322033898,0.353846153,0.508474576,0.862320729,0.186440678,4.852003369731071,0.333333333,-0.22305050282739103,10.410290891226209,2.6719200703462733,0.37704873176721426,130.13742408661986,"19238"
"Chris Okey","CIN","AA",23,285,0.059649122,0.252631578,0.236111111,0.197718631,0.257042253,0.304182509,0.561224762,0.106463878,2.958366933822524,0.252688172,0.21789166005328298,19.833126817696627,-13.22086721206373,0.26052859866283307,58.03674762707798,"19245"
"Trent Giambrone","CHC","AA",24,456,0.100877192,0.195175438,0.516853932,0.251256281,0.332594235,0.439698492,0.772292727,0.188442211,5.814082965684847,0.281355932,1.193936453666538,62.42850875707793,9.542118309461353,0.34777733278699335,114.14307605010634,"19250"
"Pete Alonso","NYM","AA",23,273,0.157509157,0.183150183,0.86,0.313636363,0.439560439,0.572727272,1.012287711,0.259090909,1.6625228447387066,0.343949044,-0.8696655607782304,58.360182662295195,25.85902521459946,0.4449514442019992,180.2763234364776,"19251"
"Cavan Biggio","TOR","AA",23,563,0.177619893,0.262877442,0.675675675,0.251670378,0.387900355,0.498886414,0.886786769,0.247216036,5.978524986587724,0.307420494,0.605496920645237,97.14515722438449,30.11896072968596,0.3927414551857979,140.4168736175776,"19252"
"Garrett Hampson","COL","AA",23,172,0.122093023,0.098837209,1.235294117,0.304054054,0.390532544,0.466216216,0.85674876,0.162162162,8.25926081053537,0.322834645,3.3622217075899243,28.9367501124434,8.459830401807258,0.38728012664783634,135.0210956446939,"19262"
"Will Craig","PIT","AA",23,549,0.076502732,0.233151183,0.328125,0.247916666,0.320582877,0.447916666,0.768499543,0.2,4.843637563969029,0.287790697,-0.0990279815159738,72.20701055139288,6.84754007965311,0.3407846646804879,110.21122199426647,"19267"
"Randy Arozarena","STL","AA",23,102,0.058823529,0.245098039,0.24,0.395604395,0.455445544,0.681318681,1.136764225,0.285714286,5.917344973013696,0.491525423,0.49190493568312377,26.159845964625312,13.734709532573653,0.49586966722318443,205.9931897422092,"19290"
"Armando Alvarez","NYY","AA",23,390,0.064102564,0.123076923,0.520833333,0.26183844,0.313624678,0.44011142,0.753736098,0.17827298,4.4209241337007095,0.274834437,-0.05082300421781838,49.934897525005354,3.5046725997257333,0.3363691900873552,112.38453157497055,"19292"
"Nick Solak","TBR","AA",23,565,0.120353982,0.198230088,0.607142857,0.282426778,0.384070796,0.449790794,0.83386159,0.167364016,6.0660305154283165,0.329545454,1.1805259054526687,91.56681429470412,26.03872086728445,0.3803887017005313,138.17053072162597,"19294"
"Alex Call","CHW","AA",23,269,0.092936802,0.278810408,0.333333333,0.241525423,0.324626865,0.411016949,0.735643814,0.169491526,3.6690228661309785,0.32051282,-0.21030332054942846,34.17684184997557,2.9785106429385895,0.3350063282162396,109.62304917077674,"19296"
"Donovan Walton","SEA","AA",24,238,0.088235294,0.142857142,0.617647058,0.235576923,0.324894514,0.326923076,0.65181759,0.091346153,4.090684060130577,0.275862068,0.11789321363903582,23.93933739393095,-5.052647614189588,0.30255272832967467,92.18638272498902,"19314"
"Matt Thaiss","LAA","AA",23,176,0.09090909,0.198863636,0.457142857,0.286624203,0.352272727,0.490445859,0.842718586,0.203821656,5.213399016672407,0.330508474,-0.15070422552525997,27.899897764068584,7.487606714111307,0.3757964914495295,130.93738359050727,"19318"
"Bryan Reynolds","PIT","AA",23,383,0.11227154,0.190600522,0.589041095,0.302114803,0.381201044,0.438066465,0.819267509,0.135951662,4.440819423188603,0.361867704,-0.9119794007856399,58.503067038472,12.906205124671763,0.36766562461853025,127.81947670291551,"19326"
"Jose Rojas","LAA","AA",25,352,0.102272727,0.213068181,0.48,0.304487179,0.380681818,0.554487179,0.935168997,0.25,5.820306864918796,0.352941176,-0.12468778900802135,66.32120085386323,25.49661875394868,0.4145383338982563,156.23360432205888,"19331"
"Yadiel Hernandez","WSN","AA",30,129,0.155038759,0.139534883,1.111111111,0.314814814,0.426356589,0.537037037,0.963393626,0.222222223,2.5729731822189144,0.325301204,-0.0339911833871156,25.7200518319928,10.3623620490157,0.42672257536039576,164.777006092868,"19334"
"Nicky Lopez","KCR","AA",23,325,0.101538461,0.07076923,1.434782608,0.330960854,0.39747634,0.416370106,0.813846446,0.085409252,6.0271285367250895,0.351351351,-0.006296585721429437,50.43802892920772,10.848133434925476,0.370274689671369,123.4645082244391,"19339"
"Eli White","OAK","AA",24,578,0.107266435,0.200692041,0.534482758,0.305555555,0.387543252,0.450396825,0.837940077,0.14484127,6.321853693723927,0.378590078,-0.3943446157500148,92.84551152038694,22.4364050720942,0.37701909349943985,126.25291272010394,"19346"
"DJ Peters","LAD","AA",22,559,0.080500894,0.343470483,0.234375,0.236252545,0.320214669,0.472505091,0.79271976,0.236252546,3.8432515370441793,0.316363636,-0.7680005820002407,77.7374270195863,9.642806769420835,0.35027281638761326,112.27258774826292,"19348"
"Sean Murphy","OAK","AA",23,289,0.079584775,0.162629757,0.489361702,0.287937743,0.357638888,0.498054474,0.855693362,0.210116731,5.924784055127055,0.323529411,0.5384613503119908,46.08510567716186,10.880552453015493,0.3755701934541022,125.29967452581603,"19352"
"Luke Raley","MIN","AA",23,551,0.065335753,0.248638838,0.262773722,0.274793388,0.350272232,0.47107438,0.821346612,0.196280992,6.277234991590167,0.338323353,0.5799705373356119,83.0053123813411,16.562204485787994,0.3648823369633068,121.9644730729821,"19354"
"Lucas Erceg","MIL","AA",23,508,0.072834645,0.161417322,0.451219512,0.248380129,0.305719921,0.382289416,0.688009337,0.133909287,3.079417891950934,0.274193548,-0.19572272431105375,55.47057809052086,-3.446716530946733,0.3118607764196868,94.71715662308199,"19360"
"Austin Hays","BAL","AA",22,288,0.041666666,0.204861111,0.20338983,0.241758241,0.270833333,0.432234432,0.703067765,0.190476191,5.203846165815763,0.263414634,-0.06915149954147637,30.475360929705754,-3.8115743997315006,0.30822673803422507,83.22743949432825,"19363"
"Zach McKinstry","LAD","AA",23,87,0.045977011,0.24137931,0.19047619,0.192771084,0.229885057,0.313253012,0.543138069,0.120481928,3.25396824625,0.233333333,-0.014201228914316744,4.642432738696718,-5.9554777474649905,0.24398834061348576,42.34752832558065,"19392"
"Jake Rogers","DET","AA",23,408,0.100490196,0.274509803,0.366071428,0.21875,0.305418719,0.411931818,0.717350537,0.193181818,5.238231537405864,0.260869565,0.9458106465172023,47.74387924859248,-0.8292791347769632,0.322413973473563,93.67668870347015,"19452"
"Tommy Edman","STL","AA",23,498,0.070281124,0.152610441,0.460526315,0.298672566,0.350202429,0.402654867,0.752857296,0.103982301,6.721694009107851,0.344919786,3.1399991304497235,65.28299434307473,4.619092939528397,0.3403829596785881,103.69774927168518,"19470"
"Alex De Goti","HOU","AA",23,387,0.046511627,0.167958656,0.276923076,0.282122905,0.329015544,0.44972067,0.778736214,0.167597765,4.254190895301599,0.316901408,-1.6389121336396784,52.5880042773999,5.445574873439186,0.34633061089046263,114.32554315420964,"19477"
"Kyle Lewis","SEA","AA",22,152,0.111842105,0.210526315,0.53125,0.219696969,0.309210526,0.371212121,0.680422647,0.151515152,3.2439051947812865,0.25510204,0.16686380218015984,16.12170220649133,-2.3941873785268286,0.3093466648929997,96.65614573077394,"19508"
"Andrew Knizner","STL","AA",23,313,0.073482428,0.127795527,0.575,0.313167259,0.365384615,0.434163701,0.799548316,0.120996442,1.6724643435889641,0.338912133,-0.5133494989131577,45.40159777033544,7.27348303276516,0.35769858295127893,115.08977973958557,"19514"
"Andrew Young","STL","AA",24,152,0.046052631,0.171052631,0.269230769,0.318518518,0.394736842,0.555555555,0.950292397,0.237037037,2.827291495076396,0.34,-0.8941541946260259,29.537831574927406,11.02194198990925,0.4188060634183568,155.29268022630902,"19521"
"TJ Friedl","CIN","AA",22,296,0.094594594,0.189189189,0.5,0.275862068,0.359322033,0.360153256,0.719475289,0.084291188,7.622610142006087,0.344827586,1.4802278685383499,37.22256272988338,2.8928005095006917,0.3333219328431139,105.56665670786056,"19522"
"Jacob Robson","DET","AA",23,311,0.125401929,0.250803858,0.5,0.286259541,0.381578947,0.450381679,0.831960626,0.164122138,6.497409112542818,0.382022471,0.49938209913671017,49.25489808717603,12.229770005735103,0.37479130025731017,127.98622649870161,"19528"
"Taylor Jones","HOU","AA",24,367,0.122615803,0.212534059,0.576923076,0.313915857,0.408719346,0.52750809,0.936227436,0.213592233,3.2255878524760333,0.376681614,0.2977511577773839,69.0778444423357,24.3717162995616,0.4112352424270504,157.02660729313612,"19533"
"Jaylin Davis","MIN","AA",23,267,0.078651685,0.258426966,0.304347826,0.275,0.34082397,0.425,0.76582397,0.15,5.030357812852394,0.359281437,-0.038498292211443186,36.490823902181596,5.5244505479850465,0.3474729076753395,110.93498710774202,"19552"
"Yordan Alvarez","HOU","AA",21,190,0.1,0.236842105,0.422222222,0.325443786,0.389473684,0.615384615,1.004858299,0.289940829,4.674495403155662,0.377192982,0.10489907168084756,38.82108734833321,15.67622536706051,0.43119957979689255,170.16123929609617,"19556"
"Zack Short","CHC","AA",23,524,0.156488549,0.259541984,0.602941176,0.22706422,0.355640535,0.417431192,0.773071727,0.190366972,4.444701139945325,0.28975265,-0.06866797478869557,74.59185320657808,13.818895762387102,0.35483637846820415,118.75223158891015,"19562"
"Nate Mondou","OAK","AA",23,196,0.096938775,0.132653061,0.73076923,0.254545454,0.345360824,0.296969696,0.64233052,0.042424242,2.5720901243638226,0.293706293,-0.08210678934119642,20.03162934293232,-3.8441230166963583,0.3045577053556737,78.58022265979034,"19563"
"Nathaniel Lowe","TBR","AA",22,225,0.155555555,0.133333333,1.166666666,0.340425531,0.444444444,0.606382978,1.050827422,0.265957447,1.9270207585269534,0.349315068,-0.443413931876421,50.347928655806186,24.25267021125854,0.46036446148453797,190.39015541674084,"19566"
"Nick Heath","KCR","AA",24,125,0.104,0.264,0.393939393,0.257142857,0.336134453,0.342857142,0.678991595,0.085714285,9.436879087472885,0.369863013,1.9678105775965378,13.599235687465434,-1.6276471949508136,0.31273230534641683,85.60710135538659,"19577"
"Chas McCormick","HOU","AA",23,282,0.085106382,0.113475177,0.75,0.28,0.343971631,0.352,0.695971631,0.072,5.2941740884811095,0.307692307,0.6192656352650374,32.214754620237905,-2.1370931624931497,0.31948215995274537,96.66182026756155,"19599"
"Keibert Ruiz","LAD","AA",19,415,0.062650602,0.079518072,0.787878787,0.267904509,0.327710843,0.400530503,0.728241346,0.132625994,1.4695008545481438,0.265671641,-0.5284974764217623,50.3463740305259,-0.20687713909604272,0.32826213301091955,97.79165502653602,"19610"
"Vladimir Guerrero Jr.","TOR","AA",19,266,0.078947368,0.101503759,0.777777777,0.401709401,0.449056603,0.67094017,1.119996773,0.269230769,3.5792298578993194,0.40201005,-0.6813545785844326,64.35531945979844,32.68752502358209,0.48062028563939607,197.98151541949662,"19611"
"Bo Bichette","TOR","AA",20,595,0.080672268,0.169747899,0.475247524,0.285714285,0.343434343,0.452690166,0.796124509,0.166975881,7.597547508894527,0.331018518,1.7653803299181163,84.91753013492483,14.081674159177721,0.35496156844883703,115.66932479262417,"19612"
"Luis Barrera","OAK","AA",22,144,0.0625,0.125,0.5,0.328244274,0.377622377,0.450381679,0.828004056,0.122137405,8.898475636250685,0.377192982,1.2843309588497505,22.38563366236654,4.8442645818230226,0.3705994245055672,122.02938211884778,"19615"
"Brent Rooker","MIN","AA",23,568,0.098591549,0.264084507,0.373333333,0.254473161,0.332746478,0.465208747,0.797955225,0.210735586,4.889446048766967,0.31641791,0.3711666762828827,81.45251785394234,15.576487647262052,0.35619920312830833,116.6327619680672,"19627"
"Jack Kruger","LAA","AA",23,180,0.022222222,0.172222222,0.129032258,0.304597701,0.327777777,0.442528735,0.770306512,0.137931034,4.330631058143674,0.352517985,-0.5557217802852392,24.532048860601154,3.6558421049630314,0.34697961012522377,112.12159826126506,"19634"
"Daniel Johnson","WSN","AA",22,391,0.058823529,0.230179028,0.255555555,0.266853932,0.32133676,0.410112359,0.731449119,0.143258427,8.02689711096767,0.338403041,2.4972781513351947,47.814846090579955,1.2655693065175693,0.3290874407959475,100.8215401464672,"19643"
"Ben DeLuzio","ARI","AA",23,295,0.084745762,0.244067796,0.347222222,0.262357414,0.33559322,0.353612167,0.689205387,0.091254753,8.47963345626145,0.35078534,2.8833351200446486,33.93046506568115,-0.2833182282813316,0.3194100630485405,95.68377710210042,"19644"
"Zach Reks","LAD","AA",24,296,0.114864864,0.246621621,0.465753424,0.288461538,0.368243243,0.384615384,0.752858627,0.096153846,4.017515344853433,0.387096774,-0.35921950032934546,39.08668297393344,3.0294243083717687,0.3415725660405468,106.54865188576015,"19667"
"Mike Brosseau","TBR","AA",24,417,0.069544364,0.177458033,0.391891891,0.262162162,0.326923076,0.448648648,0.775571724,0.186486486,5.872422278916106,0.289655172,0.26869009528309107,56.437117341450325,8.073905024222002,0.345750421717547,115.55370300181644,"19683"
"Jake Noll","WSN","AA",24,260,0.053846153,0.15,0.358974358,0.278481012,0.328185328,0.358649789,0.686835117,0.080168777,4.989597319605131,0.318181818,0.35422654799185693,28.16758192026141,-2.7859013632583376,0.31141780044318174,89.24711986315714,"19703"
"Fernando Tatis Jr.","SDP","AA",19,394,0.083756345,0.276649746,0.302752293,0.28611898,0.355329949,0.507082152,0.862412101,0.220963172,7.716531765357031,0.369565217,0.9816560358158313,64.04441410184057,16.049279256464555,0.37939631256438394,139.1695363613459,"19709"
"Ronnie Dawson","HOU","AA",23,123,0.048780487,0.276422764,0.176470588,0.289473684,0.341463414,0.517543859,0.859007273,0.228070175,6.668593039554482,0.364864864,-0.10336133028613403,19.87773507330236,4.89448231700477,0.37822851078297065,135.31132239616124,"19710"
"Darick Hall","PHI","AA",22,331,0.054380664,0.238670694,0.227848101,0.223728813,0.296072507,0.416949152,0.713021659,0.193220339,3.588989372833354,0.248780487,0.1701235210057348,37.89391813015282,-1.5122471269434672,0.31920195402521073,89.16168643661192,"19717"
"Joe Dunand","MIA","AA",22,239,0.066945606,0.297071129,0.225352112,0.211981566,0.276150627,0.368663594,0.644814221,0.156682028,1.971537927103339,0.276595744,-0.5573263531550765,22.7603673215591,-4.958596092871517,0.2937636794405502,84.99321261795065,"19727"
"Josh Rojas","HOU","AA",24,451,0.117516629,0.168514412,0.697368421,0.251282051,0.337777777,0.384615384,0.722393161,0.133333333,6.808486401782163,0.290734824,-0.8649958230671473,54.39925150921289,-0.5393419305449328,0.3273972855644396,101.8692188523927,"19734"
"Rylan Bannon","BAL","AA",22,122,0.180327868,0.196721311,0.916666666,0.204081632,0.344262295,0.326530612,0.670792907,0.12244898,1.70535714,0.243243243,-0.014307047706097364,13.803698453602525,-0.7206283178952,0.31750731683168254,89.306641862323,"19768"
"Esteban Quiroz","BOS","AA",26,104,0.125,0.182692307,0.684210526,0.298850574,0.413461538,0.597701149,1.011162687,0.298850575,3.0559149670908443,0.311475409,-0.22852084459736943,22.03185030403711,9.65045699062921,0.4425085933463087,173.50344872700137,"19780"
"Abraham Toro","HOU","AA",21,202,0.084158415,0.227722772,0.369565217,0.230337078,0.316831683,0.370786516,0.687618199,0.140449438,4.487611543363192,0.297709923,-0.7175625681411475,21.855051982584314,-2.7515907554003434,0.311987530532761,91.73106811654084,"19844"
"Luis Rengifo","LAA","AA",21,181,0.127071823,0.121546961,1.045454545,0.304635761,0.419889502,0.476821192,0.896710694,0.172185431,8.981182274665063,0.346456692,1.604545522481203,32.507326505749624,11.515140823691294,0.40311421035380846,148.77430108351697,"19858"
"Adam Haseley","PHI","AA",22,159,0.10062893,0.119496855,0.842105263,0.31617647,0.402515723,0.477941176,0.880456899,0.161764706,1.8899210533163266,0.327433628,-0.43861994007602334,28.017583625173696,9.088338078713544,0.39737942833570566,140.37149751891346,"19878"
"Jesus Sanchez","TBR","AA",20,110,0.1,0.19090909,0.523809523,0.214285714,0.3,0.326530612,0.626530612,0.112244898,3.4095306542270816,0.263157894,-0.28117195097729564,10.064150734839586,-2.6935311713837105,0.2889169460042901,78.44467421758849,"19913"
"Ryan McKenna","BAL","AA",21,250,0.116,0.224,0.517857142,0.239436619,0.341463414,0.338028169,0.679491583,0.09859155,5.763832000714088,0.311688311,0.35422654799185693,28.60034034619615,-1.1626243494959136,0.31909838754956316,90.34886574586322,"19928"
"Cristian Pache","ATL","AA",19,109,0.045871559,0.256880733,0.178571428,0.259615384,0.293577981,0.336538461,0.630116442,0.076923077,3.911535863713664,0.346666666,-0.8994337520562112,9.947658506017172,-2.694044473785914,0.28861966865872024,81.12085094137036,"19948"
"Andres Gimenez","NYM","AA",19,153,0.058823529,0.143790849,0.409090909,0.277372262,0.34437086,0.357664233,0.702035093,0.080291971,6.909070414199579,0.330434782,0.7346356720663607,18.239473763426027,0.02453936966248694,0.3251912850417838,101.8279573326665,"19950"
"Khalil Lee","KCR","AA",20,118,0.093220338,0.237288135,0.392857142,0.245098039,0.330434782,0.352941176,0.683375958,0.107843137,3.499656638523448,0.319444444,-0.47995295975124463,13.184193728876226,-1.1899837121247137,0.3163740520891936,88.00302376584472,"19952"
"Gavin Lux","LAD","AA",20,120,0.116666666,0.166666666,0.7,0.323809523,0.408333333,0.495238095,0.903571428,0.171428572,4.840952656441226,0.37037037,-0.4865801999112591,21.500019359255134,6.882211792135533,0.40000434346118213,144.99119468000586,"19955"
"Carter Kieboom","WSN","AA",20,273,0.08058608,0.216117216,0.372881355,0.262096774,0.326007326,0.39516129,0.721168616,0.133064516,4.411345549147041,0.324324324,0.15590972709469497,33.083124019285364,0.5819665715896362,0.327687973067874,99.90482495961189,"19958"
"Bobby Dalbec","BOS","AA",23,124,0.048387096,0.370967741,0.130434782,0.261261261,0.322580645,0.513513513,0.836094158,0.252252252,3.241995065,0.37704918,-0.010099092498421669,18.542720350042167,3.7802898609789017,0.36359837627023217,121.81365771533648,"19966"
"Santiago Espinal","TOR","AA",23,164,0.085365853,0.134146341,0.636363636,0.285714285,0.353658536,0.394557823,0.748216359,0.108843538,4.99548288089343,0.328,-0.035253569949418306,21.664716212400226,2.1402113720262332,0.3415158281965954,106.86175171288659,"19997"
"Keston Hiura","MIL","AA",21,307,0.071661237,0.182410423,0.392857142,0.272401433,0.338762214,0.415770609,0.754532823,0.143369176,5.547328980402865,0.322580645,-0.08335048612207174,41.215464593201204,5.609934182196177,0.34433960642799105,115.92398626934755,"20003"
"Isaac Paredes","DET","AA",19,155,0.122580645,0.141935483,0.863636363,0.320610687,0.406451612,0.458015267,0.864466879,0.13740458,2.8773380178856636,0.357798165,0.17896022694185376,26.206669364319968,7.753631252990888,0.38834190291243714,136.86248923474696,"20036"
"Brian Miller","MIA","AA",22,287,0.06271777,0.135888501,0.461538461,0.267175572,0.319148936,0.312977099,0.632126035,0.045801527,6.402801703565544,0.313901345,1.09999231249094,27.5777003311457,-5.708251551455086,0.2948756124956388,85.71924169200555,"20047"
"Matthew Batten","SDP","AA",23,215,0.13488372,0.255813953,0.527272727,0.259668508,0.367924528,0.337016574,0.704941102,0.077348066,5.7804295559096115,0.362903225,1.2850173690821975,26.49076135662718,0.3005227988712308,0.3306137781007595,107.07527615718217,"20157"
"Jo Adell","LAA","AA",19,71,0.084507042,0.309859154,0.272727272,0.238095238,0.323943661,0.428571428,0.752515089,0.19047619,6.06405876256531,0.333333333,0.35033409344032407,9.429789334896403,1.1952855590613667,0.3424752589682458,109.18051301809075,"20220"
"Ernie Clement","CLE","AA",22,68,0.044117647,0.102941176,0.428571428,0.246153846,0.279411764,0.353846153,0.633257917,0.107692307,7.135543624714325,0.275862068,-0.02136731776408851,5.9702997056670375,-2.125226691561204,0.2854063870275722,77.61153912370582,"20352"
"Tyler Ladendorf","ARI","AA",30,102,0.137254901,0.147058823,0.933333333,0.2,0.31372549,0.282352941,0.596078431,0.082352941,3.2004147641481686,0.225352112,-0.494416197296232,9.072561993028305,-2.7572885018332984,0.28561752158052783,73.6191685542162,"3211"
"Jerry Sands","SFG","AA",30,289,0.117647058,0.224913494,0.523076923,0.257936507,0.349480968,0.507936507,0.857417475,0.25,3.6835916102871584,0.297142857,0.5734898911323398,46.7254988965673,12.31951170834728,0.37897581710583633,139.51869013543228,"4016"
"Caleb Gindl","SFG","AA",29,233,0.0944206,0.141630901,0.666666666,0.304347826,0.364806866,0.425120772,0.789927638,0.120772946,2.411929192166224,0.342857142,-0.44409028184600174,33.48800845578532,5.748925359400313,0.35623668754561266,124.62352321906253,"5002"
"Alex Liddi","KCR","AA",29,422,0.059241706,0.298578199,0.198412698,0.246819338,0.294536817,0.483460559,0.777997376,0.236641221,4.464174896554029,0.302040816,-0.5497520173666999,54.69579784440668,3.2898412333694194,0.33854823422602653,102.59152309534758,"5411"
"Corban Joseph","BAL","AA",29,523,0.099426386,0.082217973,1.209302325,0.31154684,0.38076923,0.496732026,0.877501256,0.185185186,4.322220327951866,0.311111111,0.7059283228591084,89.2689016702888,27.004779526901007,0.3903821416213563,137.04297567266238,"5503"
"Daniel Robertson","ARI","AA",32,317,0.088328075,0.138801261,0.636363636,0.264705882,0.355555555,0.430147058,0.785702613,0.165441176,5.634566291041596,0.286995515,0.4967831578105688,46.01365555518856,9.248335879981422,0.35846894695645287,121.18700788339932,"6266"
"Josh Prince","ARI","AA",30,356,0.140449438,0.227528089,0.61728395,0.284768211,0.38483146,0.410596026,0.795427486,0.125827815,4.835970083658234,0.366972477,0.4057799424044788,53.83042131486288,12.541923509267486,0.3663177525394418,126.31183174197263,"6746"
"Alberto Rosario","ARI","AA",31,132,0.053030303,0.151515151,0.35,0.266129032,0.303030303,0.314516129,0.617546432,0.048387097,1.8193578829178731,0.307692307,-0.9292332995682955,11.704338120165172,-3.604880167302786,0.28525789939995966,73.38435571402528,"7125"
"Audry Perez","BAL","AA",29,136,0.051470588,0.147058823,0.35,0.212598425,0.251851851,0.417322834,0.669174685,0.204724409,0.47939559625,0.19,-0.010099092498421669,13.067428289992959,-3.1236245044635234,0.29589982783352886,75.15275112438938,"9176"
"Josh Thole","DET","AA",31,76,0.105263157,0.184210526,0.571428571,0.238095238,0.32,0.301587301,0.621587301,0.063492063,4.652502510420164,0.274509803,0.1907425015233457,6.968939151184788,-2.0790021163055994,0.29034318606058757,72.66886030834574,"9689"
"Destin Hood","TEX","AA",28,266,0.067669172,0.296992481,0.227848101,0.225,0.281368821,0.420833333,0.702202154,0.195833333,5.351419071450609,0.281045751,-0.09888792567653582,28.344323161815588,-4.05848361196619,0.30995901387907254,84.46455201490969,"9887"
"Brandon Sandoval","LAA","AA",23,273,0.091575091,0.238095238,0.384615384,0.27125506,0.336996336,0.331983805,0.668980141,0.060728745,4.831656378517292,0.359116022,0.7100274041295052,29.59719971345188,-2.06504719926594,0.3108505707453279,88.53138940162414,"sa3002728"
"Evan Mendoza","STL","AA",22,402,0.074626865,0.191542288,0.389610389,0.25409836,0.315,0.338797814,0.653797814,0.084699454,2.7618434872946187,0.308771929,-0.32565722765866667,39.50820054889265,-9.461454800958002,0.2996925457677148,76.9273334614021,"sa3002836"
"Jordan Gore","MIN","AA",23,153,0.098039215,0.189542483,0.517241379,0.25,0.320261437,0.367647058,0.687908495,0.117647058,6.617915096435745,0.305555555,0.0741796912625432,16.981249945395913,-0.7635257968964939,0.3141866984710195,89.2009847441875,"sa3004127"
"Austin Listi","PHI","AA",24,253,0.110671936,0.205533596,0.538461538,0.28110599,0.371541501,0.447004608,0.818546109,0.165898618,0.84598214,0.327044025,-0.031980459578335285,39.19271312933719,9.072592857296826,0.37040424818106793,122.7015242713305,"sa3004170"
"Jimmy Kerrigan","MIN","AA",24,209,0.047846889,0.320574162,0.149253731,0.225641025,0.267942583,0.353846153,0.621788736,0.128205128,2.2941996039028885,0.306451612,-1.357428280171007,18.07879501605251,-6.160800605771753,0.2824481232314589,68.47749938007647,"sa3005235"
"Lorenzo Quintana","HOU","AA",29,266,0.056390977,0.176691729,0.319148936,0.25409836,0.315789473,0.483606557,0.79939603,0.229508197,6.150782276913457,0.274193548,-0.3504384246189147,37.46298393200424,5.060177158222465,0.3524717278498456,118.3658130542003,"sa3005394"
"Johnny Bladel","BOS","AA",27,167,0.13772455,0.245508982,0.560975609,0.170212765,0.293413173,0.212765957,0.50617913,0.042553192,5.18039520194758,0.237623762,0.3501118465792388,10.383998633048572,-9.497661783673726,0.2529605330821283,49.34082461108892,"sa3006604"
"Josh Allen","NYM","AA",27,178,0.101123595,0.264044943,0.382978723,0.248366013,0.320224719,0.366013071,0.68623779,0.117647058,3.5822424117657192,0.327272727,0.15011184359900653,19.22143859925787,-1.9697922640748773,0.3109729571288891,92.5143041001035,"sa3006643"
"Mitch Spires","LAA","AA",22,64,0.03125,0.1875,0.166666666,0.245901639,0.265625,0.262295081,0.527920081,0.016393442,4.699226948848784,0.3,0.34702303260564804,3.6052956505224323,-3.8173556403711224,0.24334555305540562,44.45445036003006,"sa3006686"
"Tim Tebow","NYM","AA",30,298,0.073825503,0.345637583,0.213592233,0.27306273,0.335570469,0.398523985,0.734094454,0.125461255,3.3740357133232264,0.417177914,0.16675715683959424,37.66140604196504,2.1839521247000975,0.3342698176435176,107.77481022782192,"sa323152"
"Johnni Turbo","BAL","AA",29,131,0.053435114,0.152671755,0.35,0.292682926,0.328244274,0.333333333,0.661577607,0.040650407,5.135129956599469,0.346153846,0.7681128061376512,13.443653660216707,-2.1521398403259333,0.3041817036293845,80.577757478885,"sa326716"
"Zach Collier","WSN","AA",27,361,0.119113573,0.26869806,0.443298969,0.211726384,0.317548746,0.358306188,0.675854934,0.146579804,5.751439151797806,0.285024154,-0.28387934574857354,39.26183190837352,-3.7158891122058146,0.3119518549329391,89.59694991035856,"sa454396"
"Kenny Wilson","DET","AA",28,130,0.138461538,0.276923076,0.5,0.277777777,0.376923076,0.37037037,0.747293446,0.092592593,7.3468784464136,0.4,0.3187386901117861,17.488542780632297,2.0118011388724257,0.34458745626302867,108.2013311877665,"sa454437"
"Gabriel Noriega","MIL","AA",27,127,0.047244094,0.236220472,0.2,0.213675213,0.244094488,0.247863247,0.491957735,0.034188034,1.9109164940311774,0.266666666,-0.3010383159853518,5.549789872628375,-9.179533782738522,0.2269707265801317,39.288779888139736,"sa455932"
"Martin Cervenka","BAL","AA",25,375,0.08,0.173333333,0.461538461,0.258160237,0.317333333,0.456973293,0.774306626,0.198813056,2.041853707776125,0.273764258,0.16549477027729154,50.04967194575728,5.405224902219192,0.34324313640594484,106.16477740673575,"sa492636"
"Wes Darvill","LAD","AA",26,162,0.074074074,0.234567901,0.315789473,0.202702702,0.260869565,0.277027027,0.537896592,0.074324325,2.7287347198859697,0.256880733,-0.8837399600888602,9.357590533360687,-10.37644968225077,0.2494469351650025,45.93876350455729,"sa501490"
"K.C. Hobson","SFG","AA",27,58,0.120689655,0.396551724,0.304347826,0.22,0.327586206,0.46,0.787586206,0.24,1.6559826214909377,0.333333333,-0.4209465282037854,7.936848573189762,1.0318407637892029,0.34751931617134496,118.91324739923365,"sa501541"
"Stephen Perez","WSN","AA",27,128,0.1484375,0.234375,0.633333333,0.215686274,0.338709677,0.225490196,0.564199873,0.009803922,5.238067426885486,0.297297297,0.15137423016130924,10.47413034095387,-4.764507583240465,0.2778462753063295,67.25623981534586,"sa501997"
"Joey Wong","NYM","AA",30,113,0.14159292,0.230088495,0.615384615,0.212765957,0.339285714,0.361702127,0.700987841,0.14893617,1.22240259,0.261538461,-0.012623865623027086,13.716969085603411,0.26410904315059847,0.32794823816844393,103.63388736589185,"sa502131"
"Victor Roache","STL","AA",26,475,0.092631578,0.298947368,0.309859154,0.218309859,0.294736842,0.38028169,0.675018532,0.161971831,3.8550524007422147,0.279850746,0.27434278128203005,47.80059726334466,-10.061557689837075,0.3026114923216529,78.84772220819816,"sa502154"
"Edgar Corcino","MIN","AA",26,237,0.092827004,0.156118143,0.594594594,0.264423076,0.337552742,0.432692307,0.770245049,0.168269231,5.775019041655374,0.294117647,0.006251986604183912,31.970759212872377,4.483753651282185,0.3451761176525536,109.43531379026076,"sa502309"
"Andrew Aplin","SEA","AA",27,64,0.140625,0.140625,1,0.16981132,0.301587301,0.226415094,0.528002395,0.056603774,1.2539682462500001,0.204545454,-0.015147977508604527,4.382020961298207,-3.414143074498912,0.26272404856152004,65.98290588389474,"sa502787"
"Patrick Biondi","NYM","AA",27,120,0.175,0.216666666,0.807692307,0.224489795,0.366666666,0.244897959,0.611564625,0.020408164,4.032504991179675,0.305555555,-0.6967375052627176,12.15057159601773,-2.1356514579144603,0.3024484640409966,86.93037235437359,"sa503056"
"Beau Amaral","SEA","AA",27,432,0.076388888,0.194444444,0.392857142,0.25,0.310747663,0.325520833,0.636268496,0.075520833,5.317672764696221,0.305921052,1.0443071765475906,39.92807856018099,-12.696028681449562,0.2924340306041397,85.52924362179716,"sa503642"
"Francisco Diaz","NYY","AA",28,73,0.109589041,0.164383561,0.666666666,0.34375,0.416666666,0.453125,0.869791666,0.109375,1.8885467900000001,0.411764705,-0.010519888019189239,12.827967474381154,4.137181783239071,0.3967643794086244,151.94613499974162,"sa505229"
"Anderson Feliz","BAL","AA",26,436,0.087155963,0.222477064,0.391752577,0.279898218,0.347126436,0.409669211,0.756795647,0.129770993,5.695843438193502,0.348432055,1.8700196873396635,58.3676201392104,6.461009709923441,0.34375593038747937,106.50068085143172,"sa505526"
"Heiker Meneses","PHI","AA",26,168,0.077380952,0.232142857,0.333333333,0.186666666,0.267857142,0.233333333,0.501190475,0.046666667,2.9337227245481685,0.243243243,-0.8645227607339621,8.98277240398566,-11.017939871519406,0.24192853023608527,38.544069676479396,"sa506229"
"Ali Castillo","SFG","AA",29,363,0.063360881,0.096418732,0.657142857,0.255319148,0.302777777,0.349544072,0.652321849,0.094224924,5.166362936240594,0.275167785,-2.1629434570204467,34.55959685438895,-8.656227883755923,0.29478718510577273,84.37129661798922,"sa507143"
"Aderlin Rodriguez","BAL","AA",26,531,0.054613935,0.178907721,0.305263157,0.283643892,0.333333333,0.476190476,0.809523809,0.192546584,3.130612105258285,0.305630026,-0.2706003966741264,76.90234093057865,13.685803916928712,0.3576299978564502,115.58882779267567,"sa511026"
"Levi Michael","NYM","AA",27,447,0.078299776,0.208053691,0.376344086,0.30490956,0.390519187,0.470284237,0.860803424,0.165374677,5.708168967970889,0.378947368,0.049914729315787554,75.85818584532431,22.64200496942691,0.38913956783475917,143.71699902592368,"sa526207"
"Khayyan Norfork","WSN","AA",29,111,0.099099099,0.207207207,0.478260869,0.15625,0.256880733,0.260416666,0.517297399,0.104166666,4.649230690304463,0.171428571,0.18990091048181057,6.479436263072995,-6.7353200618142814,0.24813988285327176,47.79719795098658,"sa546794"
"Rodrigo Vigil","MIA","AA",25,313,0.031948881,0.118210862,0.27027027,0.244755244,0.288961038,0.342657342,0.63161838,0.097902098,2.035689613682802,0.263157894,-0.4367918102070689,28.488132412006866,-7.813271557519426,0.28830014028456,81.42583213912303,"sa547818"
"Armando Araiza","BAL","AA",25,60,0.066666666,0.3,0.222222222,0.127272727,0.2,0.2,0.4,0.072727273,1.22240259,0.189189189,-0.0033663641661405563,0.8613524710459095,-6.281759055920186,0.192392627398173,7.350814227575185,"sa547843"
"Luigi Rodriguez","SFG","AA",25,425,0.089411764,0.28,0.319327731,0.271052631,0.341981132,0.442105263,0.784086395,0.171052632,6.162044311859267,0.357429718,-1.20609887316823,59.649562867224,9.052522884547487,0.351964281101317,121.82490214811016,"sa547914"
"Luis Villegas","KCR","AA",25,140,0.078571428,0.214285714,0.366666666,0.236220472,0.292857142,0.346456692,0.639313834,0.11023622,3.7253850367230066,0.28125,-0.2574913288699463,12.630348057752808,-4.42376077055339,0.2896941529853003,70.4501919280549,"sa547944"
"Erick Salcedo","BAL","AA",25,471,0.061571125,0.114649681,0.537037037,0.224537037,0.275053304,0.291666666,0.56671997,0.067129629,4.173738339062351,0.253263707,-1.307350656017661,32.071539460006065,-24.00188602667778,0.2604489950542776,51.93083886197177,"sa548029"
"Gabriel Quintana","DET","AA",25,148,0.054054054,0.364864864,0.148148148,0.182481751,0.243243243,0.284671532,0.527914775,0.102189781,2.3195812774999998,0.265822784,-0.012623865623027086,8.344031339114004,-9.275643760735697,0.24561362008790713,43.368954632743645,"sa548052"
"Luis Mendez","TEX","AA",25,257,0.093385214,0.20233463,0.461538461,0.242290748,0.317647058,0.356828193,0.674475251,0.114537445,3.60976766412092,0.290697674,-0.11214240599656478,27.18157611609478,-4.124895090153026,0.3089759352160435,83.81777991175169,"sa548109"
"Matt Lipka","SFG","AA",26,357,0.112044817,0.159663865,0.701754385,0.240131578,0.328611898,0.351973684,0.680585582,0.111842106,7.530844430028727,0.277108433,0.8336902235168964,38.5892119191018,-3.912301666346467,0.31110900317841444,95.06283183822426,"sa548175"
"Marcus Littlewood","ARI","AA",26,185,0.135135135,0.194594594,0.694444444,0.196202531,0.304347826,0.284810126,0.589157952,0.088607595,1.8462226603991336,0.226890756,-0.3705705935135484,16.00569957397488,-5.4504018137643,0.2824687102566595,71.56317376264167,"sa548261"
"Hunter Jones","WSN","AA",26,294,0.105442176,0.156462585,0.673913043,0.298039215,0.383561643,0.376470588,0.760032231,0.078431373,5.5471212829783285,0.352657004,0.278435573913157,41.25421151303129,6.252965030897427,0.3519244308733858,115.78081016469818,"sa548556"
"Chace Numata","NYY","AA",25,135,0.051851851,0.185185185,0.28,0.1796875,0.222222222,0.2421875,0.464409722,0.0625,3.2708141678592626,0.22330097,-0.22557527595199645,4.376709856037829,-11.695291079635885,0.21527060093703093,33.059432786394765,"sa549139"
"Jeff Arnold","SFG","AA",30,162,0.104938271,0.382716049,0.274193548,0.175182481,0.269230769,0.277372262,0.546603031,0.102189781,1.49154134625,0.287671232,-0.014307047706097364,10.806616591286081,-8.479784531522375,0.2586950059884634,60.72927325451662,"sa549361"
"Jose Vinicio","ARI","AA",24,286,0.034965034,0.248251748,0.14084507,0.231343283,0.263345195,0.332089552,0.595434747,0.100746269,7.203724325860047,0.302564102,-0.20388502907007933,21.4225543388608,-11.747418617319775,0.26741639559414226,61.7348679785857,"sa549538"
"Dominic Ficociello","DET","AA",26,417,0.103117505,0.280575539,0.367521367,0.267759562,0.347721822,0.37978142,0.727503242,0.112021858,3.9158448586369,0.367346938,-1.3617743123322725,52.39508439382003,2.7504592814056634,0.33334164779919845,100.8348137608511,"sa549668"
"Jay Gonzalez","ARI","AA",26,204,0.102941176,0.240196078,0.428571428,0.287292817,0.359605911,0.342541436,0.702147347,0.055248619,4.479358855501123,0.390977443,-0.425355969928205,24.191967442922913,0.5322664531997071,0.3240366705614536,98.70468879569879,"sa549777"
"J.J. Franco","NYM","AA",26,62,0.177419354,0.274193548,0.647058823,0.12,0.278688524,0.16,0.438688524,0.04,2.1353741810934523,0.181818181,-0.42220891476608813,2.8246339387883928,-4.556581305743238,0.23191031764765255,40.72466946159091,"sa550147"
"Michael O'Neill","TEX","AA",26,498,0.082329317,0.238955823,0.344537815,0.254545454,0.326572008,0.397727272,0.72429928,0.143181818,6.466339070083826,0.319488817,3.3317387344432063,59.79033421872002,-0.87356718482631,0.32670495362301183,95.48178499418412,"sa550175"
"Tyler Marincov","OAK","AA",26,367,0.095367847,0.305177111,0.3125,0.224615384,0.298630136,0.393846153,0.692476289,0.169230769,4.428886221369507,0.290640394,-0.4294446298154071,39.033531539994634,-5.672596602779469,0.30971196719578337,81.97123590819423,"sa550348"
"Eric Jagielo","MIA","AA",26,442,0.074660633,0.312217194,0.239130434,0.197994987,0.264705882,0.330827067,0.595532949,0.13283208,1.9876664414901146,0.266666666,-0.08475122880190611,35.2556563400975,-16.007029137636113,0.2737154566864083,71.90286285631309,"sa550383"
"Damek Tomscha","PHI","AA",26,385,0.067532467,0.15064935,0.448275862,0.293604651,0.3515625,0.465116279,0.816678779,0.171511628,2.756044781625506,0.310469314,-0.2596597131341696,57.07909299417258,11.244127362806806,0.36197641499712085,117.18090917101455,"sa550391"
"Kevin Medrano","ARI","AA",28,405,0.069135802,0.175308641,0.394366197,0.330623306,0.3775,0.471544715,0.849044715,0.140921409,6.33100892028937,0.398648648,1.034076841082424,65.42112911539465,18.449663915208863,0.3796997999664518,135.04954797221515,"sa577957"
"Sharif Othman","MIA","AA",29,182,0.087912087,0.362637362,0.242424242,0.191358024,0.276243093,0.277777777,0.55402087,0.086419753,0.6542207712499999,0.301075268,-0.13906455505639315,13.106031923586666,-8.002132684891878,0.26366685240308224,65.34169550007692,"sa578858"
"Joe Sever","CLE","AA",27,473,0.076109936,0.152219873,0.5,0.261792452,0.319915254,0.375,0.694915254,0.113207548,4.434071594125147,0.294617563,1.1193937854841352,52.43840691350204,-3.87312229074734,0.3146176749480505,96.74626493919038,"sa579296"
"Eduard Pinto","TOR","AA",23,130,0.03076923,0.13076923,0.235294117,0.217741935,0.2421875,0.29032258,0.53251008,0.072580645,4.543410680146259,0.238095238,-0.24273463850840926,7.033970065810775,-8.442771575949097,0.242737278342247,42.15729660431559,"sa579381"
"Yonathan Mendoza","SEA","AA",24,385,0.119480519,0.124675324,0.958333333,0.261261261,0.347258485,0.291291291,0.638549776,0.03003003,4.3305762431802215,0.301038062,0.45824805815937,38.95839238294887,-7.940406894893173,0.30330323192531694,92.68014259104649,"sa596904"
"Carlos Penalver","CHC","AA",24,75,0.08,0.16,0.5,0.164179104,0.232876712,0.23880597,0.471682682,0.074626866,5.022851325763126,0.185185185,-0.8563899612054229,2.699548060672826,-5.9988714208430585,0.216983824968338,28.74235076417289,"sa596953"
"Cleuluis Rondon","ATL","AA",24,84,0.095238095,0.285714285,0.333333333,0.12,0.204819277,0.173333333,0.37815261,0.053333333,4.050092663788003,0.176470588,-0.45137240644544363,1.0610462809162229,-8.681183538381568,0.18670298248888498,14.575048609113031,"sa596998"
"Jecksson Flores","KCR","AA",24,508,0.059055118,0.141732283,0.416666666,0.31372549,0.363453815,0.440087145,0.80354096,0.126361655,6.387508653811307,0.358638743,2.291288868349511,74.83624164378676,12.954189609647127,0.3605042775152195,117.03650784501627,"sa597007"
"Jeffrey Baez","CHC","AA",24,294,0.098639455,0.275510204,0.358024691,0.26171875,0.34589041,0.4140625,0.75995291,0.15234375,6.424678779699075,0.352941176,-0.29178101383149624,39.54552919708579,5.44772482954352,0.3446717726773229,112.11532184266784,"sa597088"
"Alfredo Reyes","PIT","AA",24,121,0.082644628,0.305785123,0.27027027,0.25,0.319327731,0.314814814,0.634142545,0.064814814,6.492668141203687,0.371428571,1.7706375941634178,11.376142931749854,-3.029131980965104,0.2932828700138351,79.09538009218276,"sa597093"
"Deiner Lopez","BOS","AA",24,168,0.041666666,0.25595238,0.162790697,0.226415094,0.261904761,0.371069182,0.632973943,0.144654088,5.540294885911891,0.295652173,-1.2753701964393258,14.32526818500709,-5.675444090497976,0.2822033645851271,68.49621291172005,"sa597152"
"Angelo Mora","LAD","AA",25,120,0.05,0.183333333,0.272727272,0.263157894,0.3,0.46491228,0.76491228,0.201754386,3.7224025899999997,0.303370786,-0.018934971885755658,14.95389611469667,0.33608854757707185,0.33235363649720906,100.48347452626159,"sa597177"
"Eduardo de Oleo","HOU","AA",25,95,0.031578947,0.27368421,0.115384615,0.25,0.27368421,0.369565217,0.643249427,0.119565217,1.96350930875,0.317460317,-0.018934971885755658,8.070298574769813,-3.5021324158665355,0.283163272319956,72.76745227645817,"sa597686"
"Herlis Rodriguez","DET","AA",24,82,0.048780487,0.146341463,0.333333333,0.194444444,0.240506329,0.263888888,0.504395217,0.069444444,5.076816547436014,0.225806451,-0.4535820712335408,3.7389840973895057,-6.023268322797491,0.23195940029772022,34.424817947608666,"sa597740"
"Granden Goetzman","STL","AA",25,181,0.038674033,0.215469613,0.179487179,0.244186046,0.272222222,0.412790697,0.685012919,0.168604651,6.54772393592339,0.297709923,0.1462956714676693,17.90678889422876,-4.141737519509968,0.3005028873682022,77.46046103392896,"sa597785"
"Tyler Marlette","ATL","AA",25,474,0.103375527,0.221518987,0.466666666,0.243498817,0.324894514,0.375886524,0.700781038,0.132387707,3.728523325784496,0.29738562,-0.2106734556145966,55.43619821901406,0.462187095833671,0.32191869906954845,102.8632248239177,"sa597836"
"C.J. McElroy","CIN","AA",25,144,0.069444444,0.194444444,0.357142857,0.28125,0.340425531,0.3984375,0.738863031,0.1171875,6.508484990559891,0.343434343,-0.3475969978608191,18.25182346772951,1.55085806321901,0.33461401164531707,106.4103107138967,"sa597861"
"Dan Gamache","WSN","AA",27,477,0.113207547,0.226415094,0.5,0.273607748,0.368421052,0.36803874,0.736459792,0.094430992,2.3521705681154375,0.36,-2.1563972362782806,63.12408824230644,6.336351602925984,0.34181178800651435,109.15656788362276,"sa597966"
"Daniel Lockhart","ATL","AA",25,408,0.110294117,0.245098039,0.45,0.230337078,0.316049382,0.345505617,0.661554999,0.115168539,6.660781007112134,0.300395256,1.0638763885945082,41.99407158324216,-5.325330396204251,0.3037373927695241,90.99186537677606,"sa598065"
"Dustin Houle","MIL","AA",24,72,0.138888888,0.208333333,0.666666666,0.196721311,0.305555555,0.229508196,0.535063751,0.032786885,1.22240259,0.255319148,-0.06291015585884452,4.796621760207644,-3.553860942047605,0.25667886414998015,58.68650487978857,"sa598106"
"Todd Hankins","CLE","AA",27,55,0.09090909,0.163636363,0.555555555,0.270833333,0.363636363,0.416666666,0.780303029,0.145833333,6.429601533397111,0.315789473,0.7936880791094154,7.975125057446266,1.4272728243940116,0.35785387754440307,125.06794949606915,"sa598325"
"John Norwood","MIA","AA",25,439,0.093394077,0.273348519,0.341666666,0.242424242,0.312785388,0.351010101,0.663795489,0.108585859,4.522155596916844,0.329629629,-1.209374642930925,46.22469545721632,-4.690053241256659,0.306807654089035,93.51018654250076,"sa598986"
"Trey Martin","CHC","AA",25,267,0.131086142,0.280898876,0.466666666,0.246696035,0.343396226,0.418502202,0.761898428,0.171806167,6.063733265552766,0.331081081,0.5746440449729562,34.88324809719358,3.91687474299703,0.33966904924466057,108.84882783482564,"sa599037"
"Tanner English","MIN","AA",25,331,0.063444108,0.293051359,0.216494845,0.220735785,0.276073619,0.357859531,0.63393315,0.137123746,7.79663985825715,0.308457711,-0.8487372319214046,29.91180687784768,-8.477217767242424,0.28745972726242675,71.74979191376993,"sa599081"
"Austin Davidson","WSN","AA",25,303,0.108910891,0.151815181,0.717391304,0.284644194,0.363036303,0.483146067,0.84618237,0.198501873,3.7328380100630127,0.309859154,-0.24913982511498034,48.387586575789996,12.314873364611216,0.3764619503589655,131.85400450062906,"sa599216"
"Zach Houchins","LAA","AA",25,198,0.065656565,0.262626262,0.25,0.234972677,0.282828282,0.464480874,0.747309156,0.229508197,3.7083694068513378,0.262295081,-0.324215741828084,24.291007661681284,1.3271802304793505,0.3293427507284329,100.60573169134086,"sa599235"
"James Ramsey","MIN","AA",28,109,0.14678899,0.220183486,0.666666666,0.25,0.366972477,0.391304347,0.758276824,0.141304347,3.7362318767354763,0.296875,-0.12090467801317573,15.421851768397536,2.7801487885944516,0.35371394605811585,115.0100303825614,"sa599239"
"Taylor Sparks","CIN","AA",25,319,0.087774294,0.363636363,0.24137931,0.245551601,0.324921135,0.437722419,0.762643554,0.192170818,6.192042653830327,0.375796178,-0.2484314776957035,42.54298215092786,5.545704622880298,0.34318767280518253,112.00842405774507,"sa599278"
"John Polonius","SFG","AA",27,93,0.096774193,0.182795698,0.529411764,0.222222222,0.304347826,0.308641975,0.612989801,0.086419753,5.579194241332976,0.265625,0.5903217119630426,8.260852154319334,-2.810970712478113,0.2867081301367801,79.07914715505751,"sa599310"
"Josh Tobias","BOS","AA",25,134,0.052238805,0.23880597,0.21875,0.227642276,0.265151515,0.284552845,0.54970436,0.056910569,3.3065867233739334,0.29347826,0.18737613735720515,8.28790517497541,-7.665043901915535,0.25254310848134937,49.06739246026124,"sa599333"
"Drew Stankiewicz","PHI","AA",25,179,0.106145251,0.25698324,0.413043478,0.198717948,0.288135593,0.301282051,0.589417644,0.102564103,3.5067038839608413,0.266055045,-0.23146641324274242,13.719234596910145,-7.591048125205372,0.27127909421920776,57.770027664903836,"sa599531"
"Kevin Taylor","NYM","AA",26,478,0.064853556,0.115062761,0.563636363,0.263157894,0.31302521,0.33180778,0.64483299,0.068649886,3.7429035259002976,0.293506493,0.13150358689017594,45.751735223859804,-11.15505327430342,0.2954323640622591,82.33450688782378,"sa599801"
"Jose Cardona","TEX","AA",24,221,0.099547511,0.149321266,0.666666666,0.268041237,0.348416289,0.386597938,0.735014227,0.118556701,4.350346860448319,0.297468354,0.03820059821009636,28.183638432155238,1.2625094960433094,0.3359648819962238,101.57393567781432,"sa599888"
"Chris Mariscal","SEA","AA",25,509,0.100196463,0.257367387,0.389312977,0.261261261,0.343195266,0.36036036,0.703555626,0.099099099,4.516532280738658,0.350482315,0.4355260918964632,59.99560467905335,-2.0082624181456086,0.3239873751145613,106.2883382478506,"sa600255"
"Max Pentecost","TOR","AA",25,368,0.040760869,0.241847826,0.168539325,0.252906976,0.282608695,0.40116279,0.683771485,0.148255814,3.7636672176321113,0.305555555,0.16844033892266452,37.473967054553874,-6.337116977504843,0.30317880456214363,81.74925281095612,"sa601924"
"Drew Weeks","COL","AA",25,118,0.06779661,0.27118644,0.25,0.23853211,0.288135593,0.366972477,0.65510807,0.128440367,5.9482919114929835,0.306666666,0.3886385268997401,11.35202599427204,-2.696093342094613,0.29605127189118985,75.26203514105437,"sa602429"
"Pat Cantwell","TOR","AA",28,155,0.116129032,0.2,0.580645161,0.275590551,0.385620915,0.433070866,0.818691781,0.157480315,5.622322846370452,0.329787234,-0.036515956511721015,24.378090200931062,5.925052089601983,0.37340085958343705,127.7479014391923,"sa602546"
"Brandon Downes","KCR","AA",25,191,0.094240837,0.361256544,0.260869565,0.19047619,0.276595744,0.309523809,0.586119553,0.119047619,6.19305919216513,0.294736842,-0.1660251800203696,15.161572554907,-7.288045359948478,0.2740123693613296,68.5403876583268,"sa602678"
"Hunter Cole","TEX","AA",25,233,0.124463519,0.236051502,0.527272727,0.33,0.412017167,0.515,0.927017167,0.185,3.19951342867837,0.414285714,-0.7206631522858515,43.083031967344155,14.700122274520268,0.40712134734443994,148.3881108576033,"sa603087"
"Preston Beck","TEX","AA",27,488,0.077868852,0.19262295,0.404255319,0.260180995,0.327868852,0.409502262,0.737371114,0.149321267,3.208274558834836,0.303571428,-1.3914089674362913,60.67070435047488,1.22495357752184,0.3319932688677825,98.9609926116947,"sa621361"
"Chris Diaz","MIA","AA",27,191,0.141361256,0.230366492,0.613636363,0.214285714,0.335135135,0.22077922,0.555914355,0.006493506,2.4479778317510696,0.294642857,-0.6086987536400557,15.551168110969362,-6.600806835291088,0.27586159174856933,73.30416704890531,"sa621581"
"Rudy Flores","ARI","AA",27,516,0.110465116,0.240310077,0.459677419,0.280821917,0.380582524,0.468036529,0.848619053,0.187214612,3.0391346760963263,0.352159468,-1.2951564793474972,83.85881290257532,24.01368686974604,0.38097445119340667,135.88182276233297,"sa621607"
"Adam Brett Walker","WSN","AA",26,145,0.151724137,0.351724137,0.431372549,0.2,0.324137931,0.383333333,0.707471264,0.183333333,5.6263531130030024,0.298507462,0.1852721597533673,17.129308869753384,-0.13321065374801405,0.32382464737727723,97.37417043911529,"sa621791"
"Jin-De Jhang","PIT","AA",25,135,0.081481481,0.103703703,0.785714285,0.319672131,0.373134328,0.409836065,0.782970393,0.090163934,1.04846938375,0.351851851,-0.016411025309935212,18.86003992126132,2.788038985587606,0.35114371099255304,116.99686976956755,"sa653546"
"Yasiel Balaguert","CHC","AA",25,485,0.055670103,0.169072164,0.329268292,0.231111111,0.272164948,0.342222222,0.61438717,0.111111111,2.4337499673232914,0.261580381,-0.12448395881801844,40.277943505473004,-15.971835808329716,0.27797114725940486,68.5636052267832,"sa656575"
"Eliezer Alvarez","TEX","AA",23,460,0.091304347,0.269565217,0.338709677,0.227941176,0.301098901,0.387254901,0.688353802,0.159313725,8.60111005609879,0.294545454,4.2528279615798965,48.944097516921104,-7.09083149037069,0.3097638240227332,84.33613568501936,"sa657261"
"Osvaldo Abreu","WSN","AA",24,403,0.089330024,0.250620347,0.356435643,0.183333333,0.25935162,0.311111111,0.570462731,0.127777778,4.3299244845548035,0.228346456,-0.06335361604578793,27.888648615388224,-20.08925047406738,0.261854994148016,56.78122134866119,"sa657398"
"Bryant Flete","CHW","AA",25,303,0.112211221,0.231023102,0.485714285,0.240310077,0.347682119,0.317829457,0.665511576,0.07751938,4.2206778426373965,0.320855614,-1.928100791759789,33.973234598893846,-1.168380106430327,0.3156569328815042,96.98899398722911,"sa657425"
"Carlos Garay","TEX","AA",23,218,0.036697247,0.105504587,0.347826086,0.3125,0.341013824,0.399038461,0.740052285,0.086538461,1.6885519326707188,0.344262295,-0.4821067953016609,27.51780352018269,0.9621197732487494,0.3343535491398403,100.51383216870178,"sa657431"
"Alberti Chavez","CIN","AA",22,63,0.031746031,0.174603174,0.181818181,0.216666666,0.241935483,0.216666666,0.458602149,0,1.9638055498434523,0.265306122,-0.45468346728011966,2.1880512714388005,-5.118621093034543,0.2153468083950781,28.53560706639301,"sa657456"
"Malquin Canelo","PHI","AA",23,517,0.071566731,0.212765957,0.336363636,0.251063829,0.30544747,0.365957446,0.671404916,0.114893617,7.201295720928087,0.306179775,2.6679157216567546,52.64543969933944,-8.904371291351737,0.3031753486720845,78.66352901130843,"sa657479"
"Jhoan Urena","NYM","AA",23,466,0.083690987,0.240343347,0.348214285,0.26128266,0.324034334,0.418052256,0.74208659,0.156769596,2.725737101802624,0.321070234,-1.3119794067461044,58.84837249044442,3.3702062976744074,0.334147607180182,107.69475680073317,"sa657511"
"Juan Kelly","TOR","AA",23,334,0.119760479,0.266467065,0.449438202,0.220689655,0.317365269,0.406896551,0.72426182,0.186206896,2.0019739900507942,0.268421052,-0.8805129905231297,40.78361141656395,1.0202905831193556,0.3288569564590911,98.56961339670084,"sa657541"
"Randy Cesar","HOU","AA",23,485,0.074226804,0.230927835,0.321428571,0.295964125,0.348453608,0.428251121,0.776704729,0.132286996,3.28172100981994,0.374233128,-1.2252315754885785,66.66255712223668,7.582251538461643,0.3482680204978659,115.60017410042282,"sa657542"
"John Mora","NYM","AA",25,396,0.093434343,0.222222222,0.420454545,0.233618233,0.311392405,0.361823361,0.673215766,0.128205128,5.310074030914132,0.295019157,-2.565889031626284,40.80999591030034,-6.334540167675888,0.3047291210719517,88.4243067226658,"sa657676"
"Tito Polo","CHW","AA",23,181,0.066298342,0.187845303,0.352941176,0.245398773,0.312849162,0.337423312,0.650272474,0.092024539,8.61752077986798,0.3046875,1.2276210272684693,18.36420232595799,-2.627983356100343,0.30183601312797165,87.9647190766818,"sa657705"
"Santiago Chavez","OAK","AA",22,98,0.030612244,0.173469387,0.176470588,0.208791208,0.242105263,0.307692307,0.54979757,0.098901099,2.64285714,0.256756756,-0.01325448032002896,5.567146422941126,-6.370729756873213,0.24826224791376214,41.54317488605526,"sa657706"
"Elvis Escobar","PIT","AA",23,111,0.027027027,0.189189189,0.142857142,0.150943396,0.174311926,0.207547169,0.381859095,0.056603773,6.991339001879299,0.188235294,0.17737029865384102,-0.03000594757312927,-13.244762272460404,0.17386881747377028,0.8737296093170934,"sa657855"
"Keon Barnum","CHW","AA",25,284,0.035211267,0.338028169,0.104166666,0.202205882,0.235915492,0.404411764,0.640327256,0.202205882,1.76785714,0.248447204,-0.14237561589106917,25.334033835321463,-7.603981268018686,0.2859514806891831,77.59302239444791,"sa657864"
"Mitch Nay","CIN","AA",24,259,0.119691119,0.166023166,0.720930232,0.262443438,0.362934362,0.389140271,0.752074633,0.126696833,3.5059664776250465,0.298850574,0.14173726085573435,35.644349567075366,5.605807624240513,0.34870840499760103,115.61314833806362,"sa657873"
"Clint Coulter","MIL","AA",24,248,0.068548387,0.282258064,0.242857142,0.255605381,0.318548387,0.479820627,0.798369014,0.224215246,5.475663599751641,0.317241379,-0.5888323886319995,35.3588312140745,6.596057461861972,0.3551280955153127,122.96825634178943,"sa657922"
"Joe DeCarlo","SEA","AA",24,236,0.093220338,0.224576271,0.415094339,0.246376811,0.33898305,0.439613526,0.778596576,0.193236715,2.498626365,0.294520547,-0.05301792128011584,32.908501501006725,4.160146619004849,0.35074113940788526,123.88976634320845,"sa657935"
"Adrian Marin","BAL","AA",24,100,0.13,0.24,0.541666666,0.247058823,0.353535353,0.282352941,0.635888294,0.035294118,1.8546827958569017,0.344262295,-0.4293624386191368,10.514118023683451,-1.391067854593374,0.3073705392654496,82.66659025246416,"sa657939"
"Nick Basto","CHW","AA",24,135,0.118518518,0.318518518,0.372093023,0.165217391,0.283582089,0.226086956,0.509669045,0.060869565,4.339976908356902,0.253521126,-0.5175936231389642,8.575223991724833,-7.081931075003758,0.2526614141108385,55.85650138493844,"sa657998"
"Chuck Taylor","SEA","AA",24,575,0.106086956,0.137391304,0.772151898,0.296812749,0.377391304,0.376494023,0.753885327,0.079681274,3.208093648285168,0.343529411,-0.6248054946772754,78.15838439127474,8.114723132159996,0.34638183976135123,121.02176248276723,"sa658001"
"Bralin Jackson","PIT","AA",24,219,0.05022831,0.287671232,0.174603174,0.213592233,0.255707762,0.300970873,0.556678635,0.08737864,4.708196399070916,0.290780141,-0.2662059338763356,13.581685831805936,-12.49067124162031,0.2527543470400189,52.54734917613126,"sa658012"
"Joey Curletta","SEA","AA",24,556,0.145683453,0.233812949,0.623076923,0.28172043,0.383093525,0.48172043,0.864813955,0.2,1.549456923600939,0.336448598,-0.37678165175020695,91.17238502279689,23.443209961809412,0.38116950327699833,143.90873088328357,"sa658025"
"Luis Valenzuela","ATL","AA",24,386,0.033678756,0.170984455,0.196969696,0.281842818,0.306493506,0.368563685,0.675057191,0.086720867,4.76492394292298,0.336633663,0.2969869850203395,39.821297500163126,-4.946568098038625,0.30404501297455233,91.19272388313588,"sa658081"
"Alfredo Escalera","KCR","AA",23,144,0.069444444,0.277777777,0.25,0.240310077,0.305555555,0.372093023,0.677648578,0.131782946,5.034931139496021,0.310344827,-0.08373994816793129,14.987713395851282,-2.553655684692236,0.3068881105217669,81.7621779325168,"sa658111"
"River Stevens","SDP","AA",26,174,0.097701149,0.126436781,0.772727272,0.264516129,0.344827586,0.367741935,0.712569521,0.103225806,4.567569675516671,0.286821705,-0.32608329952927306,21.16682318254762,-0.02899778977579579,0.3286736662360443,105.79886738309966,"sa658130"
"Brett Vertigan","OAK","AA",27,327,0.119266055,0.174311926,0.684210526,0.242857142,0.333333333,0.292857142,0.626190475,0.05,4.999821084953869,0.299559471,-0.41550373926293105,30.897833835444132,-8.935691784956772,0.29499203575653926,72.2869233772243,"sa658149"
"Rashad Crawford","NYY","AA",24,206,0.082524271,0.252427184,0.326923076,0.222826086,0.297560975,0.304347826,0.601908801,0.08152174,4.634691042114837,0.297709923,-0.08504847553558648,17.445355647897912,-7.079327261352346,0.28146467528692104,76.41957037235194,"sa658166"
"Correlle Prime","TEX","AA",24,157,0.070063694,0.350318471,0.2,0.256944444,0.31210191,0.423611111,0.735713021,0.166666667,2.3146582990055724,0.376470588,-0.2584380774642341,19.035337607578477,-0.0896272927363293,0.32817237772000063,96.44721024968689,"sa658187"
"Connor Lien","ATL","AA",24,305,0.085245901,0.370491803,0.230088495,0.197761194,0.289473684,0.343283582,0.632757266,0.145522388,4.897247611069247,0.308724832,-0.633684582542628,28.819251786309273,-6.554320771855321,0.2928015448079251,83.85137833645489,"sa658195"
"Wade Wass","LAA","AA",26,74,0.108108108,0.364864864,0.296296296,0.158730158,0.283783783,0.301587301,0.585371084,0.142857143,3.604243574081625,0.235294117,0.1470230296254158,6.280740119271849,-2.3017004358238236,0.28033990634454264,68.60966001123673,"sa658231"
"John Silviano","MIA","AA",23,64,0.109375,0.375,0.291666666,0.166666666,0.296875,0.37037037,0.66724537,0.203703704,4.42170329,0.222222222,-0.04966591252014041,6.9450742914577175,-0.47757699943583687,0.31098295096307993,96.236418044923,"sa658243"
"Dario Pizzano","SEA","AA",27,454,0.103524229,0.121145374,0.854545454,0.285,0.36123348,0.4325,0.79373348,0.1475,3.0805654334447503,0.304733727,-0.14743244234705344,65.47226832918213,10.168229700246318,0.35665564913360226,127.78095027213618,"sa658253"
"Nellie Rodriguez","CLE","AA",24,126,0.126984126,0.373015873,0.340425531,0.283018867,0.373015873,0.509433962,0.882449835,0.226415095,3.04224738375,0.438596491,-0.014307047706097364,21.337409938284726,6.336875731655928,0.3886828867215959,145.26235651347065,"sa658264"
"Bruce Caldwell","NYY","AA",26,307,0.123778501,0.234527687,0.527777777,0.27443609,0.362745098,0.417293233,0.780038331,0.142857143,2.589104550175735,0.359375,-0.2495606206357479,43.23799310262572,6.689072456315872,0.3525829013240965,123.00525188730538,"sa658271"
"Kody Eaves","DET","AA",24,295,0.115254237,0.227118644,0.507462686,0.208661417,0.296928327,0.314960629,0.611888956,0.106299212,4.218584630953426,0.260638297,-0.47588423383422196,24.9324225329721,-10.18787580794453,0.28124999918069216,66.71240819266266,"sa658290"
"Andrew Calica","CLE","AA",24,501,0.109780439,0.20758483,0.528846153,0.275534441,0.386773547,0.372921615,0.759695162,0.097387174,6.189873848937459,0.352564102,3.251504705287516,71.80946970680608,12.164488456639189,0.3557388547912659,123.68251313376413,"sa658329"
"Chuck Moorman","TEX","AA",24,179,0.111731843,0.340782122,0.327868852,0.191082802,0.280898876,0.305732484,0.58663136,0.114649682,2.2447585939410186,0.287234042,-0.46222507482161745,13.681400424120492,-8.123495863499576,0.2725996592741334,59.885655880584984,"sa658355"
"Daniel Sweet","CIN","AA",23,109,0.128440366,0.256880733,0.5,0.161290322,0.277777777,0.279569892,0.557347669,0.11827957,6.176116237267817,0.206349206,-0.0895005576312542,8.154067541975575,-4.487635437827509,0.2672918670707279,62.4527774206858,"sa658561"
"Tate Matheny","BOS","AA",24,446,0.091928251,0.28251121,0.325396825,0.253768844,0.325842696,0.341708542,0.667551238,0.087939698,5.688681756545407,0.362637362,-1.8090444507542998,47.26605893105662,-5.8310700860580225,0.30842998952008366,85.67584835135209,"sa658567"
"Jameson Fisher","CHW","AA",24,370,0.118918918,0.305405405,0.38938053,0.215873015,0.320652173,0.32063492,0.641287093,0.104761905,3.221740993614403,0.311557788,-1.344554171897471,37.47566636742053,-5.436536408057834,0.3016103610030962,87.8173810669589,"sa658576"
"Tyler Gaffney","PIT","AA",27,147,0.081632653,0.183673469,0.444444444,0.193548387,0.31292517,0.298387096,0.611312266,0.104838709,5.969002444475273,0.221052631,0.7835889866109937,13.837591287145923,-3.66303195392101,0.2934292295352131,79.19125225364577,"sa658578"
"Matt Rose","CHW","AA",23,467,0.074946466,0.312633832,0.239726027,0.183098591,0.244635193,0.338028169,0.582663362,0.154929578,1.1931148712500002,0.231343283,-0.2648848667740822,34.363032319046255,-19.799126319192656,0.2657035238753061,64.37225764623986,"sa658586"
"Jacob Scavuzzo","LAD","AA",24,375,0.058666666,0.234666666,0.25,0.266081871,0.317333333,0.549707602,0.867040935,0.283625731,5.224617866763536,0.285106382,1.9084257545182481,59.364573440412116,13.683924793163364,0.3741334902445475,127.97063795887999,"sa658601"
"C.J. Hinojosa","SFG","AA",23,283,0.084805653,0.098939929,0.857142857,0.260869565,0.327402135,0.359683794,0.687085929,0.098814229,3.8058520199645116,0.28125,-0.2788297994993627,31.593018116549548,-2.098657918973867,0.3155962432406551,98.00217872676183,"sa658616"
"Wes Rogers","COL","AA",24,197,0.076142131,0.223350253,0.34090909,0.2,0.269430051,0.268571428,0.538001479,0.068571428,6.330017035512776,0.253846153,1.1174763154704124,12.302631598184588,-11.150584582020757,0.25330283017973826,47.259856208902136,"sa658668"
"Jose Queliz","ARI","AA",25,79,0.075949367,0.367088607,0.206896551,0.208333333,0.278481012,0.263888888,0.5423699,0.055555555,2.64285714,0.348837209,-0.05959909502416849,5.32108621798547,-3.8412489692112617,0.25763252566132366,55.346557103672595,"sa658848"
"A.J. Simcox","DET","AA",24,183,0.06557377,0.245901639,0.266666666,0.204819277,0.261111111,0.289156626,0.550267737,0.084337349,6.2549202591108095,0.266666666,-0.2477841847576201,11.211328117923841,-10.575162039322748,0.2518010129475727,47.421979141785854,"sa658901"
"Jorge Saez","NYY","AA",27,173,0.104046242,0.242774566,0.428571428,0.236842105,0.323699421,0.361842105,0.685541526,0.125,2.7332866536782316,0.29245283,-0.45157134742476046,19.46081381788293,-1.1351577515359759,0.31667800445777144,99.4859069395345,"sa658909"
"Mikey White","OAK","AA",24,255,0.098039215,0.317647058,0.308641975,0.217777777,0.305882352,0.324444444,0.630326796,0.106666667,1.2072483472649624,0.309352517,-0.4877872868673876,23.778851613419636,-7.283989466709508,0.2934562634019291,71.27653147969029,"sa658966"
"Ian Rice","CHC","AA",24,334,0.155688622,0.254491017,0.611764705,0.25,0.386227544,0.400735294,0.786962838,0.150735294,2.4208902788538795,0.333333333,-0.13772820215672255,50.21099873910416,11.474037314753424,0.36518141160528345,125.506950135327,"sa658968"
"Tyler Krieger","CLE","AA",24,518,0.073359073,0.169884169,0.431818181,0.275641025,0.332038834,0.371794871,0.703833705,0.096153846,6.073800712828317,0.326315789,-0.41788113582879305,60.12150811291682,-1.5473547365571363,0.32120495930458737,101.06123661637551,"sa658994"
"Austin Rei","BOS","AA",24,313,0.115015974,0.230031948,0.5,0.249056603,0.354632587,0.39245283,0.747085417,0.143396227,3.430594198226042,0.312169312,-0.0533477773424238,41.9252407876969,4.662008988690438,0.3438518889034137,108.87880791988745,"sa659079"
"Jiandido Tromp","PHI","AA",24,328,0.100609756,0.25304878,0.397590361,0.224913494,0.311926605,0.328719723,0.640646328,0.103806229,5.0395693595273094,0.30049261,-0.8985139441210777,32.180423364286995,-6.868586316460991,0.29846700524700526,75.5793493363386,"sa659194"
"Nick Lovullo","BOS","AA",24,214,0.102803738,0.18224299,0.564102564,0.203208556,0.293838862,0.288770053,0.582608915,0.085561497,4.108096979102977,0.246575342,0.1785394314210862,17.15285418571858,-8.324243593793824,0.27572413473897633,64.25202186683681,"sa659264"
"Cam Gibson","DET","AA",24,180,0.105555555,0.238888888,0.441860465,0.25,0.329545454,0.401315789,0.730861243,0.151315789,7.158043459164908,0.311926605,0.34927025553770363,22.062996622931742,0.6336620420334582,0.3294466080313379,98.28338507337541,"sa659281"
"Dorssys Paulino","CLE","AA",23,153,0.117647058,0.189542483,0.620689655,0.195488721,0.289473684,0.330827067,0.620300751,0.135338346,2.947431604483553,0.217821782,-0.4306248251814395,13.669599038452425,-4.545335355311116,0.28736342960282374,78.89349126455667,"sa659464"
"Mike Ahmed","LAD","AA",26,222,0.09009009,0.283783783,0.317460317,0.251282051,0.324324324,0.394871794,0.719196118,0.143589743,3.9727193109829115,0.335877862,-0.2783197979442775,26.113517131946104,-0.9294268672251537,0.32368837605725537,94.78255868917866,"sa705802"
"Cael Brockmeyer","LAD","AA",26,210,0.08095238,0.261904761,0.309090909,0.278688524,0.361904761,0.387978142,0.749882903,0.109289618,3.9680026649491973,0.373015873,0.5394080989062786,28.220642155163176,2.6394789127038787,0.3444675471101488,108.45327362703556,"sa708438"
"Galli Cribbs Jr.","ARI","AA",25,359,0.086350974,0.306406685,0.281818181,0.211038961,0.323119777,0.324675324,0.647795101,0.113636363,6.631447993935556,0.317948717,-1.1363274743780494,37.539331513738844,-4.097103071117188,0.30586270813169425,86.8381244783575,"sa708444"
"Dylan Davis","SFG","AA",24,465,0.064516129,0.243010752,0.265486725,0.237209302,0.284482758,0.4,0.684482758,0.162790698,3.955947703754831,0.288961038,-0.06966554885730147,48.328807731105854,-7.030306602881382,0.3058402998180225,91.61159084951227,"sa709037"
"Cole Sturgeon","BOS","AA",26,140,0.085714285,0.142857142,0.6,0.365079365,0.421428571,0.579365079,1.00079365,0.214285714,4.451829443567666,0.396039603,0.9814850119873881,29.660855119354768,12.99359488976721,0.44253206934247696,173.51882657515193,"sa709546"
"David Rodriguez","TBR","AA",22,276,0.076086956,0.213768115,0.355932203,0.23015873,0.286231884,0.337301587,0.623533471,0.107142857,3.2173979152053565,0.28125,-0.2036811988800764,24.256175702591282,-7.754007989387169,0.2842410404031927,75.39157367489229,"sa735825"
"Ray-Patrick Didder","ATL","AA",23,154,0.103896103,0.24025974,0.432432432,0.27480916,0.372549019,0.374045801,0.74659482,0.099236641,7.2095437434178375,0.372340425,0.8343450580723584,20.81480429369513,2.954049624982512,0.34551745221803065,118.27186909331343,"sa736824"
"Luis Gonzalez","CIN","AA",23,413,0.041162227,0.171912832,0.239436619,0.242966751,0.277372262,0.31202046,0.589392722,0.069053709,4.014024266617028,0.289308176,-0.9313099225983024,32.082742223763056,-15.816554387784418,0.27101724223208834,64.8852356217725,"sa736875"
"Ademar Rifaela","BAL","AA",23,396,0.075757575,0.239898989,0.315789473,0.264623955,0.321518987,0.395543175,0.717062162,0.13091922,2.9563310879021714,0.33716475,-0.47219032794237137,46.8569254820256,-0.28761059595062605,0.3240683244753487,93.60440109418626,"sa736911"
"Jhon Nunez","BOS","AA",23,261,0.08045977,0.17624521,0.456521739,0.24137931,0.315384615,0.323275862,0.638660477,0.081896552,5.354301958577793,0.29032258,-0.47714662039652467,25.315292157809484,-5.757242984493028,0.29705159778778367,78.22248283691667,"sa736923"
"Omar Carrizales","COL","AA",23,309,0.071197411,0.245954692,0.289473684,0.229390681,0.289473684,0.376344086,0.66581777,0.146953405,6.1872795204124875,0.289340101,1.3416959510650486,31.03819496072115,-5.74882940315424,0.3014257416913384,78.78255797145482,"sa736953"
"Jose Martinez","STL","AA",21,70,0.1,0.285714285,0.35,0.2,0.279411764,0.25,0.529411764,0.05,3.299242945922436,0.292682926,0.1848520254716277,4.1553672434138464,-4.371687170739253,0.25143051410422607,45.17551451184369,"sa736960"
"Juremi Profar","TEX","AA",22,378,0.063492063,0.121693121,0.52173913,0.23209169,0.283068783,0.35243553,0.635504313,0.12034384,2.027888448551005,0.239864864,-1.581681146111805,33.40236596402203,-12.643727872404707,0.2873990026415971,69.62221389481279,"sa736995"
"Carlos Martinez","ATL","AA",23,150,0.066666666,0.106666666,0.625,0.248175182,0.306666666,0.321167883,0.627834549,0.072992701,1.55274085875,0.272727272,-0.12250925088301301,13.728824645930557,-3.668014317101212,0.2889600012126385,81.3430687519312,"sa737214"
"Riley Unroe","LAA","AA",22,402,0.129353233,0.23880597,0.541666666,0.226086956,0.329177057,0.298550724,0.627727781,0.072463768,4.645231483899947,0.299595141,-2.032552080694586,40.059411689074814,-6.564116731850323,0.29949078759053105,81.11409677991644,"sa737614"
"Cord Sandberg","PHI","AA",23,166,0.054216867,0.210843373,0.257142857,0.23076923,0.271084337,0.314102564,0.585186901,0.083333334,3.8934073269016527,0.277310924,-0.44778418773785233,12.266985762908236,-7.495622795031294,0.2678010014884443,55.49171830226419,"sa737636"
"Jan Hernandez","PHI","AA",23,388,0.077319587,0.30927835,0.25,0.262857142,0.325581395,0.431428571,0.757009966,0.168571429,5.092921331255897,0.356164383,0.5278096869587898,50.85992913503666,4.667807927322579,0.3402244773638033,102.93239798923722,"sa737639"
"Thomas Milone","TBR","AA",23,399,0.062656641,0.255639097,0.245098039,0.25479452,0.313131313,0.378082191,0.691213504,0.123287671,6.445709153537331,0.343629343,-1.9696419248357415,44.68862086969627,-1.586970771968235,0.31549967268500667,95.80168357128309,"sa737640"
"Drew Ward","WSN","AA",23,380,0.144736842,0.25,0.578947368,0.259375,0.376315789,0.45625,0.832565789,0.196875,4.421789980745658,0.330188679,-0.262184486258775,61.037127736532895,15.797421399080966,0.3776385308880555,132.62471840702247,"sa737690"
"Champ Stuart","NYM","AA",25,134,0.164179104,0.350746268,0.468085106,0.136363636,0.28030303,0.263636363,0.543939393,0.127272727,6.535318638233621,0.186440677,1.3551614077296108,9.63071299128273,-6.322236085608216,0.26523446133642486,62.55350337868267,"sa737827"
"Charcer Burks","CHC","AA",23,513,0.116959064,0.247563352,0.472440944,0.228832951,0.330058939,0.324942791,0.65500173,0.09610984,6.301049597795721,0.305194805,0.3047416293993592,54.760417824602726,-4.736771428965923,0.30868707120067246,88.61935742855779,"sa737838"
"Matt Oberste","NYM","AA",26,233,0.051502145,0.227467811,0.226415094,0.185185185,0.236051502,0.291666666,0.527718168,0.106481481,3.371735552103339,0.213836477,-0.4348327803891152,12.489994898389838,-15.249088197995164,0.24210108196274918,47.40008485410764,"sa737845"
"Forrestt Allday","SDP","AA",27,165,0.109090909,0.187878787,0.580645161,0.248275862,0.331288343,0.28275862,0.614046963,0.034482758,2.1798708583830138,0.315789473,-0.8969944404088892,15.232172814493223,-4.867312590296224,0.29229772858824465,81.86696591722861,"sa737849"
"Trey Michalczewski","CHW","AA",23,503,0.053677932,0.260437375,0.20610687,0.252771618,0.302,0.376940133,0.678940133,0.124168515,4.939308351867018,0.331288343,-0.7858914658427238,52.481688958742886,-5.855711030623649,0.30556585602387637,90.40009445444514,"sa737859"
"Nelson Molina","COL","AA",23,149,0.040268456,0.228187919,0.176470588,0.204225352,0.236486486,0.309859154,0.54634564,0.105633802,2.9449238860676368,0.254716981,-0.42473368789069355,7.4647679377811675,-10.273959020851303,0.2376607792130832,37.01359944495595,"sa737886"
"Brandon Bednar","COL","AA",26,293,0.054607508,0.184300341,0.296296296,0.279411764,0.324232081,0.426470588,0.750702669,0.147058824,3.370746542018339,0.323943661,-0.46167043992318213,37.603455682138936,2.7212610587878396,0.3367507054944087,101.48160961344189,"sa737887"
"Xavier Fernandez","KCR","AA",22,131,0.076335877,0.129770992,0.588235294,0.327731092,0.381679389,0.50420168,0.885881069,0.176470588,5.662394563141586,0.36,-0.48373995412839577,22.097348087996636,6.139574827224409,0.38700178565905075,134.4693438073256,"sa737922"
"Sicnarf Loopstok","CLE","AA",25,228,0.157894736,0.25,0.631578947,0.225274725,0.36123348,0.417582417,0.778815897,0.192307692,3.9988448322223733,0.266666666,-0.6587248742580414,31.773409646070355,4.629585843599195,0.3507043184446437,120.38466221863307,"sa737949"
"Edwin Diaz","OAK","AA",22,116,0.068965517,0.275862068,0.25,0.155339805,0.208695652,0.252427184,0.461122836,0.097087379,2.710097925286653,0.191780821,0.18295852828305215,3.0050374154568225,-11.125509899425456,0.2099394062291021,16.330396043914934,"sa738152"
"Ryan Walker","MIN","AA",26,205,0.107317073,0.165853658,0.647058823,0.226519337,0.31707317,0.309392265,0.626465435,0.082872928,3.2329813697162253,0.258741258,-0.20207662601023912,20.03109405178648,-3.744585864356939,0.29697937151280845,77.96557843869334,"sa738172"
"Jonah Arenado","SFG","AA",23,365,0.052054794,0.197260273,0.263888888,0.2,0.243835616,0.302941176,0.546776792,0.102941176,1.9136583134723733,0.235955056,-0.6587248742580414,21.523041226331916,-21.930887229378495,0.24889209254147254,54.30791786916924,"sa738199"
"Ryan Boldt","TBR","AA",23,273,0.087912087,0.212454212,0.413793103,0.273858921,0.347985347,0.460580912,0.808566259,0.186721991,7.905989224642799,0.329608938,1.3615017286501825,40.28350744916517,8.621260536447346,0.36158633560818787,125.89365453596609,"sa738262"
"Jantzen Witte","BOS","AA",28,316,0.098101265,0.234177215,0.418918918,0.276978417,0.355555555,0.456834532,0.812390087,0.179856115,4.422431484842059,0.341836734,-0.0826169562060386,47.681731708192395,10.061344332837628,0.3653125446940225,122.93651621031559,"sa738324"
"Stephen Wrenn","HOU","AA",23,532,0.082706766,0.259398496,0.318840579,0.247881355,0.318785578,0.370762711,0.689548289,0.122881356,7.975658016978516,0.328267477,4.422010520240292,58.343177149576576,-6.462436397986978,0.3138158629017492,92.93393663157784,"sa738419"
"Nick Longhi","CIN","AA",22,198,0.065656565,0.191919191,0.342105263,0.25,0.318181818,0.335227272,0.65340909,0.085227272,1.56331168375,0.302158273,-0.17217516340315342,20.331210378392257,-2.632617052809678,0.3034214407506615,86.04333514787761,"sa738434"
"Luis Aviles Jr.","MIL","AA",23,233,0.098712446,0.223175965,0.442307692,0.251207729,0.327586206,0.376811594,0.7043978,0.125603865,4.931393373196397,0.315789473,1.39621690986678,27.353124919502566,0.330035063593217,0.3224907873512863,101.65794946896753,"sa738445"
"Ryan Scott","SEA","AA",23,65,0.123076923,0.369230769,0.333333333,0.166666666,0.292307692,0.185185185,0.477492877,0.018518519,2.45903360875,0.29032258,-0.017041474697180092,3.4517880650438535,-4.466191033812596,0.24366979415600115,53.4470217685859,"sa738447"
"Chris Madera","BOS","AA",25,75,0.026666666,0.133333333,0.2,0.2,0.216216216,0.257142857,0.473359073,0.057142857,8.03126431545773,0.225806451,0.3945296641904861,2.2639879387391244,-6.664901469968494,0.21244182941075918,22.799225785965227,"sa738486"
"Rod Boykin","SDP","AA",23,248,0.084677419,0.427419354,0.198113207,0.214285714,0.287449392,0.316964285,0.604413677,0.102678571,7.742615507146935,0.385964912,0.6935380974900909,20.290590052234357,-9.919545586479483,0.2792771615480122,73.30067326372613,"sa738567"
"Adam Law","SEA","AA",28,189,0.084656084,0.243386243,0.347826086,0.24375,0.336898395,0.30625,0.643148395,0.0625,3.056144147739055,0.333333333,-0.10078142286511138,19.19765648305311,-3.82539043516026,0.30377978213968126,92.99366723154182,"sa738573"
"John Riley","SFG","AA",24,68,0.102941176,0.382352941,0.269230769,0.25,0.338235294,0.383333333,0.721568627,0.133333333,6.560591470689193,0.424242424,0.192425683606416,8.443073704428521,0.3475473072002801,0.3314611306961845,108.39440355373566,"sa738650"
"Jeremy Martinez","STL","AA",23,197,0.0964467,0.142131979,0.678571428,0.236994219,0.314720812,0.358381502,0.673102314,0.121387283,1.1087662275,0.251748251,-0.04828417830867693,20.589585079681168,-3.40798234300684,0.3074267231268326,82.01568533483274,"sa738674"
"Michael Reed","SDP","AA",23,195,0.061538461,0.323076923,0.19047619,0.178770949,0.226804123,0.234636871,0.461440994,0.055865922,6.858238827530881,0.262711864,2.2900114653166384,5.738500763793653,-18.015436532775695,0.21430805171887898,30.557188551099912,"sa738683"
"Brandon Wagner","NYY","AA",22,159,0.16981132,0.23899371,0.710526315,0.261538461,0.389937106,0.346153846,0.736090952,0.084615385,2.576375735151681,0.358695652,0.17769784037955105,21.91571495346506,2.9864694070049054,0.34877625913739957,120.51172764700515,"sa738979"
"Ryan Lidge","NYY","AA",23,120,0.141666666,0.141666666,1,0.205882352,0.319327731,0.245098039,0.56442577,0.039215687,1.7573339714909375,0.238095238,-0.6469425996765494,9.74983892532619,-4.536384128606001,0.2771111010503368,73.5677806956634,"sa738984"
"Dominic Miroglio","ARI","AA",23,81,0.012345679,0.148148148,0.083333333,0.23076923,0.259259259,0.307692307,0.566951566,0.076923077,3.0663465325380024,0.272727272,-0.4579945281147957,5.5658542708655885,-3.8284387691715667,0.25939361695890073,56.49644960687204,"sa739013"
"Jesse Hodges","CHC","AA",24,332,0.063253012,0.289156626,0.21875,0.198697068,0.251515151,0.28990228,0.541417431,0.091205212,2.539320644869349,0.277511961,-0.4069922626949847,20.214169455329646,-18.29083411618067,0.24924724062163053,49.80852708244212,"sa739560"
"Samir Duenez","KCR","AA",22,328,0.106707317,0.207317073,0.514705882,0.282229965,0.356707317,0.463414634,0.820121951,0.181184669,5.252194171179794,0.3317757,0.9214198815752752,48.1290139292499,8.173673245789663,0.3597842075942475,116.56277043750006,"sa739574"
"Wendell Rijo","MIL","AA",22,290,0.110344827,0.168965517,0.653061224,0.211764705,0.299651567,0.31372549,0.613377057,0.101960785,3.5514466030584404,0.247524752,-1.5386257560458034,25.299058216921093,-8.94019812036395,0.28460103921722946,77.89428241153128,"sa739597"
"Jose Pujols","PHI","AA",22,104,0.134615384,0.336538461,0.4,0.269662921,0.365384615,0.426966292,0.792350907,0.157303371,2.341335176209327,0.392156862,-0.4452594146132469,15.30057341261143,2.919180099203532,0.36053707622564757,116.23807663234957,"sa739662"
"Marty Herum","ARI","AA",26,303,0.0660066,0.151815181,0.434782608,0.3,0.346534653,0.410714285,0.757248938,0.110714285,2.715666198247196,0.341991341,-0.48645772272720933,40.69853479962974,5.5569200943055606,0.3444254998326695,112.01743525026367,"sa745229"
"Johan Mieses","STL","AA",22,233,0.0472103,0.26609442,0.177419354,0.205479452,0.25,0.374429223,0.624429223,0.168949771,2.77849543375,0.243243243,-0.037869943771511316,18.84008283933381,-9.542826853490073,0.2780888992650756,62.71419222472677,"sa747574"
"Michael De Leon","TEX","AA",21,536,0.039179104,0.128731343,0.304347826,0.262425447,0.295112781,0.328031809,0.62314459,0.065606362,2.1481462644154785,0.294930875,-0.34932594251586124,45.4014119522254,-19.89146184757547,0.2828577219205163,66.63448382451065,"sa823925"
"Kyle Overstreet","SDP","AA",24,507,0.06311637,0.147928994,0.426666666,0.272340425,0.321499013,0.382978723,0.704477736,0.110638298,2.6780625808748395,0.30670103,0.2778694372973405,57.331851481692354,-4.428385489387946,0.3180483843498079,98.8084441640326,"sa827140"
"Michael Russell","TBR","AA",25,190,0.063157894,0.221052631,0.285714285,0.24858757,0.294736842,0.378531073,0.673267915,0.129943503,6.090916968857811,0.308270676,-0.35080614360049367,19.74570241221118,-2.290293607629059,0.3050310665055325,88.96627885303468,"sa827159"
"Logan Ratledge","PIT","AA",25,64,0.078125,0.203125,0.384615384,0.181818181,0.265625,0.345454545,0.611079545,0.163636364,4.206087755950412,0.19047619,0.1949504567310214,5.205512536523866,-2.4138064255733025,0.27722188737243414,68.57470397522805,"sa827169"
"Gunnar Heidt","TOR","AA",25,320,0.084375,0.2375,0.355263157,0.228873239,0.297468354,0.341549295,0.639017649,0.112676056,4.6833536648232394,0.29468599,-0.7093613708857447,29.673117110317037,-8.423477700168803,0.2916500977107457,74.19742403814978,"sa827195"
"Will Maddox","DET","AA",26,434,0.055299539,0.15437788,0.358208955,0.29974811,0.341860465,0.397984886,0.739845351,0.098236776,5.238577864527142,0.347432024,-1.5613535197917372,54.3337814747911,2.6652747630696823,0.33276585524327285,100.4576433767781,"sa827323"
"Jordan Betts","BOS","AA",26,232,0.060344827,0.262931034,0.229508196,0.222748815,0.281385281,0.364928909,0.64631419,0.142180094,1.16880053375,0.270833333,-0.021460571559146047,21.838897583061943,-5.781133654540291,0.29342910944125355,75.84958776055655,"sa827329"
"Vicente Conde","NYY","AA",24,80,0.125,0.175,0.714285714,0.119402985,0.23076923,0.19402985,0.42479908,0.074626865,1.72373949,0.132075471,-0.006311932811513543,2.3099930487202758,-7.214155653901184,0.21078072144435003,30.11835695054338,"sa827330"
"Chris Chinea","STL","AA",24,316,0.047468354,0.227848101,0.208333333,0.23076923,0.268987341,0.411371237,0.680358578,0.180602007,1.7499999962500001,0.257009345,-0.05491141846869141,31.019983375418434,-7.473576551329841,0.2995504243033273,76.83383107763294,"sa827344"
"Eric Filia","SEA","AA",25,345,0.127536231,0.086956521,1.466666666,0.273648648,0.371014492,0.347972972,0.718987464,0.074324324,3.064249993276034,0.296992481,0.10153814917430282,41.868219197145905,-0.15797755832294177,0.3283124740659838,109.13384130918115,"sa827359"
"T.J. White","MIN","AA",26,146,0.05479452,0.260273972,0.210526315,0.186567164,0.253424657,0.305970149,0.559394806,0.119402985,2.3363170732634835,0.228260869,-0.706055870745331,10.187297406944467,-6.745625850406455,0.26076979710631176,54.32278478491899,"sa827369"
"Alejandro Salazar","ATL","AA",21,205,0.043902439,0.160975609,0.272727272,0.301075268,0.329949238,0.354838709,0.684787947,0.053763441,4.812934691602541,0.361290322,-0.5971609982661903,22.222062621374985,-1.553617294768434,0.3108319770924899,95.62422562835326,"sa827937"
"Andy Pineda","HOU","AA",21,71,0.056338028,0.225352112,0.25,0.338461538,0.394366197,0.492307692,0.886673889,0.153846154,5.81360114732862,0.425531914,-0.697680847661104,12.559325814061632,3.910456336849204,0.39718313871974675,147.78166178637102,"sa828307"
"Jake Gatewood","MIL","AA",22,388,0.072164948,0.293814432,0.245614035,0.244318181,0.301546391,0.46590909,0.767455481,0.221590909,3.4371242576294216,0.299107142,0.1483593825250864,50.59581188874581,5.595988437703637,0.3393485258897969,112.66509440972044,"sa828685"
"Justin Twine","MIA","AA",22,121,0.024793388,0.190082644,0.130434782,0.401785714,0.433333333,0.571428571,1.004761904,0.169642857,5.728166897996169,0.476744186,0.05090035032480955,26.07561983884815,12.042169742002525,0.4496485859155655,186.7771948363509,"sa828686"
"Michael Gettys","SDP","AA",22,473,0.065539112,0.338266384,0.19375,0.229698375,0.289978678,0.399071925,0.689050603,0.16937355,6.032152654252194,0.326848249,0.7582476563402452,49.52045570452568,-8.098069122537405,0.30764839651747644,91.9662429688513,"sa828692"
"Josh Morgan","TEX","AA",22,332,0.081325301,0.147590361,0.551020408,0.231292517,0.301204819,0.31632653,0.617531349,0.085034013,2.7992991363951383,0.262096774,-0.3010417642071843,27.951001309096235,-12.491599626601325,0.28221984072165057,66.21481876608681,"sa828797"
"Brian Schales","MIA","AA",22,490,0.11632653,0.220408163,0.527777777,0.258293838,0.353783231,0.402843601,0.756626832,0.144549763,3.586456872492562,0.32247557,-0.4404730061069131,66.00326041629152,9.173586470387745,0.3449205376438259,118.39573287122474,"sa828808"
"Gavin LaValley","CIN","AA",23,446,0.098654708,0.271300448,0.363636363,0.208651399,0.29147982,0.34351145,0.63499127,0.134860051,2.2342181780693506,0.261363636,-0.3394346931017935,41.77657516053172,-9.950026022882744,0.29173884748875556,78.41526587726338,"sa828878"
"Tyler Moore","NYM","AA",24,55,0.072727272,0.363636363,0.2,0.117647058,0.181818181,0.156862745,0.338680926,0.039215687,0.76785714,0.193548387,-0.0033663641661405563,-0.3649825026225867,-6.91283473567484,0.16580674865029074,-2.5761829908186744,"sa829014"
"Mac James","TBR","AA",25,149,0.154362416,0.134228187,1.15,0.208,0.32885906,0.232,0.56085906,0.024,1.9452238290419466,0.245283018,-0.7623439049348235,12.416917803824282,-4.863942232787275,0.2783440607506157,71.54118119192046,"sa829039"
"Danny Mars","BOS","AA",24,472,0.095338983,0.205508474,0.463917525,0.255474452,0.33261339,0.343065693,0.675679083,0.087591241,6.330617641187445,0.324840764,1.6670741157140583,51.81513923493083,-4.377338110535779,0.3132427798234103,88.82844549504114,"sa829046"
"Jamie Ritchie","HOU","AA",25,185,0.091891891,0.221621621,0.414634146,0.279503105,0.367567567,0.347826086,0.715393653,0.068322981,3.152140791511588,0.371900826,-0.2802132951328531,23.33300974558843,0.7972230796123858,0.33422447636320785,106.36085997699492,"sa829058"
"Chris Rabago","NYY","AA",25,259,0.092664092,0.239382239,0.387096774,0.195652173,0.2734375,0.326086956,0.599524456,0.130434783,6.2683570488125335,0.248484848,1.3634840643499047,20.513821875323295,-10.320609549413682,0.2741810450366899,62.399880707803476,"sa829062"
"Nick Tanielu","HOU","AA",25,125,0.072,0.096,0.75,0.286956521,0.336,0.434782608,0.770782608,0.147826087,3.2754748641348055,0.29,0.16970404796302319,16.481156410052044,1.2542735276357957,0.341324100571294,111.0317363304161,"sa829082"
"Anfernee Seymour","MIA","AA",23,58,0.103448275,0.155172413,0.666666666,0.25490196,0.344827586,0.392156862,0.736984448,0.137254902,5.024073863749182,0.292682926,0.3453165446408093,7.6059829503384595,0.8792052179661763,0.34030255675315857,115.38045387154855,"sa829114"
"Emmanuel Marrero","PHI","AA",25,163,0.092024539,0.288343558,0.319148936,0.188811188,0.26875,0.265734265,0.534484265,0.076923077,3.2496407103339493,0.263157894,0.5848513701930642,10.140285649815961,-9.265167331775263,0.2529994253069162,45.796010853774845,"sa829119"
"Zack Zehner","NYY","AA",25,135,0.125925925,0.244444444,0.515151515,0.293103448,0.385185185,0.5,0.885185185,0.206896552,4.895593526987178,0.375,-0.4482049832586199,23.460139315911626,7.38813838023791,0.39429882853119463,150.33108672962845,"sa829122"
"Bo Way","LAA","AA",26,133,0.127819548,0.142857142,0.894736842,0.279279279,0.393939393,0.342342342,0.736281735,0.063063063,3.8955296058834517,0.336956521,-1.774085505399853,18.20596294553115,2.780765731642983,0.34775441065999385,112.62749896478496,"sa829126"
"Luke Dykstra","STL","AA",22,161,0.04347826,0.155279503,0.28,0.225165562,0.267080745,0.258278145,0.52535889,0.033112583,2.1093205525,0.267716535,-0.03597644658293575,8.690477379766596,-10.921747772785531,0.2447532870754692,40.782535260980964,"sa829151"
"Ryan Metzler","COL","AA",25,334,0.092814371,0.257485029,0.360465116,0.229452054,0.306060606,0.366438356,0.672498962,0.136986302,4.520143463886335,0.292079207,1.1040108588058501,35.035382211267155,-4.727938622177439,0.3070604712674112,82.47356282464958,"sa829159"
"Alexis Pantoja","CLE","AA",22,82,0.036585365,0.280487804,0.130434782,0.189873417,0.219512195,0.215189873,0.434702068,0.025316456,2.295634915,0.267857142,-0.006732728332281113,1.852470649318219,-7.909781770868777,0.20282239521422038,23.5152581107447,"sa829182"
"Roberto Ramos","COL","AA",23,228,0.114035087,0.328947368,0.346666666,0.231155778,0.320175438,0.502512562,0.822688,0.271356784,2.2478490829631497,0.279279279,-0.036515956511721015,33.9057355162796,6.761911713808438,0.3625488417190418,118.8209761064739,"sa829199"
"Alec Keller","WSN","AA",26,241,0.058091286,0.124481327,0.466666666,0.336322869,0.379166666,0.443946188,0.823112854,0.107623319,4.152865367317637,0.380208333,-0.6625120339449495,37.32313908921488,8.631641122567727,0.3703483804499255,127.8493373910605,"sa829219"
"Jeremy Rivera","BOS","AA",23,532,0.054511278,0.161654135,0.337209302,0.261569416,0.303773584,0.327967806,0.63174139,0.06639839,4.674557943858604,0.306372549,-0.985666397260502,48.817955285232244,-14.517633587200471,0.29042741476364853,73.88334084963185,"sa829240"
"Kyle Martin","PHI","AA",25,175,0.125714285,0.211428571,0.594594594,0.195804195,0.304093567,0.356643356,0.660736923,0.160839161,2.0993788775,0.226415094,-0.014307047706097364,16.77567633307024,-4.058398953914201,0.2956173721523512,73.71270969725883,"sa829261"
"Mason Davis","MIA","AA",25,129,0.054263565,0.186046511,0.291666666,0.19327731,0.236220472,0.294117647,0.530338119,0.100840337,7.795279128518369,0.239583333,-0.07625631429255009,6.692037440269879,-8.269244067937443,0.23756936050596691,48.301516875557084,"sa829296"
"Corey Toups","KCR","AA",25,213,0.112676056,0.31455399,0.358208955,0.248648648,0.33649289,0.356756756,0.693249646,0.108108108,5.768190342788811,0.365217391,0.6672894752118737,24.42486216210688,-1.5217462695304085,0.3200203739636317,90.40195617706686,"sa829321"
"Blake Drake","STL","AA",24,314,0.06687898,0.242038216,0.276315789,0.235294117,0.287539936,0.363321799,0.650861735,0.128027682,3.3367398050051573,0.296650717,-0.33744428266072646,29.290158602422956,-8.959771198206658,0.293493915670596,72.8492253960117,"sa829329"
"Josh Ockimey","BOS","AA",22,376,0.156914893,0.29787234,0.526785714,0.254019292,0.369680851,0.47266881,0.842349661,0.218649518,2.6513883372365696,0.338624338,-0.4588181250728667,59.958192100069574,15.194693197748705,0.37616847070058185,130.04764284650466,"sa829375"
"Darren Seferina","STL","AA",24,105,0.038095238,0.276190476,0.137931034,0.145833333,0.182692307,0.260416666,0.443108973,0.114583333,6.34944412564581,0.164179104,0.3519864029949531,1.9609329313843324,-10.666236863950008,0.19819846176184142,13.179368980697133,"sa829376"
"Will Toffey","NYM","AA",23,165,0.181818181,0.218181818,0.833333333,0.253731343,0.393939393,0.43283582,0.826775213,0.179104477,3.6819075757173185,0.319148936,0.37938102544285357,26.79520477633887,7.151648077182108,0.3798816724257036,137.6526553118444,"sa829401"
"Cade Gotta","MIA","AA",26,165,0.115151515,0.187878787,0.612903225,0.253521126,0.343558282,0.373239436,0.716797718,0.11971831,9.485882693806271,0.315315315,2.2392607126384974,20.416390792773985,1.2798679334390386,0.33070867266391685,109.1161929522191,"sa829411"
"J.P. Sportman","OAK","AA",26,428,0.051401869,0.193925233,0.26506024,0.27680798,0.31542056,0.446384039,0.761804599,0.169576059,5.422205568399182,0.318181818,-2.0179187495959923,54.65328906376041,2.5164420743671716,0.3361717676111351,99.3792637775491,"sa829450"
"Daniel Salters","CLE","AA",25,274,0.062043795,0.248175182,0.25,0.239837398,0.310218978,0.341463414,0.651682392,0.101626016,1.6224143189249387,0.308571428,-0.24535266542807221,27.552346463262047,-5.0678628432164565,0.30156350462106024,88.19518801866606,"sa829475"
"Jodd Carter","CLE","AA",21,75,0.04,0.16,0.25,0.289855072,0.337837837,0.36231884,0.700156677,0.072463768,2.93831168375,0.339285714,-0.0096782969776541,8.768770365935714,-0.16011904277190533,0.3222843191108188,101.7682665153898,"sa829534"
"Devyn Bolasky","NYY","AA",25,163,0.073619631,0.098159509,0.75,0.364864864,0.417177914,0.432432432,0.849610346,0.067567568,3.3931939604570167,0.406015037,-0.44114471320062876,27.498275992887237,8.092823011296012,0.3878679772827523,146.1185858726277,"sa829558"
"Sal Giardina","ATL","AA",26,72,0.069444444,0.305555555,0.227272727,0.15,0.271428571,0.15,0.421428571,0,2.918013743951046,0.236842105,0.13708984712138772,2.897086724891463,-5.453395977363786,0.22248375500951495,37.9378590078487,"sa829575"
"Andrew Ely","NYM","AA",25,222,0.153153153,0.22072072,0.693877551,0.162011173,0.309090909,0.229050279,0.538141188,0.067039106,3.925119709173031,0.213740458,-0.44114471320062876,16.642107680277775,-9.787404969496775,0.2691522668708454,65.11984468152441,"sa829591"
"Luke Tendler","BOS","AA",26,418,0.078947368,0.224880382,0.351063829,0.272727272,0.334928229,0.44117647,0.776104699,0.168449198,1.445828270837592,0.32103321,-0.6763982861302793,56.94970708665277,7.18603011545564,0.3467608224287879,110.78429204558,"sa829644"
"Jeff Hendrix","NYY","AA",24,370,0.124324324,0.308108108,0.403508771,0.194805194,0.315068493,0.233766233,0.548834726,0.038961039,4.240824650061361,0.302564102,-0.5240892111323774,28.518668961553068,-15.530518788071182,0.2718283862283785,70.10736156061029,"sa829803"
"Nick Schulz","SDP","AA",27,152,0.144736842,0.296052631,0.488888888,0.173228346,0.309210526,0.338582677,0.647793203,0.165354331,2.2884529193284218,0.210526315,-0.4865801999112591,15.446400224383643,-3.0694893606345155,0.3038370170091328,89.4587183594276,"sa829877"
"Kungkuan Giljegiljaw","CLE","AA",24,57,0.052631578,0.228070175,0.23076923,0.24074074,0.280701754,0.37037037,0.651072124,0.12962963,0.4107142775,0.282051282,-0.005470341769978404,5.416343613777592,-1.3696123368401985,0.2945567756368403,83.60546098090448,"sa830277"
"Billy Fleming","NYY","AA",25,188,0.085106382,0.186170212,0.457142857,0.297619047,0.356382978,0.488095238,0.844478216,0.190476191,3.774524280599301,0.338461538,-0.035674365470185876,29.411592428582736,7.029842977422307,0.372345423634677,135.95060530221784,"sa836204"
"Blake Allemand","MIL","AA",25,344,0.087209302,0.180232558,0.483870967,0.259016393,0.334302325,0.363934426,0.698236751,0.104918033,3.019443040045691,0.304166666,-0.7245858828537166,40.22047698085432,0.32372629230146804,0.3218746131432647,101.25562273926097,"sa857217"
"Ryan Howard","SFG","AA",23,475,0.082105263,0.115789473,0.709090909,0.272511848,0.336170212,0.395734597,0.731904809,0.123222749,4.703679856910409,0.301630434,-0.3287179588805884,58.800265558696935,2.2506326368820115,0.330988966325707,108.08511435726058,"sa857225"
"Zander Wiel","MIN","AA",25,435,0.091954022,0.188505747,0.487804878,0.310880829,0.381609195,0.445595854,0.827205049,0.134715025,4.344606828470832,0.376666666,-0.4372638603672385,68.04506709652124,17.594234103729107,0.373078885598415,127.65423504868872,"sa857249"
"Roberto Baldoquin","LAA","AA",24,212,0.061320754,0.216981132,0.282608695,0.269430051,0.320754716,0.341968911,0.662723627,0.07253886,4.165199160510704,0.342281879,-0.8070941837504506,22.018424534826323,-2.569107866258577,0.30494778167526676,84.6772036992876,"sa857538"
"Zach Gibbons","LAA","AA",24,440,0.095454545,0.134090909,0.711864406,0.260759493,0.329545454,0.364556962,0.694102416,0.103797469,5.042706917463589,0.295522388,-1.199237630236894,49.656420194953576,-1.3743074299396105,0.3166064971917281,92.28968215952318,"sa857717"
"Jason Goldstein","OAK","AA",24,60,0.05,0.316666666,0.157894736,0.163636363,0.220338983,0.254545454,0.474884437,0.090909091,1.79058440875,0.228571428,-0.009467485942877829,2.069329867125391,-5.239573916434408,0.22058391267970456,23.333467194826046,"sa857721"
"Ryan Hissey","TOR","AA",24,118,0.050847457,0.237288135,0.214285714,0.172727272,0.215517241,0.254545454,0.470062695,0.081818182,2.23524844,0.2125,-0.00841591041535139,4.001913552388451,-10.046205783978202,0.21716329249842414,25.405169534027134,"sa857726"
"Brennon Lund","LAA","AA",23,453,0.094922737,0.225165562,0.421568627,0.264339152,0.342920353,0.403990024,0.746910377,0.139650872,7.479343192494021,0.334470989,1.7742739277891815,59.87500342841493,7.336549760058985,0.34164633885421586,108.6392753058917,"sa857730"
"Errol Robinson","LAD","AA",23,475,0.077894736,0.218947368,0.35576923,0.247113163,0.309473684,0.353348729,0.662822413,0.106235566,4.712379202732819,0.302180685,-0.3432201916584745,47.93323959622327,-9.928915356958473,0.30295779667402567,81.14381244067114,"sa857819"
"Anderson Miller","KCR","AA",24,470,0.070212765,0.176595744,0.397590361,0.254629629,0.307692307,0.414351851,0.722044158,0.159722222,4.769174732200715,0.286982248,-1.4999301125644706,54.09688336452281,-3.156196273362282,0.3205524388812642,90.75200420347144,"sa857824"
"Logan Taylor","SEA","AA",24,250,0.08,0.268,0.298507462,0.269911504,0.328,0.411504424,0.739504424,0.14159292,1.95366794625,0.348387096,-0.06153865862870589,31.00200153143751,0.5482357666050129,0.33159988808631896,111.29664654526677,"sa857838"
"Kyle Holder","NYY","AA",24,132,0.06060606,0.113636363,0.533333333,0.247863247,0.296875,0.324786324,0.621661324,0.076923077,2.8289475021069017,0.27184466,-0.4293624386191368,11.514517734308432,-4.200327625016978,0.28468787390738726,78.53091246789278,"sa857840"
"Connor Marabell","CLE","AA",24,377,0.061007957,0.153846153,0.396551724,0.295652173,0.341333333,0.48115942,0.822492753,0.185507247,4.967375900712802,0.325,-0.48556253081187606,56.6454729062144,11.76292214511077,0.3645041340192159,129.42417078266934,"sa858026"
"Kyle Barrett","MIA","AA",24,115,0.078260869,0.286956521,0.272727272,0.227722772,0.292035398,0.356435643,0.648471041,0.128712871,8.13008495738121,0.328571428,0.7155170030891895,10.939665899332448,-2.3979106389919087,0.29362870950614456,84.90508492352396,"sa858028"
"Brendon Sanger","LAA","AA",24,362,0.138121546,0.198895027,0.694444444,0.233552631,0.340782122,0.342105263,0.682887385,0.108552632,2.3965390211432833,0.280701754,-1.1577984122559428,41.71168644909787,-0.27268491501880354,0.31967852763435084,94.29554340046641,"sa858055"
"Alex Perez","MIN","AA",25,280,0.125,0.196428571,0.636363636,0.248962655,0.346428571,0.298755186,0.645183757,0.049792531,4.492785490715914,0.319148936,0.1119377133436501,29.676899436508755,-2.797199961150549,0.3077065120850291,84.96979141830072,"sa858057"
"Matt Winn","SFG","AA",25,58,0.103448275,0.362068965,0.285714285,0.25490196,0.333333333,0.431372549,0.764705882,0.176470589,0.5595238025,0.413793103,-0.0050495462492108345,7.817747668598992,0.9127398591984338,0.34491864212772305,117.2096872927562,"sa858059"
"Donnie Dewees","KCR","AA",24,310,0.064516129,0.154838709,0.416666666,0.252631578,0.305194805,0.350877192,0.656071997,0.098245614,6.422306064329315,0.296610169,-0.1722136393073015,30.105008031708074,-7.657661516684221,0.2982463277392573,76.07670815733452,"sa858802"
"Arden Pabst","PIT","AA",23,63,0.079365079,0.238095238,0.333333333,0.192982456,0.258064516,0.333333333,0.591397849,0.140350877,2.1916969027409374,0.225,-0.4209465282037854,4.794673322489251,-2.705593780825149,0.2705979260706132,64.23570722617103,"sa858812"
"Luis Yander La O","TEX","AA",26,310,0.054838709,0.14516129,0.377777777,0.29020979,0.332258064,0.367132867,0.699390931,0.076923077,4.419308558512971,0.330578512,-0.5845213769935071,34.571553441864936,-3.191116106527362,0.3161144727256306,88.5142575103215,"sa863716"
"Cassidy Brown","CIN","AA",23,105,0.066666666,0.361904761,0.184210526,0.175257731,0.228571428,0.237113402,0.46568483,0.061855671,0.8765527900000001,0.27118644,-0.06622121669352055,3.9340978717617294,-8.24368940236051,0.2188938367934454,30.851614969861473,"sa872712"
"Tyler Ramirez","OAK","AA",23,594,0.104377104,0.249158249,0.418918918,0.287109375,0.369932432,0.4296875,0.799619932,0.142578125,4.202251237449818,0.378453038,-0.8621547647053376,87.62263458514325,15.26448712790124,0.3607491009138726,115.54880762793454,"sa873260"
"Connor Justus","LAA","AA",23,297,0.134680134,0.276094276,0.487804878,0.170040485,0.301694915,0.214574898,0.516269813,0.044534413,3.6027394250146108,0.253012048,-1.681644021999091,20.489434073604528,-13.956307073198378,0.25974842431181566,55.164592823763314,"sa873634"
"Stephen Alemais","PIT","AA",23,463,0.095032397,0.149028077,0.637681159,0.278606965,0.346491228,0.345771144,0.692262372,0.067164179,5.64181046926744,0.326470588,-0.6003009807318449,52.776550333183735,-2.344460283237965,0.3185751638569675,95.66298605500411,"sa874070"
"Kort Peterson","KCR","AA",24,183,0.06557377,0.333333333,0.196721311,0.228915662,0.300546448,0.439759036,0.740305484,0.210843374,7.345040342990378,0.31632653,-0.1109353190404363,22.314194257377217,0.02203771751982879,0.3290296828811937,96.32922313519376,"sa874104"
"Ryne Birk","HOU","AA",23,470,0.089361702,0.189361702,0.471910112,0.216019417,0.294871794,0.283980582,0.578852376,0.067961165,6.213284111727365,0.267477203,-0.4888294528936967,34.96133166094614,-22.291747976938947,0.27006160561992476,64.14780377310755,"sa874211"
"Cornelius Randolph","PHI","AA",21,465,0.103225806,0.197849462,0.52173913,0.241463414,0.323974082,0.321951219,0.645925301,0.080487805,2.559687262145787,0.298412698,-0.7011319680605084,47.06545129034503,-8.293663043642205,0.3023994017883202,78.15524841414239,"sa874241"
"Matt Jones","ARI","AA",26,147,0.088435374,0.346938775,0.25490196,0.25,0.319727891,0.356060606,0.675788497,0.106060606,1.553199419359892,0.379746835,-0.5308378664776683,15.791352460009628,-1.257549723761506,0.30956677214740075,89.25666771282333,"sa874481"
"Chris Paul","MIN","AA",25,366,0.057377049,0.204918032,0.28,0.254437869,0.303278688,0.378698224,0.681976912,0.124260355,4.100122631720126,0.307692307,0.13180407835170627,39.14477460124234,-3.3035124685551716,0.3089559955139683,85.78563306704761,"sa875062"
"Ronnie Jebavy","SFG","AA",24,272,0.106617647,0.268382352,0.397260273,0.168067226,0.264705882,0.260504201,0.525210083,0.092436975,6.496396171102969,0.220858895,0.7270613526925445,16.366182751063594,-16.01592283784937,0.250415104057859,55.30555987178186,"sa875072"
"Brian Mundell","COL","AA",24,506,0.104743083,0.152173913,0.688311688,0.263038548,0.345238095,0.371882086,0.717120181,0.108843538,2.1078653083375922,0.301104972,-1.1070231113117188,62.3029483749801,2.0627078308993623,0.33015096554207424,97.59888965352769,"sa875185"
"Jhalan Jackson","NYY","AA",25,395,0.096202531,0.374683544,0.256756756,0.205202312,0.296954314,0.410404624,0.707358938,0.205202312,5.795839557128907,0.295081967,0.5337008242495358,45.29578726426003,-1.7296969549334296,0.3194422597812517,101.29662024470542,"sa875208"
"Connor Panas","TOR","AA",25,407,0.061425061,0.206388206,0.297619047,0.232432432,0.295566502,0.359459459,0.655025961,0.127027027,3.812667340775883,0.275985663,-0.4864041218534112,39.87163514870477,-8.582471375881909,0.29828166667325995,78.54140415192047,"sa875228"
"Hutton Moyer","LAA","AA",25,146,0.05479452,0.356164383,0.153846153,0.2,0.246575342,0.377777777,0.624353119,0.177777777,7.352618475039764,0.265822784,-0.302846719045192,12.319877210640719,-4.613046046710203,0.2797020204263191,68.19315676903067,"sa875235"
"Sean Miller","MIN","AA",23,164,0.060975609,0.219512195,0.277777777,0.22,0.277777777,0.273333333,0.55111111,0.053333333,3.9130899849185172,0.28318584,0.07086863042786717,11.311856427278398,-7.708687505636336,0.2597312386389132,53.64466514544377,"sa875243"
"Logan Landon","LAD","AA",25,66,0.015151515,0.393939393,0.038461538,0.171875,0.196969696,0.265625,0.462594696,0.09375,5.519752827582918,0.27027027,0.1914792656316422,1.6411679268533936,-6.398626235062386,0.2086505149350022,19.098605635425585,"sa875279"
"Dillon Dobson","SFG","AA",24,208,0.120192307,0.3125,0.384615384,0.172222222,0.278846153,0.311111111,0.589957264,0.138888889,2.889525666236948,0.227272727,-0.8662059428170323,16.489820565363274,-8.272966061452525,0.27461527856651713,71.15777786267114,"sa875376"
"Peter Van Gansen","SDP","AA",24,382,0.099476439,0.130890052,0.76,0.25297619,0.325396825,0.342261904,0.667658729,0.089285714,2.736996976562351,0.283216783,-2.6474328858894296,39.529270825513734,-7.004083263150319,0.3061420737274129,90.97522607915262,"sa875579"
"Christian Kelley","PIT","AA",24,347,0.072046109,0.18443804,0.390625,0.234726688,0.308357348,0.366559485,0.674916833,0.131832797,2.71230158375,0.269709543,-0.03534682374447584,36.99969134948072,-4.311303648139865,0.30925274908714406,89.55637921711315,"sa875583"
"Jason Morozowski","ARI","AA",24,308,0.074675324,0.275974025,0.270588235,0.199288256,0.262987012,0.313167259,0.576154271,0.113879003,4.185754589798451,0.260416666,-0.6203384241089225,22.808792931572878,-12.912716405852354,0.26631531390276825,61.015924228160564,"sa875605"
"Mylz Jones","COL","AA",24,429,0.032634032,0.219114219,0.14893617,0.25,0.275294117,0.386138613,0.66143273,0.136138613,5.500188089835474,0.298360655,-0.11525249923579395,40.724758864383546,-10.348488553424037,0.2944376449023976,74.2050358713522,"sa875606"
"Zach Coppola","PHI","AA",24,163,0.159509202,0.184049079,0.866666666,0.193798449,0.327044025,0.201550387,0.528594412,0.007751938,4.563397631581006,0.245098039,-1.3486363973934203,12.112855466910496,-7.29259751468073,0.26832594811541477,55.835582283961514,"sa875612"
"Max McDowell","MIL","AA",24,125,0.12,0.144,0.833333333,0.225490196,0.344,0.294117647,0.638117647,0.068627451,4.544273812004604,0.255813953,0.4774907580576837,12.838166877850675,-1.6591989246757988,0.3034505445149637,89.22575329225243,"sa875626"
"Brett Siddall","OAK","AA",23,285,0.080701754,0.224561403,0.359375,0.205533596,0.278169014,0.28458498,0.562753994,0.079051384,4.086861427235195,0.261780104,-0.08400028652977198,18.23171467251947,-16.485578299389573,0.25714573105034877,47.387660467621515,"sa875635"
"Austin Bossart","PHI","AA",24,191,0.057591623,0.198952879,0.289473684,0.272727272,0.322751322,0.4375,0.760251322,0.164772728,1.7197802150000001,0.312977099,-0.01977738947607577,25.25880086498795,2.5198958374792184,0.3416970649724284,103.8970100326031,"sa875667"
"Chad De La Guerra","BOS","AA",25,356,0.08988764,0.269662921,0.333333333,0.265822784,0.342696629,0.462025316,0.804721945,0.196202532,4.871190396997195,0.333333333,0.3462314330972731,51.87180257074807,9.489340844082578,0.3587467936472704,118.63564983310053,"sa875729"
"Scott Burcham","COL","AA",25,196,0.086734693,0.260204081,0.333333333,0.262857142,0.328205128,0.348571428,0.676776556,0.085714286,3.6934919840163127,0.354838709,-0.9013662589713931,20.97693866822839,-2.357225653194189,0.3097566120403329,84.23965799273145,"sa875782"
"Jonathan Morales","ATL","AA",23,159,0.056603773,0.132075471,0.428571428,0.267605633,0.324840764,0.352112676,0.67695344,0.084507043,2.9389071118065004,0.303278688,-0.9457886037416756,17.04093519412658,-1.3997141066870957,0.3092447179250228,94.58783562414615,"sa875808"
"Logan Hill","PIT","AA",25,444,0.092342342,0.297297297,0.31060606,0.227621483,0.31081081,0.404092071,0.714902881,0.176470588,3.2278446311773097,0.292682926,-1.9228268454317003,51.77574310227494,-1.083282197274164,0.32189816357862894,97.83970242341688,"sa875822"
"Mitch Ghelfi","MIL","AA",25,144,0.0625,0.173611111,0.36,0.251908396,0.305555555,0.374045801,0.679601356,0.122137405,5.4656490921317875,0.285714285,0.684112882707268,15.436953023824927,-1.2640123806855712,0.30927760029832524,89.61501536211533,"sa875890"
"Andrew Guillotte","TOR","AA",25,386,0.111398963,0.176165803,0.632352941,0.250755287,0.3359375,0.326283987,0.662221487,0.0755287,4.417286022227588,0.302238805,-1.5722009495366365,40.367375579817235,-5.586641910331312,0.30665815984391415,84.02838920208607,"sa876089"
"Thomas Spitz","STL","AA",26,120,0.1,0.316666666,0.315789473,0.259615384,0.336134453,0.442307692,0.778442145,0.182692308,5.8014697718257064,0.369230769,-0.6790062141371891,16.195986128527444,1.5781785614078458,0.3451899770929032,106.860308769614,"sa876093"
"Brian Olson","MIN","AA",25,67,0.119402985,0.283582089,0.421052631,0.206896551,0.303030303,0.224137931,0.527168234,0.01724138,2.01785714,0.307692307,-0.06291015585884452,4.60338065658898,-3.16720741356521,0.25938444516875525,53.418228723867124,"sa876130"
"Jordan George","PIT","AA",25,392,0.104591836,0.119897959,0.872340425,0.263157894,0.355498721,0.342105263,0.697603984,0.078947369,1.7432250732364856,0.293103448,-0.4668132399674505,47.271063961008394,0.6027353181632384,0.32693548599878947,101.13937834377896,"sa876211"
"Dalton Kelly","TBR","AA",23,493,0.131845841,0.206896551,0.637254901,0.227817745,0.341463414,0.330935251,0.672398665,0.103117506,6.728615454152335,0.288461538,3.139660682529211,55.91835765473801,-1.2592530704264009,0.31734420374308975,97.0060574947284,"sa876363"
"Peter Maris","TBR","AA",24,179,0.117318435,0.217877094,0.538461538,0.248366013,0.337078651,0.444444444,0.781523095,0.196078431,5.566764541520337,0.288288288,0.047589289490133524,25.017023120805554,4.256795291587644,0.3514781537350644,119.29358640044549,"sa877608"
"Anibal Sierra","HOU","AA",24,239,0.058577405,0.288702928,0.20289855,0.203619909,0.259414225,0.28959276,0.549006985,0.085972851,4.731723689048046,0.284768211,-1.5719533218070865,14.492999321743433,-14.620800749436434,0.25301512963602235,52.93284657978374,"sa908626"
"Logan Ice","CLE","AA",23,55,0.09090909,0.327272727,0.277777777,0.25,0.314814814,0.395833333,0.710648147,0.145833333,4.9590336087499995,0.387096774,-0.0050495462492108345,6.225146507796816,-0.3227057252554382,0.3175572322474586,98.67180903352141,"sa913305"
"Eddy Martinez","CHC","AA",23,448,0.069196428,0.203125,0.34065934,0.221411192,0.275784753,0.374695863,0.650480616,0.153284671,4.497351259604564,0.254019292,0.30692016752436757,42.94612692079988,-9.012432115455006,0.2945805380429922,79.40859320158803,"sa914203"
"Alay Lago","ATL","AA",26,308,0.029220779,0.11038961,0.264705882,0.247457627,0.270358306,0.325423728,0.595782034,0.077966101,4.977615147418179,0.272030651,-0.028565109707415104,23.842458525400165,-11.87905081202507,0.2706652064276829,69.39760777569707,"sa914668"
"Brett Cumberland","ATL","AA",23,69,0.072463768,0.246376811,0.294117647,0.166666666,0.264705882,0.316666666,0.581372548,0.15,1.60119047125,0.175,-0.017872994067147374,5.459215828382202,-2.6939037803776786,0.27260299991158876,63.5058119993208,"sa915611"
"Luis Lara","ARI","AA",23,52,0.153846153,0.269230769,0.571428571,0.181818181,0.307692307,0.204545454,0.512237761,0.022727273,1.47098214,0.266666666,-0.04966591252014041,3.5448706139633606,-2.486033559887652,0.25868895993782925,56.03634863029476,"sa917185"
"Hudson Potts","SDP","AA",19,89,0.11235955,0.370786516,0.303030303,0.153846153,0.258426966,0.23076923,0.489196196,0.076923077,2.6556582589583364,0.232558139,0.1801182825001888,4.331712670059377,-6.5098279422209915,0.2381716464342696,46.25716040831344,"sa917936"
"Troy Montgomery","DET","AA",23,246,0.138211382,0.247967479,0.557377049,0.248803827,0.35510204,0.325358851,0.680460891,0.076555024,6.625736067483668,0.344594594,0.5207494169007987,28.26263112297088,-1.0241261375901098,0.31971564913382294,91.90916319953719,"sa918108"
"Tyler Neslony","ATL","AA",24,491,0.071283095,0.219959266,0.324074074,0.243902439,0.297352342,0.332594235,0.629946577,0.088691796,4.518977742176462,0.3090379,-0.6025486821308732,44.64092646312455,-12.304726409199441,0.2881731016748034,80.82926808721125,"sa918131"
"Mitchell Kranson","MIN","AA",24,218,0.119266055,0.165137614,0.722222222,0.262032085,0.348623853,0.368983957,0.71760781,0.106951872,1.8702385410149625,0.302631578,-0.6103033265098929,26.745837397258757,1.4624314376525875,0.32934984139033724,99.10165507959461,"sa918156"
"Michael Barash","LAA","AA",23,199,0.165829145,0.216080402,0.76744186,0.223602484,0.360406091,0.372670807,0.733076898,0.149068323,2.5855740631401876,0.271929824,-0.19374801637604833,26.62945092857537,3.5496445709532223,0.34377450416535893,110.02884627260954,"sa918163"
"Danny Woodrow","DET","AA",23,387,0.080103359,0.183462532,0.436619718,0.312865497,0.369109947,0.394736842,0.763846789,0.081871345,5.676974121875988,0.379562043,-1.657576966797933,52.87262090173568,6.799551552804369,0.3472401110206063,109.93894103254863,"sa918257"
"Mitch Roman","CHW","AA",23,105,0.028571428,0.371428571,0.076923076,0.231578947,0.267326732,0.263157894,0.530484626,0.031578947,5.615435034727638,0.385964912,0.5205345489084721,6.239675232282213,-5.938112041840025,0.24735414391697044,52.3911556548341,"sa918259"
"Carmen Benedetti","HOU","AA",23,315,0.123809523,0.26031746,0.475609756,0.276752767,0.365079365,0.442804428,0.807883793,0.166051661,5.783872896860595,0.362162162,-0.009823241736739874,46.903509326824974,8.53176446313603,0.3624693891358754,124.94332171124222,"sa918269"
"Stefan Trosclair","STL","AA",23,109,0.055045871,0.311926605,0.176470588,0.267326732,0.311926605,0.415841584,0.727768189,0.148514852,3.743959298549231,0.359375,-0.2508640887099318,12.93260003160513,-0.34524184186183826,0.32495238638799123,93.54590210480387,"sa918442"
"Joel Booker","CHW","AA",24,304,0.072368421,0.253289473,0.285714285,0.265917602,0.337792642,0.348314606,0.686107248,0.082397004,6.381997278135904,0.363157894,-1.1215805732645094,34.89860107788261,-0.3589925538617771,0.3191242714390707,99.25296895484463,"sa918497"
"Nick Sergakis","NYM","AA",25,64,0.046875,0.28125,0.166666666,0.169491525,0.21875,0.322033898,0.540783898,0.152542373,1.22240259,0.2,-0.003787159686908126,3.479345682686941,-4.139973279410227,0.24306316208094358,48.03029120872966,"sa918553"
"Chad Sedio","DET","AA",24,187,0.069518716,0.245989304,0.282608695,0.254545454,0.326203208,0.351515151,0.677718359,0.096969697,4.444838234047983,0.333333333,0.17896022694185376,20.366663893448155,-1.8960336989295083,0.3121470247997957,86.95136908151446,"sa918611"
"John Brontsema","KCR","AA",23,123,0.06504065,0.25203252,0.258064516,0.229357798,0.308943089,0.348623853,0.657566942,0.119266055,7.674888253865566,0.298701298,0.5462956774281338,12.346947370081264,-2.6363053862163257,0.30230003159220625,78.74365909946273,"sa918625"
"Connor Myers","CHC","AA",24,143,0.076923076,0.3006993,0.255813953,0.224806201,0.288732394,0.279069767,0.567802161,0.054263566,5.733623826093683,0.325581395,-0.5342508424073458,10.341237855477443,-6.243748622612843,0.264062411396216,59.48199138878059,"sa918641"
"Ben Ruta","NYY","AA",24,134,0.082089552,0.186567164,0.44,0.314049586,0.365671641,0.396694214,0.762365855,0.082644628,6.805124979162447,0.387755102,1.1354772690683603,18.213321589472578,2.2603725125816356,0.3463517387411488,118.923556213325,"sa918694"
"Yanio Perez","TEX","AA",22,52,0.134615384,0.288461538,0.466666666,0.227272727,0.346153846,0.25,0.596153846,0.022727273,2.45903360875,0.344827586,-0.01609472610289231,4.865404520327002,-1.4689787587581575,0.2938469969309293,73.86437984195314,"sa975161"