Name,Team,Level,Age,PA,BB%,K%,BB/K,AVG,OBP,SLG,OPS,ISO,Spd,BABIP,wSB,wRC,wRAA,wOBA,wRC+,PlayerId
"Derek Dietrich","NYY","AA",32,77,0.116883116,0.298701298,0.391304347,0.29032258,0.421052631,0.709677419,1.13073005,0.419354839,2.64285714,0.34375,-0.13162337243556976,19.186505103715394,9.512229318030808,0.4743845964732923,202.4105237542594,"10542"
"Webster Rivas","SDP","AA",31,246,0.162601626,0.199186991,0.81632653,0.247524752,0.373983739,0.341584158,0.715567897,0.094059406,3.2008373373996255,0.318181818,-1.2786158714443445,33.14681895440199,-1.8164541536035341,0.3419656637238293,102.62017689899581,"14636"
"Brandon Dixon","SDP","AA",30,114,0.105263157,0.219298245,0.48,0.367346938,0.429824561,0.785714285,1.215538846,0.418367347,8.119236236093265,0.393939393,1.0093144169077277,31.10743799149432,14.904945575589316,0.4985005609821855,199.865306146596,"15214"
"Abiatal Avelino","LAD","AA",27,230,0.060869565,0.165217391,0.368421052,0.229665071,0.288209606,0.37799043,0.666200036,0.148325359,5.673537996700569,0.246987951,0.9907740359194577,22.240728553210314,-10.4485105315103,0.29885188070447166,71.08104828429241,"15496"
"Raudy Read","CHW","AA",28,329,0.130699088,0.185410334,0.704918032,0.301818181,0.398176291,0.57090909,0.969085381,0.269090909,1.5866644775,0.325123152,-0.7435776367783546,65.24216228070553,22.052295678284725,0.4195847971461102,150.5015721693501,"15766"
"Taylor Gushue","WSN","AA",28,77,0.194805194,0.181818181,1.071428571,0.262295081,0.415584415,0.606557377,1.022141792,0.344262296,0.76785714,0.243902439,-0.15136687830090523,16.861326936215676,7.18705115053109,0.437715106970304,177.6452412058224,"16098"
"Domingo Leyba","SDP","AA",26,444,0.132882882,0.137387387,0.967213114,0.266129032,0.364864864,0.40860215,0.773467014,0.142473118,4.91785994338755,0.287096774,1.0949914823286235,63.048053230592764,-0.05639091556355289,0.3501896113495167,107.72919005703633,"16404"
"Johneshwy Fargas","NYM","AA",27,155,0.109677419,0.225806451,0.485714285,0.196850393,0.324675324,0.299212598,0.623887922,0.102362205,7.5,0.241758241,3.3170098029077053,15.742196373922944,-3.7319951427148594,0.29513281932124846,84.34096294747276,"16446"
"John Nogowski","WSN","AA",29,132,0.151515151,0.098484848,1.538461538,0.201834862,0.333333333,0.348623853,0.681957186,0.146788991,2.73850394176776,0.193548387,-0.9088210761547089,15.537113401379619,-1.0473593740796703,0.31473568172165844,96.96649866169427,"16852"
"Jakson Reetz","MIL","AA",26,273,0.095238095,0.263736263,0.361111111,0.281385281,0.391941391,0.636363636,1.028305027,0.354978355,2.704465242847889,0.313868613,-0.8169877957552671,59.08422912309907,23.245829176409465,0.4410579850822141,163.21345356871288,"17837"
"Corey Ray","MIL","AA",27,170,0.082352941,0.3,0.274509803,0.236842105,0.3,0.447368421,0.747368421,0.210526316,3.221097381788325,0.291666666,-1.0607965011149645,20.404250213612432,-1.9127021341430002,0.32682605946765225,89.74004571173612,"19170"
"Andruw Monasterio","MIL","AA",25,188,0.132978723,0.138297872,0.961538461,0.316455696,0.420212765,0.512658227,0.932870992,0.196202531,5.189905133711029,0.336,0.3641194850206375,36.88309400718141,12.203170234369523,0.41707529951917366,147.78790919135122,"19455"
"Andrew Young","WSN","AA",28,258,0.108527131,0.333333333,0.325581395,0.211453744,0.30620155,0.400881057,0.707082607,0.189427313,1.1065713279230305,0.284615384,-0.8176572844386101,30.603336937756126,-1.811768941550667,0.3158433765403984,97.69318464935358,"19521"
"Simon Muzziotti","PHI","AA",23,165,0.115151515,0.187878787,0.612903225,0.258741258,0.339393939,0.454545454,0.793939393,0.195804196,7.1044834832111015,0.29090909,-0.18425757437944412,23.698983931647167,2.9683929623230525,0.3462171359495683,109.51452059170956,"19553"
"Chuckie Robinson","CIN","AA",27,126,0.071428571,0.238095238,0.3,0.275862068,0.333333333,0.396551724,0.729885057,0.120689656,3.641662012096518,0.34939759,-0.3934095613658428,15.601620973433176,-0.9391790019620262,0.3313258470050872,87.26372234402552,"19824"
"Sandro Fabian","TEX","AA",24,271,0.070110701,0.184501845,0.38,0.258196721,0.324723247,0.479508196,0.804231443,0.221311475,4.479409174419444,0.277173913,0.02498499071225524,38.8741303256783,0.35767905629009755,0.3518292613574939,99.86284051414921,"19910"
"Blake Perkins","NYY","AA",25,283,0.130742049,0.233215547,0.56060606,0.24691358,0.346289752,0.469135802,0.815425554,0.222222222,7.157133274401273,0.287425149,2.074000407010317,43.01104314720614,7.4549386361835674,0.35635962025493595,124.98207057320599,"19921"
"Aaron Whitefield","LAA","AA",25,346,0.104046242,0.268786127,0.387096774,0.262458471,0.343023255,0.431893687,0.774916942,0.169435216,7.885599064295565,0.344827586,0.5037885662168264,47.06750989944006,1.6459480622437077,0.3457953613631579,106.1041681471658,"19938"
"Ryan Aguilar","LAA","AA",27,364,0.181318681,0.282967032,0.640776699,0.271477663,0.414835164,0.491408934,0.906244098,0.219931271,6.110689682687012,0.367816091,-0.14779755473136902,68.49326523188374,20.70873196963093,0.40757379001313515,145.83974697543945,"19967"
"Jorge Ona","SDP","AA",25,280,0.078571428,0.367857142,0.213592233,0.22,0.301075268,0.352,0.653075268,0.132,1.96350930875,0.338129496,-0.42586450884118676,27.53480177611923,-12.260793631366731,0.3007101375996853,76.99075470377366,"20040"
"Irving Lopez","STL","AA",27,177,0.124293785,0.152542372,0.814814814,0.253333333,0.355932203,0.346666666,0.702598869,0.093333333,3.9012233453291927,0.292682926,-0.03465072577819228,22.20407001427689,-2.95243136831245,0.3314304627941153,83.94858873310427,"20463"
"Jack Larsen","SEA","AA",27,528,0.136363636,0.202651515,0.672897196,0.268888888,0.371212121,0.406666666,0.777878787,0.137777778,5.738157396981081,0.330357142,-0.3934669732116163,78.18094780111252,3.1378250327104333,0.3570682811329894,115.67385275456843,"20510"
"Mickey McDonald","OAK","AA",27,73,0.08219178,0.205479452,0.4,0.322580645,0.408450704,0.43548387,0.843934574,0.112903225,5.6821533557597474,0.413043478,0.6474515311419964,12.919920252737775,2.544640021500364,0.38983648847526226,123.36213596623344,"20533"
"Jose Devers","MIA","AA",22,255,0.05490196,0.180392156,0.304347826,0.210300429,0.264822134,0.313304721,0.578126855,0.103004292,7.229711485800486,0.251336898,0.18779936246573925,17.007837543859676,-16.467590977773472,0.2636344913437432,49.748341017956776,"20540"
"CJ Alexander","KCR","AA",25,490,0.053061224,0.226530612,0.234234234,0.263736263,0.302040816,0.476923076,0.778963892,0.213186813,6.241747581112616,0.291411042,1.1356696295551956,63.11770272455146,-3.3886686841494864,0.33621735855601803,99.4518290896913,"20557"
"Logan Porter","KCR","AA",26,327,0.180428134,0.22324159,0.808219178,0.301158301,0.437308868,0.486486486,0.923795354,0.185328185,1.6304288558797921,0.379888268,-1.72015096899122,66.12684317914851,19.65127282826312,0.4184369634996894,140.74482880050084,"20626"
"Leo Rivas","CIN","AA",24,197,0.081218274,0.177664974,0.457142857,0.216374269,0.292307692,0.350877192,0.643184884,0.134502923,6.054119878222105,0.237037037,-0.6602292787283659,17.8677667159095,-7.993642769430617,0.29207603136698407,62.01843564177739,"21009"
"Trey Cabbage","LAA","AA",25,136,0.147058823,0.345588235,0.425531914,0.327433628,0.433823529,0.663716814,1.097540343,0.336283186,6.724241794862562,0.47368421,0.7500138971954584,32.40517662168623,14.551614743481887,0.46694673211486254,184.02812878936544,"21078"
"Hayden Senger","NYM","AA",25,297,0.07070707,0.333333333,0.212121212,0.237735849,0.313131313,0.36226415,0.675395463,0.124528301,5.1799891221194505,0.35582822,0.12615586817264557,32.579849713605185,-4.735214031178216,0.30501012569324737,90.82081643682506,"21489"
"Brandon Lockridge","NYY","AA",25,464,0.077586206,0.269396551,0.288,0.229665071,0.299568965,0.37799043,0.677559395,0.148325359,6.072016641978811,0.290780141,1.1585981622338295,49.998055685280114,-8.298878919364661,0.30265184209264556,89.74791658190412,"21496"
"Connor Kaiser","SDP","AA",25,207,0.115942028,0.289855072,0.4,0.202247191,0.299019607,0.359550561,0.658570168,0.15730337,6.0297824406211324,0.258928571,1.003486409317702,20.478516936967765,-8.941798239280784,0.3013804052390304,77.40714915868567,"21535"
"Coco Montes","COL","AA",25,60,0.166666666,0.216666666,0.769230769,0.244897959,0.383333333,0.265306122,0.648639455,0.020408163,4.156880587075064,0.333333333,0.25521429628133774,7.210964697583705,-0.327432018534154,0.31774400870005287,95.52523259260987,"21547"
"Cesar Salazar","HOU","AA",26,351,0.068376068,0.165242165,0.413793103,0.276872964,0.35042735,0.488599348,0.839026698,0.211726384,4.653099261638511,0.288702928,-0.46537530701607466,55.5459625020465,5.659341116233741,0.3686054856688888,114.85941474263981,"21587"
"Griffin Conine","MIA","AA",24,496,0.149193548,0.368951612,0.404371584,0.214975845,0.336693548,0.434782608,0.771476156,0.219806763,2.710748491151564,0.308056872,-1.2615179046988487,66.92572653788929,1.81273615855579,0.3444890922862991,101.75361922897395,"21626"
"Luis De Los Santos","TOR","AA",24,449,0.07572383,0.220489977,0.343434343,0.263546798,0.320712694,0.394088669,0.714801363,0.130541871,4.116311193628005,0.320132013,-1.0874700509011745,53.83508160687305,-2.5772538187422613,0.31740061119032864,96.06632979838477,"21682"
"Miguel Amaya","CHC","AA",23,116,0.120689655,0.24137931,0.5,0.278350515,0.379310344,0.484536082,0.863846426,0.206185567,3.12596524625,0.343283582,-0.26671806536614895,19.455742415427576,4.227704342841518,0.38334544105776425,127.00313790375384,"21693"
"Enmanuel Valdez","HOU","AA",23,205,0.165853658,0.229268292,0.723404255,0.357142857,0.463414634,0.648809523,1.112224157,0.291666666,3.621536644180088,0.4375,-0.6150539955124259,51.987243500473554,22.85118257713562,0.47665607312629965,181.98434040846692,"21716"
"Jair Camargo","MIN","AA",22,196,0.081632653,0.336734693,0.242424242,0.238636363,0.306122448,0.471590909,0.777713357,0.232954546,3.376497624882778,0.3,-0.4688617014326155,25.680374013405295,-2.1765427718348755,0.3377490077091723,88.11515064127818,"21730"
"Sebastian Rivero","KCR","AA",23,178,0.084269662,0.213483146,0.394736842,0.217948717,0.29378531,0.41025641,0.70404172,0.192307693,3.5244763156163055,0.25,-0.0033979713916778564,19.20702065475917,-6.091607854285476,0.311550850922105,74.34331696876217,"21735"
"Esteury Ruiz","SDP","AA",23,232,0.137931034,0.172413793,0.8,0.344444444,0.47368421,0.611111111,1.084795321,0.266666667,9.017819863031237,0.39849624,4.402640961110592,58.50917312737765,25.535679789746432,0.4750677111901735,185.3079739058316,"21780"
"Andres Chaparro","NYY","AA",23,271,0.092250922,0.199261992,0.462962962,0.288702928,0.36900369,0.594142259,0.963145949,0.305439331,3.1309481316523105,0.299401197,0.17222404852509499,53.629768574823906,19.581343407024914,0.4121139042931729,161.5588029701778,"21797"
"Carlos Cortes","NYM","AA",25,374,0.093582887,0.267379679,0.35,0.240963855,0.315508021,0.412650602,0.728158623,0.171686747,3.5001882767044066,0.306666666,-1.0019300058484077,46.17802991783964,-0.8113096126283534,0.32173665672700036,101.79399742380798,"21842"
"Bo Naylor","CLE","AA",22,220,0.204545454,0.209090909,0.978260869,0.270588235,0.427272727,0.470588235,0.897860962,0.2,6.303991634847986,0.333333333,0.4051450416445732,41.600747611976125,13.95995965287731,0.4014258926564997,153.44727151850768,"21865"
"Jerar Encarnacion","MIA","AA",24,136,0.095588235,0.257352941,0.371428571,0.358333333,0.426470588,0.583333333,1.009803921,0.225,4.107209850068092,0.448717948,-0.4984803143888712,29.645422952425566,11.791861074221222,0.442900971893002,165.05165197607522,"21871"
"Christopher Morel","CHC","AA",23,122,0.081967213,0.245901639,0.333333333,0.305555555,0.380165289,0.564814814,0.944980103,0.259259259,5.7578803023020795,0.366197183,-1.0446317698806524,23.47621616044663,7.460520946175083,0.4126213921988306,145.83328444130194,"21897"
"Dane Myers","DET","AA",26,442,0.052036199,0.266968325,0.194915254,0.267813267,0.31590909,0.506142506,0.822051596,0.238329239,6.045521910175115,0.314606741,1.6375721916556358,66.44897098143058,10.916115172695685,0.3543614934791218,121.89993374170362,"22054"
"Jeremiah Jackson","LAA","AA",22,351,0.108262108,0.219373219,0.493506493,0.214983713,0.307692307,0.403908794,0.711601101,0.188925081,3.7352637778306916,0.23853211,-1.0595604162663221,39.754283836371506,-6.323658952229415,0.3188098210947854,88.74720252033183,"22239"
"Jack Suwinski","PIT","AA",23,57,0.087719298,0.245614035,0.357142857,0.352941176,0.421052631,0.686274509,1.10732714,0.333333333,5.389841480349796,0.44117647,0.11444481089711189,14.026565354385749,6.865088474073783,0.47062586169493825,194.42585122968367,"22244"
"Joe Perez","HOU","AA",22,284,0.091549295,0.246478873,0.371428571,0.264591439,0.334507042,0.396887159,0.731394201,0.13229572,3.3090882321739565,0.342541436,0.142354566603899,35.67707412258345,-4.687029790723739,0.33163079566753373,91.88940248947891,"22254"
"Livan Soto","LAA","AA",22,543,0.130755064,0.187845303,0.696078431,0.280701754,0.379182156,0.361842105,0.741024261,0.081140351,4.494946711466157,0.344632768,-1.529262326657772,74.30358669270734,3.0206153701708747,0.3467501530416836,106.71828541812442,"22471"
"Johnathan Rodriguez","CLE","AA",22,113,0.044247787,0.380530973,0.116279069,0.205607476,0.238938053,0.44859813,0.687536183,0.242990654,4.285990602494692,0.283333333,-0.5215046964585781,11.15064360645341,-3.04667020890189,0.29163031187732663,81.41758544495463,"22530"
"George Valera","CLE","AA",21,387,0.134366925,0.258397932,0.52,0.263636363,0.366925064,0.469696969,0.836622033,0.206060606,4.4525874527374185,0.331797235,-2.0414018854498863,62.63988364222948,14.017224823269293,0.3683544557946951,131.751268835593,"22541"
"Michael Siani","CIN","AA",22,531,0.120527306,0.169491525,0.711111111,0.252192982,0.350943396,0.403508771,0.754452167,0.151315789,8.212950954150262,0.288515406,3.0921551808714867,71.38635644414322,1.678699404977729,0.34390452616619616,95.35426637831428,"22557"
"Tirso Ornelas","SDP","AA",22,492,0.087398373,0.172764227,0.505882352,0.287981859,0.35510204,0.408163265,0.763265305,0.120181406,4.3718973133992,0.341880341,-0.4599870555102825,68.6002456006116,-1.3263006153994354,0.34727860033390223,105.92076492364643,"22566"
"Jordan Diaz","OAK","AA",21,407,0.054054054,0.149877149,0.360655737,0.319261213,0.361179361,0.506596306,0.867775667,0.187335093,1.129185265,0.347540983,-0.6737557901069522,69.18224988160324,11.336509414293287,0.38189891603127746,118.43102940950503,"22650"
"Maikel Garcia","KCR","AA",22,369,0.111111111,0.162601626,0.683333333,0.291021671,0.368852459,0.40866873,0.777521189,0.117647059,6.7940659030424655,0.344827586,3.232925762422383,54.4010065223592,1.9560968603509155,0.35634098922620056,102.16856785330347,"22715"
"Steward Berroa","TOR","AA",23,60,0.083333333,0.283333333,0.294117647,0.181818181,0.25,0.272727272,0.522727272,0.090909091,9.10714285625,0.243243243,1.3144448287785053,3.369750897100718,-4.168645819017141,0.24000185231367746,45.290075737844965,"22766"
"Alexander Canario","CHC","AA",22,350,0.102857142,0.26,0.395604395,0.248387096,0.328571428,0.551612903,0.880184331,0.303225807,6.3365934824957355,0.269035532,1.4563207440078259,56.81711236680072,10.87044576848072,0.37696164334059445,122.89711088174012,"22842"
"Wenceel Perez","DET","AA",22,171,0.087719298,0.134502923,0.652173913,0.306666666,0.374269005,0.54,0.914269005,0.233333334,6.777828483960559,0.328,-1.0267882533371449,30.825005133262035,9.340574492326137,0.39070193451993607,145.740515861388,"22857"
"Tucupita Marcano","PIT","AA",22,122,0.163934426,0.204918032,0.8,0.303030303,0.41322314,0.474747474,0.887970614,0.171717171,6.985070286356465,0.378378378,-0.3219834044575691,21.912985876192835,6.584912553419853,0.3899143765370051,141.47633452601198,"22871"
"Lenyn Sosa","CHW","AA",22,289,0.072664359,0.138408304,0.525,0.330739299,0.384083044,0.548638132,0.932721176,0.217898833,3.009704965,0.339712918,-0.6789187118411064,53.65296635998402,15.714147368799791,0.40459014578825897,140.8570868036221,"22896"
"Israel Pineda","WSN","AA",22,103,0.08737864,0.174757281,0.5,0.279569892,0.339805825,0.537634408,0.877440233,0.258064516,3.3155753200123312,0.275362318,0.035470787435770035,17.39520998142304,4.454295618754051,0.37688562418650656,137.7390034698437,"22906"
"Yainer Diaz","HOU","AA",23,267,0.078651685,0.149812734,0.525,0.31557377,0.367041198,0.50409836,0.871139558,0.18852459,4.34647727124649,0.345177664,-0.26400162605568767,45.72661038376709,7.778667620200121,0.3833491994200574,124.01874198808872,"23003"
"Jacob Amaya","LAD","AA",23,216,0.148148148,0.134259259,1.103448275,0.263736263,0.37037037,0.5,0.87037037,0.236263737,6.332582514792051,0.267123287,-0.2664316622540355,36.95980361306899,6.260344298722675,0.38317863256843004,123.46787082461378,"23296"
"Nelson Velazquez","CHC","AA",23,94,0.14893617,0.351063829,0.424242424,0.2875,0.393617021,0.7,1.093617021,0.4125,6.7857093219153395,0.368421052,-0.09642117097973824,21.583940602600954,9.24397871619501,0.4566884906061234,174.17702352241758,"23359"
"Hunter Feduccia","LAD","AA",25,170,0.14117647,0.223529411,0.631578947,0.236111111,0.34117647,0.458333333,0.799509803,0.222222222,2.3928571400000003,0.26,-0.2733160280622542,24.707210271112015,0.5455987737098229,0.3539706016288084,105.32278756497794,"23372"
"Eric Wagaman","NYY","AA",24,58,0.068965517,0.137931034,0.5,0.339622641,0.396551724,0.622641509,1.019193233,0.283018868,5.269057381151972,0.341463414,0.10128247365355492,12.491272829804927,5.204156004224331,0.4333295288838838,175.4769840871097,"23395"
"Jose Caballero","SEA","AA",25,134,0.261194029,0.164179104,1.59090909,0.226804123,0.440298507,0.329896907,0.770195414,0.103092784,5.703105730111138,0.273972602,1.6675764643587172,23.038532217794643,3.9934972727835025,0.38410692695361465,132.47123566125077,"23401"
"Luis Vazquez","CHC","AA",22,358,0.06424581,0.217877094,0.294871794,0.236923076,0.292957746,0.366153846,0.659111592,0.12923077,4.953500816575623,0.285123966,-2.4617212265729904,34.05777461635649,-12.939101504210829,0.29733033364927264,71.678647534836,"23442"
"Chandler Seagle","SDP","AA",26,275,0.087272727,0.265454545,0.328767123,0.20920502,0.288389513,0.297071129,0.585460642,0.087866109,3.099160055622132,0.286585365,-0.4918564120307565,20.984319596303063,-18.100640178906364,0.27574240201421446,61.47989599715765,"23552"
"Chris Roller","CLE","AA",25,301,0.099667774,0.239202657,0.416666666,0.212355212,0.307692307,0.328185328,0.635877635,0.115830116,5.286477660209302,0.274193548,-0.581692636013031,29.692066274420576,-8.125557251437348,0.2915896029775358,81.39087900329709,"23557"
"Davis Schneider","TOR","AA",23,190,0.115789473,0.242105263,0.478260869,0.28313253,0.368421052,0.475903614,0.844324666,0.192771084,7.510059152884325,0.356521739,1.6511980928480625,31.21786068265691,7.346271081617021,0.37132274006542404,131.4411052467928,"23565"
"Brayan Rocchio","CLE","AA",21,432,0.097222222,0.1875,0.518518518,0.265415549,0.348837209,0.431635388,0.780472597,0.166219839,4.812215116417845,0.301754385,-0.9725313819944859,62.04955353295998,7.773097176911396,0.3462208033994187,117.23082983086285,"23690"
"Jose Tena","CLE","AA",21,550,0.045454545,0.25090909,0.18115942,0.263565891,0.298724954,0.410852713,0.709577667,0.147286822,5.909730045878899,0.332432432,-1.3694877326488495,62.90210522187031,-6.199864675876735,0.31068229588437385,93.91634374986336,"23691"
"Everson Pereira","NYY","AA",21,123,0.073170731,0.300813008,0.243243243,0.28318584,0.341463414,0.504424778,0.845888192,0.221238938,6.384876817221162,0.38028169,-0.6693340614438057,19.794752697291802,4.341039429250193,0.3672285031496994,132.1124324450066,"23695"
"Ronny Mauricio","NYM","AA",21,541,0.044362292,0.231053604,0.192,0.259332023,0.295748613,0.47151277,0.767261383,0.212180747,5.299971339689756,0.292817679,-1.4930483624339104,71.01301744567657,3.041807055347212,0.3311985801636842,108.00134538772177,"23698"
"Ezequiel Duran","TEX","AA",23,200,0.07,0.18,0.388888888,0.31693989,0.365,0.573770491,0.938770491,0.256830601,6.194642926688695,0.359154929,0.14385068090632558,37.85610070159552,9.430675410534125,0.40377013981342313,132.13038933008002,"23733"
"Wilyer Abreu","BOS","AA",23,579,0.196891191,0.264248704,0.745098039,0.24726477,0.39896373,0.435448577,0.834412307,0.188183807,5.704088900767264,0.325259515,3.6540971235372126,98.70169356231924,19.179933784058043,0.3809700120298356,125.71983621513388,"23772"
"Jordyn Adams","LAA","AA",22,236,0.08898305,0.296610169,0.3,0.248803827,0.326271186,0.358851674,0.68512286,0.110047847,8.037525879464285,0.350364963,2.4827286452054977,25.965610109887674,-5.0155707964081,0.3149749093641669,86.28060631998447,"23788"
"Blaze Alexander","ARI","AA",23,363,0.09090909,0.253443526,0.358695652,0.30599369,0.387811634,0.539432176,0.92724381,0.233438486,5.240407832993034,0.382775119,-1.641324256081134,69.85326519402025,18.26111829074381,0.4073429778011882,118.81024548301878,"23789"
"Will Banfield","MIA","AA",22,126,0.039682539,0.198412698,0.2,0.267241379,0.301587301,0.405172413,0.706759714,0.137931034,3.10119047125,0.307692307,-0.23438860289752483,13.564768302930053,-2.976031672465149,0.3121702287878309,80.96628655886606,"23790"
"Parker Meadows","DET","AA",22,489,0.106339468,0.184049079,0.577777777,0.275294117,0.353783231,0.465882352,0.819665583,0.190588235,6.658085270953393,0.308868501,1.672549121081829,75.21830487655453,13.780371640193977,0.35859179057957935,124.67515447446391,"23800"
"Jorge Barrosa","ARI","AA",21,510,0.12745098,0.156862745,0.8125,0.276497695,0.374257425,0.437788018,0.812045443,0.161290323,5.891543220886717,0.313953488,-1.9907920882105827,80.51495679091998,8.030122298713405,0.3681769569714864,94.47889940999326,"23968"
"Osleivis Basabe","TBR","AA",21,259,0.092664092,0.096525096,0.96,0.333333333,0.399224806,0.460526315,0.859751121,0.127192982,7.608727704795156,0.368932038,2.177657889202237,44.2222401488798,10.221706866122991,0.3869244306124458,130.0251250035807,"23985"
"Curtis Mead","TBR","AA",21,246,0.101626016,0.182926829,0.555555555,0.304761904,0.394308943,0.547619047,0.94192799,0.242857143,4.004910343693103,0.341772151,-0.25204525515437126,47.28911254489508,14.995169735790162,0.4123893319591274,146.40402321978925,"23986"
"Ezequiel Tovar","COL","AA",20,295,0.084745762,0.216949152,0.390625,0.318181818,0.386440677,0.545454545,0.931895222,0.227272727,6.816804262062977,0.377659574,1.5459145419299603,56.62344652383168,19.55966266958554,0.4048862431008937,152.69354249266718,"24064"
"Jhonkensy Noel","CLE","AA",20,278,0.107913669,0.226618705,0.476190476,0.241666666,0.338129496,0.4875,0.825629496,0.245833334,5.276666277551865,0.271084337,-0.014613617211580276,43.00171930571685,8.07381452103744,0.3596382812201548,126.03315783412074,"24257"
"Ceddanne Rafaela","BOS","AA",21,313,0.05111821,0.198083067,0.258064516,0.278169014,0.323717948,0.5,0.823717948,0.221830986,7.772743278390791,0.310185185,0.17273305356502533,46.76450734025202,7.439204471170521,0.35323256445236695,116.13930471048943,"24262"
"Liover Peguero","PIT","AA",21,521,0.055662188,0.213051823,0.261261261,0.258799171,0.305019305,0.387163561,0.692182866,0.12836439,7.255556614787448,0.315934065,2.1945628225803375,57.721459977218785,-7.736951507737959,0.3063377446316658,86.64718278324517,"24273"
"Johan Rojas","PHI","AA",21,264,0.079545454,0.166666666,0.477272727,0.259574468,0.333333333,0.387234042,0.720567375,0.127659574,9.621645629670176,0.304812834,3.5955202654004097,33.099092387951046,-0.06985316296753226,0.324049582883316,94.97184157813065,"24336"
"Jose Rodriguez","CHW","AA",21,484,0.078512396,0.136363636,0.575757575,0.279545454,0.340248962,0.429545454,0.769794416,0.15,8.13027541158036,0.307692307,2.396658705547452,65.30540490908098,1.7677288131184437,0.3444862747390652,102.1985751167841,"24388"
"J.P. Martinez","TEX","AA",26,301,0.142857142,0.252491694,0.565789473,0.267716535,0.3820598,0.448818897,0.830878697,0.181102362,8.31140667798927,0.349112426,-0.07108087232336402,49.89211525843165,7.111850195384242,0.3771093200607553,115.56772561672231,"24451"
"Tyler Cropley","KCR","AA",26,107,0.074766355,0.205607476,0.363636363,0.163043478,0.261682242,0.282608695,0.544290937,0.119565217,1.0059523774999999,0.185714285,-0.133479920681566,6.361559903206855,-8.846042627510995,0.2566439704360249,40.233180615979244,"24485"
"Max Schuemann","OAK","AA",25,367,0.136239782,0.228882833,0.595238095,0.289655172,0.418282548,0.437931034,0.856213582,0.148275862,7.45205691197804,0.376237623,1.3039001445285976,66.74283451998814,14.582179110890456,0.3953615113308555,126.79447962313283,"24488"
"DaShawn Keirsey Jr.","MIN","AA",25,468,0.068376068,0.23076923,0.296296296,0.270588235,0.329059829,0.395294117,0.724353946,0.124705882,7.479486977854641,0.343949044,4.16556019615382,57.32422085377816,-9.191274327305527,0.3280770925120411,82.10660775473892,"24496"
"Jonathan Ornelas","TEX","AA",22,580,0.077586206,0.208620689,0.371900826,0.299047619,0.359861591,0.424761904,0.784623495,0.125714285,4.848700188804311,0.364795918,-1.2544763796031475,83.88522958762019,1.451496243542114,0.35316959189621,100.69550223210994,"24597"
"Addison Barger","TOR","AA",22,198,0.09090909,0.252525252,0.36,0.3125,0.383838383,0.52840909,0.912247473,0.21590909,2.385558285166594,0.389830508,-0.8338632769882679,36.60392283401019,11.727213670821254,0.3962940906510135,147.82317209090604,"24598"
"Michael Helman","MIN","AA",26,166,0.126506024,0.192771084,0.65625,0.277777777,0.367469879,0.472222222,0.839692101,0.194444445,8.647377155464692,0.317757009,1.7012592549435794,27.069616435792632,3.4765134442116685,0.3740670436836151,110.67722570703577,"24605"
"Willie MacIver","COL","AA",25,396,0.093434343,0.267676767,0.349056603,0.231213872,0.314720812,0.413294797,0.728015609,0.182080925,3.833950216082216,0.283842794,0.09326517209410667,49.21067059897128,-0.5427477274065929,0.32270655035972595,98.78083099954489,"24641"
"Jonah Bride","OAK","AA",26,87,0.126436781,0.126436781,1,0.315068493,0.40229885,0.602739726,1.005038576,0.287671233,2.4345238025,0.316666666,-0.1398361073806882,18.45273915467876,6.08767915306705,0.42963086051502447,148.0838364950731,"24703"
"Logan O'Hoppe","PHI","AA",22,447,0.156599552,0.165548098,0.945945945,0.283333333,0.416107382,0.544444444,0.960551826,0.261111111,3.7267601766051413,0.288973384,-1.4021715018898249,90.50344430552731,33.604040673840146,0.4191311100895485,155.957128566932,"24729"
"Mickey Gasper","NYY","AA",26,270,0.162962962,0.196296296,0.830188679,0.26635514,0.407407407,0.453271028,0.860678435,0.186915888,3.6952550584716057,0.314102564,-0.8444606699049473,47.66239274613981,13.739607523609447,0.38616540409900524,144.53569229667457,"24759"
"Bryan Lavastida","CLE","AA",23,191,0.062827225,0.235602094,0.266666666,0.195402298,0.256544502,0.327586206,0.584130708,0.132183908,7.063769611975729,0.23015873,0.3139661028981209,14.077418151927668,-9.91981139438085,0.26130284127140546,61.521719221131356,"24765"
"James Outman","LAD","AA",25,307,0.123778501,0.28990228,0.426966292,0.295019157,0.394136807,0.551724137,0.945860944,0.25670498,5.486621875145729,0.386075949,-0.6399505631998181,60.406742463771636,16.773714641992385,0.4122515353891585,141.52900761852914,"24770"
"Andy Pages","LAD","AA",21,571,0.108581436,0.245183887,0.442857142,0.23613963,0.336252189,0.468172484,0.804424673,0.232032854,4.213944332396349,0.271341463,-1.1386913410387933,82.95229397343648,1.7977047674561688,0.3539014053972144,105.27980036785665,"24816"
"Justin Dean","ATL","AA",25,322,0.124223602,0.301242236,0.412371134,0.233576642,0.341614906,0.339416058,0.681030964,0.105839416,8.02249648788131,0.346590909,0.7679819297045469,36.63931103546477,-5.6316222349896305,0.31943384053544227,95.5779331308275,"25005"
"Nate Eaton","KCR","AA",25,159,0.069182389,0.182389937,0.379310344,0.271428571,0.331210191,0.4,0.731210191,0.128571429,7.6065471963723965,0.309090909,1.6289111650548875,19.683357056832296,-2.914856049561517,0.3295583045406706,85.53019724420245,"25055"
"Levi Jordan","CHC","AA",26,101,0.118811881,0.108910891,1.09090909,0.352941176,0.445544554,0.670588235,1.116132789,0.317647059,5.07180218619918,0.347826086,-0.9691624734550714,25.002421835377582,11.743526617005237,0.47793776505064256,187.84445142864882,"25138"
"Daniel Schneemann","CLE","AA",25,436,0.105504587,0.22706422,0.464646464,0.205263157,0.286374133,0.292105263,0.578479396,0.086842106,6.596484146387267,0.255319148,1.5651793368160725,33.9121165293016,-20.866899607821505,0.2662528735385481,64.76911103531879,"25180"
"Endy Rodriguez","PIT","AA",22,138,0.130434782,0.152173913,0.857142857,0.355932203,0.442028985,0.677966101,1.119995086,0.322033898,3.4755639495801987,0.377777777,-0.0566655732691288,34.450418154569164,17.11210570749809,0.4749496523020924,197.26240692592322,"25332"
"Ronny Simon","TBR","AA",22,159,0.069182389,0.157232704,0.44,0.270833333,0.314465408,0.5,0.814465408,0.229166667,8.352494324450515,0.275862068,1.2146728280931711,22.165821354622587,1.2929070999572114,0.349793940595111,106.14297802675276,"25346"
"Austin Shenton","TBR","AA",24,228,0.122807017,0.307017543,0.4,0.235897435,0.337719298,0.415384615,0.753103913,0.17948718,2.66179653375,0.319327731,-0.4768595714122057,29.938278800979823,0.007307416931360643,0.3401963514717002,99.96985631568745,"25425"
"Will Wilson","SFG","AA",23,219,0.127853881,0.296803652,0.43076923,0.22513089,0.324200913,0.445026178,0.769227091,0.219895288,3.1533808471786617,0.271929824,-0.8141197711229324,29.985557918000033,2.470409904169845,0.33806911466318534,111.05838267251416,"25434"
"Greg Jones","TBR","AA",24,358,0.075418994,0.357541899,0.2109375,0.238244514,0.318435754,0.391849529,0.710285283,0.153605015,9.101489035379899,0.369565217,4.424558542668819,41.58715198203269,-5.409724138534637,0.32225234781563616,88.42836218332374,"25448"
"Will Robertson","TOR","AA",24,340,0.079411764,0.282352941,0.28125,0.214983713,0.29117647,0.400651465,0.691827935,0.185667752,2.4893159527409376,0.271356783,-1.978155143558979,37.8435405926382,-4.874040798696333,0.3069628620848936,89.21880655524885,"25467"
"Cam Eden","TOR","AA",24,306,0.08496732,0.352941176,0.24074074,0.215328467,0.291803278,0.375912408,0.667715686,0.160583941,6.1383091307395645,0.31210191,4.664375621825457,31.939663017427854,-6.506160234773225,0.2985516968320628,83.7007921836804,"25476"
"Isaac Collins","COL","AA",24,448,0.129464285,0.200892857,0.644444444,0.221333333,0.337104072,0.346666666,0.683770738,0.125333333,7.959779773571411,0.277580071,1.755569662898779,52.56091026422554,-3.7257852161211407,0.31427187268155504,93.24739166638824,"25477"
"Brenton Doyle","COL","AA",24,507,0.045364891,0.31163708,0.14556962,0.246284501,0.286561264,0.450106157,0.736667421,0.203821656,7.271920296496907,0.314189189,2.6471970304846764,61.137862147918334,-2.5615901032775756,0.3182355170193397,95.84767899427312,"25479"
"TJ Hopkins","CIN","AA",25,425,0.094117647,0.275294117,0.341880341,0.260053619,0.336470588,0.46380697,0.800277558,0.203753351,4.456711754946159,0.326530612,-1.9290064964443445,60.4823867123041,4.690005842915515,0.3532348742204554,101.35549995946957,"25482"
"Nick Sogard","BOS","AA",24,235,0.131914893,0.182978723,0.720930232,0.25,0.361702127,0.365,0.726702127,0.115,5.691453306651253,0.300653594,0.0248885415494442,31.51620102598095,1.990813887852672,0.33465820855282724,103.95388690981162,"25483"
"Joey Ortiz","BAL","AA",23,485,0.084536082,0.167010309,0.506172839,0.268965517,0.336776859,0.455172413,0.791949272,0.186206896,4.377620771131066,0.298245614,-0.7927838899195194,69.95259357683449,9.017220121548464,0.3469481015304107,106.37012577392109,"25493"
"Cade Marlowe","SEA","AA",25,518,0.106177606,0.256756756,0.413533834,0.29082774,0.38030888,0.483221476,0.863530356,0.192393736,6.941416842905211,0.369127516,1.2370627424679697,89.61318665336309,15.991335149514063,0.3853184682061773,133.2238888252274,"25505"
"Aaron Schunk","COL","AA",24,497,0.072434607,0.231388329,0.313043478,0.257777777,0.315895372,0.426666666,0.742562038,0.168888889,4.109367674803882,0.311926605,-0.3892463706433773,62.836271239873575,0.39321844136397793,0.3253316551206573,100.50299022032787,"25524"
"Jake Alu","WSN","AA",25,325,0.098461538,0.181538461,0.542372881,0.280701754,0.36,0.470175438,0.830175438,0.189473684,5.387803666876756,0.322727272,0.8375570327043533,51.10606188804797,10.273079675742894,0.36275545805231335,128.46912736380875,"25569"
"Kyle McCann","OAK","AA",24,430,0.123255813,0.33488372,0.368055555,0.237837837,0.341860465,0.448648648,0.790509113,0.210810811,2.9476796793220643,0.328502415,-0.2928243442438543,62.34401306901971,1.2293486932376998,0.3535734492678975,100.8342268776246,"25575"
"Bryan Ramos","CHW","AA",20,86,0.058139534,0.174418604,0.333333333,0.225,0.279069767,0.375,0.654069767,0.15,1.803698657812351,0.241935483,-0.6047871522605419,7.91717289100088,-3.3725794731577494,0.2936885689580163,69.52574276304205,"25621"
"Drew Millas","WSN","AA",24,169,0.088757396,0.313609467,0.283018867,0.210526315,0.279761904,0.296052631,0.575814535,0.085526316,1.7747072698319923,0.298969072,-0.49919624626636505,12.858253717718918,-8.374897032679717,0.2641936703806832,63.80919684151964,"25643"
"Will Brennan","CLE","AA",24,157,0.108280254,0.101910828,1.0625,0.311111111,0.382165605,0.503703703,0.885869308,0.192592592,4.721812222991946,0.319327731,-0.15488924458622932,27.446649351729675,7.721177944554613,0.3840913670078205,142.07522510418457,"25660"
"Cam Devanney","MIL","AA",25,459,0.093681917,0.209150326,0.447916666,0.258706467,0.339869281,0.482587064,0.822456345,0.223880597,3.920277935425708,0.288659793,-0.5834222454577684,68.66402043808141,8.408249099141749,0.36186538204907853,112.2771641679545,"25688"
"Dustin Harris","TEX","AA",22,382,0.109947643,0.193717277,0.567567567,0.256797583,0.345549738,0.471299093,0.816848831,0.21450151,6.452673849335614,0.278688524,0.6945857335813344,57.82190639174066,3.5293440858133787,0.36080378169164606,105.4381365351344,"25705"
"Blaine Crim","TEX","AA",25,531,0.092278719,0.154425612,0.597560975,0.295010845,0.36346516,0.50759219,0.87105735,0.212581345,3.466347004320359,0.304347826,-0.10893468605354428,89.32436163003575,13.854857482267734,0.3799023309445426,117.30284480829513,"25714"
"Pedro Pages","STL","AA",23,167,0.143712574,0.335329341,0.428571428,0.231884057,0.341317365,0.413043478,0.754360843,0.181159421,3.031565383525739,0.325,-0.07967221178114414,22.2054960579361,-1.5297340601001685,0.3399528696865379,89.24301556232702,"25782"
"Blake Sabol","PIT","AA",24,412,0.092233009,0.259708737,0.355140186,0.281420765,0.347087378,0.486338797,0.833426175,0.204918032,6.626992144888952,0.354581673,0.2699841558933258,64.15486431382135,12.391206863145383,0.36089299107990125,122.43730518566811,"25805"
"Jared Triolo","PIT","AA",24,495,0.127272727,0.175757575,0.724137931,0.282352941,0.375757575,0.418823529,0.794581104,0.136470588,6.559948517565851,0.333333333,1.6330772563815117,75.11209024446926,12.920317336496915,0.3560671007584946,119.27135476754114,"25807"
"Grae Kessinger","HOU","AA",24,500,0.138,0.226,0.610619469,0.211401425,0.327309236,0.365795724,0.69310496,0.154394299,5.943577337977478,0.247457627,-1.216745002195239,57.9830188405527,-13.080544387100804,0.3206864691163641,85.09039173445305,"25813"
"C.J. Stubbs","HOU","AA",25,158,0.107594936,0.379746835,0.283333333,0.210526315,0.32278481,0.503759398,0.826544208,0.293233083,7.906392488701615,0.265625,0.8734044600278139,23.35852261312736,0.9024366331888548,0.35680624389950233,107.52929979073939,"25814"
"Andre Lipcius","DET","AA",24,372,0.163978494,0.150537634,1.089285714,0.264026402,0.392473118,0.425742574,0.818215692,0.161716172,5.379752429170096,0.294605809,1.2006349712610245,60.574521364156666,13.836461724225936,0.3695379130301937,131.85618815765184,"25822"
"Logan Davidson","OAK","AA",24,484,0.109504132,0.276859504,0.395522388,0.25235849,0.336776859,0.405660377,0.742437236,0.153301887,4.090064993819965,0.332142857,-0.5050085415132344,62.87204496533626,-5.917484239032338,0.33647818370791505,90.2140307551028,"25844"
"Michael Toglia","COL","AA",23,420,0.121428571,0.302380952,0.401574803,0.234159779,0.328571428,0.465564738,0.794136166,0.231404959,4.8797626593248165,0.285714285,0.2993524856865406,60.6262077060887,7.8574306932636935,0.34708891837369826,114.77650497214803,"25845"
"Matt Gorski","PIT","AA",24,159,0.094339622,0.295597484,0.319148936,0.276595744,0.354430379,0.489361702,0.843792081,0.212765958,8.512050115544662,0.375,0.8648542761802673,25.89672523374942,5.919973936037095,0.3695837553543381,128.1387461542802,"25855"
"Corbin Carroll","ARI","AA",21,277,0.14801444,0.245487364,0.602941176,0.31277533,0.429602888,0.643171806,1.072774694,0.330396476,8.897885153462656,0.379310344,1.9854742223396897,65.16128656223286,25.792072534112823,0.4558529806137085,148.9464104911263,"25878"
"Michael Harris II","ATL","AA",21,196,0.086734693,0.198979591,0.435897435,0.304597701,0.372448979,0.505747126,0.878196105,0.201149425,7.44436572170437,0.363636363,0.417968038469553,33.462994151680114,7.732860856620905,0.3869094076205273,138.9778831373716,"25931"
"Kerry Carpenter","DET","AA",24,262,0.061068702,0.27480916,0.222222222,0.304166666,0.358778625,0.645833333,1.004611958,0.341666667,2.334155275269307,0.346938775,-1.456650447100401,54.026367325344,21.108701664962684,0.4222070924563758,166.40898557351252,"25961"
"Orelvis Martinez","TOR","AA",20,492,0.081300813,0.284552845,0.285714285,0.203233256,0.286298568,0.445727482,0.73202605,0.242494226,3.1427266107508913,0.217228464,-0.7330595143139362,59.619644400338586,-2.195208671827858,0.3189527528905186,97.08458826209484,"25967"
"Nasim Nunez","MIA","AA",21,171,0.140350877,0.210526315,0.666666666,0.26056338,0.370588235,0.302816901,0.673405136,0.042253521,5.988015567691364,0.342592592,1.4427823666483164,20.23033276325498,-2.217895774781364,0.32478914260864256,89.08270932667368,"25979"
"Vaughn Grissom","ATL","AA",21,98,0.040816326,0.142857142,0.285714285,0.362637362,0.408163265,0.516483516,0.924646781,0.153846154,6.351922904995988,0.405405405,0.6739773843437433,18.900166896084894,6.035100248555294,0.41313192978197216,155.84407930312062,"26031"
"Maverick Handley","BAL","AA",24,308,0.116883116,0.207792207,0.5625,0.235521235,0.35179153,0.416988416,0.768779946,0.181467181,4.884744410197525,0.27027027,-0.2247171550989151,44.23974564888313,5.542642506144786,0.34622361100846083,105.89483501550458,"26106"
"Francisco Alvarez","NYM","AA",20,296,0.121621621,0.239864864,0.507042253,0.276679841,0.368243243,0.553359683,0.921602926,0.276679842,1.29342532125,0.309523809,-0.4870064780116081,54.273876101924685,17.084452302409918,0.39445970341310665,149.50282309729272,"26121"
"Brett Baty","NYM","AA",22,394,0.116751269,0.248730964,0.469387755,0.311764705,0.40609137,0.544117647,0.950209017,0.232352942,2.73901401778755,0.390134529,-1.691007573157549,79.0685580459166,29.56641961007599,0.41549679848748416,163.30388269690036,"26123"
"Troy Johnston","MIA","AA",25,376,0.085106382,0.188829787,0.450704225,0.291793313,0.36,0.449848024,0.809848024,0.158054711,3.7512468995689243,0.337254901,-0.23248364962637424,55.761156948618975,6.401309402995195,0.36033219003422373,111.94382110370123,"26143"
"Tristin English","ARI","AA",25,269,0.107806691,0.174721189,0.617021276,0.273913043,0.375464684,0.395652173,0.771116857,0.12173913,2.844135589252848,0.320224719,-0.6380487061105669,40.13832356012252,1.9061265436449344,0.3583637247741444,88.38256530123408,"26148"
"Dominic Fletcher","ARI","AA",24,142,0.091549295,0.176056338,0.52,0.346456692,0.408450704,0.590551181,0.999001885,0.244094489,6.675624093947596,0.385416666,-0.4688617014326155,30.63496755158568,10.452915594932087,0.4337544856776654,135.21802765847184,"26149"
"Jake Mangum","NYM","AA",26,158,0.075949367,0.215189873,0.352941176,0.272727272,0.337579617,0.398601398,0.736181015,0.125874126,7.4362775278106925,0.345794392,0.24511076137423515,20.48409873870773,0.6329873862640321,0.3292358289858338,106.7137129513544,"26202"
"Tyler Fitzgerald","SFG","AA",24,519,0.071290944,0.329479768,0.216374269,0.228571428,0.310077519,0.424175824,0.734253343,0.195604396,7.472919991771297,0.309701492,2.8006349951028824,65.10868404602142,-0.09844754839805214,0.32414054685784865,101.92076202009068,"26208"
"Darell Hernaiz","BAL","AA",20,59,0.084745762,0.27118644,0.3125,0.113207547,0.186440677,0.188679245,0.375119922,0.075471698,4.592143060313303,0.135135135,-0.2951800189912319,0.2708590571861804,-7.141897713663047,0.17737643092365588,-4.8747359417645075,"26224"
"John Rave","KCR","AA",24,461,0.136659436,0.2494577,0.547826086,0.262210796,0.363834422,0.413881748,0.77771617,0.151670952,5.788662053202662,0.332075471,0.5425654319114983,67.00199131134372,1.4813860154471858,0.35397515065284796,100.69882352233228,"26284"
"Gunnar Henderson","BAL","AA",21,208,0.197115384,0.182692307,1.078947368,0.31210191,0.451923076,0.573248407,1.025171483,0.261146497,7.979909049851068,0.35042735,1.0542568862438202,45.907530012612135,19.774421396736887,0.43981713343125123,167.29541225905083,"26289"
"Oliver Dunn","NYY","AA",24,77,0.129870129,0.337662337,0.384615384,0.333333333,0.428571428,0.575757575,1.004329003,0.242424242,6.972289435996837,0.526315789,0.019264794886112213,16.750818179613866,7.076542393929281,0.43597231592450825,177.21074349294855,"26295"
"Michael Busch","LAD","AA",24,137,0.175182481,0.262773722,0.666666666,0.305555555,0.445255474,0.666666666,1.11192214,0.361111111,3.899546857686179,0.354838709,-0.07967221178114414,34.256068283963,14.784651959585943,0.4726307487835849,179.03875473082036,"26319"
"Spencer Steer","MIN","AA",24,156,0.089743589,0.147435897,0.608695652,0.306569343,0.384615384,0.591240875,0.975856259,0.284671532,4.3239482208375986,0.317757009,-1.5348536195233464,31.806449094114225,9.634617367086332,0.4203235224271432,139.41342020894984,"26323"
"Jonny DeLuca","LAD","AA",23,119,0.06722689,0.142857142,0.470588235,0.298076923,0.358974358,0.60576923,0.964743588,0.307692307,8.813890600183932,0.292682926,0.828382974024862,22.932286773923728,6.019158725742195,0.40765468381408954,138.67327746902887,"26365"
"Kameron Misner","TBR","AA",24,510,0.16862745,0.303921568,0.554838709,0.250602409,0.384313725,0.431325301,0.815639026,0.180722892,6.100351323057643,0.356275303,1.9482661578804255,80.55565976337199,13.604802720105692,0.37176871358294383,120.27704299688486,"26374"
"Kyren Paris","LAA","AA",20,51,0.196078431,0.274509803,0.714285714,0.358974358,0.509803921,0.641025641,1.150829562,0.282051283,6.0880565725871145,0.5,0.8302703369408846,13.713064666209151,7.017978961882521,0.5032189546846876,207.3582424017728,"26420"
"Dominic Canzone","ARI","AA",24,63,0.126984126,0.095238095,1.333333333,0.4,0.476190476,0.854545454,1.33073593,0.454545454,5.155824018042899,0.372093023,0.09830101579427719,19.989429296052,11.035420329367657,0.5488398584627336,206.71321593282187,"26438"
"Matt Wallner","MIN","AA",24,342,0.181286549,0.312865497,0.579439252,0.298507462,0.435672514,0.597014925,1.032687439,0.298507463,4.555342451528128,0.406896551,-1.5689761661924422,76.35964682044344,27.752169572728445,0.44229309123772187,153.06170947810017,"26466"
"Spencer Horwitz","TOR","AA",24,281,0.153024911,0.192170818,0.796296296,0.297413793,0.412811387,0.517241379,0.930052766,0.219827586,4.395783836086185,0.347058823,-0.39534882828593254,54.463448250513274,19.15862363002796,0.40716459985290254,154.9546008762462,"26477"
"Angel Martinez","CLE","AA",20,103,0.116504854,0.174757281,0.666666666,0.243902439,0.356435643,0.451219512,0.807655155,0.207317073,5.195318066235537,0.265625,-0.20705988258123398,15.508798369137981,2.567884006468989,0.3546454292712825,122.75767483255704,"26540"
"Luisangel Acuna","TEX","AA",20,169,0.100591715,0.213017751,0.472222222,0.22368421,0.301775147,0.34868421,0.650459357,0.125,7.6900426705493485,0.274336283,0.6524340398609638,16.352468264106818,-7.667016106840067,0.29892140274217144,66.99456871422544,"26548"
"Elly De La Cruz","CIN","AA",20,207,0.077294685,0.309178743,0.25,0.305263157,0.357487922,0.552631578,0.9101195,0.247368421,9.0284470953942,0.420168067,2.5176844615489244,36.38948462819626,9.215313240046992,0.3929113360863287,126.87520339885097,"26668"
"Austin Martin","MIN","AA",23,406,0.115763546,0.133004926,0.87037037,0.241071428,0.366995073,0.31547619,0.682471263,0.074404762,7.947911954088331,0.280141843,3.4784754305146635,51.08834021316252,-6.615273127692129,0.33186860815644853,84.46203415065726,"27462"
"Dillon Dingler","DET","AA",23,448,0.100446428,0.319196428,0.314685314,0.237726098,0.333333333,0.418604651,0.751937984,0.180878553,4.22162815467007,0.334763948,-0.517347376793623,59.94559903068041,3.6589035503337306,0.3342886212962625,108.73143759946026,"27464"
"Tyler Soderstrom","OAK","AA",20,147,0.06802721,0.224489795,0.303030303,0.278195488,0.326530612,0.496240601,0.822771213,0.218045113,3.662545774404762,0.305263157,-0.726595563814044,21.1536360991003,0.260948510170171,0.35234524289222613,100.07122073754475,"27467"
"Zach DeLoach","SEA","AA",23,499,0.142284569,0.238476953,0.596638655,0.258373205,0.368737474,0.409090909,0.777828383,0.150717704,4.996715911526395,0.324137931,-0.6512008355930448,73.08882272751052,2.1673866263123145,0.3552557709711178,114.54785600853373,"27471"
"Jordan Walker","STL","AA",20,536,0.108208955,0.21641791,0.5,0.305856832,0.388059701,0.509761388,0.897821089,0.203904556,6.68425129394122,0.365269461,0.9322831006720662,97.62775669840593,21.447616918361376,0.39567967441594487,123.86251845517269,"27475"
"Masyn Winn","STL","AA",20,403,0.124069478,0.213399503,0.581395348,0.257971014,0.349127182,0.431884057,0.781011239,0.173913043,6.969040426863106,0.308300395,2.4564486402086914,57.50657970281447,0.22934774132574998,0.3509784758536893,96.09252014907848,"27479"
"Robert Hassell III","WSN","AA",20,122,0.106557377,0.286885245,0.371428571,0.222222222,0.311475409,0.296296296,0.607771705,0.074074074,2.7272070922551954,0.319444444,-0.010597392916679382,11.237760117189174,-4.090313205583806,0.2836576113935377,76.57821314400458,"27482"
"Nick Gonzales","PIT","AA",23,316,0.136075949,0.284810126,0.477777777,0.262548262,0.382911392,0.428571428,0.81148282,0.166023166,4.702806602043125,0.367469879,-0.9198971800506115,50.22341078530676,10.521188080419373,0.3648021302268475,125.0018352293562,"27490"
"Justin Foscue","TEX","AA",23,460,0.097826086,0.14347826,0.681818181,0.2875,0.367391304,0.4825,0.849891304,0.195,2.8464099750771563,0.307692307,-2.166546138934791,76.12713675677547,10.74865858733425,0.37681381339612213,115.38414620855781,"27501"
"David Hamilton","BOS","AA",24,531,0.105461393,0.224105461,0.470588235,0.250539956,0.338403041,0.401727861,0.740130902,0.151187905,9.384998645258031,0.312312312,9.591040566563606,69.66960487070918,2.954793933066127,0.33112817264738537,101.63806166171949,"27531"
"Edouard Julien","MIN","AA",23,508,0.192913385,0.246062992,0.784,0.3,0.440944881,0.49,0.930944881,0.19,5.475165142344128,0.39312977,-0.8539481945335865,104.17826260242435,31.977682363128395,0.421669626964855,140.249668943534,"27534"
"Garrett Mitchell","MIL","AA",23,187,0.085561497,0.278074866,0.307692307,0.277108433,0.352941176,0.427710843,0.780652019,0.15060241,7.439134204853458,0.378378378,0.5284948032349348,26.457716732047743,1.9090691495167682,0.35225563699548895,106.09622382290314,"27555"
"Austin Wells","NYY","AA",22,247,0.117408906,0.234817813,0.5,0.260663507,0.360323886,0.478672985,0.838996871,0.218009478,5.642005628342043,0.3006993,0.9524805545806885,40.065040275355734,9.031973794003886,0.36877519495574085,133.12711559027608,"27562"
"Gage Workman","DET","AA",22,515,0.066019417,0.4,0.165048543,0.225263157,0.276264591,0.414736842,0.691001433,0.189473685,8.18433436653326,0.359073359,1.4907305426895618,54.507788943180806,-10.196782870164144,0.3003275233252039,86.4517865587824,"27573"
"Casey Schmitt","SFG","AA",23,127,0.047244094,0.228346456,0.206896551,0.341666666,0.377952755,0.516666666,0.894619421,0.175,4.958786705459312,0.431818181,0.17624027281999588,22.960345678845382,7.00407262972925,0.3913418120286596,146.00710866217057,"27577"
"Jacob Hurtubise","CIN","AA",24,194,0.118556701,0.211340206,0.560975609,0.25,0.385416666,0.307692307,0.693108973,0.057692307,8.091337043906506,0.330434782,1.2644031066447496,25.16842372578059,-0.29915718871678454,0.33833109432210523,91.76946266568427,"27599"
"Nick Loftin","KCR","AA",23,425,0.105882352,0.134117647,0.789473684,0.269972451,0.354066985,0.421487603,0.775554588,0.151515152,6.741132881651928,0.287625418,2.065234857145697,60.29626525762679,-0.10776348587868657,0.35004619328523995,98.25801336617425,"27630"
"Anthony Volpe","NYY","AA",21,497,0.114688128,0.177062374,0.647727272,0.251184834,0.348088531,0.471563981,0.819652512,0.220379147,7.732786403169051,0.271604938,5.394562870264053,76.24053358208802,13.797480783578418,0.35808275451122873,126.11250604850059,"27647"
"Christian Koss","BOS","AA",24,532,0.046992481,0.257518796,0.182481751,0.260245901,0.308851224,0.430327868,0.739179092,0.170081967,6.536565918056699,0.323529411,0.2436746284365654,65.8716640948495,-0.9687867880621661,0.32215954878830505,95.75433522667636,"27653"
"Michael Massey","KCR","AA",24,248,0.084677419,0.217741935,0.388888888,0.304545454,0.358870967,0.495454545,0.854325512,0.190909091,4.676932740498583,0.35582822,0.40401457948610187,39.652875162064674,4.405347801148532,0.37046403976959913,110.94231670750585,"27684"
"Joey Wiemer","MIL","AA",23,374,0.09090909,0.302139037,0.300884955,0.24251497,0.320855614,0.44011976,0.760975374,0.19760479,7.210772302926961,0.318840579,3.861776791512966,48.35066065686132,-0.7466345082006297,0.33779276088479376,96.79377365803809,"27690"
"Eric Yang","CIN","AA",24,130,0.123076923,0.269230769,0.457142857,0.169642857,0.279069767,0.276785714,0.555855481,0.107142857,4.198125583968291,0.226666666,0.17369376868009567,8.859288601956422,-8.206616134562438,0.2653538483057835,44.83086006409579,"27698"
"Brett Wisely","TBR","AA",23,500,0.124,0.208,0.596153846,0.274418604,0.370741482,0.460465116,0.831206598,0.186046512,7.725088986615504,0.329073482,0.016118623316287994,79.09854091704736,13.460445776590216,0.3720588032979084,120.46362726243093,"27735"
"Zac Veen","COL","AA",20,141,0.09929078,0.29787234,0.333333333,0.177419354,0.262411347,0.233870967,0.496282314,0.056451613,3.8172699970346224,0.253012048,-1.3903449028730392,7.35209215270596,-10.36314013017101,0.23512019502355697,41.32116245532941,"27770"
"Tyler Gentry","KCR","AA",23,331,0.120845921,0.19939577,0.606060606,0.321167883,0.416918429,0.554744525,0.971662954,0.233576642,3.9691382092440937,0.361809045,-1.0648471368476748,68.85912882411803,21.815049967411415,0.4250221245238428,144.83576855978748,"27784"
"Shay Whitcomb","HOU","AA",23,506,0.071146245,0.326086956,0.218181818,0.219088937,0.282608695,0.399132321,0.681741016,0.180043384,6.682308692072205,0.292857142,2.38154807779938,49.6796212206576,-22.236704765727747,0.300531641358421,72.5694851212175,"27789"
"Jordan Westburg","BAL","AA",23,209,0.124401913,0.272727272,0.45614035,0.247252747,0.344497607,0.472527472,0.817025079,0.225274725,4.305375797538512,0.310344827,0.2841039150953293,31.96537494597598,5.706626384832105,0.3575276829875432,113.31069592928557,"27815"
"Matt Mervis","CHC","AA",24,230,0.086956521,0.2,0.434782608,0.30049261,0.369565217,0.596059113,0.96562433,0.295566503,4.3179466762370255,0.321917808,-0.036447737365961075,44.5075008474643,14.313977082854011,0.41390456220378047,146.6586130227498,"27845"
"Coby Mayo","BAL","AA",20,145,0.08275862,0.344827586,0.24,0.25,0.331034482,0.3984375,0.729471982,0.1484375,2.0819597025,0.364864864,-0.25666557624936104,18.572798469425347,0.35500640547385476,0.32734397731978315,93.50914446103478,"28312"
"Bryce Teodosio","LAA","AA",23,425,0.10117647,0.390588235,0.259036144,0.192411924,0.29481132,0.333333333,0.628144653,0.140921409,5.630774243545925,0.3,2.487158300355077,38.499378001395606,-17.293002867992975,0.2919426611009634,71.4663784988107,"29524"
"Tim Tawa","ARI","AA",23,246,0.101626016,0.231707317,0.438596491,0.197247706,0.284552845,0.298165137,0.582717982,0.100917431,3.2129223152320474,0.242038216,-0.7642045048996806,18.434684566143808,-16.528588541861716,0.27419112392557343,36.0915069366815,"29571"
"Trey Sweeney","NYY","AA",22,50,0.14,0.2,0.7,0.232558139,0.34,0.395348837,0.735348837,0.162790698,3.834451723933033,0.258064516,-0.12808585911989212,6.614237510422695,0.33224024699114624,0.3324399256706238,109.28992632061968,"29575"
"Colton Cowser","BAL","AA",22,224,0.160714285,0.254464285,0.631578947,0.34090909,0.46875,0.568181818,1.036931818,0.227272728,3.3875151921246505,0.446428571,-1.0312983356416225,51.77645412503188,23.633106384858543,0.4524894790457828,175.60890784742173,"29591"
"Connor Norby","BAL","AA",22,296,0.114864864,0.199324324,0.576271186,0.297619047,0.388513513,0.571428571,0.959942084,0.273809524,6.793876862096837,0.322222222,0.5884451940655708,58.52766217149365,21.33823837197888,0.4119108226653692,148.98791035712745,"29592"
"Justyn-Henry Malloy","ATL","AA",22,238,0.180672268,0.25210084,0.716666666,0.268421052,0.403361344,0.421052631,0.824413975,0.152631579,1.5775162275,0.354330708,-0.6385068837553263,39.09978650406769,7.856053217210083,0.3792725829016261,134.06591536404238,"29606"
"Henry Davis","PIT","AA",22,136,0.088235294,0.220588235,0.4,0.206896551,0.323529411,0.379310344,0.702839755,0.172413793,5.05627319276351,0.243902439,-0.04654689133167267,16.631202544557297,-0.4558300119765163,0.3203008069711573,95.80743303923549,"29617"
"Sal Frelick","MIL","AA",22,253,0.079051383,0.130434782,0.606060606,0.316964285,0.38,0.464285714,0.844285714,0.147321429,7.0031299807250145,0.351063829,0.29137819446623325,40.736521411095275,7.523645270023956,0.3753966684302976,120.98042044038601,"29622"
"Will Wagner","HOU","AA",23,298,0.117449664,0.191275167,0.614035087,0.250996015,0.361486486,0.386454183,0.747940669,0.135458168,5.599518454581003,0.301587301,-0.05076107056811452,41.611397668533435,-0.7424860151480596,0.3475099751675451,101.75412204958978,"29634"
"Matt McLain","CIN","AA",22,452,0.154867256,0.280973451,0.551181102,0.231805929,0.362831858,0.452830188,0.815662046,0.221024259,7.861003582689894,0.3,3.052202492952347,69.02395569820064,9.687117691227375,0.3655542517184154,109.2792624504022,"29695"
"Colson Montgomery","CHW","AA",20,52,0.038461538,0.288461538,0.133333333,0.145833333,0.192307692,0.291666666,0.483974358,0.145833333,2.1964285649999997,0.15625,-0.0565765593200922,1.327021435828016,-5.499340458779528,0.2148401106779392,18.810805560167665,"29712"
"Zack Gelof","OAK","AA",22,402,0.116915422,0.27363184,0.427272727,0.27118644,0.355721393,0.437853107,0.7935745,0.166666667,5.224013707838093,0.35775862,0.09256143122911453,59.75298178861287,2.617876953579461,0.3577134195548385,103.40612587705557,"29766"
"Niko Kavadas","BOS","AA",23,100,0.16,0.4,0.4,0.222222222,0.37,0.333333333,0.703333333,0.111111111,0.88504464,0.41025641,-0.20401622727513313,12.889986838608754,0.32599231174565635,0.32832953725198305,99.80206036244495,"29782"
"Brett Harris","OAK","AA",24,360,0.086111111,0.172222222,0.5,0.285714285,0.36056338,0.441269841,0.801833221,0.155555556,5.575334307015913,0.326530612,-0.9308390370570123,54.71884590248844,3.5530803785779193,0.3615183496139419,105.76988579165725,"29788"
"Kyle Manzardo","TBR","AA",21,122,0.114754098,0.155737704,0.736842105,0.323232323,0.401639344,0.575757575,0.977396919,0.252525252,2.6153603269459333,0.333333333,-0.5260226335376501,23.665498630080585,7.649803415809041,0.4144598669257046,147.7357810384814,"29794"
"Darren Baker","WSN","AA",23,191,0.094240837,0.157068062,0.6,0.289940828,0.356382978,0.360946745,0.717329723,0.071005917,3.9363751958375377,0.345323741,-0.24702560529112816,24.37323867265974,0.3760091263512194,0.32676147685406054,104.85583484466838,"29912"
"Jordan Lawlar","ARI","AA",19,97,0.103092783,0.288659793,0.357142857,0.211764705,0.298969072,0.352941176,0.651910248,0.141176471,4.7699516740022165,0.259259259,-0.25032131746411324,8.943130068825289,-4.843201197339491,0.2937504363556703,48.24245792954341,"29976"
"Christian Encarnacion-Strand","MIN","AA",22,208,0.048076923,0.25,0.192307692,0.315789473,0.365384615,0.568421052,0.933805667,0.252631579,3.7013351099576246,0.375,-0.698519354686141,38.52296874504387,10.566464996150135,0.40196557235026703,130.90853366801642,"30011"
"Tristan Peters","SFG","AA",22,149,0.10067114,0.208053691,0.483870967,0.212121212,0.302013422,0.303030303,0.605043725,0.090909091,5.764892291428705,0.27,-0.10882106423377991,13.346009645469735,-5.37434219955628,0.28057045824575744,73.33728185946545,"30063"
"Oscar Colas","CHW","AA",23,225,0.062222222,0.24,0.259259259,0.305825242,0.364444444,0.563106796,0.92755124,0.257281554,3.704856848165047,0.355072463,-1.1712216138839722,41.102281511065115,11.565138697859396,0.40106652590191416,138.5907119732099,"30162"
"Cesar Prieto","BAL","AA",23,389,0.038560411,0.149100257,0.258620689,0.255434782,0.29562982,0.347826086,0.643455906,0.092391304,2.7931271396115087,0.294117647,-2.36547152325511,37.55641129603271,-11.317527413464745,0.28904108048098254,68.38112368435671,"30163"
"Zach Neto","LAA","AA",21,136,0.058823529,0.213235294,0.275862068,0.319672131,0.382352941,0.491803278,0.874156219,0.172131147,4.575937682084776,0.388888888,-0.43382138945162296,23.53375314717031,5.6801912689659595,0.3896499341901611,134.31121182936693,"31347"
"Juan Centeno","ARI","AA",32,337,0.050445103,0.172106824,0.293103448,0.302250803,0.349253731,0.514469453,0.863723184,0.21221865,3.4238690476075515,0.333333333,-0.8062677755951881,56.065519516729275,8.168677901290815,0.3778028593134524,100.45885744979255,"7168"
"Anthony Prato","MIN","AA",24,356,0.126404494,0.199438202,0.633802816,0.293918918,0.402816901,0.418918918,0.821735819,0.125,6.310041589044044,0.373333333,0.2734928741119802,60.08524694154062,9.487989923451321,0.3805365510389838,114.69631723205703,"sa1052903"
"Marty Bechina","OAK","AA",25,315,0.098412698,0.323809523,0.303921568,0.227106227,0.325878594,0.358974358,0.684852952,0.131868131,4.60316053356487,0.335365853,-1.6037153149954975,35.88673345245735,-8.88331138096436,0.31837475128448045,78.96752498114435,"sa1053075"
"Shane Selman","OAK","AA",25,306,0.081699346,0.31372549,0.260416666,0.211111111,0.294117647,0.388888888,0.683006535,0.177777777,4.853596152148142,0.277108433,-0.013152129482477903,31.67610689754821,-11.814793797775735,0.3065782360781252,71.63910386863066,"sa1115804"
"Carter Bins","PIT","AA",23,51,0.078431372,0.411764705,0.19047619,0.130434782,0.215686274,0.282608695,0.498294969,0.152173913,6.75644155923808,0.208333333,0.36051299422979355,2.3276802309058233,-4.079956977794357,0.2272249273225373,34.746447300712774,"sa1115884"
"Nick Kahle","MIL","AA",24,82,0.085365853,0.280487804,0.304347826,0.236111111,0.308641975,0.458333333,0.766975308,0.222222222,1.70535714,0.282608695,-0.1374002154916525,10.501221098978384,-0.26342650405658885,0.33635163748705826,95.86685023794864,"sa1115979"
"Quincy McAfee","CIN","AA",24,301,0.11295681,0.272425249,0.414634146,0.216535433,0.322259136,0.338582677,0.660841813,0.122047244,3.6722538202887645,0.286549707,-2.0757251624017954,31.24456197232447,-8.269571302230736,0.3076029307026404,72.00526026637665,"sa1159899"
"Ivan Johnson","CIN","AA",23,197,0.065989847,0.33502538,0.196969696,0.261111111,0.324873096,0.427777777,0.752650873,0.166666666,7.662360233806551,0.39090909,-0.023011012002825737,25.286443184214477,-0.5749663011256386,0.336699909062555,90.72029239896207,"sa1169627"
"LJ Talley","TOR","AA",25,101,0.128712871,0.217821782,0.59090909,0.188235294,0.297029702,0.352941176,0.649970878,0.164705882,1.26785714,0.196721311,-0.15794804692268372,10.14162785068787,-2.548006621443859,0.2937358452541993,80.54142752739243,"sa1169773"
"Ryan Ward","LAD","AA",24,506,0.077075098,0.229249011,0.336206896,0.25490196,0.318811881,0.485838779,0.80465066,0.230936819,4.039929590664746,0.280757097,-0.20966573804616928,71.61384879249282,-0.30247719389252087,0.3496561058693462,102.6424670414678,"sa1169792"
"Simon Whiteman","SFG","AA",25,96,0.083333333,0.322916666,0.258064516,0.164705882,0.260416666,0.211764705,0.472181371,0.047058823,6.126188940316396,0.259259259,0.4258459694683552,4.55295335847583,-7.508481387312744,0.22939350145558515,39.763433935568514,"sa1169809"
"Cody Milligan","ATL","AA",23,313,0.102236421,0.185303514,0.551724137,0.271062271,0.345047923,0.326007326,0.671055249,0.054945055,6.055083865335238,0.331818181,2.0240929424762726,34.11725148082827,-6.97219607709791,0.3137627234474158,91.93029875390931,"sa1169818"
"Aaron Shackelford","PIT","AA",25,443,0.090293453,0.288939051,0.3125,0.23929471,0.314479638,0.498740554,0.813220192,0.259445844,5.452103662164069,0.282786885,0.7489581853151321,65.32366685096015,9.665171096956636,0.350864746943623,115.85843131953443,"sa1169950"
"Matt Lloyd","CIN","AA",26,86,0.116279069,0.290697674,0.4,0.186666666,0.290697674,0.333333333,0.624031007,0.146666667,4.082977508922311,0.25,0.05451742187142372,7.603538455705891,-3.6862139084527397,0.28936709013096124,60.2760580776762,"sa1169978"
"Toby Welk","BAL","AA",25,160,0.0875,0.2875,0.304347826,0.223776223,0.29375,0.377622377,0.671372377,0.153846154,2.04761904,0.294736842,-0.2171785645186901,16.663515612250393,-3.4388756307305646,0.29827117137610915,74.43638150883594,"sa1170296"
"Jake Means","KCR","AA",26,430,0.113953488,0.276744186,0.411764705,0.208,0.306976744,0.354666666,0.66164341,0.146666666,4.760341282918029,0.272357723,0.8793208906427026,43.626532693096216,-17.4881316826858,0.30424415162115387,69.80413158365526,"sa1170316"
"Terence Doston","MIL","AA",21,130,0.084615384,0.269230769,0.314285714,0.275862068,0.348837209,0.344827586,0.693664795,0.068965518,4.491679633075047,0.379746835,-0.24998611770570278,15.321919523850966,-1.7439852126678952,0.3242616889088653,88.09065529002586,"sa1170340"
"Anthony Mulrine","LAA","AA",24,169,0.112426035,0.254437869,0.441860465,0.159722222,0.284023668,0.215277777,0.499301445,0.055555555,2.2617595775,0.22,-0.3394593559205532,9.52246161131101,-12.663214546163507,0.2513683106772293,45.369157593389076,"sa1170373"
"Elvis Peralta","ARI","AA",25,50,0.08,0.32,0.25,0.186046511,0.265306122,0.255813953,0.521120075,0.069767442,8.952030124175188,0.285714285,0.3300819522701204,2.5899991947081245,-4.516357128057226,0.24797024288956,19.80214903634941,"sa1170420"
"Bryce Ball","CHC","AA",23,562,0.1227758,0.215302491,0.570247933,0.265432098,0.356506238,0.405349794,0.761856032,0.139917696,2.9744091044348635,0.329608938,-2.898067317903042,77.11093699739908,3.3337180595252414,0.3471874720060039,103.74651158736032,"sa1170451"
"Hill Alexander","TBR","AA",26,103,0.058252427,0.320388349,0.181818181,0.2,0.252427184,0.336842105,0.589269289,0.136842105,6.3138122349238035,0.278688524,-0.20478714630007744,6.919411285536203,-6.602036313397971,0.26420487420072836,51.0925151245437,"sa1170495"
"Alex Isola","MIN","AA",23,247,0.129554655,0.182186234,0.711111111,0.285714285,0.376518218,0.471428571,0.847946789,0.185714286,1.546052870039017,0.314465408,-0.9681306583806872,41.1378549365372,6.032454702076373,0.3780108031473662,113.12723145968877,"sa1170516"
"Josh Bissonette","PIT","AA",25,53,0.094339622,0.132075471,0.714285714,0.166666666,0.245283018,0.1875,0.432783018,0.020833334,2.3290595402409378,0.195121951,-0.5149235278367996,1.6803845908440629,-4.978532508393379,0.2103026273115626,23.644835115751277,"sa1170619"
"Chandler Redmond","STL","AA",25,372,0.104838709,0.298387096,0.351351351,0.235474006,0.316216216,0.480122324,0.79633854,0.244648318,3.561299077876984,0.282828282,-1.0126239652745426,51.14153630529283,-1.7297547360813732,0.345064063705403,92.41827380620444,"sa1170749"
"Dylan Shockley","PIT","AA",25,82,0.085365853,0.414634146,0.205882352,0.147058823,0.283950617,0.19117647,0.475127087,0.044117647,3.4031591067936118,0.294117647,0.06837663054466248,4.712401948307017,-5.590073563720724,0.2415875358346068,44.168813619831006,"sa1170874"
"Eric Rodriguez","CLE","AA",23,162,0.061728395,0.277777777,0.222222222,0.19047619,0.25,0.272108843,0.522108843,0.081632653,1.42757935875,0.257425742,-0.21059739589691162,9.017647740040513,-11.336023393477706,0.23939708471298218,47.15078774183626,"sa185525"
"Tanner Kirwer","SEA","AA",26,362,0.104972375,0.267955801,0.391752577,0.240384615,0.333333333,0.32051282,0.653846153,0.080128205,6.2479393452876035,0.328638497,2.930698593147099,38.58971664716447,-12.860303129656666,0.3100740176108148,86.47931971337022,"sa3002831"
"Yunior Severino","MIN","AA",22,160,0.0875,0.3,0.291666666,0.272727272,0.3375,0.496503496,0.834003496,0.223776224,1.4899170150827064,0.348314606,-0.7393079372122884,24.5652356506289,1.8248954177797785,0.36325894184410573,103.96284266074538,"sa3003185"
"David Garcia","TEX","AA",22,262,0.06870229,0.251908396,0.272727272,0.227848101,0.295019157,0.345991561,0.641010718,0.11814346,2.8155265466730306,0.293413173,-0.8791440445929766,24.19552265686539,-13.041784474425045,0.29392281049056074,63.889262753206026,"sa3003197"
"Daniel Ozoria","MIN","AA",21,68,0.044117647,0.294117647,0.15,0.225806451,0.261538461,0.241935483,0.503473944,0.016129032,4.827642377581277,0.333333333,-0.4972446635365486,2.974314255538972,-6.690330343421905,0.2388361646578862,26.666921682502448,"sa3003218"
"Rafael Lantigua","TOR","AA",24,368,0.100543478,0.190217391,0.528571428,0.268292682,0.345108695,0.402439024,0.747547719,0.134146342,4.098884289504785,0.326771653,-3.3421753719449043,49.543075693776586,3.307575834920392,0.3352853280046712,107.79932058462096,"sa3003219"
"Johan Lopez","TBR","AA",21,77,0.051948051,0.298701298,0.173913043,0.157142857,0.210526315,0.242857142,0.453383457,0.085714285,4.9776887379108725,0.212765957,-0.15629295259714127,1.631811748089629,-8.476454903540773,0.2097124135807941,16.043234787906425,"sa3003228"
"Luis Mieses","CHW","AA",22,102,0.039215686,0.196078431,0.2,0.298969072,0.333333333,0.443298969,0.776632302,0.144329897,3.4117742987606,0.351351351,-0.010141503065824509,13.921748956606566,0.5315775479533069,0.34633389349077265,103.38695433194717,"sa3003274"
"Diego Infante","TBR","AA",22,163,0.116564417,0.288343558,0.404255319,0.272727272,0.35582822,0.377622377,0.733450597,0.104895105,4.024808606402071,0.389473684,-0.9577848855406046,21.092149305159225,-0.30586971062980717,0.33793477668352656,98.5152226314825,"sa3003280"
"Marcos Gonzalez","CLE","AA",22,146,0.06849315,0.267123287,0.256410256,0.236641221,0.303448275,0.358778625,0.6622269,0.122137404,2.14943608375,0.311111111,-0.2237597331404686,15.197470662772423,-3.145961346447701,0.29820473769615435,85.7306354282364,"sa3003311"
"Sebastian Espino","TOR","AA",22,380,0.057894736,0.436842105,0.13253012,0.18079096,0.234210526,0.364406779,0.598617305,0.183615819,5.097604815579366,0.285714285,-0.42728210240602493,28.312560644366695,-19.43061855771308,0.2622779281515824,59.90394943083168,"sa3003347"
"Kenneth Betancourt","LAD","AA",22,87,0.034482758,0.218390804,0.157894736,0.253012048,0.279069767,0.289156626,0.568226393,0.036144578,3.2006846115948266,0.328125,-0.4312527603469789,5.710137601973346,-6.654922399638363,0.2636473858079245,49.210745136101245,"sa3003350"
"Jose Alvarez","HOU","AA",22,107,0.102803738,0.308411214,0.333333333,0.252631578,0.336448598,0.326315789,0.662764387,0.073684211,3.693790179269827,0.37704918,-0.29481462435796857,11.7471605556518,-3.46044197506605,0.3136835571761443,80.73993002486849,"sa3003377"
"Trey Hair","TEX","AA",27,258,0.069767441,0.244186046,0.285714285,0.243589743,0.303501945,0.521367521,0.824869466,0.277777778,2.7877836313357442,0.256410256,-1.392059296835214,37.043696105919246,0.3748974804500409,0.3519802580547704,99.95664511363334,"sa3003436"
"Chase Pinder","STL","AA",26,268,0.197761194,0.208955223,0.946428571,0.277511961,0.421641791,0.488038277,0.909680068,0.210526316,2.795313568537044,0.326530612,-2.0545648145489395,52.05611201576583,13.966042125743549,0.4093896132796558,132.37962742019673,"sa3003961"
"Ryan Grotjohn","KCR","AA",27,84,0.154761904,0.404761904,0.382352941,0.161764705,0.297619047,0.279411764,0.577030811,0.117647059,5.327418018741522,0.264705882,0.4665200882591307,6.6012841459374165,-5.337394476308372,0.27832632618291037,53.70304276127648,"sa3003964"
"Alex Destino","CHW","AA",26,265,0.147169811,0.316981132,0.464285714,0.238738738,0.354716981,0.355855855,0.710572836,0.117117117,2.0264778275,0.355555555,-0.6385068837553263,33.022324866628466,-1.765865557813823,0.3322621599683222,94.33608513940422,"sa3004031"
"Austin Beck","OAK","AA",23,76,0.026315789,0.355263157,0.074074074,0.229729729,0.25,0.283783783,0.533783783,0.054054054,4.111280627862844,0.347826086,0.29194483207538724,3.6856160029934655,-7.116045607609867,0.24422480793375717,32.902903282493746,"sa3004055"
"Marcus Chiu","MIA","AA",25,97,0.051546391,0.30927835,0.166666666,0.193181818,0.268041237,0.34090909,0.608950327,0.147727272,5.60716356434567,0.254545454,0.24643505923449993,7.661967288539434,-5.071823168709254,0.27820007641290884,59.1168530753765,"sa3004060"
"Connor Hoover","SEA","AA",25,277,0.115523465,0.267148014,0.432432432,0.175732217,0.277978339,0.284518828,0.562497167,0.108786611,4.344110648738311,0.226993865,-0.88740208838135,18.920961372749908,-20.448252655370133,0.2666765130814232,59.51922320518589,"sa3004061"
"Jancarlos Cintron","ARI","AA",27,164,0.054878048,0.140243902,0.391304347,0.31081081,0.35,0.479729729,0.829729729,0.168918919,5.82086002022797,0.341463414,0.15656305430456996,25.519255688633297,2.21040694996295,0.3656075980514288,92.88272089235517,"sa3004065"
"Jeisson Rosario","NYY","AA",22,433,0.147806004,0.189376443,0.780487804,0.243093922,0.362586605,0.408839779,0.771426384,0.165745857,5.05422500287846,0.284132841,-1.4611302353441715,62.90695025160484,8.504853950287627,0.3482225347336115,119.6438619541043,"sa3004146"
"Agustin Ruiz","SDP","AA",22,91,0.131868131,0.252747252,0.52173913,0.236842105,0.351648351,0.381578947,0.733227298,0.144736842,7.120593980670803,0.307692307,0.23473915178328753,12.035878862482319,-0.8976896449506192,0.3391543390986684,100.87368055013683,"sa3004149"
"Blake Hunt","TBR","AA",23,302,0.069536423,0.231788079,0.3,0.245421245,0.314569536,0.362637362,0.677206898,0.117216117,3.877309286790137,0.311557788,-0.19809504970908165,31.97250302784056,-7.672906436995561,0.3100518876353636,80.58108672118536,"sa3004153"
"Cody Bohanek","NYM","AA",26,83,0.204819277,0.277108433,0.739130434,0.19047619,0.385542168,0.269841269,0.655383437,0.079365079,2.9921895152409377,0.3,-1.0495905615389347,10.495309589784151,0.06719413248777989,0.32535397934626387,104.167085765281,"sa3004157"
"Jake Scheiner","SEA","AA",26,568,0.128521126,0.209507042,0.613445378,0.251572327,0.355633802,0.454926624,0.810560426,0.203354297,2.6567167302923713,0.286127167,-0.8257760917767882,86.01168694884439,5.283479122230013,0.36087492628703044,118.03867814806203,"sa3004160"
"Tyreque Reed","BOS","AA",25,187,0.096256684,0.342245989,0.28125,0.19760479,0.283422459,0.347305389,0.630727848,0.149700599,1.1845238025,0.278350515,-0.2632467448711395,17.498223477954628,-5.996446287279365,0.285431272205822,71.65931962145166,"sa3004163"
"Angel Lopez","CLE","AA",25,50,0.06,0.38,0.157894736,0.152173913,0.204081632,0.173913043,0.377994675,0.02173913,2.01785714,0.259259259,-0.05923051759600639,0.33522257403367295,-5.946774689397876,0.17994307863469028,8.146910142722435,"sa3004167"
"JJ Muno","CHW","AA",28,331,0.111782477,0.232628398,0.48051948,0.233812949,0.35347432,0.320143884,0.673618204,0.086330935,7.075042196618514,0.308080808,1.3092445898801088,38.20658754015092,-5.245831442831718,0.3213784660353805,87.33574719514402,"sa3004176"
"Dylan Rosa","DET","AA",26,141,0.120567375,0.460992907,0.261538461,0.204918032,0.304964539,0.401639344,0.706603883,0.196721312,3.1659695341359617,0.352941176,-0.2531280629336834,16.5897977168785,-1.125434565998467,0.3146782864070108,95.86638186729014,"sa3004285"
"Brent Diaz","MIL","AA",26,202,0.074257425,0.237623762,0.3125,0.261111111,0.341584158,0.422222222,0.76380638,0.161111111,3.422219042984648,0.32,-0.09575230255723,27.507128373453078,0.9893379367083893,0.34596201216820444,102.04819555632085,"sa3004297"
"Demetrius Sims","MIA","AA",26,102,0.117647058,0.264705882,0.444444444,0.317647058,0.421568627,0.458823529,0.880392156,0.141176471,4.467198584714029,0.448275862,-0.18532719276845455,18.633972239276815,5.243800830623556,0.40107742244122074,138.15095245302143,"sa3004390"
"Erik Ostberg","TBR","AA",26,187,0.128342245,0.29946524,0.428571428,0.216049382,0.315508021,0.388888888,0.704396909,0.172839506,5.4056117309658545,0.287128712,-0.22301101498305798,21.243920047198085,-3.3047275353328915,0.3192171929354336,86.47616562161413,"sa3004505"
"Matt Winaker","NYM","AA",26,252,0.134920634,0.226190476,0.596491228,0.163366336,0.312,0.257425742,0.569425742,0.094059406,5.430107828781712,0.206896551,-0.476887796074152,21.738895218356067,-9.922370989338939,0.2765569794178009,72.15457158907199,"sa3004506"
"Cam Balego","CHC","AA",27,64,0.1875,0.15625,1.2,0.16,0.317460317,0.24,0.557460317,0.08,2.8483727266678733,0.175,-0.6047871522605419,5.1023985513316275,-3.299277626646888,0.27907176812489826,59.93482876929923,"sa3004517"
"Jacob Pearson","ATL","AA",24,111,0.171171171,0.234234234,0.73076923,0.122222222,0.27027027,0.211111111,0.481381381,0.088888889,4.987229182555536,0.166666666,0.16288339719176292,5.389290930536047,-9.18236619064544,0.24213294886253975,45.85838309229487,"sa3004722"
"Chris Sharpe","PHI","AA",26,102,0.176470588,0.25490196,0.692307692,0.181818181,0.343137254,0.324675324,0.667812578,0.142857143,6.0529033300106,0.24074074,0.01572728157043457,11.64453624175785,-1.1707381756425113,0.31043293896843405,86.03885375108007,"sa3004726"
"Shane Matheny","SFG","AA",26,382,0.15183246,0.30104712,0.504347826,0.253968253,0.377308707,0.415873015,0.793181722,0.161904762,4.575967172287622,0.359788359,0.03658445179462433,58.663135511019995,10.668676418402967,0.3582854778678329,124.32101387174646,"sa3004780"
"Quincy Nieporte","DET","AA",27,518,0.077220077,0.164092664,0.470588235,0.270152505,0.331395348,0.535947712,0.86734306,0.265795207,3.6455598149696846,0.26345609,-0.3370908796787262,84.21270496698949,19.131213317838647,0.36921982302249057,131.6475101467939,"sa3004819"
"Justin Connell","WSN","AA",23,379,0.126649076,0.292875989,0.432432432,0.229559748,0.344827586,0.396226415,0.741054001,0.166666667,5.0988186074770265,0.313131313,-1.2378643602132797,50.99882864204189,3.38128938523075,0.3352047325129218,110.39490162887442,"sa3004884"
"Riley Delgado","ATL","AA",27,412,0.075242718,0.138349514,0.543859649,0.272237196,0.339805825,0.32884097,0.668646795,0.056603774,3.7667904742355005,0.315286624,-0.8615178987383842,44.65723281419669,-9.42855758154,0.31304053007398996,91.46578755888346,"sa3004934"
"Tristen Lutz","MIL","AA",23,295,0.115254237,0.298305084,0.386363636,0.258823529,0.352542372,0.443137254,0.795679626,0.184313725,1.5031163569653119,0.343949044,-0.9139761831611395,43.025848618029286,4.299372485159561,0.3574282864392814,109.42324628392062,"sa3004968"
"Robbie Glendinning","KCR","AA",26,518,0.144787644,0.324324324,0.446428571,0.252336448,0.373307543,0.439252336,0.812559879,0.186915888,4.8469237733964725,0.363265306,-0.25945887342095375,82.1330369216076,8.511185417758567,0.3689538253114579,110.00411696581405,"sa3004978"
"J.D. Osborne","MIA","AA",26,163,0.067484662,0.300613496,0.224489795,0.243243243,0.312883435,0.412162162,0.725045597,0.168918919,2.80357142125,0.329787234,-0.29904752783477306,19.401200200595078,-1.9968188151939532,0.32564199884976347,89.63126222998967,"sa3005053"
"Adam Hall","BAL","AA",23,212,0.08490566,0.273584905,0.310344827,0.252747252,0.353773584,0.329670329,0.683443913,0.076923077,6.277550328212166,0.362903225,2.3494369201362133,25.70568788333384,-0.9299805136159272,0.31904395655641016,88.06404470613522,"sa3005077"
"Tyler Dearden","BOS","AA",23,376,0.130319148,0.27393617,0.475728155,0.262658227,0.367021276,0.39556962,0.762590896,0.132911393,2.2261788769066846,0.357142857,-1.6089898943901062,53.369171254459644,6.128551833454399,0.3441637881596883,110.18987482636031,"sa3005103"
"Diosbel Arias","TEX","AA",25,58,0.086206896,0.103448275,0.833333333,0.18,0.293103448,0.32,0.613103448,0.14,4.432575830818881,0.166666666,-0.38675945345312357,5.099414309347205,-3.143959025060601,0.2889043380474222,60.771606499514185,"sa3005308"
"Braxton Martinez","LAA","AA",28,312,0.128205128,0.298076923,0.430107526,0.202247191,0.310897435,0.352059925,0.66295736,0.149812734,1.8547204050947204,0.269461077,-1.0654819924384356,32.01947313863818,-8.938698229007077,0.3062093890248201,80.64266712298162,"sa3005373"
"Christian Donahue","CHC","AA",27,74,0.108108108,0.297297297,0.363636363,0.153846153,0.246575342,0.169230769,0.415806111,0.015384616,3.280108836937554,0.232558139,-0.6560093518346548,1.6457926674872898,-8.068645413300368,0.21095435749994565,16.122048182062855,"sa3005401"
"Allan Cerda","CIN","AA",22,257,0.163424124,0.299610894,0.545454545,0.198067632,0.350194552,0.400966183,0.751160735,0.202898551,3.855088197494859,0.25,-0.22507015243172646,34.963836271123085,1.2258553689281075,0.3458105170309312,96.58019024699585,"sa3005504"
"Daniel Vellojin","CIN","AA",22,112,0.142857142,0.303571428,0.470588235,0.191489361,0.309090909,0.361702127,0.670793036,0.170212766,3.7289884111916076,0.25,-0.6775284428149462,11.7379248741801,-2.965008437282302,0.3087883374907754,72.76770803176711,"sa3005587"
"Julio Carreras","COL","AA",22,68,0.073529411,0.308823529,0.238095238,0.233333333,0.303030303,0.35,0.653030303,0.116666667,8.589373687302471,0.358974358,0.30786364525556564,6.881725009404485,-1.6617912688624215,0.29469478491580847,80.40414719339567,"sa3005598"
"Felix Valerio","MIL","AA",21,480,0.1,0.166666666,0.6,0.227817745,0.3125,0.357314148,0.669814148,0.129496403,6.377181417565063,0.249249249,0.8882927093654871,48.938006290532826,-14.07456504430604,0.3054126906743378,75.96707313442282,"sa3005613"
"Diego Hernandez","KCR","AA",21,141,0.085106382,0.19858156,0.428571428,0.298387096,0.357142857,0.379032258,0.736175115,0.080645162,6.0884002185310795,0.360824742,0.32923645339906216,18.523081436024512,-1.5168433941737764,0.3381423085927963,90.86289045275363,"sa3005759"
"Victor Nova","CLE","AA",22,124,0.137096774,0.306451612,0.447368421,0.125,0.247933884,0.192307692,0.440241576,0.067307692,4.7289305218373965,0.196969696,0.24863312765955925,4.738617434675111,-10.84073577863513,0.21820709774316835,33.24942578804174,"sa3006075"
"Tyler Frank","TBR","AA",25,200,0.055,0.3,0.183333333,0.197802197,0.255,0.258241758,0.513241758,0.060439561,5.414843736974355,0.276422764,-0.07423321157693863,9.428622197797912,-16.82661585838495,0.24046325653791428,35.82202442468304,"sa3006660"
"Orlando Martinez","LAA","AA",24,163,0.110429447,0.202453987,0.545454545,0.304964539,0.374233128,0.453900709,0.828133837,0.14893617,5.404082933716399,0.361111111,-1.0251718163490295,25.05577215865225,3.6577531428632164,0.36674932528425147,119.58165378974894,"sa3006664"
"Ross Adolph","HOU","AA",25,246,0.199186991,0.308943089,0.644736842,0.245901639,0.434959349,0.393442622,0.828401971,0.147540983,6.1187588166036315,0.388349514,-1.4736333657056093,44.5567866113224,9.593513503316876,0.39452807830304515,130.96346511922033,"sa3006666"
"Niko Decolati","COL","AA",24,169,0.142011834,0.254437869,0.558139534,0.19858156,0.327380952,0.276595744,0.603976696,0.078014184,7.269248973346043,0.278350515,0.6187860928475857,16.355636735429858,-4.877514014968779,0.2893238645933923,76.88063830529399,"sa3006670"
"Devlin Granberg","BOS","AA",26,164,0.121951219,0.134146341,0.909090909,0.303703703,0.426829268,0.466666666,0.893495934,0.162962963,7.155660210597063,0.357142857,0.00866740196943283,31.01365373153393,10.408702707478449,0.4014420887319053,147.76641460842418,"sa3006671"
"Jake Anchia","SEA","AA",25,310,0.058064516,0.264516129,0.219512195,0.219512195,0.267741935,0.292682926,0.560424861,0.073170731,2.436715290335969,0.289215686,-0.2449330659583211,19.139071725197397,-24.920337475947775,0.2592335731752457,54.89540023768645,"sa3006674"
"Jacson McGowan","TBR","AA",25,56,0.125,0.517857142,0.24137931,0.25,0.357142857,0.458333333,0.81547619,0.208333333,4.175253121803227,0.588235294,0.2868468873202801,8.571014306628669,1.219547650897468,0.36596420407295227,116.54361127591119,"sa3006677"
"Manny Rodriguez","NYM","AA",25,114,0.035087719,0.421052631,0.083333333,0.166666666,0.201754385,0.342592592,0.544346977,0.175925926,6.834009903577916,0.258620689,0.12760714814066887,5.944746017117758,-8.378207743506174,0.23512553488999083,44.97411567514807,"sa3006678"
"Ian Dawkins","CHW","AA",26,246,0.073170731,0.215447154,0.339622641,0.235555555,0.300813008,0.364444444,0.665257452,0.128888889,5.546342748335312,0.287425149,0.43686077557504177,24.55297098376826,-7.740971825336659,0.3028705112817811,75.43152251457595,"sa3006685"
"Chris Bec","TOR","AA",26,92,0.141304347,0.25,0.565217391,0.215189873,0.326086956,0.29113924,0.617226196,0.075949367,3.263956255506467,0.29090909,-0.9149083867669106,9.071351158929982,-2.4875238057840683,0.2915372705977896,79.09908675933394,"sa3006727"
"Jacob Rhinesmith","WSN","AA",26,98,0.081632653,0.244897959,0.333333333,0.172413793,0.265306122,0.183908045,0.449214167,0.011494252,4.314763659778877,0.238095238,0.23547079041600227,4.112590551744132,-8.200124084581704,0.2227615343064678,36.62828724931353,"sa3006729"
"Justin Toerner","STL","AA",25,270,0.174074074,0.277777777,0.626666666,0.235849056,0.396296296,0.372641509,0.768937805,0.136792453,5.235998968634146,0.333333333,1.2342994106002152,41.90616522106277,3.5318410781298755,0.3651574728214165,104.9010249417972,"sa3006735"
"Kole Cottam","BOS","AA",25,257,0.089494163,0.252918287,0.353846153,0.270742358,0.350194552,0.379912663,0.730107215,0.109170305,3.51896124478431,0.37037037,-1.775111485272646,33.74760351183645,1.458137577798288,0.3312606609748959,101.72497857195641,"sa3006780"
"Jack Conley","PHI","AA",25,271,0.114391143,0.232472324,0.492063492,0.239316239,0.34074074,0.384615384,0.725356124,0.145299145,3.7409379236291485,0.303030303,-0.9523243121802807,35.051019206736136,1.0025940389371415,0.32886346424067464,98.12991370184628,"sa3006857"
"Jonathan Engelmann","CLE","AA",25,133,0.082706766,0.293233082,0.282051282,0.177966101,0.270676691,0.389830508,0.660507199,0.211864407,5.704754993540023,0.205479452,0.4486331306397915,13.338946998111934,-3.3711657226159852,0.2935909476495327,82.70383010229305,"sa3006858"
"Cobie Fletcher-Vance","MIA","AA",24,436,0.064220183,0.153669724,0.417910447,0.243037974,0.300458715,0.324050632,0.624509347,0.081012658,2.1206380062832557,0.278787878,-1.8427268285304308,37.9011763029179,-19.335242659560738,0.2876086734030225,65.16841598388463,"sa3006860"
"Devin Mann","LAD","AA",25,295,0.145762711,0.169491525,0.86,0.267489711,0.384353741,0.469135802,0.853489543,0.201646091,2.2530433924416076,0.291891891,-1.3421777384355664,50.53869901091929,8.61119670660372,0.38341369353184085,123.613899181027,"sa3006869"
"Trey Harris","WSN","AA",26,373,0.069705093,0.209115281,0.333333333,0.240963855,0.319892473,0.328313253,0.648205726,0.087349398,4.2585306463852755,0.3,-1.6090861428529024,38.103215397600486,-10.000458090301201,0.30148931616736996,85.70786638456094,"sa3006876"
"Carlos De La Cruz","PHI","AA",22,162,0.049382716,0.277777777,0.177777777,0.278145695,0.314814814,0.509933774,0.824748588,0.231788079,4.443422268459729,0.346534653,-0.004016224294900894,24.22450526855837,3.8708341350401514,0.3533863134590196,114.21774818745361,"sa3006903"
"Eric De La Rosa","DET","AA",25,217,0.064516129,0.364055299,0.177215189,0.22513089,0.30875576,0.345549738,0.654305498,0.120418848,7.879016897286597,0.36036036,0.14993074536323547,22.496610917748384,-4.76725720554454,0.2976932020231326,84.72358096928149,"sa3006911"
"Chase Calabuig","OAK","AA",26,434,0.10829493,0.129032258,0.839285714,0.313157894,0.394009216,0.436842105,0.830851321,0.123684211,3.72151578043759,0.353125,-0.7749265981838107,73.03801256006813,11.354839678464888,0.37998303510076986,117.24081501020258,"sa3006927"
"Logan Brown","ATL","AA",25,200,0.075,0.235,0.319148936,0.197802197,0.26,0.247252747,0.507252747,0.04945055,2.8928571400000003,0.257352941,-0.3717888183891773,9.329987737855635,-16.925250318327226,0.23987886250019075,44.40856592643065,"sa3006938"
"Jeremy Eierman","OAK","AA",25,312,0.057692307,0.333333333,0.173076923,0.203448275,0.25,0.393103448,0.643103448,0.189655173,3.2590704077292516,0.257142857,-1.2174840406514704,24.993546964063157,-19.350116489992626,0.2800497810045878,55.15866987244977,"sa3007005"
"Josh Stowers","TEX","AA",25,419,0.116945107,0.281622911,0.415254237,0.221910112,0.330935251,0.373595505,0.704530756,0.151685393,6.839436394173193,0.3,1.2373800622299314,50.319496924550776,-9.231769060222863,0.3253647853716386,83.42215263694723,"sa3007010"
"John Aiello","TOR","AA",25,324,0.12037037,0.222222222,0.541666666,0.305454545,0.403125,0.476363636,0.879488636,0.170909091,3.0133180581995003,0.386597938,-2.4444455467164516,58.71213077289217,18.004788505855732,0.3918520240113139,144.90902323987999,"sa3007012"
"Scott Kapers","TEX","AA",25,75,0.08,0.28,0.285714285,0.180327868,0.324324324,0.360655737,0.684980061,0.180327869,4.349333953709539,0.216216216,-0.4185403869487345,8.771456173361123,-1.888078310786902,0.3218046603976069,81.21047447890736,"sa3007013"
"Frainyer Chavez","TEX","AA",23,61,0.081967213,0.196721311,0.416666666,0.29090909,0.344262295,0.345454545,0.68971684,0.054545455,4.898963181795015,0.363636363,0.28558864537626505,7.063254495394439,-1.606500218379288,0.32048817247640893,80.39262465569188,"sa3007019"
"Chris Williams","MIN","AA",25,318,0.132075471,0.283018867,0.466666666,0.276752767,0.372239747,0.542435424,0.914675171,0.265682657,2.9439620742012167,0.343373493,-1.1231091753579676,58.287299145784615,13.090872932996984,0.3969852431715475,124.91483859950087,"sa3007028"
"Frankie Tostado","SFG","AA",24,315,0.06031746,0.228571428,0.263888888,0.284246575,0.33015873,0.458904109,0.789062839,0.174657534,3.4072692182951645,0.341232227,-0.7654866464436054,44.69469228961077,5.118109529992008,0.34410140373904236,115.01577226283656,"sa3007030"
"Davis Bradshaw","MIA","AA",24,101,0.128712871,0.198019801,0.65,0.285714285,0.393939393,0.357142857,0.75108225,0.071428572,5.96710790284731,0.375,0.7332819495350122,14.585446742568005,1.32655152419566,0.3557219655826838,108.97854760754106,"sa3007031"
"Jameson Hannah","COL","AA",24,114,0.105263157,0.219298245,0.48,0.272727272,0.351351351,0.373737373,0.725088724,0.101010101,7.762488024452653,0.356164383,1.189402624964714,14.780569105584267,0.45761534496033496,0.3292454470385302,103.07057264214305,"sa3007046"
"Grant Witherspoon","TBR","AA",25,211,0.06635071,0.222748815,0.29787234,0.293814432,0.345971563,0.489690721,0.835662284,0.195876289,7.02106081709654,0.354609929,-0.2575012668967247,32.61691863044767,4.9176424811747514,0.3677756972787504,117.70875471916227,"sa3007047"
"Niko Hulsizer","TBR","AA",25,301,0.11295681,0.338870431,0.333333333,0.278625954,0.366666666,0.557251908,0.923918574,0.278625954,4.880867693934647,0.384615384,0.832073638215661,55.08228791842726,15.568154643872054,0.40144669671853384,139.36577451885194,"sa3007053"
"Andrew Moritz","ATL","AA",25,343,0.102040816,0.20116618,0.507246376,0.284768211,0.359649122,0.36423841,0.723887532,0.079470199,4.930333780825169,0.358974358,-0.09987057745456696,43.587617366648935,-1.44011589970467,0.3351831744637406,105.7078265819283,"sa3007054"
"Greg Cullen","BAL","AA",25,131,0.175572519,0.175572519,1,0.235294117,0.384615384,0.431372549,0.815987933,0.196078432,0.7083333274999999,0.25,-0.25666557624936104,20.77622775542075,4.317394925230093,0.3643920657246612,117.81396764691297,"sa3007069"
"Jordan Qsar","TBR","AA",26,319,0.128526645,0.376175548,0.341666666,0.234432234,0.344827586,0.465201465,0.810029051,0.230769231,7.228118634986413,0.364285714,0.25904873199760914,46.71617683135627,4.83907213174461,0.3581337710660339,111.5071156122094,"sa3007078"
"Raynel Delgado","CLE","AA",22,248,0.120967741,0.201612903,0.6,0.228571428,0.340080971,0.323809523,0.663890494,0.095238095,5.789354358623874,0.284810126,-0.44701046124100685,27.794385063260773,-3.364321363359708,0.3078974187374115,92.08936833586598,"sa3007288"
"Brhet Bewley","KCR","AA",25,131,0.129770992,0.244274809,0.53125,0.225225225,0.323076923,0.351351351,0.674428274,0.126126126,0.9601648275000001,0.282051282,-0.21611034777015448,14.194599449464265,-4.424054116180952,0.312062072295409,74.66090614147573,"sa3007289"
"Brian Rey","CIN","AA",24,53,0,0.150943396,0,0.25490196,0.283018867,0.352941176,0.635960043,0.098039216,2.066884878631564,0.285714285,-0.5562929585576057,4.609454821159394,-2.3481832637290645,0.28765789967662886,59.176715256649594,"sa3007307"
"Jonah Davis","STL","AA",24,201,0.129353233,0.457711442,0.282608695,0.146341463,0.3,0.347560975,0.647560975,0.201219512,7.311732418389997,0.25,0.1139716044999659,20.087805900277154,-8.479746517239553,0.302524194419384,65.99097127271712,"sa3007501"
"Nick Dalesandro","ARI","AA",25,312,0.076923076,0.211538461,0.363636363,0.275,0.329032258,0.346428571,0.675460829,0.071428571,7.540545674100754,0.345622119,4.953693333547562,33.733090930720095,-10.610572523335696,0.31179367342302877,59.45156817519314,"sa3007503"
"Devin Foyle","OAK","AA",25,223,0.130044843,0.170403587,0.763157894,0.243386243,0.354260089,0.322751322,0.677011411,0.079365079,1.5726516587500001,0.293333333,-0.43222069554030895,26.654889266452624,-5.03945993308084,0.32472380367629733,82.91178553425921,"sa3007515"
"Max Burt","NYY","AA",25,297,0.06060606,0.289562289,0.209302325,0.20522388,0.269360269,0.373134328,0.642494597,0.167910448,6.799530435353869,0.251428571,2.552974436432123,27.45830027610886,-9.856763468674538,0.2840697594764658,77.55742978874032,"sa3007631"
"Brendt Citta","PIT","AA",25,235,0.106382978,0.276595744,0.384615384,0.225490196,0.323404255,0.343137254,0.666541509,0.117647058,4.1831478680565,0.308823529,-1.073350291699171,25.565544479488917,-3.9598426586393627,0.30390882772258204,85.05372955663556,"sa3007633"
"Jon Rosoff","DET","AA",27,71,0.112676056,0.169014084,0.666666666,0.238095238,0.323943661,0.269841269,0.59378493,0.031746031,1.4200310525,0.294117647,-0.13820454105734825,6.394710332163234,-2.525725781909566,0.28117253662834707,73.88545493845365,"sa3007635"
"Nicholas Northcut","BOS","AA",23,106,0.037735849,0.349056603,0.108108108,0.207920792,0.245283018,0.376237623,0.621520641,0.168316831,4.069077776856212,0.283333333,0.08812013640999794,8.758869872792124,-4.55896432568276,0.27214333752416214,62.941976383285635,"sa3007640"
"Grant Lavigne","COL","AA",22,242,0.132231404,0.272727272,0.484848484,0.245192307,0.347107438,0.370192307,0.717299745,0.125,3.19093405875,0.333333333,-0.46068180352449417,30.912790252544674,0.5079234975359743,0.32691961182050466,101.54474455849606,"sa3007743"
"Brandon Howlett","BOS","AA",22,90,0.122222222,0.466666666,0.261904761,0.166666666,0.277777777,0.205128205,0.482905982,0.038461539,3.31994047125,0.361111111,-0.15136687830090523,4.866819447372948,-6.44077562680384,0.23746784196959603,40.193655899752464,"sa3007745"
"Sean Roby","SFG","AA",23,353,0.076487252,0.396600566,0.192857142,0.21875,0.28611898,0.48125,0.76736898,0.2625,3.2586142464774985,0.286624203,-0.24751946330070496,46.13834406132792,1.7874433815011845,0.33051978393587106,106.10576146048606,"sa3007788"
"Elih Marrero","BOS","AA",25,289,0.134948096,0.256055363,0.527027027,0.207317073,0.319444444,0.272357723,0.591802167,0.06504065,5.131764346729615,0.286549707,0.8937590420246124,26.207664950944896,-10.10227923168946,0.28192253452208305,69.35746674102951,"sa3007822"
"Nick Meyer","NYM","AA",25,113,0.17699115,0.17699115,1,0.208791208,0.348214285,0.34065934,0.688873625,0.131868132,5.958548248001422,0.231884057,-0.059709228575229645,13.781136672799677,-0.4161771425556248,0.31989850636039463,100.58810741509362,"sa3007826"
"Cody Roberts","BAL","AA",26,274,0.091240875,0.273722627,0.333333333,0.260330578,0.335766423,0.41322314,0.748989563,0.152892562,1.44686948375,0.343558282,-0.4541006349027157,36.43029405431858,2.0049490507136882,0.3332566007645461,97.3880292720179,"sa3007869"
"Connor Hollis","SDP","AA",27,480,0.129166666,0.19375,0.666666666,0.332506203,0.431865828,0.46898263,0.900848458,0.136476427,5.5506399832928555,0.412541254,-3.2538257939741015,93.76541707513867,25.544396376591305,0.41064230291466963,145.28458446162037,"sa3007870"
"Jake Slaughter","CHC","AA",25,386,0.095854922,0.215025906,0.445783132,0.292682926,0.388601036,0.533536585,0.922137621,0.240853659,6.230672047167089,0.331877729,1.0203385651111603,71.9810262044418,21.308416756008885,0.405572414089361,141.29941669088439,"sa3007871"
"Alex McKenna","HOU","AA",24,218,0.133027522,0.284403669,0.467741935,0.245901639,0.357798165,0.404371584,0.762169749,0.158469945,7.38018489420953,0.344537815,0.11895411321893334,30.741655746396113,-0.2420578208608144,0.34907522879609276,102.72651411090865,"sa3008003"
"Kyle Datres","COL","AA",26,356,0.101123595,0.255617977,0.395604395,0.259740259,0.351123595,0.454545454,0.805669049,0.194805195,5.799202933434082,0.31707317,2.666940536350012,54.075875656700305,9.348055141067677,0.35625766753480675,120.79152050442228,"sa3008029"
"AJ Graffanino","PHI","AA",24,126,0.071428571,0.206349206,0.346153846,0.217391304,0.277777777,0.313043478,0.590821255,0.095652174,7.078804101165948,0.261363636,0.809146124869585,9.958597586599353,-5.87203551724815,0.26777857305511593,56.07158427140257,"sa3008030"
"Josh Breaux","NYY","AA",24,231,0.082251082,0.277056277,0.296875,0.203791469,0.272727272,0.436018957,0.708746229,0.232227488,2.2660503168689616,0.223880597,-0.06324674189090729,26.045806295070367,-2.9770210619833914,0.3087210732621032,93.72954145916677,"sa3008051"
"Madison Stokes","PHI","AA",26,151,0.092715231,0.410596026,0.225806451,0.159090909,0.255033557,0.303030303,0.55806386,0.143939394,2.523369636067637,0.257575757,-0.6136410571634769,10.515719745742988,-8.45591198982029,0.2563687070904162,50.5708538339095,"sa3008076"
"Connor Scott","PIT","AA",22,424,0.077830188,0.216981132,0.358695652,0.247368421,0.307875894,0.389473684,0.697349578,0.142105263,5.546861507514882,0.305263157,-1.2277456782758236,47.957486290123384,-5.313850503776156,0.30915200610718463,88.49343532976815,"sa3008080"
"Malcom Nunez","PIT","AA",21,476,0.136554621,0.205882352,0.663265306,0.263027295,0.365546218,0.46650124,0.832047458,0.203473945,3.1891693356600905,0.291666666,-0.8621801878325641,75.93197610061702,10.356848737412069,0.3690342004675614,112.78749535290324,"sa3008113"
"Hunter Stovall","COL","AA",25,435,0.078160919,0.209195402,0.373626373,0.267175572,0.325581395,0.419847328,0.745428723,0.152671756,4.915586918255006,0.325423728,-0.8444455228745937,56.50777676323896,1.8544005713844776,0.3295475986114768,103.26879449034064,"sa3008181"
"Jimmy Herron","COL","AA",25,221,0.126696832,0.167420814,0.756756756,0.259459459,0.372727272,0.464864864,0.837592136,0.205405405,4.973318256144001,0.278571428,0.11348738893866539,36.40293408070785,8.636506176340397,0.3718262393366207,131.00504031587676,"sa3008183"
"Cole Roederer","CHC","AA",22,205,0.082926829,0.268292682,0.309090909,0.243093922,0.31372549,0.41436464,0.72809013,0.171270718,2.9157696490964966,0.297520661,-1.6170894596725702,23.565342543270102,-3.346276464317328,0.32081576385120353,86.78435973078854,"sa3008184"
"Korry Howell","SDP","AA",23,184,0.135869565,0.282608695,0.48076923,0.253424657,0.39010989,0.486301369,0.876411259,0.232876712,9.20624088255224,0.344444444,1.5717054847627878,32.53969720179192,6.388305934015431,0.38967893433175693,132.26138309875876,"sa3008238"
"Jax Biggers","TEX","AA",25,241,0.078838174,0.161825726,0.487179487,0.28110599,0.341666666,0.382488479,0.724155145,0.101382489,5.005328438965064,0.33519553,-0.9001144617795944,30.244125124544585,-4.008512351184402,0.3314843736588955,87.22386180441933,"sa3008251"
"Andy Weber","CHC","AA",24,308,0.077922077,0.24025974,0.324324324,0.3,0.36038961,0.392857142,0.753246752,0.092857142,5.019931092626925,0.394088669,-0.47835149243474007,41.66735760926672,1.2342910027451102,0.3449070645230157,102.27976480727861,"sa3008282"
"JJ Schwarz","OAK","AA",26,290,0.127586206,0.234482758,0.544117647,0.303643724,0.393103448,0.469635627,0.862739075,0.165991903,2.1227590375340464,0.382857142,-0.6634734529070556,50.790120458226774,9.573253786187744,0.3877435301912242,122.06191472224339,"sa3008391"
"Victor Mesa","MIA","AA",25,239,0.066945606,0.167364016,0.4,0.228155339,0.294871794,0.296116504,0.590988298,0.067961165,7.750462011014482,0.264705882,3.7964489981532097,18.285316708393662,-13.08969276874486,0.27525927623112995,57.22534498760451,"sa3008602"
"Evan Edwards","TBR","AA",25,261,0.145593869,0.344827586,0.422222222,0.219626168,0.348659003,0.425233644,0.773892647,0.205607476,4.716433925622183,0.304347826,-0.30053944885730743,36.447758185911894,2.1846725225932615,0.350077031672686,106.3250608034497,"sa3009866"
"Morgan McCullough","KCR","AA",24,117,0.111111111,0.256410256,0.433333333,0.242424242,0.35042735,0.373737373,0.724164723,0.131313131,2.865452979949181,0.323529411,-0.9989436566829681,15.248275485459295,-1.3805983098116261,0.33696119958518916,90.12914289797871,"sa3009868"
"Quin Cotton","CIN","AA",24,143,0.083916083,0.37062937,0.226415094,0.212598425,0.293706293,0.346456692,0.640162985,0.133858267,4.335241855643628,0.333333333,-1.0877716038376093,13.128280752838062,-5.6442144573326845,0.29338759767425643,62.862028584006545,"sa3009872"
"Tanner Morris","TOR","AA",24,186,0.161290322,0.161290322,1,0.311688311,0.430107526,0.467532467,0.897639993,0.155844156,4.079455536046832,0.361344537,-1.5487868078052998,35.47517004339615,12.106140223430783,0.40340819313961973,152.4902685743247,"sa3009873"
"Trevor Schwecke","TOR","AA",24,159,0.081761006,0.345911949,0.236363636,0.237762237,0.3081761,0.37062937,0.67880547,0.132867133,5.31766631755633,0.360465116,-0.4860339090228081,17.330652918469003,-2.6460983792433233,0.30416173305151595,87.38116934349706,"sa3009874"
"J.D. Orr","MIA","AA",25,311,0.147909967,0.18971061,0.779661016,0.23715415,0.364820846,0.300395256,0.665216102,0.063241106,7.151347833492552,0.302564102,3.7847139220684767,36.22472563968212,-4.60216953768223,0.32262322957041983,87.68960480546446,"sa3009875"
"Luke Ritter","NYM","AA",25,425,0.108235294,0.312941176,0.345864661,0.214876033,0.322352941,0.385674931,0.708027872,0.170798898,5.712764980298673,0.295454545,-0.15634052455425262,51.61597461382703,-1.7810021253411379,0.31928209697498994,100.18372160822958,"sa3009878"
"Zach Ashford","NYM","AA",25,357,0.084033613,0.221288515,0.379746835,0.25,0.319327731,0.3625,0.681827731,0.1125,5.259657771888518,0.313807531,0.9783265180885792,39.870629511418606,-4.982830949482659,0.3074217655745541,92.40293533760634,"sa3009886"
"Nic Gaddis","NYM","AA",25,111,0.099099099,0.27027027,0.366666666,0.180851063,0.297297297,0.255319148,0.552616445,0.074468085,3.400162197305867,0.238095238,0.002564944326877594,8.595577958155953,-5.350455966662084,0.2658370303678083,65.12191545377225,"sa3009888"
"Patrick Frick","SEA","AA",25,339,0.103244837,0.22418879,0.460526315,0.227891156,0.312684365,0.278911564,0.591595929,0.051020408,4.094304077195899,0.295964125,-0.6952543864026666,28.346962643728514,-19.834133224620558,0.2840295722350962,70.29957001472197,"sa3009891"
"Garrett Hiott","TBR","AA",24,115,0.052173913,0.295652173,0.176470588,0.205882352,0.276785714,0.323529411,0.600315125,0.117647059,4.2477471202298585,0.287878787,-0.3045035395771265,8.962211398981951,-6.134550483323195,0.2769474685192108,59.28848857488103,"sa3009972"
"Carter Aldrete","SFG","AA",24,156,0.064102564,0.275641025,0.232558139,0.23076923,0.277419354,0.412587412,0.690006766,0.181818182,2.5507190218257065,0.28125,-0.8627528958022594,16.505388724040177,-3.0944427378662547,0.30028308706898843,86.26944593879732,"sa3010008"
"Ivan Gonzalez","CHW","AA",25,86,0.081395348,0.15116279,0.538461538,0.207792207,0.282352941,0.285714285,0.568067226,0.077922078,2.23524844,0.25,-0.14548258110880852,5.994113561838191,-5.29563880232044,0.267191286648021,52.48282223281538,"sa3010014"
"Tyler Osik","CHW","AA",25,53,0.113207547,0.358490566,0.315789473,0.2,0.320754716,0.355555555,0.676310271,0.155555555,2.6909961096672976,0.291666666,-0.37245768681168556,5.840728945946886,-1.1169091389415722,0.3151866175093741,83.35318094063716,"sa3010017"
"Kody Hoese","LAD","AA",24,313,0.063897763,0.242811501,0.263157894,0.23183391,0.281150159,0.33217993,0.613330089,0.10034602,3.555850541059453,0.293838862,-0.7490620953030884,24.869279365325024,-19.61651121518607,0.27930981853899484,58.94081377856474,"sa3010021"
"Jack Dunn","WSN","AA",25,403,0.121588089,0.200992555,0.604938271,0.247093023,0.346633416,0.322674418,0.669307834,0.075581395,3.0402640418901683,0.311787072,-2.6707550771534443,46.346378220425976,-4.286519722832306,0.31145456083992173,94.8139702502256,"sa3010029"
"Julian Escobedo","CLE","AA",24,439,0.091116173,0.195899772,0.465116279,0.214854111,0.305747126,0.326259946,0.632007072,0.111405835,5.812585533352685,0.255172413,-0.31988202407956123,42.56148117785339,-12.594454795075615,0.2895328114772665,80.04155287348577,"sa3010030"
"Brandon Lewis","LAD","AA",23,436,0.064220183,0.337155963,0.19047619,0.20906801,0.270642201,0.438287153,0.708929354,0.229219143,2.394306218974831,0.256521739,-0.9744868450798094,45.31111163913579,-16.656315495378063,0.3070404649874486,76.16809245718817,"sa3010035"
"DJ Gladney","CHW","AA",20,58,0.017241379,0.396551724,0.04347826,0.192982456,0.206896551,0.280701754,0.487598305,0.087719298,5.253303771189473,0.303030303,0.12725871242582798,1.6128916996675573,-6.001127336625473,0.21755230940621476,20.555278327125556,"sa3010043"
"Daniel Cope","COL","AA",25,167,0.083832335,0.269461077,0.311111111,0.251655629,0.317365269,0.450331125,0.767696394,0.198675496,4.129622433585645,0.31,-0.05008440464735031,22.572301940889393,1.5904310810280167,0.33593568045222116,107.45959639999514,"sa3010157"
"Ripken Reyes","SDP","AA",25,247,0.10931174,0.117408906,0.931034482,0.240837696,0.375527426,0.287958115,0.663485541,0.047120419,6.097232690172093,0.278787878,-0.6081696297042072,30.64545109103599,-4.459949143424841,0.3298710292904689,95.10655336025596,"sa3010159"
"Chris Givin","SDP","AA",25,175,0.114285714,0.205714285,0.555555555,0.227272727,0.32,0.344155844,0.664155844,0.116883117,3.7452043443608063,0.278260869,0.11785299004986882,18.799258245484616,-5.199168281300282,0.30923100982393537,82.46802031996728,"sa3010161"
"Joshua Mears","SDP","AA",21,94,0.106382978,0.478723404,0.222222222,0.168674698,0.265957446,0.373493975,0.639451421,0.204819277,3.0625525175127324,0.272727272,0.08558864239603281,8.076992496847925,-5.282957389950933,0.2866429540705174,68.25171245566804,"sa3010162"
"Ike Freeman","SDP","AA",24,58,0.120689655,0.327586206,0.368421052,0.18,0.293103448,0.28,0.573103448,0.1,1.08035714,0.29032258,-0.07829907769337296,4.65946839317018,-2.891443331397233,0.27176925848270284,65.4236820889239,"sa3010167"
"Ethan Skender","SDP","AA",25,83,0.060240963,0.204819277,0.294117647,0.256756756,0.329268292,0.324324324,0.653592616,0.067567568,7.4836309482142855,0.333333333,0.8538077208213508,8.73437045755362,-3.0621810382368606,0.3085236760174356,81.84480684564936,"sa3010268"
"Wil Dalton","BOS","AA",24,219,0.08219178,0.365296803,0.225,0.192708333,0.283105022,0.359375,0.642480022,0.166666667,6.286936253479864,0.287037037,-0.39083874598145485,21.074269285893486,-6.440878727936699,0.2886567374342653,73.77533600569215,"sa3010273"
"Kellen Strahm","TEX","AA",25,433,0.150115473,0.219399538,0.684210526,0.276836158,0.392111368,0.406779661,0.798891029,0.129943503,4.824999670773154,0.345098039,0.7932924921624362,69.0413508153013,7.50030506015337,0.3699633939636832,111.128418349943,"sa3010278"
"Ashton McGee","MIL","AA",23,68,0.220588235,0.470588235,0.46875,0.134615384,0.323529411,0.23076923,0.554298641,0.096153846,1.0059523774999999,0.3,-0.15356494672596455,5.627176341910737,-3.299604597191436,0.2826594000353533,61.332269473253234,"sa3010334"
"Jackson Cluff","WSN","AA",25,406,0.086206896,0.315270935,0.2734375,0.193820224,0.27680798,0.308988764,0.585796744,0.11516854,5.007669478056197,0.28,-0.05408548191189766,32.17358666548398,-18.8362311135802,0.26803212495813344,66.32735537084527,"sa3010342"
"Nelson Maldonado","CHC","AA",25,158,0.082278481,0.234177215,0.351351351,0.359154929,0.411392405,0.619718309,1.031110714,0.26056338,4.556300811551764,0.44,0.2605406530201435,34.75480358760155,14.01316552321709,0.44525439226174657,166.82266819124837,"sa3010389"
"Nick Quintana","CIN","AA",24,222,0.13063063,0.216216216,0.604166666,0.232804232,0.343891402,0.354497354,0.698388756,0.121693122,2.3962364214638305,0.291970802,-2.3302425872534513,26.59797859347433,-2.5453356488886483,0.32657213610221897,84.20615907419939,"sa3010390"
"Darius Hill","CHC","AA",24,201,0.064676616,0.119402985,0.541666666,0.308108108,0.36,0.486486486,0.846486486,0.178378378,4.965104330639733,0.329032258,-0.7388921454548836,32.41978208483553,6.033267838371757,0.37572671741247177,122.10281265117133,"sa3010395"
"Bryce Windham","CHC","AA",25,304,0.144736842,0.144736842,1,0.201581027,0.322259136,0.288537549,0.610796685,0.086956522,3.223240256527019,0.22705314,-0.7301409114152193,28.05573239681895,-11.852229448579,0.2939592675117163,69.51039451883375,"sa3010403"
"McCarthy Tatum","PHI","AA",26,112,0.080357142,0.267857142,0.3,0.205882352,0.276785714,0.44117647,0.717962184,0.235294118,7.25842702617097,0.23880597,0.48153897374868393,12.94249082569502,-1.1291830443916495,0.31212795206478666,87.15084077600775,"sa3010582"
"Bryant Packard","DET","AA",24,66,0.06060606,0.121212121,0.5,0.233333333,0.287878787,0.333333333,0.62121212,0.1,2.45903360875,0.25,-0.09871752932667732,5.846254313239627,-2.4459820744900176,0.2793671425544854,72.70105418701671,"sa3010590"
"Corey Joyce","DET","AA",23,65,0.061538461,0.261538461,0.235294117,0.25,0.353846153,0.321428571,0.675274724,0.071428571,5.953800288848079,0.358974358,0.06837663054466248,7.783576273808078,-0.38302016865293614,0.3172152647605309,97.53072712674997,"sa3010596"
"Hunter Markwardt","PHI","AA",24,95,0.052631578,0.326315789,0.161290322,0.15116279,0.206521739,0.197674418,0.404196157,0.046511628,6.09719141249985,0.236363636,-0.7771977037191391,1.4026025217035272,-10.533192278816417,0.18973037730092587,6.853812208556766,"sa3010602"
"Herbert Iser","PHI","AA",24,89,0.101123595,0.213483146,0.47368421,0.278481012,0.359550561,0.417721518,0.777272079,0.139240506,1.0264778275,0.344827586,-0.1645292155444622,12.995494018233346,1.8135388893251903,0.34911525048566666,111.41578363671508,"sa3010679"
"Cade Bunnell","ATL","AA",25,178,0.174157303,0.325842696,0.534482758,0.301369863,0.421348314,0.56849315,0.989841464,0.267123287,3.8535471752956987,0.444444444,-0.895752314478159,37.27408879321781,13.906926923215057,0.4327386065145557,168.4549965098719,"sa3010702"
"Andrew Navigato","DET","AA",24,405,0.061728395,0.175308641,0.352112676,0.252077562,0.318518518,0.445983379,0.764501897,0.193905817,5.688594924448383,0.262589928,1.3028900139033794,54.37241515046647,3.4882373166709244,0.33482989543749964,109.0865320959451,"sa3010703"
"Kyle Schmidt","MIN","AA",24,109,0.055045871,0.311926605,0.176470588,0.18,0.247706422,0.21,0.457706422,0.03,1.4200310525,0.261538461,-0.16526085417717695,3.3883932575982008,-12.103463526030263,0.2244963060825243,17.758483851851654,"sa3010707"
"Sal Gozzo","PHI","AA",24,162,0.061728395,0.345679012,0.178571428,0.172413793,0.240506329,0.248275862,0.488782191,0.075862069,3.9642555909215247,0.272727272,0.009146112948656082,7.433097292033238,-12.92057384148498,0.22751943785933,31.64473867135164,"sa3010708"
"Andres Alvarez","PIT","AA",25,443,0.144469525,0.27765237,0.520325203,0.220108695,0.339366515,0.429347826,0.768714341,0.209239131,6.1446286864696305,0.265217391,3.007216166704893,61.956087638977415,6.297591884973889,0.341633647140874,109.80251161687393,"sa3010710"
"Vito Friscia","PHI","AA",25,345,0.16231884,0.252173913,0.64367816,0.244680851,0.373913043,0.414893617,0.78880666,0.170212766,1.73524844,0.313829787,-0.6646980307996273,52.10478698890546,8.759005871227771,0.35520100091085877,115.40824571522282,"sa3010712"
"Luis Guerrero","HOU","AA",23,63,0.19047619,0.492063492,0.387096774,0.08,0.253968253,0.14,0.393968253,0.06,6.326609079015914,0.157894736,0.5046572084538639,1.5602077038293114,-7.39380126285503,0.21733305662397354,20.88352072974147,"sa3010713"
"Chase Strumpf","CHC","AA",24,486,0.150205761,0.333333333,0.450617283,0.234096692,0.378600823,0.460559796,0.839160619,0.226463104,3.8245845560995066,0.33649289,-1.6420579571276903,79.8686497917779,16.068421315253556,0.3793365337230541,124.42462859403743,"sa3010845"
"Chad Bell","NYY","AA",25,280,0.103571428,0.35,0.295918367,0.248995983,0.328571428,0.449799196,0.778370624,0.200803213,1.9865774409711807,0.347826086,-1.761949148029089,39.116692686127344,3.9375080109106695,0.34144754456790116,115.19923484503134,"sa3010888"
"Shayne Fontana","BAL","AA",25,168,0.160714285,0.285714285,0.5625,0.278195488,0.416666666,0.481203007,0.897869673,0.203007519,3.773808167143323,0.375,-0.6470256112515926,31.5198947703392,10.412383965209198,0.39963366907267345,140.93367435889303,"sa3010897"
"Javier Valdes","ATL","AA",23,98,0.173469387,0.214285714,0.809523809,0.23076923,0.387755102,0.371794871,0.759549973,0.141025641,5.597425208802214,0.29090909,-0.05863569676876068,14.42389307662193,1.5588264290923282,0.3590069595648318,121.03116697046067,"sa3010902"
"Aaron Antonini","STL","AA",23,74,0.094594594,0.162162162,0.583333333,0.1875,0.297297297,0.265625,0.562922297,0.078125,1.94841269,0.215686274,-0.12076754728332162,5.601222717372664,-4.916184640320054,0.27504611256960276,48.9205948406307,"sa3010906"
"James Free","CIN","AA",24,230,0.060869565,0.230434782,0.264150943,0.260663507,0.313043478,0.407582938,0.720626416,0.146919431,1.2954360877956987,0.309210526,-0.911917045712471,26.407027929175747,-3.786495835434544,0.32065019336850364,80.39719488630634,"sa3011156"
"Will Holland","MIN","AA",24,117,0.145299145,0.333333333,0.435897435,0.234693877,0.358974358,0.37755102,0.736525378,0.142857143,9.156292818723777,0.357142857,0.9756316263228655,15.937415933637553,-0.6914578616333665,0.3436361474868579,91.77245440297443,"sa3011204"
"Antoine Duplantis","NYM","AA",25,99,0.05050505,0.282828282,0.178571428,0.131868131,0.183673469,0.197802197,0.381475666,0.065934066,3.8920044325380023,0.174603174,-0.5346670337021351,0.39537034199518617,-12.042984239599281,0.17665123878693095,6.612961594215008,"sa3011224"
"Zach Watson","BAL","AA",25,364,0.054945054,0.337912087,0.162601626,0.19939577,0.250696378,0.326283987,0.576980365,0.126888217,5.911588237041537,0.284313725,-0.31283729150891304,25.47901955753078,-20.253920520250897,0.2568019563773216,47.231146863855166,"sa3011258"
"Bryan Arias","HOU","AA",25,346,0.124277456,0.283236994,0.43877551,0.219931271,0.333333333,0.340206185,0.673539518,0.120274914,4.240932122208102,0.305263157,1.117458013817668,39.03551115751886,-10.140474596017365,0.3171205356501151,82.87510513135526,"sa3011265"
"Jake Washer","CHC","AA",26,65,0.015384615,0.4,0.038461538,0.1875,0.2,0.328125,0.528125,0.140625,1.39285714,0.257142857,-0.08082365617156029,2.5223071808128044,-6.010645187446626,0.23058252609693086,28.746788849377296,"sa3011306"
"Thomas Dillard","MIL","AA",24,516,0.156976744,0.304263565,0.515923566,0.232941176,0.364341085,0.390588235,0.75492932,0.157647059,5.151971012776878,0.337209302,0.7256126161664724,70.81777732424294,3.0792631392911605,0.34722975355375113,102.8636005263091,"sa3011308"
"Phil Clarke","TOR","AA",24,297,0.127946127,0.148148148,0.863636363,0.233870967,0.343434343,0.318548387,0.66198273,0.08467742,2.7193812484765987,0.263414634,-0.6216735057532787,33.453656233935824,-3.8614075108475787,0.3085828391389815,90.2815673496655,"sa3011379"
"Andrew Daschbach","BAL","AA",24,402,0.13681592,0.410447761,0.333333333,0.191489361,0.328358208,0.361702127,0.690060335,0.170212766,2.7796568292013104,0.31372549,-0.29760386794805527,47.9710498912612,-2.5362081067284485,0.3167096664063373,86.53266989559066,"sa3011414"
"Cam Cannon","BOS","AA",24,126,0.111111111,0.198412698,0.56,0.211009174,0.317460317,0.256880733,0.57434105,0.045871559,3.6449785884827683,0.273809523,-0.06629039719700813,10.817508999632164,-5.01312410421534,0.2760564159779322,65.50909074805344,"sa3011467"
"Stephen Scott","BOS","AA",25,256,0.16796875,0.1953125,0.86,0.237864077,0.37109375,0.402912621,0.774006371,0.165048544,5.751968597743081,0.274509803,0.4704628698527813,37.31431367828706,5.150487689517525,0.3488022563504238,113.23286986559431,"sa3011469"
"Yolbert Sanchez","CHW","AA",25,67,0.19402985,0.104477611,1.857142857,0.352941176,0.507462686,0.372549019,0.880011705,0.019607843,0.9291474587499999,0.409090909,-0.26671806536614895,13.780671333783015,4.985166584961757,0.42832657294486887,156.12423899564206,"sa3011471"
"Luke Berryhill","HOU","AA",24,432,0.145833333,0.282407407,0.516393442,0.255681818,0.379629629,0.409090909,0.788720538,0.153409091,3.6383629031079048,0.348214285,-0.8472746880725026,66.52503308889395,5.126114460201325,0.36378070105005195,111.86208435773372,"sa3011587"
"Jordan Brewer","HOU","AA",24,123,0.081300813,0.31707317,0.256410256,0.19266055,0.276422764,0.275229357,0.551652121,0.082568807,6.317601752808267,0.285714285,1.0283829770050943,7.938895093411389,-9.542741460591373,0.26241225246491473,48.88834459144553,"sa3011737"
"Gabe Holt","MIL","AA",24,312,0.064102564,0.080128205,0.8,0.204861111,0.257234726,0.243055555,0.500290281,0.038194444,4.862651176861014,0.222641509,0.06440308876335621,13.601599210660789,-27.356572156984473,0.2362586990046731,31.487568761649275,"sa3011899"
"Hayden Cantrelle","MIA","AA",23,110,0.127272727,0.363636363,0.35,0.184782608,0.311926605,0.336956521,0.648883126,0.152173913,5.087798476187517,0.285714285,-0.8473597727715969,11.122368509302184,-3.3180124215983886,0.3044152560584042,75.97832657129263,"sa3014426"
"Trevor Hauver","TEX","AA",23,88,0.272727272,0.25,1.09090909,0.229508196,0.431818181,0.491803278,0.923621459,0.262295082,1.90756302125,0.263157894,-0.19068560097366571,17.34730624366035,4.8401191155933345,0.4126638648184863,137.6554923758407,"sa3014448"
"Hudson Haskin","BAL","AA",23,466,0.092274678,0.216738197,0.425742574,0.263565891,0.36659436,0.454780361,0.821374721,0.19121447,4.660454761084349,0.31294964,-1.1502380818128586,73.76121417101407,15.212999675832046,0.36401405329300884,117.56597846018437,"sa3014449"
"Daniel Cabrera","DET","AA",23,400,0.1,0.2,0.5,0.205633802,0.2875,0.304225352,0.591725352,0.09859155,5.393910042444967,0.249084249,0.5945325046777725,32.51485486072012,-17.741123246732272,0.27051161942924173,66.89152573239437,"sa3014452"
"Carson Taylor","LAD","AA",23,303,0.09570957,0.221122112,0.43283582,0.252788104,0.333333333,0.338289962,0.671623295,0.085501858,1.332373265,0.32160804,-0.5466320561245084,33.62264620757921,-9.441873108378816,0.31501997913857893,81.12525471653417,"sa3014468"
"Aaron Sabato","MIN","AA",23,99,0.101010101,0.313131313,0.322580645,0.178571428,0.282828282,0.404761904,0.687590186,0.226190476,5.091731885127665,0.2,0.27923245867714286,10.028506559814703,-4.04207895926069,0.30406395714692397,67.1887811670559,"sa3014494"
"Kaden Polcovich","SEA","AA",23,524,0.112595419,0.225190839,0.5,0.241685144,0.345419847,0.385809312,0.731229159,0.144124168,6.542365180398661,0.301242236,1.701875857077539,67.83565770156811,-6.638956561012765,0.3359755220541095,102.5702693444821,"sa3014496"
"Freddy Zamora","MIL","AA",23,100,0.05,0.22,0.227272727,0.208791208,0.27,0.285714285,0.555714285,0.076923077,5.814174690713961,0.260869565,0.6221879683434963,6.273130863164278,-6.854488164927153,0.25893479228019717,46.07271946161297,"sa3014500"
"Jesse Franklin V","ATL","AA",23,66,0.09090909,0.272727272,0.333333333,0.236363636,0.333333333,0.4,0.733333333,0.163636364,6.855465730298324,0.297297297,0.25451742485165596,8.126593412196337,-0.5376351463440073,0.33050562847744336,102.69925220859068,"sa3014532"
"Zavier Warren","MIL","AA",23,106,0.113207547,0.254716981,0.444444444,0.25,0.339622641,0.347826086,0.687448727,0.097826086,3.996153470808917,0.328125,0.3494466748088598,12.094188797969204,-1.821087371807712,0.3198005180313902,85.22125231325757,"sa3014549"
"Norel Gonzalez","MIA","AA",28,229,0.100436681,0.205240174,0.489361702,0.257425742,0.340611353,0.440594059,0.781205412,0.183168317,2.2016382084903006,0.292517006,-0.9712216109037399,30.990255328674102,0.9280077543447222,0.3449603849280197,102.05675231807174,"sa3014819"
"Zach Britton","TOR","AA",23,76,0.157894736,0.22368421,0.705882352,0.234375,0.355263157,0.453125,0.808388157,0.21875,2.38244047125,0.272727272,-0.12504220381379128,11.711266993106744,2.1626311526907895,0.3589256774438055,123.30820479185259,"sa3014821"
"Michael Guldberg","OAK","AA",23,191,0.094240837,0.183246073,0.514285714,0.277108433,0.352631578,0.331325301,0.683956879,0.054216868,4.959076217896067,0.343283582,-1.0683335312642157,22.51566095041236,-4.630620202551277,0.322858915203496,81.75324949056403,"sa3014822"
"Elijah Dunham","NYY","AA",24,485,0.121649484,0.212371134,0.572815533,0.248192771,0.348453608,0.448192771,0.796646379,0.2,6.949375907935517,0.287625418,3.5388698391616344,72.05337114342535,11.117997688139324,0.35220800392406504,122.25846713772788,"sa3014827"
"Micah Pries","CLE","AA",24,504,0.083333333,0.232142857,0.358974358,0.265625,0.341269841,0.473214285,0.814484126,0.207589285,6.7860370734969555,0.319620253,1.492786481976509,75.48724386454872,12.1647114491587,0.353680540561676,122.12467457557352,"sa3014830"
"Matt Scheffler","SEA","AA",24,298,0.151006711,0.197986577,0.762711864,0.25,0.375838926,0.31557377,0.691412696,0.06557377,6.915882457662525,0.320855614,0.36247948789969087,38.51766609922572,-3.836217584455772,0.3357449633963156,102.42703798285598,"sa3014832"
"Matt Koperniak","STL","AA",24,437,0.09153318,0.18764302,0.487804878,0.288311688,0.359447004,0.441558441,0.801005445,0.153246753,5.325303920938705,0.33105802,-0.5919708618894219,65.54546490923919,3.4359106482700246,0.3592437205633996,101.22718854658122,"sa3014834"
"Noah Campbell","MIL","AA",23,229,0.135371179,0.253275109,0.534482758,0.261538461,0.364035087,0.379487179,0.743522266,0.117948718,4.96261678705029,0.360294117,-0.7032674606889486,30.83612724003016,0.773879665700783,0.34416284320647256,100.89097900571333,"sa3014878"
"Sahid Valenzuela","OAK","AA",24,95,0.052631578,0.178947368,0.294117647,0.211111111,0.252631578,0.388888888,0.641520466,0.177777777,3.392857142857143,0.217391304,-0.5994718298316002,7.705838906825612,-5.796238106428555,0.2811904788017273,55.86731252439595,"sa3014882"
"Landon Stephens","ATL","AA",24,91,0.098901098,0.417582417,0.236842105,0.11392405,0.219780219,0.240506329,0.460286548,0.126582279,0.76785714,0.153846153,-0.12931784987449646,2.6913966607349433,-9.254736654828259,0.21964651739204322,31.395221924423083,"sa3014884"
"William Simoneit","OAK","AA",25,256,0.1484375,0.23046875,0.644067796,0.258373205,0.38671875,0.397129186,0.783847936,0.138755981,3.216382409489418,0.333333333,-1.0976844285614789,39.51065328933009,3.12610891677149,0.3641720774126988,107.41847730254659,"sa3014885"
"J.D. Mundy","BAL","AA",24,268,0.104477611,0.317164179,0.329411764,0.217948717,0.302238805,0.384615384,0.686854189,0.166666667,0.83827967125,0.296551724,-0.3817077800631523,29.53016916487159,-4.141336167121512,0.3056060431608513,79.24831026129952,"sa3014886"
"Dylan Harris","BAL","AA",25,83,0.108433734,0.26506024,0.409090909,0.315068493,0.397590361,0.520547945,0.918138306,0.205479452,3.4318254916556237,0.416666666,-0.193897545337677,15.81147754572627,5.383362088429898,0.4031325492514185,143.22906037621252,"sa3014888"
"Tucker Bradley","KCR","AA",24,460,0.119565217,0.182608695,0.654761904,0.292929292,0.382417582,0.454545454,0.836963036,0.161616162,6.072555941972766,0.34551495,-0.04472220363095403,76.20155813295712,10.823079963515903,0.37699715704317915,115.0009250101034,"sa3014937"
"Robert Emery","SFG","AA",25,125,0.104,0.224,0.464285714,0.242718446,0.368,0.446601941,0.814601941,0.203883495,5.087535008630952,0.291666666,-1.5381894148886204,19.757641662495782,4.052648503916911,0.3637411503791809,127.90012311752635,"sa3014940"
"Brett Auerbach","SFG","AA",23,425,0.112941176,0.32,0.352941176,0.220430107,0.311320754,0.397849462,0.709170216,0.177419355,4.028297463749225,0.294117647,-0.8606515154242516,50.013397808390884,-3.383578930777287,0.3147031113999715,95.72947901447034,"sa3014941"
"Brady Lindsly","WSN","AA",24,242,0.070247933,0.330578512,0.2125,0.190045248,0.256198347,0.307692307,0.563890654,0.117647059,2.0508760025,0.264705882,-0.3224772624671459,16.695283282603775,-13.709583472404924,0.2555772575957716,58.1565330132223,"sa3014942"
"Francisco Urbaez","CIN","AA",24,187,0.112299465,0.165775401,0.677419354,0.280487804,0.363636363,0.414634146,0.778270509,0.134146342,4.701648494669674,0.328244274,-0.48766994290053844,26.738295385909627,2.1896478033786497,0.35403358936309814,101.86922957683544,"sa3014944"
"Justin Dirden","HOU","AA",24,407,0.1007371,0.23095823,0.436170212,0.323782234,0.411330049,0.616045845,1.027375894,0.292263611,6.050962521148158,0.390756302,-0.2883700146339834,90.61463321334206,32.76889274603211,0.44157523961714756,160.19086017842878,"sa3014986"
"Alex McGarry","CIN","AA",24,256,0.0625,0.28515625,0.219178082,0.256302521,0.30859375,0.529411764,0.838005514,0.273109243,7.07454499401476,0.302013422,0.9446595404297113,38.15751438527919,4.550809673365128,0.36122309882193804,106.49348639399965,"sa3015015"
"Nick Raposo","STL","AA",24,229,0.100436681,0.240174672,0.418181818,0.269607843,0.344978165,0.460784313,0.805762478,0.19117647,2.9173470642997,0.335664335,-0.6410069214180112,34.14087748728387,1.5937655290185675,0.35822059806257356,100.59158791329406,"sa3015018"
"Brandon McIlwain","NYM","AA",24,218,0.091743119,0.293577981,0.3125,0.21875,0.307339449,0.322916666,0.630256115,0.104166666,3.6938362470463684,0.304,-0.6338632740080357,21.25965865855233,-6.129849410009223,0.2902254547001025,81.12156257997952,"sa3015076"
"Zac Cook","TOR","AA",24,394,0.065989847,0.38324873,0.17218543,0.189189189,0.302798982,0.36036036,0.663159342,0.171171171,5.958049556300578,0.280701754,0.4507345110177994,42.413295896030405,-7.088842539810202,0.3025225501024086,86.30580881984545,"sa3015090"
"Bradlee Beesley","CHC","AA",24,134,0.067164179,0.268656716,0.25,0.245901639,0.313432835,0.434426229,0.747859064,0.18852459,6.717924475961343,0.31707317,1.3224715869873762,16.808190958900557,-0.7828185387419578,0.3332358660982616,94.77290788065116,"sa3015097"
"Yoelqui Cespedes","CHW","AA",24,512,0.056640625,0.30078125,0.188311688,0.257641921,0.33203125,0.436681222,0.768712472,0.179039301,6.066577777140872,0.349480968,0.09421427361667156,69.15787114372773,1.9444617198996041,0.3446586220525205,102.309428053793,"sa3015137"
"Zach Humphreys","LAA","AA",24,285,0.178947368,0.2,0.894736842,0.247826086,0.38245614,0.378260869,0.760717009,0.130434783,5.120704543263072,0.295857988,-0.537656057626009,41.01552343633451,3.601809206273932,0.35513392875069066,112.1106883627069,"sa3016853"
"Mike Antico","STL","AA",24,275,0.109090909,0.243636363,0.447761194,0.233333333,0.327272727,0.383333333,0.71060606,0.15,6.975740801312826,0.289156626,3.5639756498858333,33.04767663972885,-6.037283135480577,0.3254544310136275,80.23606205017457,"sa3016922"
"Alex Binelas","BOS","AA",22,241,0.103734439,0.323651452,0.32051282,0.165876777,0.254166666,0.379146919,0.633313585,0.213270142,3.1913265275000002,0.192,-0.25666557624936104,21.166098221897542,-9.113128587842523,0.2784521671632926,67.08078611654851,"sa3017044"
"Wes Clarke","MIL","AA",22,67,0.104477611,0.313432835,0.333333333,0.254237288,0.328358208,0.542372881,0.870731089,0.288135593,0.9884453712500001,0.294117647,-0.12123548425734043,10.674351749845277,1.878847001024019,0.3733878660557875,119.68836871865938,"sa3017045"
"Luke Waddell","ATL","AA",23,187,0.122994652,0.117647058,1.045454545,0.271604938,0.363636363,0.37037037,0.734006733,0.098765432,2.9222102104435725,0.302158273,-0.7631392423063517,24.312030054047746,-0.2366175284832328,0.33865899071898514,107.94345435396806,"sa3017075"
"Wyatt Young","NYM","AA",22,434,0.129032258,0.205069124,0.629213483,0.256684491,0.353348729,0.379679144,0.733027873,0.122994653,5.263941637226384,0.320284697,-0.6813827343285084,57.50645800900715,2.9787217624212983,0.3327053910590209,108.98986528071828,"sa3017081"
"John Rhodes","BAL","AA",21,104,0.115384615,0.211538461,0.545454545,0.188888888,0.288461538,0.266666666,0.555128204,0.077777778,4.604064033749999,0.246376811,-0.1645292155444622,7.614093869714859,-5.452460438222763,0.2607062143775133,49.7924747070001,"sa3017162"
"Wes Kath","CHW","AA",19,52,0.076923076,0.442307692,0.173913043,0.170212765,0.25,0.191489361,0.441489361,0.021276596,0.14285714,0.333333333,-0.09698838740587234,1.51396555781779,-5.312396336789754,0.21910016926435325,21.55085410903249,"sa3017172"
"Rowdey Jordan","NYM","AA",23,122,0.098360655,0.270491803,0.363636363,0.207547169,0.297520661,0.320754716,0.618275377,0.113207547,4.663725204626232,0.277777777,-0.6627528928220272,11.205425993426191,-4.122647329346787,0.28333577094984447,76.60169252550752,"sa3017214"
"Quincy Hamilton","HOU","AA",24,148,0.128378378,0.229729729,0.558823529,0.206349206,0.319727891,0.341269841,0.660997732,0.134920635,4.445374499752807,0.25,0.16291924100369215,15.754716859578208,-5.28009785580723,0.30990330743140915,78.39150241253708,"sa3017215"
"Ethan Wilson","PHI","AA",22,78,0.064102564,0.269230769,0.238095238,0.214285714,0.285714285,0.285714285,0.57142857,0.071428571,2.84898429527981,0.291666666,-0.7903600409626961,5.631048317932808,-4.168867413020409,0.25946818056859466,52.60421528654864,"sa3017329"
"Freylin Minyety","PHI","AA",22,76,0.131578947,0.157894736,0.833333333,0.161290322,0.297297297,0.177419354,0.474716651,0.016129032,1.39285714,0.2,-0.13820454105734825,4.475460280154222,-5.073175560261733,0.24331106769072042,42.00459223988954,"sa3017341"
"Paul McIntosh","MIA","AA",24,383,0.143603133,0.195822454,0.733333333,0.257861635,0.378590078,0.465408805,0.843998883,0.20754717,5.253719976965431,0.297413793,-1.1532535813748837,62.96738091986279,12.688600042272613,0.37941581851197287,124.21831626775663,"sa3017372"
"Luca Tresh","KCR","AA",22,106,0.122641509,0.235849056,0.52,0.252747252,0.358490566,0.461538461,0.820029027,0.208791209,3.700331938940677,0.295081967,0.015670588705688715,16.679681618689127,1.614206214426584,0.3675910920467017,109.15753786567576,"sa3017394"
"Aaron Zavala","TEX","AA",22,139,0.151079136,0.208633093,0.724137931,0.276785714,0.410071942,0.482142857,0.892214799,0.205357143,5.257467163012121,0.329113924,0.022554954513907433,26.2332532226982,6.477582645410524,0.40314451396036494,131.74172796442386,"sa3017665"
"Ernie Yake","MIN","AA",24,94,0.074468085,0.09574468,0.777777777,0.244186046,0.308510638,0.325581395,0.634092033,0.081395349,5.111946193561961,0.272727272,-0.3353817807510495,8.836031621664523,-4.523918265134337,0.2957938224711317,62.051074946090225,"sa3017902"
"Roby Enriquez","ARI","AA",25,297,0.063973063,0.148148148,0.431818181,0.325757575,0.388513513,0.469696969,0.858210482,0.143939394,4.383767957410178,0.36574074,-1.3758605290204287,51.60370431495516,9.39194775772898,0.3861700113157968,105.65683433643763,"sa3018209"
"Dondrei Hubbard","WSN","AA",27,150,0.053333333,0.26,0.205128205,0.257142857,0.3,0.371428571,0.671428571,0.114285714,4.429480154118256,0.333333333,-0.5088210701942444,15.668582497694564,-3.1774092926000836,0.2986479123433431,86.41236734128702,"sa3018218"
"Sonny DiChiara","LAA","AA",22,149,0.167785234,0.369127516,0.454545454,0.194915254,0.362416107,0.237288135,0.599704242,0.042372881,1.2597233615766221,0.354838709,-0.6715052146464586,15.453435166974533,-4.106717184881701,0.30749841464445893,81.47176200674802,"sa3019866"
"Ali Castillo","PHI","AA",33,184,0.04347826,0.125,0.347826086,0.252941176,0.282608695,0.276470588,0.559079283,0.023529412,3.4882912188878583,0.282894736,-0.5877950936555862,12.412912986777954,-10.704836942650145,0.2537226119767065,48.83492421808448,"sa507143"
"Wilson Garcia","WSN","AA",28,500,0.058,0.172,0.337209302,0.281938325,0.330612244,0.497797356,0.8284096,0.215859031,0.989060012051499,0.300578034,-1.153296884149313,76.46937234596308,13.64939971164759,0.35752084257666333,125.035039154146,"sa596287"
"Jecksson Flores","WSN","AA",28,160,0.075,0.15,0.5,0.239436619,0.314465408,0.302816901,0.617282309,0.063380282,2.740994742783819,0.279661016,-1.390838760882616,15.073403747137668,-5.028987495843289,0.28620284495863524,78.24797410684857,"sa597007"
"Drew Stankiewicz","ARI","AA",29,343,0.10787172,0.265306122,0.406593406,0.233333333,0.314705882,0.42,0.734705882,0.186666667,4.096721663654211,0.28643216,-0.48497204622253776,41.82465213149074,-6.924952242679563,0.3274539291858673,69.18028440640023,"sa599531"
"Angelo Castellano","KCR","AA",27,110,0.127272727,0.218181818,0.583333333,0.159574468,0.266055045,0.212765957,0.478821002,0.053191489,4.493226597321429,0.211267605,-1.452223192434758,4.789372780169501,-10.84461112991427,0.23860932982296024,29.02941079807769,"sa657521"
"Santiago Chavez","MIA","AA",26,65,0.076923076,0.307692307,0.25,0.137931034,0.23076923,0.258620689,0.489389919,0.120689655,1.22240259,0.166666666,-0.09698838740587234,2.577885902580472,-5.955066465678958,0.23159574270248412,29.14117683437138,"sa657706"
"Cole Sturgeon","MIN","AA",30,292,0.089041095,0.154109589,0.577777777,0.249042145,0.321917808,0.375478927,0.697396735,0.126436782,3.4778869562050065,0.271428571,-0.68497204920277,33.32055880656114,-8.180562118388506,0.3185848160965802,76.2096629645179,"sa709546"
"Ray-Patrick Didder","MIA","AA",27,333,0.081081081,0.249249249,0.325301204,0.241258741,0.339339339,0.381118881,0.72045822,0.13986014,6.485236984113709,0.301020408,1.811121778562665,40.97286536540003,-2.7421059981444333,0.330400681100696,92.69202304622817,"sa736824"
"Michael De La Cruz","DET","AA",29,76,0.184210526,0.131578947,1.4,0.2,0.368421052,0.333333333,0.701754385,0.133333333,3.00101445728431,0.208333333,-0.587316382676363,9.74139585716999,0.1927600167540353,0.32745083411534626,104.24561348355385,"sa736830"
"Aldrem Corredor","PHI","AA",26,455,0.116483516,0.215384615,0.540816326,0.244274809,0.337004405,0.37913486,0.716139265,0.134860051,1.46230158375,0.287719298,-0.8292272463440895,56.37359057833198,-0.7925845188951184,0.32225558319977954,93.79491593955618,"sa736852"
"Michael Beltre","NYY","AA",26,203,0.123152709,0.310344827,0.396825396,0.226744186,0.325123152,0.40116279,0.726285942,0.174418604,8.208589719250531,0.301886792,2.9565119557082653,25.29780688788286,-0.20710200164922993,0.3231320155077967,103.18361637379488,"sa736945"
"Riley Unroe","SEA","AA",26,434,0.1359447,0.195852534,0.694117647,0.263586956,0.367205542,0.399456521,0.766662063,0.135869565,7.064731553026122,0.320143884,1.6911877770908177,62.790610465303246,1.1074375837000061,0.3532252569121522,113.28642737145934,"sa737614"
"Thomas Milone","SDP","AA",27,270,0.096296296,0.251851851,0.382352941,0.268085106,0.352059925,0.412765957,0.764825882,0.144680851,6.689490177562416,0.351851851,-0.2678053402341902,37.879546421760935,-0.494777721171956,0.3482568482781171,106.52848786234914,"sa737640"
"Xavier Fernandez","CHW","AA",26,131,0.083969465,0.152671755,0.55,0.310924369,0.366412213,0.386554621,0.752966834,0.075630252,0.46894409625,0.357142857,-0.34754172153770924,17.775128643973286,0.5779477171735127,0.34538623804354485,102.77742704955686,"sa737922"
"Edwin Diaz","HOU","AA",26,169,0.100591715,0.355029585,0.283333333,0.167785234,0.254437869,0.375838926,0.630276795,0.208053692,5.462092027249993,0.195121951,0.20295821828767657,13.289935628184644,-10.72954874276224,0.27838520573441095,58.811319802489855,"sa738152"
"Luis Aviles Jr.","MIA","AA",27,187,0.048128342,0.256684491,0.1875,0.26744186,0.304812834,0.470930232,0.775743066,0.203488372,5.234661981977121,0.322314049,0.19042571634054184,23.933341171007637,-0.6153064115233389,0.33625933990121526,96.4602833222376,"sa738445"
"Torii Hunter Jr.","LAA","AA",27,188,0.063829787,0.303191489,0.210526315,0.24852071,0.310160427,0.449704142,0.759864569,0.201183432,8.954091463020722,0.327102803,1.9500139150768518,23.718717874941888,-0.9612058978700008,0.3340998652147099,98.5816830451981,"sa738667"
"Michael Reed","LAD","AA",27,93,0.086021505,0.322580645,0.266666666,0.273809523,0.336956521,0.416666666,0.753623187,0.142857143,7.1242130748582095,0.403846153,1.1560348900966346,12.39663598811787,-0.8211867722256809,0.340326977164849,96.84687549909754,"sa738683"
"Jordan Cowan","ATL","AA",27,130,0.107692307,0.207692307,0.518518518,0.219298245,0.315384615,0.263157894,0.578542509,0.043859649,2.9720158033781003,0.287356321,-0.35026972740888596,10.560725889281423,-6.505178847237436,0.280862701856173,70.7691680816222,"sa738703"
"Harrison Wenson","CHC","AA",27,139,0.093525179,0.496402877,0.188405797,0.162601626,0.253623188,0.325203252,0.57882644,0.162601626,3.934533786809884,0.306122448,0.19794086553156376,9.456439541243558,-8.79095090780353,0.26521587674168573,51.02278816993313,"sa738936"
"Jacob Heyward","SFG","AA",26,370,0.118918918,0.332432432,0.357723577,0.201257861,0.302702702,0.336477987,0.639180689,0.135220126,3.432236375998108,0.281914893,-0.8414170145988464,36.62338690978064,-9.863392839612821,0.2919993062277098,80.8350001326452,"sa738955"
"Robbie Tenerowicz","CIN","AA",27,187,0.144385026,0.208556149,0.692307692,0.287671232,0.427807486,0.479452054,0.90725954,0.191780822,2.8905595069010186,0.346153846,-0.3172713965177536,35.66739661613106,11.118749033600086,0.41061493100967,138.2620678269819,"sa738999"
"Wendell Rijo","PHI","AA",26,395,0.103797468,0.215189873,0.482352941,0.266081871,0.352791878,0.444444444,0.797236322,0.178362573,6.145561705765142,0.317269076,1.0770743414759636,58.62817840427243,9.000400023163198,0.3520405665608763,113.3348918291209,"sa739597"
"Michael De Leon","CIN","AA",25,136,0.051470588,0.235294117,0.21875,0.265625,0.301470588,0.3984375,0.699908088,0.1328125,0.7999084212500001,0.336842105,-0.2263062372803688,14.596712875619602,-3.2568490025847447,0.3117814164827852,74.6928415909273,"sa823925"
"Luis Carpio","DET","AA",24,274,0.098540145,0.244525547,0.402985074,0.218106995,0.299270072,0.300411522,0.599681594,0.082304527,4.478576079982339,0.289772727,0.7296933904290199,23.731744341951348,-10.69360066165354,0.2769780489650086,71.1337264309346,"sa827960"
"Jose Gomez","LAA","AA",25,312,0.07051282,0.227564102,0.309859154,0.259786476,0.330128205,0.377224199,0.707352404,0.117437723,3.2475332757263233,0.330097087,-2.6617212295532227,36.65336111300661,-4.3048102546386495,0.32380879613069385,91.96251846378752,"sa828331"
"Dennis Ortega","MIN","AA",25,185,0.081081081,0.275675675,0.294117647,0.238095238,0.308108108,0.333333333,0.641441441,0.095238095,5.469340964730943,0.330434782,0.5076154237613082,17.759803487972892,-8.533714906258902,0.29805873890180845,63.458122798638115,"sa828381"
"Hendrik Clementina","ATL","AA",25,291,0.06185567,0.336769759,0.183673469,0.243445692,0.295532646,0.4082397,0.703772346,0.164794008,3.097212852412858,0.335403726,-0.32535376213490963,31.380302586003094,-6.82106878574297,0.31238257536773417,91.0425943558969,"sa828422"
"Ti'Quan Forbes","ARI","AA",25,386,0.051813471,0.251295336,0.206185567,0.261363636,0.314285714,0.386363636,0.70064935,0.125,5.258574739239263,0.332,-1.7054143021814525,43.303348729675555,-11.55772208207295,0.31640142558457013,62.31407016253243,"sa828696"
"D.J. Burt","CHW","AA",26,322,0.124223602,0.164596273,0.754716981,0.268115942,0.365625,0.351449275,0.717074275,0.083333333,7.468028316672196,0.321266968,3.7685491908341646,41.30693729690275,-0.9639959735516587,0.336610840074718,97.13313461027482,"sa828876"
"Chris Rabago","DET","AA",29,76,0.092105263,0.342105263,0.269230769,0.208955223,0.302631578,0.313432835,0.616064413,0.104477612,5.942477944843702,0.341463414,0.08812013640999794,7.052321810219423,-2.4963140301965314,0.2844844782038739,76.05820278755832,"sa829062"
"Drew Lugbauer","ATL","AA",25,555,0.135135135,0.381981981,0.353773584,0.213080168,0.327927927,0.443037974,0.770965901,0.229957806,1.333735515,0.311965811,-1.0022133365273476,73.44554048443048,0.587254878523038,0.34141220916401255,109.71431079924419,"sa829268"
"Isiah Gilliam","CIN","AA",25,263,0.110266159,0.319391634,0.345238095,0.288209606,0.376425855,0.515283842,0.891709697,0.227074236,5.950179417234967,0.402985074,0.7668474968522787,46.0967382861094,11.571100242228939,0.39229296864444063,126.47747252791545,"sa829343"
"Jordan Procyshen","TEX","AA",29,129,0.124031007,0.271317829,0.457142857,0.222222222,0.3359375,0.379629629,0.715567129,0.157407407,4.041566784519013,0.285714285,-0.611656024120748,16.01858565019822,-2.315813662536386,0.3299893750809133,86.29511471679128,"sa829345"
"Rudy Martin","WSN","AA",26,166,0.120481927,0.277108433,0.434782608,0.225352112,0.323170731,0.352112676,0.675283407,0.126760564,7.854512581369707,0.301075268,0.5240999348461628,18.587100473381838,-2.269130441210906,0.30777155444389437,92.39779108681923,"sa829374"
"Josh Ockimey","PHI","AA",26,273,0.205128205,0.278388278,0.736842105,0.253456221,0.406593406,0.447004608,0.853598014,0.193548387,3.2252979587232176,0.348484848,-0.6085111685097218,47.64348091969708,13.343775861360827,0.3837256359265131,134.12138964104824,"sa829375"
"K.J. Harrison","WSN","AA",25,174,0.074712643,0.281609195,0.265306122,0.203947368,0.275862068,0.335526315,0.611388383,0.131578947,2.9671539212032174,0.259615384,-0.036922067403793335,14.590420774976726,-7.270929701765065,0.2736274339686865,69.99807097391906,"sa829382"
"Tyler Hill","COL","AA",26,131,0.114503816,0.244274809,0.46875,0.203539823,0.292307692,0.300884955,0.593192647,0.097345132,6.829018186351748,0.25,1.746871966868639,10.958643126975728,-5.500189703214932,0.2733855032003843,66.42452377392503,"sa829481"
"Jeren Kendall","LAD","AA",26,273,0.124542124,0.362637362,0.343434343,0.162393162,0.278388278,0.294871794,0.573260072,0.132478632,8.39961293514389,0.246153846,2.8338936916552484,19.797101080615548,-19.003604441683265,0.27144765046053315,54.05655113587437,"sa829529"
"Bubba Hollins","MIA","AA",26,250,0.072,0.228,0.315789473,0.23076923,0.31048387,0.294117647,0.604601517,0.063348417,4.010690290704076,0.300613496,0.05848151259124279,21.547880951802327,-11.27116661842625,0.2867344271752142,64.60610514724587,"sa829697"
"Evan Skoug","CHW","AA",26,263,0.14068441,0.288973384,0.486842105,0.232558139,0.368821292,0.455813953,0.824635245,0.223255814,3.2010468331334585,0.302325581,-0.6250701583921909,41.32732976558275,6.801691721702292,0.3708039849769068,119.12599578104867,"sa829713"
"Quinn Brodey","NYM","AA",26,70,0.028571428,0.4,0.071428571,0.181818181,0.228571428,0.318181818,0.546753246,0.136363637,5.756354801812119,0.297297297,0.10481998696923256,4.132566376724378,-4.662229792079791,0.2434920370578766,50.462829523281606,"sa829783"
"Andrew Bechtold","MIN","AA",26,366,0.122950819,0.25409836,0.483870967,0.2375,0.330601092,0.409375,0.739976092,0.171875,2.3410644468531796,0.289719626,-0.6952543864026666,46.98748307897108,-5.03104520367129,0.3347558488285607,86.2556922885297,"sa829787"
"Riley Mahan","SFG","AA",26,78,0.115384615,0.41025641,0.28125,0.265625,0.376623376,0.5,0.876623376,0.234375,7.889396699502946,0.466666666,0.2617954649031162,13.573999717912404,3.7740839869591865,0.3831274439762165,140.61820003842448,"sa829844"
"Roberto Baldoquin","STL","AA",28,138,0.108695652,0.188405797,0.576923076,0.20338983,0.318840579,0.245762711,0.56460329,0.042372881,2.551597502087592,0.260869565,-0.7456641239114106,11.36035065305706,-8.253192797775306,0.2825586385485055,53.58764718863581,"sa857538"
"Errol Robinson","STL","AA",27,145,0.172413793,0.289655172,0.595238095,0.268907563,0.4,0.327731092,0.727731092,0.058823529,5.337090022869354,0.407894736,0.5698036127723753,21.172246346754605,0.56381301073509,0.354740034711772,98.42933630786112,"sa857819"
"Preston Palmeiro","LAA","AA",27,463,0.101511879,0.177105831,0.573170731,0.262899262,0.343412526,0.398034398,0.741446924,0.135135136,1.8782076089367998,0.308411214,-1.688493013381958,59.63934859917628,-1.1415275008870434,0.3372368287319241,100.59936241716656,"sa857823"
"Kevin Vicuna","PHI","AA",24,343,0.049562682,0.192419825,0.257575757,0.272435897,0.325513196,0.371794871,0.697308067,0.099358974,6.088218202059043,0.336032388,-1.8373705111443996,39.810047955324485,-3.2844532718159427,0.312742802579382,87.55420390988048,"sa872466"
"Leobaldo Cabrera","MIN","AA",24,288,0.097222222,0.309027777,0.314606741,0.22265625,0.309027777,0.35546875,0.664496527,0.1328125,4.947135876955621,0.3125,-0.725539205595851,28.96145838208359,-11.97115403704483,0.30322826783973855,66.66962080018925,"sa872551"
"Jason Lopez","MIL","AA",24,112,0.107142857,0.25,0.428571428,0.202020202,0.285714285,0.313131313,0.598845598,0.111111111,1.1845238025,0.257142857,-0.20205914042890072,8.792627798810448,-5.910305512651954,0.2776268497109413,58.095358070797246,"sa872552"
"Omar Meregildo","WSN","AA",24,126,0.095238095,0.277777777,0.342857142,0.214285714,0.293650793,0.383928571,0.677579364,0.169642857,3.0212364214638305,0.25,-1.0693340674042702,13.506883324725914,-2.323749779121589,0.3019755246147277,88.59539570710447,"sa872765"
"Cristopher Cespedes","BAL","AA",24,91,0.153846153,0.23076923,0.666666666,0.197368421,0.329670329,0.328947368,0.658617697,0.131578947,2.06415343375,0.245283018,-0.15794804692268372,10.15235398455645,-1.2808810348889699,0.3072783449193934,80.34539786567498,"sa872783"
"Yorman Rodriguez","SDP","AA",24,540,0.07037037,0.153703703,0.457831325,0.279022403,0.327777777,0.421588594,0.749366371,0.142566191,3.192361896215439,0.303482587,-0.859987061470747,68.54872058867608,-8.199927697189702,0.3331250714238367,97.1280818077702,"sa872817"
"Leandro Cedeno","ARI","AA",23,479,0.087682672,0.233820459,0.375,0.309859154,0.373695198,0.563380281,0.937075479,0.253521127,1.94841269,0.351724137,-0.8135918974876404,90.11219346453139,22.03329989243933,0.40246141808373587,115.77764435721332,"sa873307"
"Mitch Longo","WSN","AA",27,140,0.057142857,0.235714285,0.242424242,0.221374045,0.271428571,0.381679389,0.65310796,0.160305344,3.900829532849033,0.258064516,-1.2855400629341602,13.464262934274547,-4.12532940333379,0.28858845106193,79.81301395176797,"sa874178"
"Garrett Whitley","MIL","AA",25,167,0.131736526,0.293413173,0.448979591,0.244755244,0.34939759,0.461538461,0.810936051,0.216783217,6.260194513004734,0.32183908,0.282626960426569,25.01381708532541,3.090693308412721,0.36208877254681415,112.42084782787008,"sa874244"
"Chris Betts","LAD","AA",25,102,0.12745098,0.470588235,0.270833333,0.146067415,0.25490196,0.359550561,0.614452521,0.213483146,2.1964285649999997,0.222222222,-0.10805517388507724,7.821413250139688,-6.6755536483016265,0.2761661305147059,56.98784128750706,"sa874791"
"Jalen Miller","ATL","AA",25,379,0.126649076,0.224274406,0.564705882,0.235474006,0.338624338,0.388379204,0.727003542,0.152905198,6.127882908185564,0.294871794,0.3275700956583023,47.55090619754243,-2.2027699189240937,0.33327126298001203,104.47809460048198,"sa875016"
"Jagger Rusconi","CHW","AA",25,114,0.114035087,0.280701754,0.40625,0.231578947,0.342105263,0.27368421,0.615789473,0.042105263,2.6221807266562394,0.338461538,-1.460796507075429,11.09985514355575,-3.8656305484684803,0.29997720164165165,73.57056010759491,"sa875030"
"Moises Gomez","STL","AA",23,257,0.105058365,0.350194552,0.3,0.321428571,0.40077821,0.705357142,1.106135352,0.383928571,4.499386179614923,0.433628318,-0.48740208242088556,61.7718102817608,25.245138782746903,0.46165288612246513,164.84745926802634,"sa875163"
"Delvin Zinn","CHC","AA",25,138,0.108695652,0.246376811,0.44117647,0.136752136,0.253623188,0.179487179,0.433110367,0.042735043,6.517568602810806,0.188235294,0.7796153537929058,4.254169133279805,-13.86194512548637,0.22112953619680542,22.666672641380362,"sa875884"
"Nash Knight","MIN","AA",29,64,0.078125,0.359375,0.217391304,0.254237288,0.3125,0.389830508,0.702330508,0.13559322,4.320488715,0.4,-0.09534280048683286,7.210301545536119,-1.8858345476035285,0.3169409893453121,75.5635244421574,"sa876814"
"Gilbert Lara","WSN","AA",24,312,0.051282051,0.288461538,0.177777777,0.217241379,0.272435897,0.320689655,0.593125552,0.103448276,1.483134915,0.29015544,-0.46068180352449417,24.860996538561654,-14.338666385251212,0.2685632686584424,66.67580394884536,"sa877337"
"Rodolfo Duran","NYY","AA",24,218,0.050458715,0.243119266,0.207547169,0.221674876,0.266055045,0.413793103,0.679848148,0.192118227,0.98062309625,0.251748251,-0.24350323900580406,22.183953123830243,-5.205554944731311,0.29537410282213755,84.97346872835901,"sa877500"
"Izzy Wilson","BOS","AA",24,352,0.113636363,0.27840909,0.408163265,0.214983713,0.308571428,0.410423452,0.71899488,0.195439739,6.808424821666351,0.269035532,0.34945203736424446,42.694201374221976,-1.5310593603361322,0.3190890085697174,93.73995498977123,"sa877504"
"Gavin Stupienski","KCR","AA",28,61,0.049180327,0.360655737,0.136363636,0.228070175,0.278688524,0.333333333,0.612021857,0.105263158,4.749849929047514,0.352941176,0.317369578871876,4.874760980081171,-3.7949937336925568,0.2798306013717026,54.637552814434954,"sa913367"
"Jeison Guzman","ARI","AA",23,80,0.125,0.3,0.416666666,0.246376811,0.35,0.376811594,0.726811594,0.130434783,3.9946848597573004,0.348837209,-0.24396513076499104,10.480917449062504,-0.8892526673620565,0.337736713886261,85.72207573705047,"sa914314"
"Devin Hairston","MIA","AA",26,87,0.068965517,0.32183908,0.214285714,0.225,0.287356321,0.2875,0.574856321,0.0625,3.5780526064715126,0.346153846,0.038352690637111664,6.242058256630928,-5.1789702978086165,0.269619053122641,53.597581465061516,"sa915575"
"Justin Yurchak","LAD","AA",25,451,0.117516629,0.135254988,0.868852459,0.282442748,0.374722838,0.399491094,0.774213932,0.117048346,2.2473467636756883,0.317901234,-0.9812827878631651,67.38496112388201,3.285627092538544,0.35858950448406246,108.19221676580308,"sa915590"
"Nick Dunn","STL","AA",25,472,0.133474576,0.08898305,1.5,0.270676691,0.379237288,0.390977443,0.770214731,0.120300752,4.7288312851730065,0.286931818,-0.9235489284619689,69.91857520445689,2.834571517551985,0.3571392200094588,99.91979682783978,"sa915613"
"Jeremy Vasquez","NYM","AA",25,415,0.106024096,0.171084337,0.619718309,0.238356164,0.322891566,0.317808219,0.640699785,0.079452055,0.738560265,0.285714285,-0.7305097170174122,42.357722040374234,-9.782855246107623,0.2957451402422894,84.74266658076883,"sa915673"
"Michael Gigliotti","SFG","AA",26,319,0.159874608,0.24137931,0.662337662,0.215139442,0.366242038,0.342629482,0.70887152,0.12749004,7.910574480822568,0.278106508,1.5327673517167568,41.790730330349795,1.7115877896565106,0.33088639235725037,106.34626922333477,"sa915700"
"Kevin Merrell","MIN","AA",26,118,0.093220338,0.144067796,0.647058823,0.264705882,0.336206896,0.411764705,0.747971601,0.147058823,3.2723328510576515,0.277108433,-0.7925874670036137,14.958243270708042,-1.8127576510181855,0.33292414416437566,85.11777122471659,"sa915707"
"Matt Whatley","TEX","AA",26,123,0.048780487,0.203252032,0.24,0.226086956,0.268292682,0.32173913,0.590031812,0.095652174,5.316557202485253,0.269662921,0.23473915178328753,8.596981975127655,-8.884654578875107,0.26847548358808687,48.08046460672817,"sa915868"
"Ricardo Genoves","SFG","AA",23,203,0.083743842,0.285714285,0.293103448,0.203296703,0.285714285,0.373626373,0.659340658,0.17032967,1.96466564625,0.256410256,-0.2764090821146965,20.637067828726714,-4.867841060805374,0.2952516730783021,82.96866490841941,"sa916844"
"Franklin Labour","SFG","AA",24,238,0.100840336,0.415966386,0.242424242,0.177033492,0.270042194,0.339712918,0.609755112,0.162679426,6.218520097834764,0.288461538,0.503847423940897,20.312728925424842,-9.589578048509333,0.2754423917597356,69.97309346015854,"sa916848"
"Diego Rincones","SFG","AA",23,363,0.044077134,0.132231404,0.333333333,0.257485029,0.305785123,0.383233532,0.689018655,0.125748503,1.14829192125,0.271428571,-0.5725616700947285,39.592524038567355,-6.014776093945694,0.3042497689373936,88.8717259914848,"sa916849"
"Jesus Bastidas","NYY","AA",23,449,0.084632516,0.256124721,0.330434782,0.239898989,0.322939866,0.426767676,0.749707542,0.186868687,4.336508435429924,0.289473684,-1.5624127089977264,59.31387575801278,2.9015403323974693,0.3322182155664355,109.14447684905912,"sa916969"
"Seuly Matias","KCR","AA",23,414,0.115942028,0.335748792,0.345323741,0.224783861,0.330097087,0.423631123,0.75372821,0.198847262,5.395957953702747,0.311557788,0.05389613192528486,54.131507497747215,-4.709122854749881,0.3374431628046684,90.42855584928688,"sa917039"
"Daniel Montano","COL","AA",23,359,0.13649025,0.281337047,0.485148514,0.252459016,0.354748603,0.439344262,0.794092865,0.186885246,3.951262485601138,0.329896907,-0.5102723501622677,53.47300443470619,8.368264083267672,0.35267700679475367,118.44248361958948,"sa917068"
"Pedro Castellanos","BOS","AA",24,254,0.027559055,0.22047244,0.125,0.279166666,0.303149606,0.4625,0.765649606,0.183333334,1.68831168375,0.327777777,-0.3290584310889244,33.13548677520005,1.222940676967786,0.3302175937675116,101.04069052531253,"sa917074"
"Yeison Coca","MIL","AA",23,268,0.111940298,0.283582089,0.394736842,0.211206896,0.300751879,0.284482758,0.585234637,0.073275862,5.651568618028432,0.303797468,0.0886501856148243,20.957564614973933,-14.224454380311105,0.2772645602997084,57.86233531879012,"sa917075"
"Roberto Alvarez","TBR","AA",22,249,0.064257028,0.168674698,0.38095238,0.247747747,0.307692307,0.315315315,0.623007622,0.067567568,4.50562501655777,0.298913043,-1.6951851099729538,21.816607951543283,-10.871163428404383,0.2884234535066705,66.66978518708382,"sa917107"
"Jonathan Guzman","PHI","AA",22,440,0.054545454,0.25,0.218181818,0.168316831,0.219907407,0.235148514,0.455055921,0.066831683,5.631379615253791,0.222602739,-0.8930786475539207,13.619119712114264,-41.66245620608337,0.20938844399319756,19.75018164900961,"sa917127"
"Moises Castillo","CHW","AA",22,269,0.118959107,0.171003717,0.695652173,0.236051502,0.328358208,0.317596566,0.645954774,0.081545064,4.885077719764725,0.283422459,0.3506827596575022,27.11695497676079,-8.19634020880516,0.30405275390219333,76.19193510298439,"sa917135"
"Kelvin Melean","SDP","AA",23,157,0.089171974,0.229299363,0.388888888,0.244604316,0.316129032,0.374100719,0.690229751,0.129496403,5.513083889210663,0.31372549,-0.8307245871983469,17.321644367564726,-4.992314485918474,0.31429822983280303,85.43216814308462,"sa917141"
"Eduardo Diaz","ARI","AA",24,466,0.062231759,0.248927038,0.25,0.262910798,0.320430107,0.422535211,0.742965318,0.159624413,6.155225143049287,0.335548172,-1.3518094602040946,58.31384139368217,-7.917399534490899,0.3310794672318574,71.43259952621982,"sa917182"
"Miguel Aparicio","TEX","AA",23,84,0.119047619,0.297619047,0.4,0.2,0.325301204,0.285714285,0.611015489,0.085714285,5.710257170181966,0.295454545,-1.5436398424208164,8.076890874038199,-3.861787748207589,0.2982338544834091,66.56743891468334,"sa917275"
"Yonathan Perlaza","CHC","AA",23,547,0.131627056,0.232175502,0.566929133,0.255319148,0.358318098,0.491489361,0.849807459,0.236170213,5.443874274987558,0.302180685,-0.8226996436715126,87.75102279772467,15.942946714064554,0.374695672026468,121.43964937385324,"sa917302"
"Leonel Valera","LAD","AA",22,360,0.091666666,0.330555555,0.277310924,0.289719626,0.361111111,0.479750778,0.840861889,0.190031152,8.652983344984921,0.418848167,3.266608553007245,58.32569001054036,7.159924486629836,0.37287240144279266,117.06526798382937,"sa917320"
"Julio E. Rodriguez","STL","AA",25,269,0.174721189,0.237918215,0.734375,0.252293577,0.3866171,0.435779816,0.822396916,0.183486239,2.6920188708089583,0.303448275,-0.1466320501640439,44.272971643370894,6.0407746268933105,0.37578228570271605,111.50154227032783,"sa917669"
"Lolo Sanchez","PIT","AA",23,254,0.133858267,0.157480314,0.85,0.231132075,0.342629482,0.330188679,0.672818161,0.099056604,3.7767775260652217,0.260355029,0.03451336547732353,29.46266034350708,-2.4498857547251895,0.3126583405699863,90.79371161440702,"sa917767"
"Juan Fernandez","SDP","AA",23,431,0.07888631,0.167053364,0.472222222,0.271052631,0.345070422,0.318421052,0.663491474,0.047368421,4.790772630695547,0.332258064,0.3781500766053796,47.67497002794966,-13.581821474287661,0.3146221521321465,85.6334003693648,"sa917824"
"Joe Rizzo","SEA","AA",24,540,0.088888888,0.19074074,0.466019417,0.276639344,0.342592592,0.467213114,0.809805706,0.19057377,2.870850377132933,0.311475409,-0.9495018543675542,80.75118741846661,4.0025391326008295,0.3587333200154481,116.70823501796713,"sa917934"
"Delvin Perez","STL","AA",23,188,0.122340425,0.255319148,0.479166666,0.222222222,0.324468085,0.296296296,0.620764381,0.074074074,6.3097152420380915,0.300884955,2.263122143689543,18.110870862956926,-8.609028910640792,0.2984389237900998,63.453053675336385,"sa917935"
"Hudson Potts","BOS","AA",23,296,0.081081081,0.31081081,0.260869565,0.234200743,0.297297297,0.453531598,0.750828895,0.219330855,2.520244988057409,0.296969696,-0.1751266084611416,37.66409233464916,0.47466853513439294,0.3263182142699087,98.48256314804689,"sa917936"
"Andy Yerzy","ARI","AA",23,346,0.14450867,0.245664739,0.588235294,0.219931271,0.338150289,0.402061855,0.740212144,0.182130584,3.242301594795857,0.265306122,-0.35298823984339833,44.55392356019696,-4.622062193339263,0.33519494256307913,73.98928137486493,"sa917939"
"Thomas Jones","MIA","AA",24,232,0.11637931,0.387931034,0.3,0.176165803,0.3,0.367875647,0.667875647,0.191709844,6.277418764090254,0.268041237,-0.7739496137946844,23.742682371914302,-6.713393773257818,0.3058688663918039,76.91328152645427,"sa917968"
"Luis Curbelo","CHW","AA",24,122,0.06557377,0.475409836,0.137931034,0.175438596,0.229508196,0.377192982,0.606701178,0.201754386,1.79058440875,0.28,-0.1374002154916525,8.409318639775329,-7.606376574496217,0.26627867827649976,51.89583705565294,"sa918086"
"Ryan January","LAD","AA",25,99,0.191919191,0.303030303,0.633333333,0.142857142,0.333333333,0.272727272,0.606060605,0.12987013,1.60119047125,0.181818181,-0.18432941427454352,10.023913283877116,-4.046672235198279,0.30401137802335954,74.28631428194275,"sa918104"
"Tyler Neslony","CHW","AA",28,292,0.106164383,0.164383561,0.645833333,0.325581395,0.404109589,0.577519379,0.981628968,0.251937984,6.875367768753477,0.36683417,0.2730526737868786,60.22433964641566,21.891692084388687,0.4289973565976914,156.55568371341664,"sa918131"
"Brady Whalen","STL","AA",24,108,0.064814814,0.185185185,0.35,0.306122448,0.355140186,0.479591836,0.834732022,0.173469388,9.090107284035366,0.379746835,0.8474515341222286,17.07268067494597,1.7229510177728127,0.368412573760915,106.92321115790388,"sa918278"
"Todd Lott","STL","AA",24,123,0.056910569,0.308943089,0.184210526,0.19090909,0.276422764,0.3,0.576422764,0.10909091,3.802626807492369,0.260869565,-0.47574606724083424,8.901122366502053,-8.58051418750071,0.2712776568846974,46.579494124043286,"sa918408"
"Ryan Gold","TOR","AA",24,201,0.109452736,0.258706467,0.423076923,0.213872832,0.313432835,0.445086705,0.75851954,0.231213873,1.91581632125,0.238938053,-0.2895714193582535,26.631560669031934,1.3779316700371083,0.3326956365832049,106.10039373536318,"sa918639"
"Brandon Martorano","SFG","AA",24,372,0.104838709,0.322580645,0.325,0.216718266,0.309139784,0.383900928,0.693040712,0.167182662,7.370345179759321,0.304568527,0.7687016911804676,42.26868295880061,-4.469376681130118,0.309781291311787,92.50059536226344,"sa918686"
"Craig Dedelow","CHW","AA",27,449,0.12026726,0.385300668,0.312138728,0.232375979,0.334075723,0.467362924,0.801438647,0.234986945,6.564808561323665,0.347150259,-0.7101137414574623,64.06728429037705,5.124274854246523,0.3536819998830358,108.11321990989855,"sa918840"
"Zach Davis","CHC","AA",28,90,0.1,0.266666666,0.375,0.311688311,0.393258426,0.363636363,0.756894789,0.051948052,7.5,0.444444444,3.149446716532111,12.921189282104619,1.10633215682233,0.35472470254040833,108.59442087530248,"sa918888"
"Armani Smith","SFG","AA",23,302,0.115894039,0.294701986,0.393258426,0.228136882,0.321192052,0.304182509,0.625374561,0.076045627,3.1994390077697408,0.333333333,-1.2475043311715126,29.639255411518832,-8.304008059607725,0.2909806023370351,80.1666952616615,"sa918911"
"Matt Fraizer","PIT","AA",24,480,0.072916666,0.2375,0.307017543,0.218678815,0.283924843,0.332574031,0.616498874,0.113895216,7.828091086107731,0.282131661,2.4796090126037598,41.81502617304718,-18.492147555895688,0.27758817119079654,67.78647149597282,"sa918983"
"Jhailyn Ortiz","PHI","AA",23,505,0.085148514,0.326732673,0.26060606,0.236607142,0.318811881,0.415178571,0.733990452,0.178571429,5.309831996319197,0.332089552,0.16468545794487,63.923545496164394,0.47537313550575505,0.32551398660455433,95.93254090297769,"sa920180"
"Yariel Gonzalez","ATL","AA",28,284,0.084507042,0.186619718,0.452830188,0.256809338,0.320422535,0.408560311,0.728982846,0.151750973,3.406508948579029,0.289340101,0.24231678433716297,33.83186396477436,-3.4505740750053047,0.3257611042197939,99.6475977433948,"sa920278"
"Alfredo Rodriguez","WSN","AA",28,124,0.024193548,0.306451612,0.078947368,0.19327731,0.225806451,0.25210084,0.477907291,0.05882353,1.5772634961452399,0.275,-0.38731637969613075,4.648881073440216,-10.930472139870025,0.2173283056866738,33.063901970121655,"sa922180"
"Jefrey Ramos","ATL","AA",23,100,0.08,0.2,0.4,0.172413793,0.272727272,0.229885057,0.502612329,0.057471264,2.4463229749999247,0.212121212,-0.6532813459634781,5.286783461135387,-7.840835566956043,0.24724687831570405,49.14763714664699,"sa923039"
"Fabricio Macias","PIT","AA",24,157,0.031847133,0.267515923,0.119047619,0.255033557,0.280254777,0.409395973,0.68965075,0.154362416,4.634323070648321,0.323809523,-0.934651892632246,16.555171429753745,-3.1702999774213203,0.299849784677955,82.39085738829613,"sa927338"
"Yasel Antuna","WSN","AA",22,108,0.157407407,0.305555555,0.515151515,0.142857142,0.277777777,0.219780219,0.497557996,0.076923077,2.3363170732634835,0.210526315,-0.8364282213151455,6.487708467902061,-7.081405621110085,0.24474852670122077,51.052512237757384,"sa962601"
"Kevin Maitan","LAA","AA",22,450,0.091111111,0.311111111,0.292857142,0.260651629,0.337777777,0.39849624,0.736274017,0.137844611,3.2868896726359575,0.370517928,-1.747797578573227,56.92360082926916,-2.1506847971422776,0.3344950498474969,98.83586384051743,"sa969045"