Name,Team,Level,Age,PA,BB%,K%,BB/K,AVG,OBP,SLG,OPS,ISO,Spd,BABIP,wSB,wRC,wRAA,wOBA,wRC+,PlayerId
"Adrian Nieto","MIA","AA",29,65,0.061538461,0.184615384,0.333333333,0.169491525,0.21875,0.27118644,0.48993644,0.101694915,3.215421797995565,0.173913043,0.17818685225211084,2.5435546927675996,-4.634621613420507,0.22069481535563393,39.246033173381576,"10294"
"Tommy Joseph","BOS","AA",27,55,0.036363636,0.309090909,0.117647058,0.26,0.309090909,0.32,0.629090909,0.06,2.4345238025,0.382352941,-0.0036275115562602878,5.125580514459626,-0.8253759791564776,0.2894072792746804,84.54249059263861,"10349"
"Carlos Perez","BAL","AA",28,385,0.051948051,0.135064935,0.384615384,0.251428571,0.302083333,0.434285714,0.736369047,0.182857143,0.8476443712499999,0.255172413,-0.020469529496040195,47.31374744858776,5.65705199327503,0.3293485202615006,106.49369517609219,"10642"
"Arismendy Alcantara","NYM","AA",27,112,0.098214285,0.241071428,0.407407407,0.262626262,0.342342342,0.393939393,0.736281735,0.131313131,5.332994703671973,0.342857142,0.6142324238899164,14.477511341467068,2.359199936285184,0.3379157701054135,121.57557849127218,"10711"
"Andy Wilkins","ATL","AA",30,133,0.127819548,0.330827067,0.386363636,0.203539823,0.308270676,0.345132743,0.653403419,0.14159292,0.7331349149999999,0.283582089,-0.0654394521843642,13.718613708920788,-0.9690393483564139,0.30660825250740337,96.41191477868085,"11251"
"Adrian Sanchez","WSN","AA",28,282,0.067375886,0.138297872,0.487179487,0.31640625,0.365248226,0.46875,0.833998226,0.15234375,5.462479520735348,0.348837209,0.28929963550763205,43.470794275003364,12.958617344098979,0.3713855328304427,141.24923611676294,"11338"
"Michael A. Taylor","WSN","AA",28,247,0.101214574,0.279352226,0.36231884,0.247706422,0.323886639,0.463302752,0.787189391,0.21559633,6.4918945381817625,0.314685314,-0.28273523616371676,34.00107194962663,7.275867332841576,0.34920224048653425,126.16289342776707,"11489"
"Cody Asche","BOS","AA",29,91,0.186813186,0.307692307,0.607142857,0.208333333,0.362637362,0.291666666,0.654304028,0.083333333,4.4101077781396425,0.318181818,0.5924858778598718,10.320926685021126,0.4747986683108446,0.3166050838900136,103.03908679008919,"11997"
"Brock Stassi","SFG","AA",29,85,0.14117647,0.152941176,0.923076923,0.315068493,0.411764705,0.452054794,0.863819499,0.136986301,1.174561261627835,0.362068965,-0.3857675910112448,14.565048705661061,5.368115942799808,0.39451848408755136,161.4478479388854,"12244"
"Jason Krizan","NYM","AA",30,367,0.103542234,0.098092643,1.055555555,0.256965944,0.335164835,0.442724458,0.777889293,0.185758514,1.3940039275,0.256317689,-0.022542393242474645,51.17060045626307,11.461490762497421,0.3515869326643891,130.87301911118595,"12394"
"Taylor Motter","OAK","AA",29,285,0.108771929,0.231578947,0.469696969,0.205645161,0.298245614,0.342741935,0.640987549,0.137096774,4.230411557732061,0.242937853,-0.14184614439727738,27.73920560270871,-5.648293848928554,0.2954746675073055,79.69082859935578,"12399"
"Taylor Featherston","KCR","AA",29,391,0.04859335,0.383631713,0.126666666,0.239554317,0.292307692,0.403899721,0.696207413,0.164345404,5.027925894243499,0.36683417,-2.039778114994988,43.056980057015735,-3.238244386062308,0.3121742450273954,90.93122816674719,"12590"
"Dillon Thomas","MIL","AA",26,504,0.081349206,0.261904761,0.31060606,0.265033407,0.339285714,0.43429844,0.773584154,0.169265033,6.76651569475643,0.345276872,-0.1054332316853106,69.46924915394776,13.810774410581525,0.35316225501225434,124.61289568882532,"12719"
"Luis Sardinas","WSN","AA",26,192,0.09375,0.130208333,0.72,0.19760479,0.275132275,0.263473053,0.538605328,0.065868263,2.7322599271506087,0.222222222,-1.323637263441924,12.083689820594236,-8.690558302574711,0.2487183139923422,57.82610525738841,"13153"
"Robel Garcia","CHC","AA",26,92,0.130434782,0.239130434,0.545454545,0.294871794,0.391304347,0.589743589,0.981047936,0.294871795,2.074357215092011,0.333333333,-0.23644566419534385,18.396154405931284,8.236274095634272,0.4365345291469408,174.73942064351976,"13167"
"Tyler Goeddel","WSN","AA",26,227,0.101321585,0.308370044,0.328571428,0.208121827,0.299559471,0.289340101,0.588899572,0.081218274,4.216956371487419,0.310077519,-0.5710169631056488,19.036610807885385,-5.5246096294028995,0.27685940712033913,76.9642100972901,"13180"
"Darnell Sweeney","PIT","AA",28,55,0.072727272,0.4,0.181818181,0.196078431,0.254545454,0.372549019,0.627094473,0.176470588,2.6210875734118906,0.296296296,-0.7588388915755786,4.951812977135178,-0.9991435164809254,0.2851585008881309,84.69176764710924,"13284"
"Spencer Kieboom","WSN","AA",28,188,0.09574468,0.186170212,0.514285714,0.196428571,0.271276595,0.25595238,0.527228975,0.059523809,0.89285714,0.23880597,-0.01114164263708517,11.843836357189302,-8.497614930080292,0.24880336605487985,57.88394719274934,"13300"
"Christian Lopes","TEX","AA",26,301,0.129568106,0.196013289,0.661016949,0.258964143,0.366666666,0.418326693,0.784993359,0.15936255,5.682100808367157,0.303191489,1.0099654628429562,43.333129815918774,7.69409514234719,0.3552179242540526,119.36131116635221,"13472"
"Ramon Torres","CHW","AA",26,166,0.036144578,0.156626506,0.23076923,0.210191082,0.243902439,0.318471337,0.562373776,0.108280255,5.195512479513484,0.251908396,-1.2121693301014602,10.998493680000912,-7.333464271187177,0.25709748631570395,60.849327731137585,"14113"
"Alfredo Gonzalez","CHW","AA",26,195,0.133333333,0.205128205,0.65,0.237804878,0.338541666,0.31707317,0.655614836,0.079268292,2.853512532917873,0.304,-1.267693713773042,20.813533208636688,-0.7209957099276314,0.31142438141008216,96.88976276738292,"14267"
"Jesmuel Valentin","BAL","AA",25,456,0.09868421,0.208333333,0.47368421,0.255583126,0.334065934,0.389578163,0.723644097,0.133995037,4.502214444231422,0.313531353,-0.6778307140339166,56.25275476771143,6.913915475185186,0.32997849754299885,106.9221281159653,"14548"
"Webster Rivas","SDP","AA",28,119,0.06722689,0.19327731,0.347826086,0.264150943,0.327731092,0.339622641,0.667353733,0.075471698,5.1770247112440675,0.321428571,0.13393488759174943,12.652444565521218,-1.4374063519373148,0.30734496908027586,76.86566452243925,"14636"
"Frank Schwindel","DET","AA",27,188,0.058510638,0.143617021,0.407407407,0.257309941,0.308510638,0.391812865,0.700323503,0.134502924,1.51785714,0.274647887,-0.011659858573693782,21.390195721611512,1.0487444343419197,0.31709036896837517,100.63949929438982,"15351"
"Justin Williams","STL","AA",23,61,0.06557377,0.278688524,0.235294117,0.192982456,0.245901639,0.263157894,0.509059533,0.070175438,4.856181490243044,0.256410256,0.17473981180228293,3.1228342190957967,-4.099694402458578,0.23722984360866858,38.2659291399084,"15490"
"Jamie Westbrook","ARI","AA",24,388,0.082474226,0.175257731,0.470588235,0.269005847,0.340206185,0.447368421,0.787574606,0.178362574,2.7993350359504348,0.295880149,-0.3772396370768547,54.39613116864365,11.547940294782336,0.3563300683090724,123.16091453204689,"15504"
"Joseph Odom","SEA","AA",27,310,0.077419354,0.287096774,0.269662921,0.219081272,0.284789644,0.307420494,0.592210138,0.088339222,1.5488017564753873,0.305263157,-0.35039539192803204,25.064285462353187,-11.640368188169047,0.27495063122807967,78.07829285321904,"15535"
"Gosuke Katoh","NYY","AA",24,108,0.092592592,0.259259259,0.357142857,0.237113402,0.305555555,0.288659793,0.594215348,0.051546391,5.899747613028881,0.328571428,0.2142324179294519,9.078347312730793,-2.6071672565517385,0.27712439994017285,83.05295493710811,"15697"
"Jose Godoy","STL","AA",24,188,0.09574468,0.159574468,0.6,0.25625,0.347593582,0.4125,0.760093582,0.15625,1.881005694202825,0.28125,-0.5095904706977308,25.574807473877208,3.315211066463725,0.34513521959437404,109.56578298945887,"15808"
"Luis Torrens","SDP","AA",23,397,0.10579345,0.168765743,0.626865671,0.3,0.372795969,0.5,0.872795969,0.2,2.127435055654762,0.330882352,-0.8327825798187405,66.812804308358,19.807167213979515,0.3861621161050434,128.94509997567295,"15905"
"Ivan Castillo","SDP","AA",24,466,0.042918454,0.126609442,0.33898305,0.3125,0.346982758,0.460648148,0.807630906,0.148148148,6.4378094575098235,0.342318059,1.1209716754965484,68.47000386029931,13.294621275965893,0.35899203707431926,110.99212361768313,"15971"
"Brian Navarreto","MIN","AA",24,180,0.044444444,0.172222222,0.258064516,0.175,0.225433526,0.31875,0.544183526,0.14375,0.5595238025,0.176,-0.04518094926606864,11.17796670805821,-8.626328988259939,0.25050328577184955,54.76757352845954,"16398"
"Sergio Alcantara","DET","AA",22,378,0.126984126,0.187830687,0.676056338,0.24691358,0.34574468,0.296296296,0.642040976,0.049382716,3.30626660513435,0.308300395,-0.900095478980802,39.52828263327536,-1.3710183592135003,0.30471085360709654,92.22047798012474,"16417"
"Johneshwy Fargas","SFG","AA",24,466,0.07081545,0.201716738,0.351063829,0.249394673,0.325379609,0.334140435,0.659520044,0.084745762,7.596308513988521,0.311111111,1.266486534732394,49.49100837215558,-0.9298230101190461,0.30690517174706283,101.86406598284046,"16446"
"Forrest Wall","TOR","AA",23,469,0.104477611,0.232409381,0.449541284,0.269879518,0.352564102,0.419277108,0.77184121,0.14939759,6.019454850730524,0.346801346,-0.45841613673837855,65.56175921715263,14.816330207953483,0.3520725435680813,126.03275328193955,"16496"
"Isiah Kiner-Falefa","TEX","AA",24,71,0.112676056,0.126760563,0.888888888,0.283333333,0.38028169,0.45,0.83028169,0.166666667,3.258598171173214,0.3,0.15919507876969874,11.335219712886976,2.9286700058318846,0.3751693376353089,132.54446210003684,"16512"
"Kevin Padlo","TBR","AA",22,277,0.16967509,0.252707581,0.671428571,0.25,0.38267148,0.504545454,0.887216934,0.254545454,4.299812934491605,0.298611111,0.5117247614543885,46.94977422153841,16.35969980901371,0.3956492878224728,152.61613352199373,"16593"
"Brian O'Keefe","STL","AA",25,346,0.106936416,0.205202312,0.52112676,0.22923588,0.318840579,0.388704318,0.707544897,0.159468438,1.7329639697817787,0.254545454,-0.38342794962227345,40.965368482391774,-0.0017610759330408856,0.32270106042640795,94.74212610210014,"16680"
"Braxton Lee","NYM","AA",25,305,0.098360655,0.236065573,0.416666666,0.275471698,0.35016835,0.36226415,0.7124325,0.086792452,4.350566390469853,0.369791666,-0.3352971071144566,37.01265676763615,4.01189803031048,0.3272776909776636,114.34086757524535,"16839"
"Jonah Heim","OAK","AA",24,208,0.115384615,0.129807692,0.888888888,0.281767955,0.370192307,0.430939226,0.801131533,0.149171271,1.1832372542070164,0.306666666,-0.525135203730315,30.838512515446013,6.210873937031092,0.3606845209899458,122.03486714567336,"16930"
"Derek Hill","DET","AA",23,526,0.072243346,0.27946768,0.258503401,0.242553191,0.310940499,0.393617021,0.70455752,0.15106383,7.167666964770234,0.32051282,-0.749424304580316,61.37004382976952,4.457259909004594,0.3209841743311818,103.2875860236657,"16947"
"Gavin Cecchini","NYM","AA",25,156,0.076923076,0.205128205,0.375,0.244604316,0.294871794,0.330935251,0.625807045,0.086330935,3.205295927793935,0.284403669,0.21138223027810454,14.00078023107025,-2.8782963690045187,0.2847760770565424,85.43650556671304,"17005"
"Magneuris Sierra","MIA","AA",23,197,0.065989847,0.162436548,0.40625,0.281767955,0.336734693,0.364640883,0.701375576,0.082872928,6.373519125310217,0.337837837,0.9040639426093549,23.090968660578177,1.3355727787465297,0.32548515620280283,108.76389288480858,"17023"
"Meibrys Viloria","KCR","AA",22,248,0.096774193,0.241935483,0.4,0.263636363,0.344129554,0.331818181,0.675947735,0.068181818,2.8368769550833335,0.358490566,0.26009740866720676,28.096075227513307,-1.2676476929044815,0.31620656599400015,93.59563569016369,"17109"
"Luis Liberato","SEA","AA",23,211,0.071090047,0.232227488,0.306122448,0.237113402,0.291866028,0.329896907,0.621762935,0.092783505,5.351427219799913,0.307692307,0.2942957244813442,18.77579593083654,-6.20704897322859,0.285293559423474,84.91251461438229,"17307"
"Yermin Mercedes","CHW","AA",26,167,0.101796407,0.149700598,0.68,0.326530612,0.389221556,0.496598639,0.885820195,0.170068027,3.042655823274349,0.352941176,0.29688329342752695,28.866464758625067,10.424073325803317,0.40015770325403727,155.75540410233643,"17423"
"Jose Siri","CIN","AA",23,405,0.081481481,0.311111111,0.261904761,0.25136612,0.312655086,0.387978142,0.700633228,0.136612022,5.547310748065234,0.349137931,1.6824597583618015,46.515274290981,1.7897142293474122,0.3223171989911839,92.56982167638354,"17452"
"Narciso Crook","CIN","AA",23,76,0.065789473,0.236842105,0.277777777,0.295774647,0.342105263,0.436619718,0.778724981,0.140845071,6.100007189977858,0.396226415,-0.22256456827744842,10.494954089632625,2.1020094854742224,0.3535054067247792,113.2600630893496,"17473"
"Vimael Machin","CHC","AA",25,498,0.126506024,0.114457831,1.105263157,0.293838862,0.386317907,0.402843601,0.789161508,0.109004739,3.5183506767314654,0.322404371,0.5288073192350566,70.97980169562702,15.983927842062757,0.35946178729416894,123.60940224315709,"17684"
"Josh Lester","DET","AA",24,442,0.088235294,0.233031674,0.378640776,0.223350253,0.290249433,0.413705583,0.703955016,0.19035533,2.0064935025,0.252669039,-0.02228328527417034,49.567049943858905,1.7429995769803983,0.3148916324341759,99.14418956653266,"17737"
"Chris Shaw","SFG","AA",25,182,0.104395604,0.181318681,0.575757575,0.2875,0.368131868,0.5,0.868131868,0.2125,4.732704736615931,0.322314049,-0.36894409637898207,30.21675785049669,10.524501817076128,0.3873542270607711,156.57560287523808,"17738"
"Luis Alexander Basabe","CHW","AA",22,291,0.099656357,0.292096219,0.34117647,0.24609375,0.324041811,0.3359375,0.659979311,0.08984375,5.006853852237898,0.355029585,0.10180968698114157,30.40488370829926,-1.7312594470967273,0.3084021435750948,94.88481169910045,"17839"
"Tyler Nevin","COL","AA",22,540,0.12037037,0.166666666,0.722222222,0.251072961,0.345083487,0.39914163,0.744225117,0.148068669,3.7558256180313823,0.283378746,0.4059224426164292,70.997678004896,12.570105158483344,0.3408927397736813,115.68732157206607,"17893"
"Marcus Wilson","ARI","AA",22,278,0.118705035,0.341726618,0.347368421,0.225,0.323741007,0.425,0.748741007,0.2,6.109654123010537,0.321167883,1.3812907485989854,36.39195802045896,6.223207019100924,0.34064776284231557,118.30488619096998,"17910"
"Cedric Mullins","BAL","AA",24,226,0.097345132,0.137168141,0.709677419,0.271356783,0.340707964,0.40201005,0.742718014,0.130653267,6.348107030200238,0.293413173,2.8496932017151266,28.796249595975798,4.343228367662354,0.3354326475991143,110.63136908651754,"17929"
"Andrew Stevenson","WSN","AA",25,88,0.034090909,0.272727272,0.125,0.25,0.284090909,0.333333333,0.617424242,0.083333333,6.054795419881684,0.33898305,0.5948178495746106,7.742258390139637,-1.77927199964613,0.28239795430140063,80.73084759533539,"17932"
"Tyler Stephenson","CIN","AA",22,363,0.101928374,0.165289256,0.616666666,0.28525641,0.371900826,0.41025641,0.782157236,0.125,2.4032738025,0.33067729,-0.2161484935786575,52.2728808236476,12.185526990627862,0.361438251888128,118.52270860342851,"17988"
"Hoy Park","NYY","AA",23,487,0.117043121,0.186858316,0.626373626,0.271634615,0.363256784,0.370192307,0.733449091,0.098557692,6.29938199797643,0.339506172,0.17989480489632115,63.290823200396055,10.597808429649824,0.3388532693799204,125.03332754072854,"18027"
"Sam Haggerty","NYM","AA",25,292,0.136986301,0.267123287,0.512820512,0.259109311,0.369863013,0.356275303,0.726138316,0.097165992,7.8317397333184156,0.369047619,2.2628891758504324,37.90771888777017,6.3135498671174,0.3386654443528554,122.08541456189175,"18054"
"Ka'ai Tom","CLE","AA",25,343,0.125364431,0.212827988,0.589041095,0.285223367,0.385964912,0.512027491,0.897992403,0.226804124,5.3265765967468415,0.334951456,-0.18189949181396514,60.26414555231814,23.15181687394862,0.4003599017858505,166.05725537091615,"18136"
"Patrick Mazeika","NYM","AA",25,462,0.08008658,0.192640692,0.415730337,0.244552058,0.311688311,0.426150121,0.737838432,0.181598063,2.571295016083371,0.270700636,0.173570990213193,57.90405497220414,7.916020425828861,0.33263064475802634,117.98128730541602,"18142"
"Kevin Kaczmarski","NYM","AA",27,160,0.125,0.24375,0.512820512,0.240875912,0.339622641,0.328467153,0.668089794,0.087591241,2.838396552122215,0.319587628,-0.3464202264440246,17.44430303353727,0.13242959756314884,0.31070156376573105,103.06782786145031,"18146"
"Brett Sullivan","TBR","AA",25,403,0.079404466,0.119106699,0.666666666,0.28021978,0.333333333,0.458791208,0.792124541,0.178571428,7.168805506593181,0.294871794,2.0812281651888043,56.39376828063126,11.889075182265001,0.3559793794244305,126.29913613000775,"18217"
"Lewin Diaz","MIN","AA",22,267,0.071161048,0.191011235,0.372549019,0.253112033,0.310861423,0.526970954,0.837832377,0.273858921,1.9953953150227997,0.261111111,-0.46817388641647995,39.38628770835518,9.900548112167106,0.3660356261347996,132.30238236852372,"18365"
"Jermaine Palacios","TBR","AA",22,140,0.1,0.192857142,0.518518518,0.195121951,0.273381294,0.284552845,0.557934139,0.089430894,6.901790920335733,0.229166666,-0.3978080376982689,9.94459718065678,-5.516090248056063,0.2635083301461858,64.9538882844174,"18371"
"Travis Blankenhorn","MIN","AA",22,410,0.043902439,0.226829268,0.193548387,0.278350515,0.312195121,0.474226804,0.786421925,0.195876289,5.623650239537967,0.322580645,2.023511813255027,56.82242032779125,11.544692857989345,0.35417612767744183,121.1430083163972,"18395"
"Juan Yepez","STL","AA",21,59,0.084745762,0.237288135,0.357142857,0.23076923,0.288135593,0.384615384,0.672750977,0.153846154,2.01785714,0.263157894,-0.02526019117794931,5.909682271285162,-1.0760421331690686,0.29951178522433264,79.41951666136195,"18400"
"P.J. Higgins","CHC","AA",26,299,0.08361204,0.170568561,0.490196078,0.276119402,0.337792642,0.369402985,0.707195627,0.093283583,3.2310034950861732,0.319444444,0.05572018725797534,35.496660087809005,2.4770490793437108,0.32750481327241876,102.40916165909601,"18433"
"Chris Gittens","NYY","AA",25,478,0.148535564,0.290794979,0.510791366,0.281407035,0.393305439,0.5,0.893305439,0.218592965,1.63504464,0.370833333,-0.03834797930903733,84.56634880084974,32.847126910877044,0.40200033123024337,167.97817991467258,"18482"
"Ali Sanchez","NYM","AA",22,294,0.078231292,0.176870748,0.442307692,0.277777777,0.336734693,0.337037037,0.67377173,0.05925926,2.292175891682379,0.341013824,0.17875314957927912,31.414860550932776,-0.39570688766967205,0.30777846763224126,101.07989796813061,"18551"
"Trent Grisham","MIL","AA",22,283,0.155477031,0.176678445,0.88,0.254237288,0.371024734,0.504237288,0.875262022,0.25,4.917435646985744,0.268571428,-0.4882752534467727,46.9743808757181,15.721705573391423,0.3909432593212333,149.67679505278446,"18564"
"Luis Arraez","MIN","AA",22,164,0.109756097,0.079268292,1.384615384,0.342465753,0.414634146,0.397260273,0.811894419,0.05479452,3.5631489818693747,0.375939849,-0.6815748007502407,25.723056854851965,7.611965866931203,0.3786777207037298,137.39735287657123,"18568"
"Brendon Davis","TEX","AA",21,401,0.104738154,0.281795511,0.371681415,0.202312138,0.2975,0.2716763,0.5691763,0.069364162,2.7665402394325613,0.285106382,-1.4355030138976872,31.180740673852878,-16.29850485472588,0.2710142023861408,63.722627663079564,"18587"
"Jose Azocar","DET","AA",23,538,0.039033457,0.245353159,0.159090909,0.285714285,0.316573556,0.398809523,0.715383079,0.113095238,5.259352102876975,0.363143631,0.8302600742899813,63.01512653785745,4.803952109394467,0.321596598002448,103.70408116029097,"18821"
"Jahmai Jones","LAA","AA",21,544,0.091911764,0.200367647,0.458715596,0.234439834,0.307550644,0.323651452,0.631202096,0.089211618,4.647105557769689,0.288,-2.727246421156451,51.51103497632767,-8.564779032385093,0.2952569753864633,81.07884713780324,"18872"
"Lucius Fox","TBR","AA",21,431,0.122969837,0.206496519,0.595505617,0.230136986,0.339534883,0.342465753,0.682000636,0.112328767,8.584684425071686,0.29347826,2.9084479089360684,49.307637815712994,1.7108072316041654,0.3217137299304785,103.56732139227718,"18899"
"Leody Taveras","TEX","AA",20,293,0.078498293,0.204778156,0.383333333,0.265151515,0.319587628,0.375,0.694587628,0.109848485,6.228664262009702,0.326829268,-1.2432758617214859,32.688504940257474,-2.0033128649135357,0.31401167886773335,92.13375881416468,"18900"
"Yusniel Diaz","BAL","AA",22,322,0.099378881,0.208074534,0.47761194,0.262237762,0.335403726,0.472027972,0.807431698,0.20979021,4.562545992879428,0.303317535,-1.1539343694457784,47.18771498023862,12.347569690340697,0.36115690140250306,128.12583754864363,"18905"
"Taylor Kohlwey","SDP","AA",24,239,0.121338912,0.225941422,0.537037037,0.275862068,0.382352941,0.394088669,0.77644161,0.118226601,5.832348155393262,0.358620689,-0.18303952203132212,34.98496445375587,6.686860510288726,0.3582915932820316,110.52929644560092,"19212"
"Chris Okey","CIN","AA",24,171,0.111111111,0.304093567,0.365384615,0.228187919,0.317647058,0.422818791,0.740465849,0.194630872,2.9200310524999997,0.296703296,-0.07932054810225964,21.843839851282684,2.959714491926282,0.33961537410231196,104.04542239413412,"19245"
"Jake Fraley","SEA","AA",24,259,0.088803088,0.212355212,0.418181818,0.313043478,0.386100386,0.539130434,0.92523082,0.226086956,6.632080084065372,0.369696969,1.0018041874282062,47.934308591294936,17.268162476826358,0.4075039486013034,165.66458843534033,"19260"
"Stone Garrett","MIA","AA",23,439,0.041002277,0.289293849,0.141732283,0.242718446,0.289293849,0.412621359,0.701915208,0.169902913,6.631790054479253,0.317343173,0.11541955289430916,49.80319119503971,1.3228927578615752,0.3204307599599921,105.41080894507661,"19273"
"Randy Arozarena","STL","AA",24,116,0.112068965,0.198275862,0.565217391,0.30927835,0.422413793,0.515463917,0.93787771,0.206185567,6.895374639633166,0.38028169,-0.5301876293960959,22.23972167708406,8.505077085275744,0.41595808194394696,156.36289285171745,"19290"
"Armando Alvarez","NYY","AA",24,230,0.073913043,0.152173913,0.485714285,0.261904761,0.32173913,0.404761904,0.726501034,0.142857143,3.6651436339337478,0.29239766,-0.17075784917687997,28.36509585234721,3.47927778813441,0.32993169763813845,118.96597349181776,"19292"
"Alex Call","CLE","AA",24,325,0.067692307,0.286153846,0.236559139,0.204778156,0.266253869,0.320819112,0.587072981,0.116040956,5.002062623930932,0.276381909,-0.9081093026907183,25.401341658113967,-9.763401258708464,0.2691890003142342,76.85096715424739,"19296"
"Donovan Walton","SEA","AA",25,558,0.112903225,0.129032258,0.875,0.3,0.390287769,0.427083333,0.817371102,0.127083333,3.797023645848437,0.3325,-3.7133661152329296,88.30327632705476,22.234899756114743,0.37338700858380297,143.12138505162844,"19314"
"DJ Peters","LAD","AA",23,288,0.097222222,0.322916666,0.301075268,0.240963855,0.331010452,0.421686746,0.752697198,0.180722891,3.2361542219499477,0.331081081,0.0581543140579015,38.069044727340206,3.969237464919554,0.34023607296395386,109.66066537103123,"19348"
"Weston Wilson","MIL","AA",24,510,0.11372549,0.217647058,0.522522522,0.231460674,0.323529411,0.415730337,0.739259748,0.184269663,5.604962686224273,0.264150943,0.9934953628107905,65.32520827383017,9.004132640661945,0.3400809231926413,115.93474670178485,"19358"
"Austin Hays","BAL","AA",23,61,0.081967213,0.180327868,0.454545454,0.267857142,0.327868852,0.517857142,0.845725994,0.25,5.15009910078664,0.285714285,0.21863725339062512,9.679141919533931,3.078990172068797,0.37746767235583945,139.21841462462143,"19363"
"Trenton Brooks","CLE","AA",23,264,0.075757575,0.143939393,0.526315789,0.273858921,0.333333333,0.502074688,0.835408021,0.228215767,4.005613071774307,0.292307692,0.1860081726917997,40.88090998156305,12.316318812205754,0.3723271344647263,146.9928204001758,"19384"
"Zach McKinstry","LAD","AA",24,384,0.096354166,0.192708333,0.5,0.278592375,0.352480417,0.454545454,0.807025871,0.175953079,5.110863091071429,0.322957198,-1.8996255279053003,57.363765628788954,11.897355945561415,0.3621124455573976,124.11575766298041,"19392"
"Brian Serven","COL","AA",24,276,0.079710144,0.221014492,0.360655737,0.202479338,0.285714285,0.363636363,0.649350648,0.161157025,2.8707855027797065,0.229885057,-0.5712760710739531,27.644908318555487,-2.2180733584998706,0.29878099934085384,87.04810348169381,"19422"
"Yonny Hernandez","TEX","AA",21,206,0.145631067,0.121359223,1.2,0.276470588,0.394088669,0.329411764,0.723500433,0.052941176,7.10750983173016,0.324137931,1.4084108017850667,27.93058677074128,3.5397524094265047,0.34456182847469313,112.32015992866235,"19432"
"Jake Rogers","DET","AA",24,112,0.169642857,0.232142857,0.73076923,0.302325581,0.428571428,0.53488372,0.963455148,0.232558139,3.39285714,0.355932203,-0.010105210763867944,21.724736175089475,9.606424769907589,0.4249343185552529,173.9816684899917,"19452"
"Andruw Monasterio","CLE","AA",22,279,0.078853046,0.204301075,0.385964912,0.216867469,0.278985507,0.253012048,0.531997555,0.036144579,2.7107203531801325,0.271794871,-1.2876583024626598,17.846456829596185,-12.341122474383686,0.2501033391209616,63.871251576237306,"19455"
"Cooper Hummel","MIL","AA",24,419,0.14797136,0.238663484,0.62,0.248538011,0.38424821,0.450292397,0.834540607,0.201754386,4.88354036002878,0.300884955,-2.167867055395618,68.00380145935753,21.73217265485267,0.38599510722057917,146.39419342382553,"19458"
"Kyle Lewis","SEA","AA",23,517,0.108317214,0.294003868,0.368421052,0.262582056,0.342359767,0.398249452,0.740609219,0.135667396,3.480098350148374,0.367003367,-0.49301841435953975,66.85383495766493,5.639944837277855,0.3365819731424021,118.80198832159859,"19508"
"Andrew Young","ARI","AA",25,263,0.068441064,0.201520912,0.339622641,0.260089686,0.362595419,0.452914798,0.815510217,0.192825112,4.439565876379575,0.304878048,-0.32568128081038594,40.529438799215946,11.485433129562528,0.37499566160085546,135.54365978698598,"19521"
"TJ Friedl","CIN","AA",23,269,0.107806691,0.185873605,0.58,0.234513274,0.347014925,0.384955752,0.731970677,0.150442478,7.985311695573488,0.277456647,0.90775874000974,34.80729659657126,5.100690037115868,0.34183434563786236,105.51748700109076,"19522"
"Jaylin Davis","MIN","AA",24,251,0.143426294,0.254980079,0.5625,0.273584905,0.382470119,0.457547169,0.840017288,0.183962264,3.6574158392510583,0.345323741,0.08669699192978442,40.81858406080008,13.099780170750618,0.3864293977083913,142.53981152478084,"19552"
"Zack Short","CHC","AA",24,74,0.121621621,0.243243243,0.5,0.25,0.337837837,0.359375,0.697212837,0.109375,4.423595706249925,0.340425531,-0.42653059866279364,8.538898075964411,0.3668204350733371,0.3230392103259628,99.44668289770497,"19562"
"Nate Mondou","OAK","AA",24,503,0.115308151,0.186878727,0.617021276,0.248243559,0.344,0.332552693,0.676552693,0.084309134,3.995742166501559,0.301492537,-2.1890077458228916,56.936913644748394,-2.61934695593768,0.3160845122337341,92.56484234887523,"19563"
"Nick Heath","KCR","AA",25,375,0.104,0.309333333,0.336206896,0.254545454,0.332432432,0.381818181,0.714250613,0.127272727,9.085223532125246,0.373205741,6.093767982907593,45.341128214932176,0.9403375086552809,0.32589674753111764,99.99854676906686,"19577"
"Chas McCormick","HOU","AA",24,223,0.174887892,0.125560538,1.392857142,0.276836158,0.426008968,0.395480225,0.821489193,0.118644067,6.126379992066526,0.310344827,0.3994726622477174,37.11843235843982,10.714762151773826,0.38381704365884933,144.18693081314268,"19599"
"Bryan De La Cruz","HOU","AA",22,300,0.08,0.2,0.4,0.282527881,0.34,0.408921933,0.748921933,0.126394052,6.437035847970002,0.342857142,-0.8176267556846142,38.82573755489211,3.305104989870588,0.33671937266985574,113.06654383062288,"19600"
"Keibert Ruiz","LAD","AA",20,310,0.09032258,0.067741935,1.333333333,0.253623188,0.329032258,0.329710144,0.658742402,0.076086956,1.4460486275,0.260869565,-0.16904897172935307,32.1657035311151,-4.53895011940713,0.3040855972023753,85.77377730037831,"19610"
"Luis Barrera","OAK","AA",23,240,0.05,0.2,0.25,0.321428571,0.357142857,0.513392857,0.870535714,0.191964286,6.853918739049755,0.393063583,-1.2036366956308484,39.56708187040305,11.150575818385834,0.3817979680837961,135.98584668029048,"19615"
"Jack Kruger","LAA","AA",24,380,0.063157894,0.181578947,0.347826086,0.239884393,0.3,0.309248554,0.609248554,0.069364161,2.442580056880172,0.288808664,-0.5641099587082863,33.03061897526643,-8.934104045525576,0.2848335320528076,74.16394004311312,"19634"
"Daniel Johnson","CLE","AA",23,167,0.095808383,0.233532934,0.41025641,0.253424657,0.337349397,0.534246575,0.871595972,0.280821918,6.764197073318206,0.275510204,0.05591175123117864,27.48195194490311,9.41268404610512,0.38538603565909646,155.8738762644603,"19643"
"Ben DeLuzio","ARI","AA",24,287,0.097560975,0.205574912,0.474576271,0.254032258,0.350877192,0.350806451,0.701683643,0.096774193,7.207212421056127,0.326203208,0.5161709734238684,34.28729533299993,2.592886104138599,0.3285113636259477,104.70599975764452,"19644"
"Zach Reks","LAD","AA",25,133,0.112781954,0.203007518,0.555555555,0.309734513,0.393939393,0.584070796,0.978010189,0.274336283,5.087092354222323,0.329113924,-0.2901595514267683,26.655680031804227,10.908199594644687,0.4270191233266484,167.00367308454858,"19667"
"Edward Olivares","SDP","AA",23,551,0.078039927,0.177858439,0.43877551,0.282786885,0.348540145,0.452868852,0.801408997,0.170081967,6.41903089670165,0.316622691,2.593892925651744,80.5573511643836,15.317789353294097,0.3580645512401295,110.37927551979021,"19698"
"Ronnie Dawson","HOU","AA",24,459,0.102396514,0.307189542,0.333333333,0.211734693,0.320175438,0.403061224,0.723236662,0.191326531,6.104279947705459,0.280851063,-1.7303265663795173,56.79639683064435,2.449829006161432,0.32949572736090355,108.29342803278243,"19710"
"Darick Hall","PHI","AA",23,535,0.112149532,0.250467289,0.447761194,0.234649122,0.343925233,0.453947368,0.797872601,0.219298246,3.934912682959895,0.28618421,0.5909127067425288,77.25666031650124,19.370083514962765,0.35827805008915287,125.34324367248163,"19717"
"Joe Dunand","MIA","AA",23,525,0.072380952,0.226666666,0.319327731,0.242424242,0.314285714,0.333333333,0.647619047,0.090909091,2.6573411890983145,0.307471264,-0.25061114109121263,52.181635182581715,-5.795942675091451,0.3015703011787575,92.89879002188938,"19727"
"Josh Rojas","HOU","AA",25,195,0.112820512,0.143589743,0.785714285,0.321637426,0.405128205,0.561403508,0.966531713,0.239766082,6.430013144934197,0.348148148,0.018514663679525256,38.92176552262689,15.833354355362903,0.4259764094328143,172.0442696214672,"19734"
"Rylan Bannon","BAL","AA",23,444,0.105855855,0.162162162,0.652777777,0.255154639,0.34537246,0.394329896,0.739702356,0.139175257,4.694137872913383,0.294498381,0.05641144386027008,57.67682111670679,9.636372331878603,0.3387754426013291,112.90472644757328,"19768"
"Dairon Blanco","KCR","AA",26,469,0.078891257,0.292110874,0.270072992,0.262295081,0.324786324,0.419203747,0.743990071,0.156908666,8.269392390103302,0.369718309,1.0207072757184505,59.70440694491034,4.173818034926706,0.33397003065826547,104.69347778718934,"19779"
"Zach Remillard","CHW","AA",25,109,0.119266055,0.330275229,0.361111111,0.231578947,0.321100917,0.326315789,0.647416706,0.094736842,4.838108955779761,0.344827586,0.34050959488376975,11.157898991196697,-0.8793505068725884,0.30555952853019086,92.99902229992831,"19788"
"Jhonny Pereda","CHC","AA",23,398,0.123115577,0.138190954,0.89090909,0.241279069,0.335858585,0.305232558,0.641091143,0.063953489,1.8144799629254533,0.280276816,-0.20896785333752632,39.96085715844897,-3.991668531748972,0.30292655554133213,86.10395777209919,"19802"
"Jason Delay","PIT","AA",24,252,0.051587301,0.25,0.206349206,0.233766233,0.285714285,0.398268398,0.683982683,0.164502165,3.252649557891662,0.282208588,0.18704460456501693,26.823890978741066,-0.442309682918174,0.30722810048981014,99.70079053866793,"19806"
"Charles Leblanc","TEX","AA",23,529,0.086956521,0.215500945,0.403508771,0.265135699,0.328922495,0.354906054,0.683828549,0.089770355,4.397945561938233,0.332409972,-0.9268283115234226,59.020183315094116,-3.6145321078938175,0.3140173784275812,92.13752487104969,"19813"
"Joshua Palacios","TOR","AA",23,341,0.131964809,0.205278592,0.642857142,0.265734265,0.370588235,0.416083916,0.786672151,0.150349651,5.729414388883433,0.323943661,1.083340164157562,49.27526736218307,12.379337101763229,0.35840886936778515,130.34194151790973,"19818"
"Chuckie Robinson","HOU","AA",24,409,0.061124694,0.288508557,0.211864406,0.21657754,0.276283618,0.323529411,0.599813029,0.106951871,4.570468390144783,0.293650793,1.2165720742195845,33.16041819799937,-15.266044198979959,0.27523588288967066,72.44054354618609,"19824"
"Cody Thomas","LAD","AA",24,532,0.086466165,0.270676691,0.319444444,0.236286919,0.308270676,0.443037974,0.75130865,0.206751055,5.775421842386497,0.284345047,-0.4665924650616944,67.81018561005111,4.820263861412961,0.3342311904394537,105.69286263210842,"19828"
"Caleb Hamilton","MIN","AA",24,341,0.117302052,0.240469208,0.487804878,0.226351351,0.322580645,0.351351351,0.673931996,0.125,4.759395466188542,0.29047619,-1.0917611052282155,37.250597483535024,-0.40721975354411716,0.3147838664405486,95.0102019122637,"19842"
"Abraham Toro","HOU","AA",22,435,0.110344827,0.177011494,0.623376623,0.305851063,0.393103448,0.513297872,0.90640132,0.207446809,4.998845556437502,0.346153846,0.14079148578457534,78.70313999672008,27.19822277743889,0.4022286373252957,156.35262622510098,"19844"
"Rene Pinto","TBR","AA",22,287,0.076655052,0.236933797,0.323529411,0.234615384,0.303135888,0.353846153,0.656982041,0.119230769,1.6029172259723734,0.29787234,-0.7046195506118238,29.39187402651379,-2.302535202347542,0.30561947199525735,92.89039872693355,"19859"
"Riley Adams","TOR","AA",23,332,0.096385542,0.31626506,0.304761904,0.257839721,0.34939759,0.43902439,0.78842198,0.181184669,4.945757360682533,0.362068965,0.19894504779949784,47.87229805230233,11.950160672656025,0.3579938885677292,130.05972269926278,"19864"
"Greg Deichmann","OAK","AA",24,340,0.1,0.302941176,0.330097087,0.219269102,0.3,0.375415282,0.675415282,0.15614618,6.746695348705793,0.289473684,1.5843163717072457,36.07645250572618,-4.1802644012982055,0.30707044285886426,86.60868100708008,"19872"
"Drew Ellis","ARI","AA",23,451,0.139689578,0.241685144,0.577981651,0.234828496,0.344444444,0.406332453,0.750776897,0.171503957,1.8993015089367997,0.287356321,-1.3946065907366574,60.21033217810038,10.404831961318294,0.3473487664593591,117.20272337657633,"19873"
"Tristan Gray","TBR","AA",23,495,0.123232323,0.185858585,0.663043478,0.224880382,0.331983805,0.409090909,0.741074714,0.184210527,4.42094643653382,0.244444444,-3.7145969392731786,63.44215977496908,8.777586366305805,0.34018471267649797,115.82096210848316,"19877"
"Adam Haseley","PHI","AA",23,190,0.110526315,0.184210526,0.6,0.266666666,0.352631578,0.484848484,0.837480062,0.218181818,6.07550394249715,0.29032258,0.03105590958148241,29.57365891156503,9.015809206345764,0.37340150245283016,135.62835290974022,"19878"
"Emmanuel Rivera","KCR","AA",23,534,0.046816479,0.144194756,0.324675324,0.258064516,0.296992481,0.344758064,0.641750545,0.086693548,4.297323687642827,0.289473684,0.12252632761374116,49.78252085583697,-13.444205109901327,0.2906872630119324,76.73343066708061,"19890"
"Pavin Smith","ARI","AA",23,507,0.116370808,0.120315581,0.967213114,0.29090909,0.369565217,0.46590909,0.835474307,0.175,4.226983954954111,0.310160427,-0.2625092233065516,79.27133074679789,23.28155555853066,0.37801447481212047,137.54633896160374,"19892"
"Connor Wong","LAD","AA",23,163,0.067484662,0.306748466,0.22,0.348993288,0.392638036,0.604026845,0.996664881,0.255033557,3.60495708397881,0.467391304,-0.09987500659190118,33.71940335349275,14.419859659831058,0.43522101384730427,172.42317688656723,"19896"
"Gavin Sheets","CHW","AA",23,527,0.102466793,0.187855787,0.545454545,0.267241379,0.345351043,0.413793103,0.759144146,0.146551724,2.7918435366032877,0.305084745,-0.07837332994677126,71.2012802793891,13.002835458448592,0.3494997357055403,122.14893376516534,"19901"
"Jesus Sanchez","TBR","AA",21,316,0.075949367,0.205696202,0.369230769,0.275261324,0.332278481,0.404181184,0.736459665,0.12891986,3.4732667785610425,0.32718894,-0.7160374482627958,39.98526542061378,5.088285224376217,0.33799670504618295,114.36943894077434,"19913"
"Daulton Varsho","ARI","AA",22,452,0.092920353,0.13938053,0.666666666,0.30050505,0.378318584,0.52020202,0.898520604,0.21969697,7.227741141170931,0.31661442,2.0217377541121095,79.60410914171541,29.688175443299656,0.40453579169419285,155.14056731762327,"19918"
"Blake Perkins","KCR","AA",22,122,0.073770491,0.245901639,0.3,0.218181818,0.286885245,0.327272727,0.614157972,0.109090909,6.613280879829892,0.278481012,0.3312144654337317,10.557926017064986,-3.887131226043764,0.28218463551802714,71.11521107315674,"19921"
"Ryan McKenna","BAL","AA",22,567,0.104056437,0.21340388,0.487603305,0.231557377,0.32078853,0.364754098,0.685542628,0.133196721,7.158797321800159,0.287292817,0.8037142236134969,63.537373712153226,2.1884222234199364,0.31477895587736227,96.58527230896726,"19928"
"Luke Williams","PHI","AA",22,504,0.097222222,0.224206349,0.433628318,0.238095238,0.319361277,0.394557823,0.7139191,0.156462585,7.259171446801485,0.291925465,2.5659215336781926,60.06500560000964,5.532604276691157,0.3243508995771408,102.27017538530707,"19931"
"Aaron Whitefield","MIN","AA",22,110,0.036363636,0.336363636,0.108108108,0.137254901,0.174311926,0.176470588,0.350782514,0.039215687,8.728410870261301,0.208955223,0.9682717956602573,-0.19389369280067417,-12.341576672503624,0.1658120385003746,-3.817634241106828,"19938"
"Cristian Pache","ATL","AA",20,433,0.078521939,0.240184757,0.326923076,0.278061224,0.340277777,0.474489795,0.814767572,0.196428571,5.423601005158686,0.35125448,-2.8518919034395367,64.30747365729869,16.489776109922524,0.3674959017616414,136.80475084348546,"19948"
"Andres Gimenez","NYM","AA",20,479,0.050104384,0.212943632,0.235294117,0.25,0.308668076,0.386574074,0.69524215,0.136574074,6.894186902576531,0.305555555,-0.48055715195368975,54.27686172739488,2.4494406284473547,0.3164653415155713,106.98763944618915,"19950"
"Khalil Lee","KCR","AA",21,546,0.119047619,0.282051282,0.422077922,0.263829787,0.362637362,0.372340425,0.734977787,0.108510638,7.106300675103123,0.374193548,5.328216276597232,72.41966702048458,7.7721157521454245,0.3408116674248552,109.85377037481305,"19952"
"Josh Lowe","TBR","AA",21,519,0.113680154,0.25433526,0.446969696,0.252232142,0.341130604,0.441964285,0.783094889,0.189732143,6.831756489120042,0.315614617,2.260375386569649,73.46128148101688,16.146304513145687,0.3581387430836118,127.73165690159165,"19953"
"Gavin Lux","LAD","AA",21,291,0.096219931,0.206185567,0.466666666,0.312741312,0.374570446,0.521235521,0.895805967,0.208494209,6.089351589631924,0.357894736,-0.000527343712747097,50.779800978845515,16.324787390774645,0.3940561695345517,145.22298082193765,"19955"
"Mickey Moniak","PHI","AA",21,504,0.06547619,0.220238095,0.297297297,0.251612903,0.302788844,0.438709677,0.741498521,0.187096774,7.412083445575027,0.307246376,1.8395879760500975,62.52374774804545,7.991346424726967,0.3309114544453497,106.7318566108596,"19956"
"Blake Rutherford","CHW","AA",22,480,0.077083333,0.245833333,0.313559322,0.264840182,0.31875,0.365296803,0.684046803,0.100456621,4.9547327143386255,0.342767295,0.7823486921843141,51.73486914339623,-1.2732020407620936,0.3128267179245219,97.82007210974123,"19957"
"Taylor Trammell","SDP","AA",21,514,0.130350194,0.237354085,0.549180327,0.233944954,0.340466926,0.348623853,0.689090779,0.114678899,6.029508907673846,0.297734627,0.5086235909257084,59.87289569102458,2.050258751439373,0.32342643345840244,91.80421624186988,"19960"
"Colton Welker","COL","AA",21,394,0.081218274,0.172588832,0.470588235,0.252124645,0.312977099,0.407932011,0.72090911,0.155807366,2.6714560521151904,0.28113879,-0.0005367392441257834,46.35518532558982,3.7246969895035527,0.3223016324715737,103.04394062665345,"19961"
"Bobby Dalbec","BOS","AA",24,439,0.154897494,0.250569476,0.618181818,0.233983286,0.371298405,0.454038997,0.825337402,0.220055711,4.139738848405339,0.278260869,-0.344106778036803,68.02958372845336,20.53013098849936,0.37247903173569996,141.03766299415645,"19966"
"Ryan Aguilar","MIL","AA",24,81,0.098765432,0.296296296,0.333333333,0.236111111,0.3125,0.388888888,0.701388888,0.152777777,3.9607588354080905,0.311111111,-0.413400917313993,9.466082311284191,0.520970298957474,0.3250183522701263,105.94224468471457,"19967"
"Jared Oliva","PIT","AA",23,507,0.082840236,0.205128205,0.403846153,0.277404921,0.351888667,0.39821029,0.750098957,0.120805369,7.710818276172955,0.347058823,3.380931284453254,67.35992038640497,12.50292143616198,0.3427520916902758,123.8598331470689,"19968"
"Tres Barrera","WSN","AA",24,403,0.089330024,0.17121588,0.52173913,0.249299719,0.323383084,0.38095238,0.704335464,0.131652661,1.8292657358060687,0.285211267,-0.5818994977744296,47.07083916303527,3.466557946175449,0.32115631240264436,107.08950812746995,"19977"
"Conner Capel","STL","AA",22,368,0.0625,0.228260869,0.273809523,0.231671554,0.282608695,0.351906158,0.634514853,0.120234604,4.714973659033166,0.28,-0.009077043738216162,33.58450957912109,-9.987466367305304,0.28819008900419524,71.93856144063467,"19983"
"Santiago Espinal","TOR","AA",24,409,0.085574572,0.122249388,0.7,0.277929155,0.343209876,0.381471389,0.724681265,0.103542234,3.713625985357442,0.309904153,-2.1895490139140747,50.839128465270484,6.5856519945616405,0.3312422655301519,111.8665642458219,"19997"
"Bryce Johnson","SFG","AA",23,236,0.101694915,0.233050847,0.436363636,0.242857142,0.322033898,0.361904761,0.683938659,0.119047619,5.049478607598813,0.31372549,-1.062543349864427,26.13587210520724,0.6008587871454119,0.3130123719255975,106.01743119731329,"20002"
"Miles Mastrobuoni","TBR","AA",23,430,0.097674418,0.190697674,0.512195121,0.299212598,0.367058823,0.388451443,0.755510266,0.089238845,6.021958762616928,0.37037037,-2.2930549976881593,57.41984516821194,9.933448065736783,0.3473896473222434,120.60071214921857,"20017"
"Kramer Robertson","STL","AA",24,246,0.158536585,0.174796747,0.906976744,0.226804123,0.372950819,0.355670103,0.728620922,0.12886598,6.102607487550705,0.256756756,-0.22811953839845955,33.139324135931936,4.012405432614292,0.34345193158407683,108.4535289611073,"20022"
"Hunter Owen","PIT","AA",25,268,0.063432835,0.279850746,0.226666666,0.295358649,0.369402985,0.565400843,0.934803828,0.270042194,4.6923093183460605,0.369127516,-0.9518615027191117,49.83946170540261,20.842073700145963,0.4141722529121999,172.43102854914167,"20034"
"Isaac Paredes","DET","AA",20,552,0.103260869,0.110507246,0.934426229,0.282426778,0.367753623,0.416317991,0.784071614,0.133891213,3.11916470656778,0.297560975,-0.1777722876286134,79.64628990994868,19.92032655583795,0.3581190737693206,128.54216996728857,"20036"
"Jorge Ona","SDP","AA",22,103,0.106796116,0.252427184,0.423076923,0.348314606,0.417475728,0.539325842,0.95680157,0.191011236,2.426980706303582,0.433333333,-0.08238718193024397,20.35768268909525,8.162265508437862,0.42349455773251726,153.61298707184852,"20040"
"Luis Robert Jr.","CHW","AA",21,244,0.053278688,0.221311475,0.24074074,0.314159292,0.362139917,0.517699115,0.879839032,0.203539823,8.433673910031848,0.384146341,1.7578142790589482,41.715469983255,14.76970046464118,0.39762382914499983,154.07443328561408,"20043"
"Brian Miller","MIA","AA",23,495,0.074747474,0.163636363,0.456790123,0.265033407,0.325910931,0.354120267,0.680031198,0.08908686,6.260446113316152,0.31707317,0.6663244038354605,53.42700870868056,-1.2375646999827135,0.3130312131038751,100.50195326130805,"20047"
"Bligh Madris","PIT","AA",23,514,0.083657587,0.192607003,0.434343434,0.260393873,0.324110671,0.378555798,0.702666469,0.118161925,2.814196375775016,0.313559322,-0.9454023268190213,58.96777517298844,3.3533817599215756,0.3183620953654674,107.27276225448111,"20054"
"Alan Trejo","COL","AA",23,476,0.052521008,0.220588235,0.238095238,0.242562929,0.289978678,0.391304347,0.681283025,0.148741418,2.620403116210799,0.285266457,-0.5391837296192534,51.35714426152323,-0.14567921049978108,0.309176917142197,94.11812609539136,"20056"
"Evan White","SEA","AA",23,400,0.0725,0.23,0.315217391,0.293150684,0.35,0.487671232,0.837671232,0.194520548,4.150208798798481,0.346303501,0.19597538490779698,62.64769349074444,15.286850070715754,0.3713134510732775,141.75125547190584,"20078"
"Mark Contreras","MIN","AA",24,314,0.073248407,0.296178343,0.247311827,0.209964412,0.278846153,0.380782918,0.659629071,0.170818506,6.053233341151477,0.270718232,-1.4159264059271663,31.120342712599832,-3.555770520370403,0.30118886067552963,85.99128188673384,"20122"
"Dylan Carlson","STL","AA",20,483,0.107660455,0.20289855,0.530612244,0.280575539,0.364389233,0.517985611,0.882374844,0.237410072,7.134640257702227,0.314754098,0.47589165018871427,81.44277843949912,24.254560009814472,0.38657466347018876,136.94742421874895,"20126"
"J.J. Matijevic","HOU","AA",23,312,0.086538461,0.310897435,0.278350515,0.245551601,0.314102564,0.423487544,0.737590108,0.177935943,5.78331980556192,0.33898305,1.4698128846939653,38.93836369720198,1.9969058295796007,0.3308477159111928,109.1867717161839,"20165"
"Brendan McKay","TBR","AA",23,90,0.077777777,0.3,0.259259259,0.166666666,0.255555555,0.192307692,0.447863247,0.025641026,2.716793782917873,0.245283018,-0.4285136123653501,3.6405337516181864,-6.298479595411499,0.22246468265851338,37.72555306739,"20186"
"Brandon Marsh","LAA","AA",21,412,0.114077669,0.22330097,0.510869565,0.3,0.383495145,0.427777777,0.811272922,0.127777777,5.245439773345799,0.384030418,1.4177717177662998,62.511370429878134,17.01277599680891,0.3718046302608872,131.86052309933058,"20202"
"Jo Adell","LAA","AA",20,182,0.104395604,0.225274725,0.463414634,0.3081761,0.39010989,0.553459119,0.943569009,0.245283019,5.01561479713509,0.369369369,1.1048153601586819,34.70499314732746,14.606099490000762,0.42409167610681975,166.54772316430385,"20220"
"Kevin Smith","TOR","AA",22,468,0.061965811,0.322649572,0.19205298,0.209302325,0.263383297,0.402325581,0.665708878,0.193023256,4.9088405640777575,0.268939393,-0.0902493642643094,47.211394046092664,-3.4258357541316427,0.2997443286714003,90.44554783037675,"20242"
"Jonathan Arauz","HOU","AA",20,119,0.084033613,0.159663865,0.526315789,0.24074074,0.310924369,0.388888888,0.699813257,0.148148148,4.887714417852871,0.26744186,-0.26878554350696504,13.610105565204973,-0.4797453522535604,0.3175801604735751,100.42006519205052,"20275"
"Ben Rortvedt","MIN","AA",21,226,0.101769911,0.225663716,0.450980392,0.23857868,0.331858407,0.355329949,0.687188356,0.116751269,0.8640109837500001,0.295774647,-0.11699780845083296,25.226527812616734,0.2685609634088575,0.31798135699712643,97.13141554840384,"20287"
"Jake Meyers","HOU","AA",23,100,0.11,0.2,0.55,0.213483146,0.3,0.269662921,0.569662921,0.056179775,4.944248567374082,0.264705882,-0.6917142244055867,7.7916792491316444,-4.048531605875526,0.27121684968471527,69.78491608080597,"20308"
"Stuart Fairchild","CIN","AA",23,179,0.106145251,0.12849162,0.826086956,0.274509803,0.379888268,0.444444444,0.824332712,0.169934641,4.629032270098227,0.301587301,-0.27289132541045547,28.1253840064086,8.357790793982888,0.37904966413305047,130.2061106790856,"20321"
"Alex Kirilloff","MIN","AA",21,411,0.07055961,0.184914841,0.381578947,0.282666666,0.343065693,0.413333333,0.756399026,0.130666667,4.05489641149315,0.333333333,-1.1413364477921277,54.85224920218272,9.46408825074716,0.34729024956866006,116.57492022272045,"20325"
"Luis Gonzalez","CHW","AA",23,535,0.087850467,0.16635514,0.528089887,0.247357293,0.31588785,0.359408033,0.675295883,0.11205074,5.682670595297076,0.28051948,-0.35350574809126556,56.99363007621714,-2.0882825977926625,0.3111480260163211,96.70642873736962,"20332"
"Ernie Clement","CLE","AA",23,437,0.059496567,0.075514874,0.787878787,0.261421319,0.314087759,0.322335025,0.636422784,0.060913706,5.482385876112698,0.278688524,-0.6128501839120872,41.82493933037677,-5.458114991627542,0.2927919697816598,92.90279933240778,"20352"
"Luis Garcia Jr.","WSN","AA",19,553,0.03074141,0.15551537,0.197674418,0.257142857,0.28021978,0.337142857,0.617362637,0.08,5.602085014593729,0.299086757,0.27686245302902535,47.466947315267795,-12.36721524781776,0.2795135421412332,78.76922577518468,"20391"
"Jared Young","CHC","AA",23,504,0.06547619,0.21031746,0.311320754,0.235164835,0.296812749,0.318681318,0.615494067,0.083516483,3.488707871855106,0.29226361,-0.013685292331501842,44.59799563315567,-11.060479110210576,0.286934407171375,75.4947745412858,"20404"
"Royce Lewis","MIN","AA",20,148,0.074324324,0.222972972,0.333333333,0.231343283,0.29054054,0.358208955,0.648749495,0.126865672,6.4339796328197325,0.287128712,0.3647859438788146,14.314157163101623,-2.029998118680528,0.2979785159632966,83.86154081016049,"20437"
"Jazz Chisholm Jr.","MIA","AA",21,458,0.113537117,0.320960698,0.353741496,0.220253164,0.320960698,0.440506329,0.761467027,0.220253165,6.979488543022121,0.286956521,1.436370255658403,61.36933137409267,10.790796785874932,0.3480065269761731,118.88396106031952,"20454"
"Irving Lopez","STL","AA",24,338,0.059171597,0.186390532,0.317460317,0.254966887,0.330357142,0.430463576,0.760820718,0.175496689,5.124097972661977,0.292576419,-0.36788321658968925,45.06766460271965,5.047751912795415,0.34170135873520446,107.29681561724085,"20463"
"Seth Beer","HOU","AA",22,381,0.083989501,0.217847769,0.385542168,0.273291925,0.377952755,0.481366459,0.859319214,0.208074534,1.638965275570542,0.315555555,-0.5917732312809676,63.08127139378744,18.77489935476738,0.3828175093332926,143.07429548100453,"20493"
"Scott Hurst","STL","AA",23,161,0.105590062,0.285714285,0.369565217,0.191489361,0.278481012,0.276595744,0.555076756,0.085106383,3.593920249812516,0.276595744,0.13393488759174943,11.399181436597635,-7.6635580399639105,0.2621684696855424,54.74444448955368,"20501"
"William Contreras","ATL","AA",21,209,0.071770334,0.191387559,0.375,0.246073298,0.306220095,0.340314136,0.646534231,0.094240838,1.74243340875,0.295302013,-0.10311671253293753,20.719459002150202,-2.3611386592854036,0.3012248223478144,92.840549903111,"20503"
"Drew Waters","ATL","AA",20,454,0.061674008,0.266519823,0.231404958,0.319047619,0.365638766,0.48095238,0.846591146,0.161904761,6.7907904126062775,0.43581081,0.04874850157648325,72.3655136668492,22.228713005166114,0.38209662676910167,146.4908645114817,"20505"
"Nick Madrigal","CHW","AA",22,180,0.077777777,0.027777777,2.8,0.341463414,0.4,0.451219512,0.851219512,0.109756098,7.0071891196878795,0.348101265,0.36376329930499196,29.84384503783027,9.965818343770897,0.3906908538606432,149.4751009492147,"20521"
"Nolan Jones","CLE","AA",21,211,0.146919431,0.298578199,0.492063492,0.252808988,0.369668246,0.466292134,0.83596038,0.213483146,5.77133918303192,0.345794392,0.385230851767119,33.50978655326661,10.679753459575737,0.3776555365040189,150.61654306060345,"20529"
"Mickey McDonald","OAK","AA",24,174,0.08045977,0.275862068,0.291666666,0.243589743,0.308139534,0.282051282,0.590190816,0.038461539,3.3799193094830953,0.348623853,-0.11619707313366234,14.413588634988368,-6.188378252724111,0.2774741861016251,67.05257676289055,"20533"
"Vidal Brujan","TBR","AA",21,233,0.085836909,0.150214592,0.571428571,0.265700483,0.336206896,0.391304347,0.727511243,0.125603864,8.169304794181093,0.304093567,1.5820906250737607,28.95005571371053,3.219054493067009,0.33492809534072876,112.33372479681513,"20536"
"Elehuris Montero","STL","AA",20,238,0.058823529,0.310924369,0.189189189,0.1875,0.235294117,0.316964285,0.552258402,0.129464285,1.9735797499978265,0.244755244,-0.49210264603607357,14.752365608073783,-13.427336226843286,0.2509538776734296,47.334259740724235,"20543"
"CJ Alexander","ATL","AA",22,78,0.102564102,0.32051282,0.32,0.102941176,0.194805194,0.205882352,0.400687546,0.102941176,1.4409340587500001,0.119047619,-0.02379616443067789,1.6301771821014328,-6.9836343853242955,0.19622641879242736,23.184661495106106,"20557"
"Kody Clemens","DET","AA",23,54,0.111111111,0.333333333,0.333333333,0.170212765,0.277777777,0.276595744,0.554373521,0.106382979,1.4409340587500001,0.25,-0.0031092956196516752,4.05728987396327,-1.7854674106779962,0.26512369734269603,65.29817103718916,"20572"
"Oscar Gonzalez","CLE","AA",21,100,0.03,0.17,0.176470588,0.1875,0.21,0.270833333,0.480833333,0.083333333,1.39285714,0.215189873,-0.003886619524564594,4.000760806247322,-6.819160091236504,0.2178843379020691,41.95985601105812,"20970"
"Tyler Payne","CHC","AA",26,80,0.0625,0.175,0.357142857,0.246575342,0.2875,0.356164383,0.643664383,0.109589041,1.79058440875,0.283333333,-0.033711232943460345,7.442724759988768,-1.3919537707042864,0.29303539767861364,79.5421685926281,"21139"
"Lars Nootbaar","STL","AA",21,110,0.145454545,0.2,0.727272727,0.268817204,0.372727272,0.311827956,0.684555228,0.043010752,4.134016278331662,0.347222222,-0.28627336816862226,13.21904924840388,0.19481730789599236,0.3249600399624218,96.23477565079592,"21454"
"Nico Hoerner","CHC","AA",22,294,0.071428571,0.105442176,0.677419354,0.283582089,0.343537414,0.399253731,0.742791145,0.115671642,5.632907065160055,0.310638297,-0.10413935710676014,38.09509343611233,5.627649835815351,0.3420759080624094,112.07561865564122,"21479"
"Trevor Larnach","MIN","AA",22,181,0.121546961,0.276243093,0.44,0.294871794,0.386740331,0.455128205,0.841868536,0.160256411,1.46457844625,0.39,-0.11699780845083296,29.55955941787126,9.571099242178224,0.387353600059425,143.1529269022547,"21501"
"Jonathan India","CIN","AA",22,145,0.151724137,0.179310344,0.846153846,0.27027027,0.413793103,0.378378378,0.792171481,0.108108108,5.257533522712096,0.313953488,0.6949002856854349,22.073604562147032,6.060749725265872,0.3724825452599261,125.84948730292966,"21523"
"Joey Bart","SFG","AA",22,87,0.08045977,0.24137931,0.333333333,0.316455696,0.367816091,0.544303797,0.912119888,0.227848101,3.5442282502019196,0.381818181,-0.7622072951635346,15.318505640341524,5.9051744595305955,0.400867645130601,165.76576512620375,"21524"
"Cal Raleigh","SEA","AA",22,159,0.088050314,0.295597484,0.29787234,0.227586206,0.295597484,0.413793103,0.709390587,0.186206897,0.92410714,0.285714285,-0.06412202375940979,18.073036311883342,-0.7528989475780584,0.31668511862996257,105.65488785655188,"21534"
"Alec Bohm","PHI","AA",22,270,0.103703703,0.14074074,0.736842105,0.268907563,0.344444444,0.5,0.844444444,0.231092437,3.2699591925778804,0.264550264,-0.3738671477767639,42.749893869604534,13.536107446398205,0.3770083992569535,138.08131978171093,"21618"
"Nick Maton","PHI","AA",22,72,0.125,0.194444444,0.642857142,0.209677419,0.305555555,0.354838709,0.660394264,0.14516129,2.244356086770697,0.234042553,-0.18239918444305658,7.2177318118049465,-0.5726112343834081,0.29889337613549033,84.95710405667948,"21635"
"Oneil Cruz","PIT","AA",20,136,0.110294117,0.257352941,0.428571428,0.268907563,0.345588235,0.411764705,0.75735294,0.142857142,6.1422236501615926,0.364705882,0.21293687808793038,17.686334885755397,2.9712424651773945,0.3389688650767008,121.28694846080661,"21711"
"Freddy Fermin","KCR","AA",24,112,0.026785714,0.205357142,0.130434782,0.252336448,0.27027027,0.364485981,0.634756251,0.112149533,2.2578344714909377,0.292682926,-0.8715059775859118,9.83339484696548,-3.4276413106425543,0.2837843395568229,72.17223592596653,"21840"
"Jeter Downs","LAD","AA",20,56,0.107142857,0.178571428,0.6,0.333333333,0.428571428,0.6875,1.116071428,0.354166667,5.2931066317178015,0.333333333,0.16696744528599083,13.731683481083195,7.101165402279179,0.483984642795154,204.6443668448505,"22202"
"Mason McCoy","BAL","AA",24,471,0.076433121,0.178343949,0.428571428,0.265734265,0.326226012,0.342657342,0.668883354,0.076923077,6.552590234054071,0.325581395,0.8312965061631985,50.37318542919804,-0.588641997950774,0.30790779865118484,91.91235762267866,"22232"
"Taylor Walls","TBR","AA",22,243,0.106995884,0.209876543,0.509803921,0.27014218,0.345679012,0.478672985,0.824351997,0.208530805,8.15636765786161,0.320754716,-0.5928816441446543,36.15707613833623,9.321740101356077,0.3678695951118942,134.1870992706682,"22458"
"Heliot Ramos","SFG","AA",19,106,0.094339622,0.311320754,0.303030303,0.242105263,0.320754716,0.421052631,0.741807347,0.178947368,5.151847585212799,0.33898305,-0.7409789650700986,13.629329495686479,2.1602133443536227,0.3369946969005297,122.32725425881408,"22515"
"Jarred Kelenic","SEA","AA",19,92,0.086956521,0.184782608,0.470588235,0.253012048,0.315217391,0.542168674,0.857386065,0.289156626,6.4388610999693725,0.245901639,0.5650243596173823,14.503289541907623,3.610295555301025,0.3726173600424891,142.61282995870636,"22558"
"Luis Vazquez","CHC","AA",19,89,0.04494382,0.191011235,0.235294117,0.207317073,0.252873563,0.219512195,0.472385758,0.012195122,5.4045342180783615,0.261538461,0.5583567211870104,3.8411072428283837,-5.987472622567639,0.22609917322794595,35.13671076745849,"23442"
"Ryan Dorow","TEX","AA",23,211,0.094786729,0.312796208,0.303030303,0.213114754,0.312796208,0.327868852,0.64066506,0.114754098,6.192234432244765,0.307017543,0.0787509884685278,21.1419851236972,-3.8408597803679334,0.2995561409335566,82.58207769903683,"23559"
"Jarren Duran","BOS","AA",22,352,0.065340909,0.238636363,0.273809523,0.25,0.309455587,0.325,0.634455587,0.075,8.096789053142603,0.334745762,2.55091179482406,33.07481549177756,-5.011306067365507,0.2904430062695264,85.24686450315876,"24617"
"Ryan Jeffers","MIN","AA",22,99,0.09090909,0.191919191,0.47368421,0.287356321,0.373737373,0.48275862,0.856495993,0.195402299,1.39285714,0.328125,-0.055524383671581745,16.51251752346661,5.579602841733954,0.39202482230735547,146.25181340541187,"24618"
"Owen Miller","SDP","AA",22,560,0.082142857,0.153571428,0.53488372,0.289940828,0.355357142,0.429980276,0.785337418,0.140039448,3.5935098551158733,0.327628361,-1.3633586338255554,80.5055270250648,14.200346237024629,0.35495844840576907,108.32687844403274,"24655"
"Vinny Capra","TOR","AA",22,435,0.075862068,0.190804597,0.397590361,0.229381443,0.295348837,0.30927835,0.604627187,0.079896907,5.640583204407777,0.281045751,1.4602980842464603,37.590416758405574,-9.47623914564907,0.2802927245927411,77.21696298228929,"25040"
"Drew Avans","LAD","AA",23,241,0.078838174,0.265560165,0.296875,0.286363636,0.345833333,0.413636363,0.759469696,0.127272727,6.557261922769801,0.38,1.2056903736665845,32.71736867317957,4.182460512612284,0.34477974971135456,112.66295775053408,"25183"
"Chris Parmelee","LAD","AA",31,328,0.158536585,0.277439024,0.571428571,0.236162361,0.356707317,0.457564575,0.814271892,0.221402214,2.4553571400000003,0.285714285,-0.1709920633584261,49.360351472465766,10.524459868042245,0.3635166417235977,125.04359819466468,"2554"
"Braden Shewmake","ATL","AA",21,52,0.076923076,0.211538461,0.363636363,0.217391304,0.288461538,0.217391304,0.505852842,0,6.184911480936455,0.277777777,0.3702548004221171,3.033962938748135,-2.70857810620235,0.24648102200948274,56.523540136525,"25817"
"Tony Sanchez","TEX","AA",31,256,0.0625,0.21484375,0.29090909,0.245614035,0.31640625,0.346491228,0.662897478,0.100877193,1.44800419625,0.302325581,-0.12824404751881957,26.86384090340019,-3.447098885418168,0.3055819689761847,86.56372045628763,"6178"
"Josh Thole","LAD","AA",32,74,0.094594594,0.216216216,0.4375,0.292307692,0.364864864,0.338461538,0.703326402,0.046153846,1.2005494462500002,0.38,-0.04663419909775257,9.041661222858325,0.27990519015301824,0.32751825693491343,101.25720617474268,"9689"
"Ivan De Jesus Jr.","MIN","AA",32,80,0.15,0.1375,1.09090909,0.223880597,0.35,0.343283582,0.693283582,0.119402985,0.76785714,0.24074074,-0.04759232886135578,9.710196026786518,0.8755174960934641,0.3310740664601326,105.81711245838126,"9886"
"Brandon Sandoval","LAA","AA",24,291,0.051546391,0.226804123,0.227272727,0.283582089,0.326460481,0.343283582,0.669744063,0.059701493,4.789677828775702,0.362745098,0.08594557736068964,30.791878590536836,-1.3442645648591505,0.31018692787570235,90.98337015256193,"sa3002728"
"Brock Lundquist","TOR","AA",23,413,0.089588377,0.254237288,0.352380952,0.232432432,0.307506053,0.351351351,0.658857404,0.118918919,4.875943102623935,0.306513409,-0.516659859684296,42.742668961217525,-1.9436043453906755,0.3032597711819425,92.83631875812263,"sa3002834"
"Evan Mendoza","STL","AA",23,223,0.062780269,0.197309417,0.318181818,0.247572815,0.292792792,0.310679611,0.603472403,0.063106796,4.964616477421075,0.306748466,0.4806940860580653,18.409595301520454,-7.994074905145541,0.2771149213249619,64.62050309854419,"sa3002836"
"Zach Jarrett","BAL","AA",24,98,0.040816326,0.25510204,0.16,0.206521739,0.244897959,0.260869565,0.505767524,0.054347826,2.0225281488844695,0.279411764,-0.1831765083479695,5.036925921832008,-5.566596557702141,0.23320108043904209,41.10605102734027,"sa3002883"
"Luke Burch","DET","AA",25,137,0.05109489,0.350364963,0.145833333,0.323076923,0.357664233,0.353846153,0.711510386,0.03076923,4.3853820160941615,0.512195121,0.23183323646662757,16.5644046822748,1.7411130527219598,0.3266793759199825,107.1607605515736,"sa3003950"
"Ernie De La Trinidad","MIN","AA",23,148,0.114864864,0.216216216,0.53125,0.204918032,0.310344827,0.286885245,0.597230072,0.081967213,2.9857049949406287,0.252747252,-1.239931521937251,13.03773596502034,-3.3064193167618097,0.286403921143762,76.18296039543944,"sa3003955"
"Cullen Large","TOR","AA",23,99,0.01010101,0.313131313,0.032258064,0.234042553,0.272727272,0.329787234,0.602514506,0.095744681,6.956205006525,0.349206349,0.39455873862607405,8.130427910850228,-2.5812937776587583,0.2745245803486217,73.29418184605095,"sa3003959"
"Chase Pinder","STL","AA",23,56,0.089285714,0.339285714,0.263157894,0.16,0.236363636,0.16,0.396363636,0,1.4409340587500001,0.258064516,-0.02526019117794931,1.1287951819590951,-5.501722896844921,0.1977559360590848,12.183041114673847,"sa3003961"
"Jake Adams","HOU","AA",23,108,0.055555555,0.287037037,0.193548387,0.25510204,0.305555555,0.520408163,0.825963718,0.265306123,3.6847548765741993,0.29032258,0.15919507876969874,15.924073802575542,3.1366460791677966,0.359645492500729,128.21527000247818,"sa3003962"
"Ryan Grotjohn","ARI","AA",24,261,0.09578544,0.25670498,0.373134328,0.229074889,0.319230769,0.348017621,0.66724839,0.118942732,6.639659453813467,0.3081761,0.0822507799603045,27.99271155219808,-0.8304271541880088,0.3121164851463758,93.82964557352157,"sa3003964"
"Cole Peterson","DET","AA",23,142,0.02112676,0.197183098,0.107142857,0.218978102,0.235714285,0.270072992,0.505787277,0.05109489,5.78948726046986,0.275229357,-0.1635028260643594,6.956944614229934,-8.407343060197098,0.22996732337134226,41.38913638120487,"sa3003965"
"Joey Morgan","DET","AA",22,62,0.080645161,0.258064516,0.3125,0.148148148,0.229508196,0.166666666,0.396174862,0.018518518,0.47939559625,0.205128205,-0.0033684035879559815,1.45140341721734,-5.256947539222632,0.19556349320489852,17.991889315328727,"sa3004032"
"Zane Gurwitz","LAA","AA",24,116,0.094827586,0.258620689,0.366666666,0.203883495,0.284482758,0.27184466,0.556327418,0.067961165,4.491784046411009,0.273972602,0.544475625269115,8.438283277217948,-4.372000592286979,0.2658045821148774,61.54014417083793,"sa3004062"
"Ryan Costello","MIN","AA",23,153,0.150326797,0.294117647,0.511111111,0.240310077,0.352941176,0.472868217,0.825809393,0.23255814,3.48062309625,0.307692307,-0.07932054810225964,23.62641256958866,6.730089879638191,0.375420649456822,135.23661344026306,"sa3004071"
"Jordan Gore","MIN","AA",24,338,0.076923076,0.23964497,0.320987654,0.203947368,0.271641791,0.269736842,0.541378633,0.065789474,2.425161363909039,0.265765765,-0.9133030229713768,22.434587219601912,-14.891929572576242,0.2572565644534666,56.84661854395073,"sa3004127"
"Laz Rivera","CHW","AA",24,455,0.037362637,0.178021978,0.209876543,0.247641509,0.286666666,0.318396226,0.605062892,0.070754717,4.00507788768962,0.300291545,-2.4618069659918547,38.13338404640244,-12.113850096914307,0.2806556220849355,76.47778321881182,"sa3004128"
"Austin Listi","PHI","AA",25,251,0.143426294,0.175298804,0.818181818,0.220095693,0.338645418,0.363636363,0.702281781,0.14354067,2.9640607734120104,0.242236024,-0.5741262587253004,29.716943246651663,2.5589417939672616,0.323298724061514,101.55461521724772,"sa3004170"
"Chad Spanberger","TOR","AA",23,480,0.089583333,0.24375,0.367521367,0.236658932,0.308333333,0.399071925,0.707405258,0.162412993,2.9127840187060716,0.292763157,-0.36170759657397866,55.931767983628475,3.99614767570611,0.32078437653364367,104.75439645941456,"sa3004242"
"Renae Martinez","ARI","AA",25,100,0.07,0.2,0.35,0.222222222,0.28,0.266666666,0.546666666,0.044444444,1.60119047125,0.277777777,-0.04759232886135578,6.680813859042373,-4.362534304323945,0.2578385108709335,57.821664584092616,"sa3004255"
"Michael Osinski","BOS","AA",23,61,0.114754098,0.295081967,0.388888888,0.192307692,0.295081967,0.269230769,0.564312736,0.076923077,3.8560924337499998,0.285714285,-0.003886619524564594,4.695345963657282,-1.904805783807852,0.26759529016057,69.7086626196471,"sa3004298"
"Eric Peterson","LAD","AA",25,57,0.122807017,0.315789473,0.388888888,0.244897959,0.350877192,0.408163265,0.759040457,0.163265306,7.262980383445891,0.344827586,0.3689105398952961,7.568358023177236,0.8194378358231479,0.3409915789961815,110.15987562064309,"sa3004405"
"Brett Pope","PIT","AA",23,317,0.082018927,0.182965299,0.448275862,0.251773049,0.324840764,0.333333333,0.658174097,0.081560284,4.371355417204404,0.30941704,0.24373367970110849,33.039500046626635,-1.259649198397094,0.3042447130900983,97.67185795335473,"sa3004513"
"Ryan Peurifoy","PIT","AA",24,53,0.113207547,0.358490566,0.315789473,0.106382978,0.207547169,0.170212765,0.377759934,0.063829787,3.629384878631564,0.148148148,-0.380844539613463,1.0019497571389484,-4.732608318527479,0.1895051362379542,19.64013256534394,"sa3004686"
"Chris Sharpe","PIT","AA",23,258,0.065891472,0.259689922,0.253731343,0.216450216,0.278431372,0.428571428,0.7070028,0.212121212,4.8008798504918015,0.25,-0.7464202324044891,29.386218700076494,1.470822784568224,0.317255020609089,106.51986638590876,"sa3004726"
"Brett Netzer","BOS","AA",23,512,0.087890625,0.25,0.3515625,0.246696035,0.319526627,0.356828193,0.67635482,0.110132158,2.8798352464463637,0.323987538,-0.9461796507239342,55.81385111006243,0.415856114945239,0.3106807650549138,99.0100949362388,"sa3004804"
"Logan Warmoth","TOR","AA",23,254,0.086614173,0.291338582,0.297297297,0.2,0.289682539,0.277272727,0.566955266,0.077272727,7.283440165692849,0.295302013,1.628205745771993,19.50571316802832,-7.976885911580597,0.26735492263521465,68.41826390067152,"sa3004813"
"Robbie Glendinning","PIT","AA",23,213,0.112676056,0.305164319,0.369230769,0.260869565,0.345971563,0.391304347,0.73727591,0.130434782,3.7168559291502894,0.370689655,0.006459175900090486,27.23525727063376,4.188825758993208,0.3360351508571988,119.29179745342513,"sa3004978"
"Jimmy Kerrigan","MIN","AA",25,309,0.048543689,0.249190938,0.194805194,0.208633093,0.27124183,0.345323741,0.616565571,0.136690648,6.012555204736804,0.251282051,0.5558312474749982,26.806104904676033,-7.31784092012589,0.28460332370195235,74.98844495303776,"sa3005235"
"Taylor Grzelakowski","MIN","AA",25,226,0.110619469,0.225663716,0.490196078,0.183673469,0.278761061,0.25510204,0.533863101,0.071428571,3.9960822311211173,0.238095238,0.0988663041498512,14.682933714416821,-10.275033134791057,0.2553699096043905,55.59501266060656,"sa3005298"
"Lorenzo Quintana","HOU","AA",30,179,0.044692737,0.217877094,0.205128205,0.321428571,0.363128491,0.601190476,0.964318967,0.279761905,5.336085542647235,0.364406779,0.12033324618823826,35.24911494466997,14.055137514207134,0.4225725085375695,169.79509867764457,"sa3005394"
"Christian Donahue","CHC","AA",24,370,0.072972972,0.205405405,0.355263157,0.208459214,0.26721763,0.290030211,0.557247841,0.081570997,5.058620139320476,0.2578125,0.09784365957602859,25.473733513947327,-15.386654690508047,0.26057604111258975,58.0086476799418,"sa3005401"
"Justin Toerner","STL","AA",22,199,0.140703517,0.276381909,0.509090909,0.210843373,0.338383838,0.367469879,0.705853717,0.156626506,5.333156709642144,0.269230769,0.6577654141001403,24.284537977766753,0.7225183763024836,0.32732524696340415,97.7976163522297,"sa3006735"
"Trey Harris","ATL","AA",23,156,0.025641025,0.211538461,0.121212121,0.280821917,0.318181818,0.410958904,0.729140722,0.130136987,4.841361106500738,0.351351351,-0.6471121532376856,19.16304905240208,1.9354259175506265,0.33303698084571143,113.94471994107145,"sa3006876"
"Chase Calabuig","OAK","AA",23,476,0.132352941,0.212184873,0.623762376,0.280397022,0.3802521,0.359801488,0.740053588,0.079404466,4.335558698102817,0.359735973,-0.5586951051373035,64.38921869925063,8.029815029416495,0.3441625930133619,111.11779244682529,"sa3006927"
"Greyson Jenista","ATL","AA",22,256,0.10546875,0.29296875,0.36,0.243243243,0.32421875,0.337837837,0.662056587,0.094594594,2.4822966202887646,0.333333333,-1.2922412927728146,26.984839882634123,-1.2861314155836496,0.30964408279396594,98.42588307254063,"sa3007044"
"Max Burt","NYY","AA",22,78,0.051282051,0.243589743,0.210526315,0.25,0.294871794,0.291666666,0.58653846,0.041666666,1.8988873493065004,0.333333333,-0.38343561929650605,6.200330174099025,-2.239208125938358,0.2709822096885779,78.87579378537237,"sa3007631"
"Clayton Daniel","CHC","AA",24,88,0.056818181,0.102272727,0.555555555,0.303797468,0.352941176,0.379746835,0.732688011,0.075949367,4.528940883035714,0.342857142,-0.4384286808781326,11.16447254501498,1.4463261612526221,0.3384440905907575,109.66627276125165,"sa3007646"
"Michael Davis","MIN","AA",23,71,0.084507042,0.436619718,0.193548387,0.15625,0.239436619,0.328125,0.567561619,0.171875,7.834945500498278,0.28125,0.17818685225211084,4.975450779955204,-2.8653264160348817,0.2622252282961993,60.14282765234647,"sa3008248"
"Victor Mesa","MIA","AA",22,113,0.026548672,0.14159292,0.1875,0.177570093,0.2,0.196261682,0.396261682,0.018691589,5.158685511265879,0.208791208,0.5603397348895669,1.4973528030214098,-10.981630621582529,0.18596123619513077,16.203794128876766,"sa3008602"
"Martin Cervenka","BAL","AA",26,179,0.072625698,0.307262569,0.236363636,0.20625,0.268156424,0.2875,0.555656424,0.08125,3.1924544230474883,0.276190476,0.3888583633233793,12.48655089760345,-6.881107508892597,0.25789171890173546,57.8975816659644,"sa492636"
"Francisco Diaz","NYY","AA",29,51,0.196078431,0.196078431,1,0.256410256,0.42,0.256410256,0.676410256,0,1.39285714,0.344827586,-0.005441267334390432,6.561653270124363,1.043493612407611,0.337104012966156,123.8436988192633,"sa505229"
"Anderson Feliz","BAL","AA",27,157,0.108280254,0.229299363,0.472222222,0.284671532,0.363057324,0.445255474,0.808312798,0.160583942,4.0309744662764855,0.36,0.2328696683398448,23.418986938486494,6.43171112943689,0.3646800430716982,130.52184449564464,"sa505526"
"Ali Castillo","PHI","AA",30,60,0.116666666,0.166666666,0.7,0.372549019,0.448275862,0.56862745,1.016903312,0.196078431,5.460492320926921,0.45,-0.3611708573298529,12.694351699159027,6.202399160668732,0.4486050668515657,186.77255307463784,"sa507143"
"Levi Michael","SFG","AA",28,89,0.06741573,0.191011235,0.352941176,0.205128205,0.284090909,0.282051282,0.566142191,0.076923077,6.845219044176952,0.258064516,0.5948178495746106,6.709270227719063,-2.920459371041541,0.2654599797996608,73.67815206004009,"sa526207"
"Rodrigo Vigil","MIA","AA",26,128,0.046875,0.1875,0.25,0.206896551,0.275590551,0.258620689,0.53421124,0.051724138,3.8682999390357597,0.252747252,0.33852658118121326,8.45425590165788,-5.681229747451006,0.25681952885755405,63.21115004426371,"sa547818"
"Gioskar Amaya","CHC","AA",26,295,0.054237288,0.240677966,0.225352112,0.245353159,0.300341296,0.342007434,0.64234873,0.096654275,3.24339088587823,0.323232323,0.07110411231406033,27.884847147620718,-4.69302993430992,0.29503620981760453,80.86950636501065,"sa547898"
"Erick Salcedo","LAA","AA",26,262,0.053435114,0.145038167,0.368421052,0.207317073,0.248091603,0.296747967,0.54483957,0.089430894,5.689553817310433,0.235576923,0.7028323404956609,16.270506779569125,-12.663065408450628,0.25152145496761524,52.0647247644636,"sa548029"
"Matt Lipka","NYY","AA",27,255,0.047058823,0.231372549,0.20338983,0.256521739,0.302419354,0.369565217,0.671984571,0.113043478,8.144062112412152,0.333333333,0.7157101309276186,26.64194335228502,-0.9488549362987354,0.30458448659027776,101.72792306404457,"sa548175"
"Kellin Deglan","NYY","AA",27,255,0.066666666,0.286274509,0.232876712,0.265217391,0.333333333,0.434782608,0.768115941,0.169565217,3.6781731388724905,0.353333333,0.18367620097706094,34.97013131112935,7.379333022545589,0.34850510639302873,131.5973180657,"sa548189"
"Roberto Pena","LAA","AA",27,74,0.148648648,0.148648648,1,0.258064516,0.378378378,0.322580645,0.700959023,0.064516129,1.13822750875,0.31372549,-0.04759232886135578,9.318941895252575,1.1468642543614997,0.33718609407141403,108.89460350427305,"sa548359"
"Hunter Jones","WSN","AA",27,174,0.08045977,0.281609195,0.285714285,0.167741935,0.252873563,0.251612903,0.504486466,0.083870968,4.464024617830278,0.221153846,0.034165205201134086,9.576095130223747,-9.25056723139811,0.23809323386649864,50.600234661109134,"sa548556"
"Chace Numata","DET","AA",26,258,0.062015503,0.186046511,0.333333333,0.239316239,0.290697674,0.354700854,0.645398528,0.115384615,3.40756302125,0.278074866,-0.014510046225041151,24.05403478721212,-3.8613611282961475,0.289461501641199,81.84974734302808,"sa549139"
"Ryan Casteel","ATL","AA",28,458,0.093886462,0.264192139,0.3553719,0.262773722,0.334061135,0.476885644,0.810946779,0.214111922,1.76785714,0.32103321,-0.21416547987610102,67.85620776286625,17.277673174648505,0.36701484321243655,136.48561684252468,"sa549286"
"Michael O'Neill","MIL","AA",27,319,0.068965517,0.257053291,0.268292682,0.29109589,0.347003154,0.373287671,0.720290825,0.082191781,5.774914722612016,0.390243902,1.6470367417205125,39.67337871684789,4.445098075709338,0.3350939634094479,109.17339489955108,"sa550175"
"Damek Tomscha","CHW","AA",27,174,0.06321839,0.195402298,0.323529411,0.269230769,0.333333333,0.41025641,0.743589743,0.141025641,4.515001994664937,0.316666666,0.3107643893454224,22.43437790398047,3.2189520997230745,0.341214381072713,116.65243364532749,"sa550391"
"Barrett Barnes","NYM","AA",27,374,0.125668449,0.256684491,0.489583333,0.228295819,0.350267379,0.398713826,0.748981205,0.170418007,2.4706581908261684,0.286407766,-0.7391837325994857,50.33348900899649,9.86698485240698,0.3450674601598336,126.43927704844747,"sa577859"
"Wilson Garcia","CLE","AA",25,275,0.054545454,0.127272727,0.428571428,0.26848249,0.310218978,0.474708171,0.784927149,0.206225681,1.122586865,0.276995305,-0.012955398415215313,37.69016130565832,7.935378837577797,0.3483939749353072,130.71643361801392,"sa596287"
"Jeffrey Baez","ARI","AA",25,397,0.078085642,0.272040302,0.287037037,0.241666666,0.308080808,0.422222222,0.73030303,0.180555556,4.098522443464151,0.302521008,0.47083288826979697,48.61693740873227,4.774845200167987,0.3325279913275375,107.37062856612782,"sa597088"
"Alfredo Reyes","PIT","AA",25,172,0.116279069,0.325581395,0.357142857,0.175675675,0.286549707,0.25,0.536549707,0.074324325,5.076665240479488,0.274725274,-0.5018907054909505,12.20532746956419,-6.40493647410799,0.2595107771499812,67.24934550760786,"sa597093"
"Bryan Mejia","WSN","AA",25,79,0.012658227,0.367088607,0.034482758,0.181818181,0.192307692,0.298701298,0.49100899,0.116883117,9.28466878077107,0.276595744,0.5974089292576537,3.214691318632699,-5.333046190379523,0.21880510602241907,37.4828262091192,"sa597100"
"Alberto Triunfel","STL","AA",25,234,0.068376068,0.26068376,0.262295081,0.188679245,0.247826086,0.245283018,0.493109104,0.056603773,3.0342854599562186,0.263157894,-1.5371826773043722,10.945599181665962,-16.76049421905082,0.23161094992057138,34.55317344912092,"sa597103"
"Deiner Lopez","BOS","AA",25,92,0.02173913,0.413043478,0.052631578,0.168539325,0.186813186,0.258426966,0.445240152,0.089887641,5.831003583981574,0.28,0.5971498212893493,2.5745013463311395,-7.37982587935398,0.2017145844606253,24.904722457213285,"sa597152"
"Angelo Mora","LAD","AA",26,184,0.092391304,0.211956521,0.435897435,0.29090909,0.355191256,0.412121212,0.767312468,0.121212122,5.663728713611527,0.357723577,0.27020129142329097,25.487333380160464,3.7013454069472664,0.34829179739040106,114.98358806150063,"sa597177"
"Hamlet Marte","SFG","AA",25,210,0.076190476,0.314285714,0.242424242,0.187165775,0.254807692,0.256684491,0.511492183,0.069518716,3.03778607777162,0.270491803,-0.7464202324044891,11.843437987926423,-10.87839589678961,0.23992524897822967,56.31257378287516,"sa597218"
"Dante Bichette","WSN","AA",26,280,0.067857142,0.135714285,0.5,0.296875,0.34767025,0.40234375,0.750014,0.10546875,5.170789560654451,0.339449541,0.2015361274825409,36.62445918460741,6.3286806716527,0.339984270620517,119.89396588808377,"sa597776"
"Granden Goetzman","HOU","AA",26,347,0.097982708,0.256484149,0.382022471,0.225490196,0.302593659,0.421568627,0.724162286,0.196078431,2.1586634178794277,0.260869565,-0.7686605560593307,41.07787467664415,-0.00765699023073461,0.3226794691788668,103.7894984765349,"sa597785"
"Brett Austin","SFG","AA",26,84,0.142857142,0.416666666,0.342857142,0.101449275,0.240963855,0.115942028,0.356905883,0.014492753,0.8336466087500001,0.2,-0.004923051397781819,1.7404754922555559,-7.348258061630857,0.19194626520915203,23.683179561830244,"sa597795"
"Patrick Leonard","MIL","AA",26,403,0.104218362,0.270471464,0.3853211,0.30140845,0.374689826,0.459154929,0.833844755,0.157746479,5.402747991396431,0.404166666,1.181117099011317,63.648535938551106,19.14384284018484,0.3801391033025888,142.5093233532706,"sa597839"
"C.J. McElroy","SFG","AA",26,59,0.101694915,0.237288135,0.428571428,0.188679245,0.27118644,0.245283018,0.516469458,0.056603773,8.812615164260006,0.256410256,0.8183781543630175,3.2255382531148244,-3.1582150764006327,0.23760252985461006,54.73294637112932,"sa597861"
"Dan Gamache","OAK","AA",28,169,0.130177514,0.201183431,0.647058823,0.194444444,0.313609467,0.236111111,0.549720578,0.041666667,1.01785714,0.254545454,-0.09132530656643212,13.153909855219094,-6.856046489743025,0.2711112791969931,62.848204847086684,"sa597966"
"Daniel Lockhart","ATL","AA",26,280,0.067857142,0.192857142,0.351851851,0.236,0.300724637,0.34,0.640724637,0.104,2.9149149080684804,0.279792746,-0.6934728829655796,27.247842553864196,-3.673532303561497,0.29877898420976556,91.2179821055149,"sa598065"
"Aneury Tavarez","BOS","AA",27,81,0.098765432,0.222222222,0.444444444,0.191780821,0.271604938,0.260273972,0.53187891,0.068493151,6.206004610873974,0.254545454,0.21708260558079928,5.237455871424323,-3.5266800555375752,0.251036838248924,58.44764346768393,"sa598684"
"Tanner English","MIN","AA",26,146,0.061643835,0.349315068,0.176470588,0.174242424,0.246575342,0.25,0.496575342,0.075757576,7.927206774331559,0.2625,0.9516562714707106,7.57801353928118,-8.545274779233644,0.2378364617693914,43.963332135501936,"sa599081"
"Austin Davidson","WSN","AA",26,246,0.117886178,0.203252032,0.58,0.225352112,0.325203252,0.356807511,0.682010763,0.131455399,2.6772186055565004,0.275,-1.1503068578895181,27.860557249041463,1.2435518412312516,0.31638658192099595,103.84572503771336,"sa599216"
"Zach Houchins","SFG","AA",26,404,0.04950495,0.242574257,0.204081632,0.22811671,0.267326732,0.371352785,0.638679517,0.143236075,3.325794169328102,0.277372262,-0.76824382529594,37.059356000016976,-6.760369513441276,0.28792100171051405,87.61357511966362,"sa599235"
"Josh Tobias","BOS","AA",26,97,0.092783505,0.237113402,0.391304347,0.308641975,0.416666666,0.481481481,0.898148147,0.172839506,3.1947777460748235,0.410714285,-2.4555474555818364,17.674315087999997,7.178991817440684,0.4091175391028325,165.9546622016995,"sa599333"
"Jerrick Suiter","PIT","AA",26,441,0.049886621,0.174603174,0.285714285,0.235294117,0.27664399,0.299019607,0.575663597,0.06372549,2.3072158883801652,0.275449101,-0.3829359266674146,32.19675756012592,-15.519093597777758,0.2622640081310055,69.1217540499358,"sa599740"
"Chris Mariscal","SEA","AA",26,73,0.08219178,0.246575342,0.333333333,0.307692307,0.383561643,0.461538461,0.845100104,0.153846154,5.04417623480188,0.386363636,0.3533658068627119,12.128290282370592,3.484936358215357,0.3834235292591461,149.7531441347417,"sa600255"
"David Masters","WSN","AA",26,79,0.101265822,0.227848101,0.444444444,0.260869565,0.333333333,0.376811594,0.710144927,0.115942029,1.76785714,0.333333333,-0.005182159366086125,9.413374362995867,0.8656368539836444,0.3243240561240759,109.24381717193218,"sa602586"
"Nate Esposito","KCR","AA",26,92,0.054347826,0.239130434,0.227272727,0.209876543,0.274725274,0.271604938,0.546330212,0.061728395,3.466644430906612,0.278688524,0.16113817039877176,6.021574658611571,-4.871419327995027,0.2553635481949691,53.392835438476574,"sa602817"
"Preston Beck","TEX","AA",28,421,0.106888361,0.206650831,0.517241379,0.247311827,0.332541567,0.40860215,0.741143717,0.161290323,4.43059815288081,0.294545454,-0.014517409726977348,54.1141772058215,4.266889506241303,0.3355977567888442,106.39703519776302,"sa621361"
"Jin-De Jhang","SFG","AA",26,100,0.06,0.15,0.4,0.138297872,0.19,0.180851063,0.370851063,0.042553191,0.14285714,0.153846153,-0.0041457274928689,0.5881401365988914,-10.231780760884934,0.17199137054308497,10.112318456635833,"sa653546"
"Arvicent Perez","COL","AA",25,197,0.010152284,0.172588832,0.058823529,0.258064516,0.268421052,0.327956989,0.596378041,0.069892473,2.3848848912532685,0.304635761,-1.3021498253801838,15.452249824577027,-5.8629943434661085,0.2695653322495912,67.17920580891713,"sa655950"
"Eliezer Alvarez","TEX","AA",24,403,0.121588089,0.305210918,0.398373983,0.230113636,0.323383084,0.357954545,0.681337629,0.127840909,5.035015134229088,0.325791855,-1.1035116992425174,45.1490115853799,-2.5670381602990013,0.31460616496664967,92.52657308853355,"sa657261"
"Roberto Caro","CHC","AA",25,446,0.134529147,0.221973094,0.606060606,0.239361702,0.34537246,0.313829787,0.659202247,0.074468085,6.902204847628538,0.315412186,0.9148771048057824,47.354634260075706,-1.8986985485380663,0.3106731502233171,91.24304480998687,"sa657285"
"Angel Aguilar","NYY","AA",24,154,0.038961038,0.305194805,0.127659574,0.216783216,0.25490196,0.356643356,0.611545316,0.13986014,5.598641908373475,0.294736842,0.015009738854132593,12.751753825586965,-3.910924356538126,0.2754364387661803,81.90501168676528,"sa657323"
"Alberti Chavez","CIN","AA",23,108,0.064814814,0.231481481,0.28,0.224489795,0.287037037,0.265306122,0.552343159,0.040816327,2.0289408830357143,0.297297297,-0.4404116945806891,7.608356728260116,-4.318459288175508,0.2627231020618368,53.03512757699451,"sa657456"
"Jhoan Urena","LAA","AA",24,522,0.101532567,0.268199233,0.378571428,0.26068376,0.33716475,0.403846153,0.741010903,0.143162393,3.1949600346494993,0.354231974,-0.631532424595207,67.54930161162142,9.903024198849245,0.3418472800903393,111.98683197812733,"sa657511"
"Angelo Castellano","KCR","AA",24,254,0.086614173,0.224409448,0.385964912,0.216589861,0.296296296,0.331797235,0.628093531,0.115207374,4.225352310314149,0.269230769,-0.15000696433708072,23.64642657573205,-6.4277089959861655,0.2905225260758106,76.62457863480871,"sa657521"
"Santiago Chavez","MIA","AA",23,272,0.06617647,0.308823529,0.214285714,0.173387096,0.235074626,0.205645161,0.440719787,0.032258065,1.1845238025,0.257668711,-0.109065753640607,8.449860312594847,-21.588046691761537,0.20986979034610262,32.064716995750146,"sa657706"
"Mitch Nay","CIN","AA",25,284,0.088028169,0.169014084,0.520833333,0.304347826,0.366197183,0.561264822,0.927462005,0.256916996,4.331101375466449,0.326530612,0.06912109861150384,51.54403707041751,20.180928286457164,0.4117531515262995,151.90158786046104,"sa657873"
"Joe DeCarlo","SEA","AA",25,198,0.106060606,0.328282828,0.323076923,0.169590643,0.272727272,0.210526315,0.483253587,0.040935672,1.558673465,0.261682242,-0.09521148982457817,10.308030235555593,-13.135587257358607,0.23833221407851787,53.882206540415694,"sa657935"
"Chuck Taylor","WSN","AA",25,301,0.086378737,0.222591362,0.388059701,0.232472324,0.303333333,0.365313653,0.668646986,0.132841329,3.334176138212211,0.279187817,0.1813442292623222,32.00193321185821,-0.5660286895681061,0.30705960114796954,97.50266170815347,"sa658001"
"Bralin Jackson","PIT","AA",25,293,0.054607508,0.242320819,0.225352112,0.257352941,0.298969072,0.319852941,0.618822013,0.0625,5.630400515381584,0.344827586,0.6256146511877887,25.037162448481308,-6.6652057811463,0.27899676002562046,80.50131057827168,"sa658012"
"Joey Curletta","BOS","AA",25,374,0.131016042,0.29946524,0.4375,0.205128205,0.315508021,0.349358974,0.664866995,0.144230769,3.100021845295136,0.276381909,0.19816772389458492,39.96971902802257,-0.4967851285669418,0.3078021890020625,97.05244211733353,"sa658025"
"Luis Valenzuela","ATL","AA",25,319,0.040752351,0.206896551,0.196969696,0.201986754,0.235109717,0.291390728,0.526500445,0.089403974,4.380796701259243,0.245762711,-0.48280639690347016,17.20973261360233,-18.018548027536223,0.24060778460412655,52.11525168731919,"sa658081"
"Rashad Crawford","NYY","AA",25,444,0.085585585,0.234234234,0.365384615,0.261845386,0.328798185,0.351620947,0.680419132,0.089775561,4.8971640954669455,0.337931034,1.1423612110083923,49.08084810521504,1.0403993203868533,0.3127396864337096,107.27408535717429,"sa658166"
"Connor Lien","ATL","AA",25,200,0.105,0.455,0.23076923,0.220338983,0.306532663,0.463276836,0.769809499,0.242937853,6.48727905776474,0.389610389,0.5357921558897942,26.951689454798167,4.86499312806553,0.34903223221026475,124.55596169694816,"sa658195"
"John Silviano","MIA","AA",24,230,0.086956521,0.352173913,0.24691358,0.151219512,0.229074889,0.253658536,0.482733425,0.102439024,1.113601815,0.223140495,-0.07535452069714665,10.300492222997912,-15.099208552744619,0.22828169338471066,44.279164263605665,"sa658243"
"Dario Pizzano","NYM","AA",28,137,0.131386861,0.09489051,1.384615384,0.226086956,0.330882352,0.32173913,0.652621482,0.095652174,2.1093205525,0.227722772,-0.010105210763867944,14.21183063155856,-0.6114609979942816,0.30358634922239514,98.22893545349045,"sa658253"
"Nellie Rodriguez","CLE","AA",25,314,0.098726114,0.382165605,0.258333333,0.198555956,0.281150159,0.375451263,0.656601422,0.176895307,1.37596524625,0.29054054,-0.01606469403486699,31.4479153222784,-2.526636295820811,0.29876739703691924,96.9665488375963,"sa658264"
"Bruce Caldwell","MIL","AA",27,354,0.098870056,0.262711864,0.376344086,0.217252396,0.291784702,0.351437699,0.643222401,0.134185303,2.1594414350649345,0.273148148,-0.5303987257648259,34.20602849264846,-4.887424005668304,0.2978576241066368,87.92383120437822,"sa658271"
"Kody Eaves","DET","AA",25,434,0.078341013,0.269585253,0.29059829,0.23918575,0.297921478,0.437659033,0.735580511,0.198473283,5.281056521878991,0.296992481,-0.001054955180734396,53.19402919296619,6.235572497886384,0.32891016482756263,108.67786835526742,"sa658290"
"Chuck Moorman","TEX","AA",25,69,0.086956521,0.275362318,0.315789473,0.20338983,0.294117647,0.372881355,0.666999002,0.169491525,0.35119047125,0.236842105,-0.03108946606516838,7.169237493616067,-1.0005079963388819,0.30426576382973614,85.69402111350193,"sa658355"
"Ryan Ripken","BAL","AA",25,108,0.037037037,0.222222222,0.166666666,0.281553398,0.314814814,0.378640776,0.69345559,0.097087378,1.99441964,0.358974358,-0.006995915144216269,12.10855856773267,0.4230439984501384,0.3148561782307095,96.63778944068,"sa658502"
"Tate Matheny","BOS","AA",25,353,0.039660056,0.297450424,0.133333333,0.24012158,0.277936962,0.367781155,0.645718117,0.127659575,4.906923615965788,0.325688073,-0.46617085247999057,33.45204804004904,-4.742272728068863,0.2915221617139619,85.98077309513205,"sa658567"
"Rhett Wiseman","WSN","AA",25,380,0.094736842,0.32368421,0.292682926,0.214925373,0.298153034,0.411940298,0.710093332,0.197014925,4.241466343574642,0.285,-0.7101821634569205,42.9428036076525,1.8271041972139628,0.3160545237901703,103.61990000341999,"sa658608"
"C.J. Hinojosa","MIL","AA",24,460,0.084782608,0.132608695,0.639344262,0.279518072,0.338427947,0.4,0.738427947,0.120481928,2.617780426448269,0.308571428,-1.5703302447218448,57.76875251576882,6.9693509642837554,0.33671985720540143,113.70501720674902,"sa658616"
"Vance Vizcaino","COL","AA",24,342,0.096491228,0.274853801,0.351063829,0.266447368,0.34117647,0.407894736,0.749071206,0.141447368,8.131871721013285,0.362745098,2.972399238846265,44.800872227912414,7.796742758517727,0.3402465908928255,115.24789070249192,"sa658828"
"Jorge Saez","NYY","AA",28,130,0.13076923,0.284615384,0.459459459,0.160714285,0.269230769,0.321428571,0.59065934,0.160714286,1.8095238025,0.183098591,-0.006995915144216269,10.859623367332805,-3.2062737993961696,0.2764207904155438,82.57444641622527,"sa658909"
"Mikey White","OAK","AA",25,441,0.090702947,0.231292517,0.392156862,0.260869565,0.338636363,0.404092071,0.742728434,0.143222506,2.543189955336203,0.327402135,-1.05299083259888,56.9403525549293,4.725022684347675,0.33633441399765884,105.94522328955098,"sa658966"
"Ian Rice","CHC","AA",25,215,0.106976744,0.265116279,0.403508771,0.190217391,0.288372093,0.255434782,0.543806875,0.065217391,2.516295498567637,0.261538461,-0.8728913343511522,14.518408807373469,-9.224789743864113,0.2588039174885817,56.83302175402972,"sa658968"
"Tyler Krieger","CLE","AA",25,185,0.086486486,0.216216216,0.4,0.211180124,0.291208791,0.316770186,0.607978977,0.105590062,6.6818130846505905,0.258333333,0.454098001413513,16.29050197846242,-3.7263516818826594,0.2825009102349753,85.90408838602397,"sa658994"
"Gio Brusa","SFG","AA",25,337,0.100890207,0.308605341,0.326923076,0.223333333,0.305637982,0.41,0.715637982,0.186666667,3.6478331466774208,0.297297297,0.025096426310483366,40.19616671208285,3.733033287562356,0.3244851923414639,113.81983030560426,"sa659068"
"Austin Rei","BOS","AA",25,90,0.066666666,0.322222222,0.206896551,0.156626506,0.213483146,0.253012048,0.466495194,0.096385542,0.5595238025,0.226415094,-0.0033684035879559815,3.5638160004363444,-6.174112807299099,0.21733343668198318,35.52674164927855,"sa659079"
"Nick Lovullo","BOS","AA",25,68,0.073529411,0.308823529,0.238095238,0.174603174,0.235294117,0.174603174,0.409897291,0,1.0491071428571428,0.261904761,-0.3823991874232888,1.7575849568162403,-5.599961253472761,0.1988409152802299,22.950406688474132,"sa659264"
"Cam Gibson","DET","AA",25,457,0.100656455,0.223194748,0.450980392,0.235,0.322368421,0.3825,0.704868421,0.1475,6.968577346033591,0.29109589,2.3234648705110885,53.653008348130484,4.205969846629398,0.32196528348293935,103.9548156056979,"sa659281"
"David Thompson","NYM","AA",25,312,0.073717948,0.19551282,0.37704918,0.230215827,0.304487179,0.352517985,0.657005164,0.122302158,5.755063148823801,0.271028037,0.8458065523882397,32.08707469486309,-1.6710785052864465,0.30238570807835996,97.41240725449222,"sa659290"
"Alberto Mineo","TOR","AA",24,339,0.085545722,0.297935103,0.287128712,0.22,0.295857988,0.313333333,0.609191321,0.093333333,2.983837336248081,0.308080808,-0.1997594183194451,29.680859061493678,-6.9986727809764915,0.2818249984028078,78.25902686684098,"sa660295"
"Mike Ahmed","SEA","AA",27,238,0.075630252,0.319327731,0.236842105,0.232558139,0.299578059,0.358139534,0.657717593,0.125581395,5.492450206436521,0.338235294,0.6826371806673706,23.971343860955113,-4.208357973961956,0.30021870463206296,94.77449472737207,"sa705802"
"Galli Cribbs Jr.","ARI","AA",26,275,0.09090909,0.36,0.252525252,0.2,0.282051282,0.302040816,0.584092098,0.102040816,5.595469960668381,0.326388888,0.27705315640196204,21.977076531576195,-8.392130917681175,0.27543097254120824,69.49249485800574,"sa708444"
"Calten Daal","CIN","AA",25,291,0.030927835,0.178694158,0.173076923,0.301075268,0.321799307,0.34767025,0.669469557,0.046594982,4.880685213282449,0.368421052,-0.325201096246019,30.269045957417607,-1.8670971979783795,0.30777567253805777,82.92298029972685,"sa729572"
"David Rodriguez","TBR","AA",23,295,0.098305084,0.230508474,0.426470588,0.225190839,0.302721088,0.366412213,0.669133301,0.141221374,5.669615911129327,0.275132275,0.27630174183286726,31.106624204976438,-1.4712528769542028,0.30969327343564457,95.59295656514196,"sa735825"
"Grenny Cumana","PHI","AA",23,169,0.035502958,0.106508875,0.333333333,0.31875,0.351190476,0.43125,0.782440476,0.1125,4.9603029666593095,0.35,-1.703704479150474,23.803002369551884,5.517336052804217,0.35349216489564805,122.08847413782183,"sa735846"
"Rayder Ascanio","STL","AA",23,292,0.065068493,0.184931506,0.351851851,0.269662921,0.328767123,0.400749063,0.729516186,0.131086142,3.1284490983091846,0.317307692,-0.3647743668407202,36.178021526743656,1.6046058301227142,0.3296965596192481,99.36449144300981,"sa735861"
"Jorma Rodriguez","CLE","AA",23,129,0.038759689,0.310077519,0.125,0.221311475,0.25,0.237704918,0.487704918,0.016393443,1.394238160436373,0.325301204,-0.3860266989795491,5.912097003097346,-8.04560095465679,0.22571457969024777,47.28502186663943,"sa736694"
"Ray-Patrick Didder","ATL","AA",24,407,0.125307125,0.294840294,0.425,0.202941176,0.331695331,0.285294117,0.616989448,0.082352941,6.151701074422663,0.29953917,2.2769909107591957,40.10316115178625,-4.8432658731146585,0.3004160913927802,92.30403819199489,"sa736824"
"Luis Gonzalez","CIN","AA",24,51,0.058823529,0.137254901,0.428571428,0.326086956,0.38,0.478260869,0.858260869,0.152173913,5.14285714,0.384615384,-0.02577917813323438,8.421439524358764,2.789331961041942,0.3897878134250641,137.32979354916313,"sa736875"
"Ademar Rifaela","BAL","AA",24,239,0.071129707,0.280334728,0.253731343,0.256880733,0.313807531,0.449541284,0.763348815,0.192660551,4.169776489589,0.331034482,-0.191208855365403,31.104582211171902,5.244971266185562,0.33910081079740567,113.12600181238446,"sa736911"
"Jhon Nunez","BOS","AA",24,233,0.055793991,0.167381974,0.333333333,0.279620853,0.333333333,0.412322274,0.745655607,0.132701421,4.57195817376166,0.323353293,-0.15004773502005264,30.374611771177275,5.1641960800399636,0.33939457619399355,118.53769201405566,"sa736923"
"Michael Beltre","CIN","AA",23,268,0.108208955,0.212686567,0.508771929,0.233766233,0.320754716,0.316017316,0.636772032,0.082251083,4.439500555844516,0.293103448,-0.31850064056925476,26.176585752437973,-3.4195873253837576,0.2992622671705304,77.2751914365392,"sa736945"
"Luis Castro","COL","AA",23,76,0.157894736,0.210526315,0.75,0.220338983,0.381578947,0.33898305,0.720561997,0.118644067,3.8312568878476445,0.261904761,-0.18499026412609965,10.182129373366461,1.958989491278753,0.3442523291236476,117.97210037956403,"sa736954"
"Jose Martinez","STL","AA",22,91,0.12087912,0.197802197,0.611111111,0.253164556,0.34065934,0.329113924,0.669773264,0.075949368,2.8410202158543854,0.311475409,0.1475365289952606,10.057114152540557,-0.7174777255159691,0.31267990712281113,88.12052120592662,"sa736960"
"Juremi Profar","TEX","AA",23,383,0.080939947,0.138381201,0.58490566,0.290229885,0.347258485,0.445402298,0.792660783,0.155172413,1.5800310484776718,0.315972222,-0.6009157772641629,54.648041831618166,9.300034256940704,0.3535903504514319,118.28587101153005,"sa736995"
"Brallan Perez","OAK","AA",23,305,0.085245901,0.157377049,0.541666666,0.253731343,0.331125827,0.298507462,0.629633289,0.044776119,3.51278089113462,0.30316742,-2.063872548053041,29.966074011313292,-6.146569096458582,0.29707662198717233,80.00513636399745,"sa736999"
"Ibandel Isabel","CIN","AA",24,368,0.070652173,0.415760869,0.16993464,0.24251497,0.307065217,0.517964071,0.825029288,0.275449101,2.5240299775,0.350318471,-0.14476000028662384,55.25942099732155,14.619899756133503,0.3697040878459608,124.00626004403644,"sa737017"
"Carlos Martinez","ATL","AA",24,207,0.057971014,0.159420289,0.363636363,0.197860962,0.268292682,0.251336898,0.51962958,0.053475936,3.240910530063375,0.230263157,0.5028323375154287,12.658820673079164,-10.200910025089113,0.25024991849573647,59.02382418064695,"sa737214"
"Riley Unroe","ATL","AA",23,303,0.08580858,0.201320132,0.426229508,0.285185185,0.35,0.4,0.75,0.114814815,4.937597392101388,0.349514563,0.8577032128814608,39.8224123097684,6.361067374768464,0.3445613525782939,121.5899823850255,"sa737614"
"Thomas Milone","TBR","AA",24,96,0.125,0.197916666,0.631578947,0.214285714,0.3125,0.285714285,0.598214285,0.071428571,5.157926242859789,0.265625,0.7615713370032609,8.559491778034161,-2.042122458797505,0.28783800080418587,81.0941796314492,"sa737640"
"Drew Ward","WSN","AA",24,205,0.073170731,0.360975609,0.202702702,0.264864864,0.326829268,0.497297297,0.824126565,0.232432433,2.8133116837500003,0.384615384,-0.010882534668780863,30.72105839689729,8.540220557055449,0.3656123932085785,137.323057739964,"sa737690"
"Charcer Burks","CHC","AA",24,450,0.108888888,0.226666666,0.480392156,0.236979166,0.32885906,0.3203125,0.64917156,0.083333334,6.764621624559032,0.310104529,1.0237207529135048,45.66519039493162,-4.029876340216808,0.304367983073331,87.0602000759565,"sa737838"
"Trey Michalczewski","CHW","AA",24,170,0.105882352,0.329411764,0.321428571,0.208053691,0.3,0.308724832,0.608724832,0.100671141,1.4171281693598918,0.315217391,-0.46420785901136696,14.94728636075272,-3.82640551697002,0.2861789955189947,80.14198639267835,"sa737859"
"Nelson Molina","COL","AA",24,62,0.080645161,0.241935483,0.333333333,0.2,0.274193548,0.272727272,0.54692082,0.072727272,3.8950892857142856,0.268292682,-0.5598753204685636,4.23649577431135,-2.4718551821286217,0.2559731035463272,57.935446273784095,"sa737886"
"Heath Quinn","SFG","AA",24,113,0.123893805,0.309734513,0.4,0.206185567,0.300884955,0.329896907,0.630781862,0.12371134,2.29910714,0.29032258,-0.006995915144216269,10.73187143687022,-1.4946391772865038,0.2918009457335008,91.59203214043313,"sa737904"
"Xavier Fernandez","KCR","AA",23,58,0.103448275,0.224137931,0.461538461,0.196078431,0.293103448,0.31372549,0.606828938,0.117647059,3.9621372075965224,0.222222222,0.17085362854413688,5.160013815038123,-1.7073084808660357,0.28526931898347263,73.15345502763333,"sa737922"
"Edwin Diaz","OAK","AA",23,520,0.092307692,0.294230769,0.31372549,0.237991266,0.32046332,0.438864628,0.759327948,0.200873362,5.512351055724138,0.323129251,-0.022289776243269444,68.24981992165874,6.680723475621446,0.33904750480873214,107.73793265683693,"sa738152"
"Jonah Arenado","SFG","AA",24,409,0.063569682,0.195599022,0.325,0.243386243,0.29584352,0.328042328,0.623885848,0.084656085,2.802944861607143,0.297297297,-1.138147306686733,36.707790563556536,-7.545685907152313,0.28477810495315664,86.81596098652162,"sa738199"
"Daniel Pinero","DET","AA",25,357,0.089635854,0.235294117,0.38095238,0.236593059,0.31652661,0.406940063,0.723466673,0.170347004,2.7062832922261038,0.285714285,-2.0907676100032404,43.9414810506977,5.314363446680442,0.329607435635158,109.15206606169153,"sa738204"
"Nick Zammarelli III","SEA","AA",24,387,0.077519379,0.281653746,0.275229357,0.23054755,0.300518134,0.363112391,0.663630525,0.132564841,3.8192908212033663,0.306034482,-0.5997500191442668,39.3693000297395,-6.452315979138255,0.30150265523365566,95.6228814681377,"sa738401"
"Stephen Wrenn","HOU","AA",24,438,0.098173515,0.248858447,0.394495412,0.247368421,0.336384439,0.410526315,0.746910754,0.163157894,7.972593762814779,0.322097378,2.526023637736216,57.14123000398169,5.2811064590502825,0.3380424688555283,113.94079651549231,"sa738419"
"Luis Aviles Jr.","MIL","AA",24,341,0.093841642,0.260997067,0.359550561,0.253333333,0.322485207,0.326666666,0.649151873,0.073333333,6.002559962211884,0.345794392,2.5134365749545395,34.09428793293908,-3.5635293041400664,0.3023616607889577,90.91180688692097,"sa738445"
"Kacy Clemens","TOR","AA",24,97,0.113402061,0.298969072,0.379310344,0.144578313,0.24742268,0.168674698,0.416097378,0.024096385,1.6917701775,0.214285714,-0.005700375302694738,3.173938112792866,-7.321385157766445,0.20808531328574897,28.110377053817093,"sa738624"
"Cooper Goldby","OAK","AA",24,71,0.126760563,0.422535211,0.3,0.114754098,0.239436619,0.114754098,0.354190717,0,0.68973214,0.225806451,-0.033032557694241405,1.0631405154713782,-7.343409191583714,0.19116369603385389,10.021819293212724,"sa738676"
"Luke Persico","OAK","AA",23,152,0.085526315,0.25,0.342105263,0.257352941,0.324503311,0.375,0.699503311,0.117647059,5.958960874553586,0.340206185,0.12421942944638431,17.502784173002816,-0.4943363266080834,0.3185712525386684,94.20798773142862,"sa738678"
"Michael Reed","SDP","AA",24,441,0.095238095,0.285714285,0.333333333,0.228346456,0.309633027,0.388451443,0.69808447,0.160104987,6.022500377692152,0.294354838,1.1062037916854024,48.592581226012264,-3.6227486445693637,0.31225959211587906,80.11306439443973,"sa738683"
"Jordan Cowan","SEA","AA",24,504,0.10515873,0.168650793,0.623529411,0.263636363,0.345309381,0.306818181,0.652127562,0.043181818,4.083771813793925,0.319327731,1.443248016294092,53.67509834867146,-5.9995643605646825,0.30756772789888515,99.63045561045895,"sa738703"
"Willie Abreu","COL","AA",24,182,0.098901098,0.269230769,0.367346938,0.213836477,0.3,0.3081761,0.6081761,0.094339623,4.852698226384969,0.293577981,-0.14590200752718374,15.977357826485667,-3.7148982069348953,0.28213904157031183,75.73029393160972,"sa738883"
"Jake Romanski","BOS","AA",28,96,0.03125,0.25,0.125,0.213483146,0.244680851,0.247191011,0.491871862,0.033707865,2.7511600805565006,0.287878787,-0.38343561929650605,4.496820035585535,-5.890304025998938,0.227075069508654,42.15180022467457,"sa738897"
"Jacob Heyward","SFG","AA",23,476,0.168067226,0.308823529,0.544217687,0.208877284,0.357142857,0.339425587,0.696568444,0.130548303,2.9111063951747784,0.305676855,-0.6840493052732199,58.81843560997766,7.315612137954653,0.3302566531826468,117.74486698259305,"sa738955"
"Mark Karaviotis","ARI","AA",23,127,0.070866141,0.283464566,0.25,0.169642857,0.236220472,0.214285714,0.450506186,0.044642857,1.60119047125,0.227848101,-0.05155835626646876,4.206554540263576,-9.818497627211647,0.21263016784001912,27.83047242647989,"sa738977"
"Brandon Wagner","NYY","AA",23,456,0.105263157,0.322368421,0.326530612,0.176923076,0.289473684,0.279487179,0.568960863,0.102564103,3.59323826640039,0.256302521,0.17149812646675855,36.682084725049975,-12.65675456747627,0.272262132089389,79.74623932855887,"sa738979"
"Robbie Tenerowicz","TBR","AA",24,290,0.08275862,0.213793103,0.387096774,0.215686274,0.299651567,0.301960784,0.601612351,0.08627451,4.083937995545938,0.268421052,-0.8639989104121923,25.520129191525147,-6.505580482237175,0.28627996120718713,80.06057694198974,"sa738999"
"Dominic Miroglio","ARI","AA",24,164,0.103658536,0.158536585,0.653846153,0.232876712,0.31707317,0.328767123,0.645840293,0.095890411,1.1760204025,0.27118644,-0.08130356180481613,16.38281322972911,-1.72827775819165,0.3022434967427166,87.27991000410368,"sa739013"
"Jesse Hodges","CHC","AA",25,134,0.052238805,0.253731343,0.205882352,0.201680672,0.270676691,0.310924369,0.58160106,0.109243697,2.95751230875,0.258823529,-0.055524383671581745,10.36442401950508,-4.433662519405788,0.27198160546166555,65.57509336509416,"sa739560"
"Samir Duenez","KCR","AA",23,183,0.06557377,0.202185792,0.324324324,0.206060606,0.25136612,0.284848484,0.536214604,0.078787878,2.5064935025,0.242424242,-0.06876672641374171,9.129096350480658,-11.980685630033866,0.23748530778619978,39.162923011003144,"sa739574"
"Julian Leon","LAA","AA",23,261,0.141762452,0.340996168,0.415730337,0.178403755,0.315384615,0.295774647,0.611159262,0.117370892,1.21428570875,0.270491803,-0.1328619180712849,24.922396665958118,-3.9007420404279705,0.2963288923868766,81.78995633980217,"sa739577"
"Wendell Rijo","NYY","AA",23,208,0.091346153,0.221153846,0.413043478,0.235294117,0.309178743,0.390374331,0.699553074,0.155080214,4.69631035289923,0.281481481,0.2098275824682787,23.83573107057402,1.330295603807661,0.3181893730047837,110.98029081505891,"sa739597"
"Rodrigo Orozco","SDP","AA",24,307,0.104234527,0.175895765,0.592592592,0.262773722,0.338762214,0.328467153,0.667229367,0.065693431,5.007372094243896,0.319634703,-0.06192942662164569,33.580756563452,-2.7686907614200207,0.31123743383426233,79.43766026906941,"sa740813"
"Johan Mieses","STL","AA",23,367,0.081743869,0.234332425,0.348837209,0.212962962,0.300546448,0.395061728,0.695608176,0.182098766,4.098692672915359,0.237668161,1.0387234126683325,41.702486731479986,-1.7510871063963322,0.3166391531952092,90.73664356069959,"sa747574"
"Michael De Leon","TEX","AA",22,516,0.058139534,0.120155038,0.483870967,0.259958071,0.308737864,0.314465408,0.623203272,0.054507337,2.4386138522493646,0.291566265,-0.9054543036036193,46.74197320811347,-14.35351480372354,0.28732901162210606,74.50284601162335,"sa823925"
"Alexander Alvarez","MIL","AA",22,157,0.095541401,0.29299363,0.326086956,0.244604316,0.32051282,0.323741007,0.644253827,0.079136691,1.08035714,0.354838709,-0.07932054810225964,15.470062343131287,-1.867994273353832,0.3004185922684208,89.6227762021427,"sa826656"
"Jose Antequera","PHI","AA",23,91,0.065934065,0.186813186,0.352941176,0.24691358,0.314606741,0.271604938,0.586211679,0.024691358,2.464831705450921,0.3125,-0.18499026412609965,7.6709801255756265,-2.1751478911346545,0.2774440773417441,70.36993335972113,"sa826778"
"Kyle Overstreet","SDP","AA",25,406,0.076354679,0.199507389,0.382716049,0.258855585,0.320197044,0.354223433,0.674420477,0.095367848,2.4909455095219855,0.310954063,-0.007910801330581307,42.75767210221138,-5.313583969117739,0.3060621949046776,76.01805512015842,"sa827140"
"Gunnar Heidt","TOR","AA",26,57,0.087719298,0.350877192,0.25,0.176470588,0.263157894,0.294117647,0.557275541,0.117647059,7.5,0.266666666,1.3971498332102783,4.146253522692036,-2.021101388873745,0.261904635973144,64.7116503348164,"sa827195"
"Will Maddox","SFG","AA",27,140,0.064285714,0.192857142,0.333333333,0.192307692,0.242857142,0.253846153,0.496703295,0.061538461,5.402373753531506,0.233009708,-0.7202688509132713,6.617041916481127,-8.530847339996228,0.22754259847050948,46.27158153309151,"sa827323"
"Chris Chinea","STL","AA",25,306,0.052287581,0.27124183,0.192771084,0.279720279,0.323529411,0.44055944,0.764088851,0.160839161,1.57599667125,0.360824742,-0.14378878055140376,40.87908601402488,4.648040797702938,0.3420263110033048,107.51153197415991,"sa827344"
"Alejandro Salazar","ATL","AA",22,431,0.034802784,0.259860788,0.133928571,0.203431372,0.237762237,0.25245098,0.490213217,0.049019608,4.5165557580847775,0.273648648,-0.49374410999007523,19.20280015551253,-28.3940304285963,0.22797209497924162,44.24472720114266,"sa827937"
"Luis Carpio","NYM","AA",21,276,0.101449275,0.177536231,0.571428571,0.263374485,0.346715328,0.362139917,0.708855245,0.098765432,2.3048964551654127,0.319371727,-1.8894720671814866,33.7429294032035,3.8799477261481394,0.3284934150041455,115.16765329282109,"sa827960"
"Joantgel Segovia","MIL","AA",22,276,0.054347826,0.137681159,0.394736842,0.247058823,0.294545454,0.329411764,0.623957218,0.082352941,3.192697628013005,0.28110599,-1.2461517930496484,24.615346391188346,-5.864294539702691,0.2878711027820615,81.29877795200343,"sa827979"
"Adrian Valerio","PIT","AA",22,113,0.053097345,0.256637168,0.206896551,0.198113207,0.24778761,0.254716981,0.502504591,0.056603774,6.772741694934428,0.272727272,0.1937814117409289,5.84409639614027,-6.382414218016453,0.23363204076226834,49.649817022358796,"sa828164"
"Ramon Hernandez","ARI","AA",23,341,0.043988269,0.225806451,0.194805194,0.236245954,0.281524926,0.398058252,0.679583178,0.161812298,3.4324679785149623,0.269565217,-0.5217152563855052,34.695267585672305,-2.962549651406838,0.30472692082413533,88.92741229773429,"sa828281"
"Osvaldo Duarte","HOU","AA",23,497,0.060362173,0.299798792,0.201342281,0.233624454,0.29032258,0.375545851,0.665868431,0.141921397,7.365913453952857,0.318791946,-0.14004200068302453,50.42544573499096,-8.420402214394684,0.30115950359932836,89.56990666609806,"sa828299"
"Manuel Melendez","COL","AA",22,537,0.037243947,0.106145251,0.350877192,0.258,0.291666666,0.346,0.637666666,0.088,5.295443957359911,0.279545454,0.16410774213727564,49.740136159176224,-8.36283906031192,0.2886455554245996,80.15522311681423,"sa828329"
"Jose Gomez","PHI","AA",22,322,0.062111801,0.226708074,0.273972602,0.253424657,0.308411214,0.339041095,0.647452309,0.085616438,4.628934778266991,0.322727272,-1.2907675980823115,31.45675556755832,-3.3833897223395994,0.295458097755909,82.6208508953811,"sa828331"
"Jake Gatewood","MIL","AA",23,385,0.067532467,0.363636363,0.185714285,0.186968838,0.244155844,0.331444759,0.575600603,0.144475921,5.0102368472159196,0.259803921,0.46118904976174235,27.920525856781968,-14.596364572178354,0.2655053352380728,66.4613389486413,"sa828685"
"Justin Twine","MIA","AA",23,392,0.061224489,0.237244897,0.258064516,0.239554317,0.295918367,0.303621169,0.599539536,0.064066852,4.8011309748751,0.317164179,-0.9267039343249053,32.21316178116504,-11.076763019230924,0.2784637588721055,77.56992141144451,"sa828686"
"Ti'Quan Forbes","CHW","AA",22,449,0.100222717,0.236080178,0.424528301,0.242346938,0.333333333,0.326530612,0.659863945,0.084183674,3.950780764521668,0.323943661,-0.9953579993452877,48.32823466435728,-1.2563985891574845,0.312631164487843,97.69034205764648,"sa828696"
"Gareth Morgan","LAA","AA",23,116,0.068965517,0.474137931,0.145454545,0.205607476,0.267241379,0.261682242,0.528923621,0.056074766,1.5834698325261096,0.411764705,-0.24041169160045683,7.229920705562595,-5.580363163942334,0.25182440157594355,52.26569939292231,"sa828708"
"Brian Schales","MIN","AA",23,112,0.169642857,0.392857142,0.431818181,0.213483146,0.366071428,0.438202247,0.804273675,0.224719101,3.8560924337499998,0.357142857,-0.05949041107669473,16.95017873394449,4.5816287909742135,0.37128693450774464,132.49430901035285,"sa828808"
"D.J. Burt","KCR","AA",23,296,0.097972972,0.222972972,0.439393939,0.225680933,0.303448275,0.303501945,0.60695022,0.077821012,6.394453768049257,0.287958115,0.9279662212356925,25.837175910390478,-9.209848220430752,0.2831351794045547,71.74329507330864,"sa828876"
"Gavin LaValley","CIN","AA",24,449,0.10467706,0.247216035,0.423423423,0.253807106,0.339285714,0.395939086,0.7352248,0.14213198,3.5342168280378203,0.327272727,-0.6057532464619726,57.38037290865533,7.79573965514057,0.33968808346946766,104.09365775194259,"sa828878"
"Keith Curcio","BOS","AA",26,104,0.038461538,0.211538461,0.181818181,0.226804123,0.264705882,0.340206185,0.604912067,0.113402062,5.692472174441134,0.273972602,0.7948178525548428,8.652533040925466,-2.6001846924577134,0.27596607103067283,75.40143656965729,"sa829045"
"Chris Rabago","COL","AA",26,175,0.148571428,0.228571428,0.65,0.206896551,0.331395348,0.310344827,0.641740175,0.103448276,3.7007248601852343,0.27184466,0.45383889344520867,17.7478618559226,-1.1869997146740932,0.3004668989602257,88.1946447165469,"sa829062"
"Anfernee Seymour","MIA","AA",24,303,0.0660066,0.280528052,0.235294117,0.260869565,0.31438127,0.333333333,0.647714603,0.072463768,6.235812451147356,0.371727748,0.537232709582895,30.106071518711527,-3.3552734162884184,0.30152518254857397,92.86885834518986,"sa829114"
"Zack Zehner","NYY","AA",26,195,0.112820512,0.256410256,0.44,0.181286549,0.276923076,0.286549707,0.563472783,0.105263158,4.807558869947826,0.235294117,-0.5679076674859971,14.360831654191893,-6.738014095901567,0.2631203372453906,73.52911665483963,"sa829122"
"Bo Way","LAA","AA",27,338,0.079881656,0.174556213,0.457627118,0.259740259,0.322485207,0.402597402,0.725082609,0.142857143,4.731034816284351,0.300411522,-0.12321807956323028,41.50104816775489,4.174531375576736,0.3329619703560891,106.09232194404846,"sa829126"
"Ryan Metzler","COL","AA",26,95,0.094736842,0.326315789,0.29032258,0.178571428,0.263157894,0.25,0.513157894,0.071428572,2.2735916775437643,0.264150943,-0.7402016411651857,5.658173662844818,-4.620751189764817,0.24417804730565926,49.91390205374592,"sa829159"
"Alexis Pantoja","CLE","AA",23,453,0.061810154,0.158940397,0.388888888,0.257211538,0.303571428,0.317307692,0.62087912,0.060096154,3.7792629969345706,0.304347826,-1.8560841858852655,40.60325950405301,-8.41098216154872,0.28461917668114306,87.3446722731251,"sa829182"
"Jeremy Rivera","BOS","AA",24,375,0.058666666,0.186666666,0.314285714,0.2359882,0.287671232,0.333333333,0.621004565,0.097345133,5.296830217657601,0.28030303,1.2429563706973568,33.79501335956696,-6.779690005997388,0.28527559597198276,81.73262859287036,"sa829240"
"Gianpaul Gonzalez","CLE","AA",23,59,0.118644067,0.322033898,0.368421052,0.127659574,0.24074074,0.14893617,0.38967691,0.021276596,0.9601648275000001,0.214285714,-0.0031092956196516752,1.5572072071733947,-4.826546122342062,0.1995758557761157,29.508681893824978,"sa829276"
"Isiah Gilliam","NYY","AA",22,177,0.073446327,0.344632768,0.213114754,0.180124223,0.24858757,0.391304347,0.639891917,0.211180124,2.604595494963664,0.217391304,-0.7640210509416647,16.560089436545315,-2.591170552001058,0.28990143234446897,91.7423183738456,"sa829343"
"Jordan Procyshen","LAD","AA",26,85,0.070588235,0.176470588,0.4,0.164556962,0.223529411,0.265822784,0.489352195,0.101265822,2.64285714,0.177419354,-0.029146374436095357,3.6709666527538576,-6.393212574002239,0.22704731997321634,34.86975275958217,"sa829345"
"Jared Walker","LAD","AA",23,387,0.129198966,0.346253229,0.373134328,0.211838006,0.341968911,0.364485981,0.706454892,0.152647975,3.8093264528989144,0.314285714,-0.6471615517511964,47.551691926607674,1.7300759177299194,0.32839325194557506,101.83537029130648,"sa829364"
"Cristian Santana","LAD","AA",22,413,0.024213075,0.21307506,0.113636363,0.300751879,0.31961259,0.436090225,0.755702815,0.135338346,1.8407738025,0.363036303,-0.19236607127822936,53.53451687799179,4.634446046812175,0.33697933896690535,107.50873683276099,"sa829387"
"Will Toffey","NYM","AA",24,323,0.154798761,0.27863777,0.555555555,0.219330855,0.346749226,0.349442379,0.696191605,0.130111524,4.254730383640414,0.308571428,-0.15730275813257322,38.71284365444848,3.764499155575721,0.3252618770051447,112.96995923958353,"sa829401"
"Dom Thompson-Williams","SEA","AA",24,479,0.073068893,0.317327766,0.230263157,0.233796296,0.29769392,0.391203703,0.688897623,0.157407407,6.192051211543255,0.327205882,1.984705286566168,50.76276033217877,-5.951849663305581,0.30690424172621195,99.19204865704577,"sa829483"
"Christian Williams","TOR","AA",24,301,0.053156146,0.375415282,0.14159292,0.227758007,0.275747508,0.34163701,0.617384518,0.113879003,3.9497425090392335,0.363636363,-0.19431815098505467,26.305404760049537,-6.262557141376779,0.2816087742184484,78.11197781333156,"sa829560"
"Luke Tendler","BOS","AA",27,461,0.084598698,0.236442516,0.357798165,0.234866828,0.304157549,0.375302663,0.679460212,0.140435835,2.8836463342354017,0.291525423,-1.1179554084665142,49.985373662324136,0.10553832492370427,0.3098963619324199,98.47664056306446,"sa829644"
"Quinn Brodey","NYM","AA",23,276,0.079710144,0.221014492,0.360655737,0.251012145,0.313868613,0.376518218,0.690386831,0.125506073,3.0317436202014023,0.309782608,0.22665107710054144,30.897514476510214,1.0345327994548543,0.3146292203969329,105.73893605334545,"sa829783"
"Jeff Hendrix","NYY","AA",25,88,0.068181818,0.329545454,0.206896551,0.2,0.255813953,0.225,0.480813953,0.025,4.807949154697832,0.31372549,0.39481784659437835,4.161985798580945,-5.359544591204822,0.22768482635187548,49.430247451323275,"sa829803"
"Travis Jones","KCR","AA",23,227,0.092511013,0.259911894,0.355932203,0.261538461,0.3539823,0.358974358,0.712956658,0.097435897,6.194095844670912,0.355555555,1.0056903706863523,28.420251516745786,1.542972875879507,0.3313525052724686,103.60350830173797,"sa829805"
"Carl Chester","TBR","AA",23,127,0.047244094,0.244094488,0.193548387,0.264462809,0.299212598,0.404958677,0.704171275,0.140495868,7.098686451135796,0.34090909,0.1727179957088083,14.387315665720392,0.36226349824516774,0.32021474838256836,102.57289778304765,"sa829813"
"Riley Mahan","MIA","AA",23,222,0.036036036,0.279279279,0.129032258,0.222222222,0.259090909,0.371980676,0.631071585,0.149758454,2.4709821400000003,0.283687943,-0.07535452069714665,19.361722428022116,-5.154510494651108,0.28522579664509046,82.05585388828727,"sa829844"
"Bryson Brigman","MIA","AA",24,357,0.100840336,0.173669467,0.580645161,0.25,0.33427762,0.330128205,0.664405825,0.080128205,2.2970916080048065,0.305220883,-0.9529632970225066,38.39250734895478,-1.032245594262975,0.3125060449608348,100.15355697785637,"sa829857"
"Andretty Cordero","TEX","AA",22,534,0.052434456,0.183520599,0.285714285,0.27,0.312734082,0.408,0.720734082,0.138,2.3266258266157984,0.30670103,-0.2650377950631082,63.96790282558202,0.7411768598437274,0.32447280620367785,99.04608216544229,"sa830037"
"Carlos Herrera","COL","AA",22,178,0.050561797,0.258426966,0.195652173,0.203703703,0.251428571,0.320987654,0.572416225,0.117283951,5.889406913163916,0.273504273,-0.36428015294950455,12.650335357214951,-6.609123840306258,0.2596561414854867,60.44019496596781,"sa830140"
"Kungkuan Giljegiljaw","CLE","AA",25,231,0.069264069,0.294372294,0.235294117,0.228571428,0.29004329,0.357142857,0.647186147,0.128571429,1.00090798375,0.309352517,-0.012696290446911007,22.357175672924498,-2.6368416002631396,0.29423772122548975,93.88602136214939,"sa830277"
"Ruddy Giron","SDP","AA",22,64,0.03125,0.203125,0.153846153,0.196721311,0.234375,0.360655737,0.595030737,0.163934426,3.85119047125,0.217391304,-0.019430916290730238,4.703121654067712,-2.8746132931368775,0.26558195892721415,49.27022274736906,"sa830284"
"Micker Adolfo","CHW","AA",22,95,0.147368421,0.378947368,0.388888888,0.205128205,0.336842105,0.294871794,0.631713899,0.089743589,1.7065150854093092,0.372093023,-1.2101863163989037,9.739102132565462,-0.75207862263254,0.30576193709122507,93.13330003809209,"sa830303"
"Billy Fleming","MIA","AA",26,71,0.112676056,0.211267605,0.533333333,0.344262295,0.422535211,0.524590163,0.947125374,0.180327868,2.295634915,0.422222222,-0.04560931515879929,13.731372050909977,5.8905948549198905,0.42773247100937534,176.594710392694,"sa836204"
"Blake Allemand","MIL","AA",26,54,0.037037037,0.277777777,0.133333333,0.234042553,0.320754716,0.425531914,0.74628663,0.191489361,0.6542207712499999,0.3,-0.0218131507281214,6.84738080511987,0.8839727969020583,0.33835597336292267,114.79041584741229,"sa857217"
"Ryan Howard","SFG","AA",24,338,0.065088757,0.142011834,0.458333333,0.22330097,0.274626865,0.297734627,0.572361492,0.074433657,4.149065684191046,0.252873563,0.22380088944919407,24.748214314191213,-11.823118319304122,0.2625478263386709,71.69766402452524,"sa857225"
"Roberto Baldoquin","LAA","AA",25,299,0.060200668,0.234113712,0.257142857,0.231617647,0.290969899,0.301470588,0.592440487,0.069852941,3.1508892256449523,0.30049261,-0.518500643549487,24.470927803300913,-8.548683205164375,0.2780156901050172,69.64098710461258,"sa857538"
"Joe Cronin","MIN","AA",25,280,0.135714285,0.278571428,0.487179487,0.19047619,0.320143884,0.303030303,0.623174187,0.112554113,7.293243491902432,0.26,0.8755503362044692,27.630410291136897,-3.290964566288793,0.3006126653376243,85.60903418772789,"sa857761"
"Errol Robinson","LAD","AA",24,177,0.11299435,0.197740112,0.571428571,0.309677419,0.389830508,0.4,0.789830508,0.090322581,3.6094011785911806,0.381355932,-0.5663290368393064,26.35108453549922,5.393911322136524,0.3614655611189929,123.68832051729169,"sa857819"
"Preston Palmeiro","BAL","AA",24,384,0.067708333,0.221354166,0.305882352,0.237142857,0.28871391,0.345714285,0.634428195,0.108571428,3.882765673248841,0.295454545,0.00024058466078713536,35.72151064815691,-5.826985598180978,0.2891818829408781,79.17729660507837,"sa857823"
"Anderson Miller","KCR","AA",25,330,0.057575757,0.26060606,0.220930232,0.247557003,0.294832826,0.342019543,0.636852369,0.09446254,5.611221687505005,0.32718894,-0.630062635987997,30.412345967817803,-8.660349853705865,0.28933012449159856,75.83668407526841,"sa857824"
"Logan Taylor","SEA","AA",25,423,0.061465721,0.312056737,0.196969696,0.211886304,0.267139479,0.30749354,0.574633019,0.095607236,3.5002714228478604,0.296442687,-0.612185902427882,30.114850892323336,-19.969241024357004,0.262665925150234,69.96101658284016,"sa857838"
"Kyle Holder","NYY","AA",25,472,0.086864406,0.137711864,0.63076923,0.264563106,0.336244541,0.405339805,0.741584346,0.140776699,4.768950555672609,0.29498525,0.9916900366079062,60.79922386368556,9.729197227561901,0.3373084858679406,123.98275609800773,"sa857840"
"Connor Marabell","CLE","AA",25,456,0.061403508,0.114035087,0.538461538,0.273159144,0.32087912,0.389548693,0.710427813,0.116389549,4.3080185850955495,0.293956043,0.9927264684811234,53.22031116480943,3.881471872283188,0.3210354402628429,112.11052863606426,"sa858026"
"Brendon Sanger","LAA","AA",25,413,0.113801452,0.292978208,0.388429752,0.202816901,0.30992736,0.343661971,0.653589331,0.14084507,3.8192794840785904,0.267857142,0.5977326142601669,42.94247917603087,-2.6665487386720175,0.3077214626432623,89.34778175036236,"sa858055"
"Matt Winn","SFG","AA",26,106,0.150943396,0.339622641,0.444444444,0.122222222,0.254716981,0.211111111,0.465828092,0.088888889,3.44093405875,0.188679245,-0.005182159366086125,4.5713159725804635,-6.897800178752392,0.22207744763447687,44.17469798235567,"sa858059"
"Arden Pabst","PIT","AA",24,270,0.04074074,0.27037037,0.150684931,0.192,0.232209737,0.308,0.540209737,0.116,3.9319836914028885,0.25,-1.1453838064917363,15.254733744489695,-13.959052678716635,0.24006200197971228,54.02268453451373,"sa858812"
"Mitchell Tolman","PIT","AA",25,461,0.101952277,0.216919739,0.47,0.254364089,0.33991228,0.34413965,0.68405193,0.089775561,5.12767503138547,0.327759197,0.07530780223896727,52.41320855181367,2.533373214413236,0.31697869497341113,106.3319437291199,"sa858829"
"Raul Rivas","PHI","AA",22,164,0.060975609,0.25,0.243902439,0.204081632,0.267080745,0.278911564,0.545992309,0.074829932,6.711429407162074,0.280373831,0.21267777011962608,10.930025168462903,-6.814645103410572,0.2537083477707383,54.22781411384387,"sa871433"
"Tyler Ramirez","OAK","AA",24,336,0.139880952,0.264880952,0.528089887,0.240143369,0.360119047,0.358422939,0.718541986,0.11827957,4.633618790615319,0.329787234,-0.01723783486522734,42.86712629867304,3.0840178258489503,0.33438123927187563,104.6546381707018,"sa873260"
"Aaron Knapp","SEA","AA",24,310,0.119354838,0.283870967,0.420454545,0.21590909,0.310457516,0.295454545,0.605912061,0.079545455,7.29115650780853,0.305084745,0.36410810402594507,27.555865999011136,-9.148787651511096,0.28517283099928714,84.83274176783617,"sa873277"
"Connor Justus","LAA","AA",24,400,0.0975,0.2325,0.419354838,0.18443804,0.285714285,0.250720461,0.536434746,0.066282421,3.891230679899099,0.244094488,-0.33586757932789624,27.8747476302046,-16.298645023260676,0.26170195388913453,58.81846265764112,"sa873634"
"T.J. Nichting","BAL","AA",24,378,0.042328042,0.185185185,0.228571428,0.255681818,0.292553191,0.375,0.667553191,0.119318182,5.520141848527894,0.3,0.6219871396315284,38.61015654440099,-2.289144448087868,0.3014444589931914,87.51679020715738,"sa873681"
"Nick Banks","WSN","AA",24,173,0.086705202,0.236994219,0.365853658,0.288461538,0.358381502,0.41025641,0.768637912,0.121794872,6.866695782053272,0.385964912,1.187821943371091,23.964236736238064,5.245773583591047,0.35036608249465856,126.95439538781015,"sa873982"
"C.J. Chatham","BOS","AA",24,376,0.04787234,0.175531914,0.272727272,0.297142857,0.333333333,0.402857142,0.736190475,0.105714285,4.403412587531925,0.354385964,0.9976495198789053,46.471464232942616,5.788561658403432,0.33029185702909414,112.3471438035204,"sa873984"
"Camden Duzenack","ARI","AA",24,85,0.164705882,0.2,0.823529411,0.147058823,0.317647058,0.25,0.567647058,0.102941177,4.234637028131649,0.163265306,0.3524076770991087,7.526951766190709,-1.859894172670662,0.2870206846910365,77.18110410208331,"sa873988"
"Vince Fernandez","COL","AA",23,263,0.106463878,0.326996197,0.325581395,0.256521739,0.346007604,0.54347826,0.889485864,0.286956521,4.929443307563213,0.338461538,-0.19276350317522883,44.693901636948354,16.237509676565896,0.39261596047558545,150.86308450167317,"sa873990"
"Michael Paez","NYM","AA",24,354,0.081920903,0.163841807,0.5,0.218649517,0.296829971,0.295819935,0.592649906,0.077170418,2.4849052018157822,0.258964143,-0.7787902051350102,30.024948958695933,-8.27757101839681,0.27814304467924045,80.92553406799134,"sa874101"
"Kort Peterson","KCR","AA",25,318,0.044025157,0.286163522,0.153846153,0.224489795,0.271293375,0.367346938,0.638640313,0.142857143,5.385161936214449,0.292929292,-0.5616655200719833,28.711292731048772,-8.940577787874036,0.2869498323566906,74.26387567913571,"sa874104"
"Mitch Longo","CLE","AA",24,366,0.081967213,0.199453551,0.410958904,0.247706422,0.319559228,0.370030581,0.689589809,0.122324159,6.7268032821119155,0.304,1.4201733957743272,41.409101662158115,1.808191177367308,0.31623236584597714,108.84406910921751,"sa874178"
"Corey Bird","MIA","AA",23,325,0.061538461,0.156923076,0.392156862,0.231543624,0.285714285,0.295302013,0.581016298,0.063758389,5.826701962024517,0.269387755,1.6807479746639729,25.022813163398766,-10.868068367541763,0.2715076195116726,72.95522203856072,"sa874209"
"Cornelius Randolph","PHI","AA",22,389,0.095115681,0.262210796,0.362745098,0.247126436,0.323907455,0.399425287,0.723332742,0.152298851,5.475197484402193,0.320675105,-0.11640074575552717,48.00761478927542,5.918122498063344,0.33004787204198177,106.14455424494307,"sa874241"
"Jalen Miller","SFG","AA",22,550,0.089090909,0.192727272,0.46226415,0.215885947,0.287020109,0.33197556,0.618995669,0.116089613,5.7760541841389665,0.25065963,0.4503166053327732,49.53524568724497,-9.97431924891607,0.28520035089914714,87.10312066243876,"sa875016"
"Kade Scivicque","DET","AA",26,143,0.055944055,0.167832167,0.333333333,0.333333333,0.377622377,0.575757575,0.953379952,0.242424242,0.49007935874999997,0.362745098,-0.008809670922346413,27.155277538430123,11.682790655028251,0.41945584953253995,170.2558887542172,"sa875053"
"Gabriel Cancel","KCR","AA",22,513,0.066276803,0.280701754,0.236111111,0.245689655,0.307992202,0.426724137,0.734716339,0.181034482,5.168507921390066,0.312703583,1.9633312786463648,62.91087751988767,2.170595833700882,0.32808890228625387,101.44704099124091,"sa875231"
"Sean Miller","BAL","AA",24,56,0.017857142,0.357142857,0.05,0.092592592,0.109090909,0.092592592,0.201683501,0,2.64285714,0.147058823,-0.0015546478098258376,-2.855631527028815,-8.914787229619758,0.09550603628158569,-52.53715533405633,"sa875243"
"Logan Landon","LAD","AA",26,230,0.078260869,0.256521739,0.305084745,0.220095693,0.286956521,0.339712918,0.626669439,0.119617225,4.608534762001495,0.280821917,0.08652335498481989,20.826968820292326,-6.405516146224168,0.2872868107712787,74.67376484552464,"sa875279"
"Josh Altmann","TEX","AA",24,184,0.054347826,0.239130434,0.227272727,0.222222222,0.298913043,0.376543209,0.675456252,0.154320987,3.157777530600613,0.273504273,-0.28627336816862226,19.48396815567566,-2.302019817537536,0.3067956220196641,87.36565718866697,"sa875314"
"Brantley Bell","CIN","AA",24,398,0.075376884,0.158291457,0.476190476,0.243016759,0.312342569,0.346368715,0.658711284,0.103351956,3.8960474183820653,0.278350515,-0.1286869361065328,41.033588266878844,-2.9189374233191043,0.30654382871256936,82.10577572195395,"sa875352"
"LeDarious Clark","TEX","AA",25,124,0.048387096,0.298387096,0.162162162,0.2,0.262295081,0.363636363,0.625931444,0.163636363,4.317772196699229,0.242857142,-0.8819987692404538,10.404007220464367,-4.277854239744526,0.2788306853987954,68.88746853712085,"sa875568"
"Peter Van Gansen","SDP","AA",25,187,0.080213903,0.213903743,0.375,0.267857142,0.326086956,0.464285714,0.79037267,0.196428572,2.811126365,0.305785123,-0.08549603167921305,26.404963152097764,4.263768853234354,0.35170654401831003,106.17814113191537,"sa875579"
"Mylz Jones","COL","AA",25,347,0.063400576,0.198847262,0.318840579,0.238853503,0.297376093,0.385350318,0.682726411,0.146496815,6.242910534023094,0.277310924,0.7325336255598813,37.78322685203865,0.23810133776977713,0.31051125557707626,95.02557872143109,"sa875606"
"Max McDowell","MIL","AA",25,315,0.111111111,0.184126984,0.603448275,0.213178294,0.333333333,0.313953488,0.647286821,0.100775194,3.0822271225875815,0.256281407,0.23342685494571924,33.21967845882494,-1.5668682557789593,0.3097108718636748,95.7872698384822,"sa875626"
"Jerry Downs","BOS","AA",25,176,0.073863636,0.323863636,0.228070175,0.176470588,0.270114942,0.274509803,0.544624745,0.098039215,0.8336466087500001,0.263157894,-0.009327886858955026,12.403981307729504,-6.639079471842029,0.2588598399326719,63.767885496141076,"sa875630"
"Brad Zunica","SDP","AA",23,431,0.097447795,0.266821345,0.365217391,0.229765013,0.313225058,0.430809399,0.744034457,0.201044386,2.628109905377835,0.28458498,-0.8016931137535721,54.688364533912484,3.6570557488315685,0.3334991238838018,94.14735598605041,"sa875647"
"Austin Bossart","NYM","AA",25,306,0.120915032,0.205882352,0.587301587,0.196153846,0.302631578,0.326923076,0.629554654,0.13076923,3.008108010413445,0.227979274,0.3813442322425544,29.695759904957164,-3.413198041343341,0.29456330776998874,84.33522884285242,"sa875667"
"Ian Sagdal","WSN","AA",26,492,0.085365853,0.178861788,0.477272727,0.270693512,0.333333333,0.407158836,0.740492169,0.136465324,3.3354313890275264,0.320113314,-0.20986462908331305,62.968466486304564,9.734455670684136,0.33619602993736425,117.3176712493787,"sa875695"
"Anthony Miller","OAK","AA",24,93,0.139784946,0.430107526,0.325,0.1875,0.301075268,0.225,0.526075268,0.0375,1.08035714,0.375,-0.04663419909775257,6.025484723064982,-4.985911372091689,0.2545219232206759,51.88657623716205,"sa875767"
"Scott Burcham","COL","AA",26,249,0.100401606,0.261044176,0.384615384,0.2,0.287449392,0.295454545,0.582903937,0.095454545,3.9913398050166187,0.269736842,0.2292421567835845,20.08580089973277,-6.855802135001954,0.27256161774077065,69.21691008712865,"sa875782"
"Jonathan Morales","ATL","AA",24,178,0.095505617,0.13483146,0.708333333,0.201298701,0.27840909,0.253246753,0.531655843,0.051948052,0.81994047125,0.231343283,-0.08130356180481613,11.354945369905614,-8.302214360886433,0.253790426322005,61.37259530195391,"sa875808"
"Logan Hill","PIT","AA",26,458,0.091703056,0.262008733,0.35,0.257985257,0.331877729,0.427518427,0.759396156,0.16953317,3.376829748233553,0.333333333,-0.5850087933940813,61.08831488768991,11.533077177213997,0.3434524597299151,124.33613720918079,"sa875822"
"A.J. Kennedy","SDP","AA",25,67,0.074626865,0.373134328,0.2,0.163934426,0.227272727,0.311475409,0.538748136,0.147540983,0.47939559625,0.235294117,-0.019430916290730238,3.8854505771128647,-4.04749069574194,0.2458755256551685,36.248945546324805,"sa876029"
"Collin Theroux","OAK","AA",25,364,0.134615384,0.489010989,0.275280898,0.179738562,0.297520661,0.339869281,0.637389942,0.160130719,1.555900615,0.358333333,-0.16127660521306098,35.47728489990053,-7.62108261232557,0.2960790515602784,79.34597897732941,"sa876102"
"L.T. Tolbert","ARI","AA",23,112,0.035714285,0.169642857,0.210526315,0.254716981,0.294642857,0.320754716,0.615397573,0.066037735,2.64285714,0.302325581,-0.055524383671581745,9.894533647439323,-2.474016295530952,0.2867411013160433,76.99562863093495,"sa876146"
"Jordan George","KCR","AA",26,112,0.178571428,0.178571428,1,0.274725274,0.410714285,0.329670329,0.740384614,0.054945055,2.1545452729346475,0.352112676,-0.30453852633945644,16.11564398440685,2.8546078267988175,0.35512354384575573,119.3105253121965,"sa876211"
"Dalton Kelly","TBR","AA",24,205,0.175609756,0.209756097,0.837209302,0.277777777,0.429268292,0.376543209,0.805811501,0.098765432,3.5544102386264766,0.362068965,-0.6890266709960997,33.19605995510096,10.557196220200005,0.3855009020828619,145.88369949763418,"sa876363"
"Nash Knight","TOR","AA",26,415,0.127710843,0.207228915,0.616279069,0.252148997,0.364734299,0.381088825,0.745823124,0.128939828,3.1183083301654126,0.313953488,-2.256861515750643,55.620568094365524,10.717896369807645,0.34431967515389894,120.76020726371222,"sa876814"
"Arquimedes Gamboa","PHI","AA",21,421,0.140142517,0.266033254,0.526785714,0.188202247,0.304556354,0.269662921,0.574219275,0.081460674,6.508331415886972,0.264462809,1.1457296145963483,34.8455752737708,-10.706291704636103,0.2753893587229063,68.97256687630285,"sa877497"
"Peter Maris","SFG","AA",25,146,0.05479452,0.184931506,0.296296296,0.222222222,0.273972602,0.325925925,0.599898527,0.103703703,6.190836591657697,0.268518518,0.2139733099611476,11.953126553012098,-3.843957957314288,0.2741819187386395,79.609740469281,"sa877608"
"Anibal Sierra","HOU","AA",25,358,0.067039106,0.315642458,0.21238938,0.203703703,0.273743016,0.283950617,0.557693633,0.080246914,2.230190288690628,0.29326923,-1.4090770645998418,25.08298727934723,-17.304967581578442,0.26122965259924946,63.185748188979154,"sa908626"
"Logan Ice","CLE","AA",24,281,0.128113879,0.263345195,0.486486486,0.179916317,0.29390681,0.255230125,0.549136935,0.075313808,1.9345238025,0.24074074,-0.018914881686214358,21.223893164864975,-9.180084557064573,0.2656547207131608,74.4473855580664,"sa913305"
"Eddy Martinez","CHC","AA",24,160,0.1,0.1875,0.533333333,0.212765957,0.295597484,0.304964539,0.600562023,0.092198582,2.509350701629167,0.247706422,-0.8530611973255873,13.873215919456419,-3.7961411419296898,0.2845448780359712,73.90956210788379,"sa914203"
"Omar Estevez","LAD","AA",21,336,0.092261904,0.208333333,0.442857142,0.290969899,0.352238805,0.431438127,0.783676932,0.140468228,1.475913106702825,0.355263157,-0.9958638418465853,47.477225345091504,7.694116872267409,0.35183150750487596,117.32249667959643,"sa914242"
"Willy Yahn","BAL","AA",23,116,0.025862068,0.198275862,0.130434782,0.223214285,0.24137931,0.303571428,0.544950738,0.080357143,4.00663954792528,0.277777777,0.19507695158245042,7.033060080326853,-5.518048160754385,0.24561712659638504,49.54991608885368,"sa915589"
"Tyler Friis","CLE","AA",23,82,0.109756097,0.146341463,0.75,0.25,0.341463414,0.333333333,0.674796747,0.083333333,5.145768058440415,0.288135593,0.4155279607512057,9.274845336485253,0.4025102005485158,0.31618966561991996,108.8150296757011,"sa915593"
"Brett Cumberland","BAL","AA",24,157,0.146496815,0.216560509,0.676470588,0.248,0.394904458,0.408,0.802904458,0.16,1.64285714,0.306818181,-0.012955398415215313,24.416550454735173,7.429274645685567,0.3732247865124113,136.33292635570703,"sa915611"
"Donovan Casey","LAD","AA",23,101,0.06930693,0.336633663,0.205882352,0.212765957,0.267326732,0.351063829,0.618390561,0.138297872,5.049296167517008,0.298245614,0.363081265008077,8.28143136697037,-3.6771815965868733,0.2764028596878052,67.48205530864189,"sa915654"
"Kevin Merrell","KCR","AA",23,494,0.05465587,0.212550607,0.257142857,0.241758241,0.287169042,0.329670329,0.616839371,0.087912088,7.577393623746056,0.305949008,1.707758467644453,41.76776345389425,-16.722878169841188,0.2796112797698196,68.83101042470777,"sa915707"
"Jordan Zimmerman","LAA","AA",24,134,0.067164179,0.223880597,0.3,0.272,0.320895522,0.416,0.736895522,0.144,5.220460199537133,0.344086021,0.34050959488376975,16.808533724464038,2.0104471855531743,0.33652200227353113,108.45404533767575,"sa915727"
"Zach Kirtley","STL","AA",22,217,0.096774193,0.258064516,0.375,0.229946524,0.319248826,0.379679144,0.69892797,0.14973262,3.854027734157815,0.299212598,0.3028454245068133,25.232624688489675,-0.46063286687588684,0.3200077666363246,92.96249786900557,"sa915820"
"Colton Shaver","HOU","AA",23,227,0.149779735,0.321585903,0.465753424,0.223404255,0.356828193,0.5,0.856828193,0.276595745,2.61211943375,0.27,-0.1146424061153084,37.324863418024215,10.447584777157934,0.3812432821873015,142.48628508452515,"sa915847"
"Carlos Rincon","LAD","AA",21,277,0.072202166,0.303249097,0.238095238,0.216535433,0.281588447,0.377952755,0.659541202,0.161417322,2.4098176864134646,0.28125,0.09312996338121593,26.987835171118697,-5.809548897251168,0.29603318842974574,80.45304547047039,"sa917319"
"Hudson Potts","SDP","AA",20,448,0.071428571,0.285714285,0.25,0.227383863,0.290178571,0.40586797,0.696046541,0.178484107,3.782924988033591,0.288389513,0.012685873080044985,49.480704318588415,-3.563440311843714,0.31259121280163527,80.33218699340121,"sa917936"
"Alexis Torres","BAL","AA",21,55,0.054545454,0.309090909,0.176470588,0.25490196,0.309090909,0.392156862,0.701247771,0.137254902,0.4107142775,0.34375,-0.0036275115562602878,6.407327070685835,0.4563705770697314,0.32074717825109306,100.64412194131049,"sa918010"
"Henri Lartigue","PHI","AA",24,287,0.135888501,0.306620209,0.443181818,0.136363636,0.258741258,0.247933884,0.506675142,0.111570248,3.6968168090333524,0.173333333,-0.17257160495501012,17.389755593997055,-13.663417381781523,0.24556555968898158,48.690092771998636,"sa918028"
"Nate Nolan","CHW","AA",24,174,0.06321839,0.367816091,0.171875,0.188679245,0.252873563,0.320754716,0.573628279,0.132075471,2.22055984,0.282608695,-0.06147342477925122,12.81084032342482,-6.404585480832572,0.2669878776731162,67.41060841137187,"sa918101"
"Troy Montgomery","DET","AA",24,63,0.126984126,0.253968253,0.5,0.150943396,0.262295081,0.245283018,0.507578099,0.094339622,2.8655360587446927,0.194444444,-0.3816218635183759,3.82135603917507,-2.99519412623974,0.2456529208871185,52.05654750016999,"sa918108"
"Tyler Neslony","ATL","AA",25,217,0.096774193,0.198156682,0.488372093,0.291666666,0.368663594,0.458333333,0.826996927,0.166666667,6.337739953967409,0.351724137,-0.09470447315834463,33.57032140855585,9.606255894050939,0.37579769558376735,142.31215671328263,"sa918131"
"Mitchell Kranson","MIN","AA",25,134,0.074626865,0.141791044,0.526315789,0.216666666,0.287878787,0.333333333,0.62121212,0.116666667,1.66629464,0.226804123,-0.06345643848180771,12.322804903011447,-2.475281635899418,0.29159559174017474,79.62711207269882,"sa918156"
"Josh Stephen","PHI","AA",21,403,0.096774193,0.272952853,0.354545454,0.270718232,0.342431761,0.483425414,0.825857175,0.212707182,5.57872209283232,0.356846473,-0.8925813478999771,61.121931413159025,17.51765019629921,0.3680444692732985,131.98515887479667,"sa918203"
"Mitch Roman","CHW","AA",24,139,0.107913669,0.26618705,0.405405405,0.165289256,0.26618705,0.231404958,0.497592008,0.066115702,4.526927603638198,0.226190476,-0.2503267601132393,7.822818237930106,-7.527435709149076,0.24370808352669365,51.96680461706802,"sa918259"
"Carmen Benedetti","HOU","AA",24,82,0.109756097,0.402439024,0.272727272,0.164383561,0.25609756,0.219178082,0.475275642,0.054794521,6.105574507173483,0.3,0.1650243536569178,3.7443001887243064,-5.964672712381574,0.2301942931442726,42.678738477051056,"sa918269"
"Alex Kowalczyk","TEX","AA",25,187,0.042780748,0.315508021,0.13559322,0.25,0.288770053,0.323863636,0.612633689,0.073863636,2.4824103590204274,0.356521739,-0.30376119283027947,15.94424032014351,-6.1969539787199,0.28056042462109243,70.03041579643026,"sa918272"
"Chris Baker","SDP","AA",24,120,0.116666666,0.308333333,0.378378378,0.192307692,0.283333333,0.269230769,0.552564102,0.076923077,3.5797675638140403,0.268656716,-0.26878554350696504,8.096488350214393,-6.111764675794213,0.2579311788583002,44.214872207458214,"sa918365"
"Jacob Zanon","NYM","AA",24,53,0.056603773,0.264150943,0.214285714,0.1875,0.23076923,0.25,0.48076923,0.0625,2.1220238025,0.257142857,-0.0023319717147387564,2.254973306385349,-3.4795847692810784,0.221298866547071,42.26712674588235,"sa918370"
"Jim Haley","TBR","AA",24,142,0.042253521,0.16197183,0.260869565,0.285714285,0.316901408,0.541353383,0.858254791,0.255639098,8.824434418678544,0.288461538,0.9687519802246243,22.57878473974181,6.897230347761639,0.3815733849162787,143.27818657350926,"sa918418"
"Brandon Van Horn","SFG","AA",25,147,0.047619047,0.265306122,0.179487179,0.184615384,0.237762237,0.246153846,0.483916083,0.061538462,2.2678571400000003,0.247311827,-0.007514131080824882,6.695320061286501,-9.209963658014724,0.22533290577935172,46.38865957209018,"sa918436"
"Chris Clare","BAL","AA",24,118,0.101694915,0.220338983,0.461538461,0.168316831,0.275862068,0.207920792,0.48378286,0.039603961,3.756786812243375,0.226666666,-0.18550848006270826,6.566712553908538,-6.200794105122377,0.23892039009209337,44.995620890675156,"sa918466"
"Joel Booker","CHW","AA",25,301,0.059800664,0.215946843,0.276923076,0.257352941,0.317725752,0.327205882,0.644931634,0.069852941,5.7826706905634015,0.325242718,2.463652277830988,30.1135326635199,-3.1269453082127154,0.3024444795372494,90.93250035587475,"sa918497"
"Charlie Madden","BOS","AA",23,75,0.013333333,0.373333333,0.035714285,0.225352112,0.243243243,0.492957746,0.736200989,0.267605634,0.14285714,0.282051282,-0.0023319717147387564,8.955460913215845,0.8405202401029765,0.3246595948129087,108.51677288335398,"sa918568"
"Chad Sedio","DET","AA",25,83,0.036144578,0.192771084,0.1875,0.213333333,0.289156626,0.4,0.689156626,0.186666667,4.44841269,0.258620689,-0.003886619524564594,9.16548097779758,0.1849466328860047,0.31258507593568546,97.57555398132331,"sa918611"
"Connor Myers","CHC","AA",25,375,0.050666666,0.296,0.171171171,0.263313609,0.316216216,0.387573964,0.70379018,0.124260355,7.638724662272123,0.377192982,0.3193855832796544,43.00158952489684,1.5890339122731556,0.3220734481875961,98.80599677809879,"sa918641"
"Ben Ruta","NYY","AA",25,497,0.094567404,0.171026156,0.552941176,0.260180995,0.329979879,0.395927601,0.72590748,0.135746606,6.505561988621477,0.30140845,1.9418430069927126,60.81594607470213,7.0409392142075165,0.3286401302583756,118.08760846849509,"sa918694"
"Bret Boswell","COL","AA",24,404,0.07920792,0.301980198,0.262295081,0.219178082,0.28960396,0.397260273,0.686864233,0.178082191,2.775456476054414,0.282608695,-2.0467563020065427,44.00595626096841,0.2934758351337561,0.3105653896557158,95.06239405293587,"sa918769"
"Zach Davis","CHC","AA",25,87,0.126436781,0.16091954,0.785714285,0.226666666,0.325581395,0.266666666,0.592248061,0.04,9.319315996508793,0.278688524,1.761571351904422,7.703739178572377,-1.9039737235563194,0.2870157894700073,75.54876351749843,"sa918888"
"Nate Easley","SDP","AA",23,57,0.087719298,0.508771929,0.172413793,0.134615384,0.210526315,0.153846153,0.364372468,0.019230769,6.846700277412706,0.304347826,0.5786260010208935,0.42052360152836316,-6.3283965858257245,0.1815025712314405,-6.2863053653962115,"sa919164"
"Yariel Gonzalez","STL","AA",25,234,0.072649572,0.145299145,0.5,0.274418604,0.329059829,0.474418604,0.803478433,0.2,2.6188981950860803,0.280701754,-1.152727404376492,33.25529142682758,5.549198026110805,0.3528685169818597,114.67565790037972,"sa920278"
"Luis Santana","HOU","AA",19,66,0.09090909,0.136363636,0.666666666,0.228070175,0.333333333,0.263157894,0.596491227,0.035087719,1.1625939775,0.270833333,-0.038861832581460476,6.132055469120191,-1.6824836951845419,0.2902856640743487,82.3848784704943,"sa921577"
"J.C. Millan","MIA","AA",23,293,0.071672354,0.160409556,0.44680851,0.267657992,0.321917808,0.371747211,0.693665019,0.104089219,1.7622860962648659,0.307339449,-1.1113200122490525,33.33083670362077,0.973826584957454,0.32084709140535905,105.687003017722,"sa922148"
"Alfredo Rodriguez","CIN","AA",25,436,0.050458715,0.142201834,0.354838709,0.286063569,0.324884792,0.347188264,0.672073056,0.061124695,4.688418729534082,0.334293948,-1.1178115133661777,46.16674010900218,-1.9822578832749729,0.31028490239973705,84.58760213507664,"sa922180"