Name,Team,Level,Age,PA,BB%,K%,BB/K,AVG,OBP,SLG,OPS,ISO,Spd,BABIP,wSB,wRC,wRAA,wOBA,wRC+,PlayerId
"Drew Maggi","PIT","AA",34,141,0.063829787,0.191489361,0.333333333,0.181102362,0.257142857,0.22047244,0.477615297,0.039370078,5.456110780377015,0.23,0.5317464740946889,6.405702755603123,-11.028241216388416,0.23237948162215097,34.70253343233301,"11381"
"Jorge Bonifacio","KCR","AA",30,508,0.12007874,0.198818897,0.603960396,0.266666666,0.354330708,0.48275862,0.837089328,0.216091954,5.195350684106298,0.29283489,0.20268546743318439,80.38309281359683,11.603565566644772,0.36998324116776443,115.38992961658587,"12174"
"Jose Briceno","KCR","AA",30,67,0.029850746,0.23880597,0.125,0.246153846,0.268656716,0.292307692,0.560964408,0.046153846,0.5595238025,0.326530612,-0.11247908463701606,4.306646943972354,-4.764668657495732,0.25912440801734354,45.96077391735799,"13151"
"Jack Reinheimer","KCR","AA",30,82,0.048780487,0.353658536,0.137931034,0.131578947,0.185185185,0.171052631,0.356237816,0.039473684,7.102206597400073,0.212765957,0.7100167442113161,-0.670289176173269,-11.772496330208837,0.17363761604568104,-7.578268677242222,"14938"
"Domingo Leyba","PIT","AA",27,114,0.105263157,0.105263157,1,0.343137254,0.412280701,0.490196078,0.902476779,0.147058824,2.601870013056244,0.367816091,-0.1288269143551588,21.303411587953107,7.207882419108883,0.40811834837261,149.18507593492728,"16404"
"Chris Shaw","CHW","AA",29,225,0.155555555,0.368888888,0.421686746,0.19680851,0.328888888,0.425531914,0.754420802,0.228723404,2.9841079185644817,0.268817204,-0.235720818862319,30.762345582763913,0.7644964908764418,0.34334650940365263,103.15487342145006,"17738"
"Lucius Fox","WSN","AA",25,71,0.098591549,0.295774647,0.333333333,0.163934426,0.246376811,0.229508196,0.475885007,0.06557377,1.47098214,0.225,-0.12980009894818068,3.0167362666751094,-5.76205821567524,0.228724996248881,37.73365615995509,"18899"
"Yusniel Diaz","LAD","AA",26,406,0.137931034,0.192118226,0.717948717,0.278260869,0.374384236,0.484057971,0.858442207,0.205797102,3.8498132414866477,0.3125,-1.3464421080425382,68.89125707418303,13.921792384689851,0.38349128503517566,127.97271856790242,"18905"
"Donovan Walton","SFG","AA",29,76,0.131578947,0.118421052,1.111111111,0.311475409,0.413333333,0.459016393,0.872349726,0.147540984,4.611717803516183,0.326923076,0.18366650771349669,13.130873089836552,3.733853643940402,0.39060256771139196,141.10563836331036,"19314"
"Daniel Johnson","SDP","AA",27,412,0.097087378,0.186893203,0.519480519,0.263157894,0.33737864,0.434903047,0.772281687,0.171745153,6.6428389085131485,0.294964028,0.5752448416315019,56.603285885133836,0.82146457461366,0.3453848991370839,110.07919014111899,"19643"
"Carlos Narvaez","NYY","AA",24,60,0.116666666,0.283333333,0.411764705,0.235294117,0.35,0.450980392,0.800980392,0.215686275,2.9989495794642855,0.3125,-0.785613602027297,9.0279564221353,1.60925685958571,0.36288435061772667,125.69205527002958,"19722"
"Greg Deichmann","OAK","AA",28,225,0.124444444,0.293333333,0.424242424,0.23076923,0.328888888,0.451282051,0.780170939,0.220512821,7.454125284147921,0.291666666,0.5146764391101897,31.485948691996615,1.0225754034843835,0.3483947457207574,102.30120957718442,"19872"
"Aaron Whitefield","LAA","AA",26,118,0.101694915,0.398305084,0.255319148,0.19047619,0.279661016,0.323809523,0.603470539,0.133333333,6.555072058010007,0.309090909,1.2689950373023748,10.028704817707418,-5.703500483815793,0.28153197644120553,66.21803414755738,"19938"
"Blake Rutherford","WSN","AA",26,141,0.063829787,0.177304964,0.36,0.341085271,0.390070921,0.6124031,1.002474021,0.271317829,4.787472309037068,0.37755102,-0.3351003145799041,29.671684593100398,12.237740621108857,0.4373980481573876,173.6706971571724,"19957"
"Ryan Aguilar","LAA","AA",28,80,0.1375,0.3875,0.354838709,0.169230769,0.3125,0.23076923,0.54326923,0.061538461,3.8923891273469775,0.294117647,-0.24868555925786495,6.431432715445567,-4.234469183892202,0.27604013606905936,62.76815748750103,"19967"
"Jorge Ona","SDP","AA",26,123,0.073170731,0.333333333,0.219512195,0.218181818,0.300813008,0.39090909,0.691722098,0.172727272,4.394122867814605,0.318181818,0.22003347054123878,13.729833362176745,-2.9234773688766076,0.3149883674412239,91.04231710309199,"20040"
"Mario Feliciano","DET","AA",24,154,0.058441558,0.136363636,0.428571428,0.221428571,0.279220779,0.271428571,0.55064935,0.05,1.39285714,0.256198347,-0.3115202374756336,10.279921051955126,-8.761407825255493,0.2588720035243344,55.802389998157324,"20263"
"Irving Lopez","STL","AA",28,277,0.10469314,0.194945848,0.537037037,0.247863247,0.344322344,0.393162393,0.737484737,0.145299146,1.98660714,0.289772727,-0.5623954231850803,36.690033826621,-0.8137635107918363,0.33956607990649157,95.50569251003434,"20463"
"Seth Beer","ARI","AA",26,359,0.09470752,0.22562674,0.419753086,0.28990228,0.387186629,0.48208469,0.869271319,0.19218241,2.07467532125,0.353488372,-0.7723563811741769,62.83517255259802,14.229168061149618,0.38979836595192385,112.6736465201722,"20493"
"Jose Devers","MIA","AA",23,420,0.085714285,0.147619047,0.580645161,0.27613941,0.351674641,0.420911528,0.772586169,0.144772118,6.0871503459043765,0.314754098,-0.8281582985073328,60.67144653339527,4.67546156187199,0.3525881149837275,107.34318179449699,"20540"
"Leo Rivas","SEA","AA",25,436,0.197247706,0.20412844,0.966292134,0.255319148,0.410672853,0.346504559,0.757177412,0.091185411,7.377361708025031,0.323770491,4.078719137702137,67.44169415295146,8.410446358323313,0.36579264925140237,126.31498324063936,"21009"
"Tyler Payne","LAA","AA",30,157,0.070063694,0.203821656,0.34375,0.3125,0.369426751,0.472222222,0.841648973,0.159722222,1.2005494462500002,0.379629629,-0.3406544607132673,26.255752511714043,5.323920034263673,0.37980558234415235,127.95176934927062,"21139"
"Hayden Senger","NYM","AA",26,309,0.116504854,0.307443365,0.378947368,0.187739463,0.307443365,0.295019157,0.602462522,0.107279694,3.754952598417942,0.26993865,-1.3716607745736837,28.059894383627377,-10.146408363503014,0.2887611886830006,77.29648406927461,"21489"
"Brandon Lockridge","NYY","AA",26,114,0.122807017,0.192982456,0.636363636,0.3125,0.394736842,0.510416666,0.905153508,0.197916666,8.481914478003565,0.373333333,2.2499729869887233,20.46930954888727,6.373780380043049,0.39902748245941966,149.236975661026,"21496"
"Griffin Conine","MIA","AA",25,353,0.133144475,0.339943342,0.391666666,0.253424657,0.37037037,0.493150684,0.863521054,0.239726027,3.236122188702197,0.356687898,-1.0270059257745743,60.567293779619774,13.504001648791878,0.384996942622321,127.70183216919445,"21626"
"Luis De Los Santos","TOR","AA",25,85,0.082352941,0.305882352,0.269230769,0.256410256,0.317647058,0.384615384,0.702262442,0.128205128,3.9883174173114635,0.372549019,-0.4288802957162261,9.854789185030977,-0.6550351952476101,0.31998479085810044,93.9115852249864,"21682"
"Miguel Amaya","CHC","AA",24,56,0.142857142,0.303571428,0.470588235,0.272727272,0.410714285,0.659090909,1.069805194,0.386363637,4.2759189696250886,0.333333333,0.08908924832940102,12.889842174203288,5.423710844666848,0.45501378710780827,171.94252508702644,"21693"
"Sebastian Rivero","CHW","AA",24,54,0.092592592,0.166666666,0.555555555,0.166666666,0.259259259,0.1875,0.446759259,0.020833334,2.64285714,0.205128205,-0.10298855789005756,2.106867452514332,-5.092616329538662,0.22659946039870935,29.816449104646864,"21735"
"Dane Myers","MIA","AA",27,215,0.125581395,0.172093023,0.729729729,0.291208791,0.395348837,0.461538461,0.856887298,0.17032967,7.457395432393737,0.330935251,1.77897122874856,37.93382743122152,9.26921607675127,0.39080131275709284,131.3480344797784,"22054"
"Jeremiah Jackson","LAA","AA",23,500,0.096,0.288,0.333333333,0.252272727,0.328,0.45,0.778,0.197727273,5.161165616566883,0.316725978,0.27372308168560266,69.53986257692702,4.339471641982876,0.3470372529029846,109.82094878218827,"22239"
"Joe Perez","PIT","AA",23,107,0.186915887,0.224299065,0.833333333,0.34117647,0.476635514,0.623529411,1.100164925,0.282352941,2.985963765632956,0.407407407,-0.38702035415917635,26.555565079281983,13.325550859401881,0.4842960812221064,198.8099580111112,"22254"
"Livan Soto","LAA","AA",23,127,0.149606299,0.267716535,0.558823529,0.205607476,0.330708661,0.271028037,0.601736698,0.065420561,3.2210571867352202,0.291666666,-0.5595963168889284,12.441731630929722,-4.490387634268985,0.29703847019691165,75.95893833669606,"22471"
"Johnathan Rodriguez","CLE","AA",23,363,0.093663911,0.26721763,0.350515463,0.288819875,0.363636363,0.51242236,0.876058723,0.223602485,3.436182108886829,0.358851674,-1.095187470316887,61.679712224912464,16.796579871487435,0.38705144397439717,141.14075118870335,"22530"
"Lawrence Butler","OAK","AA",22,318,0.094339622,0.188679245,0.5,0.285211267,0.352201257,0.464788732,0.816989989,0.179577465,6.712373663019038,0.32718894,1.0468124388717115,48.36291337068508,5.308012456254456,0.36272709015049515,111.2773330368011,"22542"
"Tirso Ornelas","SDP","AA",23,312,0.141025641,0.189102564,0.745762711,0.284090909,0.381410256,0.473484848,0.854895104,0.189393939,2.3847437409397068,0.323232323,-1.773974187206477,53.158264218368146,10.915719924964522,0.3843126757404743,134.459048615313,"22566"
"Steward Berroa","TOR","AA",24,396,0.143939393,0.267676767,0.537735849,0.271604938,0.379844961,0.413580246,0.793425207,0.141975308,7.534229461073988,0.376744186,3.2652251264080405,60.007539468835,11.044122356007703,0.3642116347640676,122.72252290111237,"22766"
"Wenceel Perez","DET","AA",23,343,0.102040816,0.151603498,0.673076923,0.27090301,0.352769679,0.374581939,0.727351618,0.103678929,7.253512143214846,0.306122448,2.0355858579277992,44.1573014968177,1.7470689975758718,0.33588833190261796,105.97356300042986,"22857"
"Israel Pineda","WSN","AA",23,107,0.06542056,0.317757009,0.205882352,0.153061224,0.214953271,0.214285714,0.429238985,0.06122449,1.0059523774999999,0.21875,-0.16441345866769552,2.4542052990942125,-10.775808920785892,0.20443101686852,21.907694729814814,"22906"
"David Banuelos","MIN","AA",26,178,0.117977528,0.382022471,0.308823529,0.269736842,0.369318181,0.526315789,0.89563397,0.256578947,4.417611373191296,0.418918918,-0.1524344622157514,32.111152043029975,8.011238952562522,0.39613607491959224,129.18067970345228,"23250"
"Eric Wagaman","NYY","AA",25,136,0.088235294,0.198529411,0.444444444,0.319672131,0.382352941,0.5,0.882352941,0.180327869,5.589898612503468,0.373626373,0.9571661725640297,23.90532791453297,7.089608906087225,0.39432980207835927,146.17673973352342,"23395"
"Luis Vazquez","CHC","AA",23,258,0.062015503,0.251937984,0.246153846,0.284482758,0.33984375,0.48275862,0.82260237,0.198275862,3.307096883502172,0.345911949,-2.956501465290785,39.60104956647297,5.203515941108668,0.36338585358040004,114.38348333325689,"23442"
"Chandler Seagle","SDP","AA",27,187,0.053475935,0.294117647,0.181818181,0.2,0.258064516,0.270588235,0.528652751,0.070588235,4.749371592783311,0.284482758,-0.6382461539469659,10.333226480516402,-14.98522154149154,0.24848121757148414,49.38992791410733,"23552"
"Jose Tena","CLE","AA",22,362,0.113259668,0.287292817,0.394230769,0.259740259,0.352777777,0.37012987,0.722907647,0.110389611,5.280959195960158,0.370731707,-0.7082745861262083,46.25608963031452,1.4966022695986587,0.33469649718867406,107.03487847286057,"23691"
"Everson Pereira","NYY","AA",22,185,0.102702702,0.291891891,0.351851851,0.29090909,0.362162162,0.545454545,0.907616707,0.254545455,5.2909805401589916,0.372549019,0.13747953809797764,33.196852265142915,10.322528613948343,0.39888720319077775,149.14559276075195,"23695"
"Leo Jimenez","TOR","AA",22,333,0.096096096,0.159159159,0.603773584,0.287197231,0.372372372,0.435986159,0.808358531,0.148788928,5.982766582242314,0.324675324,-0.12114747520536184,51.38762183704803,10.213839264897802,0.36766945886182356,124.97507238864233,"23782"
"Will Banfield","MIA","AA",23,495,0.05050505,0.246464646,0.204918032,0.257641921,0.301619433,0.47161572,0.773235153,0.213973799,4.584022284265021,0.298742138,-0.1842974703758955,66.05106038418461,0.055792382032164654,0.3394212438027386,99.07198698635104,"23790"
"Anthony Seigler","NYY","AA",24,264,0.200757575,0.181818181,1.104166666,0.165853658,0.333333333,0.263414634,0.596747967,0.097560976,3.677663512536207,0.184713375,-1.410167588852346,24.374973659951284,-8.267304415266919,0.29065066690189173,78.63646694727503,"23802"
"Jorbit Vivas","LAD","AA",22,491,0.109979633,0.105906313,1.038461538,0.27970297,0.391393442,0.435643564,0.827037006,0.155940594,6.580265955345819,0.291907514,1.1536137079820037,81.99290344043787,15.515053286395633,0.38031588787915277,125.9840169255781,"23917"
"Ceddanne Rafaela","BOS","AA",22,266,0.052631578,0.206766917,0.254545454,0.293877551,0.332075471,0.440816326,0.772891797,0.146938775,6.34237642941917,0.351063829,1.9969722898676991,35.85185826992018,2.962290209283655,0.34339658238671045,106.82472323219305,"24262"
"Liover Peguero","PIT","AA",22,318,0.10062893,0.182389937,0.551724137,0.259649122,0.333333333,0.452631578,0.785964911,0.192982456,6.642388518658323,0.29032258,1.862952632829547,45.091268656092,5.772160974579171,0.3521126351266537,112.70096422062684,"24273"
"Johan Rojas","PHI","AA",22,354,0.06779661,0.166666666,0.406779661,0.30625,0.360795454,0.484375,0.845170454,0.178125,8.341918223568088,0.349019607,1.7373720919713378,57.13301462752347,13.362687208480883,0.3764606741341678,125.11045934076309,"24336"
"Jose Rodriguez","CHW","AA",22,404,0.044554455,0.235148514,0.189473684,0.264397905,0.297029702,0.45026178,0.747291482,0.185863875,6.309045648895006,0.305147058,2.12776312045753,50.65664509137225,-3.2061595002834844,0.3298038925864909,94.64764187288367,"24388"
"Tyler Cropley","KCR","AA",27,168,0.113095238,0.232142857,0.487179487,0.234482758,0.329341317,0.358620689,0.687962006,0.124137931,1.5778010025227998,0.291262135,-0.8103375253267586,19.55166593885252,-3.1943194499032797,0.3205979691294139,84.46070508698106,"24485"
"Max Schuemann","OAK","AA",26,65,0.169230769,0.292307692,0.578947368,0.269230769,0.4,0.442307692,0.842307692,0.173076923,7.765044996539492,0.393939393,0.44252929044887424,11.115812349903605,2.315282288777849,0.3850600783641522,125.26413473632023,"24488"
"DaShawn Keirsey Jr.","MIN","AA",26,397,0.078085642,0.234256926,0.333333333,0.304709141,0.362720403,0.487534626,0.850255029,0.182825485,8.011446807650815,0.377431906,3.018150720279664,65.8587015081913,12.107771750238614,0.37901714721915103,118.45936266500709,"24496"
"Mickey Gasper","NYY","AA",27,188,0.138297872,0.143617021,0.962962962,0.269230769,0.388297872,0.423076923,0.811374795,0.153846154,5.219559969045194,0.29032258,0.6399128651246428,29.99468147638473,6.749422847062679,0.37416640367913756,133.0415855304785,"24759"
"Bryan Lavastida","CLE","AA",24,247,0.137651821,0.153846153,0.894736842,0.246305418,0.367346938,0.349753694,0.717100632,0.103448276,4.23485890485073,0.282208588,-0.5952408397570252,32.424002554772485,1.8836893556099996,0.3390352677325813,109.86130777894674,"24765"
"Andy Pages","LAD","AA",22,142,0.176056338,0.225352112,0.78125,0.284403669,0.429577464,0.495412844,0.924990308,0.211009175,6.576325237585166,0.363636363,-0.3411408360116184,27.61094966098557,8.385176296680074,0.41270609200000763,146.26949586423197,"24816"
"Heriberto Hernandez","TBR","AA",23,478,0.158995815,0.280334728,0.567164179,0.249357326,0.375527426,0.411311053,0.786838479,0.161953727,4.996862333800593,0.341463414,-0.6737463921308517,73.61441139146399,9.88564754292082,0.36399835838547234,115.34306328255421,"24878"
"Justin Dean","ATL","AA",26,236,0.165254237,0.305084745,0.541666666,0.227979274,0.365957446,0.331606217,0.697563663,0.103626943,7.482136357128338,0.336206896,1.4576157163828611,30.938589256242498,-0.5258213468039188,0.33662428881259676,107.25665344031037,"25005"
"Levi Jordan","CHC","AA",27,210,0.147619047,0.185714285,0.794871794,0.235294117,0.371428571,0.288235294,0.659663865,0.052941177,6.0505790539172395,0.300751879,1.3868934195488691,25.779311589387014,-2.218680896374627,0.32666240334510804,91.31446361337672,"25138"
"Ronny Simon","TBR","AA",23,416,0.103365384,0.216346153,0.477777777,0.239669421,0.322891566,0.391184573,0.714076139,0.151515152,7.475753195066241,0.287313432,-0.2807365860790014,50.70817277004534,-4.754517106511058,0.3256300437881286,91.2407689612524,"25346"
"Austin Shenton","TBR","AA",25,306,0.150326797,0.258169934,0.582278481,0.307086614,0.415032679,0.566929133,0.981961812,0.259842519,1.2380406212500001,0.386503067,-0.7050755117088556,64.19433563801282,23.397260873045845,0.43064962131412404,157.21220381822042,"25425"
"Will Wilson","SFG","AA",24,156,0.064102564,0.185897435,0.344827586,0.215277777,0.275641025,0.354166666,0.629807691,0.138888889,4.859284077735525,0.236363636,-0.32644697465002537,13.973642840068976,-5.314976022559959,0.28722785604305756,73.7636778676387,"25434"
"Greg Jones","TBR","AA",25,92,0.097826086,0.391304347,0.25,0.172839506,0.263736263,0.358024691,0.621760954,0.185185185,9.375,0.261904761,2.2653226908296347,7.914425442010299,-4.351361742228136,0.28277148060746243,64.31778016674225,"25448"
"Will Robertson","TOR","AA",25,412,0.097087378,0.264563106,0.366972477,0.245179063,0.322815533,0.487603305,0.810418838,0.242424242,5.861142229960169,0.291666666,-0.24088747613132,60.02136318566732,9.079626189493453,0.3569415231931557,117.98651388782251,"25467"
"Logan Driscoll","TBR","AA",25,353,0.062322946,0.254957507,0.244444444,0.262658227,0.328611898,0.414556962,0.74316886,0.151898735,5.447861931225921,0.331818181,-0.3794727362692356,46.28566447334534,-0.7776276574825571,0.33665433466941036,98.16603284872824,"25475"
"Isaac Collins","MIL","AA",25,376,0.199468085,0.146276595,1.363636363,0.268965517,0.424,0.431034482,0.855034482,0.162068965,6.704850688963235,0.296943231,0.5401503629982471,68.6008699174397,18.471130990552176,0.39798583141962685,134.35338282056486,"25477"
"Marco Luciano","SFG","AA",21,242,0.14876033,0.297520661,0.5,0.227722772,0.338842975,0.450495049,0.789338024,0.222772277,4.4482647258015025,0.284552845,0.6894529620185494,34.53006212802129,4.607973892404609,0.3532181539811379,116.75210284241967,"25616"
"Bryan Ramos","CHW","AA",21,342,0.111111111,0.219298245,0.506666666,0.271477663,0.368731563,0.457044673,0.825776236,0.18556701,3.6497017697135705,0.31862745,-1.3916447833180428,55.63163271373409,10.034902094065124,0.37434673907130867,122.62866754868875,"25621"
"Drew Millas","WSN","AA",25,99,0.161616161,0.161616161,1,0.341463414,0.454545454,0.536585365,0.991130819,0.195121951,2.97088936035977,0.387096774,-0.3524069944396615,21.526040027331288,9.285185749124462,0.4460920444642655,179.334275283762,"25643"
"Dustin Harris","TEX","AA",23,278,0.158273381,0.233812949,0.676923076,0.244541484,0.374100719,0.406113537,0.780214256,0.161572053,8.725682341388033,0.31875,3.2618096829392016,41.44269200351416,3.8035018959301645,0.3591753531625305,108.44304411318117,"25705"
"Tyler Tolbert","KCR","AA",25,574,0.069686411,0.221254355,0.314960629,0.276061776,0.335676625,0.418918918,0.754595543,0.142857142,9.338805435747839,0.346354166,5.114502948243171,76.87717337463772,-0.838276703611248,0.34130921944164017,97.43183766874034,"25779"
"Pedro Pages","STL","AA",24,497,0.118712273,0.193158953,0.614583333,0.266509433,0.362173038,0.443396226,0.805569264,0.176886793,3.915544661546255,0.305031446,-0.4273089640773833,75.74774558228881,8.457538807219589,0.3631109324368564,110.25146590301227,"25782"
"C.J. Stubbs","HOU","AA",26,370,0.113513513,0.356756756,0.318181818,0.196202531,0.313513513,0.379746835,0.693260348,0.183544304,5.82139915315805,0.282352941,-0.009381397627294064,42.962813321002315,-7.132511642328908,0.3202873577942719,88.50710477473363,"25814"
"Logan Davidson","OAK","AA",25,206,0.106796116,0.27184466,0.392857142,0.296703296,0.378640776,0.483516483,0.862157259,0.186813187,3.658064255971321,0.394957983,-0.9882182697765529,35.74792715572852,7.857016500468437,0.3880347589265953,127.12713071107574,"25844"
"Matt Gorski","PIT","AA",25,396,0.068181818,0.255050505,0.267326732,0.238095238,0.296202531,0.436974789,0.73317732,0.198879551,6.940675253737586,0.27755102,1.3614924903959036,47.48892889338706,-1.4744882194402402,0.32493340878546995,94.99545039589935,"25855"
"Orelvis Martinez","TOR","AA",21,292,0.140410958,0.205479452,0.683333333,0.225941422,0.339160839,0.485355648,0.824516487,0.259414226,1.79990842125,0.222891566,-0.5884271152317524,43.89401017634462,7.789672305269943,0.36270544814391875,121.74133941594245,"25967"
"Nasim Nunez","MIA","AA",22,585,0.148717948,0.182905982,0.813084112,0.224489795,0.341337907,0.285714285,0.627052192,0.06122449,6.919075204294373,0.274869109,5.700757263228297,61.80088465685825,-16.19352298204918,0.30621060253620963,78.20965152008405,"25979"
"Matthew Lugo","BOS","AA",22,322,0.059006211,0.276397515,0.213483146,0.242214532,0.296529968,0.380622837,0.677152805,0.138408305,5.152646643702368,0.326633165,-0.6914007635787129,33.59491500675176,-6.218772645597707,0.30556369504718,82.17903606616753,"25980"
"Victor Mesa Jr.","MIA","AA",21,533,0.076923076,0.228893058,0.336065573,0.242236024,0.308270676,0.412008281,0.720278957,0.169772257,5.9890674652247675,0.286956521,0.8499113172292709,64.60907936254047,-6.452492041797403,0.3248212708342344,89.90054306803252,"25999"
"Troy Johnston","MIA","AA",26,374,0.112299465,0.171122994,0.65625,0.296178343,0.396226415,0.56687898,0.963105395,0.270700637,7.94078737077939,0.319148936,1.9413053318858147,75.54563178475566,25.682540405351585,0.4213393652019139,150.5314970777259,"26143"
"Tristin English","ARI","AA",26,78,0.153846153,0.269230769,0.571428571,0.333333333,0.435897435,0.712121212,1.148018647,0.378787879,3.5788073396672964,0.41025641,0.04252928448840976,20.239118812656802,9.678482739305894,0.48943803020012683,175.07641196801515,"26148"
"Tyler Fitzgerald","SFG","AA",25,78,0.115384615,0.282051282,0.409090909,0.323529411,0.41025641,0.588235294,0.998491704,0.264705883,8.394970838602575,0.454545454,0.41827987041324377,16.43665200158935,6.792342570274882,0.4377569128305484,171.82365435547692,"26208"
"Darell Hernaiz","OAK","AA",21,308,0.084415584,0.155844155,0.541666666,0.338129496,0.393442622,0.48561151,0.879054132,0.147482014,5.508928226474035,0.393805309,-0.7085725124925375,55.53493014234497,13.833956929626003,0.39602809538606737,132.13323248780998,"26224"
"Kenedy Corona","HOU","AA",23,491,0.097759674,0.258655804,0.377952755,0.244239631,0.324489795,0.449308755,0.77379855,0.205069124,6.952122605155807,0.296551724,1.096555212046951,67.05869764841809,0.5808474943758458,0.3444281686059293,103.62611753101936,"26244"
"John Rave","KCR","AA",25,236,0.144067796,0.245762711,0.586206896,0.275,0.378723404,0.43,0.808723404,0.155,5.863616928144346,0.36231884,-1.2240020683966577,37.461262760947044,5.508569000551992,0.3705728721111379,115.75920626698152,"26284"
"Oliver Dunn","PHI","AA",25,505,0.162376237,0.275247524,0.589928057,0.270983213,0.396039603,0.505995203,0.902034806,0.23501199,5.518457599663752,0.356589147,-0.23320803698152304,92.47999243760819,30.039271119482454,0.40346731505696737,142.7035448913084,"26295"
"Jonny DeLuca","LAD","AA",24,142,0.098591549,0.183098591,0.538461538,0.278688524,0.38028169,0.590163934,0.970445624,0.31147541,6.726963817087405,0.279069767,1.0571499522775412,28.82533746589294,9.599564101587443,0.4227966288445701,152.5890414859988,"26365"
"Kyren Paris","LAA","AA",21,514,0.171206225,0.293774319,0.582781456,0.255421686,0.392578125,0.416867469,0.809445594,0.161445783,6.617439329374121,0.365079365,5.176306860521436,84.57076093878045,16.042341235535286,0.37657993799075484,125.9254768108224,"26420"
"Luis Matos","SFG","AA",21,133,0.127819548,0.090225563,1.416666666,0.304347826,0.39849624,0.44347826,0.8419745,0.139130434,4.596150166305629,0.32,-0.30102728214114904,22.44121303144023,5.996429001121973,0.38557830789035424,137.8326569839393,"26467"
"Noelvi Marte","CIN","AA",21,222,0.099099099,0.171171171,0.578947368,0.280612244,0.355855855,0.464285714,0.820141569,0.18367347,6.433709728939473,0.309210526,0.599640341475606,34.62249583274751,5.024618062085199,0.3663309505082903,109.85422303420256,"26517"
"Warming Bernabel","COL","AA",21,322,0.04658385,0.211180124,0.220588235,0.225165562,0.270186335,0.337748344,0.607934679,0.112582782,3.8499945248318252,0.270742358,-0.1711204294115305,26.16963563288507,-13.644052019464405,0.2769121631332066,64.50694402835913,"26536"
"Angel Martinez","CLE","AA",21,437,0.084668192,0.18993135,0.445783132,0.245430809,0.321016166,0.391644908,0.712661074,0.146214099,6.064305025396602,0.282312925,-0.23991429153829813,52.06143775689259,-1.971424057010269,0.32395456376857623,100.03720133936345,"26540"
"Agustin Ramirez","NYY","AA",21,139,0.071942446,0.194244604,0.37037037,0.2109375,0.273381294,0.3125,0.585881294,0.1015625,5.220071496203844,0.252525252,0.3490531509742141,10.667355126410694,-6.519298860162527,0.27128545071581284,66.02127700046199,"26546"
"Luisangel Acuna","TEX","AA",21,569,0.0913884,0.186291739,0.490566037,0.294117647,0.359154929,0.409803921,0.76895885,0.115686274,7.198384757519946,0.353383458,5.581634521018714,81.28752739265218,6.210920001413964,0.35136791455074096,107.4102091296316,"26548"
"Jonatan Clase","SEA","AA",21,489,0.130879345,0.280163599,0.467153284,0.222222222,0.331288343,0.396135265,0.727423608,0.173913043,9.353700890429849,0.293680297,6.275768705178052,61.92691708677984,-4.280147526920082,0.3327048625682761,105.59261923876919,"26599"
"Yoshi Tsutsugo","SFG","AA",31,55,0.181818181,0.309090909,0.588235294,0.311111111,0.436363636,0.577777777,1.014141413,0.266666666,2.480134090465695,0.416666666,-0.40530021861195564,12.100288975566365,5.299814376562573,0.4492858583276922,179.33401912163308,"27459"
"Dillon Dingler","DET","AA",24,219,0.123287671,0.287671232,0.428571428,0.252747252,0.371559633,0.461538461,0.833098094,0.208791209,4.018779178662262,0.333333333,-0.36008714977651834,35.55412583684197,8.475872433535962,0.37764713468901606,133.17673099194522,"27464"
"Patrick Bailey","SFG","AA",24,60,0.1,0.216666666,0.461538461,0.333333333,0.4,0.481481481,0.881481481,0.148148148,4.752280500390823,0.41025641,0.22693320736289024,10.7595343969315,3.340834834381908,0.39874199231465657,146.40794877602653,"27478"
"Robert Hassell III","WSN","AA",21,476,0.109243697,0.319327731,0.342105263,0.224637681,0.316455696,0.323671497,0.640127193,0.099033816,4.865951537589188,0.330739299,-0.6514879073947668,47.683052501586516,-11.171964027973575,0.3003979991759932,84.42399709371584,"27482"
"Rece Hinds","CIN","AA",22,461,0.073752711,0.327548806,0.225165562,0.269417475,0.329718004,0.536407766,0.86612577,0.266990291,7.430785368510984,0.357723577,0.4723077192902565,74.55261539052552,13.09035569559163,0.3732160725884448,114.1793345371578,"27493"
"Owen Caissie","CHC","AA",20,528,0.143939393,0.31060606,0.463414634,0.289293849,0.398481973,0.519362186,0.917844159,0.230068337,3.623540001622994,0.406976744,-4.026215834543109,101.25035607421435,30.855403538585072,0.4091137183911434,143.10891649131224,"27496"
"Tyler Callihan","CIN","AA",23,101,0.128712871,0.198019801,0.65,0.310344827,0.396039603,0.459770114,0.855809717,0.149425287,4.106324330853262,0.388059701,0.10378126613795757,17.66860308490305,4.202901936989117,0.3890092892221885,124.10035294991144,"27497"
"Nick Yorke","BOS","AA",21,506,0.100790513,0.241106719,0.418032786,0.268018018,0.349802371,0.434684684,0.784487055,0.166666666,6.874698969987074,0.338658146,0.2879387279972434,72.40853647307064,9.844170162235757,0.35373212913475416,113.55766564697831,"27504"
"Duke Ellis","CHW","AA",25,63,0.19047619,0.333333333,0.571428571,0.156862745,0.317460317,0.215686274,0.533146591,0.058823529,6.621615556516431,0.266666666,-0.00907457247376442,5.01436098740104,-3.3850367583274528,0.27508437255072216,60.273810474155084,"27543"
"Austin Wells","NYY","AA",23,263,0.110266159,0.228136882,0.483333333,0.236842105,0.326996197,0.442982456,0.769978653,0.206140351,3.8127496105403904,0.26875,0.4894529590383172,35.190031629605166,2.6713985470961297,0.3421801648377459,112.20461295083032,"27562"
"Gage Workman","DET","AA",23,214,0.144859813,0.387850467,0.373493975,0.191011235,0.317757009,0.382022471,0.69977948,0.191011236,8.967637239754714,0.3,1.3350996132940054,25.070231118256427,-1.3897973215037807,0.32149057800524705,96.59435450218596,"27573"
"Jacob Hurtubise","CIN","AA",25,318,0.150943396,0.15408805,0.979591836,0.305785123,0.453376205,0.491735537,0.945111742,0.185950414,9.290995499101992,0.359788359,2.8663306422531605,67.21150542400876,24.814545374141137,0.43252741658035965,151.43766825568073,"27599"
"Alika Williams","TBR","AA",24,175,0.085714285,0.194285714,0.44117647,0.237179487,0.314285714,0.416666666,0.73095238,0.179487179,5.166919340827551,0.27118644,-0.1675185076892376,21.949711108536604,-1.3819492962647655,0.32985071454729353,93.89211942942616,"27604"
"Christian Koss","BOS","AA",25,147,0.06802721,0.224489795,0.303030303,0.223880597,0.28275862,0.335820895,0.618579515,0.111940298,7.7935112967112685,0.282828282,1.499513071961701,12.778200554291274,-5.397613373955224,0.2839376342707667,68.09105161640463,"27653"
"Eric Yang","CIN","AA",25,72,0.166666666,0.263888888,0.631578947,0.155172413,0.319444444,0.24137931,0.560823754,0.086206897,2.01785714,0.210526315,-0.15844393521547318,6.362058701630115,-3.237253007773876,0.2855622155798806,59.11673712601222,"27698"
"Drew Romo","COL","AA",21,368,0.078804347,0.182065217,0.43283582,0.253822629,0.313186813,0.440366972,0.753553785,0.186544343,4.360743671012976,0.276679841,-2.517901137471199,46.70878961960699,1.2074323026361662,0.33363641654821136,101.45913834136955,"27763"
"Pete Crow-Armstrong","CHC","AA",21,342,0.090643274,0.239766081,0.37804878,0.288590604,0.371345029,0.526845637,0.898190666,0.238255033,9.058895324004393,0.351219512,0.9631242509931326,62.046133285000614,16.44940266533166,0.39675786969257376,135.34719161369622,"27769"
"Zac Veen","COL","AA",21,201,0.11442786,0.213930348,0.53488372,0.209302325,0.303482587,0.308139534,0.611622121,0.098837209,7.416542218726276,0.259541984,3.1028662230819464,17.877068122992856,-6.975575411548275,0.28644012574532735,70.71379744032579,"27770"
"Shay Whitcomb","HOU","AA",24,197,0.091370558,0.284263959,0.321428571,0.272727272,0.340101522,0.545454545,0.885556067,0.272727273,5.432649734779053,0.327272727,0.33925804402679205,33.219012034261326,6.546636310541727,0.38224239312872593,127.30857572969508,"27789"
"Evan Carter","TEX","AA",20,462,0.16017316,0.222943722,0.718446601,0.283819628,0.411255411,0.450928381,0.862183792,0.167108753,6.857555681520806,0.359848484,-1.4912865231744945,82.88614538960584,20.334685570527395,0.3949650365373363,130.8575638121559,"27790"
"Thomas Saggese","STL","AA",21,567,0.086419753,0.229276895,0.376923076,0.317907444,0.38515901,0.551307847,0.936466857,0.233400403,6.264536440836176,0.378917378,0.07691840408369899,108.81836298218502,32.05066229513419,0.4096797510585954,139.93105791708797,"27883"
"Colt Keith","DET","AA",21,276,0.09057971,0.228260869,0.396825396,0.325203252,0.391304347,0.585365853,0.9766702,0.260162601,4.317930797571389,0.385964912,-0.6639272319152951,55.71985789684829,21.593839909120167,0.4267699163610285,165.17705650102693,"27899"
"Petey Halpin","CLE","AA",21,510,0.092156862,0.247058823,0.373015873,0.243362831,0.31237721,0.371681415,0.684058625,0.128318584,5.679007928949191,0.31076923,0.47117237839847803,55.48670261004229,-7.572243671629225,0.3111119118092805,91.67104150254261,"27931"
"Edgar Quero","LAA","AA",20,455,0.158241758,0.167032967,0.947368421,0.255434782,0.38021978,0.350543478,0.730763258,0.095108696,1.6891655767712441,0.299319727,-1.9212795905768871,63.971994226285005,3.3096771738014548,0.34797819643230227,107.4005906858522,"28022"
"Jasson Dominguez","NYY","AA",20,507,0.151873767,0.256410256,0.592307692,0.254117647,0.366863905,0.414117647,0.780981552,0.16,6.7760073198564275,0.327464788,3.093671839684248,73.71486546879875,11.0268541652547,0.3565828075503359,121.58700619702702,"28080"
"Junior Caminero","TBR","AA",19,351,0.091168091,0.17094017,0.533333333,0.308917197,0.373219373,0.5477707,0.920990073,0.238853503,3.984149816658518,0.324894514,-2.042275432497263,65.70797064066828,18.911326057323816,0.4036652195453644,140.2610815096077,"28163"
"Coby Mayo","BAL","AA",21,347,0.146974063,0.247838616,0.593023255,0.306620209,0.423631123,0.602787456,1.026418579,0.296167247,4.474000446978792,0.383783783,-0.4716073842719197,76.1988001506817,33.293987680603244,0.44877374344478455,170.35770637630924,"28312"
"Tsung-Che Cheng","PIT","AA",21,281,0.06049822,0.188612099,0.320754716,0.251012145,0.304029304,0.35222672,0.656256024,0.101214575,6.2442236314192705,0.297435897,0.7235259944573045,27.88355102151289,-6.860691929761029,0.2992241483031612,78.24752456538019,"28344"
"Yanquiel Fernandez","COL","AA",20,237,0.063291139,0.329113924,0.192307692,0.206422018,0.261603375,0.362385321,0.623988696,0.155963303,0.9601648275000001,0.276119402,-0.3807469569146633,20.076714901694416,-9.22714837037647,0.28118595744990094,67.29104551117484,"28552"
"Jackson Chourio","MIL","AA",19,559,0.073345259,0.184257602,0.398058252,0.280392156,0.336314847,0.466666666,0.802981513,0.18627451,6.888010676228745,0.311053984,3.2926172241568565,83.1805080723841,8.652518550761453,0.3577817114393272,109.0978681370713,"28806"
"Blake Dunn","CIN","AA",24,357,0.114845938,0.235294117,0.488095238,0.332203389,0.432584269,0.555932203,0.988516472,0.223728814,9.066335812595081,0.412935323,4.167591940611601,77.41000768068308,29.813420454888277,0.439072795463412,155.5493591115174,"29487"
"Jackson Merrill","SDP","AA",20,211,0.085308056,0.118483412,0.72,0.272727272,0.338095238,0.443850267,0.781945505,0.171122995,5.753421247299938,0.2875,0.14467085571959615,29.75272550321843,1.1848509971025123,0.3496579797494979,112.75535378747537,"29490"
"James Wood","WSN","AA",20,368,0.10597826,0.336956521,0.314516129,0.247678018,0.33423913,0.492260061,0.826499191,0.244582043,6.256758816597739,0.338797814,0.417305969633162,56.29168073944984,10.790323422479016,0.3659912862855455,127.15379510741889,"29518"
"Bryce Teodosio","LAA","AA",24,419,0.085918854,0.336515513,0.255319148,0.211956521,0.299043062,0.315217391,0.614260453,0.10326087,5.777919433171098,0.31838565,-1.3398643396794796,38.39106743721151,-17.471593760570055,0.2894617702687186,71.1993899027876,"29524"
"Ryan Bliss","ARI","AA",23,324,0.074074074,0.169753086,0.436363636,0.358361774,0.413580246,0.593856655,1.007436901,0.235494881,8.44402977316116,0.407894736,1.519427593331784,71.10046904610971,27.2332115106521,0.4422066428779084,145.4961317946225,"29547"
"Adrian Del Castillo","ARI","AA",23,265,0.150943396,0.252830188,0.597014925,0.272727272,0.386363636,0.504545454,0.89090909,0.231818182,3.254186549020648,0.335664335,-1.1156945656985044,48.092420489896426,12.213336394537574,0.39741166658473737,117.44173779444547,"29554"
"Tim Tawa","ARI","AA",24,497,0.110663983,0.243460764,0.454545454,0.255760368,0.338028169,0.460829493,0.798857662,0.205069125,4.423755306164381,0.299663299,-2.040128966793418,72.64174943858595,5.351542663516707,0.35573715978944803,91.34164510221339,"29571"
"Billy Cook","BAL","AA",24,501,0.083832335,0.249500998,0.336,0.250559284,0.32,0.456375838,0.776375838,0.205816554,6.420620747448854,0.290429042,3.6822057086974382,68.43849735053355,6.492356003244462,0.3456608424186707,103.18629863615412,"29573"
"Trey Sweeney","NYY","AA",23,472,0.137711864,0.190677966,0.722222222,0.251889168,0.366525423,0.410579345,0.777104768,0.158690177,5.662306072370865,0.293918918,-0.21114147175103426,68.75999484713608,10.399558288412633,0.35693535404853255,121.81666751333249,"29575"
"Ben Rice","NYY","AA",24,222,0.094594594,0.189189189,0.5,0.326530612,0.4009009,0.647959183,1.048860083,0.321428571,5.2925854605555385,0.345323741,-0.40724730398505926,49.84094603687716,22.391757655443673,0.45488140121236575,185.6222030487171,"29576"
"Chad Stevens","HOU","AA",24,495,0.123232323,0.355555555,0.346590909,0.220095693,0.333333333,0.397129186,0.730462519,0.177033493,6.738565924779637,0.333333333,0.34487385768443346,63.70603392801513,-3.313387306711775,0.3351344492700365,97.80560626944853,"29614"
"Henry Davis","PIT","AA",23,187,0.171122994,0.187165775,0.914285714,0.283783783,0.43315508,0.547297297,0.980452377,0.263513514,4.8559912686350595,0.310679611,-0.4332073237746954,39.2000508678328,16.07843723121991,0.43638972377264373,167.60205446499225,"29617"
"Joey Loperfido","HOU","AA",24,365,0.128767123,0.221917808,0.580246913,0.296178343,0.391780821,0.5477707,0.939551521,0.251592357,5.95892845248854,0.344186046,1.8314386811107397,70.77983614662578,21.361475034150377,0.41208552573267265,145.99886355999107,"29630"
"Will Wagner","HOU","AA",24,234,0.111111111,0.2008547,0.553191489,0.309178743,0.384615384,0.507246376,0.89186176,0.198067633,4.996554308017008,0.37012987,-0.8332099006511271,42.524645774028535,10.842737553975816,0.3977047813753796,136.99242798170442,"29634"
"Caleb Durbin","NYY","AA",23,194,0.06185567,0.046391752,1.333333333,0.291428571,0.360824742,0.44,0.800824742,0.148571429,6.835313513473082,0.290123456,0.7157390853390098,29.355751671656126,5.368623086079115,0.3639434035291377,126.3819599688875,"29646"
"Marcelo Mayer","BOS","AA",20,190,0.078947368,0.257894736,0.306122448,0.189349112,0.253968253,0.355029585,0.608997838,0.165680473,5.114881721788816,0.220338983,-0.7822604747489095,14.85478526341153,-8.637763351328841,0.2730740296146857,61.014113516324805,"29668"
"Braxton Fulford","COL","AA",24,125,0.12,0.288,0.416666666,0.219047619,0.330645161,0.38095238,0.711597541,0.161904761,3.2951157051950624,0.298507462,-0.2918336149305105,15.321854715393942,-0.13376937325104077,0.3282300926023914,97.93726681485641,"29704"
"Colson Montgomery","CHW","AA",21,167,0.149700598,0.215568862,0.694444444,0.244274809,0.4,0.427480916,0.827480916,0.183206107,4.8819018900227995,0.307692307,-0.8784292712807655,28.752585567172638,6.4875153523050475,0.3857048359784213,129.76362245765546,"29712"
"Hunter Goodman","COL","AA",23,400,0.1025,0.245,0.418367346,0.238505747,0.325,0.522988505,0.847988505,0.284482758,1.2855339025,0.252173913,-0.6922671943902969,62.35087204607079,12.892874962406854,0.36960773121444207,124.8921309189218,"29715"
"Max Muncy","OAK","AA",20,233,0.090128755,0.231759656,0.388888888,0.301980198,0.386956521,0.445544554,0.832501075,0.143564356,5.018123836095452,0.395833333,0.2900948282331228,39.17253228308805,7.626016833206502,0.3816501182058583,123.12852994931052,"29779"
"Niko Kavadas","BOS","AA",24,293,0.215017064,0.375426621,0.572727272,0.203619909,0.385665529,0.429864253,0.815529782,0.226244344,2.5133920333964443,0.306930693,-0.3788005877286196,46.67440914803924,10.4464262842554,0.3738584498020068,126.66866609789919,"29782"
"Brett Harris","OAK","AA",25,314,0.127388535,0.133757961,0.952380952,0.282945736,0.399361022,0.426356589,0.825717611,0.143410853,5.933095025176728,0.317757009,-0.030259423423558474,52.91322162996617,10.399891796220219,0.38211144559299604,123.41745208640755,"29788"
"Jack Winkler","OAK","AA",24,200,0.105,0.195,0.538461538,0.232558139,0.33,0.366279069,0.696279069,0.13372093,4.898723226272118,0.27480916,-0.7357280272990465,23.71063926518378,-3.3679147690493156,0.3231633460521698,86.4991780536985,"29830"
"Liam Hicks","TEX","AA",24,316,0.155063291,0.164556962,0.942307692,0.268774703,0.408227848,0.367588932,0.77581678,0.098814229,3.952809059271247,0.325,-0.032345214392989874,50.470317215138735,7.686201841050451,0.371731568740893,116.3068058145183,"29844"
"Denzel Clarke","OAK","AA",23,286,0.129370629,0.297202797,0.435294117,0.26068376,0.381118881,0.495726495,0.876845376,0.235042735,8.447967018096897,0.34751773,1.1122140986844897,50.39128114495192,11.6689488759986,0.39117289631516783,129.0924971430058,"29858"
"Jacob Young","WSN","AA",23,231,0.073593073,0.16017316,0.459459459,0.303921568,0.373913043,0.431372549,0.805285592,0.127450981,7.623609540209598,0.355421686,1.506219326518476,35.3717280985723,6.8097347827563715,0.3661874004032301,127.28155081239377,"29931"
"Tyler Black","MIL","AA",22,385,0.158441558,0.2,0.792207792,0.272727272,0.411458333,0.512987012,0.924445345,0.24025974,9.090701172177933,0.319634703,4.266905564814806,75.15264382960618,23.82299093904317,0.41322369444432683,143.92553795177895,"29949"
"Jordan Lawlar","ARI","AA",20,410,0.114634146,0.21707317,0.528089887,0.262857142,0.365853658,0.474285714,0.840139372,0.211428572,8.388726813284473,0.31048387,3.8910509976558387,67.49949780875461,11.988462038576769,0.3775328160786047,104.99192420999934,"29976"
"Brady House","WSN","AA",20,148,0.047297297,0.283783783,0.166666666,0.323741007,0.358108108,0.474820143,0.832928251,0.151079136,4.809111572296284,0.442105263,-0.5783670172095299,23.30724959812477,5.007790677169113,0.3716009694176751,130.80814203405535,"29993"
"Bob Seymour","TBR","AA",24,79,0.126582278,0.215189873,0.588235294,0.343283582,0.443037974,0.537313432,0.980351406,0.19402985,1.241995065,0.413043478,-0.23766590282320976,17.341705388553496,6.80912726295745,0.4422756946539577,164.5154967665406,"30028"
"Tristan Peters","TBR","AA",23,415,0.101204819,0.159036144,0.636363636,0.275482093,0.361445783,0.421487603,0.782933386,0.14600551,6.929367081929511,0.31849315,-0.45134998112916946,61.95846740064217,6.629101297827502,0.358373386026865,111.80955547124871,"30063"
"Cesar Prieto","BAL","AA",24,249,0.060240963,0.068273092,0.882352941,0.363636363,0.405622489,0.476190476,0.881812965,0.112554113,3.586561042294151,0.379146919,-2.3116277372464538,44.393548102249355,13.605944917668557,0.39745200593625346,136.92490289766695,"30163"
"Heston Kjerstad","BAL","AA",24,206,0.072815533,0.150485436,0.483870967,0.309782608,0.383495145,0.576086956,0.959582101,0.266304348,5.232269979871045,0.323943661,-1.1726339561864734,40.86599782812515,15.395129330038218,0.42241511703694906,153.18676050734626,"31166"
"Victor Scott II","STL","AA",22,310,0.058064516,0.14516129,0.4,0.322695035,0.373376623,0.450354609,0.823731232,0.127659574,7.991050967279171,0.362068965,4.77733069518581,49.92881454101543,7.957055787954132,0.37331794241032046,116.64395682621772,"31349"
"Graham Pauley","SDP","AA",22,88,0.079545454,0.136363636,0.583333333,0.320987654,0.375,0.555555555,0.930555555,0.234567901,5.035221885947832,0.348484848,0.25002789311110973,16.857916430356166,4.943352655293607,0.40931261059912766,150.1161173435834,"31363"
"Jakob Marsee","SDP","AA",22,69,0.159420289,0.217391304,0.733333333,0.285714285,0.411764705,0.446428571,0.858193276,0.160714286,5.848876657937464,0.342105263,0.8125348738394678,12.472014668440375,3.129913526629958,0.3965538836577359,142.1255259386038,"31370"
"Tyler Locklear","SEA","AA",22,94,0.117021276,0.14893617,0.785714285,0.259740259,0.382978723,0.402597402,0.785576125,0.142857143,6.499649470319975,0.301587301,0.19003904797136784,14.56783353981489,1.8409131437253377,0.3661397378495399,126.53235940847995,"31396"
"Jordan Beck","COL","AA",22,223,0.134529147,0.31838565,0.422535211,0.239583333,0.342342342,0.40625,0.748592342,0.166666667,5.436964608466027,0.353448275,0.4595994846895337,29.90465955260785,2.331826178465206,0.3425519294566936,107.26702025361068,"31431"
"Jace Jung","DET","AA",22,209,0.110047846,0.267942583,0.410714285,0.284153005,0.373205741,0.56284153,0.936047271,0.278688525,0.952283365,0.336283185,-0.47593369614332914,39.751495759817324,13.909692283602913,0.4122514884437671,155.71923665819816,"31437"
"Wade Meckler","SFG","AA",23,174,0.14367816,0.166666666,0.862068965,0.335570469,0.431034482,0.449664429,0.880698911,0.11409396,6.163664877046415,0.406779661,-1.0505140125751495,31.994232787918826,10.48000405652501,0.40439446082060365,150.09016761550234,"31490"
"Tim Elko","CHW","AA",24,137,0.02189781,0.357664233,0.061224489,0.269230769,0.291970802,0.43076923,0.722740032,0.161538461,1.66629464,0.376623376,-0.24558809958398342,15.982423982494995,-2.282933020120933,0.31937526525372134,88.09656325555534,"31522"
"Drake Baldwin","ATL","AA",22,59,0.101694915,0.186440677,0.545454545,0.320754716,0.389830508,0.396226415,0.786056923,0.075471699,0.370129865,0.390243902,-0.16636613197624683,9.21018057887473,1.3440779281131257,0.3665072766401,126.0286160708562,"31539"
"Drew Gilbert","NYM","AA",22,418,0.124401913,0.181818181,0.684210526,0.270893371,0.371638141,0.438040345,0.809678486,0.167146974,4.548675503293932,0.311787072,-1.6234303480014205,64.41882030217053,9.633800099772227,0.3669338447455985,122.34927599672396,"31545"
"Zach Dezenzo","HOU","AA",23,277,0.093862815,0.285198555,0.329113924,0.257142857,0.33935018,0.485714285,0.825064465,0.228571428,7.022620859370578,0.320261437,2.6975934696383774,42.906214298330795,5.40241696091796,0.3660443169115252,117.16397359243437,"31562"
"Alan Roden","TOR","AA",23,209,0.124401913,0.153110047,0.8125,0.310344827,0.421052631,0.459770114,0.880822745,0.149425287,6.008874841052684,0.350364963,0.2951860260218382,38.02369132093287,12.181887844718458,0.4019798619242815,147.32608812869756,"31564"
"Trey Lipscomb","WSN","AA",23,335,0.035820895,0.182089552,0.196721311,0.284375,0.310447761,0.4375,0.747947761,0.153125,4.326238799428809,0.322709163,-1.1630074316635728,42.32000852568588,0.8989359681173279,0.33289381461357004,105.59292597540349,"31567"
"Chase Meidroth","BOS","AA",21,396,0.148989898,0.196969696,0.756410256,0.255384615,0.386363636,0.375384615,0.761748251,0.12,5.327220413950056,0.315352697,0.2514857528731227,58.25250909021438,9.28909197738708,0.35870507479918123,116.79721916133704,"31580"
"Brooks Lee","MIN","AA",22,399,0.102756892,0.157894736,0.65079365,0.29226361,0.365239294,0.475644699,0.840883993,0.183381089,3.6886391303182235,0.325,-1.4564588433131576,64.77396101544184,10.75224571714682,0.3748282880494089,115.83594559274236,"31595"
"Jacob Melton","HOU","AA",22,56,0.071428571,0.285714285,0.25,0.25,0.303571428,0.557692307,0.861263735,0.307692307,6.887023312709721,0.258064516,0.9175153528340161,8.850926132779032,1.2689310031937662,0.36976828426122665,119.4962361789478,"31661"
"Dylan Beavers","BAL","AA",21,157,0.127388535,0.203821656,0.625,0.320895522,0.416666666,0.47761194,0.894278606,0.156716418,6.842416513445361,0.41,-1.1702540135011077,29.024264446374662,9.612000591036566,0.4056282792335901,142.25121785908246,"31695"
"Jackson Holliday","BAL","AA",19,164,0.12804878,0.207317073,0.617647058,0.338028169,0.420731707,0.507042253,0.92777396,0.169014084,6.444432702685474,0.424528301,-0.28220709040760994,31.189269988453095,10.911491184150881,0.41222655331646957,146.54956805960825,"31781"
"Rhylan Thomas","NYM","AA",23,59,0.118644067,0.084745762,1.4,0.352941176,0.431034482,0.392156862,0.823191344,0.039215686,3.3119535472951256,0.391304347,-0.6634936584159732,9.942336231596768,2.6472816617563364,0.3853089973844331,140.19115738527407,"31793"
"Nolan Schanuel","LAA","AA",21,76,0.210526315,0.118421052,1.777777777,0.333333333,0.47368421,0.466666666,0.940350876,0.133333333,6.423691322107151,0.38,-0.04558809660375118,16.340478341127262,6.207871536756383,0.43688798970297765,163.8099246310275,"33189"
"Matt Shaw","CHC","AA",21,70,0.042857142,0.171428571,0.25,0.292307692,0.328571428,0.523076923,0.851648351,0.230769231,8.489465264845018,0.31372549,0.6146920267492533,11.176832927084371,1.8441687651638248,0.37076619778360637,119.01968458538347,"33322"
"Wyatt Langford","TEX","AA",21,54,0.203703703,0.129629629,1.571428571,0.404761904,0.518518518,0.761904761,1.280423279,0.357142857,1.5061231138404776,0.40625,-0.9032712583430111,16.4020321312852,9.090822542042265,0.5416668410654422,222.73461265425692,"33333"
"Dylan Crews","WSN","AA",21,85,0.094117647,0.223529411,0.421052631,0.208333333,0.317647058,0.277777777,0.595424835,0.069444444,3.7884836164671154,0.277777777,-0.8870737385004759,7.653405744978799,-2.8564186352997885,0.28780615049249986,76.22121942279124,"33541"
"Juan Centeno","ARI","AA",33,273,0.073260073,0.263736263,0.277777777,0.270916334,0.323529411,0.326693227,0.650222638,0.055776893,3.292526611638155,0.374301675,-0.23529568267986178,27.634276886184594,-9.327949370543577,0.30271716619329697,58.13605123163366,"7168"
"Anthony Prato","MIN","AA",25,156,0.128205128,0.224358974,0.571428571,0.170542635,0.305194805,0.248062015,0.55325682,0.07751938,6.789491295553591,0.217391304,0.33925804402679205,12.348443645744945,-8.77282850095687,0.2766794063054122,54.36683394276843,"sa1052903"
"Seth Gray","MIN","AA",25,333,0.123123123,0.324324324,0.379629629,0.259649122,0.366366366,0.4,0.766366366,0.140350878,6.092466872691805,0.386904761,-0.7947607566602528,48.40413761036865,3.318345143370548,0.354790064584778,103.28631921363322,"sa1115752"
"Carter Bins","PIT","AA",24,101,0.07920792,0.306930693,0.258064516,0.222222222,0.297029702,0.366666666,0.663696368,0.144444444,3.094759862363986,0.298245614,-0.4312602384015918,10.343572465914873,-2.1445717977102716,0.3031775963188398,80.82294108453524,"sa1115884"
"Nick Kahle","MIL","AA",25,74,0.175675675,0.202702702,0.866666666,0.169491525,0.328767123,0.355932203,0.684699326,0.186440678,0.76785714,0.170731707,-0.15052173845469952,8.899914037517124,-0.9660452193703122,0.3236877093576405,87.68062108341057,"sa1115979"
"Will Matthiessen","PIT","AA",25,95,0.105263157,0.442105263,0.238095238,0.146341463,0.252631578,0.170731707,0.423363285,0.024390244,1.22240259,0.292682926,-0.19037347845733166,3.0708520996803266,-8.67542220768986,0.2160957838359632,24.094754069821725,"sa1116023"
"Colin Simpson","COL","AA",26,236,0.114406779,0.305084745,0.375,0.221153846,0.309322033,0.384615384,0.693937417,0.163461538,1.2902451962500001,0.305343511,-0.4413203364238143,26.692997388526575,-2.4872208908351503,0.31646511211233624,90.27314046705516,"sa1159681"
"Quincy McAfee","CIN","AA",25,385,0.119480519,0.197402597,0.605263157,0.239747634,0.361256544,0.454258675,0.815515219,0.214511041,6.876049602153097,0.269565217,-0.6739641986787319,61.04335207081036,9.713699180247342,0.36943404087845566,111.80352933530604,"sa1159899"
"Beau Philip","ATL","AA",24,264,0.117424242,0.344696969,0.34065934,0.199115044,0.306818181,0.300884955,0.607703136,0.101769911,3.5364987511718713,0.308270676,-1.0637372564524412,24.436682247237083,-10.760794020577555,0.2905822534001235,78.33386388572154,"sa1169595"
"Ivan Johnson","CIN","AA",24,386,0.090673575,0.266839378,0.339805825,0.224550898,0.314285714,0.413173652,0.727459366,0.188622754,6.983221702464188,0.274774774,2.377818861976266,48.015544720828,-3.4474319434767335,0.3286148212172768,86.16161994823813,"sa1169627"
"Simon Whiteman","SFG","AA",26,242,0.115702479,0.214876033,0.538461538,0.207729468,0.299578059,0.285024154,0.584602213,0.077294686,6.174031602617166,0.264516129,1.2485662139952183,19.792075021754744,-10.13001321386194,0.2775498975681353,67.45911182069318,"sa1169809"
"Cody Milligan","ATL","AA",24,308,0.123376623,0.217532467,0.567164179,0.279693486,0.376623376,0.413793103,0.790416479,0.134099617,8.5373076461148,0.358974358,2.021102201193571,46.67389643550211,5.6101741230517,0.3610512639572418,122.60124572938938,"sa1169818"
"Tanner Murphy","NYM","AA",25,160,0.1125,0.4125,0.272727272,0.187050359,0.289308176,0.273381294,0.56268947,0.086330935,6.041666660714285,0.338028169,1.4798264494165778,11.781281851775516,-8.00191698169006,0.2674206404746333,63.39449265173472,"sa1170052"
"Matt O'Neill","NYM","AA",25,226,0.123893805,0.3539823,0.35,0.176767676,0.278761061,0.308080808,0.586841869,0.131313132,1.2722431025,0.258928571,-0.41536031663417816,17.801888243969053,-10.141880108301075,0.2738025437461005,67.55189121719054,"sa1170279"
"Jake Means","KCR","AA",27,266,0.105263157,0.263157894,0.4,0.164502164,0.264150943,0.277056277,0.54120722,0.112554113,3.488405992005978,0.198717948,-0.38071965519338846,16.80877959173447,-19.205697273795543,0.2578413706905437,45.15722767932896,"sa1170316"
"Anthony Mulrine","LAA","AA",25,78,0.115384615,0.217948717,0.529411764,0.180327868,0.324324324,0.278688524,0.603012848,0.098360656,0.8336466087500001,0.232558139,-0.15844393521547318,7.737278674138299,-2.661975677716026,0.29850757202586614,76.88180203402084,"sa1170373"
"Bryce Ball","CLE","AA",24,245,0.130612244,0.302040816,0.432432432,0.207547169,0.310204081,0.396226415,0.706430496,0.188679246,1.57009594,0.269230769,-0.44546643923968077,28.586752270581943,-2.3934643964741413,0.320670734174916,95.07029558759423,"sa1170451"
"Alex Isola","MIN","AA",24,465,0.107526881,0.215053763,0.5,0.279411764,0.365591397,0.480392156,0.845983553,0.200980392,3.1746962788923154,0.325259515,-0.8906248388811946,76.73616400443366,13.77852587484172,0.3779942597992734,117.81874425040499,"sa1170516"
"Chandler Redmond","STL","AA",26,550,0.147272727,0.303636363,0.48502994,0.25607064,0.37477148,0.503311258,0.878082738,0.247240618,2.6980031394146717,0.326923076,-1.493087197188288,96.00660294054292,21.540579346401916,0.3892427794430234,126.61743352994722,"sa1170749"
"Dylan Shockley","PIT","AA",26,113,0.123893805,0.327433628,0.378378378,0.166666666,0.292035398,0.166666666,0.458702064,0,2.01785714,0.27118644,-0.2855602176859975,5.821829065729079,-8.150055110405985,0.2399463294881635,39.631847012472974,"sa1170874"
"Tanner Kirwer","SEA","AA",27,180,0.105555555,0.25,0.422222222,0.232258064,0.329608938,0.329032258,0.658641196,0.096774194,7.098502399678023,0.305555555,2.0063689602538943,19.653094509685104,-4.717604121124679,0.31210846374820733,92.69341635268398,"sa3002831"
"Luis Yanel Diaz","LAD","AA",23,120,0.091666666,0.308333333,0.297297297,0.177570093,0.266666666,0.271028037,0.537694703,0.093457944,5.181525237519453,0.23880597,0.04423851706087589,7.522444590950026,-8.72468782958983,0.2572468633453051,48.907809073753306,"sa3002846"
"Robert Perez Jr.","SEA","AA",23,508,0.074803149,0.30511811,0.24516129,0.242222222,0.320866141,0.415555555,0.736421696,0.173333333,4.017238067680253,0.328621908,-1.4456332139670849,64.05007941790367,-4.729447829048373,0.3320475653313556,105.1809642456041,"sa3002851"
"Ismael Alcantara","LAD","AA",24,230,0.073913043,0.265217391,0.278688524,0.275362318,0.337719298,0.352657004,0.690376302,0.077294686,5.596683116109276,0.375,-2.4931073281913996,27.001423070272676,-4.138914069095382,0.321799729999743,89.33626120892218,"sa3002862"
"Ernesto Martinez Jr.","MIL","AA",24,125,0.136,0.176,0.772727272,0.245283018,0.354838709,0.349056603,0.703895312,0.103773585,3.7990298151336734,0.292682926,-0.6260713506489992,16.090968173551264,-0.5745035441639981,0.3337948288648359,94.02973419039752,"sa3003173"
"Yunior Severino","MIN","AA",23,375,0.096,0.312,0.307692307,0.287425149,0.365333333,0.559880239,0.925213572,0.27245509,3.6102450516018356,0.373056994,-2.011467218399048,70.40490916843231,19.632620354245258,0.404804439385732,134.60954097750755,"sa3003185"
"David Garcia","TEX","AA",23,150,0.153333333,0.326666666,0.469387755,0.196721311,0.34,0.270491803,0.610491803,0.073770492,3.885679340171521,0.305555555,-0.14493585657328367,15.345199794807938,-4.963715730866882,0.3039877704779307,73.87992305205582,"sa3003197"
"Johan Lopez","TBR","AA",22,84,0.095238095,0.309523809,0.307692307,0.173333333,0.261904761,0.306666666,0.568571427,0.133333333,7.847775798404236,0.25,0.2811670545488596,5.999875264236458,-5.1993217300682,0.26532698671023053,53.35945868169206,"sa3003228"
"Claudio Finol","PIT","AA",23,147,0.108843537,0.25170068,0.432432432,0.235772357,0.328671328,0.349593495,0.678264823,0.113821138,4.174766922373161,0.305882352,-0.8341805143281817,16.465111812501178,-1.71070211574532,0.3151004197714212,88.58989194691479,"sa3003256"
"Luis Mieses","CHW","AA",23,485,0.028865979,0.23298969,0.123893805,0.23580786,0.25726141,0.355895196,0.613156606,0.120087336,2.7126129560758407,0.287790697,-0.4892311152070761,37.42287594145022,-27.239154323285,0.2721778533562801,58.447986697162655,"sa3003274"
"Diego Infante","TBR","AA",23,284,0.077464788,0.257042253,0.301369863,0.277992277,0.338028169,0.459459459,0.797487628,0.181467182,4.916317410712984,0.346590909,-0.29485112987458706,42.124314623946454,4.2603628812973735,0.3572114053326593,111.07961982040429,"sa3003280"
"Jose Peroza","NYM","AA",23,404,0.103960396,0.306930693,0.338709677,0.246418338,0.336633663,0.40974212,0.746375783,0.163323782,3.7513420472925976,0.345454545,-0.48891406413167715,52.751582714533875,2.7990056600332895,0.33816796289780005,109.48181241211306,"sa3003288"
"Sebastian Espino","TOR","AA",23,244,0.06557377,0.397540983,0.164948453,0.199095022,0.252066115,0.298642533,0.550708648,0.099547511,3.9992540293920076,0.322580645,-0.03894038777798414,15.022469174580632,-15.146909046454372,0.25242942719420125,49.903620823393084,"sa3003347"
"Jose Alvarez","STL","AA",23,309,0.077669902,0.174757281,0.444444444,0.256227758,0.318181818,0.284697508,0.602879326,0.02846975,4.244381669439257,0.315789473,-0.8935753041878343,27.56398533731825,-14.27238064557188,0.28853403438221326,63.54511946712971,"sa3003377"
"Connor Hoover","SEA","AA",26,292,0.136986301,0.284246575,0.48192771,0.196721311,0.319587628,0.344262295,0.663849923,0.147540984,6.307119453762381,0.253246753,0.5572057235985994,31.855657870472925,-7.679031019507392,0.31200328786758214,92.62754634138936,"sa3004061"
"Jancarlos Cintron","ARI","AA",28,74,0.04054054,0.189189189,0.214285714,0.225352112,0.256756756,0.267605633,0.524362389,0.042253521,3.96245753816875,0.280701754,-0.19287795573472977,3.8489663568088317,-6.170098635857413,0.2446526345368978,21.77114196450434,"sa3004065"
"Chris Seise","TEX","AA",24,358,0.081005586,0.340782122,0.237704918,0.211180124,0.280112044,0.310559006,0.59067105,0.099378882,5.24489835379065,0.32160804,1.2843054700642824,27.82955232859368,-20.64105939268356,0.27500334607452903,55.72743075560742,"sa3004142"
"Jeisson Rosario","NYY","AA",23,429,0.181818181,0.296037296,0.614173228,0.218023255,0.359813084,0.354651162,0.714464246,0.136627907,3.5249412200916677,0.306603773,-1.06014125328511,55.453658029333894,2.409956157104321,0.33653954005687037,108.53010953472089,"sa3004146"
"Agustin Ruiz","NYM","AA",23,423,0.096926713,0.316784869,0.305970149,0.203296703,0.300236406,0.401098901,0.701335307,0.197802198,3.0547525578039636,0.256880733,-1.6432674396783113,47.04612620027934,-5.255705715695276,0.3141220790999276,93.81746926022925,"sa3004149"
"Blake Hunt","TBR","AA",24,155,0.09032258,0.24516129,0.368421052,0.25,0.341935483,0.454545454,0.796480937,0.204545454,3.793161845759897,0.296703296,-0.36751851066946983,22.91709687279935,2.2519119428324204,0.35664644625879105,110.72472255632674,"sa3004153"
"Abrahan Gutierrez","PIT","AA",23,135,0.118518518,0.118518518,1,0.226086956,0.333333333,0.347826086,0.681159419,0.12173913,1.8659072817196936,0.237113402,-0.5524069974198937,15.54214363292074,-1.1499303828158394,0.3189762583485356,91.1147509200169,"sa3004263"
"Jose Sanchez","WSN","AA",22,147,0.095238095,0.224489795,0.424242424,0.170542635,0.260273972,0.248062015,0.508335987,0.07751938,4.184044117558796,0.210526315,0.1230931282043457,8.081145744498043,-10.094668183748455,0.24423683832769524,47.83862128757813,"sa3004382"
"Erik Ostberg","TBR","AA",27,151,0.079470198,0.251655629,0.315789473,0.213235294,0.278145695,0.404411764,0.682557459,0.19117647,4.109240456230793,0.252631578,-0.27245214954018593,15.648786723624033,-4.483103111376004,0.3038110429088011,77.5344598228598,"sa3004505"
"Jacob Gonzalez","PIT","AA",25,338,0.047337278,0.177514792,0.266666666,0.237012987,0.292899408,0.35064935,0.643548758,0.113636363,2.2463814540763147,0.266393442,-1.1331539573147893,32.188152436150936,-9.603855099545097,0.2942560763048702,75.01114593032332,"sa3004691"
"Jacob Pearson","ATL","AA",25,102,0.098039215,0.362745098,0.27027027,0.152173913,0.235294117,0.282608695,0.517902812,0.130434782,7.226119208628081,0.226415094,0.45740046724677086,5.2372641973217124,-8.361760724333942,0.2413320214140649,47.39574217832298,"sa3004722"
"Tyler Esplin","BOS","AA",23,71,0.028169014,0.309859154,0.09090909,0.264705882,0.295774647,0.44117647,0.736951117,0.176470588,4.39943608375,0.377777777,-0.10384007915854454,8.61899977820707,-0.1597947041432786,0.326763371346702,95.98925851654606,"sa3004727"
"Shane Matheny","SFG","AA",27,324,0.157407407,0.259259259,0.607142857,0.235955056,0.359133126,0.434456928,0.793590054,0.198501872,5.592983108573447,0.297142857,-0.008654056116938591,47.789608940230714,7.728631302462925,0.35919771653524835,120.6474023678224,"sa3004780"
"Logan Warmoth","SEA","AA",27,429,0.128205128,0.268065268,0.478260869,0.238888888,0.349650349,0.358333333,0.707983682,0.119444445,5.844459756045743,0.322314049,-0.05133112473413348,53.937125539004505,-4.146372864425477,0.33162838443417414,104.91843779688112,"sa3004813"
"Micael Ramirez","CLE","AA",24,132,0.113636363,0.151515151,0.75,0.184210526,0.287878787,0.219298245,0.507177032,0.035087719,2.1220238025,0.221052631,-0.2942135576158762,8.000771329160035,-8.320367708449066,0.25124211835138727,52.6697306320382,"sa3004883"
"Mason Martin","PIT","AA",24,286,0.181818181,0.356643356,0.509803921,0.21238938,0.374125874,0.460176991,0.834302865,0.247787611,3.0130245022464592,0.293577981,-1.047160885296762,46.81316693620705,11.450699021387326,0.37930559695183813,130.41542582770884,"sa3004885"
"Lamar Sparks","MIL","AA",24,343,0.13994169,0.349854227,0.4,0.253424657,0.364431486,0.421232876,0.785664362,0.167808219,7.360474409744422,0.398773006,-0.2337783072143793,52.034824421034926,6.304770027624245,0.3612500964378824,111.27664604097627,"sa3004932"
"Tristen Lutz","MIL","AA",24,187,0.144385026,0.347593582,0.415384615,0.22077922,0.347593582,0.376623376,0.724216958,0.155844156,1.4761131658163267,0.329411764,-0.8863514680415392,24.738337328064222,-0.1932083616378143,0.33805200824125564,96.7040187240254,"sa3004968"
"Imanol Vargas","LAD","AA",25,526,0.144486692,0.330798479,0.436781609,0.250559284,0.357414448,0.463087248,0.820501696,0.212527964,1.2874354525,0.354330708,-0.997314550448209,81.38711368691659,10.170516576883557,0.3658464152465835,116.92201221433194,"sa3004972"
"Robbie Glendinning","KCR","AA",27,130,0.169230769,0.261538461,0.647058823,0.252336448,0.384615384,0.373831775,0.758447159,0.121495327,2.3476570374978265,0.352112676,-0.7959248484112322,19.24466999129924,1.8785654182878406,0.358647620677948,109.29896514903359,"sa3004978"
"Eddy Diaz","COL","AA",23,152,0.09868421,0.236842105,0.416666666,0.151515151,0.251655629,0.181818181,0.43347381,0.03030303,3.9343202276012574,0.206185567,-1.8231472466140985,5.214724647081972,-13.579314244710325,0.2185591830323074,26.49373927701587,"sa3004979"
"PK Morris","TOR","AA",24,164,0.170731707,0.310975609,0.549019607,0.171641791,0.312883435,0.291044776,0.603928211,0.119402985,3.058673465,0.25609756,-0.34613359719514847,15.176724270610944,-5.10105453369127,0.2909135218778271,74.97352759335095,"sa3005037"
"Tyler Dearden","BOS","AA",24,286,0.115384615,0.244755244,0.471428571,0.27016129,0.361403508,0.411290322,0.77269383,0.141129032,2.5888139781249624,0.348837209,-1.1504606371745467,41.04037539649867,5.677907481678951,0.3542265653610229,113.87975897405668,"sa3005103"
"Diosbel Arias","TEX","AA",26,50,0.08,0.2,0.4,0.255813953,0.36,0.581395348,0.941395348,0.325581395,2.64285714,0.24137931,-0.08998326770961285,9.57157979422217,2.801941285663898,0.40915257334709165,139.74299652112617,"sa3005308"
"Carlos Rodriguez","MIL","AA",22,436,0.091743119,0.114678899,0.8,0.290816326,0.358620689,0.367346938,0.725967627,0.076530612,5.129078984050487,0.330409356,-1.9616858549416065,57.58359720375786,-0.545568147632974,0.33779139933498226,96.54030883403743,"sa3005478"
"Cesar Idrogo","CLE","AA",22,77,0.09090909,0.207792207,0.4375,0.242857142,0.311688311,0.314285714,0.625974025,0.071428572,3.67605804287196,0.314814814,-0.1966468757018447,7.244608653135231,-2.2760557854700783,0.29283294275209504,79.76347153417434,"sa3005479"
"Miguel Hiraldo","TOR","AA",22,354,0.073446327,0.313559322,0.234234234,0.275,0.33427762,0.453125,0.78740262,0.178125,4.506058001998302,0.38,0.3032990386709571,50.20988398745974,6.43955656841716,0.35216157429616785,114.87268532571696,"sa3005486"
"Keyber Rodriguez","TEX","AA",22,176,0.102272727,0.170454545,0.6,0.241830065,0.325714285,0.379084967,0.704799252,0.137254902,8.410724605150559,0.278688524,0.6513605732470751,20.8694758312363,-2.9596517188888227,0.3231909213747297,85.906556524921,"sa3005488"
"Allan Cerda","CIN","AA",23,193,0.160621761,0.367875647,0.436619718,0.180645161,0.341968911,0.341935483,0.683904394,0.161290322,3.376840291203525,0.282051282,-2.2187266517430544,23.899274840241457,-1.832213491910911,0.32794309928627213,85.73965615198975,"sa3005504"
"Randy Florentino","BAL","AA",22,82,0.097560975,0.146341463,0.666666666,0.111111111,0.207317073,0.125,0.332317073,0.013888889,0.68973214,0.13114754,-0.1384534388780594,-0.12039421629990243,-10.25928361845101,0.1741085343244599,-8.568970792669191,"sa3005529"
"Neyfy Castillo","ARI","AA",22,391,0.089514066,0.327365728,0.2734375,0.238505747,0.317135549,0.448275862,0.765411411,0.209770115,7.364049765659287,0.321951219,0.30272113159298897,52.27132197531967,-0.6672511616060219,0.34101883148598244,82.1237859711588,"sa3005544"
"Rainer Nunez","TOR","AA",22,326,0.064417177,0.26993865,0.238636363,0.22368421,0.273006134,0.351973684,0.624979818,0.128289474,0.7836799212500001,0.280193236,-0.6057337950915098,28.30649735490474,-12.00177026828137,0.2838173768271698,70.35084655307773,"sa3005551"
"Eddys Leonard","LAD","AA",22,388,0.074742268,0.219072164,0.34117647,0.254285714,0.327319587,0.411428571,0.738748158,0.157142857,2.9334536244909017,0.307086614,-1.5310683413408697,50.25507461758429,-2.277320208827916,0.33610707598248707,98.2967285316372,"sa3005554"
"Daniel Vellojin","CIN","AA",23,280,0.135714285,0.225,0.603174603,0.198312236,0.311827956,0.308016877,0.619844833,0.109704641,4.410479699655806,0.25,0.045446235686540604,27.127310302340362,-10.203346345341826,0.29574424007032935,65.51290421416701,"sa3005587"
"Julio Carreras","COL","AA",23,356,0.092696629,0.227528089,0.407407407,0.234726688,0.316239316,0.334405144,0.65064446,0.099678456,6.297744837433369,0.299559471,1.3803126821294427,36.46164636416381,-7.5559710402970985,0.30318846356155527,81.62425982891469,"sa3005598"
"Alberto Rodriguez","SEA","AA",22,202,0.0990099,0.252475247,0.392156862,0.290502793,0.361386138,0.38547486,0.746860998,0.094972067,3.064564554957836,0.385826771,-0.4107140777632594,27.791675884587868,0.4423363100124394,0.3456160859896405,113.67871680731487,"sa3005603"
"Felix Valerio","MIL","AA",22,290,0.065517241,0.186206896,0.351851851,0.223484848,0.286206896,0.344696969,0.630903865,0.121212121,6.006864729580843,0.257281553,-1.4473179671913385,26.618335139638543,-12.045559245460868,0.2896552264690399,66.30201929508736,"sa3005613"
"Dalvy Rosario","MIA","AA",22,208,0.076923076,0.240384615,0.32,0.222826086,0.296116504,0.336956521,0.633073025,0.114130435,5.87371301636848,0.27480916,-0.062009964138269424,19.763493510245013,-7.967851428033187,0.29351403585915425,70.23389365498338,"sa3005712"
"Brandon Valenzuela","SDP","AA",22,108,0.12037037,0.268518518,0.448275862,0.180851063,0.287037037,0.255319148,0.542356185,0.074468085,4.220513234774603,0.25,0.2050362592563033,7.509711493008036,-7.112707685477834,0.2653260253093861,59.93956790149081,"sa3005729"
"Diego Hernandez","KCR","AA",22,269,0.059479553,0.256505576,0.231884057,0.244813278,0.301526717,0.290456431,0.591983148,0.045643153,7.305207544673465,0.341040462,1.456396841444075,22.106637854098878,-14.31401732194463,0.28024756544418916,59.18987749143072,"sa3005759"
"Alexander Ovalles","TBR","AA",22,124,0.14516129,0.314516129,0.461538461,0.2,0.31707317,0.266666666,0.583739836,0.066666666,7.2050682360707485,0.307692307,0.5227231252938509,11.064401632059065,-5.467746311914477,0.2865983252602864,66.7217360640036,"sa3005781"
"Pedro Martinez","PHI","AA",22,181,0.082872928,0.314917127,0.263157894,0.184049079,0.26519337,0.282208588,0.547401958,0.098159509,4.621360977991886,0.25490196,0.6216330006718636,12.026616126440592,-10.35312755391734,0.25849013697376566,48.26025947178999,"sa3005795"
"Yoyner Fajardo","MIN","AA",24,527,0.09487666,0.159392789,0.595238095,0.304904051,0.374524714,0.445628997,0.820153711,0.140724946,7.964542629850999,0.353562005,2.6750155347399414,84.37915633908585,13.027166458881654,0.3721988768858601,114.18918644975544,"sa3005938"
"Pablo Aliendo","CHC","AA",22,375,0.109333333,0.304,0.359649122,0.230529595,0.332439678,0.457943925,0.790383603,0.22741433,4.797138885260119,0.300518134,0.33453548699617386,54.662767077680314,4.666351924534518,0.3541552742428818,108.58499720521635,"sa3006220"
"Bladimir Restituyo","COL","AA",21,456,0.017543859,0.188596491,0.093023255,0.258139534,0.277404921,0.413953488,0.691358409,0.155813954,5.9234167968798275,0.288288288,0.045105598866939545,47.84448079215302,-8.537635883223873,0.3062968512776181,83.64917404054441,"sa3006621"
"Orlando Martinez","LAA","AA",25,325,0.073846153,0.196923076,0.375,0.267123287,0.325077399,0.445205479,0.770282878,0.178082192,5.231049932054469,0.30941704,-0.7856676615774632,44.081442548582515,0.7512160825228367,0.3420484695375336,104.23342114612274,"sa3006664"
"Niko Decolati","COL","AA",25,304,0.16118421,0.256578947,0.628205128,0.225,0.379537953,0.3125,0.692037953,0.0875,6.285172859605084,0.316770186,-0.1942676492035389,39.07370051814032,1.4856227345557216,0.3356316610677353,102.75891152036594,"sa3006670"
"Jake Anchia","SEA","AA",26,267,0.08988764,0.265917602,0.338028169,0.189873417,0.280898876,0.316455696,0.597354572,0.126582279,4.914692810773799,0.253086419,-0.2124233073554933,21.840164894639123,-14.309704741062054,0.27979632508888674,72.45682859328546,"sa3006674"
"Nick Podkul","PHI","AA",26,197,0.137055837,0.208121827,0.658536585,0.284848484,0.395939086,0.587878787,0.983817873,0.303030303,3.9331797149999996,0.309734513,-0.47593369614332914,40.257899873134065,15.899836309429574,0.42984044128263055,159.88393645684056,"sa3006720"
"Justin Toerner","STL","AA",26,167,0.185628742,0.257485029,0.720930232,0.160305343,0.325301204,0.27480916,0.600110364,0.114503817,5.978519334982369,0.206896551,0.2550641493871808,16.106339249945822,-6.504253368638812,0.2970780554306076,68.89610640076947,"sa3006735"
"Cobie Fletcher-Vance","MIA","AA",25,156,0.057692307,0.23076923,0.25,0.256944444,0.314102564,0.381944444,0.696047008,0.125,1.932629865,0.330188679,-0.27727688662707806,18.09567780019575,-2.7028309035128966,0.3185841368559079,85.98248619103266,"sa3006860"
"Trey Harris","WSN","AA",27,260,0.076923076,0.223076923,0.344827586,0.248927038,0.323076923,0.343347639,0.666424562,0.094420601,3.3826804846337946,0.32183908,-1.5087074553593993,27.991574181188433,-4.156123923193129,0.30969851704744195,90.48268491959193,"sa3006876"
"Luis Verdugo","CHC","AA",22,64,0.0625,0.4375,0.142857142,0.105263157,0.174603174,0.140350877,0.314954051,0.03508772,1.39285714,0.2,-0.07129977084696293,-1.1355567294815607,-9.668278248951776,0.15877867501879495,-14.147115148761724,"sa3006888"
"D'Shawn Knowles","LAA","AA",22,86,0.104651162,0.244186046,0.428571428,0.24,0.317647058,0.333333333,0.650980391,0.093333333,8.804862217769683,0.327272727,0.8262865878641605,8.861458602568941,-2.604385939219161,0.3031011209768407,79.76738796495357,"sa3006889"
"Carlos De La Cruz","PHI","AA",23,582,0.092783505,0.274914089,0.3375,0.259332023,0.343642611,0.453831041,0.797473652,0.194499018,3.5843161106460184,0.327272727,-0.6893476406112313,85.17935708262726,13.217971325896237,0.3577781665345683,112.94001002653589,"sa3006903"
"Chase Calabuig","OAK","AA",27,173,0.098265895,0.098265895,1,0.329032258,0.393063583,0.522580645,0.915644228,0.193548387,6.013719919743844,0.348148148,-0.16743167350068688,32.78410507763855,9.361155838026923,0.4068776100357144,138.92811405443535,"sa3006927"
"Jeremy Eierman","OAK","AA",26,150,0.1,0.3,0.333333333,0.1875,0.295302013,0.3046875,0.599989513,0.1171875,5.240091658371822,0.259259259,0.5375488144345582,13.01056306906098,-7.29835245661384,0.2856235172124517,62.98856958555175,"sa3007005"
"Josh Stowers","LAD","AA",26,320,0.08125,0.28125,0.288888888,0.174216027,0.25625,0.320557491,0.576807491,0.146341464,6.118707643732203,0.216931216,0.746380097232759,22.044848746192017,-21.280837708580933,0.26456591795230733,53.491618657886384,"sa3007010"
"Scott Kapers","TEX","AA",26,273,0.076923076,0.205128205,0.375,0.210300429,0.302583025,0.343347639,0.645930664,0.13304721,3.3063186775,0.24858757,-0.4649135498329997,26.92991558082649,-10.032310675901686,0.2996729319825823,71.17760709583357,"sa3007013"
"Michael Berglund","CLE","AA",25,188,0.138297872,0.34574468,0.4,0.161290322,0.308510638,0.283870967,0.592381605,0.122580645,2.322357322107311,0.235294117,-0.22401365358382463,17.12540884739385,-6.1198497819282025,0.28911390583565894,77.3407587346251,"sa3007016"
"Frainyer Chavez","TEX","AA",24,118,0.084745762,0.20338983,0.416666666,0.228571428,0.299145299,0.352380952,0.651526251,0.123809524,1.8768378736916076,0.265822784,-0.6828612294048071,11.62602229885133,-4.350324581346194,0.2995327991298121,71.08984407887704,"sa3007019"
"Frankie Tostado","WSN","AA",25,419,0.076372315,0.167064439,0.457142857,0.237597911,0.298329355,0.378590078,0.676919433,0.140992167,2.910433547758603,0.260726072,-0.8629540503025055,44.29462265299776,-7.512629292140221,0.3072821200605224,88.90855805811078,"sa3007030"
"Greyson Jenista","KCR","AA",26,92,0.097826086,0.358695652,0.272727272,0.182926829,0.27173913,0.37804878,0.64978791,0.195121951,5.853753491687713,0.260869565,0.08002231270074844,8.589126406628793,-3.86700844911843,0.29343797460846277,67.4508247301614,"sa3007044"
"Grant Witherspoon","DET","AA",26,165,0.121212121,0.254545454,0.476190476,0.263888888,0.357575757,0.472222222,0.829797979,0.208333334,6.0117307065315,0.326315789,-1.3505673939362168,26.123779557708637,5.722355760697261,0.37265027291846997,129.92159767622618,"sa3007047"
"Mateo Gil","NYM","AA",22,167,0.089820359,0.263473053,0.34090909,0.248322147,0.313253012,0.348993288,0.6622463,0.100671141,4.069105308594062,0.333333333,-0.38702035415917635,16.873061155490166,-3.775652626939529,0.3014687899387244,85.57466707889971,"sa3007050"
"Andrew Moritz","ATL","AA",26,139,0.100719424,0.223021582,0.451612903,0.221311475,0.309352517,0.303278688,0.612631205,0.081967213,5.796206174956065,0.285714285,-0.6260713506489992,12.893920460630317,-5.6380840894690545,0.2908198297452584,78.48310512955288,"sa3007054"
"Willie Joe Garry Jr.","MIN","AA",23,116,0.060344827,0.318965517,0.189189189,0.264150943,0.313043478,0.5,0.813043478,0.235849057,8.610154281236294,0.363636363,1.177127642557025,16.443059217334437,0.7374978774792421,0.3505338582030514,100.62072363439792,"sa3007065"
"Greg Cullen","BAL","AA",26,189,0.185185185,0.243386243,0.760869565,0.272108843,0.420212765,0.387755102,0.807967867,0.115646259,2.4629900375582707,0.37,-0.1797737693414092,30.86807132703326,7.499167705002051,0.37885920567946,124.81289213420254,"sa3007069"
"Nick Ward","PHI","AA",27,92,0.108695652,0.217391304,0.5,0.2,0.29347826,0.325,0.61847826,0.125,5.914485322339878,0.237288135,1.0182798793539405,8.294989431893512,-3.080349897349194,0.2879588033842004,67.45719591054481,"sa3007089"
"Kekai Rios","TOR","AA",26,64,0.078125,0.296875,0.263157894,0.245614035,0.3125,0.263157894,0.575657894,0.017543859,1.820488715,0.358974358,-0.16441345866769552,5.109940211209684,-2.803339322176546,0.27513622492551804,64.69563572846528,"sa3007282"
"Rixon Wingrove","PHI","AA",23,55,0.127272727,0.345454545,0.368421052,0.127659574,0.236363636,0.191489361,0.427852997,0.063829787,0.14285714,0.178571428,-0.10384007915854454,1.6586868170498779,-5.141787781953914,0.21340354789387095,18.889253239199924,"sa3007298"
"Gionti Turner","TBR","AA",22,219,0.08219178,0.278538812,0.295081967,0.22513089,0.310185185,0.282722513,0.592907698,0.057591623,5.553880360648261,0.317829457,0.12524310499429703,19.38306268212529,-9.81484376731185,0.2857357241489269,66.17986535412079,"sa3007326"
"Matt Kroon","PHI","AA",26,344,0.095930232,0.191860465,0.5,0.318791946,0.386627906,0.49328859,0.879916496,0.174496644,6.622659310030032,0.375,0.9499188745394349,59.54478184949165,17.010904357540657,0.3910009705050047,134.58252507132414,"sa3007502"
"Nick Dalesandro","ARI","AA",26,194,0.092783505,0.24742268,0.375,0.220930232,0.298969072,0.28488372,0.583852792,0.063953488,8.643531824352955,0.296,1.1259700772352517,15.572071978850973,-10.694125434355126,0.2779911274148017,42.65051934038646,"sa3007503"
"Max Burt","NYY","AA",26,347,0.086455331,0.273775216,0.315789473,0.241042345,0.319884726,0.407166123,0.727050849,0.166123778,7.378140639660963,0.305418719,1.2946457136422396,42.875618682356766,-0.029193787721703394,0.32945521077092854,103.91512570344449,"sa3007631"
"Scott Schreiber","HOU","AA",27,119,0.084033613,0.277310924,0.303030303,0.283018867,0.352941176,0.424528301,0.777469477,0.141509434,3.764540214485418,0.38028169,0.3525460227392614,17.179583110058747,1.0678434596900568,0.3536201630319868,109.38292007040056,"sa3007637"
"Nicholas Northcut","CIN","AA",24,272,0.051470588,0.375,0.137254901,0.216,0.264705882,0.392,0.656705882,0.176,1.34975369,0.309859154,-0.3802654445171356,25.410083948943804,-10.853982508804611,0.2916053590529105,62.91293261026488,"sa3007640"
"Grant Lavigne","COL","AA",23,534,0.144194756,0.265917602,0.542253521,0.226966292,0.350187265,0.397752808,0.747940073,0.170786516,3.491427326577975,0.290657439,-1.3192011239007115,71.68302015207651,5.656594045385159,0.3427212218106803,107.37730330862871,"sa3007743"
"Sean Roby","SFG","AA",24,95,0.052631578,0.368421052,0.142857142,0.181818181,0.231578947,0.284090909,0.515669856,0.102272728,2.4783834524999997,0.269230769,-0.1471067788079381,4.650900444094268,-7.095373863275918,0.23676089236610814,40.887704436404846,"sa3007788"
"Elih Marrero","BOS","AA",26,131,0.167938931,0.251908396,0.666666666,0.268518518,0.396946564,0.37037037,0.767316934,0.101851852,4.25256812197872,0.378378378,-1.7977275541052222,19.65778197950123,3.460287934601292,0.3623792360757143,119.19069837444334,"sa3007822"
"Cody Roberts","PHI","AA",27,239,0.066945606,0.217573221,0.307692307,0.213953488,0.277310924,0.348837209,0.626148133,0.134883721,3.8064893602236505,0.25,-0.8884804965928197,21.01069848565082,-8.540454771838382,0.2851606587401959,65.63438506022497,"sa3007869"
"Connor Hollis","SDP","AA",28,274,0.116788321,0.218978102,0.533333333,0.240343347,0.338235294,0.334763948,0.672999242,0.094420601,5.952848208008252,0.306358381,-1.768093372695148,31.245057249341116,-5.852561777558221,0.31783003184725256,92.82200713666302,"sa3007870"
"Alex McKenna","HOU","AA",25,68,0.161764705,0.323529411,0.5,0.196428571,0.338235294,0.339285714,0.677521008,0.142857143,5.879510283894278,0.303030303,-0.4078751699998975,8.025760215806578,-1.1809481558326733,0.32254117201356325,89.91863341797661,"sa3008003"
"Onix Vega","WSN","AA",24,149,0.147651006,0.194630872,0.758620689,0.25409836,0.375838926,0.295081967,0.670920893,0.040983607,3.5531510766677328,0.326315789,-0.24132033344358206,17.97807927804688,-0.44502463561793737,0.32584876262101553,101.00352876871813,"sa3008007"
"Kyle Datres","COL","AA",27,380,0.139473684,0.236842105,0.588888888,0.25079365,0.37368421,0.419047619,0.792731829,0.168253969,6.639709997177671,0.308411214,2.508165710605681,57.19542408548645,10.210326856005713,0.36294440428415936,120.55140298201094,"sa3008029"
"Josh Breaux","NYY","AA",25,97,0.041237113,0.24742268,0.166666666,0.279569892,0.30927835,0.548387096,0.857665446,0.268817204,1.14829192125,0.306451612,-0.16441345866769552,15.495496467076316,3.501932174287811,0.37441640170579105,133.2044431284654,"sa3008051"
"Madison Stokes","PHI","AA",27,431,0.148491879,0.276102088,0.537815126,0.215083798,0.341121495,0.343575418,0.684696913,0.12849162,4.905675822133891,0.300429184,-0.6596009200438857,50.65219967244963,-2.6387921851982603,0.321952648408519,89.60199449598916,"sa3008076"
"Connor Scott","PIT","AA",23,289,0.08650519,0.224913494,0.384615384,0.196153846,0.262975778,0.315384615,0.578360393,0.119230769,6.861443032471128,0.244897959,-0.20486735831946135,20.615753353681317,-15.117649539265878,0.26456513206851523,55.669409817348246,"sa3008080"
"Cole Roederer","CHC","AA",23,335,0.119402985,0.280597014,0.425531914,0.244755244,0.340298507,0.419580419,0.759878926,0.174825175,4.4892160297725345,0.309782608,-0.05386996082961559,46.22532598091207,1.5618617774351609,0.3448574587480346,102.74427451635782,"sa3008184"
"Korry Howell","SDP","AA",24,245,0.093877551,0.330612244,0.283950617,0.170616113,0.273469387,0.284360189,0.557829576,0.113744076,8.807258238796738,0.248062015,1.3109728689305484,17.075143321154655,-16.096085370780884,0.2655149236017344,60.057871951588226,"sa3008238"
"Korey Holland","CLE","AA",23,326,0.113496932,0.322085889,0.352380952,0.236749116,0.329230769,0.399293286,0.728524055,0.16254417,6.8901298693767945,0.346820809,0.4283392522484064,40.5851381137581,0.27687049057198826,0.33061498035619286,104.37603337564555,"sa3008249"
"Jax Biggers","TEX","AA",26,413,0.13559322,0.230024213,0.589473684,0.227011494,0.336585365,0.376436781,0.713022146,0.149425287,5.815038065487526,0.274590163,-0.4118437529541552,51.4841636206961,-4.433050459995241,0.330367574459169,90.40118225964068,"sa3008251"
"Caleb Knight","CHC","AA",27,61,0.180327868,0.180327868,1,0.276595744,0.44262295,0.361702127,0.804325077,0.085106383,1.96350930875,0.342857142,-0.19805491901934147,10.842675370663349,2.7099251724182998,0.3923694471843907,132.59046247381957,"sa3008279"
"Andy Weber","CHC","AA",25,433,0.115473441,0.207852193,0.555555555,0.236559139,0.334872979,0.333333333,0.668206312,0.096774194,4.37148267918395,0.295373665,-0.6171386390924454,49.26526666508762,-8.463927365078051,0.3159298887153696,84.57248838907167,"sa3008282"
"Jaylen Palmer","NYM","AA",22,146,0.116438356,0.424657534,0.274193548,0.142857142,0.260273972,0.222222222,0.482496194,0.07936508,6.307198814767172,0.245901639,0.8735530432313681,7.457555286923359,-10.59461364861398,0.23939781564555757,45.1394287955827,"sa3008297"
"JJ Schwarz","OAK","AA",27,254,0.122047244,0.263779527,0.462686567,0.22072072,0.318897637,0.369369369,0.688267006,0.148648649,1.2138465810895287,0.278911564,-0.9528110325336456,29.116829728302807,-5.27293389517322,0.31853812792169767,83.60247617981429,"sa3008391"
"Diego Cartaya","LAD","AA",21,403,0.091811414,0.29032258,0.316239316,0.189265536,0.277915632,0.378531073,0.656446705,0.189265537,1.870798315,0.216216216,-0.6223842683248222,38.72321342883834,-15.840072950141346,0.2966559261601261,73.58908958496235,"sa3008742"
"Gabriel Rodriguez","CLE","AA",21,300,0.126666666,0.293333333,0.431818181,0.192,0.312080536,0.288,0.600080536,0.096,4.73534687837533,0.273291925,-0.7071939315646887,26.788994163847637,-10.304503648900315,0.28688246232491954,75.88711713966077,"sa3008744"
"Victor Bericoto","SFG","AA",21,204,0.06862745,0.264705882,0.259259259,0.236559139,0.292079207,0.478494623,0.77057383,0.241935484,3.613855105654762,0.270491803,-0.752407000400126,26.71208580948057,1.488507296811956,0.33862566003705014,107.24603375785556,"sa3008767"
"Noelberth Romero","BAL","AA",21,74,0.067567567,0.324324324,0.208333333,0.144927536,0.202702702,0.20289855,0.405601252,0.057971014,1.7499999962500001,0.204545454,-0.11249341908842325,1.056051364734243,-8.093678095743586,0.19366422698304459,4.170302296721218,"sa3008808"
"Brainer Bonaci","BOS","AA",20,72,0.125,0.236111111,0.529411764,0.278688524,0.361111111,0.426229508,0.787340619,0.147540984,2.9548663124989036,0.34090909,-0.41395355854183435,10.373081862445366,1.4706423873858578,0.35493821733527714,114.34335435791276,"sa3008836"
"Jose Ramos","LAD","AA",22,485,0.111340206,0.288659793,0.385714285,0.240384615,0.333333333,0.408653846,0.741987179,0.168269231,3.2265873344509783,0.30798479,-0.5131206498481333,63.40201194075094,-2.2634815922643203,0.3375257991609119,99.18525269926315,"sa3008845"
"Brayan Buelvas","OAK","AA",21,83,0.060240963,0.253012048,0.238095238,0.186666666,0.240963855,0.293333333,0.534297188,0.106666667,4.64285714,0.236363636,-0.11247908463701606,4.271661155890519,-6.965938768316215,0.2440069202917168,36.92474494325944,"sa3008868"
"J.J. D'Orazio","ARI","AA",21,145,0.027586206,0.227586206,0.121212121,0.217391304,0.236111111,0.297101449,0.53321256,0.079710145,2.85119047125,0.273584905,-0.19496374670416117,7.014990288311656,-12.616961386507336,0.24036509543657303,19.085923192996393,"sa3008876"
"Juan Brito","CLE","AA",21,374,0.128342245,0.168449197,0.761904761,0.276190476,0.372654155,0.444444444,0.817098599,0.168253968,3.0378159835594136,0.31048387,-3.3428879845887423,57.92688176958082,11.68365449635503,0.36837460340992095,128.97399358252775,"sa3009808"
"Evan Edwards","TBR","AA",26,357,0.120448179,0.324929971,0.370689655,0.249180327,0.350140056,0.472131147,0.822271203,0.22295082,7.046601728791322,0.344632768,2.004682905972004,56.00665255963268,8.410065333837883,0.36743525513747827,117.50206082878753,"sa3009866"
"Morgan McCullough","KCR","AA",25,309,0.116504854,0.27184466,0.428571428,0.240310077,0.346278317,0.391472868,0.737751185,0.151162791,6.168280349901862,0.32183908,-0.026087841484695673,40.54473451378173,-1.2916314691084023,0.33810033407304196,95.42216288193214,"sa3009868"
"Trevor Schwecke","TOR","AA",25,294,0.115646258,0.183673469,0.629629629,0.280487804,0.377162629,0.44308943,0.820252059,0.162601626,5.960589710380708,0.329787234,1.0173059785738587,46.21963904380626,9.86801118731327,0.3712633123828305,127.31623627614475,"sa3009874"
"J.D. Orr","MIA","AA",26,171,0.16374269,0.239766081,0.682926829,0.197080291,0.347058823,0.226277372,0.573336195,0.029197081,7.154963866639822,0.278350515,0.2904568612575531,16.506798387816826,-6.291566922017654,0.29532332139856676,71.37045472209927,"sa3009875"
"Luke Ritter","NYM","AA",26,186,0.161290322,0.317204301,0.508474576,0.239726027,0.389189189,0.56849315,0.957682339,0.328767123,6.436479405165517,0.28,-0.09086042735725641,36.37725849883798,13.379289854934246,0.41893371118081585,162.09549077213944,"sa3009878"
"Patrick Frick","SEA","AA",26,114,0.043859649,0.192982456,0.227272727,0.274509803,0.324561403,0.333333333,0.657894736,0.05882353,4.37405271387056,0.337349397,-0.3053570403717458,11.829718917215034,-3.6050568822978284,0.30572001975879337,88.69243366314957,"sa3009891"
"Carter Aldrete","SFG","AA",25,409,0.075794621,0.264058679,0.287037037,0.223118279,0.281862745,0.384408602,0.666271347,0.161290323,2.7729664501886373,0.274509803,-0.7331539513543248,40.70450857621216,-9.866293441834214,0.2995873350723117,81.81508168877332,"sa3010008"
"Tyler Osik","CHW","AA",26,78,0.128205128,0.256410256,0.5,0.212121212,0.333333333,0.318181818,0.651515151,0.106060606,3.963275444559733,0.304347826,0.04947826452553272,8.683105569444926,-1.7161487824093984,0.31299676115696246,84.08970017900114,"sa3010017"
"Aaron Bracho","CLE","AA",22,424,0.115566037,0.228773584,0.505154639,0.245231607,0.339622641,0.441416893,0.781039534,0.196185286,3.380968700927025,0.282352941,-1.2163342293351889,60.12826084768471,7.702783939000923,0.35213188573999227,118.39291012393427,"sa3010018"
"Kody Hoese","LAD","AA",25,383,0.067885117,0.18537859,0.366197183,0.244186046,0.300261096,0.389534883,0.689795979,0.145348837,3.3797419343482282,0.27037037,-0.4748745048418641,41.04059934616783,-10.814831629388543,0.3097153355807611,81.7679937303357,"sa3010021"
"Joe Naranjo","CLE","AA",22,343,0.131195335,0.244897959,0.535714285,0.201388888,0.320699708,0.277777777,0.598477485,0.076388889,1.14285714,0.269607843,-0.8134139534085989,31.500698811567002,-10.909533687674829,0.29004101259715354,77.94470902285565,"sa3010025"
"Jack Dunn","WSN","AA",26,176,0.210227272,0.170454545,1.233333333,0.263565891,0.436046511,0.379844961,0.815891472,0.11627907,6.12268524501086,0.31632653,1.5408326862379909,29.78779335628047,8.026274639468339,0.38622179156855535,140.33266511913806,"sa3010029"
"Julian Escobedo","CLE","AA",25,135,0.088888888,0.266666666,0.333333333,0.220338983,0.313432835,0.381355932,0.694788767,0.161016949,6.014093501179518,0.29113924,0.5168197369202971,15.572515343134961,-1.1195586726016176,0.31925578704520835,96.97625121552433,"sa3010030"
"Brandon Lewis","LAD","AA",24,369,0.075880758,0.27100271,0.28,0.198813056,0.268292682,0.299703264,0.567995946,0.100890208,2.315416561260829,0.260869565,-0.392389842774719,25.74623896747846,-24.213693225681595,0.2656075962513766,54.14400550663171,"sa3010035"
"J.T. Arruda","WSN","AA",25,458,0.161572052,0.257641921,0.627118644,0.226063829,0.35745614,0.327127659,0.684583799,0.10106383,6.297715386654716,0.311023622,1.5393184581771493,55.263590211608026,-1.3658164491871845,0.32585449113950626,101.00726052922005,"sa3010036"
"Ashton Creal","CIN","AA",24,71,0.14084507,0.38028169,0.37037037,0.20338983,0.328571428,0.322033898,0.650605326,0.118644068,4.712402521173214,0.333333333,0.041556067764759064,7.8227502784164376,-1.6432376572458327,0.31163185920034137,75.49322459974907,"sa3010048"
"Michael Amditis","CLE","AA",25,85,0.129411764,0.4,0.323529411,0.121621621,0.235294117,0.202702702,0.437996819,0.081081081,0.9067460274999999,0.184210526,-0.1557601187378168,2.889157584662781,-7.620666795615806,0.21816493062412037,31.122075182375255,"sa3010148"
"Ripken Reyes","SDP","AA",26,528,0.106060606,0.147727272,0.717948717,0.256723716,0.40776699,0.359413202,0.767180192,0.102689486,7.590512386652324,0.303680981,1.3099547512829304,84.32667076420034,12.839288113824976,0.3717237932010762,126.57482810650421,"sa3010159"
"Jimmy Govern","KCR","AA",26,241,0.062240663,0.182572614,0.34090909,0.225806451,0.295833333,0.331797235,0.627630568,0.105990784,5.982649488244601,0.264705882,-0.3078193897381425,22.152469123007602,-10.477188488243273,0.2917376081148783,66.38591175323478,"sa3010166"
"Kellen Strahm","TEX","AA",26,517,0.143133462,0.222437137,0.64347826,0.246575342,0.357281553,0.335616438,0.692897991,0.089041096,5.229070100412798,0.322884012,-0.8034804789349437,64.54239290919261,-5.455669269299929,0.3305814037045229,90.53510017620923,"sa3010278"
"Jackson Cluff","WSN","AA",26,311,0.17363344,0.273311897,0.635294117,0.206477732,0.357142857,0.368421052,0.725563909,0.16194332,7.570583699920595,0.280254777,0.08599235583096743,41.13393785567215,2.680345123123435,0.3402680611455595,110.39677220266893,"sa3010342"
"Nelson Maldonado","CHC","AA",26,310,0.116129032,0.193548387,0.6,0.209737827,0.309677419,0.355805243,0.665482662,0.146067416,2.698701082033759,0.24137931,-0.8368732035160065,33.311021019420664,-8.019348840513187,0.3083761792029104,79.8273821263245,"sa3010389"
"Nick Quintana","CIN","AA",25,137,0.138686131,0.262773722,0.527777777,0.135135135,0.291970802,0.243243243,0.535214045,0.108108108,2.44754464,0.175675675,-0.2535102963447571,10.245374298070196,-8.019982704545734,0.26933782683671825,48.92486404597897,"sa3010390"
"McCarthy Tatum","PHI","AA",27,157,0.050955414,0.216560509,0.235294117,0.246376811,0.331210191,0.36231884,0.693529031,0.115942029,3.0094674570072684,0.310679611,-0.610600434243679,18.502628466705158,-0.9096353886329381,0.32236096813420584,89.86798847452646,"sa3010582"
"Corey Joyce","DET","AA",24,147,0.156462585,0.258503401,0.605263157,0.146551724,0.306122448,0.198275862,0.50439831,0.051724138,3.3896340863570567,0.2,-0.38702035415917635,10.045205672085963,-8.130608256160535,0.260837611697969,57.082857008344064,"sa3010596"
"Jake Holton","DET","AA",25,463,0.14686825,0.14686825,1,0.245382585,0.377969762,0.401055408,0.77902517,0.155672823,2.6416352577513336,0.264214046,-1.6956210527569056,69.39005868316656,12.142427058825556,0.36214457140113054,123.07781039844552,"sa3010599"
"Herbert Iser","PHI","AA",25,78,0.089743589,0.256410256,0.35,0.228571428,0.307692307,0.371428571,0.679120878,0.142857143,1.70535714,0.276595744,-0.17306679859757423,8.552161263380473,-1.0921481679339957,0.3121626025591141,83.22441075039514,"sa3010679"
"Colin Barber","HOU","AA",22,321,0.140186915,0.22741433,0.616438356,0.244444444,0.358255451,0.433333333,0.791588784,0.188888889,4.173197333248084,0.292553191,-0.5981792188249528,48.21650843040045,4.755429205456335,0.3605118963948663,113.69910503366536,"sa3010696"
"Cade Bunnell","ATL","AA",26,467,0.132762312,0.383297644,0.346368715,0.200501253,0.312633832,0.368421052,0.681054884,0.167919799,3.8745542693638373,0.310679611,-0.42023609578609467,52.85059806128868,-9.411604276095547,0.31520560543338033,93.80181665119612,"sa3010702"
"Andrew Navigato","DET","AA",25,254,0.062992125,0.196850393,0.32,0.300429184,0.3503937,0.545064377,0.895458077,0.244635193,5.123420916893621,0.339080459,-1.892914293333888,44.01392802904942,12.608099880922811,0.39123441485077026,142.02796809945104,"sa3010703"
"Andres Alvarez","PIT","AA",26,380,0.078947368,0.257894736,0.306122448,0.215339233,0.284960422,0.345132743,0.630093165,0.12979351,4.091693963179054,0.273109243,-1.1976207913830876,34.30265472912637,-12.682442500354375,0.2880920168592307,70.99565857386976,"sa3010710"
"Chase Strumpf","CHC","AA",25,167,0.16766467,0.299401197,0.56,0.257575757,0.401197604,0.5,0.901197604,0.242424243,4.516327355763636,0.35064935,-0.25466267205774784,31.42446704088835,9.159396826020757,0.4048221882231935,140.41305340005633,"sa3010845"
"Branden Fryman","NYM","AA",25,161,0.03726708,0.248447204,0.15,0.225165562,0.257861635,0.350993377,0.608855012,0.125827815,7.044858295765621,0.29090909,-0.315413692034781,12.537729658246842,-7.369114167927894,0.27269012298224105,66.8272208028755,"sa3010853"
"Shayne Fontana","BAL","AA",26,151,0.099337748,0.132450331,0.75,0.240310077,0.34437086,0.364341085,0.708711945,0.124031008,5.379530539136816,0.261682242,-0.49237394519150257,18.813597243240906,0.14320334415776856,0.33073807394267707,93.46507698553795,"sa3010897"
"Javier Valdes","ATL","AA",24,298,0.154362416,0.211409395,0.73015873,0.234309623,0.37919463,0.40167364,0.78086827,0.167364017,2.7332016780068367,0.282352941,-1.438025588169694,45.822148183994294,6.09166360896111,0.3637122463698339,124.27282765747707,"sa3010902"
"Aaron Antonini","STL","AA",24,117,0.068376068,0.282051282,0.242424242,0.25490196,0.336206896,0.450980392,0.787187288,0.196078432,2.8918479617827604,0.323076923,-0.29035982908681035,16.867823730014145,1.0268696199877856,0.3533879456848934,104.16211116347971,"sa3010906"
"James Free","CIN","AA",25,489,0.124744376,0.200408997,0.622448979,0.268408551,0.364008179,0.456057007,0.820065186,0.187648456,2.6442051910524373,0.310679611,-1.3201272059231997,77.43967316778449,12.24434780808238,0.36920603075556196,111.66029742251828,"sa3011156"
"Will Holland","MIN","AA",25,341,0.123167155,0.278592375,0.442105263,0.197278911,0.3,0.306122448,0.606122448,0.108843537,8.367828714268516,0.270408163,2.067313921172172,30.081174114912706,-16.087760513454718,0.2873668192064061,61.06019371607779,"sa3011204"
"Zach Watson","BAL","AA",26,208,0.057692307,0.269230769,0.214285714,0.208556149,0.264705882,0.395721925,0.660427807,0.187165776,7.641510175258553,0.248,1.888479795306921,19.824807240268232,-5.89335124323702,0.29435591370451686,69.76444500345256,"sa3011258"
"Logan Wyatt","SFG","AA",25,236,0.105932203,0.216101694,0.490196078,0.257281553,0.33898305,0.441747572,0.780730622,0.184466019,2.8313701309790944,0.295302013,-0.31054705288261175,32.89127075367152,3.7110524743097972,0.3490975592998748,114.06780104591661,"sa3011259"
"Kervin Pichardo","SDP","AA",21,51,0.058823529,0.274509803,0.214285714,0.204545454,0.28,0.363636363,0.643636363,0.159090909,5.278481600386843,0.24137931,0.31751534389331937,4.697874625767277,-2.2071566529621616,0.29196913957595827,76.62573422813986,"sa3011260"
"Drew Campbell","ATL","AA",25,300,0.046666666,0.256666666,0.181818181,0.25367647,0.307432432,0.404411764,0.711844196,0.150735294,3.798418780658373,0.319148936,-2.7211403138935566,34.84361178554871,-5.153520336967925,0.31876030868413496,96.03481814927359,"sa3011264"
"Bryan Arias","HOU","AA",26,86,0.162790697,0.209302325,0.777777777,0.242857142,0.38372093,0.414285714,0.798006644,0.171428572,6.5264212430594135,0.285714285,0.9975376655347645,13.72359101784733,2.0798127831271014,0.37156690899715866,120.62268675836228,"sa3011265"
"Phil Clarke","TOR","AA",25,259,0.127413127,0.142857142,0.891891891,0.260465116,0.381322957,0.390697674,0.772020631,0.130232558,4.851579816668316,0.290697674,0.4904261436313391,38.58891391296773,6.564860801295334,0.3610529352254905,120.66483378051758,"sa3011379"
"Warren Saunders","NYM","AA",24,76,0.065789473,0.263157894,0.25,0.159420289,0.210526315,0.231884057,0.442410372,0.072463768,0.76785714,0.2,-0.11249341908842325,1.8117154646106597,-7.585303981285489,0.2055515678305375,23.090780276991687,"sa3011405"
"Marcus Lee Sang","PHI","AA",22,99,0.111111111,0.333333333,0.333333333,0.195402298,0.292929292,0.367816091,0.660745383,0.172413793,3.296548546225573,0.274509803,-0.2053002156317234,10.152908230756994,-2.087946047449831,0.30335529645284015,77.4870185941308,"sa3011445"
"Cam Cannon","PHI","AA",25,169,0.071005917,0.165680473,0.428571428,0.206451612,0.261904761,0.393548387,0.655453148,0.187096775,3.1403245206690853,0.213114754,-0.03364017512649298,15.813284057707987,-5.082719710140027,0.2921916984376453,70.21465415996624,"sa3011467"
"Stephen Scott","BOS","AA",26,149,0.161073825,0.228187919,0.705882352,0.248,0.369127516,0.448,0.817127516,0.2,5.782114696520401,0.294117647,-0.0043270280584692955,23.447520250906727,5.0244163372419095,0.371457451941983,125.10457077487015,"sa3011469"
"Jordan Brewer","HOU","AA",25,283,0.106007067,0.25795053,0.410958904,0.242914979,0.329787234,0.39271255,0.722499784,0.149797571,5.84414330963143,0.309523809,-0.03899926180019975,35.373543275446444,-2.942610682993387,0.33076385656992596,95.06837232560804,"sa3011737"
"Trei Cruz","DET","AA",24,538,0.15055762,0.236059479,0.637795275,0.214128035,0.33519553,0.370860927,0.706056457,0.156732892,5.043838448568723,0.265175718,-2.01352144125849,65.81346351474886,-0.7075425627791376,0.32792570892880973,100.78642745160708,"sa3014420"
"Baron Radcliff","PHI","AA",24,251,0.111553784,0.386454183,0.288659793,0.210762331,0.29880478,0.394618834,0.693423614,0.183856503,2.021134810452266,0.313043478,-0.516820453107357,28.12366923158922,-2.911223938409905,0.31514878671957675,85.16971722352821,"sa3014424"
"Hayden Cantrelle","SFG","AA",24,357,0.184873949,0.210084033,0.88,0.214545454,0.390449438,0.305454545,0.695903983,0.090909091,6.1507021146092224,0.279187817,1.3034058073535562,47.95255297708939,3.8112905799193255,0.3428243619672368,109.98121739176881,"sa3014426"
"Alerick Soularie","MIN","AA",23,270,0.144444444,0.277777777,0.52,0.231111111,0.355555555,0.408888888,0.764444443,0.177777777,6.7483424587358645,0.292857142,1.4431088627316058,38.72978560233525,2.173737656120569,0.35253159403800965,101.87187438521852,"sa3014436"
"Trevor Hauver","TEX","AA",24,471,0.150743099,0.286624203,0.525925925,0.260204081,0.374468085,0.428571428,0.803039513,0.168367347,3.195094274364278,0.361445783,-1.7731095128692687,73.63914312745115,9.869148376832216,0.3677555207242357,113.81666904353548,"sa3014448"
"Daniel Cabrera","DET","AA",24,237,0.135021097,0.151898734,0.888888888,0.236180904,0.340425531,0.311557788,0.651983319,0.075376884,4.263842188891761,0.278787878,-0.4206605292856693,25.45449890755014,-3.849364364520747,0.3093792585616416,88.70461065324065,"sa3014452"
"Carson Taylor","LAD","AA",24,281,0.110320284,0.227758007,0.484375,0.220883534,0.30960854,0.369477911,0.679086451,0.148594377,3.4184623450216636,0.257142857,-0.32490239199250937,30.446913928049266,-7.598454490048231,0.3111269620912416,82.65207336567089,"sa3014468"
"Anthony Servideo","BAL","AA",24,274,0.091240875,0.397810218,0.229357798,0.200819672,0.278388278,0.278688524,0.557076802,0.077868852,5.174423861264168,0.348148148,-0.4245539838448167,18.779748093678347,-15.098979908631454,0.2610916924827239,48.09494928941091,"sa3014472"
"Aaron Sabato","MIN","AA",24,319,0.131661442,0.322884012,0.40776699,0.220588235,0.329153605,0.430147058,0.759300663,0.209558823,3.3621555840491517,0.301886792,-1.0931987487711012,43.08143143058144,-0.10886225402034813,0.342629706224304,95.67047670497018,"sa3014494"
"Kaden Polcovich","SEA","AA",24,159,0.163522012,0.264150943,0.619047619,0.175572519,0.314465408,0.312977099,0.627442507,0.13740458,7.65741850417597,0.229885057,-0.045744750648736954,15.733534252885809,-5.7939162043295,0.30003712724589704,85.13332684335748,"sa3014496"
"Freddy Zamora","MIL","AA",24,437,0.121281464,0.203661327,0.595505617,0.254641909,0.352402745,0.360742705,0.71314545,0.106100796,5.640089970332398,0.314487632,0.9786115493625402,56.64846712690301,-1.6140219982295463,0.33487335127060147,94.70724282554825,"sa3014500"
"David Calabrese","LAA","AA",20,535,0.130841121,0.306542056,0.426829268,0.194323144,0.308988764,0.344978165,0.653966929,0.150655021,5.353950017545005,0.265232974,-2.420238697901368,56.6143325999593,-14.713886351862032,0.3064240626851271,81.85480097504167,"sa3014507"
"Casey Martin","PHI","AA",24,236,0.06779661,0.368644067,0.183908045,0.179723502,0.237288135,0.29032258,0.527610715,0.110599078,5.272198904301037,0.267716535,-0.036560445092618465,12.65100669397235,-16.529211585389373,0.24253734340101984,37.868042872258435,"sa3014524"
"A.J. Vukovich","ARI","AA",21,507,0.090729783,0.284023668,0.319444444,0.263157894,0.333333333,0.484649122,0.817982455,0.221491228,7.013484519613462,0.331034482,-1.1559350602328777,76.30631958832821,7.662185111547317,0.36086394310939923,94.55246942032723,"sa3014525"
"Jordan Nwogu","CHC","AA",24,363,0.074380165,0.377410468,0.197080291,0.194444444,0.273480662,0.37037037,0.643851032,0.175925926,6.0065185019424625,0.2716763,-0.8594899903982878,34.12496197323158,-14.271567895013545,0.292308829271991,69.73415804123066,"sa3014530"
"Jesse Franklin V","ATL","AA",24,387,0.082687338,0.297157622,0.278260869,0.231671554,0.315245478,0.419354838,0.734600316,0.187683284,6.636402489079852,0.29906542,1.6290243919938803,49.138851136444195,-2.4574493016022583,0.33169903219208235,104.16269463807002,"sa3014532"
"Blaze Jordan","BOS","AA",20,203,0.0591133,0.137931034,0.428571428,0.253968253,0.295566502,0.402116402,0.697682904,0.148148149,1.022486765,0.267515923,-0.3807469569146633,22.28554750687303,-2.81438601308642,0.3123339772811664,86.58943848845858,"sa3014537"
"Milan Tolentino","CLE","AA",21,134,0.111940298,0.268656716,0.416666666,0.206896551,0.305970149,0.24137931,0.547349459,0.034482759,4.3790729195796505,0.296296296,0.07982642855495214,9.934154015577343,-6.634275007450077,0.2680449467986377,63.615690153944165,"sa3014544"
"Jimmy Glowenke","SFG","AA",24,289,0.110726643,0.211072664,0.524590163,0.251012145,0.355400696,0.388663967,0.744064663,0.137651822,4.23185004476,0.307262569,0.4904261436313391,39.382365377294384,3.6489624843471846,0.3452475590157592,111.55977405501135,"sa3014548"
"Zavier Warren","MIL","AA",24,429,0.104895104,0.2004662,0.523255813,0.23607427,0.319347319,0.405835543,0.725182862,0.169761273,4.549644756039449,0.264285714,-1.0312557611614466,53.42790200041299,-3.7679969347857876,0.3287916182082294,90.88680604610649,"sa3014549"
"Arol Vera","LAA","AA",20,60,0.016666666,0.166666666,0.1,0.285714285,0.3,0.410714285,0.710714285,0.125,5.484132373099737,0.304347826,0.2811670545488596,6.740387938426238,-1.2590384860770882,0.31421307623386385,86.74772105752183,"sa3014687"
"Adrian Placencia","LAA","AA",20,60,0.066666666,0.4,0.166666666,0.16981132,0.237288135,0.226415094,0.463703229,0.056603774,1.60119047125,0.275862068,-0.10298855789005756,2.1539045221769166,-5.84552190232641,0.22287421307321323,29.3702681781211,"sa3014688"
"Norel Gonzalez","MIA","AA",29,276,0.123188405,0.221014492,0.557377049,0.244725738,0.347826086,0.396624472,0.744450558,0.151898734,3.3043327266727447,0.295857988,-0.8844063840806484,37.82152580445993,1.0241642517446305,0.3437204827433047,101.77269259175961,"sa3014819"
"Zach Britton","TOR","AA",24,75,0.266666666,0.213333333,1.25,0.218181818,0.426666666,0.309090909,0.735757575,0.090909091,4.693046831503126,0.289473684,0.3577064909040928,11.156553487600338,1.8831790344133492,0.36075734931069453,120.47227861227555,"sa3014821"
"Michael Guldberg","OAK","AA",24,138,0.057971014,0.224637681,0.258064516,0.22047244,0.272058823,0.322834645,0.594893468,0.102362205,6.987370077346144,0.276595744,0.38254044530913234,10.572625794604111,-8.111576489016723,0.27367837814723744,55.50751556000213,"sa3014822"
"J.C. Correa","HOU","AA",24,398,0.082914572,0.120603015,0.6875,0.246498599,0.306532663,0.338935574,0.645468237,0.092436975,4.627065015258469,0.264516129,-0.3106582975015044,38.56805202559695,-15.318270502526904,0.29762022908608515,74.31103610242718,"sa3014823"
"Jack Blomgren","COL","AA",24,78,0.076923076,0.397435897,0.193548387,0.261538461,0.368421052,0.43076923,0.799190282,0.169230769,5.471352121649186,0.451612903,0.16873977053910494,12.03436701940626,2.390057588091791,0.36763165499034683,123.60484464869347,"sa3014825"
"Scott McKeon","CHC","AA",25,119,0.092436974,0.445378151,0.207547169,0.171428571,0.247863247,0.333333333,0.58119658,0.161904762,8.947429207488408,0.31372549,0.6574004702270031,8.33643087820249,-7.529098197062441,0.2636863517965007,51.754025643993195,"sa3014826"
"Elijah Dunham","NYY","AA",25,251,0.111553784,0.254980079,0.4375,0.239631336,0.33067729,0.447004608,0.777681898,0.207373272,7.1436322342709335,0.287671232,2.8014060836285353,34.48328190099568,3.448388730996557,0.3466297392845154,115.10322385654462,"sa3014827"
"Matt Scheffler","SEA","AA",25,259,0.127413127,0.235521235,0.540983606,0.208333333,0.332046332,0.259259259,0.591305591,0.050925926,5.4043143013004284,0.282051282,0.06930824089795351,24.371194746033545,-10.695532728298309,0.29430780562654885,81.54514219937029,"sa3014832"
"Matt Koperniak","STL","AA",25,145,0.103448275,0.186206896,0.555555555,0.3203125,0.386206896,0.453125,0.839331896,0.1328125,3.791746424916253,0.373737373,-2.324434421956539,24.18738656845459,4.555434893635597,0.3801010349701191,120.89210175137244,"sa3014834"
"Sheng-Ping Chen","ARI","AA",22,50,0.14,0.24,0.583333333,0.232558139,0.34,0.441860465,0.781860465,0.209302326,4.10119047125,0.275862068,-0.09748187335208058,7.169799798245322,0.4001612896870489,0.35247536659240725,89.29883496881837,"sa3014837"
"L.J. Jones","STL","AA",24,279,0.064516129,0.17562724,0.367346938,0.22265625,0.276978417,0.359375,0.636353417,0.13671875,1.7179238437467044,0.243781094,-0.9078193986788392,24.823990192655142,-12.950592685100023,0.2882638835220886,63.3759282029169,"sa3014840"
"Noah Campbell","MIL","AA",24,232,0.172413793,0.237068965,0.727272727,0.255319148,0.393939393,0.430851063,0.824790456,0.175531915,6.65271302681323,0.330708661,-0.7777454648166895,39.14641967787358,8.215304169794058,0.38159848136819285,124.05914033869136,"sa3014878"
"Sahid Valenzuela","OAK","AA",25,199,0.070351758,0.145728643,0.48275862,0.275280898,0.326530612,0.348314606,0.674845218,0.073033708,4.2296245540351585,0.317880794,-0.27782496716827154,21.676256015952927,-5.266905248109003,0.311804109994246,79.38506593040235,"sa3014882"
"Landon Stephens","ATL","AA",25,404,0.131188118,0.373762376,0.350993377,0.199413489,0.31930693,0.431085043,0.750391973,0.231671554,1.8781598686151129,0.274853801,-1.728267215192318,53.721607649646884,-0.14119694200884994,0.3388689557219496,108.66671335746541,"sa3014884"
"William Simoneit","OAK","AA",26,289,0.083044982,0.273356401,0.303797468,0.23715415,0.326388888,0.387351778,0.713740666,0.150197628,5.333692561377054,0.31547619,0.06759900832548738,35.53812438743526,-3.5903861920315556,0.3283738934745391,89.76246252084621,"sa3014885"
"Bryson Horne","ATL","AA",24,91,0.043956043,0.23076923,0.19047619,0.298850574,0.329670329,0.448275862,0.777946191,0.149425288,2.1299261025000003,0.384615384,-0.15844393521547318,12.792990137690152,0.66052672719344,0.3479596992115398,114.37735708745426,"sa3014891"
"Zach Daniels","HOU","AA",24,345,0.086956521,0.313043478,0.277777777,0.278317152,0.347826086,0.469255663,0.817081749,0.190938511,5.1165681707068815,0.384210526,1.3831200175918639,53.17891509711413,6.468409388062037,0.36515432112458823,116.60658313191004,"sa3014935"
"Tucker Bradley","KCR","AA",25,107,0.093457943,0.224299065,0.416666666,0.301075268,0.355140186,0.473118279,0.828258465,0.172043011,4.808980221082317,0.357142857,-0.01745956065133214,16.434909501378876,1.9478830930641706,0.36451186810698466,111.96329412593442,"sa3014937"
"Robert Emery","SFG","AA",26,83,0.108433734,0.313253012,0.346153846,0.185714285,0.271604938,0.214285714,0.485890652,0.028571429,0.6542207712499999,0.282608695,-0.17306679859757423,4.08903060884962,-6.173503786010648,0.23714430096708697,41.13747042311593,"sa3014940"
"Brett Auerbach","SFG","AA",24,175,0.062857142,0.297142857,0.211538461,0.153374233,0.211428571,0.190184049,0.40161262,0.036809816,4.726160546177487,0.218181818,-0.8144938917830586,2.54959954714676,-19.088274176956215,0.19403470584324428,13.054348303961493,"sa3014941"
"Brady Lindsly","WSN","AA",25,157,0.146496815,0.267515923,0.547619047,0.229007633,0.341935483,0.312977099,0.654912582,0.083969466,4.0421637474831265,0.318181818,0.20194637216627598,17.21903345334021,-2.193230401997887,0.31220270895188856,92.11400451005308,"sa3014942"
"Francisco Urbaez","CIN","AA",25,293,0.119453924,0.18771331,0.636363636,0.264,0.358361774,0.38,0.738361774,0.116,3.1340261329916004,0.310880829,-1.2965784221887589,40.019554235705144,0.9556885293805686,0.3431839729331866,95.31370250265056,"sa3014944"
"Jacob Buchberger","STL","AA",25,447,0.098434004,0.225950782,0.435643564,0.23929471,0.322147651,0.415617128,0.737764779,0.176322418,5.652102370257277,0.275985663,-0.5893479390069842,56.44093532915654,-4.079632937354426,0.3322637714696734,90.9323707907293,"sa3014987"
"Alex McGarry","CIN","AA",25,416,0.091346153,0.257211538,0.355140186,0.28032345,0.346153846,0.431266846,0.777420692,0.150943396,6.316502181078663,0.365384615,-0.8702918402850628,59.151380760925804,3.6886908843694055,0.34988168765263383,99.52108802746089,"sa3015015"
"Nick Raposo","STL","AA",25,54,0.074074074,0.166666666,0.444444444,0.26,0.314814814,0.42,0.734814814,0.16,4.75223214,0.3,-0.08998326770961285,6.707400873315558,-0.6038087159273772,0.32983913907298335,89.41386139098874,"sa3015018"
"Brandon McIlwain","NYM","AA",25,360,0.075,0.202777777,0.369863013,0.26031746,0.341666666,0.393650793,0.735317459,0.133333333,4.487056894001801,0.313807531,-1.624121144413948,46.65424444672251,2.14204707142496,0.3369526876343621,108.69013892194288,"sa3015076"
"Aaron Palensky","NYY","AA",24,226,0.137168141,0.234513274,0.58490566,0.183333333,0.327433628,0.383333333,0.710766961,0.2,7.7379808111636805,0.201612903,1.2918329136446118,27.550599068338897,-0.3931692839312286,0.32739820944524445,102.57512194645024,"sa3015077"
"Zac Cook","TOR","AA",25,140,0.057142857,0.378571428,0.150943396,0.186440677,0.291970802,0.33898305,0.630953852,0.152542373,7.076911091876868,0.278688524,1.0908597260713577,13.435318661695288,-3.874980317587092,0.29516972677551045,77.74617070360085,"sa3015090"
"Bradlee Beesley","CHC","AA",25,272,0.136029411,0.290441176,0.46835443,0.227678571,0.363970588,0.410714285,0.774684873,0.183035714,9.198425752607655,0.318840579,2.8649630323052406,40.80382051231828,4.539754054569872,0.35922956379020915,111.7725758472466,"sa3015097"
"Joe Suozzi","NYM","AA",25,119,0.117647058,0.327731092,0.358974358,0.247524752,0.352941176,0.386138613,0.739079789,0.138613861,4.010410565672013,0.366666666,-0.5351003175601363,15.871127202398467,1.157373070008446,0.3416439274779889,111.7461792545033,"sa3015106"
"TT Bowens","BAL","AA",25,186,0.118279569,0.306451612,0.385964912,0.225609756,0.317204301,0.402439024,0.719643325,0.176829268,1.561126365,0.3,-0.3807469569146633,22.730230221838234,-0.26773842206550014,0.3277712445105276,91.53237887017862,"sa3015107"
"Carter Williams","SFG","AA",25,186,0.059139784,0.225806451,0.261904761,0.226744186,0.279569892,0.337209302,0.616779194,0.110465116,4.69902168540586,0.269841269,-0.0043270280584692955,15.950448871222642,-7.047519772681089,0.2824821472167969,70.67215450429082,"sa3015126"
"Yoelqui Cespedes","CHW","AA",25,456,0.09868421,0.296052631,0.333333333,0.213740458,0.314977973,0.325699745,0.640677718,0.111959287,5.3430806393554136,0.29880478,-0.2592721749097109,46.692953663026735,-14.102687163198546,0.3023323445656968,77.39050293395317,"sa3015137"
"Deyvison De Los Santos","ARI","AA",20,481,0.051975051,0.259875259,0.2,0.254424778,0.297297297,0.431415929,0.728713226,0.176991151,4.944049054196727,0.308441558,-0.4602538519538939,57.28804233692219,-7.835880115408399,0.3238108313009298,71.34668422682363,"sa3015168"
"Wilfred Veras","CHW","AA",20,162,0.049382716,0.271604938,0.181818181,0.309210526,0.345679012,0.532894736,0.878573748,0.22368421,6.6092567863919784,0.398058252,0.9227231312543154,27.836781329179782,6.238329983020801,0.3852995450114026,129.50902586472807,"sa3015178"
"Jeferson Quero","MIL","AA",20,381,0.099737532,0.17847769,0.558823529,0.261904761,0.338582677,0.44047619,0.779058867,0.178571429,3.5984403280364976,0.28125,0.19985814206302166,54.41466479848924,3.618307002893125,0.35063425574715684,104.60796331458843,"sa3015407"
"Spencer Packard","SEA","AA",25,550,0.123636363,0.156363636,0.790697674,0.291845493,0.39090909,0.448497854,0.839406944,0.156652361,2.4613049469689754,0.32884097,-1.5476632276549935,92.6135329659512,18.147509371810184,0.3819637186553356,136.4426714325698,"sa3016803"
"Tanner Murray","TBR","AA",23,200,0.1,0.2,0.5,0.255681818,0.341708542,0.4375,0.779208542,0.181818182,4.261563797337964,0.305343511,-0.8467404842376709,28.945362239800197,2.280607491455775,0.3529119129156947,108.3787549856205,"sa3016805"
"Marcos Castanon","SDP","AA",24,230,0.078260869,0.213043478,0.367346938,0.279620853,0.334782608,0.436018957,0.770801565,0.156398104,2.2301859025,0.345911949,-0.38992749340832233,31.459440526221318,0.3191033868532601,0.34466936052105834,109.63105948189184,"sa3016818"
"Cole Cummings","SDP","AA",25,335,0.089552238,0.241791044,0.37037037,0.244897959,0.332335329,0.418367346,0.750702675,0.173469387,2.6651283747212364,0.297029702,-0.42238426534458995,44.56114754809323,-0.7954304592471997,0.3402307826477486,106.85124748593634,"sa3016830"
"Tanner Allen","MIA","AA",25,64,0.03125,0.15625,0.2,0.274193548,0.296875,0.322580645,0.619455645,0.048387097,0.5595238025,0.31372549,-0.14259954169392586,5.678312510509921,-2.8544090089602943,0.28599441424012184,65.51020080194128,"sa3016854"
"Tyler McDonough","BOS","AA",24,365,0.09589041,0.265753424,0.360824742,0.25,0.325905292,0.370253164,0.696158456,0.120253164,7.713579636238815,0.337899543,0.9782588370144367,41.56479089718525,-3.5656314416580956,0.31742209628973594,89.90402001175897,"sa3016869"
"Gabe Matthews","LAA","AA",25,199,0.155778894,0.311557788,0.5,0.240506329,0.396984924,0.367088607,0.764073531,0.126582278,2.21015842700824,0.362637362,-0.33870937675237656,30.853162294415117,4.321731319812417,0.3652362281625921,118.79955960952967,"sa3016920"
"Mike Antico","STL","AA",25,545,0.099082568,0.23119266,0.428571428,0.264705882,0.349907918,0.447478991,0.797386909,0.182773109,8.261722743230045,0.322388059,5.536998771131039,81.42882064846613,7.639760905180957,0.3595720926920573,108.0351458439432,"sa3016922"
"Andy Thomas","SFG","AA",25,448,0.125,0.238839285,0.523364485,0.225721784,0.325112107,0.359580052,0.684692159,0.133858268,3.7317845517008745,0.278810408,-0.436020839959383,50.367308865882315,-5.0256478678212995,0.3156215989187862,92.26037091957481,"sa3016953"
"Tyler Hardman","NYY","AA",24,331,0.120845921,0.332326283,0.363636363,0.236749116,0.332326283,0.558303886,0.890630169,0.32155477,6.277253213325754,0.269736842,-0.12839405704289675,55.74168779404547,14.81519520731356,0.38517197273288967,140.2110042837613,"sa3016955"
"Chris Meyers","DET","AA",24,282,0.053191489,0.237588652,0.223880597,0.248062015,0.304964539,0.391472868,0.696437407,0.143410853,2.937818959548812,0.298913043,-0.6033538524061441,31.382854847122676,-3.4850330968604024,0.31420478235360144,91.84812832138833,"sa3016956"
"Caleb Roberts","ARI","AA",23,434,0.133640552,0.262672811,0.508771929,0.277929155,0.382488479,0.523160762,0.905649241,0.245231607,6.995812053791853,0.355648535,-0.08853903599083424,79.35036986844682,20.589907614161,0.3990093947008804,118.44236995868819,"sa3016959"
"Tyler Tolve","ATL","AA",22,217,0.092165898,0.2718894,0.33898305,0.238341968,0.304147465,0.393782383,0.697929848,0.155440415,3.717686919972349,0.297709923,0.00389016792178154,24.40854260576685,-4.522716296186845,0.31438270746837566,93.2848867532559,"sa3016960"
"Corey Rosier","BOS","AA",23,400,0.0825,0.215,0.38372093,0.284916201,0.349246231,0.438547486,0.787793717,0.153631285,9.361499828455198,0.354477611,5.874418832361698,57.502798786625696,8.044801702961756,0.354548593561853,114.08953958702097,"sa3016961"
"Grant Richardson","NYY","AA",23,61,0.098360655,0.311475409,0.315789473,0.339622641,0.426229508,0.641509433,1.067738941,0.301886792,5.033775588681802,0.448275862,0.3946997933089733,14.314805499692225,6.772460944433474,0.46750526154627564,193.8458342462244,"sa3016964"
"Cooper Bowman","OAK","AA",23,319,0.112852664,0.213166144,0.529411764,0.261992619,0.357594936,0.435424354,0.79301929,0.173431735,8.575961834595429,0.318181818,4.943917810451239,47.72955184232555,4.539258157723768,0.35982192411452907,109.45787292423151,"sa3016966"
"Justice Bigbie","DET","AA",24,272,0.080882352,0.125,0.647058823,0.362139917,0.420664206,0.563786008,0.984450214,0.201646091,4.277687751201843,0.381909547,-0.2023806618526578,57.15373708488069,23.52229906798921,0.43700859643436446,171.8468965218491,"sa3016971"
"Ben Malgeri","DET","AA",23,389,0.102827763,0.303341902,0.33898305,0.232558139,0.318766066,0.412790697,0.731556763,0.180232558,6.62795059716453,0.313084112,-0.37220108695328236,48.70007387269066,0.6021717088274783,0.33148310821896043,103.10384375776584,"sa3016975"
"Wade Stauss","STL","AA",24,91,0.087912087,0.395604395,0.222222222,0.184210526,0.307692307,0.263157894,0.570850201,0.078947368,2.1964285649999997,0.325,-0.1799665354192257,7.6214042886553734,-4.699337796920683,0.28210105345799374,59.51624399094846,"sa3017000"
"Noah Mendlinger","STL","AA",22,401,0.137157107,0.10723192,1.279069767,0.29906542,0.421717171,0.392523364,0.814240535,0.093457944,3.6751755382556657,0.330935251,-2.4592977659776807,68.77477342657586,14.482272587938507,0.38564491407437756,124.36414664458351,"sa3017001"
"Jacob Teter","BAL","AA",24,141,0.09929078,0.234042553,0.424242424,0.19047619,0.269503546,0.238095238,0.507598784,0.047619048,3.068665427690144,0.247311827,-0.09421355463564396,7.767776551490505,-9.666167420501033,0.24438200182948552,37.209663036080904,"sa3017016"
"Adam Hackenberg","CHW","AA",23,268,0.115671641,0.220149253,0.525423728,0.276315789,0.384328358,0.385964912,0.77029327,0.109649123,3.518148164356716,0.353658536,-0.2971533089876175,40.996538824121906,5.265767461340381,0.3627641770377088,115.35270763076504,"sa3017041"
"Michael Trautwein","CIN","AA",23,166,0.138554216,0.246987951,0.560975609,0.235294117,0.367469879,0.352941176,0.720411055,0.117647059,5.669808972883883,0.319148936,-0.7290599085390568,22.69566320106554,0.5639167599396722,0.34334570492606564,95.41529967037738,"sa3017043"
"Alex Binelas","BOS","AA",23,328,0.091463414,0.350609756,0.260869565,0.222972972,0.295731707,0.459459459,0.755191166,0.236486487,6.970691269149722,0.301204819,1.216332796961069,41.491713712208266,0.936156103603832,0.33310596075262133,100.12104663300588,"sa3017044"
"Wes Clarke","MIL","AA",23,503,0.176938369,0.29224652,0.605442176,0.24120603,0.391650099,0.497487437,0.889137536,0.256281407,3.147702708530026,0.305676855,-0.4310379456728697,92.33472012186425,25.272861929778028,0.3993228029304186,135.19324459688923,"sa3017045"
"Ethan Murray","MIL","AA",23,413,0.128329297,0.225181598,0.569892473,0.256410256,0.358536585,0.37037037,0.728906955,0.113960114,5.29078537763281,0.330708661,-1.2988831736147404,55.75829492333464,0.6955763680034078,0.34129900045511197,98.743721609561,"sa3017051"
"Luke Waddell","ATL","AA",24,446,0.14573991,0.12780269,1.140350877,0.29032258,0.394618834,0.403225806,0.79784464,0.112903226,4.978744803426722,0.319488817,-0.19452699087560177,71.34520009777994,11.882797008971867,0.37112200487354946,128.92750645117854,"sa3017075"
"Riley Tirotta","TOR","AA",24,269,0.137546468,0.286245353,0.48051948,0.213333333,0.327137546,0.373333333,0.700470879,0.16,5.227849843611439,0.277777777,-0.9346674662083387,31.7559329718889,-1.5045700668750999,0.32261028342973785,95.62192438035106,"sa3017078"
"Cal Conley","ATL","AA",23,599,0.088480801,0.222036727,0.39849624,0.218691588,0.298157453,0.285981308,0.584138761,0.06728972,6.139326370552338,0.285,-0.8445827383548021,48.84195391223824,-31.018986559053303,0.2774097713101812,70.05914440414581,"sa3017080"
"Wyatt Young","NYM","AA",23,377,0.137931034,0.214854111,0.641975308,0.208722741,0.319148936,0.258566978,0.577715914,0.049844237,5.702710620760076,0.270833333,0.7687390632927418,31.781528638649313,-14.832633612703948,0.2806756191253662,72.02925674696604,"sa3017081"
"Peyton Wilson","KCR","AA",23,562,0.097864768,0.179715302,0.544554455,0.286298568,0.366071428,0.411042944,0.777114372,0.124744376,6.072919077403979,0.345360824,-0.7175773517228663,82.52555417679352,6.434817340598529,0.3565420421106475,106.97191658505196,"sa3017110"
"Dillan Shrum","KCR","AA",25,358,0.150837988,0.32122905,0.469565217,0.234657039,0.398876404,0.433212996,0.8320894,0.198555957,4.191981625625521,0.34437086,-1.4081401857547462,61.627455775022,13.15684405374476,0.3863948208562444,125.66824564320045,"sa3017111"
"Parker Bates","KCR","AA",25,290,0.08275862,0.213793103,0.387096774,0.221789883,0.292682926,0.276264591,0.568947517,0.054474708,5.272774502306366,0.284263959,-1.7922984221950173,21.590744135313496,-17.673159214324485,0.2711269757888874,53.4777946447035,"sa3017112"
"Phillip Sikes","BOS","AA",24,476,0.092436974,0.306722689,0.301369863,0.210144927,0.296218487,0.333333333,0.62955182,0.123188406,8.372329514855004,0.292134831,3.813845423050225,44.10615831470356,-14.748858214856524,0.2910613710639857,72.73170689822697,"sa3017113"
"Bennett Hostetler","MIA","AA",25,279,0.132616487,0.247311827,0.536231884,0.248927038,0.370503597,0.480686695,0.851190292,0.231759657,3.734897924256485,0.293333333,-0.07648417539894581,47.64442190844063,10.447089034500165,0.3840288464113963,127.09369130994857,"sa3017120"
"Austin Gauthier","LAD","AA",24,392,0.163265306,0.137755102,1.185185185,0.29283489,0.410714285,0.433021806,0.843736091,0.140186916,6.595745947756569,0.332075471,-0.8272175285965204,68.54760043844696,15.4736345313501,0.3896072125252412,131.80302843032712,"sa3017121"
"Donta' Williams","BAL","AA",24,408,0.139705882,0.281862745,0.495652173,0.19402985,0.327586206,0.322388059,0.649974265,0.128358209,5.783190859468842,0.265116279,-1.071821616962552,43.47312467424112,-6.974032351096101,0.3083216896763554,78.8622477311098,"sa3017152"
"Connor Pavolony","BAL","AA",23,73,0.05479452,0.356164383,0.153846153,0.164179104,0.232876712,0.23880597,0.471682682,0.074626866,4.3239940684884015,0.25,0.07885324396193027,2.870367492324461,-6.155716975444208,0.2247873887623826,24.445035809584706,"sa3017156"
"Cody Morissette","MIA","AA",23,434,0.071428571,0.248847926,0.287037037,0.222506393,0.282407407,0.398976982,0.681384389,0.176470589,4.393833435402401,0.26007326,-1.0221811886876822,45.11289257994955,-12.749625223957839,0.30418433524944166,76.93678636997689,"sa3017158"
"John Rhodes","BAL","AA",22,468,0.113247863,0.262820512,0.430894308,0.227941176,0.322649572,0.421568627,0.744218199,0.193627451,5.584335840120108,0.281481481,0.2332058884203434,60.17992647282501,2.3140698849381947,0.33570332368895633,96.69961710534855,"sa3017162"
"Rowdey Jordan","NYM","AA",24,509,0.127701375,0.227897838,0.560344827,0.229508196,0.343811394,0.388758782,0.732570176,0.159250586,6.747308231570828,0.280528052,2.661978743970394,66.24518645898623,3.309885170023851,0.3376392727984895,109.13740489495882,"sa3017214"
"Quincy Hamilton","HOU","AA",25,191,0.12565445,0.246073298,0.510638297,0.268292682,0.361256544,0.445121951,0.806378495,0.176829269,2.824592968621286,0.336283185,-1.4815285671502352,29.359814712165853,3.499795609473252,0.3646523025647508,116.2921767489061,"sa3017215"
"Drew Swift","OAK","AA",24,292,0.089041095,0.25,0.356164383,0.252873563,0.322916666,0.32183908,0.644755746,0.068965517,6.312267811969047,0.351063829,-0.5381903736852109,29.765877288595753,-9.768811601384563,0.3035589994655715,74.22128198658307,"sa3017281"
"Vaun Brown","SFG","AA",25,208,0.0625,0.375,0.166666666,0.221052631,0.283653846,0.421052631,0.704706477,0.2,8.989644566148362,0.323809523,2.662519787438214,23.15646697014318,-2.5616915133620703,0.31425752433446735,91.37176426435073,"sa3017282"
"Shane McGuire","OAK","AA",24,396,0.138888888,0.219696969,0.632183908,0.227272727,0.345177664,0.309090909,0.654268573,0.081818182,3.4520865815506863,0.293388429,-1.2306359997019172,44.52771037469463,-9.087826613086897,0.3159547664489843,81.98455723894799,"sa3017284"
"BJ Murray","CHC","AA",23,542,0.151291512,0.23800738,0.635658914,0.263274336,0.381918819,0.46238938,0.844308199,0.199115044,5.779886283575845,0.333333333,0.18847881816327572,92.25958956235061,19.998104194337223,0.38337417667202406,126.93979317379778,"sa3017287"
"Jonny Butler","OAK","AA",24,92,0.119565217,0.228260869,0.523809523,0.2875,0.380434782,0.475,0.855434782,0.1875,8.434408787909359,0.368421052,0.9975376655347645,15.759877819151217,3.3037429634039945,0.38540286538393603,125.47881689282421,"sa3017292"
"Damiano Palmegiani","TOR","AA",23,461,0.125813449,0.271149674,0.464,0.249363867,0.351409978,0.463104325,0.814514303,0.213740458,4.338396919994445,0.312252964,0.18755924608558416,70.32000027102178,13.319658632099092,0.36545880445947876,123.53497355760601,"sa3017326"
"Ethan Wilson","PHI","AA",23,463,0.066954643,0.237580993,0.281818181,0.25,0.306695464,0.442857142,0.749552606,0.192857142,5.019460254501028,0.294314381,-1.4736612383276224,58.431853555404274,1.1842219310632591,0.332737663909632,96.62773682793738,"sa3017329"
"T.J. Rumfield","NYY","AA",23,350,0.111428571,0.214285714,0.52,0.218855218,0.32,0.437710437,0.757710437,0.218855219,3.8612230352402035,0.227488151,-0.3976207794621587,46.056601743929704,2.78085429572375,0.33943165166037426,110.41413380147868,"sa3017330"
"Dru Baker","TBR","AA",23,127,0.05511811,0.22047244,0.25,0.286956521,0.346456692,0.417391304,0.763847996,0.130434783,9.368150220168772,0.367816091,0.9976952634751797,17.771103484493413,0.8389842192947078,0.3471802017820163,104.7781957700702,"sa3017331"
"Matt Rudick","NYM","AA",24,266,0.17293233,0.157894736,1.095238095,0.271028037,0.413533834,0.44859813,0.862131964,0.177570093,5.2873081721744954,0.300613496,1.1976193590089679,47.071712595033155,14.182144534396635,0.39580445154657906,147.02826917175238,"sa3017334"
"Terrell Tatum","CHW","AA",23,276,0.152173913,0.289855072,0.525,0.229729729,0.361313868,0.315315315,0.676629183,0.085585586,7.4330178210456,0.340277777,2.3266133200377226,33.68837550036618,-3.108986052349122,0.3258268243663914,92.1493181966237,"sa3017338"
"Josh Crouch","DET","AA",24,58,0.086206896,0.344827586,0.25,0.173076923,0.258620689,0.288461538,0.547082227,0.115384615,0.47939559625,0.258064516,-0.09518673922866583,3.791612625972485,-3.3797969511587858,0.25715724764199094,54.68533708429785,"sa3017370"
"JT Schwartz","NYM","AA",23,277,0.097472924,0.166064981,0.586956521,0.302040816,0.38267148,0.436734693,0.819406173,0.134693877,4.832235152617294,0.358974358,0.0904261376708746,43.92339255268952,9.673729572252247,0.3729512864264889,132.1409053486174,"sa3017371"
"Paul McIntosh","MIA","AA",25,166,0.138554216,0.204819277,0.676470588,0.255474452,0.373493975,0.445255474,0.818749449,0.189781022,3.288365586681792,0.278350515,-0.7449043020606041,26.815924273034526,4.684177831908656,0.37300382859735604,120.16797077621449,"sa3017372"
"Luca Tresh","KCR","AA",23,380,0.113157894,0.189473684,0.597222222,0.22754491,0.313157894,0.362275449,0.675433343,0.134730539,3.0939185993054847,0.258823529,-0.992766410112381,41.184281665158956,-10.264970999883921,0.31115962376720024,78.54961680403778,"sa3017394"
"Jose Torres","CIN","AA",23,344,0.098837209,0.311046511,0.317757009,0.187074829,0.284023668,0.292517006,0.576540674,0.105442177,6.366621683716333,0.266304347,0.1826435662806034,27.076530372071538,-18.786847795080863,0.27403025778793016,51.872565894637326,"sa3017396"
"Nathan Hickey","BOS","AA",23,335,0.119402985,0.271641791,0.439560439,0.257731958,0.352238805,0.474226804,0.826465609,0.216494846,3.5667125917034173,0.322580645,-0.13553388509899378,52.45595440312241,11.034881845553858,0.37048710993866424,124.47245551379518,"sa3017398"
"Mariano Ricciardi","LAA","AA",25,110,0.118181818,0.19090909,0.619047619,0.136842105,0.254545454,0.157894736,0.41244019,0.021052631,2.64285714,0.175675675,-0.20597711578011513,3.4474854230183487,-11.218129688571082,0.21742835532535207,25.94927698660343,"sa3017399"
"Mike Jarvis","PIT","AA",25,100,0.05,0.16,0.3125,0.234042553,0.272727272,0.265957446,0.538684718,0.031914893,6.361474521531641,0.272727272,1.9750131946057081,6.143861848889944,-6.220637422026041,0.25226929813924465,47.659466675906636,"sa3017401"
"Austin Callahan","CIN","AA",22,114,0.017543859,0.333333333,0.052631578,0.1875,0.201754385,0.241071428,0.442825813,0.053571428,4.1202587930028525,0.273972602,0.04947826452553272,2.145818319866288,-13.053091886690032,0.2024709817610289,6.920298631402969,"sa3017407"
"Jackson Glenn","PIT","AA",25,239,0.058577405,0.192468619,0.304347826,0.273972602,0.329113924,0.442922374,0.772036298,0.168949772,6.115363726809074,0.323353293,-0.11682044714689255,32.82538605348742,3.2742327959982105,0.34658142936883596,109.09774024423061,"sa3017478"
"Casey Opitz","CHC","AA",24,110,0.154545454,0.372727272,0.414634146,0.208791208,0.336363636,0.351648351,0.688011987,0.142857143,4.118517496261583,0.319148936,0.1464897096157074,13.26670986515864,-1.398905246430793,0.3240907983346419,89.6990269831558,"sa3017509"
"Will Frizzell","WSN","AA",24,86,0.162790697,0.360465116,0.451612903,0.154929577,0.302325581,0.225352112,0.527677693,0.070422535,3.5283993708942702,0.256410256,0.0009731845930218697,6.259332176092581,-4.374137196895167,0.26636443027230194,62.253320961700645,"sa3017555"
"Patrick Winkel","MIN","AA",23,356,0.126404494,0.241573033,0.523255813,0.266447368,0.36235955,0.424342105,0.786701655,0.157894737,3.5522178228887133,0.33490566,-0.6377580380067229,52.98917683839448,4.789350657459568,0.35890582940551674,105.86395843677697,"sa3017556"
"Andres Sosa","TOR","AA",25,148,0.087837837,0.25,0.351351351,0.228346456,0.321917808,0.338582677,0.660500485,0.110236221,3.5369797359184663,0.311111111,-0.3351003145799041,15.828419546284964,-2.4710393746706925,0.3088149616163071,86.63516154839532,"sa3017605"
"Justin Farmer","SDP","AA",24,94,0.042553191,0.393617021,0.108108108,0.15730337,0.202127659,0.202247191,0.40437485,0.044943821,6.006595823088763,0.269230769,-0.5311798839829862,0.7572214179714647,-11.969698978118089,0.1927871640692366,14.509612090451268,"sa3017622"
"Kenny Piper","TBR","AA",24,95,0.084210526,0.294736842,0.285714285,0.292682926,0.389473684,0.609756097,0.999229781,0.317073171,2.64285714,0.361702127,-0.19805491901934147,20.328868476757897,7.663109971294297,0.4356713495756451,160.3667643932934,"sa3017664"
"Aaron Zavala","TEX","AA",23,426,0.169014084,0.373239436,0.452830188,0.193548387,0.342723004,0.284457478,0.627180482,0.090909091,3.4422330907586947,0.335164835,-0.9560264986939728,45.51988225294548,-12.157437839971006,0.3093596804589733,77.2442663693806,"sa3017665"
"Connor Kokx","CLE","AA",23,390,0.12051282,0.225641025,0.534090909,0.227692307,0.347043701,0.31076923,0.657812931,0.083076923,6.067088986311019,0.299578059,2.6523522194474936,43.851130633759844,-4.3704165228124925,0.31563622019897697,94.6183367542739,"sa3017735"
"Jake Rucker","MIN","AA",23,476,0.088235294,0.258403361,0.341463414,0.247619047,0.32278481,0.38095238,0.70373719,0.133333333,4.918689748126782,0.324232081,-4.094237027224153,55.975847676549265,-8.471110924925497,0.3220343260322442,82.77191176969706,"sa3017757"
"Mason Auer","TBR","AA",22,511,0.09589041,0.360078277,0.266304347,0.204845814,0.291585127,0.348017621,0.639602748,0.143171807,8.538880953936678,0.315384615,3.3814886659383774,48.97262951221608,-19.15581886980392,0.2944939065213297,71.68160009213568,"sa3017791"
"Ernie Yake","MIN","AA",25,73,0.136986301,0.178082191,0.769230769,0.177419354,0.301369863,0.274193548,0.575563411,0.096774194,4.04470408702314,0.208333333,-0.6807754384353757,6.049393890285404,-3.8342783322096747,0.281058864234245,57.10962004089174,"sa3017902"
"Jason Matthews","CHW","AA",26,50,0.08,0.36,0.222222222,0.209302325,0.32,0.372093023,0.692093023,0.162790698,5.292662389843475,0.304347826,0.09701144509017467,5.9722635557714465,-0.6939251313146585,0.32270331621170045,90.18718580562836,"sa3018152"
"Roby Enriquez","ARI","AA",26,184,0.130434782,0.173913043,0.75,0.258064516,0.364130434,0.33548387,0.699614304,0.077419354,4.077010602693861,0.32,0.12217503879219294,23.132894985029555,-1.77937472646489,0.33162211915834355,76.23877180750378,"sa3018209"
"Alsander Womack","CHW","AA",24,447,0.125279642,0.154362416,0.811594202,0.257894736,0.362416107,0.344736842,0.707152949,0.086842106,2.7727470525330995,0.296416938,-1.5987742748111486,58.414708174659786,-1.1810186878899875,0.3361295534993711,98.62130979911436,"sa3018214"
"Ben Norman","CHW","AA",25,201,0.129353233,0.338308457,0.382352941,0.205882352,0.308457711,0.358823529,0.66728124,0.152941177,6.114140663862484,0.282828282,1.5374151580035686,21.45979491035712,-5.338283611729022,0.3075519963283444,80.66939553995635,"sa3018376"
"Andy Atwood","CHW","AA",26,50,0.06,0.38,0.157894736,0.136363636,0.204081632,0.136363636,0.340445268,0,6.538426285087229,0.23076923,0.3207780383527279,-0.23342135301525208,-6.899610040101358,0.174401407339135,-2.9734414872085453,"sa3019577"
"Jacob Berry","MIA","AA",22,123,0.073170731,0.211382113,0.346153846,0.24778761,0.300813008,0.442477876,0.743290884,0.194690266,7.92903439608326,0.277108433,0.7940228991210461,15.357850075801394,-1.0409740944304242,0.32917398892767064,92.63484332819874,"sa3019825"
"Tucker Flint","LAA","AA",22,519,0.129094412,0.290944123,0.443708609,0.233256351,0.358381502,0.394919168,0.75330067,0.161662817,4.420448918999975,0.325925925,-2.2146186772733927,73.86602739996782,4.670988828014049,0.3500405277294542,109.25389027009042,"sa3019856"
"Ivan Melendez","ARI","AA",23,170,0.058823529,0.352941176,0.166666666,0.274509803,0.335294117,0.555555555,0.890849672,0.281045752,4.397448657812351,0.361445783,-1.2382461628876626,29.062034893451937,6.045263964353804,0.3849900498109705,109.66227322212937,"sa3019859"
"Sonny DiChiara","LAA","AA",23,330,0.115151515,0.345454545,0.333333333,0.223404255,0.327272727,0.354609929,0.681882656,0.131205674,1.265168965,0.337423312,-0.6892311181873083,38.334020993870666,-5.662824340897626,0.31878220782135475,89.61796843404034,"sa3019866"
"Javi Vaz","KCR","AA",22,130,0.115384615,0.138461538,0.833333333,0.303571428,0.390625,0.428571428,0.819196428,0.125,6.434652741194059,0.347826086,0.012158303521573544,21.376813072880843,3.775752950629332,0.37730167619884014,119.97335116999332,"sa3019906"
"Jud Fabian","BAL","AA",22,288,0.152777777,0.375,0.407407407,0.176470588,0.31358885,0.399159663,0.712748513,0.222689075,6.014942047638137,0.23275862,0.9471060745418072,34.905779121068626,-0.703978779169413,0.3265226510343651,90.71900071231099,"sa3019942"
"Jake Thompson","MIA","AA",25,58,0.155172413,0.189655172,0.818181818,0.270833333,0.379310344,0.416666666,0.79597701,0.145833333,0.76785714,0.305555555,-0.15052173845469952,9.030381806472366,1.2976029294524847,0.36601914414044084,115.780315955076,"sa3019945"
"Danny Serretti","DET","AA",23,186,0.134408602,0.193548387,0.694444444,0.205128205,0.313513513,0.269230769,0.582744282,0.064102564,1.9731862081881695,0.25409836,-0.664900416508317,15.76442312430521,-7.23354551959852,0.2812394908956579,70.37336607768239,"sa3019967"
"Spencer Jones","NYY","AA",22,78,0.089743589,0.282051282,0.318181818,0.260869565,0.333333333,0.405797101,0.739130434,0.144927536,5.101795659907641,0.333333333,0.11292627640068531,10.029879830732508,0.38557039941803906,0.3357016046841939,107.98424865778084,"sa3019969"
"Silas Ardoin","BAL","AA",22,117,0.094017094,0.299145299,0.314285714,0.285714285,0.358974358,0.409523809,0.768498167,0.123809524,4.220366952751058,0.402985074,0.09713310841470957,16.60932247542627,2.1428583284545666,0.35231587927565616,107.52162612473985,"sa3019976"
"Nathan Martorella","SDP","AA",22,99,0.09090909,0.141414141,0.642857142,0.235955056,0.313131313,0.382022471,0.695153784,0.146067415,1.60119047125,0.25,-0.1799665354192257,11.33984656311136,-2.064037683834021,0.3184327826355443,93.1995005410123,"sa3019978"
"Caeden Trenkle","OAK","AA",22,186,0.069892473,0.284946236,0.245283018,0.246987951,0.311475409,0.331325301,0.64280071,0.08433735,6.0161126970976735,0.348214285,0.04006693512201309,18.37349822488813,-6.809557026948648,0.29983560374525725,71.88937740262655,"sa3019991"
"Cameron Masterman","OAK","AA",24,165,0.072727272,0.321212121,0.226415094,0.253333333,0.315151515,0.393333333,0.708484848,0.14,5.30434033970916,0.354838709,0.2925571775995195,19.382971013286323,-2.9568360649559797,0.321888293280746,85.7006324179908,"sa3019994"
"Cayden Wallace","KCR","AA",21,140,0.085714285,0.164285714,0.52173913,0.236220472,0.3,0.362204724,0.662204724,0.125984252,6.258734544078051,0.264705882,0.3525460227392614,14.137500936327738,-4.817486887635426,0.3024312670741762,73.08318333530283,"sa3019996"
"Daniel Susac","OAK","AA",22,56,0.035714285,0.25,0.142857142,0.28,0.303571428,0.36,0.663571428,0.08,2.825472176912352,0.342105263,0.08752091834321618,5.406726464148311,-2.1752686654369553,0.2972002242292677,70.23888037372559,"sa3019997"
"Sterlin Thompson","COL","AA",22,144,0.104166666,0.222222222,0.46875,0.238095238,0.333333333,0.428571428,0.761904761,0.19047619,3.008326894355477,0.264367816,-0.16106033138930798,19.74487682399333,1.9399978738743124,0.34629875007602906,109.70783234449408,"sa3019999"
"Maxwell Costes","BAL","AA",23,97,0.082474226,0.164948453,0.5,0.209876543,0.288659793,0.259259259,0.547919052,0.049382716,3.637539598035577,0.242857142,-0.007680155336856842,6.523094077449199,-5.470470215339307,0.25948785137884395,47.05015020348608,"sa3020001"
"Tanner Schobel","MIN","AA",22,207,0.120772946,0.193236714,0.625,0.2259887,0.328502415,0.305084745,0.63358716,0.079096045,4.1609850839750635,0.277372262,-0.3153179953806102,21.120539026583394,-6.905764398847858,0.3036695013299656,71.27030889865253,"sa3020009"
"Dylan Rock","TOR","AA",24,134,0.097014925,0.328358208,0.295454545,0.205128205,0.298507462,0.367521367,0.666028829,0.162393162,6.028491920458274,0.275362318,0.699513060040772,14.007211666396506,-2.5612173566309138,0.30581144165636887,84.67856191947388,"sa3020085"
"Josh Hatcher","TEX","AA",24,200,0.06,0.255,0.235294117,0.261111111,0.306532663,0.416666666,0.723199329,0.155555555,5.5707144109950715,0.314960629,0.24756554374471307,23.001396805819496,-4.077157228413598,0.3189791699852606,83.26880241299456,"sa3020115"
"Haydn McGeary","CHC","AA",23,442,0.15158371,0.237556561,0.638095238,0.254847645,0.382352941,0.434903047,0.817255988,0.180055402,3.265878930002747,0.311475409,-1.6768438667058945,71.9727696661275,13.043661672286328,0.37454834979137325,121.39556535616434,"sa3020133"
"Devonte Brown","TOR","AA",23,74,0.148648648,0.324324324,0.458333333,0.222222222,0.337837837,0.492063492,0.829901329,0.26984127,4.771087724643904,0.285714285,0.46154657006263733,11.493794067834415,2.3440646073565854,0.36891735888816213,125.78799880865365,"sa3020189"
"Michael Turconi","TOR","AA",24,121,0.14876033,0.223140495,0.666666666,0.176470588,0.305785123,0.323529411,0.629314534,0.147058823,5.9806198862549245,0.208333333,0.14905314799398184,11.833635508112252,-3.127408609696091,0.2974460558457808,79.2290523470062,"sa3020195"
"Jalen Battles","TBR","AA",23,65,0.03076923,0.292307692,0.105263157,0.206349206,0.23076923,0.222222222,0.452991452,0.015873016,5.313123580531801,0.295454545,-0.44386082515120506,1.8196810249659856,-6.846364268245951,0.2134306394136869,20.75909429590833,"sa3020205"
"Dalton Shuffield","MIN","AA",24,101,0.128712871,0.277227722,0.464285714,0.24137931,0.336633663,0.40229885,0.738932513,0.16091954,4.596019290607604,0.303571428,0.5171387884765863,13.199262423227369,-0.47540736406034384,0.3374785662877678,92.44439821831487,"sa3020270"
"Max Wagner","BAL","AA",21,119,0.058823529,0.285714285,0.205882352,0.252252252,0.302521008,0.414414414,0.716935422,0.162162162,5.048709656805808,0.337837837,-0.4485669182613492,13.982971679758204,-0.7307824526318183,0.3219296110778296,87.72693127563458,"sa3020415"
"Kevin Parada","NYM","AA",21,60,0.066666666,0.383333333,0.173913043,0.185185185,0.25,0.388888888,0.638888888,0.203703703,0.14285714,0.24137931,-0.08653339929878712,5.2161842675889885,-2.2025152949606026,0.2839498976866404,74.1622381499284,"sa3020575"
"Mac McCroskey","LAA","AA",23,150,0.126666666,0.346666666,0.365384615,0.224806201,0.324324324,0.255813953,0.580138277,0.031007752,4.151715316656146,0.376623376,-0.1564988512545824,13.29472852300465,-6.703837538253664,0.2858843537601265,68.95212033922066,"sa3022444"
"Hamlet Marte","LAD","AA",29,102,0.107843137,0.245098039,0.44,0.15730337,0.257425742,0.269662921,0.527088663,0.112359551,4.442747274894801,0.180327868,0.03503067884594202,5.954145411696346,-7.855917145762532,0.25215787934784845,45.720657880930595,"sa597218"
"Ray-Patrick Didder","SDP","AA",28,190,0.152631578,0.27368421,0.557692307,0.197452229,0.336842105,0.350318471,0.687160576,0.152866242,5.558464367597274,0.252525252,-0.15442881174385548,22.92675133728264,-2.797874995238802,0.3256575556177842,97.72426301614038,"sa736824"
"Michael De La Cruz","SDP","AA",30,408,0.105392156,0.164215686,0.641791044,0.256338028,0.330049261,0.369014084,0.699063345,0.112676056,4.253055298521968,0.290657439,-0.3631485369987786,47.661198817832236,-7.5790514120032775,0.32111441120138307,94.87896262747039,"sa736830"
"Riley Unroe","SEA","AA",27,206,0.126213592,0.252427184,0.5,0.244318181,0.346341463,0.357954545,0.704296008,0.113636364,4.975768309291646,0.316666666,-0.14901599707081914,25.733322779488393,-2.157587875771693,0.3306744084125612,104.32097751468581,"sa737614"
"Xavier Fernandez","CHW","AA",27,255,0.101960784,0.152941176,0.666666666,0.283783783,0.364705882,0.5,0.864705882,0.216216217,1.3354391187506973,0.301136363,-0.9814178291708231,43.57911212688966,9.581549822750523,0.38418411203459196,128.8083306638855,"sa737922"
"Luis Aviles Jr.","SDP","AA",28,408,0.073529411,0.262254901,0.280373831,0.243169398,0.30940594,0.423497267,0.732903207,0.180327869,7.147362992550402,0.300813008,1.207325064111501,50.0420780815085,-5.198172148327014,0.3285197032855289,94.9154808068585,"sa738445"
"Taylor Snyder","CHW","AA",28,274,0.127737226,0.295620437,0.432098765,0.186440677,0.295620437,0.309322033,0.60494247,0.122881356,6.102725997636803,0.248322147,0.20331269688904285,24.528222146895352,-12.002491858336507,0.2869448587842231,67.72435744223534,"sa738930"
"Robbie Tenerowicz","SEA","AA",28,385,0.114285714,0.168831168,0.676923076,0.29113924,0.407792207,0.506329113,0.91412132,0.215189873,2.3894229053817417,0.317991631,-1.6456332169473171,74.05474707740778,21.92853056150908,0.4102361894523104,154.14927830530846,"sa738999"
"Wendell Rijo","PHI","AA",27,86,0.104651162,0.313953488,0.333333333,0.186666666,0.290697674,0.226666666,0.51736434,0.04,2.134819659881564,0.291666666,-1.054840324446559,5.539089636577442,-5.094379736410304,0.255958731784377,46.61121218052129,"sa739597"
"Jose Gomez","LAA","AA",26,378,0.079365079,0.227513227,0.348837209,0.250746268,0.316353887,0.343283582,0.659637469,0.092537314,6.062005524696291,0.318548387,0.6827524770051241,39.87365842931947,-10.522728045051485,0.3060234006863817,81.60311221783488,"sa828331"
"Hendrik Clementina","ATL","AA",26,61,0.098360655,0.245901639,0.4,0.211538461,0.327868852,0.288461538,0.61633039,0.076923077,1.72373949,0.297297297,-0.12675514817237854,6.185610328242295,-1.947139870002753,0.30114536695793026,84.96942436293931,"sa828422"
"Josh Morgan","SEA","AA",27,323,0.083591331,0.247678018,0.3375,0.225694444,0.303405572,0.371527777,0.674933349,0.145833333,3.4980501550074363,0.278606965,-0.6352956886403263,34.384171928179235,-9.347692837107212,0.30888578655549986,90.6751039618505,"sa828797"
"Nick Tanielu","TEX","AA",30,186,0.086021505,0.241935483,0.355555555,0.24691358,0.333333333,0.462962962,0.796296295,0.216049382,5.325611401131551,0.294642857,-0.5953403110615909,26.979789883321065,1.7967346314842867,0.3544300336350677,105.47112461022408,"sa829082"
"Drew Lugbauer","ATL","AA",26,273,0.135531135,0.344322344,0.393617021,0.278969957,0.384615384,0.635193133,1.019808517,0.356223176,4.652657325149831,0.367521367,-0.13870937377214432,59.14024894780148,22.742858716311353,0.4388292691646478,171.46000830225535,"sa829268"
"Isiah Gilliam","SEA","AA",26,422,0.146919431,0.322274881,0.455882352,0.28125,0.393364928,0.522727272,0.9160922,0.241477272,5.746570582032058,0.390862944,1.0981730031780899,79.76235003255054,22.626601020318716,0.40629569580889086,151.68140868296115,"sa829343"
"Tim Susnara","BAL","AA",27,113,0.097345132,0.292035398,0.333333333,0.208333333,0.31858407,0.395833333,0.714417403,0.1875,1.60119047125,0.266666666,-0.2249868381768465,13.748940372822414,-0.22294380331264824,0.3271083789589131,91.10056469560578,"sa829699"
"Riley Mahan","SFG","AA",27,177,0.04519774,0.31638418,0.142857142,0.192771084,0.2259887,0.397590361,0.623579061,0.204819277,5.765804811056778,0.228571428,0.2009731875732541,13.632665895612169,-8.252497813909123,0.27162980427176264,63.60255268296028,"sa829844"
"Bryson Brigman","LAD","AA",28,65,0.076923076,0.138461538,0.555555555,0.186440677,0.261538461,0.186440677,0.447979138,0,1.47098214,0.22,-0.12747629592195153,2.3376413389868462,-6.462888722138909,0.22571601042380698,29.16052836905976,"sa829857"
"Errol Robinson","STL","AA",28,143,0.069930069,0.279720279,0.25,0.232558139,0.3006993,0.294573643,0.595272943,0.062015504,5.520599683472234,0.318181818,0.5075543918646872,12.000119513532988,-7.361046620943673,0.28229600149434764,59.6383369012257,"sa857819"
"Arden Pabst","ATL","AA",28,101,0.128712871,0.346534653,0.371428571,0.129411764,0.257425742,0.247058823,0.504484565,0.117647059,1.0664528437499248,0.166666666,-0.6407633684575558,5.681523645233465,-7.784177502680468,0.24719531288241395,51.07895782500426,"sa858812"
"Kevin Vicuna","ARI","AA",25,115,0.095652173,0.165217391,0.578947368,0.25510204,0.348214285,0.418367346,0.766581631,0.163265306,4.34261337847068,0.28,-0.032456771936267614,16.36075569123265,0.7905871215486234,0.3511437842888491,88.46488577006909,"sa872466"
"Joseph Rosa","BAL","AA",26,185,0.151351351,0.297297297,0.509090909,0.234899328,0.367567567,0.369127516,0.736695083,0.134228188,7.108685361649827,0.333333333,0.665872884914279,25.102411028436233,2.2280873772416627,0.34452387126716405,102.44563522695273,"sa872490"
"Dariel Gomez","NYM","AA",26,101,0.158415841,0.376237623,0.421052631,0.211764705,0.336633663,0.317647058,0.654280721,0.105882353,0.6542207712499999,0.369565217,-0.23364017810672522,11.066242588111454,-1.4219016755136906,0.3120677577386988,92.479211327311,"sa872729"
"Omar Meregildo","WSN","AA",25,71,0.098591549,0.338028169,0.291666666,0.206349206,0.295774647,0.396825396,0.692600043,0.19047619,0.14285714,0.277777777,-0.12980009894818068,7.926766450112297,-0.8520280322380513,0.31464944087283714,93.70789262548168,"sa872765"
"Camden Duzenack","ARI","AA",28,291,0.0790378,0.18556701,0.425925925,0.320158102,0.392361111,0.501976284,0.894337395,0.181818182,2.9827869605387085,0.369791666,-2.2168800360523164,53.60990693232313,14.210610812513979,0.4006512618313233,119.47064569818015,"sa873988"
"Garrett Whitley","PHI","AA",26,62,0.064516129,0.370967741,0.173913043,0.160714285,0.225806451,0.232142857,0.457949308,0.071428572,4.856766584386216,0.242424242,0.0961599238216877,2.041363083114323,-5.624626464853588,0.21684183612946542,21.129076371930953,"sa874244"
"Brantley Bell","SDP","AA",28,108,0.064814814,0.333333333,0.194444444,0.232323232,0.287037037,0.353535353,0.64057239,0.121212121,5.5441285154237505,0.349206349,-0.3761715148575604,9.93971142531567,-4.6827077531702,0.2918737756985205,76.56600932118793,"sa875352"
"Max McDowell","PHI","AA",29,264,0.132575757,0.242424242,0.546875,0.223809523,0.366412213,0.319047619,0.685459832,0.095238096,1.3601655525827063,0.286713286,-1.625960759818554,32.995187085231265,0.3529090100130636,0.33122066732581334,95.6395113483119,"sa875626"
"Garrett Wolforth","HOU","AA",25,210,0.061904761,0.323809523,0.19117647,0.212435233,0.266666666,0.331606217,0.598272883,0.119170984,4.331132389019922,0.300813008,0.2925571775995195,15.970465487554591,-12.462016248390157,0.2730136286644709,58.9003065885882,"sa876111"
"Gilbert Lara","BAL","AA",25,110,0.054545454,0.227272727,0.24,0.192307692,0.236363636,0.278846153,0.515209789,0.086538461,2.6604895380909666,0.233766233,-0.41395355854183435,5.457373829826128,-8.143575368181455,0.2375755180012096,32.77567760888295,"sa877337"
"Arquimedes Gamboa","STL","AA",25,545,0.163302752,0.249541284,0.654411764,0.243303571,0.372477064,0.366071428,0.738548492,0.122767857,7.334620820790937,0.326797385,1.8336360296234488,76.25629414610938,2.467234402824209,0.3483738096102196,101.02183605564701,"sa877497"
"Juan Zabala","SDP","AA",23,77,0.051948051,0.259740259,0.2,0.19117647,0.232876712,0.279411764,0.512288476,0.088235294,3.4713916625064916,0.265306122,-1.028285204898566,3.354186728745842,-7.071056574433899,0.23467989245506182,40.74637355643536,"sa913717"
"Jeison Guzman","KCR","AA",24,252,0.119047619,0.353174603,0.337078651,0.244131455,0.348,0.422535211,0.770535211,0.178403756,5.247940674066501,0.372881355,-1.1211073803715408,35.805429513811816,1.6864514306781162,0.3509285669326782,103.4562847578961,"sa914314"
"Nick Dunn","STL","AA",26,312,0.131410256,0.099358974,1.322580645,0.332075471,0.419871794,0.483018867,0.902890661,0.150943396,3.967365315685389,0.35064935,-3.239752426277846,59.69522616889434,17.45268187549071,0.4090337069370808,139.01218230519922,"sa915613"
"Donovan Casey","WSN","AA",27,258,0.089147286,0.321705426,0.277108433,0.199134199,0.275193798,0.255411255,0.530605053,0.056277056,4.496099435481563,0.297297297,0.4312595222145319,16.05459876450911,-15.845809354454131,0.25324900760207064,53.70946859114741,"sa915654"
"Diego Rincones","DET","AA",24,206,0.077669902,0.145631067,0.533333333,0.241758241,0.305825242,0.401098901,0.706924143,0.15934066,2.11219675875,0.246666666,-0.41536031663417816,23.393715848594677,-2.0771526494922514,0.3170314442764208,93.68951634046061,"sa916849"
"Jesus Bastidas","NYY","AA",24,71,0.169014084,0.169014084,1,0.228070175,0.38028169,0.438596491,0.818878181,0.210526316,4.0541280854382595,0.238095238,-0.41395355854183435,11.454921976590333,2.676127494239984,0.37639138396357147,134.49101675016325,"sa916969"
"Cristopher Navarro","COL","AA",24,98,0.081632653,0.244897959,0.333333333,0.16091954,0.229166666,0.229885057,0.459051723,0.068965517,4.07467532125,0.21875,-0.1471067788079381,3.2580263449986746,-8.859182940498991,0.2172393761575222,25.633970180789934,"sa917065"
"Pedro Castellanos","SDP","AA",25,315,0.038095238,0.203174603,0.1875,0.233898305,0.279365079,0.33898305,0.618348129,0.105084745,1.9992492362021281,0.278761061,-0.31740378635004163,26.686918879240764,-15.961803724676356,0.2832440012977237,71.16131640231917,"sa917074"
"Eduardo Torrealba","NYY","AA",24,151,0.086092715,0.19205298,0.448275862,0.204545454,0.277027027,0.265151515,0.542178542,0.060606061,5.305597064140796,0.25,0.0648996913805604,9.81313423420019,-8.857259664882948,0.2566789066469347,56.506055165352564,"sa917095"
"Ismael Munguia","SFG","AA",24,335,0.071641791,0.134328358,0.533333333,0.282312925,0.356495468,0.391156462,0.74765193,0.108843537,5.568432293692297,0.314285714,0.6230390425771475,45.46779380888383,4.04672125131528,0.3445686620527884,111.11751644942119,"sa917132"
"Moises Castillo","CHW","AA",23,424,0.101415094,0.179245283,0.565789473,0.225201072,0.313679245,0.308310991,0.621990236,0.083109919,2.773571583339617,0.268707482,-1.2202361077070236,41.06965691105347,-15.459623155436702,0.2957193234337951,73.23632041781215,"sa917135"
"Leonel Valera","WSN","AA",23,323,0.065015479,0.275541795,0.235955056,0.213286713,0.279874213,0.307692307,0.58756652,0.094405594,6.365231839448589,0.292929292,-0.569546302780509,24.97017910957149,-16.118435726763696,0.27226372241224134,62.30700304135873,"sa917320"
"Julio E. Rodriguez","DET","AA",26,296,0.101351351,0.287162162,0.352941176,0.223076923,0.31081081,0.426923076,0.737733886,0.203846153,1.2539682462500001,0.260869565,-0.6143871350213885,37.2143026639452,0.6153848220338808,0.3321428717793645,103.53363718503812,"sa917669"
"Lolo Sanchez","PIT","AA",24,332,0.123493975,0.144578313,0.854166666,0.226618705,0.332307692,0.320143884,0.652451576,0.093525179,3.4860849413221446,0.255506607,-1.3250409476459026,35.58478531603163,-5.465352263409444,0.3091060851170466,84.68496935048852,"sa917767"
"Juan Fernandez","SDP","AA",24,412,0.08737864,0.13592233,0.642857142,0.26098901,0.340632603,0.37087912,0.711511723,0.10989011,3.8862380803247762,0.290429042,-1.219342370517552,51.428787242280194,-4.353034068239982,0.3305659884373927,100.79833782630361,"sa917824"
"Joe Rizzo","MIA","AA",25,142,0.091549295,0.218309859,0.419354838,0.228346456,0.29787234,0.362204724,0.660077064,0.133858268,3.9591251678526937,0.276595744,-0.04558809660375118,14.513718863568247,-4.418257007756292,0.30210825483849707,75.63262949927764,"sa917934"
"Delvin Perez","NYY","AA",24,71,0.126760563,0.38028169,0.333333333,0.169491525,0.295774647,0.305084745,0.600859392,0.13559322,7.13586247814627,0.258064516,1.2206598250195384,6.260383011019562,-2.5184114713307872,0.285488098440036,75.27338640461862,"sa917935"
"Hudson Potts","ATL","AA",24,271,0.110701107,0.42804428,0.258620689,0.159663865,0.258302583,0.310924369,0.569226952,0.151260504,0.8720238025,0.260869565,-0.39610983803868294,19.372812000907075,-16.757930683099616,0.2653978491181377,62.5134680543889,"sa917936"
"Tyler Neslony","CHW","AA",29,217,0.147465437,0.239631336,0.615384615,0.234972677,0.350230414,0.393442622,0.743673036,0.158469945,4.975950937095066,0.288,0.925243116915226,29.532436259097565,0.6011773571438653,0.3425968852308061,102.68397281937985,"sa918131"
"Brady Whalen","SFG","AA",25,156,0.051282051,0.153846153,0.333333333,0.258741258,0.303225806,0.433566433,0.736792239,0.174825175,5.844681495503708,0.275862068,0.31443979125469923,19.002488347195793,-0.28613051543314194,0.3272808159551313,99.85559919543292,"sa918278"
"Brandon Martorano","SFG","AA",25,248,0.149193548,0.330645161,0.451219512,0.190243902,0.322580645,0.307317073,0.629897718,0.117073171,3.406506460245465,0.277310924,-1.9260141411796212,25.065841233083365,-5.598116958788278,0.3015130796740132,83.06958015169148,"sa918686"
"Ramon Rodriguez","BAL","AA",24,137,0.138686131,0.102189781,1.357142857,0.219298245,0.323529411,0.342105263,0.665634674,0.122807018,2.0825457683436057,0.22,-0.543753657490015,14.693941773203866,-2.2454222279510345,0.30919549570364113,79.43147602708946,"sa918698"
"Bret Boswell","COL","AA",28,251,0.131474103,0.310756972,0.423076923,0.186046511,0.294820717,0.339534883,0.6343556,0.153488372,5.073610414050761,0.255639097,-0.07593369018286467,23.88789283016441,-7.14700033983471,0.29418111417398035,75.75655237087699,"sa918769"
"Armani Smith","MIN","AA",24,101,0.0990099,0.306930693,0.322580645,0.202247191,0.287128712,0.292134831,0.579263543,0.08988764,3.5583743011541245,0.280701754,-0.2603654065169394,7.798761913968618,-5.875907873319094,0.2743889541909246,52.93235955801093,"sa918911"
"Eli Wilson","PIT","AA",24,65,0.046153846,0.184615384,0.25,0.262295081,0.296875,0.44262295,0.73949795,0.180327869,3.079810802881286,0.282608695,-0.3533801790326834,8.013515983284467,-0.023408542810922375,0.3291122857481241,97.71771934150195,"sa918961"
"Chavez Young","PIT","AA",25,218,0.114678899,0.211009174,0.54347826,0.206521739,0.319444444,0.277173913,0.596618357,0.070652174,4.704351577309443,0.262773722,0.2551656998693943,19.876330174557108,-7.078278236039741,0.2892173131306966,71.72871655135765,"sa918963"
"Matt Fraizer","PIT","AA",25,486,0.088477366,0.213991769,0.413461538,0.251716247,0.325773195,0.356979405,0.6827526,0.105263158,6.675235418137004,0.313846153,1.7783656027168036,54.45282872033784,-5.6386377363138465,0.31514427213629415,88.61845893564208,"sa918983"
"Jose Mena","NYM","AA",26,92,0.02173913,0.315217391,0.068965517,0.202247191,0.228260869,0.247191011,0.47545188,0.04494382,0.14285714,0.3,-0.1471067788079381,3.249067227753594,-8.126272101489112,0.2198122895282248,32.38072113106226,"sa919893"
"Jhailyn Ortiz","PHI","AA",24,257,0.093385214,0.357976653,0.260869565,0.209606986,0.29296875,0.344978165,0.637946915,0.135371179,0.59207589,0.310077519,-0.5192003957927227,24.662494293839128,-7.114268832414955,0.29516531713306904,72.151775042672,"sa920180"
"Luis Santana","HOU","AA",23,268,0.044776119,0.220149253,0.20338983,0.238095238,0.283582089,0.444444444,0.728026533,0.206349206,3.856261120016795,0.26519337,-0.4493186678737402,31.61831747632683,-1.8944694485121907,0.3228407370955197,96.74944936796265,"sa921577"
"Fabricio Macias","PIT","AA",25,55,0.072727272,0.254545454,0.285714285,0.244897959,0.29090909,0.346938775,0.637847865,0.102040816,4.628679977351046,0.305555555,0.25527316983789206,4.9402647246850675,-1.8602098743187245,0.28753644119609484,70.63373684508866,"sa927338"
"Yasel Antuna","WSN","AA",23,141,0.177304964,0.262411347,0.675675675,0.142857142,0.29787234,0.223214285,0.521086625,0.080357143,2.775854504487876,0.184210526,-0.5846404144540429,9.814596698335178,-7.619347273656362,0.2624184696386892,59.68278198927975,"sa962601"
"Kevin Maitan","LAA","AA",23,200,0.115,0.335,0.343283582,0.191860465,0.3,0.255813953,0.555813953,0.063953488,1.44967532125,0.304761904,-0.4040320347994566,15.580472630912318,-11.084282117432105,0.27306421399116515,60.8987360507921,"sa969045"
"Lazaro Armenteros","OAK","AA",24,405,0.153086419,0.328395061,0.466165413,0.248484848,0.380246913,0.463636363,0.843883276,0.215151515,6.4285732021620134,0.365591397,-2.1801401246339083,68.25385459854337,13.419782679221353,0.3821286619445424,123.42823441847905,"sa969091"