Name,Team,Level,Age,PA,BABIP,GB/FB,LD%,GB%,FB%,IFFB%,HR/FB,Pull%,Cent%,Oppo%,SwStr%,Balls,Strikes,Pitches,PlayerId
"Jorge Bonifacio","PHI","AA",28,198,0.258333333,0.351351351,0.23076923,0.2,0.569230769,0.27027027,0.162162162,0.40909091,0.28030303,0.31060606,0.1147541,317,476,793,"12174"
"Brock Stassi","PHI","AA",31,92,0.166666666,1.086956521,0.225806451,0.403225806,0.370967741,0.260869565,0.086956521,0.46774194,0.20967742,0.32258065,0.0410628,185,229,414,"12244"
"Dalton Pompey","LAA","AA",28,109,0.263888888,0.882352941,0.168831168,0.389610389,0.441558441,0.264705882,0.147058823,0.37662338,0.27272727,0.35064935,0.12,167,283,450,"12797"
"Erick Castillo","CHC","AA",28,69,0.266666666,2.363636363,0.195652173,0.565217391,0.239130434,0.454545454,0.09090909,0.43478261,0.17391304,0.39130435,0.08759124,100,174,274,"12990"
"Elier Hernandez","TEX","AA",26,64,0.309523809,1.1875,0.146341463,0.463414634,0.390243902,0.1875,0,0.45238095,0.16666667,0.38095238,0.1124031,77,181,258,"13750"
"Seth Mejias-Brean","BAL","AA",30,56,0.4,0.764705882,0.09090909,0.393939393,0.515151515,0.176470588,0.176470588,0.33333333,0.24242424,0.42424242,0.10245902,89,155,244,"13905"
"Joey Meneses","BOS","AA",29,207,0.319727891,1.06557377,0.187096774,0.419354838,0.393548387,0.196721311,0.163934426,0.52866242,0.23566879,0.23566879,0.0726601,276,536,812,"14366"
"Carlos Tocci","WSN","AA",25,58,0.282608695,3.125,0.282608695,0.54347826,0.173913043,0.25,0,0.43478261,0.10869565,0.45652174,0.09433962,61,151,212,"14558"
"Zack Granite","CHW","AA",28,232,0.272727272,1.163636363,0.184931506,0.438356164,0.376712328,0.272727272,0.09090909,0.4295302,0.23489933,0.33557047,0.07172996,370,578,948,"15343"
"Jamie Westbrook","MIL","AA",26,82,0.293103448,0.814814814,0.155172413,0.379310344,0.465517241,0.222222222,0.037037037,0.44067797,0.15254237,0.40677966,0.08754209,116,181,297,"15504"
"Allen Cordoba","SDP","AA",25,296,0.336538461,1.166666666,0.260663507,0.398104265,0.341232227,0.222222222,0.069444444,0.49765258,0.24882629,0.25352113,0.10251955,428,723,1151,"15722"
"Ryder Jones","ARI","AA",27,253,0.339181286,1.29032258,0.215469613,0.44198895,0.342541436,0.161290322,0.161290322,0.44505495,0.23626374,0.31868132,0.13778706,321,637,958,"15982"
"Brian Navarreto","MIA","AA",26,87,0.159420289,1.214285714,0.138888888,0.472222222,0.388888888,0.142857142,0.142857142,0.50684932,0.21917808,0.2739726,0.15693431,77,197,274,"16398"
"Brian O'Keefe","SEA","AA",27,208,0.361344537,0.851851851,0.212598425,0.362204724,0.42519685,0.351851851,0.203703703,0.46564885,0.20610687,0.32824427,0.13618677,297,474,771,"16680"
"Braxton Lee","CIN","AA",27,123,0.285714285,2.55,0.154761904,0.607142857,0.238095238,0.1,0,0.29411765,0.24705882,0.45882353,0.08484848,176,319,495,"16839"
"Gavin Cecchini","LAA","AA",27,179,0.25,0.963636363,0.2,0.392592592,0.407407407,0.2,0.09090909,0.35036496,0.2919708,0.35766423,0.11179173,208,445,653,"17005"
"Jose Herrera","ARI","AA",24,148,0.357142857,0.815789473,0.21590909,0.352272727,0.431818181,0.236842105,0.131578947,0.3258427,0.30337079,0.37078652,0.10784314,254,358,612,"17040"
"Meibrys Viloria","KCR","AA",24,130,0.333333333,1.681818181,0.233766233,0.48051948,0.285714285,0.045454545,0.136363636,0.3974359,0.28205128,0.32051282,0.10786106,228,319,547,"17109"
"Narciso Crook","CIN","AA",25,61,0.3125,0.733333333,0.257142857,0.314285714,0.428571428,0.2,0.2,0.51428571,0.28571429,0.2,0.1877551,86,159,245,"17473"
"Josh Lester","DET","AA",26,337,0.344827586,0.752941176,0.239795918,0.326530612,0.433673469,0.223529411,0.294117647,0.49748744,0.25628141,0.24623116,0.18939394,442,878,1320,"17737"
"Jakson Reetz","WSN","AA",25,255,0.256756756,0.928571428,0.260273972,0.356164383,0.383561643,0.375,0.071428571,0.55263158,0.18421053,0.26315789,0.14661654,396,668,1064,"17837"
"Luis Alexander Basabe","SFG","AA",24,83,0.3,0.823529411,0.261904761,0.333333333,0.404761904,0.176470588,0.117647058,0.52380952,0.19047619,0.28571429,0.12103746,155,192,347,"17839"
"Jermaine Palacios","MIN","AA",24,468,0.304195804,1.426966292,0.282392026,0.42192691,0.295681063,0.213483146,0.213483146,0.47540984,0.25901639,0.26557377,0.1340812,670,1202,1872,"18371"
"Juan Yepez","STL","AA",23,77,0.266666666,0.608695652,0.244897959,0.285714285,0.469387755,0.391304347,0.217391304,0.48,0.26,0.26,0.12540193,117,194,311,"18400"
"Brendon Davis","LAA","AA",23,131,0.309859154,0.487179487,0.256410256,0.243589743,0.5,0.307692307,0.205128205,0.50632911,0.34177215,0.15189873,0.1436673,200,329,529,"18587"
"Donny Sands","NYY","AA",25,215,0.242236024,0.851351351,0.179640718,0.377245508,0.443113772,0.27027027,0.135135135,0.34502924,0.28070175,0.37426901,0.08557457,326,492,818,"18603"
"Nick Plummer","STL","AA",24,376,0.392670157,1.349206349,0.263681592,0.422885572,0.313432835,0.126984126,0.206349206,0.43414634,0.19512195,0.37073171,0.12630208,641,895,1536,"18690"
"Jose Azocar","SDP","AA",25,343,0.333333333,1.602941176,0.22368421,0.478070175,0.298245614,0.102941176,0.132352941,0.3362069,0.24137931,0.42241379,0.08795963,529,858,1387,"18821"
"Taylor Kohlwey","SDP","AA",26,84,0.314814814,1.210526315,0.236363636,0.418181818,0.345454545,0.210526315,0.052631578,0.36363636,0.2,0.43636364,0.07098765,119,205,324,"19212"
"Stone Garrett","ARI","AA",25,443,0.332089552,0.956896551,0.209059233,0.386759581,0.404181184,0.310344827,0.215517241,0.40549828,0.26804124,0.32646048,0.18013572,508,1113,1621,"19273"
"Alex Call","CLE","AA",26,180,0.338582677,1.0625,0.238461538,0.392307692,0.369230769,0.25,0.104166666,0.39694656,0.22900763,0.3740458,0.06039326,272,440,712,"19296"
"Lucas Erceg","MIL","AA",26,112,0.253164556,1.09375,0.182926829,0.426829268,0.390243902,0.28125,0.09375,0.55421687,0.24096386,0.20481928,0.14537445,163,291,454,"19360"
"Trenton Brooks","CLE","AA",25,96,0.294117647,0.75,0.236363636,0.327272727,0.436363636,0.166666666,0.166666666,0.52727273,0.27272727,0.2,0.09259259,169,209,378,"19384"
"Andruw Monasterio","CLE","AA",24,304,0.37433155,0.684782608,0.188481675,0.329842931,0.481675392,0.152173913,0.076086956,0.33163265,0.28061224,0.3877551,0.10898966,470,787,1257,"19455"
"Jacob Robson","DET","AA",26,82,0.604651162,1.636363636,0.355555555,0.4,0.244444444,0,0.181818181,0.34782609,0.36956522,0.2826087,0.10404624,162,184,346,"19528"
"Otto Lopez","TOR","AA",22,314,0.412037037,1.769230769,0.166666666,0.532407407,0.300925925,0.123076923,0.046153846,0.40454545,0.23636364,0.35909091,0.08705882,455,820,1275,"19608"
"David MacKinnon","LAA","AA",26,426,0.334558823,0.811475409,0.213523131,0.352313167,0.434163701,0.122950819,0.106557377,0.44599303,0.28571429,0.26829268,0.06476079,689,1025,1714,"19625"
"Ben DeLuzio","ARI","AA",26,95,0.412698412,2.285714285,0.245901639,0.524590163,0.229508196,0.142857142,0,0.50793651,0.23809524,0.25396825,0.11904762,133,245,378,"19644"
"Dairon Blanco","KCR","AA",28,329,0.342465753,1.166666666,0.176470588,0.443438914,0.380090497,0.226190476,0.107142857,0.42857143,0.25541126,0.31601732,0.13409648,437,786,1223,"19779"
"Zach Remillard","CHW","AA",27,59,0.324324324,0.875,0.210526315,0.368421052,0.421052631,0.3125,0.0625,0.47368421,0.21052632,0.31578947,0.09704641,97,140,237,"19788"
"Jhonny Pereda","BOS","AA",25,148,0.284403669,1.225,0.183486238,0.449541284,0.366972477,0.175,0,0.37614679,0.24770642,0.37614679,0.08047945,238,346,584,"19802"
"Jason Delay","PIT","AA",26,60,0.189189189,0.705882352,0.216216216,0.324324324,0.459459459,0.176470588,0,0.54054054,0.18918919,0.27027027,0.1827957,50,136,186,"19806"
"Chuckie Robinson","CIN","AA",26,244,0.282051282,1.725490196,0.136645962,0.54658385,0.316770186,0.156862745,0.156862745,0.32317073,0.26219512,0.41463415,0.11456103,359,575,934,"19824"
"Caleb Hamilton","MIN","AA",26,248,0.260504201,0.854545454,0.196850393,0.37007874,0.433070866,0.272727272,0.145454545,0.43307087,0.27559055,0.29133858,0.16180621,452,611,1063,"19842"
"Rene Pinto","TBR","AA",24,171,0.325842696,0.790697674,0.189473684,0.357894736,0.452631578,0.139534883,0.186046511,0.3814433,0.35051546,0.26804124,0.16436252,233,418,651,"19859"
"Diego Castillo","NYY","AA",23,370,0.278985507,0.891666666,0.209059233,0.372822299,0.418118466,0.258333333,0.133333333,0.47118644,0.2779661,0.25084746,0.06919155,482,891,1373,"19906"
"Anderson Tejeda","TEX","AA",23,192,0.309523809,0.565217391,0.208791208,0.285714285,0.505494505,0.304347826,0.195652173,0.49473684,0.22105263,0.28421053,0.21313507,264,543,807,"19909"
"Sandro Fabian","SFG","AA",23,314,0.278761061,0.836538461,0.190677966,0.368644067,0.440677966,0.278846153,0.144230769,0.4439834,0.26556017,0.29045643,0.10463122,361,805,1166,"19910"
"Blake Perkins","KCR","AA",24,280,0.273333333,1.553191489,0.215686274,0.477124183,0.307189542,0.191489361,0.14893617,0.49685535,0.25157233,0.25157233,0.09834639,460,689,1149,"19921"
"Aaron Whitefield","MIN","AA",24,451,0.335664335,1.364583333,0.209059233,0.456445993,0.334494773,0.1875,0.0625,0.36177474,0.23890785,0.39931741,0.14707553,620,1141,1761,"19938"
"Eguy Rosario","SDP","AA",21,481,0.34868421,1.254716981,0.229032258,0.429032258,0.341935483,0.16981132,0.113207547,0.47468354,0.24367089,0.28164557,0.10861983,788,1219,2007,"19964"
"Ryan Aguilar","MIL","AA",26,258,0.213675213,1.276595744,0.108333333,0.5,0.391666666,0.382978723,0.127659574,0.488,0.176,0.336,0.14396887,427,601,1028,"19967"
"Miles Mastrobuoni","TBR","AA",25,249,0.350574712,1.303571428,0.267045454,0.414772727,0.318181818,0.089285714,0.089285714,0.38674033,0.27071823,0.34254144,0.06470588,400,620,1020,"20017"
"J.C. Escarra","BAL","AA",26,158,0.263736263,0.743589743,0.260869565,0.315217391,0.423913043,0.128205128,0.102564102,0.41052632,0.29473684,0.29473684,0.08087092,265,378,643,"20084"
"Mark Contreras","MIN","AA",26,76,0.372093023,0.764705882,0.333333333,0.288888888,0.377777777,0.235294117,0.117647058,0.37777778,0.24444444,0.37777778,0.18910256,108,204,312,"20122"
"J.J. Matijevic","HOU","AA",25,140,0.324324324,1.68,0.172839506,0.518518518,0.308641975,0.12,0.36,0.38554217,0.25301205,0.36144578,0.11279461,236,358,594,"20165"
"Miguel Vargas","LAD","AA",21,370,0.343629343,0.683333333,0.254612546,0.302583025,0.442804428,0.141666666,0.133333333,0.39272727,0.26545455,0.34181818,0.09204713,508,850,1358,"20178"
"Gilberto Celestino","MIN","AA",22,96,0.327586206,1.8,0.275862068,0.465517241,0.258620689,0.133333333,0.133333333,0.38333333,0.23333333,0.38333333,0.125,154,230,384,"20233"
"Corey Julks","HOU","AA",25,372,0.34439834,1.104651162,0.273092369,0.381526104,0.345381526,0.279069767,0.162790697,0.51968504,0.21653543,0.26377953,0.09893758,553,953,1506,"20311"
"Jared Young","CHC","AA",25,144,0.368932038,1.108108108,0.257142857,0.39047619,0.352380952,0.162162162,0.108108108,0.43925234,0.20560748,0.35514019,0.08442777,198,335,533,"20404"
"Brewer Hicklen","KCR","AA",25,424,0.333333333,1.179487179,0.237668161,0.412556053,0.349775784,0.153846153,0.205128205,0.47008547,0.26495726,0.26495726,0.15353418,663,1063,1726,"20450"
"Irving Lopez","STL","AA",26,168,0.296296296,0.74,0.194444444,0.342592592,0.462962962,0.36,0.06,0.52212389,0.23893805,0.23893805,0.11338583,206,429,635,"20463"
"Jack Larsen","SEA","AA",26,204,0.313559322,1.431818181,0.1640625,0.4921875,0.34375,0.136363636,0.25,0.43410853,0.25581395,0.31007752,0.10909091,333,492,825,"20510"
"Mickey McDonald","OAK","AA",26,202,0.370967741,1.177777777,0.216,0.424,0.36,0.177777777,0.022222222,0.29365079,0.21428571,0.49206349,0.09319899,305,489,794,"20533"
"Jose Miranda","MIN","AA",23,218,0.341772151,1.853658536,0.303571428,0.452380952,0.244047619,0.243902439,0.31707317,0.44186047,0.25,0.30813953,0.08852868,304,498,802,"20538"
"Elehuris Montero","COL","AA",22,379,0.309090909,0.805555555,0.1875,0.3625,0.45,0.222222222,0.203703703,0.40909091,0.28099174,0.30991736,0.1340819,573,941,1514,"20543"
"CJ Alexander","ATL","AA",24,330,0.263157894,0.777777777,0.183673469,0.357142857,0.459183673,0.188888888,0.111111111,0.415,0.27,0.315,0.17222653,441,848,1289,"20557"
"Ivan Herrera","STL","AA",21,437,0.260700389,1.425287356,0.221402214,0.457564575,0.32103321,0.275862068,0.195402298,0.50545455,0.19636364,0.29818182,0.06885064,754,1047,1801,"20599"
"Carlos Perez","CHW","AA",24,441,0.269121813,1.007092198,0.218232044,0.392265193,0.389502762,0.191489361,0.092198581,0.49591281,0.22070845,0.28337875,0.06182065,508,964,1472,"20805"
"Dermis Garcia","NYY","AA",23,443,0.264550264,0.678899082,0.152777777,0.342592592,0.504629629,0.174311926,0.284403669,0.51131222,0.26244344,0.22624434,0.19561551,713,1066,1779,"20926"
"Oscar Gonzalez","CLE","AA",23,199,0.352517985,1.4,0.28,0.42,0.3,0.333333333,0.288888888,0.4379085,0.21568627,0.34640523,0.15217391,217,473,690,"20970"
"Leo Rivas","CIN","AA",23,226,0.356164383,1.871794871,0.211267605,0.514084507,0.274647887,0.205128205,0,0.41496599,0.19727891,0.3877551,0.07790822,369,568,937,"21009"
"Trey Cabbage","MIN","AA",24,278,0.393162393,0.882352941,0.261538461,0.346153846,0.392307692,0.058823529,0.352941176,0.34074074,0.33333333,0.32592593,0.20596206,412,695,1107,"21078"
"Alejo Lopez","CIN","AA",25,119,0.404255319,1.428571428,0.252747252,0.439560439,0.307692307,0.25,0,0.42105263,0.16842105,0.41052632,0.03769401,169,282,451,"21127"
"Tyler Payne","CHC","AA",28,234,0.310344827,0.933333333,0.205479452,0.383561643,0.410958904,0.233333333,0.066666666,0.44295302,0.24161074,0.31543624,0.15709642,323,600,923,"21139"
"Sean Bouchard","COL","AA",25,381,0.336244541,0.652173913,0.20502092,0.313807531,0.481171548,0.278260869,0.12173913,0.46502058,0.25102881,0.28395062,0.13738893,543,920,1463,"21270"
"Dalton Guthrie","PHI","AA",25,184,0.3,1.605263157,0.201612903,0.491935483,0.306451612,0.315789473,0.105263157,0.472,0.208,0.32,0.11248285,251,478,729,"21293"
"Mark Kolozsvary","CIN","AA",25,170,0.32183908,0.574468085,0.195652173,0.29347826,0.510869565,0.170212765,0.127659574,0.41489362,0.23404255,0.35106383,0.17504052,248,369,617,"21304"
"Hayden Senger","NYM","AA",24,205,0.367521367,1.324324324,0.264957264,0.418803418,0.316239316,0.162162162,0.081081081,0.35,0.3,0.35,0.15643803,307,524,831,"21489"
"Brandon Lockridge","NYY","AA",24,191,0.439252336,1.361111111,0.254385964,0.429824561,0.315789473,0.194444444,0.277777777,0.41880342,0.28205128,0.2991453,0.14191853,273,488,761,"21496"
"Luken Baker","STL","AA",24,391,0.27027027,0.644067796,0.211382113,0.308943089,0.479674796,0.254237288,0.220338983,0.44354839,0.29435484,0.26209677,0.14760148,602,1024,1626,"21497"
"Connor Kaiser","PIT","AA",24,168,0.240384615,1.282051282,0.160377358,0.471698113,0.367924528,0.153846153,0.102564102,0.46296296,0.24074074,0.2962963,0.12063953,263,425,688,"21535"
"Nick Fortes","MIA","AA",24,226,0.289308176,1.048387096,0.191082802,0.414012738,0.394904458,0.258064516,0.048387096,0.45679012,0.22839506,0.31481481,0.08894231,324,508,832,"21538"
"Coco Montes","COL","AA",24,474,0.324503311,0.746478873,0.19218241,0.345276872,0.462540716,0.169014084,0.091549295,0.46984127,0.24444444,0.28571429,0.1809305,561,1180,1741,"21547"
"Matt Vierling","PHI","AA",24,102,0.369230769,1.173913043,0.264705882,0.397058823,0.338235294,0.04347826,0.260869565,0.46478873,0.23943662,0.29577465,0.08219178,173,265,438,"21558"
"Romy Gonzalez","CHW","AA",24,344,0.327956989,1.469696969,0.204878048,0.473170731,0.321951219,0.166666666,0.303030303,0.35436893,0.30582524,0.33980583,0.12829912,518,846,1364,"21562"
"Cesar Salazar","HOU","AA",25,122,0.233766233,0.731707317,0.164705882,0.352941176,0.482352941,0.146341463,0.195121951,0.43529412,0.25882353,0.30588235,0.11722488,147,271,418,"21587"
"Jake McCarthy","ARI","AA",23,156,0.317647058,2.173913043,0.17977528,0.561797752,0.258426966,0.260869565,0.260869565,0.47252747,0.2967033,0.23076923,0.14376997,231,395,626,"21622"
"Griffin Conine","MIA","AA",23,173,0.234375,1.384615384,0.194805194,0.467532467,0.337662337,0.076923076,0.5,0.42857143,0.20779221,0.36363636,0.26236882,222,445,667,"21626"
"Ford Proctor","TBR","AA",24,381,0.316582914,1.74137931,0.235576923,0.485576923,0.278846153,0.172413793,0.206896551,0.43396226,0.25,0.31603774,0.1069453,711,916,1627,"21634"
"Miguel Amaya","CHC","AA",22,106,0.280701754,1,0.163636363,0.418181818,0.418181818,0.260869565,0.04347826,0.44827586,0.27586207,0.27586207,0.10103627,156,230,386,"21693"
"Oswaldo Cabrera","NYY","AA",22,478,0.295302013,0.741258741,0.216981132,0.333333333,0.449685534,0.23076923,0.167832167,0.46749226,0.24148607,0.29102167,0.13223579,689,1194,1883,"21707"
"Oneil Cruz","PIT","AA",22,273,0.348571428,1.44262295,0.198924731,0.473118279,0.327956989,0.213114754,0.196721311,0.48128342,0.2459893,0.27272727,0.12820513,386,706,1092,"21711"
"Enmanuel Valdez","HOU","AA",22,98,0.285714285,0.714285714,0.213114754,0.327868852,0.459016393,0.178571428,0.178571428,0.44262295,0.21311475,0.3442623,0.14325069,133,230,363,"21716"
"Jose Fermin","CLE","AA",22,336,0.275590551,1.072916666,0.22265625,0.40234375,0.375,0.239583333,0.0625,0.46387833,0.21673004,0.31939163,0.06796941,431,746,1177,"21746"
"Esteury Ruiz","SDP","AA",22,353,0.293859649,0.82,0.212121212,0.354978354,0.432900432,0.31,0.1,0.46090535,0.30864198,0.23045267,0.11568323,466,822,1288,"21780"
"Sherten Apostel","TEX","AA",22,167,0.318681318,1.629629629,0.244680851,0.468085106,0.287234042,0.185185185,0.222222222,0.43298969,0.18556701,0.3814433,0.16588419,244,395,639,"21794"
"Jonathan Aranda","TBR","AA",23,322,0.383495145,0.927710843,0.248826291,0.361502347,0.389671361,0.144578313,0.120481927,0.46046512,0.24186047,0.29767442,0.09594384,483,799,1282,"21837"
"Freddy Fermin","KCR","AA",26,303,0.309523809,0.920454545,0.217592592,0.375,0.407407407,0.181818181,0.113636363,0.47727273,0.25454545,0.26818182,0.09036145,450,712,1162,"21840"
"Carlos Cortes","NYM","AA",24,346,0.304761904,0.663636363,0.175675675,0.328828828,0.495495495,0.172727272,0.127272727,0.42666667,0.27111111,0.30222222,0.11134308,556,881,1437,"21842"
"Will Benson","CLE","AA",23,332,0.301369863,0.417582417,0.178343949,0.242038216,0.579617834,0.23076923,0.153846153,0.47530864,0.2345679,0.29012346,0.14883402,633,825,1458,"21853"
"Bo Naylor","CLE","AA",21,356,0.255208333,0.514285714,0.205,0.27,0.525,0.209523809,0.095238095,0.44334975,0.26600985,0.29064039,0.12860013,578,915,1493,"21865"
"Jerar Encarnacion","MIA","AA",23,260,0.341463414,1.372093023,0.215384615,0.453846153,0.33076923,0.069767441,0.209302325,0.33082707,0.21052632,0.45864662,0.17647059,355,699,1054,"21871"
"Christopher Morel","CHC","AA",22,417,0.275862068,0.779816513,0.198347107,0.351239669,0.450413223,0.284403669,0.155963302,0.54216867,0.2248996,0.23293173,0.16530996,586,1011,1597,"21897"
"Rodolfo Castro","PIT","AA",22,312,0.27804878,1.296296296,0.126760563,0.492957746,0.38028169,0.271604938,0.148148148,0.46788991,0.20642202,0.32568807,0.14884517,399,770,1169,"21987"
"Grant Koch","PIT","AA",24,56,0.15,0.636363636,0.121951219,0.341463414,0.536585365,0.272727272,0.045454545,0.48780488,0.26829268,0.24390244,0.09659091,54,122,176,"22045"
"Dane Myers","DET","AA",25,104,0.352941176,1.458333333,0.157142857,0.5,0.342857142,0.125,0.125,0.41666667,0.19444444,0.38888889,0.12626263,113,283,396,"22054"
"Steele Walker","TEX","AA",24,266,0.274193548,0.8875,0.225641025,0.364102564,0.41025641,0.1875,0.125,0.46666667,0.26153846,0.27179487,0.106,359,641,1000,"22093"
"Nick Pratto","KCR","AA",22,275,0.348837209,0.550724637,0.256944444,0.263888888,0.479166666,0.130434782,0.217391304,0.45833333,0.27083333,0.27083333,0.13133047,501,664,1165,"22117"
"Payton Henry","MIL","AA",24,125,0.435897435,1.722222222,0.355263157,0.407894736,0.236842105,0.388888888,0.055555555,0.3164557,0.27848101,0.40506329,0.12922465,188,315,503,"22164"
"Cal Mitchell","PIT","AA",22,419,0.3125,0.95,0.125,0.426282051,0.448717948,0.135714285,0.085714285,0.4384858,0.28391167,0.27760252,0.08577128,507,997,1504,"22169"
"Mark Vientos","NYM","AA",21,306,0.327380952,1.013513513,0.207446808,0.39893617,0.393617021,0.189189189,0.297297297,0.39267016,0.29319372,0.31413613,0.16013344,417,782,1199,"22184"
"Brice Turang","MIL","AA",21,320,0.299578059,1.033707865,0.242677824,0.384937238,0.372384937,0.146067415,0.056179775,0.35655738,0.29918033,0.3442623,0.08178752,431,755,1186,"22186"
"MJ Melendez","KCR","AA",22,347,0.28643216,0.634615384,0.241071428,0.294642857,0.464285714,0.201923076,0.269230769,0.42731278,0.24669604,0.32599119,0.11693548,624,864,1488,"22197"
"Sam Huff","TEX","AA",23,191,0.360465116,1.172413793,0.329787234,0.361702127,0.308510638,0.103448275,0.344827586,0.39583333,0.29166667,0.3125,0.2,252,468,720,"22209"
"Jack Suwinski","SDP","AA",22,449,0.337719298,0.666666666,0.207317073,0.31707317,0.475609756,0.239316239,0.162393162,0.50806452,0.19354839,0.2983871,0.10808081,820,1160,1980,"22244"
"Joe Perez","HOU","AA",21,307,0.343589743,1.370967741,0.268656716,0.422885572,0.308457711,0.209677419,0.129032258,0.40686275,0.2254902,0.36764706,0.11993383,440,769,1209,"22254"
"Bubba Thompson","TEX","AA",23,470,0.346938775,1.295238095,0.209836065,0.445901639,0.344262295,0.238095238,0.152380952,0.4556962,0.30696203,0.23734177,0.16416185,614,1116,1730,"22261"
"Nolan Gorman","STL","AA",21,195,0.350877192,1.119047619,0.288,0.376,0.336,0.142857142,0.261904761,0.408,0.312,0.28,0.1322208,274,505,779,"22263"
"Xavier Edwards","TBR","AA",21,337,0.347826086,1.66197183,0.240963855,0.473895582,0.285140562,0.084507042,0,0.33463035,0.28015564,0.38521401,0.0624,472,778,1250,"22266"
"Samad Taylor","TOR","AA",22,374,0.393939393,0.854166666,0.148325358,0.392344497,0.459330143,0.125,0.166666666,0.4,0.2744186,0.3255814,0.13166144,616,979,1595,"22274"
"Nick Allen","OAK","AA",22,229,0.380645161,1.259259259,0.227848101,0.430379746,0.341772151,0.222222222,0.111111111,0.37423313,0.22699387,0.39877301,0.0982801,280,534,814,"22277"
"Cal Stevenson","TBR","AA",24,365,0.306976744,1.472222222,0.19090909,0.481818181,0.327272727,0.236111111,0.125,0.44347826,0.22608696,0.33043478,0.0951417,590,892,1482,"22411"
"Buddy Kennedy","ARI","AA",22,279,0.331081081,1.016393442,0.25,0.37804878,0.371951219,0.13114754,0.278688524,0.39393939,0.3030303,0.3030303,0.1030082,444,653,1097,"22505"
"Triston Casas","BOS","AA",21,329,0.323383084,1.03488372,0.166666666,0.423809523,0.409523809,0.162790697,0.15116279,0.42056075,0.28971963,0.28971963,0.09646539,565,793,1358,"22514"
"Heliot Ramos","SFG","AA",21,266,0.300653594,1.681818181,0.253164556,0.46835443,0.278481012,0.113636363,0.227272727,0.36196319,0.25153374,0.38650307,0.15648855,382,666,1048,"22515"
"Tyler Freeman","CLE","AA",22,180,0.356643356,2,0.28169014,0.478873239,0.239436619,0.147058823,0.058823529,0.4137931,0.24137931,0.34482759,0.06188925,199,415,614,"22532"
"George Valera","CLE","AA",20,100,0.357142857,1.25,0.237288135,0.423728813,0.33898305,0.15,0.15,0.42372881,0.27118644,0.30508475,0.115,168,232,400,"22541"
"Gabriel Moreno","TOR","AA",21,145,0.397959183,1.256410256,0.137254901,0.480392156,0.382352941,0.076923076,0.205128205,0.44859813,0.24299065,0.30841121,0.06935484,233,387,620,"22664"
"Geraldo Perdomo","ARI","AA",21,344,0.298507462,1.088607594,0.19117647,0.421568627,0.387254901,0.215189873,0.075949367,0.4,0.26666667,0.33333333,0.07981221,568,923,1491,"22799"
"Oswald Peraza","NYY","AA",21,353,0.362068965,1.3375,0.207627118,0.45338983,0.33898305,0.3125,0.15,0.45491803,0.25409836,0.29098361,0.1385979,428,813,1241,"22823"
"Lenyn Sosa","CHW","AA",21,121,0.272727272,0.894736842,0.181818181,0.386363636,0.431818181,0.131578947,0.026315789,0.39325843,0.29213483,0.31460674,0.14030612,112,280,392,"22896"
"David Banuelos","MIN","AA",24,59,0.277777777,1.076923076,0.205882352,0.411764705,0.382352941,0.307692307,0,0.56756757,0.16216216,0.27027027,0.2029703,62,140,202,"23250"
"Canaan Smith-Njigba","PIT","AA",22,266,0.364864864,2.771428571,0.108108108,0.655405405,0.236486486,0.114285714,0.171428571,0.35064935,0.18831169,0.46103896,0.09975268,516,697,1213,"23264"
"Jacob Amaya","LAD","AA",22,476,0.254071661,1.306306306,0.187301587,0.46031746,0.352380952,0.108108108,0.108108108,0.4169279,0.23510972,0.34796238,0.0893707,744,1147,1891,"23296"
"Ryan Noda","LAD","AA",25,475,0.287553648,0.878504672,0.229885057,0.360153256,0.409961685,0.196261682,0.271028037,0.48854962,0.26717557,0.24427481,0.13306653,830,1169,1999,"23312"
"Nelson Velazquez","CHC","AA",22,137,0.345679012,0.658536585,0.227272727,0.306818181,0.46590909,0.243902439,0.195121951,0.59550562,0.20224719,0.20224719,0.17374517,172,346,518,"23359"
"Hunter Feduccia","LAD","AA",24,327,0.288372093,1.158536585,0.202702702,0.427927927,0.369369369,0.158536585,0.121951219,0.4159292,0.26106195,0.32300885,0.07574598,527,780,1307,"23372"
"Jose Barrero","CIN","AA",23,180,0.362068965,1.225,0.258333333,0.408333333,0.333333333,0.375,0.15,0.59016393,0.14754098,0.26229508,0.1399689,217,426,643,"23378"
"Chandler Seagle","SDP","AA",25,181,0.254385964,1.428571428,0.227272727,0.454545454,0.318181818,0.228571428,0.028571428,0.40495868,0.21487603,0.38016529,0.12386707,220,442,662,"23552"
"Chris Roller","CLE","AA",24,279,0.276836158,1.014492753,0.205714285,0.4,0.394285714,0.144927536,0.014492753,0.41011236,0.23033708,0.35955056,0.12787489,378,709,1087,"23557"
"Ryan Dorow","TEX","AA",25,99,0.384615384,0.606060606,0.220588235,0.294117647,0.485294117,0.151515151,0.151515151,0.40277778,0.25,0.34722222,0.10071942,164,253,417,"23559"
"Brayan Rocchio","CLE","AA",20,203,0.350364963,1.255319148,0.24822695,0.418439716,0.333333333,0.042553191,0.127659574,0.41958042,0.3006993,0.27972028,0.1079235,247,485,732,"23690"
"Julio Rodriguez","SEA","AA",20,206,0.43076923,2.354838709,0.223880597,0.544776119,0.231343283,0.193548387,0.225806451,0.43065693,0.20437956,0.3649635,0.12911392,312,478,790,"23697"
"Alek Thomas","ARI","AA",21,329,0.33490566,2.24074074,0.197247706,0.555045871,0.247706422,0.203703703,0.185185185,0.39461883,0.26457399,0.34080717,0.10570342,533,782,1315,"23792"
"Jordan Groshans","TOR","AA",21,316,0.34741784,0.977272727,0.194444444,0.398148148,0.407407407,0.170454545,0.079545454,0.42081448,0.25791855,0.32126697,0.09228321,487,770,1257,"23794"
"Ji Hwan Bae","PIT","AA",21,365,0.35193133,1.364705882,0.151898734,0.489451476,0.358649789,0.152941176,0.082352941,0.3677686,0.22727273,0.40495868,0.09096859,601,927,1528,"23818"
"Terrin Vavra","BAL","AA",24,184,0.31372549,1.806451612,0.186915887,0.523364485,0.289719626,0.096774193,0.161290322,0.4587156,0.2293578,0.31192661,0.09607578,308,431,739,"24400"
"J.P. Martinez","TEX","AA",25,341,0.38095238,1.596491228,0.134502923,0.532163742,0.333333333,0.333333333,0.087719298,0.45251397,0.29050279,0.25698324,0.15151515,556,830,1386,"24451"
"Tyler Cropley","KCR","AA",25,80,0.22,0.541666666,0.26,0.26,0.48,0.208333333,0.083333333,0.46153846,0.25,0.28846154,0.09965636,114,177,291,"24485"
"Max Schuemann","OAK","AA",24,251,0.393063583,1.327586206,0.224137931,0.442528735,0.333333333,0.275862068,0.034482758,0.43428571,0.26285714,0.30285714,0.10381978,384,637,1021,"24488"
"Richie Palacios","CLE","AA",24,283,0.338383838,0.797752808,0.21182266,0.349753694,0.438423645,0.224719101,0.06741573,0.38235294,0.21568627,0.40196078,0.08163265,430,648,1078,"24589"
"Steven Kwan","CLE","AA",23,221,0.353658536,0.924242424,0.252941176,0.358823529,0.388235294,0.181818181,0.106060606,0.40350877,0.23391813,0.3625731,0.02579132,342,511,853,"24610"
"Ryan Fitzgerald","BOS","AA",27,365,0.304526748,0.625,0.164658634,0.32128514,0.514056224,0.2265625,0.1015625,0.4453125,0.2578125,0.296875,0.1002805,533,893,1426,"24622"
"Willie MacIver","COL","AA",24,212,0.217741935,1.040816326,0.173553719,0.421487603,0.404958677,0.224489795,0.102040816,0.37984496,0.21705426,0.40310078,0.159601,270,532,802,"24641"
"Cody Wilson","WSN","AA",24,58,0.157894736,3.5,0.25,0.583333333,0.166666666,0.166666666,0,0.44736842,0.28947368,0.26315789,0.13043478,87,166,253,"24671"
"Brendan Donovan","STL","AA",24,219,0.379310344,1.409090909,0.273972602,0.424657534,0.301369863,0.09090909,0.09090909,0.41610738,0.23489933,0.34899329,0.08220721,326,562,888,"24679"
"Jonah Bride","OAK","AA",25,334,0.301980198,1.176470588,0.274509803,0.392156862,0.333333333,0.220588235,0.132352941,0.47867299,0.23222749,0.28909953,0.05700549,615,841,1456,"24703"
"Logan O'Hoppe","PHI","AA",21,57,0.309523809,1.055555555,0.177777777,0.422222222,0.4,0.166666666,0.166666666,0.48888889,0.31111111,0.2,0.08465608,53,136,189,"24729"
"Bryan Lavastida","CLE","AA",22,119,0.369863013,1.565217391,0.22368421,0.47368421,0.302631578,0.217391304,0.130434782,0.54545455,0.20779221,0.24675325,0.13900415,187,295,482,"24765"
"James Outman","LAD","AA",24,187,0.367924528,1.05,0.267857142,0.375,0.357142857,0.15,0.225,0.42608696,0.29565217,0.27826087,0.15426997,269,457,726,"24770"
"David Villar","SFG","AA",24,446,0.339920948,0.663865546,0.26394052,0.293680297,0.442379182,0.19327731,0.168067226,0.52554745,0.25182482,0.22262774,0.13111231,706,1155,1861,"24782"
"David Fry","MIL","AA",25,299,0.3,0.932432432,0.239361702,0.367021276,0.393617021,0.297297297,0.148648648,0.4021164,0.25925926,0.33862434,0.14884135,411,711,1122,"24934"
"Justin Dean","ATL","AA",24,423,0.343612334,1.507042253,0.208888888,0.475555555,0.315555555,0.225352112,0.112676056,0.49787234,0.2,0.30212766,0.13946407,631,1011,1642,"25005"
"Vinny Capra","TOR","AA",24,282,0.427710843,0.675,0.238636363,0.306818181,0.454545454,0.2375,0.125,0.50847458,0.24293785,0.24858757,0.09584394,442,737,1179,"25040"
"David Hensley","HOU","AA",25,445,0.376760563,2.359375,0.253472222,0.524305555,0.222222222,0.125,0.140625,0.43050847,0.21694915,0.35254237,0.09959701,665,1072,1737,"25111"
"Levi Jordan","CHC","AA",25,134,0.317647058,1.09090909,0.224719101,0.404494382,0.370786516,0.151515151,0.151515151,0.44444444,0.25555556,0.3,0.11434109,194,322,516,"25138"
"Daniel Schneemann","CLE","AA",24,92,0.322033898,1.045454545,0.25,0.383333333,0.366666666,0.363636363,0.136363636,0.41935484,0.29032258,0.29032258,0.11797753,131,225,356,"25180"
"Michael Stefanic","LAA","AA",25,96,0.408450704,1.894736842,0.236111111,0.5,0.263888888,0.052631578,0.052631578,0.29166667,0.375,0.33333333,0.05817175,134,227,361,"25353"
"Austin Shenton","SEA","AA",23,99,0.375,1.181818181,0.283582089,0.388059701,0.328358208,0.09090909,0.136363636,0.43283582,0.31343284,0.25373134,0.14322251,148,243,391,"25425"
"Will Wilson","SFG","AA",22,221,0.29090909,1.195121951,0.217391304,0.426086956,0.356521739,0.195121951,0.121951219,0.53043478,0.1826087,0.28695652,0.17209302,301,559,860,"25434"
"Greg Jones","TBR","AA",23,60,0.28125,0.857142857,0.161290322,0.387096774,0.451612903,0.071428571,0.071428571,0.48484848,0.27272727,0.24242424,0.17431193,79,139,218,"25448"
"Peyton Burdick","MIA","AA",24,460,0.293023255,0.811320754,0.175965665,0.369098712,0.454935622,0.235849056,0.216981132,0.43881857,0.25738397,0.30379747,0.13914849,819,1107,1926,"25459"
"TJ Hopkins","CIN","AA",24,292,0.347826086,1.540983606,0.162162162,0.508108108,0.329729729,0.180327868,0.081967213,0.48691099,0.22513089,0.28795812,0.14055506,405,712,1117,"25482"
"Nick Sogard","BOS","AA",23,63,0.326086956,1.357142857,0.266666666,0.422222222,0.311111111,0.285714285,0,0.5,0.19565217,0.30434783,0.08943089,89,157,246,"25483"
"Joey Ortiz","BAL","AA",22,67,0.238095238,0.681818181,0.177777777,0.333333333,0.488888888,0.227272727,0.181818181,0.41304348,0.17391304,0.41304348,0.08955224,102,166,268,"25493"
"Korey Lee","HOU","AA",22,203,0.274647887,1.017857142,0.246666666,0.38,0.373333333,0.321428571,0.142857142,0.45637584,0.28187919,0.26174497,0.0965251,291,486,777,"25543"
"Jake Alu","WSN","AA",24,213,0.313333333,1.086206896,0.209150326,0.411764705,0.379084967,0.103448275,0.086206896,0.47096774,0.21935484,0.30967742,0.11836735,239,496,735,"25569"
"Kyle McCann","OAK","AA",23,375,0.257142857,1.637931034,0.159340659,0.521978021,0.318681318,0.379310344,0.137931034,0.39344262,0.24590164,0.36065574,0.18370073,606,891,1497,"25575"
"Will Brennan","CLE","AA",23,177,0.327868852,1.333333333,0.305785123,0.396694214,0.297520661,0.166666666,0.055555555,0.432,0.232,0.336,0.08385093,237,407,644,"25660"
"Cam Devanney","MIL","AA",24,334,0.234693877,0.815217391,0.156565656,0.378787878,0.464646464,0.326086956,0.054347826,0.51741294,0.18905473,0.29353234,0.15951843,479,850,1329,"25688"
"Blaine Crim","TEX","AA",24,148,0.326315789,0.75,0.31372549,0.294117647,0.392156862,0.275,0.225,0.40384615,0.23076923,0.36538462,0.1734104,174,345,519,"25714"
"Bobby Witt Jr.","KCR","AA",21,279,0.339393939,0.797468354,0.211111111,0.35,0.438888888,0.151898734,0.202531645,0.44808743,0.27322404,0.27868852,0.15492958,409,727,1136,"25764"
"CJ Abrams","SDP","AA",20,183,0.365079365,1.35,0.241935483,0.43548387,0.322580645,0.175,0.05,0.328125,0.28125,0.390625,0.12462908,223,451,674,"25768"
"Grae Kessinger","HOU","AA",23,331,0.254807692,0.847826086,0.194312796,0.369668246,0.436018957,0.402173913,0.097826086,0.51376147,0.25229358,0.23394495,0.11558538,480,861,1341,"25813"
"C.J. Stubbs","HOU","AA",24,97,0.280701754,1.47368421,0.145454545,0.509090909,0.345454545,0.47368421,0,0.38596491,0.21052632,0.40350877,0.13577023,132,251,383,"25814"
"Shea Langeliers","ATL","AA",23,370,0.298578199,0.673076923,0.236842105,0.307017543,0.45614035,0.240384615,0.211538461,0.41276596,0.30212766,0.28510638,0.14848066,544,904,1448,"25816"
"Braden Shewmake","ATL","AA",23,344,0.261603375,1.578947368,0.209677419,0.483870967,0.306451612,0.184210526,0.157894736,0.44758065,0.25,0.30241935,0.14191961,401,818,1219,"25817"
"Andre Lipcius","DET","AA",23,385,0.279527559,1.019607843,0.198443579,0.40466926,0.396887159,0.107843137,0.088235294,0.39543726,0.24714829,0.35741445,0.1248366,588,942,1530,"25822"
"Logan Davidson","OAK","AA",23,515,0.304498269,1.466666666,0.218309859,0.464788732,0.316901408,0.188888888,0.077777777,0.44932432,0.22972973,0.32094595,0.1319822,764,1259,2023,"25844"
"Michael Toglia","COL","AA",22,169,0.295454545,1.027027027,0.193548387,0.40860215,0.397849462,0.243243243,0.135135135,0.49462366,0.24731183,0.25806452,0.14204545,291,413,704,"25845"
"Ryan Kreidler","DET","AA",23,388,0.341013824,0.762376237,0.21585903,0.339207048,0.44493392,0.168316831,0.148514851,0.47844828,0.29741379,0.22413793,0.16591056,552,991,1543,"25867"
"Kerry Carpenter","DET","AA",23,461,0.299363057,0.969696969,0.202453987,0.392638036,0.404907975,0.189393939,0.113636363,0.47720365,0.21884498,0.30395137,0.1051168,618,1180,1798,"25961"
"Riley Greene","DET","AA",20,373,0.385714285,1.426470588,0.266666666,0.431111111,0.302222222,0.132352941,0.235294117,0.37444934,0.25991189,0.36563877,0.11727215,609,960,1569,"25976"
"Brett Baty","NYM","AA",21,176,0.349514563,2.52,0.145631067,0.611650485,0.242718446,0.04,0.2,0.47222222,0.21296296,0.31481481,0.1039886,253,449,702,"26123"
"Dominic Fletcher","ARI","AA",23,440,0.320422535,1.150943396,0.229729729,0.412162162,0.358108108,0.150943396,0.141509433,0.40802676,0.21070234,0.3812709,0.13861386,518,1098,1616,"26149"
"Kyle Stowers","BAL","AA",23,276,0.36231884,1.06779661,0.207792207,0.409090909,0.383116883,0.169491525,0.288135593,0.43870968,0.32258065,0.23870968,0.14687775,465,672,1137,"26151"
"Jake Mangum","NYM","AA",25,330,0.340248962,1.421686746,0.169421487,0.487603305,0.342975206,0.156626506,0.084337349,0.4516129,0.22580645,0.32258065,0.11604714,359,744,1103,"26202"
"Adley Rutschman","BAL","AA",23,358,0.279279279,0.850467289,0.171548117,0.380753138,0.447698744,0.14953271,0.168224299,0.4375,0.29166667,0.27083333,0.06321453,638,849,1487,"26288"
"Bryson Stott","PHI","AA",23,351,0.368421052,1.088888888,0.2,0.417021276,0.382978723,0.188888888,0.111111111,0.34033613,0.28991597,0.3697479,0.10989011,546,1001,1547,"26294"
"Oliver Dunn","NYY","AA",23,118,0.25,0.923076923,0.152542372,0.406779661,0.440677966,0.192307692,0.153846153,0.44262295,0.31147541,0.24590164,0.13015184,178,283,461,"26295"
"Josh Jung","TEX","AA",23,186,0.355932203,0.956521739,0.285714285,0.349206349,0.365079365,0.04347826,0.217391304,0.375,0.3125,0.3125,0.12638889,243,477,720,"26299"
"Michael Busch","LAD","AA",23,495,0.337121212,1.193877551,0.234875444,0.416370106,0.348754448,0.112244897,0.204081632,0.47183099,0.23943662,0.28873239,0.10155491,860,1198,2058,"26319"
"Spencer Steer","MIN","AA",23,280,0.273809523,0.74074074,0.20338983,0.33898305,0.457627118,0.148148148,0.172839506,0.5,0.3021978,0.1978022,0.11674208,425,680,1105,"26323"
"JJ Bleday","MIA","AA",23,468,0.25,0.744680851,0.174496644,0.352348993,0.473154362,0.184397163,0.085106382,0.48172757,0.22591362,0.2923588,0.11140444,754,1140,1894,"26368"
"Kameron Misner","MIA","AA",23,62,0.432432432,1.5,0.324324324,0.405405405,0.27027027,0,0.1,0.39473684,0.28947368,0.31578947,0.16182573,92,149,241,"26374"
"Josh Smith","TEX","AA",23,127,0.3375,1.625,0.222222222,0.481481481,0.296296296,0.083333333,0.125,0.46987952,0.25301205,0.27710843,0.06614786,218,296,514,"26396"
"Dominic Canzone","ARI","AA",23,146,0.410526315,1.576923076,0.336633663,0.405940594,0.257425742,0.115384615,0.269230769,0.48039216,0.31372549,0.20588235,0.13529412,184,326,510,"26438"
"Davis Wendzel","TEX","AA",24,187,0.288288288,1.09090909,0.206896551,0.413793103,0.379310344,0.34090909,0.136363636,0.4957265,0.22222222,0.28205128,0.11271298,295,468,763,"26469"
"Austin Martin","MIN","AA",22,418,0.341463414,1.534246575,0.251012145,0.453441295,0.295546558,0.09589041,0.06849315,0.4484127,0.22222222,0.32936508,0.06842737,715,951,1666,"27462"
"Dillon Dingler","DET","AA",22,208,0.272,0.862068965,0.142857142,0.396825396,0.46031746,0.155172413,0.068965517,0.45736434,0.20155039,0.34108527,0.15307403,272,525,797,"27464"
"Spencer Torkelson","DET","AA",21,212,0.278260869,0.867924528,0.2265625,0.359375,0.4140625,0.113207547,0.264150943,0.51162791,0.26356589,0.2248062,0.08826816,373,522,895,"27465"
"Zach DeLoach","SEA","AA",22,216,0.303278688,1.042553191,0.238095238,0.388888888,0.373015873,0.276595744,0.106382978,0.46456693,0.18110236,0.35433071,0.15179606,326,537,863,"27471"
"Justin Foscue","TEX","AA",22,104,0.333333333,1.04347826,0.265625,0.375,0.359375,0.217391304,0.086956521,0.54545455,0.25757576,0.1969697,0.14851485,147,257,404,"27501"
"David Hamilton","MIL","AA",23,150,0.303030303,0.930232558,0.178217821,0.396039603,0.425742574,0.255813953,0.069767441,0.47058824,0.24509804,0.28431373,0.07407407,215,352,567,"27531"
"Garrett Mitchell","MIL","AA",22,148,0.247058823,2.125,0.127906976,0.593023255,0.279069767,0.208333333,0.125,0.36363636,0.20454545,0.43181818,0.13066202,206,368,574,"27555"
"Alec Burleson","STL","AA",22,282,0.321052631,1.98076923,0.228855721,0.51243781,0.258706467,0.134615384,0.269230769,0.4754902,0.19607843,0.32843137,0.11470588,333,687,1020,"27615"
"Vinnie Pasquantino","KCR","AA",23,237,0.307228915,0.898550724,0.242774566,0.358381502,0.39884393,0.159420289,0.159420289,0.48022599,0.25423729,0.26553672,0.06736353,366,495,861,"27676"
"Pedro Leon","HOU","AA",23,217,0.339449541,1.617647058,0.23275862,0.474137931,0.293103448,0.264705882,0.264705882,0.61016949,0.21186441,0.1779661,0.11173815,358,528,886,"27781"
"Jordan Westburg","BAL","AA",22,130,0.282051282,1.423076923,0.202531645,0.46835443,0.329113924,0.115384615,0.153846153,0.42682927,0.25609756,0.31707317,0.09193246,215,318,533,"27815"
"Corban Joseph","WSN","AA",32,100,0.269230769,1.444444444,0.164556962,0.493670886,0.341772151,0.222222222,0.037037037,0.53164557,0.11392405,0.35443038,0.06077348,139,223,362,"5503"
"Marty Bechina","OAK","AA",24,109,0.328358208,0.575757575,0.2,0.292307692,0.507692307,0.272727272,0,0.61764706,0.19117647,0.19117647,0.12917595,152,297,449,"sa1053075"
"Carter Bins","SEA","AA",22,109,0.222222222,1.25,0.166666666,0.462962962,0.37037037,0.2,0.05,0.45454545,0.29090909,0.25454545,0.09071274,205,258,463,"sa1115884"
"Quincy McAfee","CIN","AA",23,156,0.3,1.272727272,0.184782608,0.456521739,0.358695652,0.212121212,0.06060606,0.38297872,0.20212766,0.41489362,0.09818731,261,401,662,"sa1159899"
"Johnny Rizer","BAL","AA",24,337,0.306976744,1.157894736,0.261261261,0.396396396,0.342342342,0.157894736,0.144736842,0.43612335,0.25991189,0.30396476,0.13736264,438,836,1274,"sa1169761"
"LJ Talley","TOR","AA",24,335,0.287610619,0.967741935,0.204347826,0.391304347,0.404347826,0.193548387,0.086021505,0.39316239,0.24358974,0.36324786,0.08944282,532,832,1364,"sa1169773"
"Clay Dungan","KCR","AA",25,499,0.326027397,1.107142857,0.196185286,0.422343324,0.381471389,0.178571428,0.064285714,0.38888889,0.25132275,0.35978836,0.08227115,633,1093,1726,"sa1169803"
"Simon Whiteman","SFG","AA",24,309,0.34090909,1.042857142,0.192090395,0.412429378,0.395480225,0.228571428,0.042857142,0.52222222,0.25555556,0.22222222,0.09701493,477,729,1206,"sa1169809"
"Matt Lloyd","CIN","AA",25,114,0.285714285,1.083333333,0.180327868,0.426229508,0.393442622,0.166666666,0.291666666,0.36507937,0.34920635,0.28571429,0.17324561,170,286,456,"sa1169978"
"David Vinsky","STL","AA",22,252,0.312977099,1.9375,0.265625,0.484375,0.25,0.3125,0.09375,0.33333333,0.28148148,0.38518519,0.09742647,444,644,1088,"sa1169997"
"Toby Welk","BAL","AA",24,281,0.238095238,0.786666666,0.211764705,0.347058823,0.44117647,0.266666666,0.146666666,0.49162011,0.24581006,0.26256983,0.12085944,402,715,1117,"sa1170296"
"Anthony Mulrine","LAA","AA",23,194,0.264462809,1.777777777,0.193548387,0.516129032,0.29032258,0.166666666,0.111111111,0.488,0.216,0.296,0.13411079,241,445,686,"sa1170373"
"Josh Bissonette","PIT","AA",24,259,0.287292817,1.644067796,0.133333333,0.538888888,0.327777777,0.152542372,0.016949152,0.32065217,0.19565217,0.48369565,0.07009346,389,681,1070,"sa1170619"
"Chandler Redmond","STL","AA",24,133,0.47761194,1.933333333,0.38028169,0.408450704,0.211267605,0.266666666,0.333333333,0.4109589,0.34246575,0.24657534,0.21314741,171,331,502,"sa1170749"
"Lazaro Alonso","MIA","AA",26,239,0.351851851,2.708333333,0.183486238,0.596330275,0.220183486,0.041666666,0.208333333,0.45132743,0.24778761,0.30088496,0.1285297,433,594,1027,"sa3002722"
"Tanner Nishioka","BOS","AA",26,169,0.31372549,0.875,0.158878504,0.392523364,0.44859813,0.125,0.125,0.44954128,0.26605505,0.28440367,0.14826498,206,428,634,"sa3002754"
"Tanner Kirwer","TOR","AA",25,188,0.269230769,1.066666666,0.10576923,0.461538461,0.432692307,0.355555555,0.111111111,0.50909091,0.21818182,0.27272727,0.10358056,310,472,782,"sa3002831"
"Brock Lundquist","TOR","AA",25,114,0.285714285,1.052631578,0.22,0.4,0.38,0.157894736,0.105263157,0.33333333,0.29411765,0.37254902,0.16895874,208,301,509,"sa3002834"
"Clark Scolamiero","CLE","AA",25,93,0.236842105,0.764705882,0.23076923,0.333333333,0.435897435,0.411764705,0.117647058,0.325,0.4,0.275,0.16071429,155,237,392,"sa3002837"
"Marcos Gonzalez","CLE","AA",21,225,0.314516129,1.309523809,0.248062015,0.426356589,0.325581395,0.261904761,0.166666666,0.48091603,0.19083969,0.32824427,0.15530726,317,578,895,"sa3003311"
"Yoel Yanqui","CIN","AA",25,310,0.309782608,1.279411764,0.175531914,0.462765957,0.361702127,0.25,0.102941176,0.45833333,0.21354167,0.328125,0.1119403,461,745,1206,"sa3003437"
"Seaver Whalen","TBR","AA",26,217,0.239436619,0.793650793,0.226027397,0.342465753,0.431506849,0.333333333,0.095238095,0.47651007,0.2147651,0.30872483,0.14070352,267,529,796,"sa3003939"
"Ernie De La Trinidad","MIN","AA",25,329,0.338308457,1.097222222,0.266990291,0.383495145,0.349514563,0.305555555,0.125,0.46666667,0.25238095,0.28095238,0.12758906,442,765,1207,"sa3003955"
"Chase Pinder","STL","AA",25,63,0.263157894,0.722222222,0.205128205,0.333333333,0.461538461,0.166666666,0.111111111,0.375,0.3,0.325,0.0859375,106,150,256,"sa3003961"
"Jake Adams","HOU","AA",25,103,0.227272727,0.8,0.217391304,0.347826086,0.434782608,0.45,0.15,0.55319149,0.19148936,0.25531915,0.17889908,145,291,436,"sa3003962"
"Jancarlos Cintron","ARI","AA",26,284,0.269230769,1.347826086,0.232227488,0.440758293,0.327014218,0.20289855,0.115942028,0.47706422,0.25229358,0.2706422,0.11467444,324,705,1029,"sa3004065"
"Laz Rivera","CHW","AA",26,174,0.31858407,1.8,0.140350877,0.552631578,0.307017543,0.228571428,0.142857142,0.45378151,0.26890756,0.27731092,0.15408805,200,436,636,"sa3004128"
"Jeisson Rosario","BOS","AA",21,405,0.331896551,1.7,0.181818181,0.515151515,0.303030303,0.157142857,0.042857142,0.35564854,0.25523013,0.38912134,0.13056558,681,981,1662,"sa3004146"
"Agustin Ruiz","SDP","AA",21,145,0.229885057,0.871794871,0.215053763,0.365591397,0.419354838,0.23076923,0.153846153,0.56989247,0.22580645,0.20430108,0.13835377,194,377,571,"sa3004149"
"Blake Hunt","TBR","AA",22,63,0.225806451,0.833333333,0.266666666,0.333333333,0.4,0.083333333,0,0.4516129,0.38709677,0.16129032,0.21097046,82,155,237,"sa3004153"
"Jake Scheiner","SEA","AA",25,455,0.330645161,0.90825688,0.203065134,0.379310344,0.417624521,0.229357798,0.165137614,0.5,0.23308271,0.26691729,0.165,660,1140,1800,"sa3004160"
"Tyreque Reed","BOS","AA",24,161,0.361445783,1.3,0.188235294,0.458823529,0.352941176,0.2,0.1,0.30232558,0.38372093,0.31395349,0.15109034,238,404,642,"sa3004163"
"JJ Muno","CHW","AA",27,226,0.282051282,0.775862068,0.134453781,0.37815126,0.487394957,0.189655172,0.103448275,0.48412698,0.21428571,0.3015873,0.125,312,544,856,"sa3004176"
"Chad Spanberger","MIL","AA",25,332,0.277456647,0.918918918,0.224043715,0.371584699,0.404371584,0.216216216,0.162162162,0.59459459,0.20540541,0.2,0.16399695,463,848,1311,"sa3004242"
"Renae Martinez","ARI","AA",27,116,0.220338983,0.925925925,0.1875,0.390625,0.421875,0.148148148,0.185185185,0.5,0.25,0.25,0.10462777,198,299,497,"sa3004255"
"Dylan Rosa","DET","AA",25,170,0.311111111,0.875,0.210526315,0.368421052,0.421052631,0.3,0.2,0.48979592,0.20408163,0.30612245,0.20547945,230,427,657,"sa3004285"
"Brent Diaz","MIL","AA",25,206,0.301886792,0.931818181,0.227272727,0.372727272,0.4,0.318181818,0.113636363,0.53571429,0.1875,0.27678571,0.17718447,286,538,824,"sa3004297"
"Demetrius Sims","MIA","AA",25,315,0.3125,1.734693877,0.167701863,0.52795031,0.304347826,0.122448979,0.081632653,0.47560976,0.20731707,0.31707317,0.16666667,488,814,1302,"sa3004390"
"Matt Winaker","NYM","AA",25,219,0.34090909,0.770491803,0.175572519,0.358778625,0.465648854,0.262295081,0.032786885,0.49253731,0.20149254,0.30597015,0.10247748,354,534,888,"sa3004506"
"Cam Balego","CHC","AA",26,60,0.277777777,0.823529411,0.138888888,0.388888888,0.472222222,0.117647058,0.058823529,0.43243243,0.32432432,0.24324324,0.07857143,120,160,280,"sa3004517"
"Jacob Pearson","ATL","AA",23,174,0.205607476,1.416666666,0.216216216,0.459459459,0.324324324,0.277777777,0.111111111,0.44642857,0.20535714,0.34821429,0.12298682,253,430,683,"sa3004722"
"Shane Matheny","SFG","AA",25,211,0.304761904,0.537037037,0.224299065,0.271028037,0.504672897,0.222222222,0.074074074,0.52727273,0.17272727,0.3,0.12529002,369,493,862,"sa3004780"
"Alex Dunlap","WSN","AA",26,80,0.26,0.6,0.183673469,0.306122448,0.510204081,0.16,0.04,0.41176471,0.29411765,0.29411765,0.12140575,113,200,313,"sa3004878"
"Mason Martin","PIT","AA",22,471,0.327731092,0.610294117,0.15116279,0.321705426,0.527131782,0.169117647,0.161764705,0.50957854,0.2835249,0.20689655,0.20184426,710,1242,1952,"sa3004885"
"Olivier Basabe","SDP","AA",23,240,0.231707317,1.228070175,0.225609756,0.426829268,0.347560975,0.245614035,0.070175438,0.43529412,0.24117647,0.32352941,0.12441315,308,544,852,"sa3004933"
"Tristen Lutz","MIL","AA",22,268,0.302013422,1.375,0.25,0.434210526,0.315789473,0.270833333,0.145833333,0.42948718,0.23717949,0.33333333,0.17407407,373,707,1080,"sa3004968"
"Michael Smith","TBR","AA",24,75,0.307692307,1,0.179487179,0.41025641,0.41025641,0.3125,0,0.3902439,0.31707317,0.29268293,0.13468013,115,182,297,"sa3004997"
"J.D. Osborne","MIA","AA",25,64,0.37037037,0.6,0.172413793,0.310344827,0.517241379,0.266666666,0.2,0.3,0.4,0.3,0.13709677,104,144,248,"sa3005053"
"Diosbel Arias","TEX","AA",24,419,0.31372549,1.681818181,0.22368421,0.486842105,0.289473684,0.204545454,0.056818181,0.48553055,0.18649518,0.32797428,0.0816078,614,1028,1642,"sa3005308"
"Christian Donahue","CHC","AA",26,56,0.3,1.076923076,0.1,0.466666666,0.433333333,0.384615384,0,0.375,0.15625,0.46875,0.12217195,76,145,221,"sa3005401"
"Victor Nova","CLE","AA",21,90,0.351851851,1.625,0.222222222,0.481481481,0.296296296,0.25,0,0.54545455,0.2,0.25454545,0.11504425,126,213,339,"sa3006075"
"Bobby Honeyman","SEA","AA",25,345,0.286307053,1.301204819,0.213991769,0.444444444,0.341563786,0.313253012,0.048192771,0.3755102,0.22857143,0.39591837,0.08274785,461,820,1281,"sa3006645"
"Michael Curry","SDP","AA",23,291,0.308641975,1.063492063,0.221556886,0.401197604,0.377245508,0.238095238,0.126984126,0.49411765,0.19411765,0.31176471,0.13757524,446,717,1163,"sa3006653"
"Chandler Taylor","HOU","AA",25,235,0.235955056,1.078947368,0.177083333,0.427083333,0.395833333,0.131578947,0.210526315,0.48453608,0.24742268,0.26804124,0.15525554,453,584,1037,"sa3006654"
"Jay Schuyler","CIN","AA",24,136,0.291666666,1.071428571,0.205479452,0.410958904,0.383561643,0.25,0.035714285,0.42465753,0.31506849,0.26027397,0.14827586,207,373,580,"sa3006662"
"Orlando Martinez","LAA","AA",23,436,0.325842696,0.961165048,0.270758122,0.357400722,0.371841155,0.184466019,0.155339805,0.36749117,0.28975265,0.34275618,0.13759807,606,1051,1657,"sa3006664"
"Ross Adolph","HOU","AA",24,248,0.33076923,1.682926829,0.20289855,0.5,0.297101449,0.146341463,0.243902439,0.42553191,0.22695035,0.34751773,0.15,386,634,1020,"sa3006666"
"Robert Neustrom","BAL","AA",24,261,0.322222222,1.039473684,0.148351648,0.434065934,0.417582417,0.25,0.092105263,0.48663102,0.21925134,0.29411765,0.07677165,371,645,1016,"sa3006667"
"Devlin Granberg","BOS","AA",25,281,0.326633165,1.277777777,0.207729468,0.444444444,0.347826086,0.166666666,0.138888888,0.48325359,0.24401914,0.27272727,0.12278876,300,661,961,"sa3006671"
"Jake Anchia","SEA","AA",24,107,0.225806451,0.666666666,0.140625,0.34375,0.515625,0.242424242,0.09090909,0.32307692,0.27692308,0.4,0.19906323,156,271,427,"sa3006674"
"Manny Rodriguez","NYM","AA",24,249,0.308270676,0.852459016,0.156716417,0.388059701,0.45522388,0.163934426,0.098360655,0.41428571,0.32142857,0.26428571,0.15188583,330,651,981,"sa3006678"
"Doran Turchin","BAL","AA",23,188,0.25,0.755555555,0.159574468,0.361702127,0.478723404,0.2,0.177777777,0.49484536,0.2371134,0.26804124,0.13853904,303,491,794,"sa3006680"
"Ian Dawkins","CHW","AA",25,222,0.319727891,2.052631578,0.210884353,0.530612244,0.258503401,0.289473684,0.131578947,0.375,0.25,0.375,0.13693901,309,560,869,"sa3006685"
"Keegan McGovern","SEA","AA",25,173,0.323943661,1.153846153,0.222222222,0.416666666,0.361111111,0.192307692,0.153846153,0.6,0.17333333,0.22666667,0.1588785,317,432,749,"sa3006710"
"Gage Canning","WSN","AA",24,173,0.350877192,1.806451612,0.209090909,0.509090909,0.281818181,0.387096774,0,0.4122807,0.25438596,0.33333333,0.13449367,217,415,632,"sa3006711"
"Daniel Amaral","PIT","AA",24,248,0.269736842,0.882352941,0.174193548,0.387096774,0.438709677,0.132352941,0.102941176,0.40251572,0.26415094,0.33333333,0.11041009,361,590,951,"sa3006712"
"Nick Podkul","TOR","AA",24,209,0.241935483,0.44,0.169230769,0.253846153,0.576923076,0.28,0.093333333,0.43939394,0.31060606,0.25,0.0748538,334,521,855,"sa3006720"
"Grant Williams","BOS","AA",25,265,0.286956521,1.052631578,0.148471615,0.436681222,0.414847161,0.242105263,0.010526315,0.33760684,0.31196581,0.35042735,0.05122235,282,577,859,"sa3006724"
"Chris Bec","TOR","AA",25,186,0.239316239,1.039215686,0.095652173,0.460869565,0.44347826,0.31372549,0.039215686,0.48333333,0.28333333,0.23333333,0.14550642,254,447,701,"sa3006727"
"Drew Mount","CIN","AA",25,215,0.34375,1.488888888,0.176470588,0.492647058,0.330882352,0.155555555,0.244444444,0.48920863,0.27338129,0.23741007,0.13768116,279,549,828,"sa3006728"
"Jacob Rhinesmith","WSN","AA",25,96,0.269841269,1.2,0.153846153,0.461538461,0.384615384,0.12,0.12,0.39393939,0.21212121,0.39393939,0.08661417,144,237,381,"sa3006729"
"Justin Toerner","STL","AA",24,289,0.285714285,0.875,0.235668789,0.356687898,0.407643312,0.171875,0.109375,0.45061728,0.22222222,0.32716049,0.14652956,463,704,1167,"sa3006735"
"Kole Cottam","BOS","AA",24,86,0.428571428,0.789473684,0.260869565,0.326086956,0.413043478,0.052631578,0.210526315,0.41304348,0.2826087,0.30434783,0.21183801,100,221,321,"sa3006780"
"Marty Costes","HOU","AA",25,250,0.406060606,2.102564102,0.253086419,0.506172839,0.24074074,0.205128205,0.051282051,0.23493976,0.30722892,0.45783133,0.0921466,380,575,955,"sa3006783"
"Alex Holderbach","HOU","AA",24,51,0.384615384,1.571428571,0.28,0.44,0.28,0.142857142,0.142857142,0.37037037,0.18518519,0.44444444,0.14150943,79,133,212,"sa3006789"
"Connor Kopach","SEA","AA",26,173,0.276923076,0.59375,0.227272727,0.287878787,0.484848484,0.3125,0.125,0.47826087,0.20289855,0.31884058,0.15258856,287,447,734,"sa3006791"
"David Sheaffer","SEA","AA",26,86,0.327272727,0.904761904,0.259259259,0.351851851,0.388888888,0.238095238,0.095238095,0.46428571,0.33928571,0.19642857,0.10909091,127,203,330,"sa3006846"
"Jack Conley","PHI","AA",24,161,0.195652173,1.962962962,0.139784946,0.569892473,0.29032258,0.296296296,0.148148148,0.50515464,0.21649485,0.27835052,0.12439418,229,390,619,"sa3006857"
"Jonathan Engelmann","CLE","AA",24,226,0.293650793,0.927272727,0.196969696,0.386363636,0.416666666,0.272727272,0.127272727,0.50746269,0.19402985,0.29850746,0.14318182,323,557,880,"sa3006858"
"Devin Mann","LAD","AA",24,440,0.290076335,0.566929133,0.271062271,0.263736263,0.465201465,0.204724409,0.11023622,0.48375451,0.27075812,0.24548736,0.09050773,722,1090,1812,"sa3006869"
"Trey Harris","ATL","AA",25,405,0.286713286,1.633333333,0.168421052,0.515789473,0.315789473,0.311111111,0.088888888,0.41496599,0.18367347,0.40136054,0.11627907,474,988,1462,"sa3006876"
"Luke Miller","PHI","AA",24,307,0.270588235,0.868421052,0.20670391,0.368715083,0.424581005,0.236842105,0.171052631,0.39130435,0.26630435,0.3423913,0.24407375,360,779,1139,"sa3006879"
"Eric De La Rosa","DET","AA",24,109,0.310344827,1.181818181,0.157894736,0.45614035,0.385964912,0.227272727,0.136363636,0.61290323,0.20967742,0.17741935,0.2,142,268,410,"sa3006911"
"John Valente","DET","AA",26,251,0.340314136,1.581818181,0.244680851,0.462765957,0.292553191,0.181818181,0.072727272,0.34693878,0.19387755,0.45918367,0.09470124,319,568,887,"sa3006923"
"Chase Calabuig","OAK","AA",25,371,0.247104247,1.956521739,0.212355212,0.521235521,0.266409266,0.188405797,0.072463768,0.3878327,0.25475285,0.35741445,0.09774965,574,848,1422,"sa3006927"
"Kaleo Johnson","TBR","AA",24,72,0.258064516,1.6,0.161290322,0.516129032,0.322580645,0.8,0,0.5483871,0.06451613,0.38709677,0.19230769,111,201,312,"sa3006935"
"Jake Palomaki","TBR","AA",25,266,0.254437869,2.275,0.206060606,0.551515151,0.242424242,0.225,0,0.37931034,0.21264368,0.40804598,0.06902985,419,653,1072,"sa3007003"
"Jeremy Eierman","OAK","AA",24,255,0.368852459,0.830188679,0.2421875,0.34375,0.4140625,0.37735849,0.188679245,0.45864662,0.28571429,0.2556391,0.18181818,346,666,1012,"sa3007005"
"Dillon Paulson","TBR","AA",24,59,0.428571428,1.307692307,0.285714285,0.404761904,0.309523809,0.153846153,0,0.42857143,0.16666667,0.4047619,0.12605042,88,150,238,"sa3007007"
"Josh Stowers","TEX","AA",24,351,0.256830601,0.670212765,0.203045685,0.319796954,0.47715736,0.244680851,0.212765957,0.50246305,0.26108374,0.2364532,0.14970501,530,826,1356,"sa3007010"
"Chris Williams","MIN","AA",24,106,0.303571428,0.535714285,0.258620689,0.258620689,0.48275862,0.25,0.107142857,0.41666667,0.26666667,0.31666667,0.1875,136,248,384,"sa3007028"
"Frankie Tostado","SFG","AA",23,398,0.292775665,1.203883495,0.174545454,0.45090909,0.374545454,0.165048543,0.13592233,0.45487365,0.24548736,0.29963899,0.17603748,479,1015,1494,"sa3007030"
"Greyson Jenista","ATL","AA",24,329,0.289855072,0.802816901,0.174193548,0.367741935,0.458064516,0.225352112,0.267605633,0.42038217,0.28025478,0.29936306,0.13237311,579,879,1458,"sa3007044"
"Jameson Hannah","COL","AA",23,339,0.362745098,1.655172413,0.245098039,0.470588235,0.284313725,0.224137931,0.051724137,0.47342995,0.22705314,0.29951691,0.14307575,491,816,1307,"sa3007046"
"Niko Hulsizer","TBR","AA",24,196,0.386363636,1.40625,0.180851063,0.478723404,0.340425531,0.21875,0.25,0.57731959,0.19587629,0.22680412,0.21130221,296,518,814,"sa3007053"
"Chris Proctor","DET","AA",24,64,0.25,0.555555555,0.151515151,0.303030303,0.545454545,0.055555555,0.055555555,0.3030303,0.36363636,0.33333333,0.22368421,65,163,228,"sa3007062"
"Greg Cullen","BAL","AA",24,83,0.3,1.23076923,0.309523809,0.38095238,0.309523809,0.153846153,0.153846153,0.4047619,0.28571429,0.30952381,0.06284153,157,209,366,"sa3007069"
"Brhet Bewley","KCR","AA",24,225,0.278911564,1.361702127,0.229166666,0.444444444,0.326388888,0.127659574,0.127659574,0.40909091,0.29220779,0.2987013,0.125,307,525,832,"sa3007289"
"Brian Rey","CIN","AA",23,283,0.304123711,1.283582089,0.181818181,0.459893048,0.35828877,0.164179104,0.044776119,0.50753769,0.22613065,0.26633166,0.12048193,363,633,996,"sa3007307"
"Jonah Davis","PIT","AA",23,221,0.367816091,1,0.14893617,0.425531914,0.425531914,0.15,0.2,0.55789474,0.21052632,0.23157895,0.20865705,319,582,901,"sa3007501"
"Matt Kroon","PHI","AA",24,181,0.385964912,1.96875,0.201680672,0.529411764,0.268907563,0.15625,0.15625,0.42016807,0.22689076,0.35294118,0.11473088,234,472,706,"sa3007502"
"Ruben Cardenas","TBR","AA",23,309,0.312820512,0.843373493,0.25,0.343137254,0.406862745,0.240963855,0.180722891,0.51428571,0.25238095,0.23333333,0.17107584,384,750,1134,"sa3007505"
"Devin Foyle","OAK","AA",24,415,0.309160305,1,0.22509225,0.387453874,0.387453874,0.2,0.114285714,0.45620438,0.22262774,0.32116788,0.09063625,624,1042,1666,"sa3007515"
"Nick Matera","PHI","AA",24,83,0.227272727,0.444444444,0.204081632,0.244897959,0.551020408,0.222222222,0.185185185,0.30612245,0.36734694,0.32653061,0.11494253,143,205,348,"sa3007528"
"Patrick Dorrian","BAL","AA",25,473,0.312757201,1.15,0.179389312,0.438931297,0.381679389,0.18,0.22,0.37358491,0.25283019,0.37358491,0.14471708,803,1194,1997,"sa3007629"
"Max Burt","NYY","AA",24,178,0.293103448,1.377777777,0.093220338,0.525423728,0.381355932,0.288888888,0.111111111,0.5785124,0.2231405,0.19834711,0.13242009,218,439,657,"sa3007631"
"D.J. Artis","CHC","AA",24,92,0.204081632,0.74074074,0.096153846,0.384615384,0.519230769,0.259259259,0.111111111,0.47169811,0.20754717,0.32075472,0.11227154,146,237,383,"sa3007632"
"Brendt Citta","PIT","AA",24,173,0.368852459,1.47368421,0.235772357,0.455284552,0.308943089,0.236842105,0.052631578,0.41935484,0.18548387,0.39516129,0.11609907,236,410,646,"sa3007633"
"Jon Rosoff","DET","AA",26,151,0.27184466,1.4,0.176470588,0.480392156,0.343137254,0.114285714,0,0.40776699,0.21359223,0.37864078,0.0993266,216,378,594,"sa3007635"
"Scott Schreiber","HOU","AA",25,154,0.294117647,0.863636363,0.233644859,0.355140186,0.411214953,0.136363636,0.159090909,0.31192661,0.31192661,0.37614679,0.13573883,205,377,582,"sa3007637"
"Clayton Daniel","LAD","AA",26,156,0.274336283,1.838709677,0.221238938,0.504424778,0.274336283,0.258064516,0.064516129,0.49137931,0.14655172,0.36206897,0.06027821,248,399,647,"sa3007646"
"Kyle Mottice","SFG","AA",25,128,0.307692307,3.733333333,0.211111111,0.622222222,0.166666666,0.333333333,0,0.36170213,0.18085106,0.45744681,0.06910569,192,300,492,"sa3007655"
"Nick Meyer","NYM","AA",24,209,0.289855072,1.395833333,0.17266187,0.482014388,0.345323741,0.229166666,0.0625,0.42361111,0.20833333,0.36805556,0.12448133,270,453,723,"sa3007826"
"Cody Roberts","BAL","AA",25,63,0.322580645,1.3,0.28125,0.40625,0.3125,0,0.2,0.47058824,0.14705882,0.38235294,0.12915129,111,160,271,"sa3007869"
"Brennen Davis","CHC","AA",21,316,0.343949044,0.882352941,0.233532934,0.359281437,0.407185628,0.205882352,0.19117647,0.44705882,0.27647059,0.27647059,0.15415335,473,779,1252,"sa3007876"
"Alex McKenna","HOU","AA",23,153,0.333333333,1.478260869,0.259740259,0.441558441,0.298701298,0.347826086,0.086956521,0.37662338,0.2987013,0.32467532,0.13070866,242,393,635,"sa3008003"
"Josh Breaux","NYY","AA",23,106,0.260869565,1.52173913,0.216216216,0.472972972,0.31081081,0.217391304,0.260869565,0.52,0.21333333,0.26666667,0.16180371,129,248,377,"sa3008051"
"Madison Stokes","PHI","AA",25,380,0.308695652,0.936842105,0.217021276,0.378723404,0.404255319,0.315789473,0.115789473,0.50622407,0.2033195,0.29045643,0.14678899,526,891,1417,"sa3008076"
"Tristan Pompey","MIA","AA",24,113,0.327272727,3.777777777,0.203703703,0.629629629,0.166666666,0.111111111,0.111111111,0.55357143,0.14285714,0.30357143,0.16632444,183,304,487,"sa3008077"
"Malcom Nunez","STL","AA",20,224,0.302631578,1.617021276,0.201298701,0.493506493,0.305194805,0.191489361,0.127659574,0.4556962,0.2278481,0.3164557,0.11860718,341,578,919,"sa3008113"
"Cadyn Grenier","BAL","AA",24,445,0.324786324,0.978947368,0.206751054,0.392405063,0.400843881,0.231578947,0.094736842,0.39754098,0.30327869,0.29918033,0.12978723,713,1167,1880,"sa3008140"
"Matt Pita","NYY","AA",24,114,0.314285714,0.777777777,0.294117647,0.308823529,0.397058823,0.259259259,0.037037037,0.5,0.21428571,0.28571429,0.09601874,149,278,427,"sa3008146"
"Korry Howell","MIL","AA",22,111,0.38,0.95,0.264150943,0.358490566,0.37735849,0.15,0.2,0.45454545,0.2,0.34545455,0.19908467,148,289,437,"sa3008238"
"Jax Biggers","TEX","AA",24,327,0.258474576,1.231707317,0.224576271,0.427966101,0.347457627,0.304878048,0.048780487,0.45491803,0.19262295,0.35245902,0.08320251,448,826,1274,"sa3008251"
"Andy Weber","CHC","AA",23,149,0.35,0.969696969,0.166666666,0.41025641,0.423076923,0.242424242,0,0.375,0.3375,0.2875,0.17166667,212,388,600,"sa3008282"
"JJ Schwarz","OAK","AA",25,292,0.305555555,1.433333333,0.202185792,0.469945355,0.327868852,0.183333333,0.1,0.39459459,0.27027027,0.33513514,0.10236887,457,725,1182,"sa3008391"
"Victor Mesa","MIA","AA",24,91,0.120689655,1.318181818,0.055555555,0.537037037,0.407407407,0.136363636,0,0.65517241,0.18965517,0.15517241,0.1369863,144,221,365,"sa3008602"
"J.D. Orr","MIA","AA",24,77,0.446428571,3.2,0.25,0.571428571,0.178571428,0.3,0,0.16071429,0.41071429,0.42857143,0.09505703,87,176,263,"sa3009875"
"Patrick Frick","SEA","AA",24,156,0.284403669,1.766666666,0.224299065,0.495327102,0.280373831,0.1,0.066666666,0.48181818,0.19090909,0.32727273,0.07849829,226,360,586,"sa3009891"
"Kody Hoese","LAD","AA",23,249,0.234285714,1.258620689,0.233918128,0.426900584,0.339181286,0.258620689,0.034482758,0.43502825,0.24293785,0.3220339,0.1144385,300,635,935,"sa3010021"
"Matthew Barefoot","HOU","AA",23,146,0.240963855,0.815789473,0.197674418,0.360465116,0.441860465,0.315789473,0.105263157,0.55172414,0.18390805,0.26436782,0.13597246,188,393,581,"sa3010145"
"Chris Givin","SDP","AA",24,92,0.222222222,1.555555555,0.132075471,0.528301886,0.339622641,0.222222222,0.055555555,0.48214286,0.16071429,0.35714286,0.09090909,156,207,363,"sa3010161"
"Jimmy Govern","KCR","AA",24,163,0.235849056,0.596491228,0.165137614,0.311926605,0.522935779,0.245614035,0.105263157,0.54385965,0.27192982,0.18421053,0.15097691,179,384,563,"sa3010166"
"Ike Freeman","CLE","AA",23,140,0.282051282,0.78125,0.229729729,0.337837837,0.432432432,0.25,0.03125,0.47560976,0.15853659,0.36585366,0.14071295,185,348,533,"sa3010167"
"Ethan Skender","SDP","AA",24,92,0.354838709,1.8,0.322580645,0.43548387,0.241935483,0.2,0.066666666,0.515625,0.203125,0.28125,0.11299435,114,240,354,"sa3010268"
"Jake Hoover","TEX","AA",23,51,0.137931034,1.5,0.137931034,0.517241379,0.344827586,0.2,0,0.37931034,0.27586207,0.34482759,0.1902439,70,135,205,"sa3010280"
"Jackson Cluff","WSN","AA",24,144,0.252873563,1.057142857,0.172413793,0.425287356,0.40229885,0.257142857,0.057142857,0.35555556,0.32222222,0.32222222,0.12271062,174,372,546,"sa3010342"
"Grayson Byrd","CHC","AA",25,208,0.32,1.5,0.193548387,0.483870967,0.322580645,0.225,0.025,0.34920635,0.21428571,0.43650794,0.14067995,302,551,853,"sa3010387"
"Nelson Maldonado","CHC","AA",24,272,0.357894736,1.166666666,0.191709844,0.43523316,0.373056994,0.25,0.083333333,0.39285714,0.25510204,0.35204082,0.08988764,352,627,979,"sa3010389"
"Darius Hill","CHC","AA",23,274,0.323232323,1.144736842,0.189054726,0.43283582,0.378109452,0.315789473,0.065789473,0.41666667,0.20098039,0.38235294,0.08775313,345,692,1037,"sa3010395"
"McCarthy Tatum","PHI","AA",25,218,0.24347826,1.088888888,0.20338983,0.415254237,0.381355932,0.4,0.155555555,0.43442623,0.27868852,0.28688525,0.17732207,255,574,829,"sa3010582"
"Lorenzo Hampton","MIA","AA",23,63,0.233333333,0.857142857,0.161290322,0.387096774,0.451612903,0.214285714,0.071428571,0.5483871,0.19354839,0.25806452,0.13636364,113,173,286,"sa3010678"
"Chris Cornelius","PHI","AA",23,95,0.283582089,2.058823529,0.2,0.538461538,0.261538461,0.235294117,0.058823529,0.43478261,0.2173913,0.34782609,0.15133531,110,227,337,"sa3010686"
"Andrew Navigato","DET","AA",23,111,0.323076923,0.696969696,0.176470588,0.338235294,0.485294117,0.181818181,0.09090909,0.38235294,0.35294118,0.26470588,0.13103448,139,296,435,"sa3010703"
"Nick Conti","NYM","AA",24,56,0.366666666,0.857142857,0.133333333,0.4,0.466666666,0.071428571,0.071428571,0.35483871,0.29032258,0.35483871,0.09056604,102,163,265,"sa3010844"
"Chase Strumpf","CHC","AA",23,254,0.267605633,0.705882352,0.194444444,0.333333333,0.472222222,0.205882352,0.102941176,0.53020134,0.22818792,0.24161074,0.10819009,401,588,989,"sa3010845"
"Chad Bell","NYY","AA",24,117,0.229508196,1.391304347,0.166666666,0.484848484,0.348484848,0.217391304,0.217391304,0.43939394,0.3030303,0.25757576,0.14663951,182,309,491,"sa3010888"
"Shayne Fontana","BAL","AA",24,67,0.153846153,0.947368421,0.097560975,0.43902439,0.463414634,0.315789473,0.157894736,0.4047619,0.21428571,0.38095238,0.11153846,98,162,260,"sa3010897"
"Aaron Antonini","STL","AA",22,131,0.242424242,0.757575757,0.171428571,0.357142857,0.471428571,0.272727272,0.121212121,0.4,0.27142857,0.32857143,0.12641509,212,318,530,"sa3010906"
"Drew Mendoza","WSN","AA",23,124,0.224137931,1.166666666,0.161290322,0.451612903,0.387096774,0.333333333,0.166666666,0.51612903,0.12903226,0.35483871,0.17706237,189,308,497,"sa3011256"
"Zach Watson","BAL","AA",24,197,0.286956521,0.862745098,0.227642276,0.357723577,0.414634146,0.235294117,0.235294117,0.5546875,0.2109375,0.234375,0.18039216,247,518,765,"sa3011258"
"Bryan Arias","HOU","AA",24,58,0.259259259,1.333333333,0.25,0.428571428,0.321428571,0.222222222,0.222222222,0.3,0.2,0.5,0.12033195,100,141,241,"sa3011265"
"Thomas Dillard","MIL","AA",23,110,0.388888888,1.764705882,0.160714285,0.535714285,0.303571428,0.294117647,0.117647058,0.53571429,0.19642857,0.26785714,0.1754386,193,263,456,"sa3011308"
"Cole MacLaren","DET","AA",24,52,0.333333333,2.5,0.125,0.625,0.25,0.5,0,0.33333333,0.16666667,0.5,0.05652174,109,121,230,"sa3011402"
"Andrew Daschbach","BAL","AA",23,122,0.274509803,0.642857142,0.206896551,0.310344827,0.48275862,0.178571428,0.285714285,0.33898305,0.28813559,0.37288136,0.17460317,197,307,504,"sa3011414"
"Cam Cannon","BOS","AA",23,99,0.246575342,0.742857142,0.152777777,0.361111111,0.486111111,0.285714285,0.085714285,0.53947368,0.17105263,0.28947368,0.15472779,112,237,349,"sa3011467"
"Yolbert Sanchez","CHW","AA",24,155,0.365853658,1.666666666,0.213114754,0.491803278,0.295081967,0.083333333,0.111111111,0.43181818,0.27272727,0.29545455,0.08350731,138,341,479,"sa3011471"
"Daniel Cabrera","DET","AA",22,71,0.170212765,1.047619047,0.104166666,0.458333333,0.4375,0.238095238,0.19047619,0.31372549,0.25490196,0.43137255,0.09665428,93,176,269,"sa3014452"
"Kaden Polcovich","SEA","AA",22,149,0.172413793,1,0.172413793,0.413793103,0.413793103,0.361111111,0.055555555,0.48863636,0.21590909,0.29545455,0.11681416,212,353,565,"sa3014496"
"Norel Gonzalez","HOU","AA",27,263,0.317647058,1.978723404,0.222222222,0.516666666,0.261111111,0.106382978,0.255319148,0.45355191,0.21311475,0.33333333,0.10271318,407,625,1032,"sa3014819"
"Jake Suddleson","OAK","AA",23,273,0.298850574,1.174603174,0.212643678,0.425287356,0.362068965,0.174603174,0.111111111,0.45303867,0.28176796,0.26519337,0.12588117,360,633,993,"sa3014828"
"Matt Koperniak","STL","AA",23,144,0.3,2.107142857,0.216216216,0.531531531,0.252252252,0.428571428,0.107142857,0.51327434,0.21238938,0.27433628,0.10720562,191,378,569,"sa3014834"
"Brady Lindsly","WSN","AA",23,69,0.340425531,1.714285714,0.155555555,0.533333333,0.311111111,0.285714285,0,0.34042553,0.29787234,0.36170213,0.10810811,92,167,259,"sa3014942"
"Nick Raposo","STL","AA",23,137,0.337078651,2.047619047,0.280898876,0.483146067,0.235955056,0.238095238,0.047619047,0.41758242,0.21978022,0.36263736,0.07433628,202,363,565,"sa3015018"
"Aaron Palensky","NYY","AA",22,137,0.309859154,0.969696969,0.109589041,0.438356164,0.452054794,0.272727272,0.06060606,0.53424658,0.19178082,0.2739726,0.11657559,220,329,549,"sa3015077"
"Yoelqui Cespedes","CHW","AA",23,100,0.409090909,2.235294117,0.153846153,0.584615384,0.261538461,0.294117647,0.058823529,0.49253731,0.20895522,0.29850746,0.18152866,100,214,314,"sa3015137"
"Peter Mooney","MIN","AA",30,143,0.197916666,0.84090909,0.164948453,0.381443298,0.453608247,0.363636363,0.045454545,0.37755102,0.23469388,0.3877551,0.08302583,210,332,542,"sa503239"
"Ali Castillo","WSN","AA",32,60,0.22,1.411764705,0.163265306,0.489795918,0.346938775,0.352941176,0,0.22,0.18,0.6,0.05164319,82,131,213,"sa507143"
"Rodrigo Vigil","TOR","AA",28,52,0.351351351,2.09090909,0.081081081,0.621621621,0.297297297,0.181818181,0,0.54054054,0.18918919,0.27027027,0.18435754,49,130,179,"sa547818"
"Mikey Reynolds","ARI","AA",30,158,0.244444444,0.87804878,0.180851063,0.382978723,0.436170212,0.268292682,0.121951219,0.50526316,0.23157895,0.26315789,0.13987138,204,418,622,"sa579292"
"Wilson Garcia","CIN","AA",27,428,0.316129032,1.140495867,0.200617283,0.425925925,0.37345679,0.198347107,0.14876033,0.5304878,0.16463415,0.30487805,0.15576102,398,1008,1406,"sa596287"
"Jecksson Flores","WSN","AA",27,72,0.259259259,1.3,0.132075471,0.490566037,0.37735849,0.35,0,0.53703704,0.27777778,0.18518519,0.05109489,102,172,274,"sa597007"
"David Masters","SEA","AA",28,125,0.287878787,0.758620689,0.28169014,0.309859154,0.408450704,0.137931034,0.206896551,0.42465753,0.26027397,0.31506849,0.16326531,186,304,490,"sa602586"
"Osvaldo Abreu","ARI","AA",27,101,0.283018867,7.8,0.185185185,0.722222222,0.092592592,0.4,0.2,0.43636364,0.29090909,0.27272727,0.16546763,152,265,417,"sa657398"
"Malquin Canelo","BAL","AA",26,109,0.292307692,1.269230769,0.119402985,0.492537313,0.388059701,0.153846153,0.153846153,0.47826087,0.24637681,0.27536232,0.15839243,139,284,423,"sa657479"
"Santiago Chavez","MIA","AA",25,75,0.195652173,1.352941176,0.130434782,0.5,0.369565217,0.470588235,0,0.51020408,0.14285714,0.34693878,0.11660777,100,183,283,"sa657706"
"Mitch Nay","LAA","AA",27,430,0.275862068,0.882352941,0.219512195,0.365853658,0.414634146,0.31372549,0.225490196,0.47637795,0.23622047,0.28740157,0.13575419,695,1095,1790,"sa657873"
"Joe DeCarlo","CHW","AA",27,133,0.253012048,1.653846153,0.178571428,0.511904761,0.309523809,0.192307692,0.115384615,0.56976744,0.1744186,0.25581395,0.13407821,207,330,537,"sa657935"
"BJ Boyd","MIN","AA",27,287,0.341708542,2.215686274,0.226415094,0.533018867,0.240566037,0.137254901,0.294117647,0.37850467,0.27102804,0.35046729,0.10526316,404,698,1102,"sa657987"
"Connor Lien","SEA","AA",27,178,0.288135593,0.516129032,0.216666666,0.266666666,0.516666666,0.451612903,0.161290322,0.515625,0.1875,0.296875,0.22930801,283,454,737,"sa658195"
"Tate Matheny","BOS","AA",27,67,0.342857142,1.266666666,0.105263157,0.5,0.394736842,0.066666666,0.333333333,0.375,0.25,0.375,0.19047619,91,161,252,"sa658567"
"Jameson Fisher","CHW","AA",27,368,0.35042735,1.513888888,0.258196721,0.446721311,0.295081967,0.125,0.166666666,0.43902439,0.2804878,0.2804878,0.1400722,530,855,1385,"sa658576"
"Rhett Wiseman","WSN","AA",27,315,0.313609467,1.138461538,0.214689265,0.418079096,0.367231638,0.261538461,0.138461538,0.50819672,0.24590164,0.24590164,0.19296741,400,766,1166,"sa658608"
"Vance Vizcaino","CHC","AA",26,54,0.171428571,1.333333333,0.078947368,0.526315789,0.394736842,0.2,0.2,0.42105263,0.21052632,0.36842105,0.11881188,85,117,202,"sa658828"
"Nick Lovullo","MIA","AA",27,59,0.384615384,0.94117647,0.175,0.4,0.425,0.411764705,0.058823529,0.675,0.125,0.2,0.12288136,79,157,236,"sa659264"
"Galli Cribbs Jr.","MIA","AA",28,169,0.30927835,0.894736842,0.257731958,0.350515463,0.391752577,0.184210526,0.026315789,0.41176471,0.29411765,0.29411765,0.20294599,196,415,611,"sa708444"
"David Rodriguez","NYM","AA",25,112,0.285714285,1.076923076,0.19402985,0.417910447,0.388059701,0.076923076,0.153846153,0.28358209,0.29850746,0.41791045,0.10457516,182,277,459,"sa735825"
"Grenny Cumana","PHI","AA",25,162,0.279069767,1.295454545,0.217054263,0.441860465,0.341085271,0.454545454,0.045454545,0.5648855,0.19847328,0.23664122,0.06091371,211,380,591,"sa735846"
"Ray-Patrick Didder","LAA","AA",26,378,0.304526748,1.294117647,0.170212765,0.468085106,0.361702127,0.164705882,0.058823529,0.45967742,0.23387097,0.30645161,0.11784741,590,878,1468,"sa736824"
"Michael De La Cruz","ARI","AA",28,59,0.40625,2.375,0.205882352,0.558823529,0.235294117,0.125,0.25,0.32352941,0.26470588,0.41176471,0.13360324,101,146,247,"sa736830"
"Aldrem Corredor","WSN","AA",25,360,0.312236286,1.228915662,0.23553719,0.421487603,0.342975206,0.168674698,0.108433734,0.3562753,0.21862348,0.42510121,0.09913793,502,890,1392,"sa736852"
"Jhon Nunez","MIA","AA",26,57,0.228571428,1.333333333,0.243243243,0.432432432,0.324324324,0.416666666,0.166666666,0.34210526,0.28947368,0.36842105,0.14761905,65,145,210,"sa736923"
"Luis Alejandro Basabe","ARI","AA",24,314,0.323353293,0.746666666,0.247126436,0.32183908,0.431034482,0.146666666,0.133333333,0.50847458,0.25423729,0.23728814,0.13670134,517,829,1346,"sa736924"
"Michael Beltre","NYY","AA",25,453,0.315018315,1.27184466,0.167259786,0.46619217,0.366548042,0.155339805,0.155339805,0.42560554,0.22491349,0.34948097,0.10906131,729,1114,1843,"sa736945"
"Luis Castro","MIL","AA",25,262,0.305970149,0.514705882,0.264285714,0.25,0.485714285,0.323529411,0.117647058,0.51408451,0.1971831,0.28873239,0.14470284,423,738,1161,"sa736954"
"Ibandel Isabel","LAA","AA",26,247,0.272727272,1.526315789,0.20661157,0.479338842,0.314049586,0.210526315,0.342105263,0.55645161,0.2016129,0.24193548,0.22557173,344,618,962,"sa737017"
"Riley Unroe","ATL","AA",25,97,0.313432835,1.259259259,0.115942028,0.492753623,0.391304347,0.185185185,0.074074074,0.42857143,0.24285714,0.32857143,0.10909091,143,242,385,"sa737614"
"Thomas Milone","NYY","AA",26,211,0.362068965,1.047619047,0.27118644,0.372881355,0.355932203,0.119047619,0.142857142,0.40163934,0.28688525,0.31147541,0.12379808,346,486,832,"sa737640"
"Drew Ward","DET","AA",26,316,0.316455696,1.421052631,0.197674418,0.470930232,0.331395348,0.140350877,0.280701754,0.4137931,0.29885057,0.28735632,0.16240725,480,733,1213,"sa737690"
"Xavier Fernandez","CHW","AA",25,221,0.317241379,0.969230769,0.168831168,0.409090909,0.422077922,0.276923076,0.138461538,0.42857143,0.2987013,0.27272727,0.10247748,321,567,888,"sa737922"
"Edwin Diaz","OAK","AA",25,160,0.345679012,0.536585365,0.25,0.261904761,0.488095238,0.365853658,0.170731707,0.48314607,0.24719101,0.26966292,0.14,265,435,700,"sa738152"
"Stephen Wrenn","SEA","AA",26,354,0.345177664,0.804597701,0.218905472,0.348258706,0.43283582,0.183908045,0.08045977,0.38349515,0.23300971,0.38349515,0.1379547,520,937,1457,"sa738419"
"Luis Aviles Jr.","LAA","AA",26,293,0.260869565,0.823529411,0.196891191,0.3626943,0.440414507,0.258823529,0.176470588,0.47738693,0.24120603,0.28140704,0.16775396,348,725,1073,"sa738445"
"Torii Hunter Jr.","LAA","AA",26,330,0.353932584,0.813333333,0.235955056,0.342696629,0.421348314,0.2,0.093333333,0.39247312,0.31182796,0.29569892,0.18392581,454,840,1294,"sa738667"
"Jordan Cowan","SEA","AA",26,348,0.324324324,1.236842105,0.23076923,0.425339366,0.343891402,0.263157894,0.052631578,0.43859649,0.23245614,0.32894737,0.1180758,538,834,1372,"sa738703"
"Willie Abreu","COL","AA",26,251,0.302631578,1.87804878,0.243589743,0.493589743,0.262820512,0.243902439,0.170731707,0.43125,0.25625,0.3125,0.19956379,293,624,917,"sa738883"
"Taylor Snyder","COL","AA",26,250,0.264285714,1,0.210526315,0.394736842,0.394736842,0.233333333,0.3,0.48734177,0.25949367,0.25316456,0.15310493,350,584,934,"sa738930"
"Jacob Heyward","SFG","AA",25,246,0.25,0.625,0.1875,0.3125,0.5,0.265625,0.1875,0.45454545,0.28787879,0.25757576,0.13763234,419,620,1039,"sa738955"
"Robbie Tenerowicz","CIN","AA",26,353,0.320388349,0.875,0.236111111,0.356481481,0.407407407,0.181818181,0.159090909,0.49090909,0.22727273,0.28181818,0.13580247,487,890,1377,"sa738999"
"Dominic Miroglio","ARI","AA",26,342,0.298076923,1.439393939,0.258064516,0.437788018,0.304147465,0.212121212,0.166666666,0.52511416,0.25114155,0.22374429,0.09856115,516,874,1390,"sa739013"
"Alexander Palma","MIL","AA",25,347,0.265873015,1.028037383,0.165384615,0.423076923,0.411538461,0.271028037,0.121495327,0.53759398,0.23684211,0.22556391,0.12248322,364,828,1192,"sa739541"
"Wendell Rijo","ATL","AA",25,365,0.271111111,0.990099009,0.141025641,0.427350427,0.431623931,0.277227722,0.148514851,0.52263374,0.21399177,0.26337449,0.10209993,523,858,1381,"sa739597"
"Johan Mieses","BOS","AA",25,95,0.24074074,1.038461538,0.14516129,0.43548387,0.419354838,0.346153846,0.423076923,0.52307692,0.24615385,0.23076923,0.1226158,139,228,367,"sa747574"
"Kyle Overstreet","SDP","AA",27,423,0.301818181,1.370786516,0.221402214,0.450184501,0.328413284,0.17977528,0.04494382,0.41071429,0.23214286,0.35714286,0.11538462,654,984,1638,"sa827140"
"Chris Chinea","MIA","AA",27,153,0.301886792,1.25,0.174311926,0.458715596,0.366972477,0.125,0.1,0.35454545,0.3,0.34545455,0.1221374,188,336,524,"sa827344"
"Melvin Novoa","TEX","AA",25,99,0.411764705,0.428571428,0.272727272,0.218181818,0.509090909,0.285714285,0.178571428,0.44642857,0.28571429,0.26785714,0.13986014,153,276,429,"sa827953"
"Luis Carpio","NYM","AA",23,341,0.328571428,0.721649484,0.208530805,0.331753554,0.459715639,0.226804123,0.072164948,0.50691244,0.22119816,0.2718894,0.10796724,516,827,1343,"sa827960"
"Osvaldo Duarte","WSN","AA",25,240,0.303030303,1.177777777,0.234375,0.4140625,0.3515625,0.155555555,0.022222222,0.36296296,0.2962963,0.34074074,0.18273543,299,593,892,"sa828299"
"Roldani Baldwin","BOS","AA",25,168,0.376470588,0.604166666,0.125,0.329545454,0.545454545,0.145833333,0.083333333,0.50561798,0.31460674,0.17977528,0.22121212,226,434,660,"sa828313"
"Jhonny Santos","OAK","AA",24,358,0.287610619,0.825242718,0.20338983,0.360169491,0.436440677,0.378640776,0.126213592,0.55,0.2625,0.1875,0.1091954,524,868,1392,"sa828314"
"Manuel Melendez","COL","AA",24,295,0.239795918,1.064935064,0.192893401,0.416243654,0.390862944,0.233766233,0.077922077,0.54187192,0.21182266,0.24630542,0.11882998,376,718,1094,"sa828329"
"Jose Gomez","COL","AA",24,233,0.331168831,1.384615384,0.189542483,0.470588235,0.339869281,0.346153846,0.057692307,0.47133758,0.22292994,0.30573248,0.15943728,265,588,853,"sa828331"
"Andy Sugilio","SFG","AA",24,167,0.333333333,2.25,0.18018018,0.567567567,0.252252252,0.285714285,0.035714285,0.47368421,0.21929825,0.30701754,0.17532468,188,428,616,"sa828414"
"Hendrik Clementina","ATL","AA",24,154,0.244186046,0.947368421,0.204301075,0.387096774,0.40860215,0.236842105,0.210526315,0.45744681,0.24468085,0.29787234,0.18416523,208,373,581,"sa828422"
"Ti'Quan Forbes","CHW","AA",24,160,0.408163265,2.076923076,0.2,0.54,0.26,0.153846153,0.153846153,0.51456311,0.19417476,0.29126214,0.16830065,214,398,612,"sa828696"
"Josh Morgan","SEA","AA",25,275,0.284023668,0.985714285,0.201149425,0.396551724,0.40229885,0.271428571,0.128571428,0.50837989,0.25139665,0.24022346,0.09171861,467,656,1123,"sa828797"
"D.J. Burt","MIN","AA",25,247,0.391025641,1.355555555,0.316129032,0.393548387,0.29032258,0.2,0.066666666,0.35220126,0.24528302,0.40251572,0.11006289,366,588,954,"sa828876"
"Max George","COL","AA",25,245,0.284313725,0.811320754,0.119266055,0.394495412,0.486238532,0.283018867,0.16981132,0.59459459,0.26126126,0.14414414,0.15353535,403,587,990,"sa829010"
"Roy Morales","MIN","AA",26,375,0.351916376,1.703703703,0.228873239,0.485915492,0.285211267,0.074074074,0.012345679,0.34375,0.26388889,0.39236111,0.08094556,498,898,1396,"sa829030"
"Jeremy Rivera","BOS","AA",26,93,0.214285714,2.571428571,0.074074074,0.666666666,0.259259259,0.214285714,0,0.26785714,0.21428571,0.51785714,0.09711286,140,241,381,"sa829240"
"Drew Lugbauer","ATL","AA",24,350,0.322368421,0.604651162,0.178571428,0.309523809,0.511904761,0.15116279,0.209302325,0.49411765,0.24705882,0.25882353,0.18832523,561,878,1439,"sa829268"
"Isiah Gilliam","NYY","AA",24,383,0.321951219,1.171052631,0.225352112,0.417840375,0.356807511,0.118421052,0.144736842,0.49074074,0.22685185,0.28240741,0.15591398,571,917,1488,"sa829343"
"Jordan Procyshen","TEX","AA",28,161,0.24137931,0.87804878,0.144444444,0.4,0.455555555,0.219512195,0.121951219,0.52688172,0.23655914,0.23655914,0.15186246,265,433,698,"sa829345"
"Rudy Martin","KCR","AA",25,165,0.418604651,1.333333333,0.153846153,0.483516483,0.362637362,0.09090909,0.151515151,0.44329897,0.25773196,0.29896907,0.09985097,292,379,671,"sa829374"
"K.J. Harrison","WSN","AA",24,333,0.313829787,0.673913043,0.226130653,0.311557788,0.462311557,0.369565217,0.152173913,0.49753695,0.21182266,0.29064039,0.15435746,481,873,1354,"sa829382"
"Will Toffey","NYM","AA",26,123,0.244897959,0.8,0.166666666,0.37037037,0.462962962,0.2,0.24,0.69090909,0.14545455,0.16363636,0.16730038,208,318,526,"sa829401"
"Dom Thompson-Williams","SEA","AA",26,212,0.260869565,0.849056603,0.176470588,0.37815126,0.445378151,0.264150943,0.094339622,0.41666667,0.25,0.33333333,0.18668252,303,538,841,"sa829483"
"Jeren Kendall","LAD","AA",25,231,0.323232323,0.589285714,0.175925925,0.305555555,0.518518518,0.25,0.178571428,0.51818182,0.17272727,0.30909091,0.16666667,333,591,924,"sa829529"
"Mike Rivera","CLE","AA",25,101,0.180327868,0.814814814,0.169491525,0.372881355,0.457627118,0.37037037,0.111111111,0.453125,0.234375,0.3125,0.11027569,159,240,399,"sa829667"
"Chris Hudgins","BAL","AA",25,232,0.286956521,1.139534883,0.220338983,0.415254237,0.364406779,0.279069767,0.186046511,0.4516129,0.24193548,0.30645161,0.17672414,323,605,928,"sa829684"
"Bubba Hollins","MIA","AA",25,70,0.217391304,1.25,0.217391304,0.434782608,0.347826086,0.25,0.0625,0.59574468,0.23404255,0.17021277,0.1316726,100,181,281,"sa829697"
"Tim Susnara","CHC","AA",25,130,0.375,0.724137931,0.242424242,0.318181818,0.439393939,0.206896551,0.103448275,0.35820896,0.28358209,0.35820896,0.16945996,213,324,537,"sa829699"
"Quinn Brodey","NYM","AA",25,159,0.290697674,1.066666666,0.234567901,0.395061728,0.37037037,0.2,0,0.3908046,0.29885057,0.31034483,0.14,212,438,650,"sa829783"
"Andrew Bechtold","MIN","AA",25,400,0.323529411,1.074074074,0.232876712,0.397260273,0.369863013,0.135802469,0.222222222,0.39461883,0.30044843,0.30493274,0.13667712,621,974,1595,"sa829787"
"Travis Jones","KCR","AA",25,146,0.303797468,1.185185185,0.243589743,0.41025641,0.346153846,0.148148148,0.111111111,0.43373494,0.25301205,0.31325301,0.10703364,279,375,654,"sa829805"
"Scott Manea","HOU","AA",25,252,0.342281879,1.644444444,0.227272727,0.48051948,0.292207792,0.288888888,0.2,0.52173913,0.19875776,0.27950311,0.09760766,446,599,1045,"sa829837"
"Riley Mahan","MIA","AA",25,304,0.299401197,1.14516129,0.213017751,0.420118343,0.366863905,0.129032258,0.096774193,0.41618497,0.23699422,0.34682081,0.20987654,390,744,1134,"sa829844"
"Carlos Herrera","LAA","AA",24,60,0.214285714,1.3125,0.159090909,0.477272727,0.363636363,0.3125,0.125,0.43181818,0.29545455,0.27272727,0.13023256,72,143,215,"sa830140"
"Micker Adolfo","CHW","AA",24,242,0.327731092,1.116279069,0.3,0.369230769,0.33076923,0.162790697,0.348837209,0.40740741,0.27407407,0.31851852,0.19612069,321,607,928,"sa830303"
"Ryan Howard","SFG","AA",26,63,0.303030303,1.333333333,0.363636363,0.363636363,0.272727272,0.222222222,0.222222222,0.54285714,0.14285714,0.31428571,0.17351598,73,146,219,"sa857225"
"Errol Robinson","CIN","AA",26,104,0.345454545,1.25,0.181818181,0.454545454,0.363636363,0.15,0,0.30909091,0.27272727,0.41818182,0.11694511,157,262,419,"sa857819"
"Arden Pabst","PIT","AA",26,214,0.259842519,0.423076923,0.159090909,0.25,0.59090909,0.192307692,0.089743589,0.4,0.3037037,0.2962963,0.13990826,273,599,872,"sa858812"
"Mitchell Tolman","SFG","AA",27,99,0.322580645,0.793103448,0.174603174,0.365079365,0.46031746,0.137931034,0.034482758,0.3968254,0.23809524,0.36507937,0.11405836,148,229,377,"sa858829"
"Wilbis Santiago","MIN","AA",25,57,0.229166666,4,0.166666666,0.666666666,0.166666666,0.125,0.125,0.34693878,0.28571429,0.36734694,0.09195402,60,114,174,"sa862819"
"Kevin Vicuna","TOR","AA",23,310,0.315789473,0.988095238,0.200956937,0.397129186,0.401913875,0.142857142,0.023809523,0.43867925,0.22169811,0.33962264,0.14893617,342,692,1034,"sa872466"
"Yoel Romero","NYM","AA",23,257,0.348387096,1.218181818,0.217948717,0.429487179,0.352564102,0.236363636,0.072727272,0.47530864,0.25925926,0.2654321,0.16511868,328,641,969,"sa872524"
"Romer Cuadrado","LAD","AA",23,309,0.346405228,2.636363636,0.254658385,0.54037267,0.204968944,0.121212121,0.303030303,0.4601227,0.2392638,0.3006135,0.1722561,505,807,1312,"sa872527"
"Leobaldo Cabrera","MIN","AA",23,198,0.305263157,0.951219512,0.23076923,0.375,0.394230769,0.170731707,0.268292682,0.4953271,0.27102804,0.23364486,0.17407878,302,485,787,"sa872551"
"Jason Lopez","NYY","AA",23,188,0.277227722,0.886363636,0.178217821,0.386138613,0.435643564,0.272727272,0.09090909,0.58490566,0.21698113,0.19811321,0.11057692,343,489,832,"sa872552"
"Edgardo Fermin","NYM","AA",23,61,0.297297297,0.65,0.131578947,0.342105263,0.526315789,0.3,0.05,0.34210526,0.18421053,0.47368421,0.15517241,71,161,232,"sa872571"
"Edwin Figuera","CHC","AA",23,57,0.357142857,2.4,0.170731707,0.585365853,0.243902439,0,0,0.33333333,0.30952381,0.35714286,0.11881188,56,146,202,"sa872730"
"Daniel Brito","PHI","AA",23,275,0.343589743,1.5,0.170854271,0.497487437,0.331658291,0.166666666,0.09090909,0.4137931,0.21674877,0.36945813,0.12511848,350,705,1055,"sa872732"
"Andres Angulo","SFG","AA",23,186,0.275229357,1.125,0.212962962,0.416666666,0.37037037,0.225,0.1,0.38938053,0.2920354,0.31858407,0.15885023,218,443,661,"sa872806"
"Yorman Rodriguez","SDP","AA",23,53,0.268292682,1,0.095238095,0.452380952,0.452380952,0,0.052631578,0.30952381,0.30952381,0.38095238,0.11229947,70,117,187,"sa872817"
"Javier Guevara","COL","AA",23,60,0.238095238,0.583333333,0.208333333,0.291666666,0.5,0.083333333,0.25,0.58333333,0.125,0.29166667,0.16015625,104,152,256,"sa872828"
"Lorenzo Cedrola","CIN","AA",23,437,0.344729344,1.622641509,0.203438395,0.492836676,0.303724928,0.283018867,0.08490566,0.40720222,0.23822715,0.35457064,0.09934211,464,1056,1520,"sa872850"
"Imeldo Diaz","STL","AA",23,60,0.326086956,2.083333333,0.177777777,0.555555555,0.266666666,0.333333333,0,0.36956522,0.19565217,0.43478261,0.14705882,60,144,204,"sa872851"
"Tyler Ramirez","OAK","AA",26,98,0.323076923,1.833333333,0.203125,0.515625,0.28125,0.111111111,0,0.32307692,0.2,0.47692308,0.09158416,165,239,404,"sa873260"
"Leandro Cedeno","STL","AA",22,81,0.27118644,1.09090909,0.233333333,0.4,0.366666666,0.181818181,0.136363636,0.46774194,0.17741935,0.35483871,0.1533101,95,192,287,"sa873307"
"Stevie Berman","MIN","AA",26,160,0.203703703,1.315789473,0.185185185,0.462962962,0.351851851,0.157894736,0.052631578,0.33333333,0.20720721,0.45945946,0.05384615,269,381,650,"sa873599"
"Todd Czinege","COL","AA",26,137,0.296875,1.208333333,0.208955223,0.43283582,0.358208955,0.25,0.166666666,0.39705882,0.29411765,0.30882353,0.22735675,188,353,541,"sa873611"
"Connor Justus","MIA","AA",26,156,0.277777777,1.09375,0.255555555,0.388888888,0.355555555,0.15625,0.0625,0.45652174,0.23913043,0.30434783,0.13964687,242,381,623,"sa873634"
"Jarett Rindfleisch","ARI","AA",25,65,0.233333333,0.6875,0.181818181,0.333333333,0.484848484,0.4375,0.1875,0.36363636,0.3030303,0.33333333,0.09929078,121,161,282,"sa873696"
"Nick Banks","WSN","AA",26,253,0.337748344,1.822222222,0.180645161,0.529032258,0.29032258,0.155555555,0.111111111,0.49044586,0.22292994,0.2866242,0.169279,347,610,957,"sa873982"
"Camden Duzenack","ARI","AA",26,83,0.28,1.111111111,0.24,0.4,0.36,0.388888888,0.055555555,0.47058824,0.23529412,0.29411765,0.13988095,114,222,336,"sa873988"
"Vince Fernandez","SFG","AA",25,293,0.304964539,0.472222222,0.307189542,0.222222222,0.470588235,0.277777777,0.194444444,0.50322581,0.21290323,0.28387097,0.16523973,441,727,1168,"sa873990"
"Casey Golden","COL","AA",26,155,0.421875,0.758620689,0.260869565,0.318840579,0.420289855,0.310344827,0.206896551,0.57142857,0.24285714,0.18571429,0.15605096,236,392,628,"sa873997"
"Mitch Longo","MIL","AA",26,293,0.353535353,0.961538461,0.25,0.367647058,0.382352941,0.205128205,0.141025641,0.39150943,0.29245283,0.31603774,0.10182517,359,682,1041,"sa874178"
"Garrett Whitley","TBR","AA",24,239,0.325203252,0.830188679,0.248062015,0.341085271,0.410852713,0.264150943,0.207547169,0.48529412,0.30147059,0.21323529,0.1421371,400,592,992,"sa874244"
"Matt Jones","LAA","AA",29,64,0.171428571,0.4,0.282051282,0.205128205,0.512820512,0.3,0.2,0.43589744,0.30769231,0.25641026,0.13427562,105,178,283,"sa874481"
"Chris Betts","TBR","AA",24,71,0.166666666,0.529411764,0.1875,0.28125,0.53125,0.352941176,0.117647058,0.5,0.1875,0.3125,0.18581081,113,183,296,"sa874791"
"Desmond Lindsay","NYM","AA",24,67,0.304347826,1,0.2,0.4,0.4,0.2,0.2,0.4,0.32,0.28,0.23484848,87,177,264,"sa874792"
"Jalen Miller","ATL","AA",24,255,0.25,0.694444444,0.202614379,0.326797385,0.470588235,0.263888888,0.125,0.49681529,0.19745223,0.30573248,0.16942149,331,637,968,"sa875016"
"Demi Orimoloye","TOR","AA",24,295,0.333333333,1.7,0.138297872,0.542553191,0.319148936,0.216666666,0.1,0.57142857,0.19047619,0.23809524,0.20503597,366,746,1112,"sa875027"
"Moises Gomez","TBR","AA",22,301,0.258503401,0.594594594,0.213333333,0.293333333,0.493333333,0.162162162,0.108108108,0.38709677,0.25806452,0.35483871,0.21428571,443,789,1232,"sa875163"
"Logan Landon","PHI","AA",28,86,0.263157894,0.821428571,0.105263157,0.403508771,0.49122807,0.25,0.035714285,0.55172414,0.18965517,0.25862069,0.11206897,122,226,348,"sa875279"
"Jaylen Ferguson","BAL","AA",23,115,0.232142857,0.74074074,0.175438596,0.350877192,0.47368421,0.111111111,0.074074074,0.39655172,0.20689655,0.39655172,0.15778689,191,297,488,"sa875317"
"Yeltsin Encarnacion","MIN","AA",23,55,0.181818181,1.8,0.096774193,0.580645161,0.322580645,0.2,0,0.33333333,0.36363636,0.3030303,0.1635514,79,135,214,"sa875336"
"Reggie Pruitt","TOR","AA",24,213,0.29,0.795454545,0.193877551,0.357142857,0.448979591,0.181818181,0.045454545,0.58252427,0.26213592,0.15533981,0.21360382,305,533,838,"sa875404"
"Brad Zunica","SDP","AA",25,62,0.310344827,0.466666666,0.24137931,0.24137931,0.517241379,0.333333333,0,0.27586207,0.31034483,0.4137931,0.16549296,114,170,284,"sa875647"
"Ian Sagdal","WSN","AA",28,124,0.291666666,0.90625,0.175675675,0.391891891,0.432432432,0.1875,0.125,0.34210526,0.21052632,0.44736842,0.11089494,180,334,514,"sa875695"
"Josh Rolette","CLE","AA",25,88,0.244897959,0.95,0.22,0.38,0.4,0.1,0.05,0.2745098,0.29411765,0.43137255,0.13972603,121,244,365,"sa875776"
"Dwanya Williams-Sutton","SDP","AA",23,149,0.268656716,0.470588235,0.275362318,0.231884057,0.492753623,0.235294117,0.117647058,0.45833333,0.29166667,0.25,0.11507293,249,368,617,"sa875819"
"Wagner Lagrange","NYM","AA",25,278,0.299492385,1.126582278,0.155778894,0.44723618,0.396984924,0.177215189,0.101265822,0.44660194,0.20873786,0.34466019,0.09448082,343,726,1069,"sa875875"
"Delvin Zinn","CHC","AA",24,97,0.205882352,1.6,0.212121212,0.484848484,0.303030303,0.35,0,0.4057971,0.26086957,0.33333333,0.11016949,122,232,354,"sa875884"
"Gabriel Garcia","MIL","AA",23,126,0.313432835,0.727272727,0.185714285,0.342857142,0.471428571,0.151515151,0.121212121,0.50704225,0.25352113,0.23943662,0.202,149,351,500,"sa875999"
"Collin Theroux","OAK","AA",27,191,0.2,1.3125,0.159090909,0.477272727,0.363636363,0.34375,0.125,0.42696629,0.19101124,0.38202247,0.15947242,312,522,834,"sa876102"
"Gilbert Lara","WSN","AA",23,230,0.310975609,1.708333333,0.221556886,0.491017964,0.287425149,0.333333333,0.083333333,0.48214286,0.21428571,0.30357143,0.17139175,235,541,776,"sa877337"
"Carlos Sepulveda","CHC","AA",24,305,0.259803921,1.257142857,0.225490196,0.431372549,0.343137254,0.214285714,0.042857142,0.48792271,0.20289855,0.30917874,0.06240126,466,800,1266,"sa877338"
"Arquimedes Gamboa","PHI","AA",23,271,0.292207792,0.824324324,0.161490683,0.378881987,0.459627329,0.243243243,0.108108108,0.45061728,0.24074074,0.30864198,0.08928571,497,679,1176,"sa877497"
"Rodolfo Duran","PHI","AA",23,119,0.2,1.09090909,0.206896551,0.413793103,0.379310344,0.242424242,0.151515151,0.51111111,0.31111111,0.17777778,0.11111111,138,285,423,"sa877500"
"Izzy Wilson","LAA","AA",23,335,0.297142857,1.352941176,0.162303664,0.481675392,0.356020942,0.264705882,0.308823529,0.52820513,0.20512821,0.26666667,0.18230769,487,813,1300,"sa877504"
"Ronaldo Hernandez","BOS","AA",23,357,0.310756972,0.852173913,0.196226415,0.36981132,0.433962264,0.252173913,0.139130434,0.53183521,0.21348315,0.25468165,0.13234078,381,828,1209,"sa881850"
"Bryan Torres","SFG","AA",23,144,0.35576923,1.085714285,0.27,0.38,0.35,0.371428571,0,0.44230769,0.25961538,0.29807692,0.11605416,158,359,517,"sa885119"
"Jeison Guzman","KCR","AA",22,136,0.304878048,2.047619047,0.2,0.5375,0.2625,0,0.095238095,0.34117647,0.32941176,0.32941176,0.1539924,190,336,526,"sa914314"
"Devin Hairston","MIA","AA",25,179,0.283018867,1.636363636,0.186915887,0.504672897,0.308411214,0.303030303,0.09090909,0.46428571,0.21428571,0.32142857,0.1281296,250,429,679,"sa915575"
"Willy Yahn","BAL","AA",25,52,0.263157894,1.25,0.289473684,0.394736842,0.315789473,0.166666666,0,0.57894737,0.23684211,0.18421053,0.12209302,49,123,172,"sa915589"
"Justin Yurchak","LAD","AA",24,134,0.442105263,1.961538461,0.206185567,0.525773195,0.268041237,0.23076923,0.076923076,0.45360825,0.22680412,0.31958763,0.09542744,185,318,503,"sa915590"
"Tyler Friis","MIL","AA",25,119,0.32183908,1.904761904,0.273809523,0.476190476,0.25,0.142857142,0,0.43181818,0.19318182,0.375,0.10278373,151,316,467,"sa915593"
"Nick Dunn","STL","AA",24,371,0.295454545,1.223404255,0.205323193,0.437262357,0.357414448,0.244680851,0.063829787,0.32841328,0.20664207,0.46494465,0.07189073,503,888,1391,"sa915613"
"Colby Fitch","PHI","AA",25,132,0.275862068,0.586206896,0.220338983,0.288135593,0.491525423,0.206896551,0.068965517,0.35,0.18333333,0.46666667,0.13285458,255,302,557,"sa915614"
"Donovan Casey","WSN","AA",25,385,0.405286343,1.52173913,0.259574468,0.44680851,0.293617021,0.115942028,0.20289855,0.47302905,0.20746888,0.31950207,0.16137745,515,966,1481,"sa915654"
"Jeremy Vasquez","NYM","AA",24,121,0.236111111,1,0.232876712,0.383561643,0.383561643,0.214285714,0.035714285,0.47945205,0.16438356,0.35616438,0.07874016,200,308,508,"sa915673"
"Matt McLaughlin","COL","AA",25,315,0.261682242,1.189873417,0.187793427,0.441314553,0.370892018,0.354430379,0.037974683,0.4266055,0.21559633,0.35779817,0.09575354,420,781,1201,"sa915706"
"Kevin Merrell","KCR","AA",25,135,0.246753246,1.44,0.227848101,0.455696202,0.316455696,0.32,0.12,0.5,0.225,0.275,0.12825651,198,301,499,"sa915707"
"Cole Freeman","WSN","AA",26,440,0.290229885,1.209677419,0.214899713,0.429799426,0.355300859,0.379032258,0.04032258,0.49859944,0.21288515,0.28851541,0.08400538,489,999,1488,"sa915838"
"Matt Whatley","TEX","AA",25,268,0.291666666,1.092592592,0.220689655,0.406896551,0.372413793,0.296296296,0.074074074,0.41333333,0.25333333,0.33333333,0.14611006,407,647,1054,"sa915868"
"Diego Rincones","SFG","AA",22,213,0.314285714,0.675675675,0.173333333,0.333333333,0.493333333,0.243243243,0.135135135,0.41333333,0.36,0.22666667,0.09541063,303,525,828,"sa916849"
"Jesus Bastidas","NYY","AA",22,110,0.322580645,1.722222222,0.268656716,0.462686567,0.268656716,0.222222222,0.277777777,0.33823529,0.29411765,0.36764706,0.11428571,171,284,455,"sa916969"
"Seuly Matias","KCR","AA",22,93,0.219512195,0.565217391,0.234042553,0.276595744,0.489361702,0.04347826,0.304347826,0.47916667,0.3125,0.20833333,0.19302949,138,235,373,"sa917039"
"Miguel Hernandez","CIN","AA",22,100,0.352941176,1.6,0.223880597,0.47761194,0.298507462,0.1,0,0.26470588,0.33823529,0.39705882,0.15680473,104,234,338,"sa917055"
"Pedro Castellanos","BOS","AA",23,369,0.321428571,0.902912621,0.231372549,0.364705882,0.403921568,0.27184466,0.126213592,0.4494382,0.2247191,0.3258427,0.1071682,501,908,1409,"sa917074"
"Moises Castillo","STL","AA",21,61,0.189189189,1.307692307,0.189189189,0.459459459,0.351351351,0.538461538,0,0.59459459,0.21621622,0.18918919,0.10931174,82,165,247,"sa917135"
"Kelvin Melean","SDP","AA",22,152,0.198198198,1.25,0.189189189,0.45045045,0.36036036,0.35,0.025,0.35964912,0.21052632,0.42982456,0.08727273,195,355,550,"sa917141"
"Eduardo Diaz","ARI","AA",23,111,0.369230769,0.787878787,0.157142857,0.371428571,0.471428571,0.393939393,0.212121212,0.45833333,0.27777778,0.26388889,0.2025,127,273,400,"sa917182"
"Carlos Rincon","NYM","AA",23,425,0.318548387,0.905660377,0.234848484,0.363636363,0.401515151,0.179245283,0.207547169,0.50553506,0.22140221,0.27306273,0.1694089,593,1048,1641,"sa917319"
"Dennicher Carrasco","KCR","AA",25,165,0.333333333,0.710526315,0.226190476,0.321428571,0.452380952,0.394736842,0.131578947,0.55172414,0.26436782,0.18390805,0.18941504,262,456,718,"sa917459"
"Julio E. Rodriguez","STL","AA",24,115,0.222222222,1.4,0.13253012,0.506024096,0.361445783,0.133333333,0.1,0.36904762,0.23809524,0.39285714,0.11358025,138,267,405,"sa917669"
"Juan Fernandez","SDP","AA",22,292,0.263157894,1.367647058,0.165803108,0.481865284,0.352331606,0.205882352,0.117647058,0.47761194,0.20895522,0.31343284,0.09491525,434,746,1180,"sa917824"
"Joe Rizzo","SEA","AA",23,430,0.313432835,0.929203539,0.207272727,0.381818181,0.41090909,0.292035398,0.10619469,0.42807018,0.25263158,0.31929825,0.14331008,574,1003,1577,"sa917934"
"Delvin Perez","STL","AA",22,423,0.34375,1.380434782,0.234265734,0.444055944,0.321678321,0.402173913,0.04347826,0.42662116,0.24573379,0.32764505,0.1484375,530,1006,1536,"sa917935"
"Hudson Potts","BOS","AA",22,307,0.284090909,0.987012987,0.159340659,0.417582417,0.423076923,0.194805194,0.142857142,0.57219251,0.20320856,0.22459893,0.16763006,416,795,1211,"sa917936"
"Andy Yerzy","ARI","AA",22,86,0.243243243,1,0.095238095,0.452380952,0.452380952,0.263157894,0.263157894,0.54761905,0.28571429,0.16666667,0.14529915,135,216,351,"sa917939"
"Alexis Torres","BAL","AA",23,75,0.3,1.375,0.116279069,0.511627906,0.372093023,0.3125,0.1875,0.44186047,0.34883721,0.20930233,0.15822785,104,212,316,"sa918010"
"Michael Cruz","LAA","AA",25,211,0.27027027,0.882352941,0.179487179,0.384615384,0.435897435,0.137254901,0.176470588,0.48333333,0.24166667,0.275,0.18405627,297,556,853,"sa918049"
"Tyler Neslony","ATL","AA",27,205,0.376068376,1.019230769,0.153225806,0.427419354,0.419354838,0.211538461,0.153846153,0.41935484,0.17741935,0.40322581,0.14159292,309,482,791,"sa918131"
"Josh Stephen","PHI","AA",23,370,0.254385964,0.841584158,0.205128205,0.363247863,0.431623931,0.198019801,0.07920792,0.46413502,0.27004219,0.26582278,0.0873515,544,887,1431,"sa918203"
"Armond Upshaw","WSN","AA",25,69,0.303030303,1.09090909,0.303030303,0.363636363,0.333333333,0.272727272,0.09090909,0.48484848,0.24242424,0.27272727,0.15463918,115,176,291,"sa918220"
"Danny Woodrow","DET","AA",26,124,0.253012048,2.095238095,0.177215189,0.556962025,0.265822784,0.142857142,0,0.43529412,0.25882353,0.30588235,0.10119048,174,330,504,"sa918257"
"Mitch Roman","CHW","AA",26,250,0.316546762,2.117647058,0.231884057,0.52173913,0.246376811,0.176470588,0.029411764,0.38297872,0.19148936,0.42553191,0.12326044,378,628,1006,"sa918259"
"Brady Policelli","DET","AA",26,178,0.3125,1.09090909,0.2,0.417391304,0.382608695,0.295454545,0.136363636,0.55833333,0.175,0.26666667,0.11549708,235,449,684,"sa918279"
"Jim Haley","TBR","AA",26,373,0.265700483,1.242424242,0.274509803,0.401960784,0.323529411,0.363636363,0.212121212,0.57847534,0.15695067,0.26457399,0.16953825,492,959,1451,"sa918418"
"Joel Booker","CHW","AA",27,186,0.327272727,1.121951219,0.223214285,0.410714285,0.366071428,0.195121951,0.121951219,0.45217391,0.22608696,0.32173913,0.15502793,212,504,716,"sa918497"
"Matt Hearn","COL","AA",25,275,0.260638297,1.397058823,0.109289617,0.519125683,0.371584699,0.220588235,0,0.37696335,0.22513089,0.39790576,0.10710608,358,613,971,"sa918523"
"Ryan Gold","TOR","AA",23,74,0.204545454,1,0.130434782,0.434782608,0.434782608,0.15,0.1,0.55319149,0.14893617,0.29787234,0.15463918,93,198,291,"sa918639"
"Connor Myers","CHC","AA",27,126,0.4,1.35,0.189655172,0.465517241,0.344827586,0.25,0.05,0.50819672,0.24590164,0.24590164,0.17611336,153,341,494,"sa918641"
"Brandon Martorano","SFG","AA",23,144,0.211267605,0.90625,0.207792207,0.376623376,0.415584415,0.125,0.1875,0.36363636,0.32467532,0.31168831,0.1618887,247,346,593,"sa918686"
"Ben Ruta","SDP","AA",27,162,0.19266055,0.81632653,0.19090909,0.363636363,0.445454545,0.306122448,0.040816326,0.47747748,0.18018018,0.34234234,0.08333333,217,395,612,"sa918694"
"Joey Roach","TBR","AA",27,87,0.263157894,1.285714285,0.172413793,0.465517241,0.362068965,0.285714285,0.142857142,0.55,0.11666667,0.33333333,0.11695906,119,223,342,"sa918726"
"Craig Dedelow","CHW","AA",26,420,0.303738317,0.726415094,0.204347826,0.334782608,0.460869565,0.141509433,0.160377358,0.46982759,0.2112069,0.31896552,0.18358914,642,1052,1694,"sa918840"
"Zach Davis","CHC","AA",27,105,0.366666666,1.35,0.20338983,0.457627118,0.33898305,0.15,0.1,0.41935484,0.20967742,0.37096774,0.12557078,156,282,438,"sa918888"
"Chavez Young","TOR","AA",23,324,0.341836734,1.546875,0.193069306,0.490099009,0.316831683,0.125,0.109375,0.41871921,0.2955665,0.28571429,0.13740458,485,825,1310,"sa918963"
"Matt Fraizer","PIT","AA",23,149,0.360824742,0.844444444,0.17,0.38,0.45,0.266666666,0.066666666,0.41,0.24,0.35,0.13691508,203,374,577,"sa918983"
"Jhailyn Ortiz","PHI","AA",22,88,0.260869565,0.518518518,0.163265306,0.285714285,0.551020408,0.333333333,0.148148148,0.62,0.26,0.12,0.17251462,123,219,342,"sa920180"
"Yariel Gonzalez","DET","AA",27,61,0.551724137,0.916666666,0.258064516,0.354838709,0.387096774,0,0.25,0.4375,0.25,0.3125,0.15730337,97,170,267,"sa920278"
"Jefrey Ramos","ATL","AA",22,217,0.23076923,1.627906976,0.150375939,0.526315789,0.32330827,0.186046511,0.139534883,0.35036496,0.22627737,0.42335766,0.13175231,254,505,759,"sa923039"