Name,Team,Level,Age,PA,BABIP,GB/FB,LD%,GB%,FB%,IFFB%,HR/FB,Pull%,Cent%,Oppo%,SwStr%,Balls,Strikes,Pitches,PlayerId
"Francisco Arcia","LAA","AA",27,95,0.301587301,1.476190476,0.147540983,0.508196721,0.344262295,0.19047619,0,0.36507937,0.33333333,0.3015873,0.11076923,119,206,325,"10286"
"Adrian Nieto","CIN","AA",27,134,0.341463414,1.565217391,0.297619047,0.428571428,0.273809523,0.173913043,0.130434782,0.44186047,0.27906977,0.27906977,0.13688213,195,331,526,"10294"
"Slade Heathcott","SFG","AA",26,394,0.318548387,1.227272727,0.240310077,0.418604651,0.341085271,0.079545454,0.136363636,0.46007605,0.27376426,0.2661597,0.11975643,561,917,1478,"10336"
"Jon Singleton","HOU","AA",25,500,0.253112033,0.787610619,0.207843137,0.349019607,0.443137254,0.168141592,0.159292035,0.44401544,0.28185328,0.27413127,0.11216644,1003,1208,2211,"10441"
"Zach Walters","KCR","AA",27,96,0.260869565,1.260869565,0.235294117,0.426470588,0.338235294,0.217391304,0.04347826,0.44285714,0.25714286,0.3,0.14814815,95,229,324,"10622"
"Mike Olt","BOS","AA",28,448,0.306513409,0.553333333,0.143382352,0.305147058,0.551470588,0.273333333,0.106666666,0.49280576,0.26258993,0.24460432,0.11833333,725,1075,1800,"10698"
"Arismendy Alcantara","CIN","AA",25,68,0.238095238,1.266666666,0.170731707,0.463414634,0.365853658,0.133333333,0,0.47619048,0.26190476,0.26190476,0.14285714,105,196,301,"10711"
"Ryan Strausborger","MIN","AA",29,119,0.390625,1.041666666,0.222222222,0.396825396,0.38095238,0.25,0.041666666,0.49230769,0.35384615,0.15384615,0.10775862,195,269,464,"10937"
"Colin Walsh","HOU","AA",27,363,0.314136125,0.786516853,0.192893401,0.355329949,0.451776649,0.123595505,0.13483146,0.44827586,0.28571429,0.26600985,0.07862408,737,891,1628,"10961"
"Stephen Cardullo","COL","AA",29,153,0.205882352,0.592592592,0.173076923,0.307692307,0.519230769,0.203703703,0.074074074,0.41509434,0.22641509,0.35849057,0.09544787,275,406,681,"11204"
"Andy Wilkins","MIN","AA",28,274,0.307189542,0.61038961,0.243902439,0.286585365,0.469512195,0.194805194,0.155844155,0.4969697,0.24848485,0.25454545,0.11052632,458,682,1140,"11251"
"Michael Choice","MIL","AA",27,195,0.327586206,1.0625,0.175,0.425,0.4,0.1875,0.1875,0.46456693,0.21259843,0.32283465,0.08043217,333,500,833,"11376"
"Kyle Waldrop","SEA","AA",25,464,0.357142857,0.93076923,0.234756097,0.368902439,0.396341463,0.33076923,0.076923076,0.49698795,0.22289157,0.28012048,0.10152905,583,1052,1635,"11402"
"Henry Ramos","LAD","AA",25,101,0.450704225,1.95,0.202702702,0.527027027,0.27027027,0.1,0.25,0.47368421,0.19736842,0.32894737,0.10306407,136,223,359,"11481"
"Steven Moya","DET","AA",25,246,0.293333333,1,0.2625,0.36875,0.36875,0.27118644,0.186440677,0.34782609,0.26708075,0.38509317,0.14989059,325,589,914,"11854"
"Nick Martini","STL","AA",27,110,0.296296296,1.153846153,0.29113924,0.379746835,0.329113924,0.192307692,0.076923076,0.39759036,0.20481928,0.39759036,0.04449649,167,260,427,"12005"
"Yefri Perez","MIA","AA",26,293,0.219895287,1.728813559,0.129729729,0.551351351,0.318918918,0.186440677,0,0.35532995,0.24873096,0.39593909,0.08120438,430,666,1096,"12090"
"Beau Taylor","OAK","AA",27,78,0.38,1.25,0.117647058,0.490196078,0.392156862,0.05,0.1,0.42307692,0.19230769,0.38461538,0.11746032,120,195,315,"12384"
"Jason Krizan","DET","AA",28,66,0.352941176,0.583333333,0.296296296,0.259259259,0.444444444,0.083333333,0.166666666,0.30909091,0.4,0.29090909,0.05306122,100,145,245,"12394"
"Raffy Lopez","TOR","AA",29,50,0.304347826,0.5,0.222222222,0.259259259,0.518518518,0.214285714,0.285714285,0.37037037,0.37037037,0.25925926,0.14932127,93,128,221,"12606"
"Dillon Thomas","COL","AA",24,302,0.337349397,1.245901639,0.198830409,0.444444444,0.356725146,0.06557377,0.098360655,0.38372093,0.30813953,0.30813953,0.19250426,416,758,1174,"12719"
"Michael Perez","ARI","AA",24,302,0.343434343,0.960526315,0.258706467,0.363184079,0.378109452,0.118421052,0.065789473,0.47804878,0.24390244,0.27804878,0.08333333,481,755,1236,"12977"
"Erick Castillo","CHC","AA",24,230,0.302469135,2,0.171779141,0.552147239,0.276073619,0.155555555,0.022222222,0.41212121,0.20606061,0.38181818,0.1003672,283,534,817,"12990"
"Mitch Walding","PHI","AA",24,401,0.288557213,0.605263157,0.183035714,0.308035714,0.508928571,0.236842105,0.219298245,0.47787611,0.25663717,0.26548673,0.14036223,598,948,1546,"13006"
"Jose Briceno","LAA","AA",24,378,0.217712177,0.763358778,0.166064981,0.36101083,0.472924187,0.328244274,0.06870229,0.43617021,0.29078014,0.27304965,0.11743516,487,901,1388,"13151"
"Tyler Goeddel","CIN","AA",24,256,0.284848484,1.557692307,0.208333333,0.482142857,0.309523809,0.25,0.096153846,0.57058824,0.2,0.22941176,0.08780992,407,561,968,"13180"
"Michael Reed","MIL","AA",24,205,0.27184466,1.088888888,0.121495327,0.457943925,0.420560747,0.155555555,0.155555555,0.43636364,0.23636364,0.32727273,0.09623894,382,522,904,"13228"
"Jacob Wilson","STL","AA",26,503,0.276073619,0.602339181,0.189349112,0.304733727,0.505917159,0.239766081,0.099415204,0.45348837,0.31104651,0.23546512,0.09144834,798,1225,2023,"13254"
"Peter O'Brien","TEX","AA",26,187,0.346666666,0.533333333,0.168674698,0.289156626,0.542168674,0.2,0.2,0.44047619,0.27380952,0.28571429,0.18528252,275,486,761,"13288"
"Spencer Kieboom","WSN","AA",26,70,0.2,0.56,0.170212765,0.29787234,0.531914893,0.12,0.08,0.44680851,0.27659574,0.27659574,0.08778626,110,152,262,"13300"
"Oscar Hernandez","ARI","AA",23,255,0.226190476,0.6625,0.217647058,0.311764705,0.470588235,0.3125,0.1,0.61235955,0.20786517,0.17977528,0.10071211,335,648,983,"13490"
"Humberto Arteaga","KCR","AA",23,490,0.296675191,1.338345864,0.192207792,0.462337662,0.345454545,0.270676691,0.007518796,0.38888889,0.23484848,0.37626263,0.07456404,544,1119,1663,"13595"
"Terrance Gore","KCR","AA",26,62,0.326086956,2.181818181,0.222222222,0.533333333,0.244444444,0.545454545,0,0.27659574,0.34042553,0.38297872,0.09012876,74,159,233,"13658"
"Jack Lopez","KCR","AA",24,398,0.356617647,1.682926829,0.2,0.501818181,0.298181818,0.243902439,0.060975609,0.40714286,0.27857143,0.31428571,0.09744299,464,983,1447,"13663"
"Tyrone Taylor","MIL","AA",23,95,0.298507462,0.9,0.149253731,0.402985074,0.447761194,0.366666666,0.033333333,0.47826087,0.1884058,0.33333333,0.08905852,151,242,393,"13675"
"Elier Hernandez","KCR","AA",22,70,0.416666666,1.769230769,0.234042553,0.489361702,0.276595744,0.307692307,0.076923076,0.52,0.22,0.26,0.14624506,80,173,253,"13750"
"Tomas Nido","NYM","AA",23,404,0.254966887,1.44,0.194719471,0.475247524,0.330033003,0.2,0.08,0.38511327,0.22977346,0.38511327,0.11373391,447,951,1398,"13755"
"Eric Stamets","CLE","AA",25,50,0.444444444,0.538461538,0.285714285,0.25,0.464285714,0.307692307,0.076923076,0.44827586,0.20689655,0.34482759,0.12272727,77,143,220,"13795"
"Alex D. Mejia","STL","AA",26,251,0.282722513,1.25,0.281914893,0.39893617,0.319148936,0.2,0.05,0.42346939,0.25,0.32653061,0.06880734,304,568,872,"13877"
"Seth Mejias-Brean","SEA","AA",26,323,0.339366515,1.709677419,0.232876712,0.484018264,0.283105022,0.225806451,0.048387096,0.41777778,0.28,0.30222222,0.08421851,495,823,1318,"13905"
"Sherman Johnson","LAA","AA",26,126,0.357142857,1.310344827,0.211764705,0.447058823,0.34117647,0.206896551,0.068965517,0.4137931,0.26436782,0.32183908,0.05882353,224,303,527,"13906"
"Eric Haase","CLE","AA",24,381,0.3125,0.618181818,0.168224299,0.317757009,0.514018691,0.145454545,0.236363636,0.48623853,0.28899083,0.22477064,0.17002519,609,979,1588,"14111"
"Tim Lopes","TOR","AA",23,526,0.314136125,1.652542372,0.180628272,0.510471204,0.308900523,0.169491525,0.059322033,0.46786632,0.24678663,0.28534704,0.0770005,751,1236,1987,"14137"
"Jose Rondon","SDP","AA",23,234,0.349112426,1.189655172,0.24852071,0.408284023,0.343195266,0.172413793,0.068965517,0.36781609,0.2816092,0.35057471,0.1022864,288,543,831,"14140"
"Andrew Velazquez","TBR","AA",22,414,0.312252964,1.525641025,0.239382239,0.459459459,0.301158301,0.166666666,0.115384615,0.37918216,0.32713755,0.2936803,0.15491101,511,1006,1517,"14196"
"Alfredo Gonzalez","CHW","AA",24,249,0.238372093,1.769230769,0.172413793,0.528735632,0.298850574,0.211538461,0.076923076,0.49431818,0.1875,0.31818182,0.09593326,338,621,959,"14267"
"Anthony Alford","TOR","AA",22,289,0.360406091,1.402985074,0.195,0.47,0.335,0.119402985,0.074626865,0.33658537,0.28780488,0.37560976,0.11227154,449,700,1149,"14329"
"Joey Meneses","ATL","AA",25,401,0.354243542,2.261538461,0.226277372,0.53649635,0.237226277,0.153846153,0.138461538,0.36298932,0.22775801,0.40925267,0.11749175,555,960,1515,"14366"
"Harold Ramirez","TOR","AA",22,490,0.296296296,2.21875,0.182539682,0.563492063,0.253968253,0.21875,0.0625,0.38082902,0.21243523,0.40673575,0.10132412,570,1167,1737,"14387"
"Joe Hudson","CIN","AA",26,250,0.216867469,0.813333333,0.170731707,0.371951219,0.457317073,0.28,0.013333333,0.45294118,0.25882353,0.28823529,0.09353234,383,622,1005,"14412"
"Henry Urrutia","BOS","AA",30,236,0.358490566,2.297297297,0.227848101,0.537974683,0.234177215,0.054054054,0.081081081,0.44444444,0.2345679,0.32098765,0.11111111,344,574,918,"14441"
"Scott Heineman","TEX","AA",24,529,0.364705882,1.621359223,0.217391304,0.484057971,0.298550724,0.233009708,0.08737864,0.38176638,0.24786325,0.37037037,0.11594203,770,1300,2070,"14453"
"Jake Cave","NYY","AA",24,140,0.318681318,1.807692307,0.239583333,0.489583333,0.270833333,0.038461538,0.192307692,0.34020619,0.34020619,0.31958763,0.11786372,195,348,543,"14477"
"Luis Marte","TEX","AA",23,178,0.23076923,1,0.138888888,0.430555555,0.430555555,0.338709677,0.096774193,0.48666667,0.23333333,0.28,0.13207547,149,434,583,"14515"
"Gabriel Guerrero","CIN","AA",23,543,0.328282828,1.403100775,0.213197969,0.459390862,0.327411167,0.294573643,0.054263565,0.382134,0.25310174,0.36476427,0.15463918,698,1339,2037,"14528"
"Anthony Santander","BAL","AA",22,59,0.378378378,0.571428571,0.214285714,0.285714285,0.5,0.238095238,0.238095238,0.52380952,0.26190476,0.21428571,0.07659574,90,145,235,"14551"
"Wyatt Mathisen","PIT","AA",23,430,0.325503355,1.188679245,0.226666666,0.42,0.353333333,0.226415094,0.047169811,0.45424837,0.22875817,0.31699346,0.07142857,690,1018,1708,"14555"
"Carlos Tocci","PHI","AA",21,474,0.356164383,1.45614035,0.215686274,0.464985994,0.319327731,0.201754385,0.017543859,0.40161725,0.23989218,0.35849057,0.08738426,601,1127,1728,"14558"
"Franmil Reyes","SDP","AA",21,566,0.297752808,1.372093023,0.177419354,0.475806451,0.346774193,0.178294573,0.193798449,0.45169713,0.24020888,0.30809399,0.1375733,825,1392,2217,"14566"
"David Bote","CHC","AA",24,536,0.317548746,1.515873015,0.133879781,0.521857923,0.344262295,0.166666666,0.111111111,0.40641711,0.23262032,0.36096257,0.09072881,768,1249,2017,"14593"
"Webster Rivas","SDP","AA",26,149,0.376237623,2.038461538,0.21,0.53,0.26,0.192307692,0.038461538,0.43137255,0.25490196,0.31372549,0.11091854,183,394,577,"14636"
"Tzu-Wei Lin","BOS","AA",23,184,0.333333333,0.775862068,0.219696969,0.34090909,0.439393939,0.189655172,0.086206896,0.45588235,0.27205882,0.27205882,0.05505952,270,402,672,"14678"
"Harold Castro","DET","AA",23,449,0.326027397,1.88172043,0.257617728,0.484764542,0.257617728,0.064516129,0.010752688,0.37297297,0.29189189,0.33513514,0.07733813,535,1133,1668,"14691"
"Dawel Lugo","DET","AA",22,557,0.298165137,1.385620915,0.177927927,0.477477477,0.344594594,0.137254901,0.08496732,0.43111111,0.27333333,0.29555556,0.08036677,597,1257,1854,"14713"
"Yu Chang","CLE","AA",21,508,0.2543554,0.804511278,0.213114754,0.350819672,0.436065573,0.180451127,0.180451127,0.47923323,0.25559105,0.26517572,0.11111111,846,1233,2079,"14773"
"Kyle Farmer","LAD","AA",26,141,0.357798165,1.352941176,0.266055045,0.422018348,0.311926605,0.264705882,0.088235294,0.5,0.27678571,0.22321429,0.06595365,212,349,561,"14813"
"Mike Yastrzemski","BAL","AA",26,94,0.419354838,0.814814814,0.268656716,0.328358208,0.402985074,0.074074074,0.222222222,0.41176471,0.30882353,0.27941176,0.0825,154,246,400,"14854"
"Zach Green","PHI","AA",23,51,0.36,0.818181818,0.23076923,0.346153846,0.423076923,0.181818181,0.09090909,0.42307692,0.26923077,0.30769231,0.2020202,65,133,198,"14973"
"Dom Nunez","COL","AA",22,364,0.237864077,0.648148148,0.172093023,0.325581395,0.502325581,0.268518518,0.101851851,0.47247706,0.25229358,0.27522936,0.10356653,598,860,1458,"15055"
"Jonathan Davis","TOR","AA",25,546,0.304216867,1.160305343,0.157738095,0.452380952,0.389880952,0.221374045,0.076335877,0.45428571,0.26571429,0.28,0.08144192,916,1331,2247,"15104"
"Ryan McMahon","COL","AA",22,205,0.381294964,1.3125,0.234482758,0.434482758,0.331034482,0.0625,0.125,0.43448276,0.19310345,0.37241379,0.11868687,306,486,792,"15112"
"Tim Locastro","LAD","AA",24,420,0.316993464,1.110169491,0.188925081,0.426710097,0.38436482,0.237288135,0.06779661,0.47452229,0.21974522,0.30573248,0.07232084,526,995,1521,"15124"
"Ian Miller","SEA","AA",25,384,0.392727272,1.890410958,0.221402214,0.509225092,0.269372693,0.136986301,0.05479452,0.38078292,0.25266904,0.36654804,0.0975965,473,900,1373,"15156"
"Josh VanMeter","CIN","AA",22,538,0.307692307,1.148148148,0.228723404,0.412234042,0.359042553,0.185185185,0.037037037,0.44270833,0.25260417,0.3046875,0.0776883,832,1279,2111,"15170"
"Austin Wynns","BAL","AA",26,434,0.31438127,1.316831683,0.237785016,0.433224755,0.328990228,0.148514851,0.0990099,0.46925566,0.28478964,0.24595469,0.06886574,683,1045,1728,"15271"
"Frank Schwindel","KCR","AA",25,147,0.358974358,1.666666666,0.2,0.5,0.3,0.333333333,0.166666666,0.58536585,0.24390244,0.17073171,0.11538462,184,336,520,"15351"
"Jack Mayfield","HOU","AA",26,291,0.316831683,0.964705882,0.215962441,0.384976525,0.399061032,0.247058823,0.164705882,0.49308756,0.24423963,0.26267281,0.10157618,396,746,1142,"15402"
"Engelb Vielma","MIN","AA",23,141,0.311926605,1.228571428,0.25,0.413461538,0.336538461,0.2,0,0.47747748,0.1981982,0.32432432,0.0712831,175,316,491,"15481"
"Aristides Aquino","CIN","AA",23,504,0.274247491,0.808510638,0.187898089,0.363057324,0.449044585,0.340425531,0.120567375,0.46835443,0.27848101,0.25316456,0.19221291,730,1299,2029,"15482"
"Victor Reyes","ARI","AA",22,516,0.341708542,1.653225806,0.173366834,0.515075376,0.311557788,0.120967741,0.032258064,0.37376238,0.24752475,0.37871287,0.08776596,590,1290,1880,"15487"
"Justin Williams","TBR","AA",21,409,0.334494773,2.28169014,0.220735785,0.54180602,0.237458193,0.126760563,0.197183098,0.44224422,0.24092409,0.31683168,0.10445682,563,873,1436,"15490"
"Abiatal Avelino","NYY","AA",22,249,0.301020408,2.568181818,0.190721649,0.582474226,0.226804123,0.25,0.068181818,0.49,0.22,0.29,0.09497207,329,566,895,"15496"
"Jamie Westbrook","ARI","AA",22,409,0.277945619,0.944055944,0.170149253,0.402985074,0.426865671,0.223776223,0.055944055,0.48235294,0.17352941,0.34411765,0.07900512,449,918,1367,"15504"
"Joseph Odom","ATL","AA",25,62,0.4,1.727272727,0.23076923,0.487179487,0.282051282,0.363636363,0.09090909,0.52380952,0.26190476,0.21428571,0.16216216,64,158,222,"15535"
"Mike Ford","NYY","AA",24,417,0.291044776,1.626506024,0.212996389,0.48736462,0.299638989,0.192771084,0.156626506,0.50177936,0.21708185,0.28113879,0.06038201,728,895,1623,"15585"
"Jacob Hannemann","CHC","AA",26,141,0.272727272,0.828571428,0.157894736,0.381578947,0.460526315,0.314285714,0.028571428,0.4556962,0.24050633,0.30379747,0.14231499,177,350,527,"15644"
"Billy McKinney","NYY","AA",22,276,0.276595744,0.62,0.164948453,0.319587628,0.515463917,0.2,0.06,0.43589744,0.28205128,0.28205128,0.08225966,398,611,1009,"15654"
"Reese McGuire","TOR","AA",22,136,0.282608695,1.545454545,0.125,0.53125,0.34375,0.151515151,0.181818181,0.42574257,0.32673267,0.24752475,0.04276986,197,294,491,"15674"
"Raudy Read","WSN","AA",23,442,0.29022082,0.941605839,0.193939393,0.39090909,0.415151515,0.255474452,0.124087591,0.53592814,0.25449102,0.20958084,0.12403101,543,1005,1548,"15766"
"Jose Marmolejos","WSN","AA",24,454,0.323717948,1.597938144,0.219814241,0.47987616,0.300309597,0.134020618,0.144329896,0.43251534,0.27607362,0.29141104,0.0760165,676,1021,1697,"15767"
"Erick Mejia","LAD","AA",22,403,0.350364963,1.262626262,0.194244604,0.449640287,0.356115107,0.232323232,0.07070707,0.45422535,0.27112676,0.27464789,0.08233732,577,929,1506,"15817"
"Johnny Davis","MIL","AA",27,553,0.335078534,2.56321839,0.184210526,0.586842105,0.228947368,0.264367816,0.057471264,0.40712468,0.27735369,0.31552163,0.10412574,683,1353,2036,"15830"
"Miguel Andujar","NYY","AA",22,272,0.338028169,1.555555555,0.25116279,0.455813953,0.293023255,0.253968253,0.111111111,0.54298643,0.26696833,0.19004525,0.08429926,325,624,949,"15878"
"Austin Nola","MIA","AA",27,197,0.283687943,1.568181818,0.192857142,0.492857142,0.314285714,0.113636363,0.045454545,0.40972222,0.22222222,0.36805556,0.05812417,292,465,757,"15941"
"Travis Demeritte","ATL","AA",22,511,0.292604501,0.885496183,0.215873015,0.368253968,0.415873015,0.259541984,0.114503816,0.37804878,0.27743902,0.3445122,0.10465652,822,1347,2169,"15958"
"Ivan Castillo","CLE","AA",22,87,0.232142857,1.647058823,0.181818181,0.509090909,0.309090909,0.411764705,0.058823529,0.45,0.18333333,0.36666667,0.08176101,110,208,318,"15971"
"Deivy Grullon","PHI","AA",21,89,0.245901639,1.7,0.15625,0.53125,0.3125,0.15,0.2,0.58461538,0.21538462,0.2,0.11949686,120,198,318,"15988"
"Stevie Wilkerson","BAL","AA",25,273,0.351063829,1.564516129,0.163157894,0.510526315,0.326315789,0.161290322,0.096774193,0.38265306,0.26020408,0.35714286,0.10526316,360,685,1045,"16041"
"Mark Payton","NYY","AA",25,59,0.243902439,1.117647058,0.121951219,0.463414634,0.414634146,0.058823529,0,0.3902439,0.31707317,0.29268293,0.11059908,71,146,217,"16042"
"Mike Gerber","DET","AA",24,394,0.349019607,1.071428571,0.233962264,0.396226415,0.36981132,0.163265306,0.132653061,0.42007435,0.26022305,0.3197026,0.10771192,620,949,1569,"16115"
"Kevin Cron","ARI","AA",24,588,0.331506849,0.602040816,0.192802056,0.303341902,0.503856041,0.234693877,0.12755102,0.43846154,0.3,0.26153846,0.14331066,818,1387,2205,"16211"
"J.D. Davis","HOU","AA",24,388,0.316872427,1.235294117,0.2578125,0.41015625,0.33203125,0.176470588,0.247058823,0.46415094,0.22641509,0.30943396,0.14085494,519,908,1427,"16219"
"Alex Blandino","CIN","AA",24,236,0.314685314,0.967213114,0.194630872,0.395973154,0.409395973,0.245901639,0.098360655,0.46666667,0.22,0.31333333,0.0465368,408,516,924,"16271"
"Michael Hermosillo","LAA","AA",22,340,0.31553398,1.352941176,0.22330097,0.446601941,0.330097087,0.205882352,0.058823529,0.4744186,0.25116279,0.2744186,0.096823,535,787,1322,"16285"
"Nick Ciuffo","TBR","AA",22,417,0.307692307,1.221052631,0.227106227,0.424908424,0.347985347,0.105263157,0.07368421,0.40714286,0.25,0.34285714,0.08402292,568,1003,1571,"16291"
"Yairo Munoz","OAK","AA",22,207,0.355263157,1.37037037,0.184713375,0.471337579,0.343949044,0.259259259,0.111111111,0.47798742,0.24528302,0.27672956,0.11390728,247,508,755,"16313"
"Nick Gordon","MIN","AA",21,578,0.346560846,1.428571428,0.276595744,0.425531914,0.29787234,0.125,0.080357142,0.44702842,0.25322997,0.2997416,0.11843318,764,1406,2170,"16337"
"Pablo Reyes","PIT","AA",23,483,0.306122448,1.086614173,0.227405247,0.402332361,0.37026239,0.259842519,0.078740157,0.41061453,0.29888268,0.29050279,0.07251082,717,1131,1848,"16357"
"Oscar Mercado","STL","AA",22,523,0.348314606,1.074626865,0.227777777,0.4,0.372222222,0.328358208,0.097014925,0.46486486,0.27027027,0.26486486,0.09874608,676,1238,1914,"16375"
"Brian Navarreto","MIN","AA",22,117,0.228915662,1.25,0.152941176,0.470588235,0.376470588,0.28125,0.0625,0.42528736,0.32183908,0.25287356,0.09198113,161,263,424,"16398"
"Francisco Mejia","CLE","AA",21,383,0.311188811,1.242718446,0.214285714,0.435374149,0.350340136,0.203883495,0.13592233,0.40531561,0.25913621,0.33554817,0.08944282,425,939,1364,"16403"
"Domingo Leyba","ARI","AA",21,64,0.28,1.555555555,0.115384615,0.538461538,0.346153846,0.222222222,0.111111111,0.46153846,0.25,0.28846154,0.06936416,62,111,173,"16404"
"Richard Urena","TOR","AA",21,551,0.29368932,1.191358024,0.136253041,0.469586374,0.394160583,0.141975308,0.030864197,0.42042755,0.23515439,0.34441805,0.11566772,592,1310,1902,"16411"
"Jordan Luplow","PIT","AA",23,288,0.293814432,1.061728395,0.189320388,0.417475728,0.393203883,0.222222222,0.197530864,0.55450237,0.18483412,0.26066351,0.09767442,416,659,1075,"16424"
"Thairo Estrada","NYY","AA",21,542,0.327231121,1.957983193,0.183294663,0.540603248,0.276102088,0.092436974,0.050420168,0.44369369,0.23873874,0.31756757,0.06370757,701,1214,1915,"16426"
"Jason Martin","HOU","AA",21,320,0.342995169,1.025974025,0.28110599,0.364055299,0.354838709,0.324675324,0.142857142,0.51818182,0.24090909,0.24090909,0.10126582,460,804,1264,"16429"
"Ryan O'Hearn","KCR","AA",23,76,0.309523809,1.642857142,0.195652173,0.5,0.304347826,0,0.285714285,0.54347826,0.17391304,0.2826087,0.09294872,130,182,312,"16442"
"Jacob Nottingham","MIL","AA",22,385,0.255411255,0.710526315,0.163090128,0.347639484,0.489270386,0.219298245,0.078947368,0.41322314,0.26859504,0.31818182,0.12198304,566,967,1533,"16448"
"Luis Guillorme","NYM","AA",22,558,0.31615925,2.346534653,0.197149643,0.562945368,0.239904988,0.128712871,0.00990099,0.28074246,0.24361949,0.47563805,0.04938831,889,1318,2207,"16451"
"Isiah Kiner-Falefa","TEX","AA",22,570,0.325,1.692913385,0.204651162,0.5,0.295348837,0.173228346,0.039370078,0.42281879,0.2393736,0.33780761,0.04622266,764,1248,2012,"16512"
"Ryan McBroom","NYY","AA",25,548,0.286501377,1.033333333,0.180107526,0.416666666,0.403225806,0.226666666,0.106666666,0.39473684,0.25263158,0.35263158,0.10872675,757,1340,2097,"16524"
"Mauricio Dubon","MIL","AA",22,304,0.31858407,1.493150684,0.198237885,0.480176211,0.321585903,0.205479452,0.02739726,0.41201717,0.25751073,0.3304721,0.0724365,363,700,1063,"16530"
"Danny Jansen","TOR","AA",22,210,0.310559006,1.083333333,0.213836477,0.408805031,0.37735849,0.233333333,0.033333333,0.50920245,0.23312883,0.25766871,0.03316953,335,479,814,"16535"
"Shed Long Jr.","CIN","AA",21,160,0.271028037,1.263157894,0.196261682,0.44859813,0.355140186,0.263157894,0.078947368,0.29090909,0.25454545,0.45454545,0.11378205,252,372,624,"16542"
"Connor Joe","ATL","AA",24,343,0.256410256,1.303797468,0.225531914,0.438297872,0.336170212,0.265822784,0.063291139,0.45643154,0.18257261,0.36099585,0.07351838,538,795,1333,"16572"
"Luis Urias","SDP","AA",20,526,0.340425531,2.083333333,0.208556149,0.534759358,0.256684491,0.197916666,0.03125,0.33420366,0.2924282,0.37336815,0.06426485,831,1223,2054,"16622"
"Greg Allen","CLE","AA",24,303,0.318840579,1.382352941,0.217391304,0.45410628,0.328502415,0.117647058,0.029411764,0.37914692,0.27488152,0.34597156,0.07904085,405,721,1126,"16623"
"Jason Vosler","CHC","AA",23,531,0.277602523,0.540106951,0.145400593,0.299703264,0.554896142,0.203208556,0.112299465,0.4408284,0.26923077,0.28994083,0.10272336,800,1293,2093,"16686"
"Jose Trevino","TEX","AA",24,423,0.255681818,1.444444444,0.185185185,0.481481481,0.333333333,0.35042735,0.059829059,0.42777778,0.22222222,0.35,0.07956204,448,922,1370,"16725"
"Brian O'Grady","CIN","AA",25,210,0.198113207,0.610169491,0.128440366,0.330275229,0.541284403,0.322033898,0.118644067,0.56521739,0.15652174,0.27826087,0.11963883,356,530,886,"16729"
"Braxton Lee","MIA","AA",23,561,0.386058981,2.020408163,0.2,0.535135135,0.264864864,0.132653061,0.030612244,0.25520833,0.27604167,0.46875,0.07979705,836,1332,2168,"16839"
"John Nogowski","STL","AA",24,238,0.324175824,1.058823529,0.239130434,0.391304347,0.369565217,0.176470588,0.029411764,0.44021739,0.31521739,0.24456522,0.04968288,405,541,946,"16852"
"Joshua Fuentes","COL","AA",24,450,0.362459546,0.769230769,0.211838006,0.342679127,0.445482866,0.181818181,0.104895104,0.48328267,0.24924012,0.2674772,0.1194605,494,1063,1557,"16885"
"Aramis Garcia","SFG","AA",24,89,0.379310344,1.38095238,0.137931034,0.5,0.362068965,0.047619047,0,0.56896552,0.20689655,0.22413793,0.13089005,130,252,382,"16925"
"Chadwick Tromp","CIN","AA",22,129,0.234693877,1.361111111,0.105263157,0.515789473,0.378947368,0.305555555,0,0.50505051,0.22222222,0.27272727,0.10526316,157,280,437,"16953"
"Eddy Alvarez","CHW","AA",27,398,0.28515625,1.247191011,0.212598425,0.437007874,0.3503937,0.15730337,0.04494382,0.4280303,0.25757576,0.31439394,0.08062575,661,1001,1662,"16959"
"Gleyber Torres","NYY","AA",20,139,0.294736842,0.761904761,0.229166666,0.333333333,0.4375,0.095238095,0.119047619,0.47,0.21,0.32,0.0951526,222,335,557,"16997"
"Magneuris Sierra","STL","AA",21,353,0.323420074,2.147058823,0.198501872,0.546816479,0.254681647,0.397058823,0.014705882,0.31617647,0.26838235,0.41544118,0.11459192,394,819,1213,"17023"
"Grayson Greiner","DET","AA",24,371,0.266393442,1.146067415,0.239043824,0.406374501,0.354581673,0.224719101,0.15730337,0.52713178,0.22093023,0.25193798,0.10641509,524,801,1325,"17062"
"Miguel Gomez","SFG","AA",24,322,0.324528301,1.09,0.231617647,0.400735294,0.367647058,0.23,0.08,0.42909091,0.28363636,0.28727273,0.09813084,340,730,1070,"17075"
"Ramon Laureano","HOU","AA",22,513,0.273255813,1.241935483,0.198847262,0.443804034,0.357348703,0.330645161,0.088709677,0.51685393,0.20224719,0.28089888,0.11111111,685,1241,1926,"17128"
"Jorge Mateo","NYY","AA",22,287,0.363636363,0.809523809,0.204188481,0.356020942,0.439790575,0.154761904,0.095238095,0.41919192,0.27272727,0.30808081,0.11775701,362,708,1070,"17273"
"Alex Jackson","ATL","AA",21,120,0.315068493,0.911764705,0.166666666,0.397435897,0.435897435,0.205882352,0.147058823,0.5443038,0.18987342,0.26582278,0.16071429,151,297,448,"17276"
"Bobby Bradley","CLE","AA",21,532,0.287461773,1.25203252,0.197101449,0.446376811,0.356521739,0.1300813,0.186991869,0.40740741,0.3019943,0.29059829,0.11988445,817,1260,2077,"17278"
"Javy Guerra","SDP","AA",21,145,0.301204819,1.354838709,0.14117647,0.494117647,0.364705882,0.258064516,0.096774193,0.40229885,0.27586207,0.32183908,0.19161677,159,342,501,"17292"
"Michael Chavis","BOS","AA",21,274,0.26519337,0.954545454,0.10880829,0.43523316,0.455958549,0.181818181,0.159090909,0.53846154,0.25128205,0.21025641,0.1594509,320,627,947,"17321"
"Cole Tucker","PIT","AA",20,194,0.303703703,1.038461538,0.214814814,0.4,0.385185185,0.153846153,0.038461538,0.46043165,0.23741007,0.30215827,0.08432148,290,469,759,"17326"
"Rafael Devers","BOS","AA",20,320,0.316279069,1.2625,0.216450216,0.437229437,0.346320346,0.25,0.225,0.41630901,0.25321888,0.3304721,0.10648519,472,777,1249,"17350"
"Troy Stokes Jr.","MIL","AA",21,153,0.291666666,1,0.128712871,0.435643564,0.435643564,0.204545454,0.136363636,0.48039216,0.2745098,0.24509804,0.10839161,205,367,572,"17478"
"Eloy Jimenez","CHW","AA",20,73,0.428571428,1.75,0.153846153,0.538461538,0.307692307,0.125,0.1875,0.46153846,0.25,0.28846154,0.11787072,96,167,263,"17484"
"Taylor Ward","LAA","AA",23,145,0.306930693,1.125,0.174757281,0.436893203,0.388349514,0.15,0.075,0.39423077,0.22115385,0.38461538,0.05115512,260,346,606,"17548"
"Blake Trahan","CIN","AA",23,526,0.266129032,1.6875,0.179836512,0.514986376,0.305177111,0.223214285,0.017857142,0.38441558,0.21818182,0.3974026,0.08730557,775,1218,1993,"17588"
"Myles Straw","HOU","AA",22,54,0.297297297,2.125,0.285714285,0.485714285,0.228571428,0.25,0,0.28205128,0.23076923,0.48717949,0.05607477,83,131,214,"17620"
"Kevin Kramer","PIT","AA",23,234,0.362416107,0.93548387,0.225806451,0.374193548,0.4,0.129032258,0.096774193,0.43225806,0.27096774,0.29677419,0.11625148,290,553,843,"17689"
"Kevin Newman","PIT","AA",23,375,0.282392026,1.323232323,0.220338983,0.444067796,0.33559322,0.222222222,0.04040404,0.41883117,0.24675325,0.33441558,0.05011746,457,820,1277,"17696"
"Matt Beaty","LAD","AA",24,481,0.343163538,1.390977443,0.169712793,0.48302872,0.347258485,0.187969924,0.112781954,0.46529563,0.22365039,0.31105398,0.06011561,647,1083,1730,"17710"
"Christin Stewart","DET","AA",23,555,0.293577981,0.813333333,0.213872832,0.352601156,0.433526011,0.133333333,0.186666666,0.47605634,0.23380282,0.29014085,0.12193995,812,1353,2165,"17714"
"Richie Martin","OAK","AA",22,325,0.266375545,3.159090909,0.183035714,0.620535714,0.196428571,0.25,0.068181818,0.37339056,0.20600858,0.42060086,0.08602151,453,756,1209,"17736"
"Chris Shaw","SFG","AA",23,154,0.333333333,0.837209302,0.254716981,0.339622641,0.405660377,0.232558139,0.139534883,0.39814815,0.25925926,0.34259259,0.08711434,209,342,551,"17738"
"Max Schrock","OAK","AA",22,457,0.344173441,1.160305343,0.23306233,0.411924119,0.35501355,0.259541984,0.053435114,0.35904255,0.25,0.39095745,0.0514658,516,1019,1535,"17750"
"DJ Stewart","BAL","AA",23,540,0.298591549,1.283464566,0.211956521,0.442934782,0.345108695,0.22047244,0.16535433,0.38829787,0.30319149,0.30851064,0.11525257,824,1215,2039,"17766"
"Braden Bishop","SEA","AA",23,145,0.372727272,1.655172413,0.280373831,0.44859813,0.271028037,0.172413793,0.034482758,0.50892857,0.20535714,0.28571429,0.07312253,196,310,506,"17806"
"Drew Jackson","LAD","AA",23,130,0.304878048,1.392857142,0.182926829,0.475609756,0.341463414,0.214285714,0.035714285,0.51807229,0.14457831,0.3373494,0.11135857,163,286,449,"17807"
"Brendan Rodgers","COL","AA",20,164,0.305555555,0.872340425,0.207207207,0.369369369,0.423423423,0.361702127,0.127659574,0.50877193,0.24561404,0.24561404,0.12244898,209,379,588,"17907"
"Cedric Mullins","BAL","AA",22,350,0.282786885,1.029411764,0.188235294,0.411764705,0.4,0.205882352,0.12745098,0.49612403,0.24031008,0.26356589,0.08832808,476,792,1268,"17929"
"Andrew Stevenson","WSN","AA",23,91,0.459016393,2.357142857,0.20338983,0.559322033,0.237288135,0.214285714,0,0.27868852,0.26229508,0.45901639,0.10204082,126,217,343,"17932"
"Scott Kingery","PHI","AA",23,317,0.323943661,0.634782608,0.175438596,0.320175438,0.504385964,0.173913043,0.156521739,0.41630901,0.30901288,0.27467811,0.1010682,423,794,1217,"17975"
"Ty France","SDP","AA",22,402,0.325342465,1.21,0.248299319,0.411564625,0.340136054,0.19,0.05,0.40939597,0.24832215,0.34228188,0.08704453,534,948,1482,"17982"
"David Fletcher","LAA","AA",23,272,0.308411214,1.369863013,0.172248803,0.478468899,0.349282296,0.356164383,0.01369863,0.5437788,0.18894009,0.26728111,0.05052632,347,603,950,"17992"
"Mark Mathias","CLE","AA",22,125,0.295774647,0.774193548,0.236111111,0.333333333,0.430555555,0.225806451,0.032258064,0.52777778,0.25,0.22222222,0.0940499,211,310,521,"18032"
"Jake Cronenworth","TBR","AA",23,180,0.316546762,2.533333333,0.220588235,0.558823529,0.220588235,0.133333333,0.033333333,0.37142857,0.27142857,0.35714286,0.03539823,254,424,678,"18036"
"Dylan Moore","ATL","AA",24,482,0.248447204,1.169491525,0.20743034,0.427244582,0.365325077,0.20338983,0.059322033,0.36336336,0.28228228,0.35435435,0.07519582,713,1202,1915,"18042"
"Kyle Garlick","LAD","AA",25,305,0.267045454,0.902439024,0.183246073,0.387434554,0.429319371,0.195121951,0.207317073,0.48186528,0.34715026,0.17098446,0.1354946,471,732,1203,"18063"
"Garrett Stubbs","HOU","AA",24,300,0.268518518,1.142857142,0.246575342,0.401826484,0.351598173,0.298701298,0.051948051,0.45701357,0.2760181,0.26696833,0.06955736,435,672,1107,"18067"
"Nathan Lukes","TBR","AA",22,404,0.323024054,1.198113207,0.18815331,0.44250871,0.369337979,0.207547169,0.028301886,0.40939597,0.25838926,0.33221477,0.09920107,537,965,1502,"18123"
"LaMonte Wade Jr.","MIN","AA",23,519,0.327731092,1.053030303,0.236619718,0.391549295,0.371830985,0.219696969,0.053030303,0.41416894,0.27792916,0.30790191,0.05224565,911,1271,2182,"18126"
"Kevin Kaczmarski","NYM","AA",25,531,0.323369565,1.811320754,0.198924731,0.516129032,0.284946236,0.160377358,0.047169811,0.40159574,0.22074468,0.37765957,0.08468735,808,1223,2031,"18146"
"Nick Dini","KCR","AA",23,245,0.342105263,1.138461538,0.236263736,0.406593406,0.357142857,0.23076923,0.03076923,0.39896373,0.24352332,0.35751295,0.05581948,321,521,842,"18206"
"Brett Sullivan","TBR","AA",23,96,0.308641975,1.954545454,0.197530864,0.530864197,0.271604938,0.5,0,0.5308642,0.24691358,0.22222222,0.0625,88,200,288,"18217"
"Austin Dean","MIA","AA",23,251,0.333333333,1.242424242,0.186813186,0.45054945,0.362637362,0.212121212,0.06060606,0.47643979,0.22513089,0.29842932,0.06102784,322,612,934,"18288"
"Brian Anderson","MIA","AA",24,361,0.277056277,0.989583333,0.197478991,0.399159663,0.403361344,0.197916666,0.145833333,0.45306122,0.26938776,0.27755102,0.11760707,559,912,1471,"18289"
"Edwin Rios","LAD","AA",23,332,0.362831858,0.956521739,0.237288135,0.372881355,0.389830508,0.217391304,0.163043478,0.42323651,0.2780083,0.29875519,0.13666667,422,778,1200,"18316"
"Kyle Tucker","HOU","AA",20,318,0.285714285,0.844444444,0.255605381,0.340807174,0.403587443,0.188888888,0.177777777,0.49115044,0.25663717,0.25221239,0.12599823,393,734,1127,"18345"
"Austin Riley","ATL","AA",20,203,0.393442622,1.083333333,0.224806201,0.403100775,0.372093023,0.145833333,0.166666666,0.45384615,0.23846154,0.30769231,0.14358974,299,481,780,"18360"
"Victor Robles","WSN","AA",20,158,0.368421052,1.216216216,0.280701754,0.394736842,0.324561403,0.243243243,0.081081081,0.6,0.21666667,0.18333333,0.08972268,235,378,613,"18363"
"Ryan Mountcastle","BAL","AA",20,159,0.264957264,0.74137931,0.136752136,0.367521367,0.495726495,0.310344827,0.051724137,0.55,0.16666667,0.28333333,0.13468635,152,390,542,"18373"
"Joe McCarthy","TBR","AA",23,554,0.343661971,0.807692307,0.212290502,0.351955307,0.435754189,0.256410256,0.044871794,0.41712707,0.26243094,0.32044199,0.05553145,1003,1302,2305,"18399"
"Ronald Acuna Jr.","ATL","AA",19,243,0.396226415,1.083333333,0.246987951,0.391566265,0.361445783,0.183333333,0.15,0.30952381,0.39285714,0.29761905,0.11585366,373,611,984,"18401"
"Jared Walsh","LAA","AA",23,74,0.351351351,1.153846153,0.282051282,0.384615384,0.333333333,0.307692307,0.23076923,0.56097561,0.19512195,0.24390244,0.17204301,83,196,279,"18607"
"Andy Ibanez","TEX","AA",24,345,0.287937743,0.6484375,0.197718631,0.315589353,0.486692015,0.3046875,0.0625,0.4738806,0.25,0.2761194,0.09555189,451,763,1214,"18819"
"Josh Naylor","SDP","AA",20,175,0.308333333,1.38095238,0.173553719,0.479338842,0.347107438,0.166666666,0.047619047,0.31967213,0.27868852,0.40163934,0.08810573,262,419,681,"18839"
"Brandon Lowe","TBR","AA",22,101,0.318840579,1.2,0.214285714,0.428571428,0.357142857,0.16,0.08,0.375,0.27777778,0.34722222,0.12215909,107,245,352,"18882"
"Danny Mendick","CHW","AA",23,165,0.222222222,1.177777777,0.162393162,0.452991452,0.384615384,0.2,0.066666666,0.48360656,0.2295082,0.28688525,0.06784661,259,419,678,"18889"
"Yusniel Diaz","LAD","AA",20,118,0.434210526,1.347826086,0.316455696,0.392405063,0.29113924,0.217391304,0.130434782,0.43037975,0.27848101,0.29113924,0.11161731,175,264,439,"18905"
"Lourdes Gurriel Jr.","TOR","AA",23,185,0.26618705,1.132075471,0.18115942,0.434782608,0.384057971,0.301886792,0.075471698,0.51048951,0.18881119,0.3006993,0.07057057,232,434,666,"19238"
"Jose Miguel Fernandez","LAD","AA",29,369,0.299651567,1.695652173,0.167785234,0.523489932,0.308724832,0.184782608,0.173913043,0.46052632,0.23684211,0.30263158,0.07125891,473,790,1263,"19254"
"Adolis Garcia","STL","AA",24,342,0.337777777,1.204819277,0.211206896,0.431034482,0.35775862,0.240963855,0.144578313,0.51680672,0.19327731,0.28991597,0.1294964,424,827,1251,"19287"
"Randy Arozarena","STL","AA",22,195,0.299212598,1.306122448,0.1171875,0.5,0.3828125,0.285714285,0.061224489,0.49618321,0.24427481,0.25954198,0.10075567,327,467,794,"19290"
"Nick Senzel","CIN","AA",22,235,0.391025641,1.58490566,0.169696969,0.509090909,0.321212121,0.188679245,0.188679245,0.44311377,0.23952096,0.31736527,0.10227273,343,537,880,"19293"
"Nick Solak","NYY","AA",22,132,0.340425531,2.111111111,0.125,0.59375,0.28125,0.222222222,0.074074074,0.36082474,0.27835052,0.36082474,0.06324111,184,322,506,"19294"
"Matt Thaiss","LAA","AA",22,221,0.389312977,1.475,0.244274809,0.450381679,0.305343511,0.25,0.025,0.36567164,0.25373134,0.38059701,0.09534368,378,524,902,"19318"
"Jose Rojas","LAA","AA",24,185,0.255474452,0.98076923,0.258992805,0.366906474,0.374100719,0.307692307,0.076923076,0.43661972,0.20422535,0.35915493,0.109375,226,478,704,"19331"
"Yadiel Hernandez","WSN","AA",29,460,0.322981366,2.324675324,0.219512195,0.545731707,0.234756097,0,0.155844155,0.35119048,0.30059524,0.34821429,0.09468439,710,1096,1806,"19334"
"Nicky Lopez","KCR","AA",22,253,0.295566502,2.644444444,0.16751269,0.604060913,0.228426395,0.266666666,0,0.30882353,0.28921569,0.40196078,0.04901961,326,592,918,"19339"
"Sean Murphy","OAK","AA",22,217,0.232258064,1.680851063,0.187096774,0.509677419,0.303225806,0.212765957,0.085106382,0.47169811,0.26415094,0.26415094,0.05679012,304,506,810,"19352"
"Austin Hays","BAL","AA",21,283,0.344827586,1.063291139,0.234741784,0.394366197,0.370892018,0.265822784,0.202531645,0.54090909,0.22727273,0.23181818,0.10602911,320,642,962,"19363"
"Tommy Edman","STL","AA",22,239,0.281081081,1.466666666,0.19125683,0.480874316,0.327868852,0.183333333,0.033333333,0.39361702,0.2287234,0.37765957,0.0749354,281,493,774,"19470"
"Andrew Knizner","STL","AA",22,202,0.354838709,1.403846153,0.193548387,0.470967741,0.33548387,0.096153846,0.076923076,0.37735849,0.31446541,0.3081761,0.1037464,221,473,694,"19514"
"Sheldon Neuse","OAK","AA",22,75,0.531914893,3.666666666,0.404255319,0.468085106,0.127659574,0.166666666,0,0.40425532,0.23404255,0.36170213,0.13684211,90,195,285,"19635"
"Fernando Tatis Jr.","SDP","AA",18,57,0.351351351,1.307692307,0.210526315,0.447368421,0.342105263,0.384615384,0.076923076,0.31578947,0.31578947,0.36842105,0.13913043,75,155,230,"19709"
"Ozzie Martinez","CHC","AA",29,51,0.288888888,1.166666666,0.152173913,0.456521739,0.391304347,0.5,0.055555555,0.43478261,0.2173913,0.34782609,0.03030303,57,108,165,"3900"
"Jerry Sands","SFG","AA",29,254,0.353293413,1.09090909,0.188235294,0.423529411,0.388235294,0.136363636,0.075757575,0.45930233,0.25,0.29069767,0.0970297,431,579,1010,"4016"
"Miguel Gonzalez","DET","AA",26,102,0.260869565,0.59375,0.291666666,0.263888888,0.444444444,0.3125,0.125,0.45205479,0.23287671,0.31506849,0.08033241,140,221,361,"4049"
"Emilio Bonifacio","ARI","AA",32,100,0.328947368,1.321428571,0.097222222,0.513888888,0.388888888,0.178571428,0.035714285,0.43209877,0.17283951,0.39506173,0.05681818,115,237,352,"4054"
"Logan Watkins","DET","AA",27,285,0.283505154,1.559322033,0.213541666,0.479166666,0.307291666,0.288135593,0.033898305,0.475,0.255,0.27,0.06899724,440,647,1087,"4875"
"Caleb Gindl","SFG","AA",28,185,0.3125,0.950819672,0.111940298,0.43283582,0.45522388,0.098360655,0.13114754,0.44117647,0.32352941,0.23529412,0.08941878,250,421,671,"5002"
"Corban Joseph","WSN","AA",28,226,0.304597701,1.29032258,0.211111111,0.444444444,0.344444444,0.177419354,0.112903225,0.41530055,0.25136612,0.33333333,0.05263158,328,489,817,"5503"
"Neftali Soto","WSN","AA",28,280,0.380208333,1.553571428,0.285,0.435,0.28,0.142857142,0.178571428,0.44554455,0.1980198,0.35643564,0.11152765,404,663,1067,"5663"
"Devin Mesoraco","CIN","AA",29,55,0.194444444,0.888888888,0.055555555,0.444444444,0.5,0.333333333,0.055555555,0.40540541,0.32432432,0.27027027,0.13274336,87,139,226,"5666"
"Travis Denker","ARI","AA",31,228,0.326530612,0.779411764,0.203947368,0.34868421,0.447368421,0.264705882,0.102941176,0.46103896,0.25324675,0.28571429,0.0694165,414,580,994,"6155"
"Ryan Lollis","SFG","AA",30,178,0.269503546,1.65,0.226277372,0.481751824,0.291970802,0.2,0,0.35460993,0.20567376,0.43971631,0.07109005,220,413,633,"6623"
"Jermaine Curtis","OAK","AA",29,250,0.380368098,1.617021276,0.245398773,0.466257668,0.288343558,0.14893617,0.021276595,0.43902439,0.2195122,0.34146341,0.08110781,422,589,1011,"7765"
"Jackson Williams","PIT","AA",31,97,0.253731343,1.761904761,0.147058823,0.544117647,0.308823529,0.285714285,0.047619047,0.41176471,0.27941176,0.30882353,0.08974359,143,247,390,"8524"
"Audry Perez","BAL","AA",28,204,0.345679012,1.510204081,0.23125,0.4625,0.30625,0.224489795,0.040816326,0.47560976,0.26219512,0.26219512,0.09261939,241,450,691,"9176"
"Jeff Kobernus","SEA","AA",29,150,0.283018867,2,0.228571428,0.514285714,0.257142857,0.148148148,0,0.34862385,0.28440367,0.36697248,0.08058608,188,358,546,"9591"
"Cody Decker","NYM","AA",30,134,0.315068493,0.675675675,0.215189873,0.316455696,0.46835443,0.216216216,0.189189189,0.5625,0.225,0.2125,0.17029703,189,316,505,"9665"
"Steven Baron","SEA","AA",26,57,0.236842105,1.461538461,0.157894736,0.5,0.342105263,0.153846153,0.076923076,0.38461538,0.23076923,0.38461538,0.11330049,70,133,203,"9787"
"Mario Lisson","WSN","AA",33,228,0.217687074,2.243243243,0.210526315,0.546052631,0.243421052,0.189189189,0.189189189,0.5,0.19480519,0.30519481,0.103125,361,599,960,"sa202240"
"Allan de San Miguel","KCR","AA",29,126,0.298850574,1.09375,0.211764705,0.411764705,0.376470588,0.21875,0.03125,0.42045455,0.21590909,0.36363636,0.10810811,152,292,444,"sa295122"
"Jeremy Barfield","BOS","AA",28,384,0.31441048,0.53030303,0.204724409,0.275590551,0.519685039,0.272727272,0.204545454,0.5703125,0.25390625,0.17578125,0.134938,509,862,1371,"sa327073"
"Dan Rohlfing","MIN","AA",28,251,0.224,1.279069767,0.216,0.44,0.344,0.116279069,0.093023255,0.47692308,0.18461538,0.33846154,0.15208748,358,648,1006,"sa389665"
"Quincy Latimore","LAD","AA",28,166,0.322314049,0.942307692,0.178861788,0.398373983,0.422764227,0.307692307,0.038461538,0.5203252,0.18699187,0.29268293,0.09443508,200,393,593,"sa389676"
"Myles Schroder","SFG","AA",29,385,0.317269076,0.72173913,0.214285714,0.329365079,0.456349206,0.234782608,0.060869565,0.43678161,0.27586207,0.28735632,0.1054036,582,917,1499,"sa392193"
"Anthony Phillips","COL","AA",27,314,0.266666666,1.285714285,0.161904761,0.471428571,0.366666666,0.207792207,0.051948051,0.48623853,0.23394495,0.27981651,0.10996564,399,765,1164,"sa392886"
"Eliezer Zambrano","SFG","AA",30,118,0.239583333,2.04,0.164835164,0.56043956,0.274725274,0.16,0,0.39583333,0.20833333,0.39583333,0.10282776,118,271,389,"sa393574"
"Gustavo Nunez","NYM","AA",29,280,0.30316742,1.652173913,0.152777777,0.527777777,0.319444444,0.144927536,0.014492753,0.37333333,0.28888889,0.33777778,0.08165429,330,613,943,"sa446859"
"Zach Collier","WSN","AA",26,106,0.396825396,1.35,0.276923076,0.415384615,0.307692307,0.3,0.1,0.50769231,0.21538462,0.27692308,0.14285714,155,272,427,"sa454396"
"Kenny Wilson","OAK","AA",27,76,0.291666666,1.8,0.16,0.54,0.3,0.066666666,0.133333333,0.44,0.28,0.28,0.09642857,108,172,280,"sa454437"
"Rene Garcia","MIL","AA",27,52,0.351351351,1.333333333,0.263157894,0.421052631,0.315789473,0.25,0.083333333,0.44736842,0.26315789,0.28947368,0.06806283,68,123,191,"sa454693"
"Harold Martinez","PHI","AA",27,110,0.282051282,1.161290322,0.141025641,0.461538461,0.397435897,0.258064516,0.032258064,0.3625,0.2375,0.4,0.10659898,150,244,394,"sa455422"
"Zack Cox","DET","AA",28,313,0.357487922,1.875,0.225961538,0.504807692,0.269230769,0.089285714,0.053571428,0.38571429,0.25238095,0.36190476,0.11074651,446,773,1219,"sa455436"
"Vladimir Frias","ARI","AA",30,121,0.257731958,1.114285714,0.237113402,0.402061855,0.360824742,0.228571428,0,0.41836735,0.2244898,0.35714286,0.0940367,143,293,436,"sa455557"
"Angel Franco","ARI","AA",27,59,0.347826086,1.5625,0.108695652,0.54347826,0.347826086,0.125,0,0.52173913,0.2173913,0.26086957,0.1036036,73,149,222,"sa455631"
"Emerson Landoni","ATL","AA",28,57,0.23076923,5.4,0.179487179,0.692307692,0.128205128,0.6,0,0.41025641,0.17948718,0.41025641,0.08673469,69,127,196,"sa455907"
"Gabriel Noriega","MIL","AA",26,140,0.275229357,1.806451612,0.216216216,0.504504504,0.279279279,0.225806451,0.064516129,0.33333333,0.26126126,0.40540541,0.14398422,148,359,507,"sa455932"
"Garabez Rosa","BAL","AA",27,544,0.35835351,1.952380952,0.256594724,0.491606714,0.251798561,0.171428571,0.133333333,0.41686183,0.23185012,0.35128806,0.12943072,548,1314,1862,"sa455978"
"Jose Gonzalez","MIN","AA",30,88,0.224489795,1.352941176,0.166666666,0.479166666,0.354166666,0.294117647,0.058823529,0.34,0.28,0.38,0.13513514,142,228,370,"sa456023"
"Carlos Paulino","MIN","AA",27,97,0.4,1.086956521,0.314285714,0.357142857,0.328571428,0.173913043,0,0.3943662,0.32394366,0.28169014,0.10136986,150,215,365,"sa456100"
"Jio Mier","NYM","AA",26,113,0.306666666,0.714285714,0.2,0.333333333,0.466666666,0.257142857,0.057142857,0.49350649,0.20779221,0.2987013,0.0969163,169,285,454,"sa500732"
"Kelly Dugan","ARI","AA",26,359,0.301801801,0.891089108,0.183760683,0.384615384,0.431623931,0.188118811,0.128712871,0.47234043,0.25106383,0.27659574,0.13151927,495,828,1323,"sa500838"
"Jan Vazquez","COL","AA",26,224,0.360902255,0.898305084,0.164179104,0.395522388,0.440298507,0.305084745,0.101694915,0.45138889,0.26388889,0.28472222,0.10332951,361,510,871,"sa501536"
"K.C. Hobson","SFG","AA",26,223,0.280575539,0.811594202,0.155405405,0.378378378,0.466216216,0.289855072,0.159420289,0.48322148,0.2147651,0.30201342,0.11947431,304,533,837,"sa501541"
"Stephen Perez","WSN","AA",26,274,0.284810126,1.059701492,0.142857142,0.440993788,0.416149068,0.223880597,0.059701492,0.4702381,0.28571429,0.24404762,0.10526316,417,628,1045,"sa501997"
"Anthony Garcia","STL","AA",25,398,0.328301886,0.944954128,0.226277372,0.375912408,0.397810218,0.174311926,0.137614678,0.41992883,0.29537367,0.28469751,0.0728673,664,1024,1688,"sa502038"
"Joey Wong","SEA","AA",29,473,0.294871794,2.333333333,0.225806451,0.541935483,0.232258064,0.222222222,0.027777777,0.40186916,0.25856698,0.33956386,0.06433054,794,1118,1912,"sa502131"
"Victor Roache","MIL","AA",25,80,0.270833333,2,0.234042553,0.510638297,0.255319148,0.333333333,0,0.60416667,0.27083333,0.125,0.16233766,115,193,308,"sa502154"
"Edgar Corcino","MIN","AA",25,447,0.344311377,1.04032258,0.247023809,0.383928571,0.369047619,0.209677419,0.048387096,0.39589443,0.28445748,0.31964809,0.08658009,625,992,1617,"sa502309"
"Jonathan Rodriguez","MIN","AA",27,524,0.368078175,1.096491228,0.266871165,0.383435582,0.349693251,0.236842105,0.184210526,0.50609756,0.25304878,0.24085366,0.10761278,906,1222,2128,"sa503023"
"Cam Maron","MIA","AA",26,270,0.313513513,0.925,0.180851063,0.393617021,0.425531914,0.175,0.0625,0.31052632,0.35263158,0.33684211,0.05605787,449,657,1106,"sa503041"
"Patrick Biondi","NYM","AA",26,303,0.294117647,2.346938775,0.188118811,0.56930693,0.242574257,0.163265306,0.040816326,0.37198068,0.19323671,0.43478261,0.07685433,429,690,1119,"sa503056"
"Alex Glenn","MIA","AA",26,220,0.253846153,0.741935483,0.175572519,0.351145038,0.473282442,0.322580645,0.048387096,0.57462687,0.17164179,0.25373134,0.1184669,308,553,861,"sa503215"
"Art Charles","MIL","AA",26,122,0.257575757,0.71875,0.153846153,0.353846153,0.492307692,0.15625,0.0625,0.44927536,0.23188406,0.31884058,0.15277778,187,317,504,"sa503326"
"Jeff Gelalich","CHW","AA",26,86,0.381818181,0.857142857,0.303571428,0.321428571,0.375,0.142857142,0.047619047,0.27586207,0.4137931,0.31034483,0.10280374,121,200,321,"sa503399"
"Francisco Diaz","NYY","AA",27,172,0.266666666,1.456521739,0.150375939,0.503759398,0.345864661,0.130434782,0,0.36029412,0.24264706,0.39705882,0.0784,211,414,625,"sa505229"
"Anderson Feliz","PIT","AA",25,204,0.322834645,1.96875,0.24,0.504,0.256,0.15625,0.0625,0.37121212,0.31818182,0.31060606,0.13092269,301,501,802,"sa505526"
"Alex Monsalve","TOR","AA",25,84,0.31081081,1.52,0.136986301,0.520547945,0.342465753,0.24,0,0.39189189,0.18918919,0.41891892,0.06484642,93,200,293,"sa505988"
"Keury De La Cruz","SEA","AA",25,127,0.295918367,1.25,0.257731958,0.412371134,0.329896907,0.375,0,0.37755102,0.30612245,0.31632653,0.11397849,161,304,465,"sa506223"
"Heiker Meneses","BOS","AA",25,80,0.280701754,1.04347826,0.145454545,0.436363636,0.418181818,0.260869565,0,0.54237288,0.13559322,0.3220339,0.07342657,111,175,286,"sa506229"
"Juan Ciriaco","COL","AA",26,99,0.210526315,1.576923076,0.094594594,0.554054054,0.351351351,0.192307692,0.076923076,0.4,0.3625,0.2375,0.0952381,92,202,294,"sa506307"
"Carlos Garcia","SFG","AA",25,139,0.267857142,1.315789473,0.185185185,0.462962962,0.351851851,0.236842105,0.052631578,0.45132743,0.23893805,0.30973451,0.07321773,171,348,519,"sa506356"
"Carlos Franco","ATL","AA",25,165,0.351063829,1.333333333,0.266666666,0.419047619,0.314285714,0.181818181,0.333333333,0.46728972,0.29906542,0.23364486,0.14306569,265,420,685,"sa506528"
"Ali Castillo","SFG","AA",28,110,0.319148936,1.464285714,0.25,0.445652173,0.304347826,0.285714285,0,0.28723404,0.35106383,0.36170213,0.04043127,124,247,371,"sa507143"
"Jose Rosario","BOS","AA",25,55,0.189189189,1.384615384,0.162162162,0.486486486,0.351351351,0.461538461,0,0.35897436,0.15384615,0.48717949,0.11675127,55,142,197,"sa507166"
"Aderlin Rodriguez","BAL","AA",25,536,0.31043956,1.287878787,0.207349081,0.446194225,0.346456692,0.234848484,0.166666666,0.42746114,0.26683938,0.30569948,0.12733704,700,1279,1979,"sa511026"
"Noah Perio","SDP","AA",25,466,0.317934782,1.248062015,0.216216216,0.435135135,0.348648648,0.232558139,0.031007751,0.42895442,0.22252011,0.34852547,0.08722741,531,1074,1605,"sa513056"
"Leon Landry","CIN","AA",27,112,0.25609756,0.736842105,0.175,0.35,0.475,0.421052631,0,0.55421687,0.21686747,0.22891566,0.13577023,118,265,383,"sa526198"
"Levi Michael","MIN","AA",26,341,0.352941176,1.542372881,0.264705882,0.446078431,0.289215686,0.220338983,0.101694915,0.4549763,0.23696682,0.30805687,0.10298295,531,877,1408,"sa526207"
"Chris O'Brien","BAL","AA",27,90,0.24074074,0.782608695,0.267857142,0.321428571,0.410714285,0.173913043,0.086956521,0.375,0.28571429,0.33928571,0.0795107,135,192,327,"sa526558"
"Willie Argo","SEA","AA",27,71,0.27027027,0.631578947,0.184210526,0.315789473,0.5,0.421052631,0.105263157,0.58974359,0.12820513,0.28205128,0.13851351,93,203,296,"sa546652"
"Khayyan Norfork","WSN","AA",28,317,0.336448598,1.5,0.272300469,0.436619718,0.291079812,0.193548387,0.048387096,0.48636364,0.26818182,0.24545455,0.08674304,483,739,1222,"sa546794"
"Nick Rickles","WSN","AA",27,107,0.252873563,0.541666666,0.177777777,0.288888888,0.533333333,0.208333333,0.083333333,0.45054945,0.25274725,0.2967033,0.08938547,117,241,358,"sa546837"
"Paul Hoenecke","LAD","AA",26,184,0.25,0.862068965,0.175572519,0.381679389,0.442748091,0.155172413,0.120689655,0.48854962,0.20610687,0.30534351,0.0896861,211,458,669,"sa546964"
"Rodrigo Vigil","MIA","AA",24,93,0.366197183,2.111111111,0.188405797,0.550724637,0.260869565,0.166666666,0,0.48611111,0.23611111,0.27777778,0.08303249,93,184,277,"sa547818"
"Armando Araiza","ATL","AA",24,55,0.235294117,0.421052631,0.228571428,0.228571428,0.542857142,0.157894736,0.052631578,0.52777778,0.30555556,0.16666667,0.13586957,65,119,184,"sa547843"
"Luigi Rodriguez","CLE","AA",24,309,0.364640883,1.109589041,0.202072538,0.419689119,0.378238341,0.109589041,0.178082191,0.38265306,0.31632653,0.30102041,0.15748709,377,785,1162,"sa547914"
"Erick Salcedo","BAL","AA",24,460,0.282913165,1.548672566,0.191011235,0.491573033,0.31741573,0.371681415,0.044247787,0.51081081,0.24054054,0.24864865,0.07244502,587,959,1546,"sa548029"
"Gabriel Lino","STL","AA",24,218,0.356060606,1.020408163,0.261194029,0.373134328,0.365671641,0.183673469,0.081632653,0.40441176,0.23529412,0.36029412,0.13092269,272,530,802,"sa548048"
"Gabriel Quintana","DET","AA",24,466,0.315254237,1.112068965,0.214743589,0.413461538,0.371794871,0.267241379,0.189655172,0.49211356,0.26182965,0.24605678,0.1677771,518,1133,1651,"sa548052"
"Luis Tejada","LAA","AA",24,187,0.238461538,1.070175438,0.106060606,0.462121212,0.431818181,0.245614035,0.052631578,0.48507463,0.19402985,0.32089552,0.13090418,256,485,741,"sa548053"
"Drew Vettleson","TEX","AA",25,106,0.262295081,1.363636363,0.133333333,0.5,0.366666666,0.363636363,0.136363636,0.43939394,0.27272727,0.28787879,0.16708229,148,253,401,"sa548166"
"Matt Lipka","TEX","AA",25,102,0.238095238,1.4,0.172413793,0.48275862,0.344827586,0.45,0,0.46031746,0.23809524,0.3015873,0.16666667,130,248,378,"sa548175"
"Stetson Allie","LAD","AA",26,99,0.382978723,0.8,0.25,0.333333333,0.416666666,0.35,0.05,0.4375,0.33333333,0.22916667,0.17401961,156,252,408,"sa548192"
"Marcus Littlewood","SEA","AA",25,300,0.28229665,0.891304347,0.190697674,0.381395348,0.427906976,0.27173913,0.097826086,0.52752294,0.21559633,0.25688073,0.11718062,420,715,1135,"sa548261"
"Sean Coyle","BAL","AA",25,150,0.24742268,1.194444444,0.18556701,0.443298969,0.37113402,0.472222222,0.027777777,0.46938776,0.20408163,0.32653061,0.11167513,226,365,591,"sa548268"
"Angelo Gumbs","CIN","AA",24,163,0.286956521,2.518518518,0.166666666,0.596491228,0.236842105,0.185185185,0.037037037,0.45689655,0.21551724,0.32758621,0.10291859,245,406,651,"sa548279"
"Justin O'Conner","TBR","AA",25,274,0.297619047,1.216666666,0.226744186,0.424418604,0.348837209,0.183333333,0.116666666,0.42372881,0.24858757,0.32768362,0.13326848,347,681,1028,"sa548314"
"Dickie Joe Thon","STL","AA",25,184,0.327272727,0.934782608,0.21238938,0.380530973,0.407079646,0.130434782,0.086956521,0.41880342,0.31623932,0.26495726,0.14939024,225,431,656,"sa548351"
"Wynston Sawyer","LAD","AA",25,201,0.338129496,1.176470588,0.207142857,0.428571428,0.364285714,0.098039215,0.078431372,0.41958042,0.26573427,0.31468531,0.07168459,299,538,837,"sa548430"
"Jake DePew","BOS","AA",25,112,0.253164556,1.29032258,0.12345679,0.49382716,0.382716049,0.225806451,0.064516129,0.41975309,0.27160494,0.30864198,0.1025641,151,278,429,"sa548454"
"David Vidal","MIA","AA",27,432,0.325503355,1.162393162,0.173202614,0.444444444,0.382352941,0.213675213,0.085470085,0.49679487,0.26282051,0.24038462,0.09592326,662,1006,1668,"sa548470"
"Hunter Jones","CHW","AA",25,464,0.263322884,1.252173913,0.190625,0.45,0.359375,0.173913043,0.060869565,0.46808511,0.22492401,0.30699088,0.13496933,598,1032,1630,"sa548556"
"Chace Numata","PHI","AA",24,340,0.269662921,1.393617021,0.169741697,0.483394833,0.346863468,0.202127659,0.042553191,0.48339483,0.21402214,0.30258303,0.0918197,461,737,1198,"sa549139"
"Ronald Bueno","CHW","AA",24,67,0.217391304,1.666666666,0.14893617,0.531914893,0.319148936,0.333333333,0.066666666,0.52083333,0.1875,0.29166667,0.04642857,109,171,280,"sa549192"
"Ryan Casteel","SEA","AA",26,424,0.316498316,1.034782608,0.222591362,0.395348837,0.3820598,0.234782608,0.104347826,0.47249191,0.23624595,0.29126214,0.10998093,562,1011,1573,"sa549286"
"Jeff Arnold","SFG","AA",29,221,0.25,0.901960784,0.156521739,0.4,0.44347826,0.117647058,0.117647058,0.45378151,0.18487395,0.36134454,0.14060742,347,542,889,"sa549361"
"Jose Vinicio","CHW","AA",23,210,0.279720279,1.23076923,0.2,0.44137931,0.358620689,0.326923076,0.057692307,0.53020134,0.24161074,0.22818792,0.12939698,257,539,796,"sa549538"
"Viosergy Rosa","OAK","AA",27,585,0.306451612,1.235714285,0.182767624,0.451697127,0.365535248,0.114285714,0.128571428,0.43765903,0.25445293,0.30788804,0.10929648,911,1477,2388,"sa549558"
"Dominic Ficociello","DET","AA",25,378,0.390041493,2.666666666,0.278688524,0.524590163,0.196721311,0.0625,0.145833333,0.38955823,0.24497992,0.36546185,0.14521679,568,885,1453,"sa549668"
"Dustin Geiger","MIA","AA",25,126,0.267605633,0.727272727,0.219178082,0.328767123,0.452054794,0.212121212,0.151515151,0.47368421,0.31578947,0.21052632,0.14606742,158,287,445,"sa549747"
"Jay Gonzalez","BAL","AA",25,167,0.365384615,5.333333333,0.24,0.64,0.12,0.166666666,0,0.28971963,0.19626168,0.51401869,0.06906077,304,420,724,"sa549777"
"Stewart Ijames","ARI","AA",28,163,0.290697674,0.790697674,0.163043478,0.369565217,0.467391304,0.139534883,0.139534883,0.48913043,0.2826087,0.22826087,0.12765957,268,437,705,"sa549845"
"Taylor Ard","MIA","AA",27,413,0.273469387,0.557971014,0.153543307,0.303149606,0.543307086,0.253623188,0.086956521,0.46124031,0.27131783,0.26744186,0.14862268,535,1026,1561,"sa550014"
"Michael O'Neill","TEX","AA",25,309,0.346153846,1.264705882,0.189473684,0.452631578,0.357894736,0.308823529,0.117647058,0.46596859,0.26701571,0.26701571,0.12023709,422,759,1181,"sa550175"
"Darian Sandford","WSN","AA",30,169,0.302752293,1.647058823,0.142857142,0.533333333,0.323809523,0.323529411,0,0.41964286,0.25892857,0.32142857,0.0813253,256,408,664,"sa550302"
"Tyler Marincov","OAK","AA",25,327,0.356382978,1.013333333,0.225641025,0.389743589,0.384615384,0.24,0.12,0.45959596,0.24747475,0.29292929,0.14109483,454,843,1297,"sa550348"
"Eric Jagielo","CIN","AA",25,228,0.291044776,0.809523809,0.173913043,0.369565217,0.456521739,0.333333333,0.079365079,0.5323741,0.17266187,0.29496403,0.11958998,359,519,878,"sa550383"
"Damek Tomscha","PHI","AA",25,175,0.335766423,1.489361702,0.145985401,0.510948905,0.343065693,0.127659574,0.085106382,0.44055944,0.27972028,0.27972028,0.07758621,208,372,580,"sa550391"
"Alberth Martinez","SDP","AA",26,430,0.278688524,1.115702479,0.171521035,0.436893203,0.39158576,0.338842975,0.082644628,0.45714286,0.27619048,0.26666667,0.10032573,542,993,1535,"sa550588"
"Jonathan Reynoso","CIN","AA",24,79,0.327272727,1.705882352,0.178571428,0.517857142,0.303571428,0.235294117,0.117647058,0.35087719,0.26315789,0.38596491,0.1010453,107,180,287,"sa551309"
"L.J. Mazzilli","NYM","AA",26,371,0.296296296,0.972222222,0.208178438,0.390334572,0.401486988,0.194444444,0.037037037,0.44160584,0.24452555,0.31386861,0.06877579,588,866,1454,"sa577753"
"Kevin Medrano","ARI","AA",27,298,0.38028169,2.930232558,0.195238095,0.6,0.204761904,0.046511627,0.069767441,0.33333333,0.27111111,0.39555556,0.07749077,369,715,1084,"sa577957"
"Cameron Seitzer","CHW","AA",27,253,0.26993865,0.802631578,0.174698795,0.367469879,0.457831325,0.210526315,0.078947368,0.49112426,0.25443787,0.25443787,0.08674464,395,631,1026,"sa578022"
"Levi Hyams","ATL","AA",27,97,0.246376811,1.85,0.173913043,0.536231884,0.289855072,0.35,0,0.34285714,0.31428571,0.34285714,0.12732095,123,254,377,"sa578168"
"Sharif Othman","NYY","AA",28,52,0.324324324,1.23076923,0.236842105,0.421052631,0.342105263,0.23076923,0.153846153,0.46153846,0.20512821,0.33333333,0.17741935,53,133,186,"sa578858"
"Isaac Ballou","WSN","AA",27,142,0.278481012,1,0.160493827,0.419753086,0.419753086,0.323529411,0.058823529,0.44578313,0.22891566,0.3253012,0.13861386,245,361,606,"sa579269"
"Joe Sever","CLE","AA",26,481,0.328651685,2.086956521,0.197740112,0.542372881,0.259887005,0.130434782,0.076086956,0.31318681,0.23901099,0.4478022,0.08174692,630,1156,1786,"sa579296"
"Jordan Smith","CLE","AA",26,179,0.336134453,1.727272727,0.256198347,0.47107438,0.272727272,0.212121212,0.06060606,0.40163934,0.22131148,0.37704918,0.08085106,252,453,705,"sa579297"
"Cal Towey","MIA","AA",27,95,0.309523809,0.85,0.139534883,0.395348837,0.465116279,0.2,0.05,0.44186047,0.27906977,0.27906977,0.16049383,176,229,405,"sa579778"
"Gianfranco Wawoe","SEA","AA",22,61,0.274509803,1.466666666,0.274509803,0.431372549,0.294117647,0.266666666,0,0.49019608,0.15686275,0.35294118,0.08415842,62,140,202,"sa596239"
"Argenis Raga","OAK","AA",22,105,0.242857142,1.826086956,0.084507042,0.591549295,0.323943661,0.173913043,0.086956521,0.46575342,0.15068493,0.38356164,0.10230179,149,242,391,"sa596833"
"Yonathan Mendoza","CLE","AA",23,55,0.219512195,1.125,0.19047619,0.428571428,0.38095238,0.5,0.0625,0.33333333,0.21428571,0.45238095,0.04739336,84,127,211,"sa596904"
"Carlos Penalver","CHC","AA",23,413,0.299363057,1.120967741,0.159744408,0.444089456,0.396166134,0.274193548,0.024193548,0.47368421,0.24767802,0.27863777,0.08831909,461,943,1404,"sa596953"
"Edwin Espinal","PIT","AA",23,397,0.287096774,1.171171171,0.249221183,0.404984423,0.345794392,0.198198198,0.135135135,0.4,0.24615385,0.35384615,0.08563722,496,987,1483,"sa596971"
"Cleuluis Rondon","CHW","AA",23,178,0.272727272,1.939393939,0.191666666,0.533333333,0.275,0.242424242,0,0.45967742,0.22580645,0.31451613,0.14733542,205,433,638,"sa596998"
"Mauricio Ramos","KCR","AA",25,378,0.315175097,1.623376623,0.229007633,0.477099236,0.293893129,0.298701298,0.142857142,0.49070632,0.23048327,0.27881041,0.13333333,395,910,1305,"sa597006"
"Jeffrey Baez","CHC","AA",23,309,0.239234449,0.88172043,0.193548387,0.377880184,0.428571428,0.301075268,0.107526881,0.54751131,0.20361991,0.24886878,0.11917098,430,728,1158,"sa597088"
"Alberto Triunfel","LAA","AA",23,325,0.29787234,1.423076923,0.192307692,0.474358974,0.333333333,0.243589743,0.038461538,0.52263374,0.22222222,0.25514403,0.0887574,408,775,1183,"sa597103"
"Deiner Lopez","BOS","AA",23,255,0.329268292,1.974358974,0.283950617,0.475308641,0.24074074,0.256410256,0.076923076,0.46783626,0.19883041,0.33333333,0.16296296,316,629,945,"sa597152"
"Angelo Mora","PHI","AA",24,322,0.344978165,1.226190476,0.207627118,0.436440677,0.355932203,0.202380952,0.107142857,0.46025105,0.22594142,0.31380753,0.13657195,375,716,1091,"sa597177"
"Emilio Guerrero","TOR","AA",24,286,0.320388349,1.048192771,0.170731707,0.424390243,0.404878048,0.13253012,0.048192771,0.41706161,0.21800948,0.36492891,0.11043478,393,757,1150,"sa597507"
"Rando Moreno","SFG","AA",25,199,0.229813664,1.729166666,0.18125,0.51875,0.3,0.395833333,0,0.39130435,0.20496894,0.40372671,0.0804769,231,440,671,"sa597695"
"Travis Harrison","MIN","AA",24,335,0.259887005,0.813333333,0.235955056,0.342696629,0.421348314,0.28,0.04,0.5359116,0.19337017,0.27071823,0.13821138,536,817,1353,"sa597772"
"Dante Bichette","NYY","AA",24,281,0.310880829,1.542372881,0.214659685,0.47643979,0.308900523,0.237288135,0.06779661,0.44444444,0.21212121,0.34343434,0.0971223,427,685,1112,"sa597776"
"Granden Goetzman","TBR","AA",24,95,0.265625,1.571428571,0.15625,0.515625,0.328125,0.238095238,0.142857142,0.57352941,0.19117647,0.23529412,0.17629179,109,220,329,"sa597785"
"Brett Austin","CHW","AA",24,169,0.285714285,0.886363636,0.186274509,0.382352941,0.431372549,0.136363636,0.09090909,0.39805825,0.31067961,0.29126214,0.14503817,244,411,655,"sa597795"
"Tyler Marlette","SEA","AA",24,405,0.292592592,1.212121212,0.209386281,0.433212996,0.357400722,0.292929292,0.111111111,0.41637011,0.2455516,0.33807829,0.13431833,547,942,1489,"sa597836"
"Jake Lowery","WSN","AA",26,66,0.3,0.9375,0.205128205,0.384615384,0.41025641,0.125,0,0.5,0.25,0.25,0.09489051,115,159,274,"sa597837"
"Dan Gamache","WSN","AA",26,429,0.313793103,1.764705882,0.189655172,0.517241379,0.293103448,0.117647058,0.058823529,0.37919463,0.23489933,0.38590604,0.09584296,641,1091,1732,"sa597966"
"Daniel Lockhart","ARI","AA",24,91,0.223880597,0.552631578,0.119402985,0.313432835,0.567164179,0.105263157,0.026315789,0.34782609,0.39130435,0.26086957,0.07294833,123,206,329,"sa598065"
"Dustin Houle","MIL","AA",23,163,0.287037037,0.956521739,0.166666666,0.407407407,0.425925925,0.173913043,0.02173913,0.45454545,0.25454545,0.29090909,0.09888357,234,393,627,"sa598106"
"Aaron Brown","PHI","AA",25,92,0.333333333,2.066666666,0.163636363,0.563636363,0.272727272,0.266666666,0.133333333,0.41071429,0.21428571,0.375,0.1761194,95,240,335,"sa598306"
"Todd Hankins","CLE","AA",26,260,0.312883435,0.951612903,0.253086419,0.36419753,0.382716049,0.338709677,0.032258064,0.4852071,0.18934911,0.32544379,0.14345114,331,631,962,"sa598325"
"KC Serna","MIA","AA",27,233,0.294478527,0.743589743,0.160493827,0.358024691,0.481481481,0.192307692,0.051282051,0.4556213,0.27218935,0.27218935,0.08068182,296,584,880,"sa598479"
"Glynn Davis","BAL","AA",25,104,0.301369863,1.291666666,0.225352112,0.436619718,0.338028169,0.375,0.041666666,0.41333333,0.33333333,0.25333333,0.07936508,127,251,378,"sa598601"
"Aneury Tavarez","BOS","AA",25,75,0.4,3.6,0.148148148,0.666666666,0.185185185,0.4,0.1,0.36842105,0.31578947,0.31578947,0.04513889,123,165,288,"sa598684"
"Jeremias Pineda","MIA","AA",26,191,0.342105263,2.464285714,0.133928571,0.616071428,0.25,0.178571428,0,0.46086957,0.26086957,0.27826087,0.09299363,299,486,785,"sa598687"
"John Norwood","MIA","AA",24,539,0.359133126,1.650485436,0.192307692,0.502958579,0.304733727,0.213592233,0.184466019,0.42397661,0.26315789,0.3128655,0.10363636,879,1321,2200,"sa598986"
"Trey Martin","CHC","AA",24,337,0.352678571,0.672727272,0.192982456,0.324561403,0.48245614,0.218181818,0.045454545,0.38864629,0.30567686,0.30567686,0.12767645,395,866,1261,"sa599037"
"Matt Dean","TOR","AA",24,111,0.272727272,1.238095238,0.175438596,0.45614035,0.368421052,0.095238095,0.19047619,0.5,0.20967742,0.29032258,0.16152019,158,263,421,"sa599049"
"Tanner English","MIN","AA",24,74,0.216216216,1.214285714,0.138888888,0.472222222,0.388888888,0.214285714,0,0.46153846,0.41025641,0.12820513,0.16176471,106,166,272,"sa599081"
"Mason Robbins","CHW","AA",24,505,0.288372093,2.280373831,0.168246445,0.578199052,0.253554502,0.186915887,0.028037383,0.33486239,0.2706422,0.39449541,0.07855763,495,1058,1553,"sa599191"
"Casey Turgeon","STL","AA",24,98,0.283333333,1.04347826,0.216666666,0.4,0.383333333,0.347826086,0.04347826,0.5483871,0.17741935,0.27419355,0.09487179,167,223,390,"sa599227"
"Zach Houchins","LAA","AA",24,518,0.274869109,1.059602649,0.196382428,0.413436692,0.390180878,0.198675496,0.092715231,0.48241206,0.22361809,0.29396985,0.11056106,651,1167,1818,"sa599235"
"Ruben Sosa","KCR","AA",26,132,0.337349397,2.136363636,0.158536585,0.573170731,0.268292682,0.045454545,0.09090909,0.3908046,0.24137931,0.36781609,0.08016032,184,315,499,"sa599247"
"Taylor Sparks","CIN","AA",24,73,0.153846153,0.523809523,0.179487179,0.282051282,0.538461538,0.333333333,0.095238095,0.51219512,0.19512195,0.29268293,0.16027875,104,183,287,"sa599278"
"Mike Papi","CLE","AA",24,352,0.303964757,1.174418604,0.204255319,0.429787234,0.365957446,0.313953488,0.116279069,0.46638655,0.2394958,0.29411765,0.08179232,627,779,1406,"sa599318"
"Josh Tobias","BOS","AA",24,367,0.329501915,1.261363636,0.22265625,0.43359375,0.34375,0.21590909,0.034090909,0.41509434,0.22264151,0.36226415,0.10615883,426,808,1234,"sa599333"
"Derrick Loveless","TOR","AA",24,234,0.345588235,2.5,0.17037037,0.592592592,0.237037037,0.0625,0.03125,0.38848921,0.1942446,0.41726619,0.09637306,400,565,965,"sa599355"
"Drew Stankiewicz","PHI","AA",24,172,0.353448275,0.821428571,0.13559322,0.389830508,0.474576271,0.214285714,0.071428571,0.43801653,0.19834711,0.36363636,0.07724719,279,433,712,"sa599531"
"Taylor Murphy","CLE","AA",24,96,0.276595744,1.222222222,0.183673469,0.448979591,0.367346938,0.222222222,0.166666666,0.46,0.2,0.34,0.13984169,161,218,379,"sa599536"
"Jerrick Suiter","PIT","AA",24,399,0.34765625,1.345238095,0.245210727,0.432950191,0.32183908,0.083333333,0.119047619,0.31954887,0.27819549,0.40225564,0.09330144,615,1057,1672,"sa599740"
"Kevin Taylor","NYM","AA",25,448,0.325373134,1.693877551,0.207207207,0.498498498,0.294294294,0.193877551,0.030612244,0.31563422,0.24188791,0.44247788,0.05605889,703,1063,1766,"sa599801"
"Jose Cardona","TEX","AA",23,465,0.294736842,1.346774193,0.238219895,0.437172774,0.324607329,0.225806451,0.056451612,0.39030612,0.25765306,0.35204082,0.08525641,532,1028,1560,"sa599888"
"Chris Mariscal","SEA","AA",24,171,0.298387096,1.526315789,0.232,0.464,0.304,0.157894736,0.026315789,0.4,0.248,0.352,0.05981595,247,405,652,"sa600255"
"Drew Weeks","COL","AA",24,523,0.286549707,0.807453416,0.173295454,0.369318181,0.457386363,0.229813664,0.105590062,0.43213296,0.26592798,0.30193906,0.12474747,704,1276,1980,"sa602429"
"Kevin Cornelius","CHC","AA",24,140,0.29113924,1.444444444,0.185185185,0.481481481,0.333333333,0.111111111,0.111111111,0.42168675,0.27710843,0.30120482,0.1792976,167,374,541,"sa602665"
"Hunter Cole","SFG","AA",24,319,0.293023255,0.835051546,0.179723502,0.373271889,0.447004608,0.164948453,0.072164948,0.46636771,0.21524664,0.31838565,0.11378205,494,754,1248,"sa603087"
"Andy Paz","OAK","AA",24,197,0.3125,1.720930232,0.181818181,0.517482517,0.3006993,0.093023255,0,0.3862069,0.25517241,0.35862069,0.0843061,283,488,771,"sa603199"
"Tomas Morales","PIT","AA",25,126,0.219780219,1.433333333,0.197802197,0.472527472,0.329670329,0.2,0.066666666,0.43157895,0.25263158,0.31578947,0.09158416,124,280,404,"sa605888"
"Blake Gailen","LAD","AA",32,167,0.327586206,0.788461538,0.243902439,0.333333333,0.422764227,0.269230769,0.134615384,0.47154472,0.24390244,0.28455285,0.06296852,247,420,667,"sa605974"
"Evan Marzilli","ARI","AA",26,355,0.313901345,1.209302325,0.159292035,0.460176991,0.380530973,0.15116279,0.058139534,0.37117904,0.27510917,0.35371179,0.08423181,617,867,1484,"sa621523"
"Alex Yarbrough","MIA","AA",25,406,0.308880308,0.767241379,0.208494208,0.343629343,0.447876447,0.181034482,0.034482758,0.47169811,0.24150943,0.28679245,0.12066906,600,1074,1674,"sa621579"
"Chris Diaz","MIA","AA",26,215,0.29054054,1.264150943,0.183673469,0.455782312,0.360544217,0.188679245,0,0.32666667,0.26666667,0.40666667,0.09135201,303,518,821,"sa621581"
"Rudy Flores","ARI","AA",26,252,0.375757575,1.322580645,0.162790697,0.476744186,0.360465116,0.064516129,0.129032258,0.40229885,0.27586207,0.32183908,0.15392781,319,623,942,"sa621607"
"Mott Hyde","HOU","AA",25,98,0.3125,1.277777777,0.163265306,0.469387755,0.367346938,0.277777777,0.111111111,0.59615385,0.23076923,0.17307692,0.14248705,146,240,386,"sa621678"
"Adam Brett Walker","ATL","AA",25,104,0.307692307,0.689655172,0.183333333,0.333333333,0.483333333,0.275862068,0.344827586,0.51612903,0.20967742,0.27419355,0.24120603,127,271,398,"sa621791"
"Zane Chavez","PIT","AA",30,70,0.125,0.961538461,0.089285714,0.446428571,0.464285714,0.23076923,0,0.5,0.125,0.375,0.078125,102,154,256,"sa628321"
"Jin-De Jhang","PIT","AA",24,296,0.242914979,1.771428571,0.20164609,0.510288065,0.288065843,0.271428571,0.042857142,0.45098039,0.22745098,0.32156863,0.03995902,347,629,976,"sa653546"
"Javier Betancourt","MIL","AA",22,361,0.268551236,1.074074074,0.208480565,0.409893992,0.381625441,0.296296296,0.055555555,0.53264605,0.18213058,0.28522337,0.08023341,472,899,1371,"sa655912"
"Yasiel Balaguert","CHC","AA",24,518,0.29476584,1.067114093,0.176470588,0.425133689,0.398395721,0.201342281,0.10067114,0.45118734,0.22427441,0.32453826,0.1174833,635,1161,1796,"sa656575"
"Eliezer Alvarez","STL","AA",22,209,0.328125,2.028571428,0.190839694,0.541984732,0.267175572,0.171428571,0.114285714,0.37121212,0.1969697,0.43181818,0.13260341,295,527,822,"sa657261"
"Luis Jean","COL","AA",22,146,0.247863247,2,0.169642857,0.553571428,0.276785714,0.29032258,0,0.46610169,0.22881356,0.30508475,0.10891089,178,327,505,"sa657310"
"Emerson Jimenez","COL","AA",22,63,0.2,1.666666666,0.085714285,0.571428571,0.342857142,0.333333333,0,0.41666667,0.19444444,0.38888889,0.16239316,79,155,234,"sa657311"
"Osvaldo Abreu","WSN","AA",23,475,0.313664596,1.447619047,0.194357366,0.476489028,0.329153605,0.209523809,0.047619047,0.46107784,0.2245509,0.31437126,0.1217343,628,1171,1799,"sa657398"
"Alberti Chavez","CIN","AA",21,71,0.236842105,2.3,0.108108108,0.621621621,0.27027027,0.2,0,0.63157895,0.15789474,0.21052632,0.15131579,108,196,304,"sa657456"
"Malquin Canelo","PHI","AA",22,436,0.3003663,1.037037037,0.188191881,0.413284132,0.398523985,0.129629629,0.055555555,0.425,0.26428571,0.31071429,0.13046045,623,1071,1694,"sa657479"
"Arturo Michelena","HOU","AA",22,175,0.275,1.833333333,0.273504273,0.47008547,0.256410256,0.2,0.033333333,0.38842975,0.23966942,0.37190083,0.12082671,206,423,629,"sa657523"
"Tito Polo","NYY","AA",22,143,0.388349514,2.23076923,0.176470588,0.56862745,0.25490196,0.23076923,0.038461538,0.44230769,0.25961538,0.29807692,0.11264822,186,320,506,"sa657705"
"Elvis Escobar","PIT","AA",22,413,0.328025477,1.706521739,0.196774193,0.506451612,0.296774193,0.282608695,0.032608695,0.3490566,0.25157233,0.39937107,0.0969657,547,969,1516,"sa657855"
"Keon Barnum","CHW","AA",24,374,0.275510204,0.844444444,0.209523809,0.361904761,0.428571428,0.233333333,0.177777777,0.39622642,0.28773585,0.31603774,0.15852843,552,943,1495,"sa657864"
"Courtney Hawkins","CHW","AA",23,322,0.252747252,0.855421686,0.185185185,0.375661375,0.439153439,0.361445783,0.120481927,0.48958333,0.27604167,0.234375,0.2082658,397,837,1234,"sa657904"
"Clint Coulter","MIL","AA",23,437,0.271428571,1.058823529,0.143356643,0.44055944,0.416083916,0.19327731,0.117647058,0.47619048,0.24489796,0.27891156,0.11971412,611,1068,1679,"sa657922"
"Adrian Marin","BAL","AA",23,470,0.328488372,1.793814432,0.207602339,0.508771929,0.28362573,0.298969072,0.020618556,0.46306818,0.22443182,0.3125,0.09382151,593,1155,1748,"sa657939"
"Fernando Perez","SDP","AA",23,233,0.287671232,1.25,0.148648648,0.472972972,0.378378378,0.339285714,0.053571428,0.40939597,0.18791946,0.40268456,0.16793066,336,587,923,"sa657942"
"Max White","COL","AA",23,430,0.334677419,0.959595959,0.227091633,0.378486055,0.39442231,0.202020202,0.07070707,0.36434109,0.34883721,0.28682171,0.10872162,676,998,1674,"sa657952"
"BJ Boyd","OAK","AA",23,578,0.363834422,2.852631578,0.195604395,0.595604395,0.208791208,0.178947368,0.052631578,0.37553648,0.24463519,0.37982833,0.10353535,709,1271,1980,"sa657987"
"Nick Basto","CHW","AA",23,531,0.311377245,0.619631901,0.228070175,0.295321637,0.476608187,0.276073619,0.08588957,0.42857143,0.28285714,0.28857143,0.1609538,701,1312,2013,"sa657998"
"Chuck Taylor","SEA","AA",23,545,0.320855614,1.301587301,0.23076923,0.435013262,0.334217506,0.246031746,0.071428571,0.453125,0.234375,0.3125,0.07957189,836,1313,2149,"sa658001"
"Andrew Pullin","PHI","AA",23,296,0.320754716,1.022988505,0.210762331,0.399103139,0.390134529,0.218390804,0.16091954,0.47577093,0.23788546,0.28634361,0.11208577,375,651,1026,"sa658016"
"Angel Ortega","MIL","AA",23,503,0.288,2.34375,0.139410187,0.603217158,0.257372654,0.197916666,0.09375,0.49100257,0.20822622,0.30077121,0.10903955,567,1203,1770,"sa658030"
"Royce Bolinger","TEX","AA",26,349,0.310185185,1.045977011,0.194570135,0.411764705,0.393665158,0.229885057,0.103448275,0.43111111,0.28444444,0.28444444,0.1804878,376,854,1230,"sa658031"
"Luis Valenzuela","ATL","AA",23,251,0.302083333,1.459016393,0.202127659,0.473404255,0.324468085,0.262295081,0.032786885,0.51282051,0.22051282,0.26666667,0.09899889,279,620,899,"sa658081"
"Alfredo Escalera","KCR","AA",22,490,0.331360946,1.53271028,0.198224852,0.4852071,0.316568047,0.439252336,0.06542056,0.44092219,0.20461095,0.35446686,0.1438435,514,1224,1738,"sa658111"
"Jeff McVaney","DET","AA",27,194,0.276119402,1.163265306,0.220588235,0.419117647,0.360294117,0.306122448,0.061224489,0.53284672,0.19708029,0.27007299,0.08344549,283,460,743,"sa658125"
"River Stevens","SDP","AA",25,167,0.264462809,1.90625,0.225,0.508333333,0.266666666,0.21875,0,0.408,0.224,0.368,0.11211573,196,357,553,"sa658130"
"Brett Vertigan","OAK","AA",26,291,0.368421052,1.360655737,0.229946524,0.443850267,0.326203208,0.147540983,0.016393442,0.37823834,0.21243523,0.40932642,0.06001691,490,693,1183,"sa658149"
"Rashad Crawford","NYY","AA",23,419,0.262411347,1.042735042,0.161403508,0.428070175,0.410526315,0.35042735,0.042735042,0.46644295,0.23825503,0.29530201,0.11133333,532,968,1500,"sa658166"
"Correlle Prime","COL","AA",23,297,0.379310344,0.973333333,0.163841807,0.412429378,0.423728813,0.12,0.106666666,0.47282609,0.23913043,0.28804348,0.15580017,438,743,1181,"sa658187"
"Connor Lien","ATL","AA",23,411,0.292682926,1.058139534,0.169014084,0.427230046,0.403755868,0.26744186,0.116279069,0.46296296,0.27777778,0.25925926,0.20652856,535,1058,1593,"sa658195"
"Wade Wass","LAA","AA",25,226,0.339285714,0.9375,0.211864406,0.381355932,0.406779661,0.104166666,0.229166666,0.41935484,0.32258065,0.25806452,0.15421687,315,515,830,"sa658231"
"Dario Pizzano","SEA","AA",26,310,0.30125523,1.07368421,0.19262295,0.418032786,0.389344262,0.221052631,0.084210526,0.4291498,0.25101215,0.31983806,0.06751825,427,669,1096,"sa658253"
"Brock Hebert","SEA","AA",26,78,0.208333333,1.058823529,0.255319148,0.382978723,0.361702127,0.117647058,0.117647058,0.47058824,0.11764706,0.41176471,0.08580858,109,194,303,"sa658259"
"Parker Morin","KCR","AA",25,63,0.263157894,1.727272727,0.210526315,0.5,0.289473684,0.272727272,0,0.55263158,0.15789474,0.28947368,0.16742081,73,148,221,"sa658263"
"Bruce Caldwell","STL","AA",25,367,0.326315789,0.811764705,0.237623762,0.341584158,0.420792079,0.188235294,0.164705882,0.3902439,0.28292683,0.32682927,0.1000654,607,922,1529,"sa658271"
"Kody Eaves","DET","AA",23,338,0.321100917,1.175,0.24347826,0.408695652,0.347826086,0.1625,0.1625,0.48051948,0.29004329,0.22943723,0.10583333,455,745,1200,"sa658290"
"Jacob Scavuzzo","LAD","AA",23,294,0.270718232,0.625,0.191709844,0.310880829,0.497409326,0.1875,0.166666666,0.54822335,0.2893401,0.16243655,0.15251142,328,767,1095,"sa658601"
"C.J. Hinojosa","SFG","AA",22,417,0.286144578,1.151260504,0.221884498,0.416413373,0.361702127,0.218487394,0.033613445,0.39882698,0.26686217,0.33431085,0.06532988,561,985,1546,"sa658616"
"Wade Hinkle","DET","AA",27,87,0.142857142,0.909090909,0.16,0.4,0.44,0.227272727,0.136363636,0.40384615,0.21153846,0.38461538,0.09798271,135,212,347,"sa658642"
"Jeff Kemp","BAL","AA",27,89,0.333333333,1.4,0.142857142,0.5,0.357142857,0.2,0.1,0.43859649,0.21052632,0.35087719,0.1396648,139,219,358,"sa658834"
"A.J. Simcox","DET","AA",23,474,0.280555555,1.107142857,0.180555555,0.430555555,0.388888888,0.171428571,0.057142857,0.33602151,0.31451613,0.34946237,0.08682266,548,1076,1624,"sa658901"
"Jorge Saez","NYY","AA",26,240,0.305970149,1,0.151079136,0.424460431,0.424460431,0.237288135,0.152542372,0.6013986,0.24475524,0.15384615,0.12564367,391,580,971,"sa658909"
"Colton Plaia","NYM","AA",26,158,0.304761904,0.75,0.266666666,0.314285714,0.419047619,0.159090909,0.022727272,0.39252336,0.29906542,0.30841121,0.096875,241,399,640,"sa658920"
"Ian Rice","CHC","AA",23,394,0.263392857,0.713114754,0.129166666,0.3625,0.508333333,0.286885245,0.139344262,0.47717842,0.26556017,0.25726141,0.09263804,703,927,1630,"sa658968"
"Tyler Krieger","CLE","AA",23,480,0.282051282,1.43298969,0.248407643,0.442675159,0.308917197,0.103092783,0.06185567,0.3869969,0.26934985,0.34365325,0.11793215,683,1174,1857,"sa658994"
"Tim Remes","DET","AA",25,92,0.24,0.48,0.244897959,0.244897959,0.510204081,0.2,0,0.33962264,0.45283019,0.20754717,0.17191977,106,243,349,"sa659193"
"Jiandido Tromp","PHI","AA",23,491,0.340425531,0.879432624,0.211309523,0.369047619,0.419642857,0.333333333,0.127659574,0.4454023,0.27011494,0.28448276,0.17600453,598,1169,1767,"sa659194"
"David Thompson","NYM","AA",23,529,0.289544235,0.919753086,0.187989556,0.389033942,0.422976501,0.253086419,0.098765432,0.50639386,0.26598465,0.22762148,0.09951846,643,1226,1869,"sa659290"
"Dorssys Paulino","CLE","AA",22,366,0.31779661,2.5,0.23206751,0.548523206,0.219409282,0.173076923,0.115384615,0.48571429,0.21632653,0.29795918,0.10190616,533,831,1364,"sa659464"
"Ashley Graeter","COL","AA",27,380,0.282527881,1.265957446,0.219780219,0.435897435,0.344322344,0.14893617,0.106382978,0.34385965,0.26315789,0.39298246,0.10426872,484,945,1429,"sa660832"
"Mike Ahmed","LAD","AA",25,120,0.378787878,0.967741935,0.152777777,0.416666666,0.430555555,0.29032258,0.193548387,0.5,0.26388889,0.23611111,0.1314741,197,305,502,"sa705802"
"Danny Diekroeger","STL","AA",25,57,0.292682926,1.416666666,0.292682926,0.414634146,0.292682926,0.083333333,0,0.51219512,0.26829268,0.2195122,0.06779661,67,110,177,"sa705811"
"Angel Rosa","LAA","AA",24,57,0.28125,0.666666666,0.166666666,0.333333333,0.5,0.333333333,0,0.59375,0.09375,0.3125,0.12946429,83,141,224,"sa707769"
"Cael Brockmeyer","CHC","AA",25,215,0.221374045,1.454545454,0.2,0.474074074,0.325925925,0.159090909,0.136363636,0.49275362,0.23913043,0.26811594,0.11801242,273,532,805,"sa708438"
"Galli Cribbs Jr.","ARI","AA",24,102,0.288461538,1.368421052,0.117647058,0.509803921,0.372549019,0.157894736,0,0.24074074,0.35185185,0.40740741,0.14868106,160,257,417,"sa708444"
"Zane Evans","KCR","AA",25,124,0.24137931,0.944444444,0.195402298,0.390804597,0.413793103,0.277777777,0.111111111,0.36263736,0.2967033,0.34065934,0.16742081,134,308,442,"sa708968"
"Dylan Davis","SFG","AA",23,358,0.269911504,1.109890109,0.168831168,0.437229437,0.393939393,0.208791208,0.109890109,0.41176471,0.27310924,0.31512605,0.11057024,540,898,1438,"sa709037"
"Cole Sturgeon","BOS","AA",25,460,0.314641744,1.333333333,0.219814241,0.445820433,0.334365325,0.175925925,0.055555555,0.4592145,0.20845921,0.33232628,0.1018574,593,1076,1669,"sa709546"
"Tyler Horan","SFG","AA",26,86,0.285714285,1.086956521,0.157894736,0.438596491,0.403508771,0.260869565,0.04347826,0.43859649,0.19298246,0.36842105,0.12540193,119,192,311,"sa709555"
"Dustin DeMuth","MIL","AA",25,433,0.326771653,2.061538461,0.22868217,0.519379844,0.251937984,0.107692307,0.138461538,0.41444867,0.24714829,0.33840304,0.12210648,657,1071,1728,"sa709557"
"Tucker Nathans","BAL","AA",28,91,0.366666666,1.588235294,0.29032258,0.43548387,0.274193548,0.176470588,0.176470588,0.46031746,0.31746032,0.22222222,0.13125,102,218,320,"sa732567"
"Omar Carrizales","COL","AA",22,492,0.305389221,1.325203252,0.135951661,0.492447129,0.371601208,0.195121951,0.040650406,0.42565598,0.25947522,0.3148688,0.0997921,691,1233,1924,"sa736953"
"Carlos Diaz","KCR","AA",24,114,0.294871794,2.94117647,0.106666666,0.666666666,0.226666666,0.294117647,0,0.45679012,0.20987654,0.33333333,0.13279133,96,273,369,"sa736959"
"Juremi Profar","TEX","AA",21,435,0.285302593,1.401785714,0.229226361,0.449856733,0.320916905,0.410714285,0.089285714,0.45251397,0.24022346,0.30726257,0.08243968,507,985,1492,"sa736995"
"Kristian Trompiz","HOU","AA",21,57,0.292682926,2.3,0.175,0.575,0.25,0.2,0,0.5,0.23809524,0.26190476,0.10138249,74,143,217,"sa737029"
"Riley Unroe","TBR","AA",21,298,0.299435028,1.413793103,0.209039548,0.463276836,0.327683615,0.172413793,0.034482758,0.43010753,0.27419355,0.29569892,0.10232945,478,724,1202,"sa737614"
"Cord Sandberg","PHI","AA",22,104,0.333333333,1,0.130434782,0.434782608,0.434782608,0.366666666,0.133333333,0.38028169,0.25352113,0.36619718,0.13165266,105,252,357,"sa737636"
"Drew Ward","WSN","AA",22,480,0.310714285,1.894736842,0.22261484,0.508833922,0.268551236,0.065789473,0.131578947,0.48630137,0.22945205,0.28424658,0.11818645,817,1146,1963,"sa737690"
"Champ Stuart","NYM","AA",24,372,0.336734693,0.952380952,0.163265306,0.408163265,0.428571428,0.297619047,0.059523809,0.46634615,0.27403846,0.25961538,0.15890957,565,939,1504,"sa737827"
"Charcer Burks","CHC","AA",22,535,0.329446064,0.689440993,0.222857142,0.317142857,0.46,0.155279503,0.062111801,0.3559322,0.29661017,0.34745763,0.09186955,853,1324,2177,"sa737838"
"Matt Oberste","NYM","AA",25,516,0.358166189,1.518518518,0.218390804,0.471264367,0.310344827,0.194444444,0.046296296,0.36158192,0.25423729,0.38418079,0.1124319,790,1229,2019,"sa737845"
"Forrestt Allday","LAA","AA",26,364,0.330739299,1.589743589,0.195219123,0.494023904,0.310756972,0.23076923,0.012820512,0.27692308,0.26538462,0.45769231,0.04414716,597,898,1495,"sa737849"
"Trey Michalczewski","CHW","AA",22,419,0.323529411,0.94,0.211382113,0.382113821,0.406504065,0.19,0.09,0.44,0.24,0.32,0.13834491,597,986,1583,"sa737859"
"Ross Kivett","DET","AA",25,93,0.234375,1.6,0.2,0.492307692,0.307692307,0.25,0.1,0.45454545,0.22727273,0.31818182,0.06760563,148,207,355,"sa737860"
"Brandon Bednar","SFG","AA",25,448,0.324786324,1.3125,0.251445086,0.424855491,0.323699421,0.151785714,0.008928571,0.41242938,0.22316384,0.36440678,0.08527132,459,1089,1548,"sa737887"
"Stephen McGee","SDP","AA",26,282,0.326923076,1.016949152,0.25625,0.375,0.36875,0.220338983,0.118644067,0.4601227,0.27607362,0.26380368,0.08933002,495,714,1209,"sa737919"
"Joseph Monge","BOS","AA",22,214,0.309859154,1,0.211267605,0.394366197,0.394366197,0.285714285,0.035714285,0.41496599,0.23809524,0.34693878,0.10075567,274,520,794,"sa738151"
"Ryan Walker","MIN","AA",25,436,0.290102389,1.534090909,0.217543859,0.47368421,0.308771929,0.193181818,0.034090909,0.48310811,0.23310811,0.28378378,0.08777063,633,1076,1709,"sa738172"
"Kyle Petty","SEA","AA",26,126,0.369863013,2.105263157,0.191780821,0.547945205,0.260273972,0.052631578,0,0.4109589,0.28767123,0.30136986,0.12809917,180,304,484,"sa738266"
"Justin Maffei","PIT","AA",25,110,0.315068493,1.476190476,0.267605633,0.436619718,0.295774647,0.333333333,0,0.38356164,0.26027397,0.35616438,0.05088496,190,262,452,"sa738359"
"Joe Bennie","OAK","AA",26,92,0.333333333,2.076923076,0.23076923,0.519230769,0.25,0.153846153,0.076923076,0.45454545,0.2,0.34545455,0.13333333,141,219,360,"sa738417"
"Reed Harper","ATL","AA",26,69,0.179487179,2,0.23076923,0.512820512,0.256410256,0.4,0,0.43902439,0.17073171,0.3902439,0.148,87,163,250,"sa738433"
"Nick Longhi","CIN","AA",21,275,0.299019607,1.6,0.183574879,0.502415458,0.314009661,0.215384615,0.107692307,0.41706161,0.23696682,0.34597156,0.09683996,325,656,981,"sa738434"
"Chantz Mack","SEA","AA",26,108,0.234375,0.827586206,0.171875,0.375,0.453125,0.310344827,0.034482758,0.49230769,0.15384615,0.35384615,0.09475806,213,283,496,"sa738471"
"Adam Law","SEA","AA",27,65,0.341463414,1.9,0.292682926,0.463414634,0.243902439,0.4,0,0.35714286,0.26190476,0.38095238,0.1512605,64,174,238,"sa738573"
"Toby Thomas","CHW","AA",23,56,0.256410256,0.454545454,0.2,0.25,0.55,0.363636363,0.045454545,0.52380952,0.23809524,0.23809524,0.1,60,120,180,"sa738704"
"Jake Romanski","BOS","AA",26,122,0.27,1.862068965,0.161616161,0.545454545,0.292929292,0.275862068,0.034482758,0.35643564,0.20792079,0.43564356,0.12009238,113,320,433,"sa738897"
"Danny Bethea","BOS","AA",27,75,0.291666666,1.8,0.106382978,0.574468085,0.319148936,0.266666666,0.133333333,0.47058824,0.29411765,0.23529412,0.12411348,107,175,282,"sa738923"
"Eric Aguilera","TEX","AA",26,448,0.278431372,1.244444444,0.240601503,0.421052631,0.338345864,0.111111111,0.166666666,0.40740741,0.2037037,0.38888889,0.15431082,721,1100,1821,"sa738943"
"Samir Duenez","KCR","AA",21,566,0.292620865,1.328571428,0.199017199,0.457002457,0.343980343,0.214285714,0.121428571,0.44878049,0.25609756,0.29512195,0.12875752,706,1290,1996,"sa739574"
"Wendell Rijo","MIL","AA",21,91,0.254237288,2.1875,0.055555555,0.648148148,0.296296296,0.3125,0,0.61016949,0.16949153,0.22033898,0.11176471,134,206,340,"sa739597"
"Marty Herum","ARI","AA",25,172,0.323529411,1.897435897,0.175182481,0.540145985,0.284671532,0.076923076,0.051282051,0.39855072,0.2826087,0.31884058,0.09400324,192,425,617,"sa745229"
"Johan Mieses","LAD","AA",21,329,0.190184049,0.685393258,0.122807017,0.356725146,0.520467836,0.325842696,0.17977528,0.55865922,0.17877095,0.26256983,0.18573551,497,849,1346,"sa747574"
"Michael De Leon","TEX","AA",20,418,0.247838616,1.504672897,0.207100591,0.47633136,0.316568047,0.233644859,0.018691588,0.46438746,0.20797721,0.32763533,0.07692308,457,986,1443,"sa823925"
"Bobby Boyd","HOU","AA",24,97,0.229508196,1.291666666,0.126984126,0.492063492,0.38095238,0.25,0.083333333,0.35384615,0.33846154,0.30769231,0.11081081,134,236,370,"sa827122"
"Trent Woodward","HOU","AA",25,168,0.336734693,1.451612903,0.247524752,0.445544554,0.306930693,0.129032258,0.129032258,0.41346154,0.25961538,0.32692308,0.1167147,283,411,694,"sa827146"
"Michael Russell","TBR","AA",24,431,0.292763157,1.226415094,0.22368421,0.427631578,0.34868421,0.188679245,0.056603773,0.4775641,0.23397436,0.28846154,0.09319436,576,1055,1631,"sa827159"
"Max Murphy","MIN","AA",24,230,0.316770186,2.371428571,0.248407643,0.52866242,0.222929936,0.085714285,0.028571428,0.37423313,0.27607362,0.34969325,0.10895884,290,536,826,"sa827182"
"Branden Cogswell","OAK","AA",24,79,0.285714285,2.7,0.339285714,0.482142857,0.178571428,0.4,0,0.36842105,0.15789474,0.47368421,0.08843537,91,203,294,"sa827188"
"Gunnar Heidt","TOR","AA",24,485,0.302816901,0.967741935,0.167235494,0.409556313,0.423208191,0.169354838,0.104838709,0.40397351,0.27483444,0.32119205,0.12763656,666,1183,1849,"sa827195"
"Jay Baum","SEA","AA",24,109,0.253333333,1.636363636,0.226666666,0.48,0.293333333,0.409090909,0.045454545,0.40789474,0.17105263,0.42105263,0.1202046,124,267,391,"sa827313"
"Will Maddox","DET","AA",25,67,0.375,2.888888888,0.270833333,0.541666666,0.1875,0.111111111,0.111111111,0.50980392,0.25490196,0.23529412,0.13302752,68,150,218,"sa827323"
"Vicente Conde","NYY","AA",23,102,0.196078431,1.05,0.196078431,0.411764705,0.392156862,0.2,0.05,0.47169811,0.30188679,0.22641509,0.08275862,183,252,435,"sa827330"
"Auston Bousfield","SDP","AA",23,337,0.262295081,1.020618556,0.203252032,0.402439024,0.394308943,0.329896907,0.041237113,0.42168675,0.25702811,0.32128514,0.06891386,522,813,1335,"sa827356"
"Andrew Daniel","ATL","AA",24,217,0.273381294,0.901639344,0.177304964,0.390070921,0.432624113,0.213114754,0.032786885,0.40425532,0.29078014,0.30496454,0.11743341,307,519,826,"sa827358"
"T.J. White","MIN","AA",25,416,0.322222222,0.808333333,0.225,0.346428571,0.428571428,0.183333333,0.116666666,0.47887324,0.26760563,0.25352113,0.10087977,642,1063,1705,"sa827369"
"Jake Gatewood","MIL","AA",21,100,0.305084745,0.961538461,0.19047619,0.396825396,0.412698412,0.192307692,0.153846153,0.38095238,0.28571429,0.33333333,0.17857143,138,254,392,"sa828685"
"Nicholas Torres","SDP","AA",24,467,0.34375,1.647727272,0.285276073,0.444785276,0.26993865,0.181818181,0.125,0.43202417,0.21752266,0.35045317,0.16410862,540,1154,1694,"sa828872"
"Gavin LaValley","CIN","AA",22,272,0.32596685,0.8625,0.17679558,0.381215469,0.44198895,0.175,0.0375,0.42391304,0.29347826,0.2826087,0.13805631,381,720,1101,"sa828878"
"Tyler Moore","NYM","AA",23,75,0.260869565,0.888888888,0.227272727,0.363636363,0.409090909,0.055555555,0,0.41304348,0.26086957,0.32608696,0.13538462,127,198,325,"sa829014"
"Logan Moon","KCR","AA",25,284,0.337078651,1.177419354,0.25,0.405555555,0.344444444,0.193548387,0.064516129,0.40437158,0.30054645,0.29508197,0.15784216,334,667,1001,"sa829029"
"Nelson Ward","SEA","AA",24,297,0.363157894,1.454545454,0.293193717,0.418848167,0.287958115,0.181818181,0.018181818,0.4611399,0.2642487,0.2746114,0.09625213,454,720,1174,"sa829034"
"Mac James","TBR","AA",24,172,0.288,1.122448979,0.161290322,0.443548387,0.39516129,0.265306122,0.020408163,0.36220472,0.21259843,0.42519685,0.08945687,230,396,626,"sa829039"
"Keith Curcio","ATL","AA",24,455,0.251497005,0.891891891,0.169139465,0.391691394,0.439169139,0.216216216,0.027027027,0.4340176,0.26392962,0.30205279,0.0610951,656,1079,1735,"sa829045"
"Danny Mars","BOS","AA",23,518,0.367724867,1.02097902,0.235449735,0.386243386,0.378306878,0.202797202,0.041958041,0.41298701,0.21298701,0.37402597,0.08752515,662,1326,1988,"sa829046"
"Jamie Ritchie","HOU","AA",24,293,0.301020408,2.829268292,0.203045685,0.588832487,0.208121827,0.195121951,0.073170731,0.48241206,0.19095477,0.32663317,0.05775578,513,699,1212,"sa829058"
"Jake Peter","CHW","AA",24,322,0.359605911,1.5,0.268292682,0.43902439,0.292682926,0.116666666,0.066666666,0.45714286,0.23333333,0.30952381,0.13714286,437,788,1225,"sa829115"
"Zack Zehner","NYY","AA",24,501,0.34006734,1.755555555,0.173333333,0.526666666,0.3,0.2,0.122222222,0.41612903,0.2516129,0.33225806,0.09813084,770,1156,1926,"sa829122"
"Bo Way","LAA","AA",25,247,0.255555555,1.553571428,0.196629213,0.488764044,0.314606741,0.267857142,0.017857142,0.34224599,0.25668449,0.40106952,0.06925498,373,580,953,"sa829126"
"Caleb Adams","LAA","AA",24,58,0.3,0.846153846,0.225806451,0.354838709,0.419354838,0.153846153,0.076923076,0.4375,0.3125,0.25,0.20258621,87,145,232,"sa829163"
"Antonio Nunez","HOU","AA",24,419,0.300380228,1.010309278,0.232283464,0.385826771,0.381889763,0.30927835,0.020618556,0.45895522,0.24626866,0.29477612,0.11592434,618,1021,1639,"sa829188"
"Alec Keller","WSN","AA",25,311,0.324444444,1.946428571,0.256756756,0.49099099,0.252252252,0.125,0.053571428,0.37554585,0.20524017,0.41921397,0.09286328,370,793,1163,"sa829219"
"Kyle Martin","PHI","AA",24,501,0.218309859,0.497076023,0.15231788,0.281456953,0.566225165,0.228070175,0.12865497,0.55016181,0.22977346,0.22006472,0.15437561,742,1292,2034,"sa829261"
"Casey Grayson","STL","AA",25,220,0.348837209,2.033333333,0.2890625,0.4765625,0.234375,0.1,0.1,0.41666667,0.27272727,0.31060606,0.11434978,325,567,892,"sa829305"
"Alec Sole","TBR","AA",24,75,0.302325581,2,0.268292682,0.487804878,0.243902439,0.3,0,0.46666667,0.26666667,0.26666667,0.15523466,96,181,277,"sa829320"
"Corey Toups","KCR","AA",24,107,0.419354838,1.428571428,0.19047619,0.476190476,0.333333333,0.047619047,0.095238095,0.59375,0.25,0.15625,0.16129032,163,271,434,"sa829321"
"Chase Simpson","PIT","AA",25,136,0.227848101,0.636363636,0.121951219,0.341463414,0.536585365,0.272727272,0.09090909,0.47619048,0.23809524,0.28571429,0.13012478,201,360,561,"sa829341"
"Jordan Procyshen","BOS","AA",24,248,0.270833333,0.873015873,0.191780821,0.376712328,0.431506849,0.349206349,0.063492063,0.44736842,0.24342105,0.30921053,0.13366834,374,621,995,"sa829345"
"Michael Suchy","PIT","AA",24,281,0.300653594,1.408163265,0.233766233,0.448051948,0.318181818,0.122448979,0.081632653,0.425,0.29375,0.28125,0.14366197,368,697,1065,"sa829367"
"Josh Ockimey","BOS","AA",21,121,0.367647058,1,0.267605633,0.366197183,0.366197183,0.076923076,0.115384615,0.4084507,0.29577465,0.29577465,0.14087302,223,281,504,"sa829375"
"Darren Seferina","STL","AA",23,197,0.338582677,1.38095238,0.224806201,0.449612403,0.325581395,0.166666666,0.119047619,0.39849624,0.28571429,0.31578947,0.08354756,314,464,778,"sa829376"
"Cade Gotta","TBR","AA",25,390,0.332116788,1.602409638,0.211678832,0.485401459,0.302919708,0.433734939,0.060240963,0.4858156,0.22340426,0.29078014,0.08682266,656,968,1624,"sa829411"
"Collin Ferguson","COL","AA",24,75,0.232558139,1.052631578,0.113636363,0.454545454,0.431818181,0.105263157,0.105263157,0.35555556,0.33333333,0.31111111,0.14925373,91,177,268,"sa829421"
"Grant Kay","TBR","AA",24,472,0.311926605,0.9921875,0.212962962,0.391975308,0.395061728,0.1875,0.0546875,0.39701493,0.26865672,0.33432836,0.09241453,698,1174,1872,"sa829446"
"J.P. Sportman","OAK","AA",25,558,0.329923273,1.511811023,0.198492462,0.48241206,0.319095477,0.244094488,0.094488188,0.47890819,0.2133995,0.30769231,0.10311284,723,1333,2056,"sa829450"
"Bryan Muniz","HOU","AA",24,123,0.264367816,1.129032258,0.25,0.397727272,0.352272727,0.258064516,0.032258064,0.48863636,0.25,0.26136364,0.12859885,172,349,521,"sa829454"
"Daniel Spingola","CHC","AA",24,147,0.291666666,1.323529411,0.193877551,0.459183673,0.346938775,0.058823529,0.117647058,0.4,0.29,0.31,0.12204007,212,337,549,"sa829496"
"Jared James","ATL","AA",23,383,0.324909747,1.265306122,0.204301075,0.444444444,0.35125448,0.193877551,0.051020408,0.45936396,0.25441696,0.28621908,0.07741935,530,865,1395,"sa829527"
"Dexture McCall","HOU","AA",23,134,0.301204819,1.172413793,0.258823529,0.4,0.34117647,0.206896551,0.206896551,0.38202247,0.33707865,0.28089888,0.15757576,162,333,495,"sa829535"
"Devyn Bolasky","NYY","AA",24,159,0.274336283,1.965517241,0.218181818,0.518181818,0.263636363,0.206896551,0,0.31034483,0.27586207,0.4137931,0.06457243,187,386,573,"sa829558"
"Sal Giardina","ATL","AA",25,119,0.324675324,1.416666666,0.256410256,0.435897435,0.307692307,0.25,0.041666666,0.38461538,0.19230769,0.42307692,0.13377193,161,295,456,"sa829575"
"Andrew Ely","CHC","AA",24,339,0.313901345,0.966666666,0.206278026,0.390134529,0.403587443,0.066666666,0.033333333,0.38983051,0.27966102,0.33050847,0.08320493,497,801,1298,"sa829591"
"Luke Tendler","TEX","AA",25,464,0.296052631,1.261682242,0.214285714,0.438311688,0.347402597,0.233644859,0.121495327,0.50314465,0.20754717,0.28930818,0.1214455,621,1067,1688,"sa829644"
"Jeff Hendrix","NYY","AA",23,140,0.416666666,2.684210526,0.255319148,0.542553191,0.202127659,0.052631578,0,0.29896907,0.29896907,0.40206186,0.07142857,209,337,546,"sa829803"
"Cody Jones","KCR","AA",24,118,0.294871794,1.904761904,0.197368421,0.526315789,0.276315789,0.38095238,0.047619047,0.39240506,0.24050633,0.36708861,0.09574468,174,296,470,"sa829826"
"Dale Burdick","NYM","AA",21,87,0.306122448,1.166666666,0.22,0.42,0.36,0.166666666,0.111111111,0.60784314,0.21568627,0.17647059,0.1171875,151,233,384,"sa829841"
"Nick Schulz","SDP","AA",26,363,0.315270935,0.977272727,0.190697674,0.4,0.409302325,0.284090909,0.159090909,0.49082569,0.21559633,0.29357798,0.11339523,636,872,1508,"sa829877"
"Roemon Fields","TOR","AA",26,62,0.28,1.6875,0.104166666,0.5625,0.333333333,0.5,0,0.4,0.12,0.48,0.07476636,77,137,214,"sa829879"
"Daniel Carbonell","SFG","AA",26,207,0.281879194,1.333333333,0.195945945,0.459459459,0.344594594,0.176470588,0.078431372,0.38311688,0.26623377,0.35064935,0.12616202,233,520,753,"sa829978"
"Billy Fleming","NYY","AA",24,289,0.256756756,0.757281553,0.188340807,0.349775784,0.461883408,0.145631067,0.08737864,0.4025974,0.28571429,0.31168831,0.07269338,382,691,1073,"sa836204"
"Stephen Gaylor","ATL","AA",25,56,0.219512195,3.625,0.097560975,0.707317073,0.195121951,0.25,0,0.36585366,0.26829268,0.36585366,0.05288462,77,131,208,"sa842226"
"Blake Allemand","MIL","AA",24,370,0.295202952,0.952830188,0.236162361,0.372693726,0.391143911,0.179245283,0.056603773,0.51971326,0.22222222,0.25806452,0.08196721,469,873,1342,"sa857217"
"Zach Gibbons","LAA","AA",23,330,0.268774703,1.463414634,0.18548387,0.483870967,0.330645161,0.170731707,0.036585365,0.40310078,0.20930233,0.3875969,0.06635945,392,693,1085,"sa857717"
"Jesse Jenner","STL","AA",23,128,0.295454545,1.310344827,0.247191011,0.426966292,0.325842696,0.172413793,0.137931034,0.5483871,0.23655914,0.21505376,0.10454545,149,291,440,"sa857727"
"Brennon Lund","LAA","AA",22,129,0.377777777,1.125,0.252747252,0.395604395,0.351648351,0.15625,0.03125,0.38461538,0.28571429,0.32967033,0.12,151,324,475,"sa857730"
"Jordan Tarsovich","OAK","AA",26,399,0.300380228,1.369565217,0.174242424,0.477272727,0.348484848,0.184782608,0.032608695,0.47037037,0.23703704,0.29259259,0.08056581,635,991,1626,"sa857752"
"Errol Robinson","LAD","AA",22,258,0.34090909,2.295454545,0.166666666,0.58045977,0.252873563,0.136363636,0.045454545,0.40555556,0.24444444,0.35,0.08559499,383,575,958,"sa857819"
"Anderson Miller","KCR","AA",23,225,0.301282051,2.8125,0.212903225,0.580645161,0.206451612,0.125,0.0625,0.41509434,0.22012579,0.36477987,0.12771084,290,540,830,"sa857824"
"Kyle Barrett","MIA","AA",23,141,0.308510638,1.34375,0.184782608,0.467391304,0.347826086,0.25,0,0.37755102,0.30612245,0.31632653,0.09760589,196,347,543,"sa858028"
"Alex Perez","MIN","AA",24,157,0.333333333,2.038461538,0.21,0.53,0.26,0.076923076,0,0.31372549,0.28431373,0.40196078,0.07097792,258,376,634,"sa858057"
"Donnie Dewees","KCR","AA",23,524,0.308707124,1.167832167,0.186351706,0.438320209,0.375328083,0.23076923,0.062937062,0.45641026,0.23846154,0.30512821,0.09553479,694,1232,1926,"sa858802"
"Tyler Ramirez","OAK","AA",22,243,0.389610389,1.086206896,0.219354838,0.406451612,0.374193548,0.137931034,0.068965517,0.39240506,0.29113924,0.3164557,0.10135841,391,566,957,"sa873260"
"Ryne Birk","HOU","AA",22,134,0.24742268,0.638297872,0.23,0.3,0.47,0.170212765,0.14893617,0.40952381,0.27619048,0.31428571,0.12026726,146,303,449,"sa874211"
"Kade Scivicque","ATL","AA",24,255,0.320855614,1.921568627,0.215789473,0.515789473,0.268421052,0.196078431,0.058823529,0.4973822,0.17277487,0.32984293,0.09539474,311,601,912,"sa875053"
"Brian Mundell","COL","AA",23,203,0.335616438,0.890625,0.176870748,0.387755102,0.435374149,0.1875,0.046875,0.4295302,0.19463087,0.37583893,0.06979695,338,450,788,"sa875185"
"Jhalan Jackson","NYY","AA",24,103,0.410714285,0.8,0.237288135,0.33898305,0.423728813,0.24,0.12,0.44067797,0.30508475,0.25423729,0.13466334,175,226,401,"sa875208"
"Hutton Moyer","LAA","AA",24,101,0.279411764,1.409090909,0.184615384,0.476923076,0.338461538,0.181818181,0,0.60294118,0.20588235,0.19117647,0.13399504,135,268,403,"sa875235"
"Tim Arakawa","LAA","AA",24,282,0.331288343,1.442307692,0.234939759,0.451807228,0.313253012,0.173076923,0.076923076,0.38596491,0.26315789,0.35087719,0.0912191,492,681,1173,"sa875387"
"Zach Coppola","PHI","AA",23,372,0.307116104,2.112676056,0.143410852,0.581395348,0.275193798,0.169014084,0,0.38888889,0.26296296,0.34814815,0.06766382,534,870,1404,"sa875612"
"Garrett Kennedy","LAD","AA",24,141,0.217391304,0.780487804,0.231578947,0.336842105,0.431578947,0.31707317,0.097560975,0.55670103,0.19587629,0.24742268,0.09943715,201,332,533,"sa875722"
"Chad De La Guerra","BOS","AA",24,222,0.340277777,1.3125,0.229166666,0.4375,0.333333333,0.208333333,0.083333333,0.42281879,0.26174497,0.31543624,0.09808612,323,513,836,"sa875729"
"Drew Ferguson","HOU","AA",24,364,0.365638766,1.227848101,0.247863247,0.414529914,0.337606837,0.215189873,0.101265822,0.43644068,0.25847458,0.30508475,0.0829234,579,844,1423,"sa875766"
"Jonathan Morales","ATL","AA",22,143,0.19090909,2.06060606,0.073394495,0.623853211,0.302752293,0.363636363,0.03030303,0.50442478,0.2300885,0.26548673,0.09127789,161,332,493,"sa875808"
"Logan Hill","PIT","AA",24,96,0.344827586,0.782608695,0.293103448,0.310344827,0.396551724,0.217391304,0.086956521,0.35,0.25,0.4,0.08287293,142,220,362,"sa875822"
"A.J. Kennedy","SDP","AA",23,111,0.078125,0.605263157,0.075757575,0.348484848,0.575757575,0.368421052,0.052631578,0.40909091,0.21212121,0.37878788,0.16834171,126,272,398,"sa876029"
"Andrew Guillotte","TOR","AA",24,239,0.291666666,1.014705882,0.194117647,0.405882352,0.4,0.220588235,0.044117647,0.50867052,0.20809249,0.28323699,0.08196721,307,547,854,"sa876089"
"Jordan George","PIT","AA",24,119,0.322916666,1.09090909,0.288659793,0.37113402,0.340206185,0.09090909,0.03030303,0.42268041,0.24742268,0.32989691,0.04460094,171,255,426,"sa876211"
"Dalton Kelly","TBR","AA",22,231,0.3984375,1.227272727,0.263157894,0.406015037,0.330827067,0.113636363,0.159090909,0.41605839,0.35766423,0.22627737,0.10640608,370,551,921,"sa876363"
"Alejandro Garcia","HOU","AA",26,174,0.229007633,2.821428571,0.183206106,0.603053435,0.213740458,0.25,0.107142857,0.41605839,0.15328467,0.43065693,0.11443662,159,409,568,"sa880808"
"Zach Welz","LAA","AA",25,136,0.358974358,1.259259259,0.217948717,0.435897435,0.346153846,0.481481481,0,0.46341463,0.23170732,0.30487805,0.11478599,190,324,514,"sa883465"
"Osmel Aguila","PHI","AA",27,97,0.253731343,1,0.205882352,0.397058823,0.397058823,0.259259259,0.111111111,0.5,0.2,0.3,0.08465608,141,237,378,"sa916860"
"T.J. Bennett","SFG","AA",24,73,0.283018867,1.368421052,0.150943396,0.490566037,0.358490566,0.210526315,0.052631578,0.40740741,0.2962963,0.2962963,0.15358362,111,182,293,"sa917904"
"Troy Montgomery","LAA","AA",22,82,0.285714285,1.333333333,0.236363636,0.436363636,0.327272727,0.388888888,0,0.47368421,0.26315789,0.26315789,0.08333333,115,173,288,"sa918108"
"Tyler Neslony","ATL","AA",23,168,0.228813559,1.8,0.155172413,0.543103448,0.301724137,0.257142857,0.028571428,0.4,0.20833333,0.39166667,0.10613599,235,368,603,"sa918131"