Name,Team,Level,Age,PA,BB%,K%,BB/K,AVG,OBP,SLG,OPS,ISO,Spd,BABIP,wSB,wRC,wRAA,wOBA,wRC+,PlayerId
"Dustin Peterson","PIT","AA",29,180,0.094444444,0.283333333,0.333333333,0.220125786,0.3,0.352201257,0.652201257,0.132075471,2.5962994474747476,0.285714285,-0.8182616559788585,18.884059260893657,-2.2599687470905017,0.3024537179205153,87.28378727236368,"15189"
"Matt Beaty","ARI","AA",31,179,0.07821229,0.100558659,0.777777777,0.297468354,0.379888268,0.424050632,0.8039389,0.126582278,1.30357142125,0.311111111,-0.5691046547144651,28.409358584898477,6.7728694468913115,0.3743405102351524,114.73993507062745,"17710"
"Josh Lester","KCR","AA",29,454,0.088105726,0.198237885,0.444444444,0.263027295,0.328918322,0.459057071,0.787975393,0.196029776,3.6981944502291224,0.291390728,-0.6597121097147465,65.20326936116925,10.32636394968739,0.35495396613022084,117.37519705581683,"17737"
"David Fletcher","ATL","AA",30,156,0.07051282,0.147435897,0.478260869,0.218309859,0.275641025,0.246478873,0.522119898,0.028169014,6.958243189889538,0.256198347,1.085031010210514,10.047291533359088,-7.136336578718623,0.25137802003285825,67.36326869782242,"17992"
"Brendon Davis","LAD","AA",26,468,0.132478632,0.232905982,0.568807339,0.224226804,0.346153846,0.353092783,0.699246629,0.128865979,6.857924202264618,0.283636363,3.5244206730276346,58.47802647905433,1.9088816936501183,0.33097572959720195,106.04402162640167,"18587"
"Alex De Goti","TEX","AA",29,150,0.113333333,0.22,0.515151515,0.1953125,0.308724832,0.2421875,0.550912332,0.046875,6.471680546699439,0.263157894,-0.48833253514021635,12.127280215494219,-6.003855933673795,0.27432080603285924,65.22416098564045,"19477"
"Zach Reks","SDP","AA",30,242,0.157024793,0.293388429,0.535211267,0.126903553,0.278008298,0.208121827,0.486130125,0.081218274,1.7871981231650473,0.176,-1.1924975737929344,14.552545409270515,-14.699020911387215,0.24771235237518946,58.34961084662429,"19667"
"Caleb Hamilton","LAA","AA",29,134,0.126865671,0.350746268,0.361702127,0.123893805,0.2481203,0.230088495,0.478208795,0.10619469,4.207029905099052,0.158730158,0.21620159316807985,7.608504871962269,-7.151791070463458,0.24089559666196206,54.00556310607947,"19842"
"Jared Oliva","SEA","AA",28,248,0.096774193,0.181451612,0.533333333,0.294392523,0.37804878,0.462616822,0.840665602,0.168224299,9.801319163943138,0.341463414,5.399563088081777,41.21992687081801,11.243115104193553,0.3839719947276077,149.6329545376954,"19968"
"J.C. Escarra","NYY","AA",29,292,0.09589041,0.130136986,0.736842105,0.233463035,0.321917808,0.373540856,0.695458664,0.140077821,4.657325790419915,0.259259259,-1.2594681652262807,35.070012171952406,0.7697000701114355,0.3222546738712755,106.19414626168617,"20084"
"Seth Beer","PIT","AA",27,228,0.078947368,0.210526315,0.375,0.281407035,0.365638766,0.396984924,0.76262369,0.115577889,3.8450575427602596,0.351351351,-0.44940212927758694,32.99200117027165,6.209565693491713,0.3543178919653535,121.17278134358045,"20493"
"Dermis Garcia","WSN","AA",26,424,0.103773584,0.299528301,0.346456692,0.18230563,0.274231678,0.332439678,0.606671356,0.150134048,2.9826242208993694,0.23076923,-0.8260628506541252,37.93910403814033,-11.86682860288903,0.2823385289777512,79.5501645009009,"20926"
"Tyler Payne","LAA","AA",31,290,0.048275862,0.18275862,0.264150943,0.233333333,0.280276816,0.318518518,0.598795334,0.085185185,3.6154273068972804,0.275700934,-0.2734722476452589,25.250667184988224,-6.69325686951522,0.2825339690211735,81.52344606257797,"21139"
"Sebastian Rivero","ATL","AA",25,162,0.043209876,0.234567901,0.184210526,0.168918918,0.220125786,0.243243243,0.463369029,0.074324325,0.72753455875,0.218181818,-0.34409513138234615,6.928569068894536,-10.915967816724628,0.22163622821651915,47.70757372833579,"21735"
"Jeremiah Jackson","NYM","AA",24,482,0.047717842,0.255186721,0.186991869,0.205298013,0.244813278,0.373068432,0.61788171,0.167770419,4.366341470047176,0.234920634,0.6384829580783844,41.831363813392656,-14.787644519098269,0.2788297325001713,77.71042603514229,"22239"
"Joe Perez","PIT","AA",24,259,0.084942084,0.301158301,0.282051282,0.230434782,0.297297297,0.373913043,0.67121034,0.143478261,4.34883576323906,0.311258278,-0.13807604648172855,27.902804439538443,-2.521102527505432,0.30613122897718864,89.6867398439923,"22254"
"Bubba Thompson","CIN","AA",26,221,0.036199095,0.285067873,0.126984126,0.232227488,0.263636363,0.289099526,0.552735889,0.056872038,6.557978568655725,0.326530612,0.4091454828158021,15.634491491182715,-8.708981667594044,0.2600910135290839,57.05912386823554,"22261"
"Gustavo Campero","LAA","AA",26,373,0.10455764,0.160857908,0.65,0.278846153,0.393530997,0.493589743,0.88712074,0.21474359,7.789575908354896,0.306722689,1.645069731399417,67.33688800273121,26.250392580904368,0.4109989037384858,166.42309120404258,"22707"
"Israel Pineda","WSN","AA",24,262,0.053435114,0.259541984,0.205882352,0.162601626,0.20610687,0.19105691,0.39716378,0.028455284,2.7845389190707657,0.217877094,-0.054581486620008945,4.833596371070916,-25.9427110627727,0.18975516744242368,19.054513158771936,"22906"
"Canaan Smith-Njigba","CHW","AA",25,62,0.080645161,0.241935483,0.333333333,0.181818181,0.258064516,0.272727272,0.530791788,0.090909091,3.0996134556264145,0.225,0.027952437289059162,4.162308921471162,-2.66708173845716,0.2551283269159256,61.517862327435715,"23264"
"Eric Wagaman","LAA","AA",26,388,0.097938144,0.177835051,0.550724637,0.260115606,0.335051546,0.459537572,0.794589118,0.199421966,5.2988411860514475,0.286792452,-0.561108616180718,57.47913077974566,14.740363424065192,0.3664816058788103,137.00258980994505,"23395"
"Jordan Groshans","NYY","AA",24,320,0.1,0.175,0.571428571,0.236749116,0.3125,0.318021201,0.630521201,0.081272085,2.9580390576604567,0.280701754,-1.6366765927523375,31.701361958792383,-6.566097493359873,0.2965371381491423,83.58299860897178,"23794"
"Anthony Seigler","NYY","AA",25,433,0.147806004,0.177829099,0.831168831,0.233516483,0.349537037,0.398351648,0.747888685,0.164835165,5.716558394512128,0.263537906,3.504110340960324,60.237254631098295,9.374120589669728,0.34703728653214594,122.38755585512568,"23802"
"Jose Rodriguez","PHI","AA",23,164,0.079268292,0.12804878,0.619047619,0.265306122,0.329268292,0.421768707,0.751036999,0.156462585,7.945843627716691,0.282258064,1.2095698937773705,22.070503498620106,2.805944646901206,0.3411199163372924,109.09843505307364,"24388"
"Cody Wilson","WSN","AA",27,273,0.091575091,0.369963369,0.247524752,0.189873417,0.284132841,0.265822784,0.549955625,0.075949367,5.913760712621835,0.31617647,1.6058665150776505,20.824123683794976,-11.244318794980998,0.265132929126275,68.30771280670615,"24671"
"Mickey Gasper","BOS","AA",28,176,0.147727272,0.125,1.181818181,0.28169014,0.40340909,0.457746478,0.861155568,0.176056338,4.5171043560820525,0.302521008,0.09903264977037907,30.787807097167313,10.113646378249467,0.39371944015676325,146.7202395496835,"24759"
"Heriberto Hernandez","TBR","AA",24,245,0.118367346,0.27755102,0.426470588,0.267942583,0.359183673,0.559808612,0.918992285,0.291866029,4.725073689373406,0.320610687,-0.5002510044723749,44.35182501357632,17.364716760633755,0.4116862112112006,164.19864159448056,"24878"
"Justin Dean","ATL","AA",27,362,0.107734806,0.254143646,0.423913043,0.244444444,0.331491712,0.32063492,0.652126632,0.076190476,7.584317593145453,0.330357142,5.324476353824139,39.30840988643928,-0.5664194505615674,0.3121090656486005,107.49907877854616,"25005"
"Will Wilson","SFG","AA",25,360,0.094444444,0.194444444,0.485714285,0.223974763,0.298591549,0.315457413,0.614048962,0.09148265,3.4223965916462062,0.269387755,-0.8268517013639212,33.42384888681568,-8.864207129152643,0.28672460193014415,80.33597217486356,"25434"
"TJ Hopkins","DET","AA",27,95,0.168421052,0.252631578,0.666666666,0.189873417,0.326315789,0.329113924,0.655429713,0.139240507,3.3739989915795285,0.245283018,-0.2323237583041191,10.732776218908452,-0.4265718964165231,0.31296613467367074,97.99321940197125,"25482"
"Bryan Ramos","CHW","AA",22,98,0.071428571,0.285714285,0.25,0.181818181,0.265306122,0.306818181,0.572124303,0.125,4.681787533968402,0.24137931,0.14854587148874998,7.966304518942762,-2.828538782234263,0.27458545079036634,74.37664683581974,"25621"
"Cody Freeman","TEX","AA",23,518,0.071428571,0.181467181,0.393617021,0.263829787,0.32046332,0.431914893,0.752378213,0.168085106,5.760659917485633,0.298913043,1.4402821250259876,68.48114901306404,5.86829217793716,0.340288720462954,107.7444292495299,"25629"
"Grant McCray","SFG","AA",23,208,0.115384615,0.322115384,0.358208955,0.209944751,0.3125,0.419889502,0.732389502,0.209944751,7.796794723849073,0.296296296,0.8103587385267019,26.933312127781992,2.500213096333626,0.3344865126105455,111.5444727957116,"25690"
"Tyler Tolbert","KCR","AA",26,462,0.082251082,0.222943722,0.368932038,0.259541984,0.338600451,0.353689567,0.692290018,0.094147583,7.368457755663957,0.340277777,5.107071324251592,55.75712140848023,-0.08677793095725324,0.3254949741115958,98.38711392120324,"25779"
"C.J. Stubbs","WSN","AA",27,269,0.100371747,0.360594795,0.278350515,0.187772925,0.302238805,0.336244541,0.638483346,0.148471616,4.327149108892993,0.28,0.20911838207393885,28.046281347724268,-3.7669612218415063,0.30245141862933317,91.76816889763097,"25814"
"Kevin Alcantara","CHC","AA",21,325,0.092307692,0.246153846,0.375,0.271477663,0.341538461,0.408934707,0.750473168,0.137457044,3.5252158990181366,0.343137254,-0.934639765881002,44.394726622497714,8.595501389002477,0.35061475313626805,123.263094561796,"25971"
"Matthew Lugo","BOS","AA",23,171,0.116959064,0.210526315,0.555555555,0.315068493,0.404761904,0.664383561,1.069145465,0.349315068,7.564946314259577,0.353535353,1.0006871428340673,39.445609591186795,19.358782983601838,0.466380001185183,194.19797089800463,"25980"
"Kenedy Corona","HOU","AA",24,325,0.104615384,0.236923076,0.441558441,0.218637992,0.326153846,0.297491039,0.623644885,0.078853047,6.8466316695927585,0.293532338,1.8289878889918327,32.62149679195232,-6.662631531245044,0.29940224062916665,85.81106681896573,"26244"
"Kyren Paris","LAA","AA",22,92,0.097826086,0.391304347,0.25,0.09090909,0.197802197,0.129870129,0.327672326,0.038961039,9.699205824433966,0.159090909,1.0026572793722153,0.6620450082772316,-9.471889519358342,0.17273803726657405,8.961733682041892,"26420"
"Warming Bernabel","COL","AA",22,506,0.035573122,0.14229249,0.25,0.263048016,0.296442687,0.359081419,0.655524106,0.096033403,4.457005944035367,0.291770573,-0.3797787008807063,52.25046006675565,-7.187752000133155,0.30030348802743695,86.6727660695409,"26536"
"Agustin Ramirez","NYY","AA",22,261,0.107279693,0.164750957,0.65116279,0.289473684,0.371647509,0.570175438,0.941822947,0.280701754,6.658678956618109,0.29239766,1.5873121684417129,50.201411598510504,19.542570986933477,0.41641469093469474,167.72001298520075,"26546"
"Robert Hassell III","WSN","AA",22,264,0.109848484,0.208333333,0.527272727,0.270742358,0.357414448,0.371179039,0.728593487,0.100436681,5.507718184119947,0.333333333,0.009862578473985195,35.03007491395155,4.01883383557478,0.3386609001469066,116.35222561110459,"27482"
"Tyler Callihan","CIN","AA",24,282,0.09574468,0.276595744,0.346153846,0.27125506,0.345323741,0.412955465,0.758279206,0.141700405,5.670271860938645,0.36196319,1.2397551964968443,39.22062636108187,8.157914004633698,0.3540252279892242,119.13817673863264,"27497"
"Nick Yorke","BOS","AA",22,197,0.091370558,0.182741116,0.5,0.251428571,0.324873096,0.365714285,0.690587381,0.114285714,4.457021964683629,0.291970802,0.29824380204081535,23.299498924528745,0.15853493801274757,0.3198678027554817,98.46423724878956,"27504"
"Duke Ellis","NYM","AA",26,148,0.087837837,0.216216216,0.40625,0.261904761,0.344827586,0.309523809,0.654351395,0.047619048,7.5,0.336842105,5.407824672758579,16.432171844234052,0.07854791014391538,0.31512823269285006,101.12531594329916,"27543"
"Gage Workman","DET","AA",24,556,0.116906474,0.275179856,0.424836601,0.279503105,0.366425992,0.476190476,0.842616468,0.196687371,7.1694288838174,0.371428571,-0.6987524218857288,91.41771274114032,26.106159560922574,0.38001982792132144,141.80732142465598,"27573"
"Christian Koss","SFG","AA",26,96,0.104166666,0.125,0.833333333,0.385542168,0.452631578,0.626506024,1.079137602,0.240963856,7.12113020097526,0.428571428,0.5305675603449345,22.924789113492867,11.647974175901314,0.47696887191973236,204.64503631201362,"27653"
"Eric Yang","CIN","AA",26,61,0.180327868,0.245901639,0.733333333,0.145833333,0.327868852,0.1875,0.515368852,0.041666667,0.9067460274999999,0.212121212,-0.23821970634162426,4.986737407053705,-1.732501790617709,0.2752191004205923,67.05694320768846,"27698"
"Zac Veen","COL","AA",22,145,0.110344827,0.262068965,0.421052631,0.267716535,0.358620689,0.456692913,0.815313602,0.188976378,8.660629378072004,0.345238095,1.2192414924502373,22.914802736382356,5.882113507728449,0.37169448342816586,133.32094015946163,"27770"
"Alejandro Osuna","TEX","AA",21,265,0.083018867,0.215094339,0.385964912,0.306382978,0.378787878,0.523404255,0.902192133,0.217021277,6.686822830863784,0.370588235,-0.5415641060099006,48.386208725847304,16.35453486231715,0.4050132070204151,149.46323384478683,"27915"
"Petey Halpin","CLE","AA",22,405,0.106172839,0.234567901,0.452631578,0.233146067,0.314356435,0.398876404,0.713232839,0.165730337,6.230565874749585,0.280632411,-1.3583098351955414,49.77931447658671,2.205251458622354,0.32591616679536234,108.2921212025904,"27931"
"Adael Amador","COL","AA",21,455,0.136263736,0.193406593,0.704545454,0.229765013,0.342920353,0.375979112,0.718899465,0.146214099,5.851456263187386,0.261484098,1.3061342686414719,59.54114822271406,6.0937440914207555,0.3362755957430443,110.17759512648242,"27962"
"Maximo Acosta","TEX","AA",21,434,0.078341013,0.133640552,0.586206896,0.287564766,0.352534562,0.424870466,0.777405028,0.1373057,6.381547252749985,0.31595092,0.2387768281623721,62.600892458415814,10.141471866823018,0.3557531576826825,117.7121844046475,"27963"
"Edgar Quero","CHW","AA",21,292,0.089041095,0.167808219,0.530612244,0.274509803,0.359589041,0.462745098,0.822334139,0.188235295,1.4356834483782248,0.295918367,-1.2575805699452758,46.4898053340113,14.325578354994045,0.38169778271080695,145.16482720839477,"28022"
"Jhostynxon Garcia","BOS","AA",21,126,0.047619047,0.19047619,0.25,0.263157894,0.32,0.385964912,0.705964912,0.122807018,5.734132527063103,0.314606741,-1.5355559587478638,15.272442487635427,0.4716228820465136,0.32369768238067625,100.9667502127381,"28142"
"Javier Sanoja","MIA","AA",21,61,0.049180327,0.098360655,0.5,0.245614035,0.278688524,0.315789473,0.594477997,0.070175438,3.8984042863147623,0.25490196,0.015891692601144314,5.099693361977401,-1.6195458356940122,0.2777644884390909,74.86061820872784,"28253"
"Tsung-Che Cheng","PIT","AA",22,500,0.122,0.234,0.521367521,0.218009478,0.320408163,0.341232227,0.66164039,0.123222749,4.460215977395803,0.272727272,-0.8459021961316466,55.85044657009533,-2.8829645631940073,0.3113033418752709,93.066292426614,"28344"
"Yanquiel Fernandez","COL","AA",21,346,0.075144508,0.190751445,0.393939393,0.28343949,0.339130434,0.439490445,0.778620879,0.156050955,3.003737345636178,0.327800829,-0.5978369023650885,48.8983965326857,8.25487602844948,0.349916297267055,119.09067745330768,"28552"
"Denzer Guzman","LAA","AA",20,342,0.105263157,0.263157894,0.4,0.206081081,0.296735905,0.304054054,0.600789959,0.097972973,3.4926731969380103,0.272277227,-2.0252433083951473,31.425351715354847,-6.246448376507829,0.28915364257659687,85.89824247721424,"28816"
"Moises Ballesteros","CHC","AA",20,223,0.098654708,0.147982062,0.666666666,0.298969072,0.372197309,0.49484536,0.867042669,0.195876288,3.352922276641694,0.314102564,-0.6337689692154527,37.71253961305747,13.148763529766892,0.39531020994658944,152.80133728135243,"28820"
"Samuel Basallo","BAL","AA",19,446,0.091928251,0.190582959,0.482352941,0.288944723,0.355056179,0.46482412,0.819880299,0.175879397,3.3594982444478765,0.328903654,-1.352341621182859,69.9987165189948,17.60851378810071,0.3702798274991749,126.29260554024039,"28824"
"Carter Jensen","KCR","AA",20,170,0.088235294,0.264705882,0.333333333,0.233333333,0.3,0.48,0.78,0.246666667,4.875747156429756,0.267326732,-0.5453095315024257,23.062780637554912,2.5141596684978267,0.3447338465382071,110.78771842327714,"29478"
"Tim Tawa","ARI","AA",25,456,0.087719298,0.210526315,0.416666666,0.270072992,0.33991228,0.486618004,0.826530284,0.216545012,4.751319308387833,0.305084745,-1.4083880428224802,71.95776923064311,16.839115337172345,0.373172362906891,113.98699421750929,"29571"
"Billy Cook","BAL","AA",25,63,0.126984126,0.174603174,0.727272727,0.25490196,0.365079365,0.392156862,0.757236227,0.137254902,8.919897319306045,0.292682926,0.6237337188795209,8.857853641850204,1.4574438390557474,0.34897261668765356,112.37008668856544,"29573"
"Ben Rice","NYY","AA",25,218,0.14678899,0.211009174,0.695652173,0.261111111,0.382488479,0.511111111,0.89359959,0.25,5.250982143806686,0.284552845,1.0248152781277895,39.74223495223889,14.134467698124743,0.40332982177558585,159.17012162913045,"29576"
"Chad Stevens","LAA","AA",25,159,0.075471698,0.289308176,0.260869565,0.218309859,0.289308176,0.338028169,0.627336345,0.11971831,2.9111699887984823,0.294736842,-0.4087044568732381,15.009522973637523,-3.5232235052776932,0.29455407910376974,86.01878245890674,"29614"
"Marcelo Mayer","BOS","AA",21,335,0.089552238,0.197014925,0.454545454,0.306666666,0.370149253,0.48,0.850149253,0.173333334,5.597993220067901,0.366812227,0.973542750813067,55.803811072475696,16.452425613171837,0.3828328976374186,139.60677477966397,"29668"
"Braxton Fulford","COL","AA",25,379,0.100263852,0.25065963,0.4,0.241486068,0.341269841,0.411764705,0.753034546,0.170278637,5.786323876524248,0.306306306,0.29004818201065063,52.51392823708299,7.994002598049675,0.3463114231982559,116.73518720989999,"29704"
"Jack Winkler","OAK","AA",25,536,0.089552238,0.218283582,0.41025641,0.223404255,0.310280373,0.344680851,0.654961224,0.121276596,6.2129590693867005,0.277936962,2.26593837980181,56.79944701070759,-7.989146162319449,0.3065897189499287,86.63349233911258,"29830"
"Liam Hicks","TEX","AA",25,494,0.129554655,0.117408906,1.103448275,0.263546798,0.37854251,0.357142857,0.735685367,0.093596059,3.08008541683986,0.288571428,-1.3729109028354287,68.94337104348463,9.725571707766475,0.3492239843978573,115.96575632961991,"29844"
"Denzel Clarke","OAK","AA",24,478,0.081589958,0.299163179,0.272727272,0.269141531,0.338912133,0.445475638,0.784387771,0.176334107,8.608854453739404,0.373188405,2.2289647087454796,69.52214829785406,11.74426110250531,0.35729737586057336,119.31761148249814,"29858"
"Harry Ford","SEA","AA",21,523,0.141491395,0.219885277,0.64347826,0.248837209,0.377394636,0.36744186,0.744836496,0.118604651,6.424250254272095,0.322580645,1.6168544385582209,74.98521440409553,11.767986363996378,0.3546400643399849,130.72677022742602,"29958"
"Brady House","WSN","AA",21,306,0.078431372,0.245098039,0.32,0.233576642,0.310457516,0.423357664,0.73381518,0.189781022,4.4877404577440085,0.272727272,-0.4687453266233206,39.686079979851456,3.7412323662783864,0.33475501319162204,113.80004807606765,"29993"
"Daylen Lile","WSN","AA",21,316,0.104430379,0.183544303,0.568965517,0.254545454,0.342857142,0.37090909,0.713766232,0.116363636,6.353635977336433,0.310185185,0.17314831353724003,40.25779694793412,3.1382811116952523,0.33176365106824846,111.84543768978776,"29995"
"Bob Seymour","TBR","AA",25,292,0.075342465,0.273972602,0.275,0.290076335,0.349315068,0.465648854,0.814963922,0.175572519,4.030910215564786,0.378531073,-0.5925821037963033,44.943945227412854,12.779718248395598,0.37442062080722965,139.57063389536535,"30028"
"Carson Williams","TBR","AA",21,505,0.114851485,0.285148514,0.402777777,0.256351039,0.352475247,0.46882217,0.821297417,0.212471131,8.213902570486926,0.332116788,0.6247791750356555,79.02553880485995,23.399050365121205,0.3779513979005435,141.904046689725,"30038"
"Jimmy Crooks","STL","AA",22,371,0.115902964,0.210242587,0.551282051,0.32063492,0.409703504,0.498412698,0.908116202,0.177777778,4.271812530519408,0.389610389,-0.377457894384861,69.86963033757667,25.025286928634454,0.4123845013646745,153.55789921988458,"31354"
"Nathan Church","STL","AA",23,541,0.079482439,0.11090573,0.716666666,0.267634854,0.331471135,0.373443983,0.704915118,0.105809129,6.124461098497205,0.286396181,1.701016142964363,65.18969709320562,-0.203267284793681,0.3252536127500445,97.39682773579074,"31357"
"Graham Pauley","MIA","AA",23,160,0.1125,0.21875,0.514285714,0.239130434,0.325,0.384057971,0.709057971,0.144927537,4.604362466492496,0.284313725,0.2706228867173195,19.627476932600207,2.003242971494859,0.3314701829105616,110.35352849383551,"31363"
"Jakob Marsee","MIA","AA",23,510,0.156862745,0.225490196,0.695652173,0.185185185,0.340594059,0.306172839,0.646766898,0.120987654,8.334422811563716,0.232394366,4.241771885193884,57.91903866715172,0.5730100337360189,0.3183830335588739,102.17575202431588,"31370"
"Dalton Rushing","LAD","AA",23,334,0.113772455,0.206586826,0.550724637,0.270462633,0.378378378,0.512455516,0.890833894,0.241992883,2.4258865765539634,0.299492385,-1.7457349486649036,60.146235144782324,19.77423865263487,0.4017877797764468,151.68662524589533,"31382"
"Brooks Baldwin","CHW","AA",23,319,0.087774294,0.175548589,0.5,0.321678321,0.385579937,0.44055944,0.826139377,0.118881119,4.232129548593394,0.380530973,0.3209552289918065,51.48341725271676,16.345100792762985,0.3846921459260779,147.14373588849935,"31394"
"Tyler Locklear","SEA","AA",23,188,0.122340425,0.260638297,0.469387755,0.29113924,0.401069518,0.531645569,0.932715087,0.240506329,5.465506907681892,0.376237623,-0.13174035772681236,36.311980863386935,13.587623556429692,0.41857735530750173,171.9381801604483,"31396"
"Ryan Ritter","COL","AA",23,373,0.09383378,0.235924932,0.397727272,0.270440251,0.37027027,0.402515723,0.772785993,0.132075472,7.2947078187826655,0.352678571,2.379510985687375,55.277895759876934,11.46277105444309,0.3588751670790882,124.94456583649713,"31500"
"Tim Elko","CHW","AA",25,371,0.056603773,0.293800539,0.19266055,0.288629737,0.337837837,0.419825072,0.757662909,0.131195335,3.212042310003532,0.398230088,-0.8969739507883787,50.912478201409776,10.046285704096757,0.3514824532234895,125.19618162467515,"31522"
"Drake Baldwin","ATL","AA",23,217,0.092165898,0.188940092,0.487804878,0.243523316,0.313364055,0.336787564,0.650151619,0.093264248,1.733356867189368,0.284768211,-0.9531887229532003,22.827424568192214,-1.075442741556912,0.3074474535230118,104.41832202480221,"31539"
"Zach Dezenzo","HOU","AA",24,91,0.098901098,0.252747252,0.391304347,0.222222222,0.307692307,0.37037037,0.678062677,0.148148148,3.3163001998319324,0.285714285,-0.21775158867239952,10.27375726598456,-0.7257986645107015,0.3154908431755317,96.18113387614791,"31562"
"Alan Roden","TOR","AA",24,244,0.118852459,0.139344262,0.852941176,0.266990291,0.372950819,0.432038834,0.804989653,0.165048543,5.1612853193373995,0.287425149,0.1316491076722741,38.070752190632,9.408847557586803,0.3690805064797892,132.95808168674284,"31564"
"Zach Cole","HOU","AA",23,295,0.081355932,0.383050847,0.21238938,0.213740458,0.301694915,0.408396946,0.710091861,0.194656488,6.801682953500816,0.330935251,1.37806601729244,35.44897186168651,-0.20892923167724933,0.32482648402655206,102.19851303433482,"31583"
"Jacob Melton","HOU","AA",23,251,0.071713147,0.223107569,0.321428571,0.24778761,0.306451612,0.442477876,0.748929488,0.194690266,7.304618273740121,0.283950617,1.5841095577925444,32.747594967757706,2.4081604781498975,0.3380606698413049,110.72873770429553,"31661"
"Alex Freeland","LAD","AA",22,341,0.131964809,0.214076246,0.616438356,0.244680851,0.369501466,0.421985815,0.791487281,0.177304964,7.2772853544926965,0.29,2.9855800783261657,52.48310277948525,11.26498660037663,0.3681719109110119,130.019186242701,"31665"
"Cole Young","SEA","AA",20,552,0.121376811,0.157608695,0.770114942,0.270788912,0.368613138,0.390191897,0.758805035,0.119402985,4.926159211746805,0.312997347,-1.665411414578557,79.26356956482987,12.540988535891564,0.3549204225087688,130.90747784338828,"31680"
"Dylan Beavers","BAL","AA",22,509,0.131630648,0.225933202,0.582608695,0.241299303,0.343195266,0.412993039,0.756188305,0.171693736,7.4705013507346365,0.28990228,3.7185668805614114,70.66841494678499,10.877802413096443,0.3466745255261483,110.86847215056011,"31695"
"Nacho Alvarez Jr.","ATL","AA",21,202,0.143564356,0.188118811,0.763157894,0.264705882,0.381188118,0.311764705,0.692952823,0.047058823,6.088096449636668,0.34090909,1.8879981841892004,25.83088061203893,3.58028523614343,0.33862345850113595,125.02185687573757,"31765"
"Otto Kemp","PHI","AA",24,273,0.084249084,0.227106227,0.370967741,0.257510729,0.352941176,0.476394849,0.829336025,0.21888412,6.504442189396078,0.300613496,-0.8977601286023855,43.8156632819139,11.747220803137921,0.37490590815158453,131.1748162424252,"31792"
"Rhylan Thomas","NYM","AA",24,109,0.073394495,0.119266055,0.615384615,0.322916666,0.37735849,0.40625,0.78360849,0.083333334,4.248111434303582,0.369047619,-0.3258843421936035,16.279466664682793,3.4755830376257175,0.3603803672880497,130.9970931753746,"31793"
"Roman Anthony","BOS","AA",20,376,0.127659574,0.255319148,0.5,0.269349845,0.367021276,0.489164086,0.856185362,0.219814241,6.652033847423999,0.336448598,0.24247903935611248,63.1868587323995,19.019333560165922,0.38475105596736153,140.8601342993758,"31812"
"Colby Thomas","OAK","AA",23,261,0.065134099,0.180076628,0.361702127,0.282051282,0.339768339,0.568376068,0.908144407,0.286324786,7.029885178490573,0.295454545,1.4682596661150455,46.678104863232896,15.129927963680549,0.4002010458684796,146.97159408906847,"31855"
"Chandler Simpson","TBR","AA",23,358,0.081005586,0.075418994,1.074074074,0.350931677,0.401129943,0.406832298,0.807962241,0.055900621,7.006304748526407,0.377104377,8.305359540507197,55.76631250268922,16.332089014715997,0.3769693972368754,141.25506408558047,"31912"
"Rafael Flores Jr.","NYY","AA",23,273,0.102564102,0.267399267,0.383561643,0.273858921,0.358974358,0.518672199,0.877646557,0.244813278,4.447180210330522,0.333333333,0.5598750589415431,47.977560459332445,15.909117980556466,0.3947768632745568,153.58146307492018,"31991"
"Chase DeLauter","CLE","AA",22,128,0.109375,0.1484375,0.736842105,0.252252252,0.328125,0.441441441,0.769566441,0.189189189,2.8254179522216725,0.255555555,-0.49726397451013327,17.736698839951686,2.700945589829616,0.34632287034764886,121.62623224229647,"32127"
"Carson McCusker","MIN","AA",26,420,0.09047619,0.278571428,0.324786324,0.281081081,0.357142857,0.489189189,0.846332046,0.208108108,4.649997052497885,0.367768595,-2.590648068115115,69.09546707184795,18.32828585417751,0.38179291004226323,132.0853025278828,"33098"
"Ben Williamson","SEA","AA",23,411,0.107055961,0.236009732,0.453608247,0.27247191,0.364963503,0.373595505,0.738559008,0.101123595,5.3491123387479895,0.364341085,-0.7261338215321302,56.57885222844328,6.8995391797229235,0.34730043144411704,125.99593763423437,"33197"
"Jacob Wilson","OAK","AA",22,93,0.021505376,0.107526881,0.2,0.454545454,0.473118279,0.704545454,1.177663733,0.25,4.009135976046097,0.486842105,-0.29624878242611885,25.544411544695645,14.303107132211476,0.5232976418669506,226.31471611201962,"33266"
"Brice Matthews","HOU","AA",22,181,0.132596685,0.337016574,0.393442622,0.251655629,0.375690607,0.496688741,0.872379348,0.245033112,7.346065335233909,0.358024691,1.0233581457287073,31.920933618836422,10.042695998840353,0.3970094721620254,148.72476820133582,"33280"
"Luke Keaschall","MIN","AA",21,267,0.119850187,0.191011235,0.62745098,0.280542986,0.393258426,0.438914027,0.832172453,0.158371041,5.470734329563312,0.327272727,-1.151387857273221,44.42672647648374,12.153304130964672,0.38420687851152924,133.64124965430787,"33321"
"Matt Shaw","CHC","AA",22,371,0.1212938,0.175202156,0.692307692,0.278846153,0.372972972,0.467948717,0.840921689,0.189102564,6.920362476462039,0.304166666,0.4594778250902891,60.57115723296755,19.704964735654528,0.38726889539409326,147.48700965194823,"33322"
"Dylan Crews","WSN","AA",22,211,0.075829383,0.236966824,0.32,0.274193548,0.342857142,0.446236559,0.789093701,0.172043011,8.102169599180465,0.343283582,1.2792950449511409,30.916448782052363,6.13094928380426,0.3566923558712006,128.1343065444232,"33541"
"Kyle Teel","BOS","AA",22,382,0.12565445,0.227748691,0.551724137,0.298461538,0.390052356,0.461538461,0.851590817,0.163076923,4.100793754913207,0.370689655,-1.34306444786489,65.12319463344349,20.250868527610432,0.38791764000947565,142.92923787242106,"33549"
"Kristian Campbell","BOS","AA",22,255,0.137254901,0.149019607,0.921052631,0.361502347,0.462745098,0.582159624,1.044904722,0.220657277,7.265241647355797,0.410714285,0.5166964288800955,59.10597105327568,29.151931375298126,0.4678294782545052,195.14508556267,"33644"
"Nolan McLean","NYM","AA",22,69,0.086956521,0.52173913,0.166666666,0.158730158,0.231884057,0.333333333,0.56521739,0.174603175,0.9601648275000001,0.291666666,-0.1020489064976573,5.02185056023917,-3.0833601761547587,0.2605729871901913,65.7811367913815,"33703"
"CJ Kayfus","CLE","AA",22,298,0.120805369,0.281879194,0.428571428,0.262948207,0.365771812,0.470119521,0.835891333,0.207171314,4.496269681149625,0.347826086,-1.3707942450419068,48.537223223256056,13.532110187815613,0.3780076357742284,142.32963391530765,"33704"
"Christian Moore","LAA","AA",21,98,0.081632653,0.295918367,0.275862068,0.322222222,0.37755102,0.533333333,0.910884353,0.211111111,4.82933045456614,0.428571428,0.02943601831793785,18.218491873708466,7.423648572531443,0.4183875273685066,171.30606978222778,"34979"
"Carter Bins","PIT","AA",25,247,0.117408906,0.35222672,0.333333333,0.193396226,0.302040816,0.353773584,0.6558144,0.160377358,6.204722763695259,0.282051282,0.26152953412383795,26.839498416594417,-2.174806683250517,0.3073422538990877,90.47804554111673,"sa1115884"
"Nick Kahle","MIL","AA",26,107,0.102803738,0.224299065,0.458333333,0.17204301,0.271028037,0.225806451,0.496834488,0.053763441,1.6813186775,0.217391304,-0.34409513138234615,6.597131453968129,-5.189075007521072,0.24759749831440292,53.41620354128105,"sa1115979"
"Quincy McAfee","CIN","AA",26,234,0.068376068,0.179487179,0.38095238,0.204761904,0.282051282,0.366666666,0.648717948,0.161904762,3.6655846818271596,0.2125,-0.8184970747679472,24.34414733925748,-1.4312948288590914,0.30585197887868965,87.30153770716788,"sa1159899"
"Ivan Johnson","CIN","AA",25,273,0.131868131,0.311355311,0.423529411,0.234782608,0.351648351,0.417391304,0.769039655,0.182608696,6.56187486932769,0.338129496,0.31681438349187374,39.3619444010183,9.290595204882305,0.36103938831077825,123.77368076605988,"sa1169627"
"Clay Dungan","SDP","AA",28,152,0.157894736,0.230263157,0.685714285,0.217741935,0.342105263,0.306451612,0.648556875,0.088709677,5.149540919958628,0.277777777,0.5154360914602876,16.87780529692304,-1.4950793342338808,0.3131012536193195,100.4966704649435,"sa1169803"
"Cody Milligan","ATL","AA",25,426,0.077464788,0.244131455,0.317307692,0.242268041,0.305882352,0.358247422,0.664129774,0.115979381,8.05766253258789,0.317857142,3.1785877170041203,46.081631070130804,-0.8428918513121816,0.31154008683036355,107.12305321275556,"sa1169818"
"Brandon Parker","ATL","AA",25,257,0.066147859,0.369649805,0.178947368,0.198275862,0.26848249,0.362068965,0.630551455,0.163793103,4.765281287277535,0.284615384,0.3659211480990052,24.831118402413285,-3.477807397612178,0.29565842374289547,96.62721196744313,"sa1169878"
"Aaron Shackelford","PIT","AA",27,95,0.031578947,0.357894736,0.088235294,0.21590909,0.263157894,0.409090909,0.672248803,0.193181819,5.083638375758958,0.294117647,-0.3581063747406006,9.638149853060874,-1.5211982622641005,0.2979474346688453,84.3392998836888,"sa1169950"
"Matt Lloyd","STL","AA",28,486,0.115226337,0.20164609,0.571428571,0.268765133,0.358024691,0.452784503,0.810809194,0.18401937,4.831708831573234,0.305194805,1.0715912794694304,74.5738033505024,15.828922227198037,0.3675741373878164,124.67493825683029,"sa1169978"
"Bryce Ball","PHI","AA",25,206,0.126213592,0.325242718,0.388059701,0.193181818,0.300970873,0.323863636,0.624834509,0.130681818,3.18013784,0.287037037,-0.4267499726265669,20.333779710720297,-3.864385676194908,0.2943674921989441,78.54955128853635,"sa1170451"
"Alex Isola","MIN","AA",25,78,0.089743589,0.192307692,0.466666666,0.214285714,0.294871794,0.328571428,0.623443222,0.114285714,1.7792937829178732,0.245283018,-0.6079394454136491,7.499744266695429,-1.9284465308719387,0.29397719563582003,75.48281984209353,"sa1170516"
"Chandler Redmond","STL","AA",27,319,0.112852664,0.310344827,0.363636363,0.231343283,0.324758842,0.354477611,0.679236453,0.123134328,3.3423138892909687,0.323170731,-0.2653534281998873,36.77210098665314,-1.7867818905775001,0.3185411768327572,93.07026112575075,"sa1170749"
"Robert Perez Jr.","SDP","AA",24,476,0.109243697,0.310924369,0.351351351,0.224691358,0.334033613,0.343209876,0.677243489,0.118518518,3.766893887227976,0.326693227,-2.249532550573349,55.83324394008089,-1.7028947732789406,0.32114072573812386,105.67859131456902,"sa3002851"
"Ernesto Martinez Jr.","MIL","AA",25,457,0.087527352,0.168490153,0.519480519,0.284289276,0.365426695,0.466334164,0.831760859,0.182044888,5.487680972321922,0.32165605,0.4706747839227319,73.59056913113108,23.251350879723923,0.38419683682813976,143.69169694261137,"sa3003173"
"Eliezer Alfonzo","DET","AA",24,396,0.058080808,0.078282828,0.741935483,0.255494505,0.303797468,0.368131868,0.671929336,0.112637363,2.2934233377998074,0.25609756,-1.3099518418312073,42.9612283505494,-3.5556332670157627,0.30711547342048684,94.17029098995347,"sa3003262"
"Luis Mieses","TEX","AA",24,136,0.029411764,0.227941176,0.129032258,0.28125,0.303703703,0.4609375,0.764641203,0.1796875,0.620798315,0.322580645,-0.2943644765764475,18.15408243076312,1.7151856555174527,0.34193669601723,108.80664810646226,"sa3003274"
"Diego Infante","MIA","AA",24,99,0.06060606,0.303030303,0.2,0.29032258,0.333333333,0.333333333,0.666666666,0.043010753,4.970864825019479,0.419354838,0.3897327398881316,10.995543519358971,0.0905487559250382,0.3155171377490265,99.81051240839189,"sa3003280"
"Jose Peroza","NYM","AA",24,82,0.121951219,0.329268292,0.37037037,0.242857142,0.341463414,0.371428571,0.712891985,0.128571429,2.26785714,0.357142857,-0.21337498631328344,10.46468615597212,0.8324067301126689,0.33205044923759086,112.48580975996646,"sa3003288"
"Jeremy Arocho","HOU","AA",25,443,0.148984198,0.178329571,0.835443037,0.213513513,0.334090909,0.259459459,0.593550368,0.045945946,6.438134796314653,0.267123287,3.367816905491054,42.55967131220578,-10.987617448337096,0.29387561936270107,82.24882870861816,"sa3004046"
"Austin Beck","LAD","AA",25,262,0.095419847,0.351145038,0.27173913,0.213973799,0.293893129,0.43231441,0.726207539,0.218340611,3.816527483049942,0.279069767,-0.32985605485737324,31.930406762226593,0.261355621679796,0.32701765580941705,103.49280622541718,"sa3004055"
"Jancarlos Cintron","ARI","AA",29,344,0.055232558,0.145348837,0.38,0.241269841,0.29032258,0.32063492,0.6109575,0.079365079,4.401939394339054,0.275471698,-1.2593099055811763,30.57632112725689,-11.00441777483509,0.2846436893835096,56.92496671852872,"sa3004065"
"Jeisson Rosario","OAK","AA",24,292,0.126712328,0.256849315,0.493333333,0.257936507,0.355172413,0.349206349,0.704378762,0.091269842,5.965902126492231,0.356321839,-1.8121450673788786,37.12919445233617,1.8339160819557698,0.33380398215918705,104.17471343513473,"sa3004146"
"Jordy Barley","WSN","AA",24,129,0.155038759,0.341085271,0.454545454,0.157407407,0.2890625,0.231481481,0.520543981,0.074074074,5.071731166658928,0.241935483,0.4648384964093566,9.331370191018943,-5.8218498813697055,0.259993948508054,64.949809458001,"sa3004148"
"Abrahan Gutierrez","PIT","AA",24,180,0.038888888,0.161111111,0.24137931,0.251461988,0.283333333,0.321637426,0.604970759,0.070175438,4.083673313646654,0.3006993,-0.38075853139162064,15.52493482342682,-5.61909318455734,0.27812923424773744,71.38972748728905,"sa3004263"
"Logan Warmoth","ARI","AA",28,181,0.154696132,0.243093922,0.636363636,0.193333333,0.320441988,0.246666666,0.567108654,0.053333333,3.8023090809152116,0.261682242,0.06825964525341988,15.808645721538843,-6.069591898457229,0.28266023733339257,55.64651318565394,"sa3004813"
"Micael Ramirez","CLE","AA",25,160,0.09375,0.16875,0.555555555,0.269503546,0.341772151,0.34751773,0.689289881,0.078014184,1.1040147985676367,0.3125,-1.273924701847136,19.2867139210436,0.4920223583910138,0.3228271181070352,106.27368063909243,"sa3004883"
"Lamar Sparks","MIL","AA",25,392,0.084183673,0.298469387,0.282051282,0.277310924,0.336734693,0.420168067,0.75690276,0.142857143,4.339965414929738,0.383620689,-2.021412360481918,53.560458751991916,10.38108554728381,0.350662402789611,121.52952828424624,"sa3004932"
"Adam Hall","MIL","AA",25,208,0.110576923,0.245192307,0.450980392,0.261627906,0.376811594,0.279069767,0.655881361,0.017441861,4.941661910392579,0.365853658,0.23623413126915693,24.585654149872724,1.674150000435771,0.3253237227886771,104.78375290852802,"sa3005077"
"Tyler Dearden","MIN","AA",25,105,0.066666666,0.257142857,0.259259259,0.221052631,0.276190476,0.315789473,0.591979949,0.094736842,1.52678570875,0.3,-0.1864308351650834,8.127522753210615,-4.564272551206996,0.26989734917879105,59.96191790133062,"sa3005103"
"Jeferson Morales","MIN","AA",25,371,0.080862533,0.153638814,0.526315789,0.278287461,0.355795148,0.43119266,0.786987808,0.152905199,2.9885127361369204,0.31060606,-1.8672493509948254,54.938447596854814,10.094104187912597,0.3606863605009543,118.48086836659746,"sa3005472"
"Carlos Rodriguez","MIL","AA",23,372,0.112903225,0.110215053,1.024390243,0.297546012,0.376344086,0.395705521,0.772049607,0.098159509,6.432413742233013,0.327464788,-0.13049890846014023,54.01674722428293,13.040403264713001,0.36244609807768174,129.31711289333668,"sa3005478"
"Miguel Hiraldo","TOR","AA",23,168,0.053571428,0.238095238,0.225,0.227272727,0.285714285,0.298701298,0.584415583,0.071428571,6.082085313450471,0.298245614,-0.000496148131787777,13.997377139054654,-5.737049001730561,0.2743076653707595,71.03178459234383,"sa3005486"
"Keyber Rodriguez","TEX","AA",23,387,0.059431524,0.193798449,0.306666666,0.233802816,0.284974093,0.369014084,0.653988177,0.135211268,5.854699925808177,0.27173913,-0.6593098966404796,38.75703096960418,-8.021300295249302,0.29911132689584724,81.20313510665518,"sa3005488"
"Jesus Valdez","ARI","AA",26,222,0.099099099,0.288288288,0.34375,0.237373737,0.312217194,0.373737373,0.685954567,0.136363636,4.057232503755387,0.323076923,-0.5415525129064918,25.41210410220505,-1.421977398563612,0.3175082533068247,78.10814472964984,"sa3005492"
"Fabian Pertuz","CHC","AA",23,158,0.050632911,0.335443037,0.150943396,0.238095238,0.29113924,0.340136054,0.631275294,0.102040816,3.9630867891946573,0.351648351,-0.07526572328060865,15.531214231357056,-1.872716805234473,0.2979673120794417,88.46956064402742,"sa3005500"
"Allan Cerda","SFG","AA",24,105,0.123809523,0.304761904,0.40625,0.184782608,0.285714285,0.391304347,0.677018632,0.206521739,5.563397418169141,0.218181818,-0.0753283966332674,11.785240784011155,0.0583993268230244,0.31569109076545354,94.90350886380111,"sa3005504"
"Alexfri Planez","CLE","AA",22,425,0.037647058,0.289411764,0.1300813,0.218905472,0.254117647,0.383084577,0.637202224,0.164179105,4.207940711883855,0.270676691,-0.5147367678582668,39.66053841362912,-10.262861049666814,0.28734359011930577,83.08809845740352,"sa3005515"
"Luis Toribio","SFG","AA",23,239,0.112970711,0.376569037,0.3,0.208737864,0.306722689,0.383495145,0.690217834,0.174757281,4.494769601648168,0.318181818,-1.329587741754949,27.932033040648015,-0.1425374810642875,0.3180415089390859,100.79900847111973,"sa3005541"
"Neyfy Castillo","ARI","AA",23,213,0.079812206,0.361502347,0.22077922,0.206185567,0.272300469,0.345360824,0.617661293,0.139175257,5.608459073306715,0.309734513,0.16638113744556904,19.06411006980513,-6.68210326201345,0.2854378173049067,57.436829683204245,"sa3005544"
"Rainer Nunez","TOR","AA",23,433,0.101616628,0.200923787,0.505747126,0.275324675,0.348729792,0.415584415,0.764314207,0.14025974,3.0535930531250104,0.325259515,-0.7410923121497035,61.341007051012774,10.477873009584211,0.3503598540539554,120.72566710090737,"sa3005551"
"Daniel Vellojin","CIN","AA",24,215,0.144186046,0.237209302,0.607843137,0.17032967,0.293023255,0.241758241,0.534781496,0.071428571,2.964087850169282,0.223076923,-0.5278935441747308,16.33537416990415,-7.3471902153311595,0.26728588897128436,61.81405853756003,"sa3005587"
"Alberto Rodriguez","SEA","AA",23,384,0.057291666,0.268229166,0.213592233,0.240793201,0.287206266,0.328611898,0.615818164,0.087818697,5.1110224434916764,0.325396825,-0.5298792440444231,33.85345791204411,-12.56225062982601,0.28371288670295197,85.00996007234635,"sa3005603"
"Ronaiker Palma","COL","AA",24,209,0.119617224,0.162679425,0.735294117,0.241573033,0.347826086,0.280898876,0.628724962,0.039325843,4.693023159001406,0.293706293,0.778429408557713,22.541370591838557,-2.009195261876386,0.3062884392945663,90.58344201769964,"sa3005624"
"Stanley Consuegra","NYM","AA",23,221,0.054298642,0.285067873,0.19047619,0.200980392,0.262443438,0.303921568,0.566365006,0.102941176,5.376349253300894,0.275362318,-0.42753882333636284,16.779065423881736,-9.18110229703215,0.2646695984974166,68.45793708482904,"sa3005628"
"Dalvy Rosario","MIA","AA",23,131,0.038167938,0.27480916,0.138888888,0.204918032,0.234375,0.262295081,0.496670081,0.057377049,7.4732883247838275,0.279069767,0.08472109772264957,6.701681205372974,-7.728160350282028,0.2331676036119461,45.38751954121175,"sa3005712"
"Brandon Valenzuela","SDP","AA",23,347,0.095100864,0.23054755,0.4125,0.241042345,0.317002881,0.381107491,0.698110372,0.140065146,1.7822532187478268,0.292792792,-1.6672377549111843,40.71728580026441,-1.2260758248109285,0.32119743948037915,105.71514671511152,"sa3005729"
"Junior Perez","OAK","AA",22,390,0.107692307,0.353846153,0.304347826,0.219941348,0.304123711,0.372434017,0.676557728,0.152492669,7.273228809081412,0.336683417,2.6682364977896214,43.06196428277591,-4.078989705060932,0.31230110114382714,90.31481992298683,"sa3005744"
"Diego Hernandez","KCR","AA",23,395,0.040506329,0.24556962,0.164948453,0.240437158,0.271317829,0.352459016,0.623776845,0.112021858,3.376286973581224,0.301886792,-2.7453443435952067,35.060096764655015,-12.685228428154085,0.28448322746488786,71.95258913057033,"sa3005759"
"Rolando Espinosa","HOU","AA",23,300,0.096666666,0.336666666,0.287128712,0.222641509,0.296666666,0.38490566,0.681572326,0.162264151,6.079864015657337,0.3081761,1.0995688205584884,32.99441601720805,-3.2678562811279734,0.31174372216065727,93.7658901603782,"sa3005774"
"Yoyner Fajardo","PIT","AA",25,265,0.132075471,0.139622641,0.945945945,0.3,0.406130268,0.372727272,0.77885754,0.072727272,7.28757256528956,0.358695652,0.48886490892618895,41.00763663245295,9.878928731809607,0.36740966409558995,129.72718322646278,"sa3005938"
"Pablo Aliendo","CHC","AA",23,231,0.103896103,0.324675324,0.32,0.248730964,0.346320346,0.461928934,0.80824928,0.21319797,4.570292796889117,0.339130434,-0.3808312537148595,35.384080372000014,9.93909259065417,0.3734037182031772,138.3238195104312,"sa3006220"
"Bladimir Restituyo","COL","AA",22,444,0.056306306,0.164414414,0.342465753,0.269607843,0.312217194,0.350490196,0.66270739,0.080882353,4.979933916368631,0.3125,0.24608070123940706,47.401544416916586,-4.753724669444341,0.30486350550371055,89.6523643773146,"sa3006621"
"Orlando Martinez","LAA","AA",26,324,0.126543209,0.157407407,0.803921568,0.262773722,0.352941176,0.379562043,0.732503219,0.116788321,4.159760258773238,0.297777777,-0.4175673760473728,42.32038527040129,6.631311499162963,0.3423937335147621,121.08344564487987,"sa3006664"
"Jake Anchia","SEA","AA",27,290,0.031034482,0.293103448,0.105882352,0.210332103,0.24567474,0.357933579,0.603608319,0.147601476,4.09694918733459,0.26519337,-0.30230391304939985,23.219498006730444,-11.834031881661051,0.27331717843415415,78.30930403067585,"sa3006674"
"Nick Podkul","CHW","AA",27,95,0.126315789,0.27368421,0.461538461,0.25609756,0.357894736,0.402439024,0.76033376,0.146341464,3.5339861712499996,0.351851851,-0.3573295595124364,13.508037795672411,3.04364888126611,0.35829971777765374,129.70156157724858,"sa3006720"
"Kendall Simmons","PHI","AA",24,228,0.074561403,0.285087719,0.261538461,0.252475247,0.333333333,0.455445544,0.788778877,0.202970297,6.117758739234366,0.325581395,0.6990326587110758,33.67494790267409,6.892512425894153,0.35822218159834546,120.27336604754278,"sa3006867"
"Trey Harris","WSN","AA",28,202,0.04950495,0.232673267,0.212765957,0.207446808,0.257425742,0.271276595,0.528702337,0.063829787,3.374420044229479,0.274647887,-1.209378913976252,12.709970029732693,-11.018328068116197,0.24772136016647414,56.930677153171075,"sa3006876"
"Kristian Robinson","ARI","AA",23,419,0.150357995,0.357995226,0.42,0.213675213,0.336515513,0.35042735,0.686942863,0.136752137,4.404669088998496,0.333333333,-0.8242437206208706,50.739697660471606,0.09339068379561714,0.3260225694902188,83.59613099280709,"sa3006884"
"Luis Verdugo","CHC","AA",23,447,0.076062639,0.165548098,0.459459459,0.256790123,0.313199105,0.328395061,0.641594166,0.071604938,2.9446893815596216,0.304477611,-1.5063774399459362,45.33219751081833,-3.9055061180197286,0.3022498455090277,91.29979263907249,"sa3006888"
"Reivaj Garcia","CHC","AA",22,63,0.047619047,0.111111111,0.428571428,0.214285714,0.245901639,0.267857142,0.513758781,0.053571428,1.1845238025,0.235294117,-0.15881313756108284,3.5033757294002106,-3.4361663927850197,0.23928629179469874,49.688567140417476,"sa3006900"
"Carlos De La Cruz","PHI","AA",24,279,0.086021505,0.304659498,0.282352941,0.262096774,0.340501792,0.427419354,0.767921146,0.16532258,5.567209299305304,0.365384615,-0.07762806862592697,39.730316802204,6.9570733898285555,0.35132104222492505,115.76403613691323,"sa3006903"
"Jeremy Eierman","OAK","AA",27,260,0.057692307,0.319230769,0.180722891,0.221276595,0.281853281,0.4,0.681853281,0.178723405,2.9655923105235447,0.279720279,-0.13966820109635592,28.308321572526292,-3.1189810860316025,0.31032656035368045,89.04211023039834,"sa3007005"
"Frainyer Chavez","TEX","AA",25,297,0.114478114,0.205387205,0.557377049,0.247104247,0.33559322,0.347490347,0.683083567,0.1003861,6.896587814929202,0.307692307,1.3425744390115142,34.66682445029834,-1.2328251250543303,0.32040413768113063,94.92762578525475,"sa3007019"
"Jarryd Dale","SDP","AA",23,93,0.032258064,0.301075268,0.107142857,0.14117647,0.186813186,0.270588235,0.457401421,0.129411765,3.4299169641712437,0.163636363,-0.33925439789891243,2.92832305363179,-8.31298135885238,0.21091336208385425,34.63045961158063,"sa3007022"
"Grant Witherspoon","SEA","AA",27,157,0.108280254,0.337579617,0.320754716,0.153284671,0.25,0.255474452,0.505474452,0.102189781,4.331434388485951,0.219512195,-0.7570059895515442,9.007288335916625,-9.969967500212563,0.24416282620185462,59.51757946750293,"sa3007047"
"Mateo Gil","NYM","AA",23,92,0.04347826,0.336956521,0.129032258,0.162790697,0.197802197,0.232558139,0.430360336,0.069767442,4.423934161882263,0.236363636,0.0701195765286684,2.399574077993042,-8.407373570532195,0.19970493526249142,26.00884524537107,"sa3007050"
"Kekai Rios","TOR","AA",27,56,0.071428571,0.25,0.285714285,0.134615384,0.196428571,0.25,0.446428571,0.115384616,3.845840858214827,0.162162162,0.13505978975445032,1.8745631168695494,-4.703578930058857,0.20933996034520014,28.580705191593953,"sa3007282"
"Ramon Mendoza","STL","AA",23,188,0.132978723,0.218085106,0.609756097,0.238709677,0.354838709,0.348387096,0.703225805,0.109677419,3.0708634749335624,0.300884955,-0.13966820109635592,24.013741880936838,1.2893845739795922,0.334546322143206,103.38653500043837,"sa3007513"
"Max Burt","NYY","AA",27,237,0.071729957,0.337552742,0.2125,0.145539906,0.219409282,0.239436619,0.458845901,0.093896713,6.86354532787176,0.198473282,1.5910155531018972,9.663678935993367,-18.17595794118578,0.21885593053157823,38.63152785421145,"sa3007631"
"Nick Schnell","TBR","AA",24,326,0.076687116,0.239263803,0.32051282,0.261904761,0.328220858,0.425170068,0.753390926,0.163265307,4.959370338602254,0.325358851,-1.1602448392659426,44.3155942043553,8.406217508603163,0.3497051104811803,123.23669762871643,"sa3007639"
"Nicholas Northcut","CIN","AA",25,425,0.065882352,0.30117647,0.21875,0.191815856,0.256470588,0.439897698,0.696368286,0.248081842,2.3100649275,0.206751054,-0.8602378284558654,48.573851416051454,1.7594799568653774,0.3199506444188784,96.61903515473331,"sa3007640"
"Sean Roby","MIA","AA",25,172,0.093023255,0.302325581,0.307692307,0.196078431,0.26744186,0.31372549,0.58116735,0.117647059,2.5971254275,0.252525252,-0.5161426970735192,13.992062599914796,-4.953988908273453,0.27466844819312874,72.81451341908787,"sa3007788"
"Elih Marrero","BOS","AA",27,183,0.087431693,0.213114754,0.41025641,0.268292682,0.335164835,0.451219512,0.786384347,0.18292683,5.328323169798483,0.316666666,0.5720667662099004,26.74716019807579,5.25073172329189,0.3562177632536207,122.21596218217825,"sa3007822"
"Connor Hollis","SDP","AA",29,362,0.063535911,0.157458563,0.403508771,0.240625,0.318435754,0.30625,0.624685754,0.065625,6.230905952727232,0.286259541,0.5210542296990752,36.098318736379426,-7.658156503612716,0.2985612082414787,91.1247411660407,"sa3007870"
"Wilderd Patino","ARI","AA",22,268,0.063432835,0.350746268,0.180851063,0.221311475,0.279245283,0.307377049,0.586622332,0.086065574,5.676140669201498,0.340136054,1.5369331175461411,21.896194628971934,-10.49810195754159,0.2754174149261331,50.978080745354035,"sa3007874"
"Ezequiel Pagan","CHC","AA",23,233,0.034334763,0.210300429,0.163265306,0.184331797,0.227467811,0.304147465,0.531615276,0.119815668,7.298014599411383,0.206060606,0.8706228956580162,14.557596378850505,-11.107694327009156,0.24872950499661492,55.92937870196988,"sa3007975"
"Joe Gray Jr.","KCR","AA",24,96,0.125,0.28125,0.444444444,0.135802469,0.252631578,0.185185185,0.437816763,0.049382716,6.43414793124985,0.2,0.5939448783174157,3.9381444988192693,-7.6657826366482595,0.2231616402927198,32.427156813150276,"sa3008005"
"Onix Vega","WSN","AA",25,124,0.137096774,0.169354838,0.809523809,0.19047619,0.300813008,0.228571428,0.529384436,0.038095238,3.592008416521447,0.226190476,0.07529893983155489,9.196191510831262,-5.369694450224493,0.2623748478850698,66.50553238925015,"sa3008007"
"Kyle Datres","COL","AA",28,268,0.138059701,0.264925373,0.52112676,0.225663716,0.343283582,0.393805309,0.737088891,0.168141593,4.669277238306254,0.285714285,1.1127003505825996,36.45062731481671,4.96951894737362,0.3429884748227561,114.56391233914009,"sa3008029"
"Josh Breaux","PHI","AA",26,97,0.082474226,0.278350515,0.296296296,0.229885057,0.288659793,0.413793103,0.702452896,0.183908046,0.5595238025,0.275862068,-0.1855434663593769,11.17303796686046,-0.2212437929976727,0.31584590489102393,92.5839365609551,"sa3008051"
"Connor Scott","PIT","AA",24,241,0.066390041,0.25726141,0.258064516,0.212669683,0.269709543,0.334841628,0.604551171,0.122171945,3.0617961574478265,0.27388535,-1.7263230103999376,20.888062991939595,-6.294875732816646,0.2825791976758553,75.98177600498799,"sa3008080"
"Cole Roederer","CHC","AA",24,181,0.14917127,0.298342541,0.5,0.153333333,0.292817679,0.246666666,0.539484345,0.093333333,4.468570730215671,0.229166666,-1.1126216556876898,14.184441471265885,-5.752973197234538,0.27056923986139875,70.36277832252753,"sa3008184"
"Andy Weber","ARI","AA",26,149,0.080536912,0.194630872,0.413793103,0.328358208,0.387755102,0.522388059,0.910143161,0.194029851,3.318342131968643,0.396039603,-0.394370274618268,27.697515994732804,9.687254086559241,0.4092521316384616,137.24256412022555,"sa3008282"
"Jaylen Palmer","NYM","AA",23,310,0.106451612,0.383870967,0.277310924,0.223443223,0.316129032,0.435897435,0.752026467,0.212454212,4.131358367788602,0.345070422,-0.2324254810810089,42.08569173989104,5.670976837251657,0.3426632575450405,119.42041162018668,"sa3008297"
"Nick Decker","BOS","AA",24,203,0.103448275,0.438423645,0.235955056,0.177777777,0.266009852,0.344444444,0.610454296,0.166666667,5.873135575453292,0.302325581,0.6563501767814159,18.20769248894604,-5.638072431169429,0.2826175263949803,74.12422956562747,"sa3008590"
"Diego Cartaya","LAD","AA",22,192,0.140625,0.291666666,0.482142857,0.236024844,0.354166666,0.378881987,0.733048653,0.142857143,3.186626049897038,0.326732673,-0.32985605485737324,25.789401426561184,2.5815471556261245,0.3430078897176613,113.79946880910968,"sa3008742"
"Juan Guerrero","COL","AA",22,124,0.056451612,0.120967741,0.466666666,0.313043478,0.349593495,0.382608695,0.73220219,0.069565217,3.909460822279854,0.343434343,-0.7908245613798499,16.282610893460483,1.7167249324047247,0.33686437354824406,110.562313246787,"sa3008759"
"Victor Bericoto","SFG","AA",22,479,0.06263048,0.240083507,0.260869565,0.260674157,0.308977035,0.384269662,0.693246697,0.123595505,3.3060807612373733,0.327102803,-1.4962841589003801,55.42538568012296,-0.8412221855682321,0.3165297646652206,99.81120728315662,"sa3008767"
"Dayan Frias","CLE","AA",22,429,0.114219114,0.242424242,0.471153846,0.202702702,0.301401869,0.302702702,0.604104571,0.1,4.450340312202399,0.264150943,-2.232132808305323,39.828298730710436,-10.564968021651813,0.28671916985066137,82.6800909036007,"sa3008768"
"Alex De Jesus","TOR","AA",22,425,0.082352941,0.28,0.294117647,0.259740259,0.327830188,0.376623376,0.704453564,0.116883117,3.534303766012263,0.356589147,-1.878124243579805,52.30940399139717,2.3860045281012336,0.3261365297268022,104.89770667106697,"sa3008842"
"Jose Ramos","LAD","AA",23,506,0.112648221,0.339920948,0.331395348,0.221218961,0.308300395,0.388261851,0.696562246,0.16704289,3.99188227055459,0.312741312,-1.855564489029348,58.85461842135365,-2.3077475218397847,0.3198776739658696,98.89066068224328,"sa3008845"
"Alexander Vargas","NYY","AA",22,256,0.04296875,0.25390625,0.169230769,0.254166666,0.29296875,0.375,0.66796875,0.120833334,6.850113968355107,0.329479768,-1.4343976257368922,27.080002550462442,-2.9915039497816998,0.3035874729976058,93.99665789163927,"sa3008851"
"Gabriel Martinez","TOR","AA",21,397,0.070528967,0.156171284,0.451612903,0.212121212,0.26952141,0.322314049,0.591835459,0.110192837,2.381018882860034,0.237458193,-1.1615170687437057,32.76665124840117,-13.867677191430563,0.2732882790961854,70.3656990708535,"sa3008865"
"Brayan Buelvas","OAK","AA",22,131,0.061068702,0.259541984,0.235294117,0.256198347,0.305343511,0.363636363,0.668979874,0.107438016,5.900044022060135,0.344827586,0.28412692807614803,14.020850562784311,-1.8136750074890886,0.3079517078763656,87.51137570142372,"sa3008868"
"J.J. D'Orazio","ARI","AA",22,284,0.080985915,0.214788732,0.37704918,0.22265625,0.28975265,0.328125,0.61787765,0.10546875,2.158291024839529,0.270833333,-1.0592983094975352,26.160940847750016,-8.167343594674758,0.2887945345770765,59.600434825669986,"sa3008876"
"Euribiel Angeles","OAK","AA",22,108,0.055555555,0.12037037,0.461538461,0.222222222,0.277777777,0.323232323,0.6010101,0.101010101,7.064103380135167,0.244186046,0.5743205798789859,9.134713268274956,-3.9197047591260157,0.2791149710063581,68.9243732448395,"sa3008877"
"Jesus Rodriguez","NYY","AA",22,90,0.044444444,0.211111111,0.210526315,0.226190476,0.277777777,0.416666666,0.694444443,0.19047619,3.2888803345545017,0.233333333,-0.18593789171427488,10.339821449413353,-0.2321925545787282,0.3154561075899336,101.75183947392195,"sa3008916"
"Jorge Burgos","CLE","AA",21,60,0.083333333,0.383333333,0.217391304,0.127272727,0.2,0.309090909,0.509090909,0.181818182,0.9067460274999999,0.137931034,-0.07421738654375076,3.1932989192788956,-3.854710416715825,0.2350793311993281,48.937681656310446,"sa3008929"
"Geraldo Quintero","ATL","AA",22,338,0.097633136,0.195266272,0.5,0.239583333,0.334328358,0.319444444,0.653772802,0.079861111,7.645734843649816,0.295964125,-1.0664441715925932,37.22614287666467,-0.005051366170378096,0.31423934360048666,108.90693254475718,"sa3008942"
"Carlos Mendoza","DET","AA",24,515,0.13592233,0.172815533,0.786516853,0.269047619,0.394117647,0.373809523,0.76792717,0.104761904,7.983596838644434,0.329268292,2.7559682615101337,77.75602356486007,17.260610097572062,0.36250453274001776,130.36250917252897,"sa3008944"
"Felix Stevens","CHC","AA",24,247,0.137651821,0.344129554,0.4,0.225961538,0.344129554,0.394230769,0.738360323,0.168269231,5.187973158127324,0.341880341,-0.4602378224954009,33.17290721227294,5.965496034816555,0.3474588336014166,121.17741686933077,"sa3008946"
"Miguel Palma","HOU","AA",22,193,0.113989637,0.248704663,0.458333333,0.201183431,0.300518134,0.284023668,0.584541802,0.082840237,3.689750363912317,0.262711864,-0.3004196071997285,16.849692834724664,-6.479035677204846,0.2826133815118068,74.98964249955269,"sa3009279"
"Eddinson Paulino","BOS","AA",21,295,0.098305084,0.223728813,0.439393939,0.265384615,0.345762711,0.388461538,0.734224249,0.123076923,5.741481454693073,0.341968911,-1.8009923230856657,38.920607987410406,4.267895418769694,0.33766718502758314,110.23530699472312,"sa3009538"
"Yohendrick Pinango","TOR","AA",22,352,0.096590909,0.210227272,0.459459459,0.207006369,0.289772727,0.318471337,0.608244064,0.111464968,4.614730500129611,0.254237288,0.28241676930338144,32.0666929997708,-7.635672435889084,0.28749893176929225,81.03088166718766,"sa3009539"
"Morgan McCullough","SEA","AA",26,203,0.147783251,0.261083743,0.566037735,0.209580838,0.335,0.353293413,0.688293413,0.143712575,6.588099034464255,0.279279279,-0.3962661735713482,24.222157970299236,-0.3153129515748126,0.3237409903176466,110.81046806923275,"sa3009868"
"Trevor Schwecke","PHI","AA",26,282,0.088652482,0.244680851,0.36231884,0.257142857,0.326086956,0.408163265,0.734250221,0.151020408,6.972752038955558,0.331428571,2.1969837760552764,36.4035918072907,3.2779479281155215,0.33396992605665454,104.42650143623223,"sa3009874"
"Aaron Bracho","CLE","AA",23,405,0.088888888,0.197530864,0.45,0.220670391,0.296296296,0.337988826,0.634285122,0.117318435,3.9310011231883246,0.257246376,-0.6910030608996749,39.628117478291564,-7.945945539672797,0.2932459304828455,86.94479493951411,"sa3010018"
"Jairo Pomares","SFG","AA",23,336,0.035714285,0.25,0.142857142,0.237942122,0.279635258,0.434083601,0.713718859,0.196141479,6.54265264745176,0.288372093,0.4425807651132345,40.06833861568953,0.5994863341190928,0.3211444406161555,102.82652043181713,"sa3010023"
"Joe Naranjo","CLE","AA",23,128,0.125,0.265625,0.470588235,0.211009174,0.3046875,0.266055045,0.570742545,0.055045871,3.8165712001770364,0.285714285,0.07529893983155489,10.655238605099406,-4.380514645022664,0.27421164186671376,74.50744476588085,"sa3010025"
"Christian Cairo","CLE","AA",23,156,0.121794871,0.243589743,0.5,0.251908396,0.352564102,0.34351145,0.696075552,0.091603054,6.867047681868266,0.329787234,2.3546957224607468,19.35916365025846,1.034339376672188,0.3274611505942467,109.30164170040555,"sa3010028"
"Brandon Lewis","LAD","AA",25,269,0.096654275,0.349442379,0.276595744,0.207627118,0.287313432,0.360169491,0.647482923,0.152542373,2.79058440875,0.291970802,-0.588728953152895,26.88213549133932,-5.6330353361686525,0.2988367165202525,85.32850455155668,"sa3010035"
"J.T. Arruda","WSN","AA",26,442,0.09276018,0.210407239,0.440860215,0.219638242,0.298850574,0.310077519,0.608928093,0.090439277,5.412811370661286,0.278911564,0.015830792486667633,40.894797546198554,-11.025537895629222,0.28630507992601945,82.14198099166059,"sa3010036"
"Yordys Valdes","CLE","AA",22,411,0.107055961,0.299270072,0.357723577,0.230555555,0.316953316,0.338888888,0.655842204,0.108333333,6.994293617095774,0.326086956,1.9694449556991458,44.71843505274775,-3.560428898816083,0.30752739581194793,96.27656398393815,"sa3010037"
"DJ Gladney","CHW","AA",22,105,0.038095238,0.219047619,0.173913043,0.278350515,0.314285714,0.505154639,0.819440353,0.226804124,3.081315895054746,0.3,-0.1043918440118432,15.983252187826569,4.417348650851186,0.3720890726361956,138.8146424097426,"sa3010043"
"Ripken Reyes","SDP","AA",27,506,0.088932806,0.124505928,0.714285714,0.225490196,0.348268839,0.311274509,0.659543348,0.085784313,6.128302985969119,0.255072463,-1.2027583085000515,59.14096988272586,-2.021396060467573,0.3206046222426498,105.33304053216675,"sa3010159"
"Joshua Mears","SDP","AA",23,74,0.054054054,0.472972972,0.114285714,0.173913043,0.229729729,0.478260869,0.707990598,0.304347826,3.5513255158843156,0.214285714,-0.30000580102205276,8.191548276874597,-0.7531455567149568,0.31266245487573985,100.2138384176967,"sa3010162"
"Dilan Rosario","SFG","AA",23,97,0.154639175,0.298969072,0.517241379,0.185185185,0.30927835,0.271604938,0.580883288,0.086419753,6.788074019380878,0.269230769,0.14912190102040768,8.65891402417953,-2.7353677356786013,0.2820623775118405,77.28958999332184,"sa3010165"
"Kellen Strahm","TEX","AA",27,300,0.116666666,0.203333333,0.573770491,0.278625954,0.363333333,0.389312977,0.75264631,0.110687023,7.205260737754946,0.343434343,1.6855858555063605,41.81759611111634,5.55532381278031,0.34952342290942084,113.69674756599062,"sa3010278"
"Glenn Santiago","TOR","AA",23,63,0.095238095,0.238095238,0.4,0.129629629,0.238095238,0.222222222,0.46031746,0.092592593,5.4190102388621115,0.153846153,0.0886739231646061,2.9423783025834633,-4.458031500210994,0.22658453101203554,39.84862112492839,"sa3010341"
"Cooper Johnson","TEX","AA",26,300,0.146666666,0.26,0.564102564,0.23505976,0.35451505,0.474103585,0.828618635,0.239043825,1.3436998337500001,0.28125,-0.7260990422219038,48.231020268378565,11.968747970042541,0.3769848645730162,131.39728996659338,"sa3010584"
"Jake Holton","DET","AA",26,410,0.107317073,0.221951219,0.483516483,0.279202279,0.373170731,0.458689458,0.831860189,0.179487179,3.843932353575976,0.336,-0.7140496429055929,67.2142351426102,19.052838013312947,0.37939002310357445,141.395795508593,"sa3010599"
"Andrick Nava","PHI","AA",22,74,0.148648648,0.121621621,1.222222222,0.209677419,0.337837837,0.225806451,0.563644288,0.016129032,0.9009443284711807,0.245283018,-0.6323237642645836,6.730608654439483,-1.9619361932873387,0.28426129672978373,71.94597946570465,"sa3010693"
"Colin Barber","HOU","AA",23,282,0.074468085,0.301418439,0.247058823,0.222222222,0.287234042,0.353174603,0.640408645,0.130952381,3.137132412417893,0.292682926,-0.670994758605957,27.42493343081267,-6.661602529623198,0.2953914577233876,83.22587723740537,"sa3010696"
"Cade Bunnell","ATL","AA",27,247,0.186234817,0.39271255,0.474226804,0.155,0.31174089,0.23,0.54174089,0.075,1.4640264364146773,0.291262135,-1.4181871861219406,20.43449992141535,-6.772911256041026,0.276567544049097,84.01047016931369,"sa3010702"
"Sammy Siani","PIT","AA",23,394,0.088832487,0.205583756,0.432098765,0.253561253,0.324808184,0.367521367,0.692329551,0.113960114,7.126626527357426,0.314606741,-0.20390683319419622,46.62044405700027,0.3385160839682708,0.3199387514377799,98.70882600313242,"sa3010704"
"Daniel Mateo","TEX","AA",22,208,0.0625,0.245192307,0.25490196,0.160621761,0.221153846,0.259067357,0.480221203,0.098445596,5.693927095740056,0.189781021,0.37242467794567347,9.185641745543087,-15.956200381303226,0.2271943909044449,34.848366466639504,"sa3010886"
"Javier Valdes","ATL","AA",25,91,0.054945054,0.153846153,0.357142857,0.19047619,0.252747252,0.321428571,0.574175823,0.130952381,1.2539682462500001,0.19402985,-0.23821970634162426,7.248540515705558,-2.7752425496731083,0.2723386340088897,81.21567669093119,"sa3010902"
"Logan Wyatt","SFG","AA",26,50,0.1,0.32,0.3125,0.155555555,0.24,0.333333333,0.573333333,0.177777778,4.460059104402175,0.185185185,0.13505978975445032,3.4715814628414123,-2.401759650487521,0.25620801959718975,60.39588256963413,"sa3011259"
"Kervin Pichardo","PIT","AA",22,459,0.058823529,0.278867102,0.2109375,0.251781472,0.3061674,0.372921615,0.679089015,0.121140143,4.899216023430046,0.336879432,-1.077729806303978,51.79962856452956,-2.1176428558300477,0.3128053289940704,94.04771811209842,"sa3011260"
"Jase Bowen","PIT","AA",23,450,0.064444444,0.235555555,0.273584905,0.24078624,0.297539149,0.366093366,0.663632515,0.125307126,6.301411976475433,0.297297297,0.15780120342969894,47.85504776100274,-5.005022258957665,0.3043216868268297,88.5043521103688,"sa3011267"
"Jeremy De La Rosa","WSN","AA",22,180,0.088888888,0.288888888,0.307692307,0.161490683,0.238888888,0.298136645,0.537025533,0.136645962,4.0474625336280035,0.198113207,-1.1262787794694304,11.300760036922275,-9.843267971061886,0.2475406470911463,56.812595944877245,"sa3011329"
"Darrien Miller","MIL","AA",23,403,0.158808933,0.203473945,0.780487804,0.2124183,0.391521197,0.290849673,0.68237087,0.078431373,4.013512148883293,0.28,-1.4263510759919882,53.05663175682275,8.665592467288663,0.3438174014079601,117.00581767345739,"sa3011330"
"Phil Clarke","TOR","AA",26,121,0.132231404,0.041322314,3.2,0.306930693,0.421487603,0.366336633,0.787824236,0.05940594,3.9762595807796832,0.322916666,-0.017472793348133564,19.47070978006777,5.257224285811752,0.3754507731800237,137.1205297428843,"sa3011379"
"Hunter Bishop","SFG","AA",26,105,0.085714285,0.314285714,0.272727272,0.242105263,0.314285714,0.357894736,0.67218045,0.115789473,4.868275747765914,0.35,0.7587935086339712,11.830327302062354,-0.5036890359284066,0.312566229842958,97.22136158395406,"sa3011413"
"Marcus Lee Sang","PHI","AA",23,425,0.070588235,0.235294117,0.3,0.238961038,0.297169811,0.397402597,0.694572408,0.158441559,6.783253861297618,0.285198555,-0.9486382305622101,48.75421269952596,-1.1691867637699755,0.3152330759561287,92.18350299532307,"sa3011445"
"Stephen Scott","DET","AA",27,111,0.108108108,0.216216216,0.5,0.287234042,0.378378378,0.521276595,0.899654973,0.234042553,7.660759348237709,0.328358208,0.9124076450243592,20.087939086051552,7.049121814461319,0.40159441812618357,155.90455083217353,"sa3011469"
"Yolbert Sanchez","ATL","AA",27,331,0.039274924,0.160120845,0.245283018,0.298701298,0.325227963,0.366883116,0.692111079,0.068181818,3.8853138899658486,0.347490347,-1.946700525470078,37.99181807902441,1.531684071987725,0.3206207476850701,113.12426191543419,"sa3011471"
"Dasan Brown","TOR","AA",22,119,0.050420168,0.285714285,0.176470588,0.216981132,0.284482758,0.301886792,0.58636955,0.08490566,8.358974614975146,0.319444444,1.5487274965271354,10.055037532872333,-3.9235143168505275,0.27584362595245754,72.03540915603178,"sa3011717"
"Jordan Brewer","HOU","AA",26,334,0.077844311,0.19760479,0.393939393,0.223728813,0.305389221,0.362711864,0.668101085,0.138983051,5.625790029088781,0.262222222,1.2542766891419888,36.466072214171746,-3.9059242779757,0.31071410850136577,93.10224254654268,"sa3011737"
"Karson Simas","BOS","AA",23,53,0.018867924,0.283018867,0.066666666,0.152173913,0.25,0.217391304,0.467391304,0.065217391,6.455480201670897,0.225806451,0.08788507245481014,2.725723537468233,-3.500018042660437,0.23274239553855017,41.53491246913866,"sa3011739"
"Erick Brito","PHI","AA",22,161,0.04347826,0.155279503,0.28,0.210884353,0.264150943,0.272108843,0.536259786,0.06122449,6.603937763782948,0.25203252,-0.14443868584930897,10.674899868083616,-8.237258516835551,0.25213099463180927,50.95145603295315,"sa3011753"
"Shane Sasaki","MIA","AA",23,250,0.116,0.276,0.420289855,0.239631336,0.337349397,0.29953917,0.636888567,0.059907834,5.6037864291296025,0.346938775,1.6915192315354943,26.70178131197966,-0.8360842522474464,0.3096627784541333,95.94149532788826,"sa3011754"
"Willy Vasquez","TBR","AA",22,371,0.064690026,0.318059299,0.20338983,0.212209302,0.264150943,0.319767441,0.583918384,0.107558139,5.004434067375327,0.304932735,-1.0796645870432258,30.020449649181952,-10.84574284813107,0.27407524576084313,73.25458623790828,"sa3011821"
"Trei Cruz","DET","AA",25,440,0.111363636,0.254545454,0.4375,0.260416666,0.342465753,0.395833333,0.738299086,0.135416667,3.91519457148367,0.34082397,-2.5535249151289463,58.51458129371736,6.829179496422742,0.3390493335658407,115.03645568007963,"sa3014420"
"Baron Radcliff","PHI","AA",25,168,0.089285714,0.470238095,0.189873417,0.157894736,0.232142857,0.282894736,0.515037593,0.125,1.1722689025000002,0.275362318,-0.27831519953906536,9.77562438421293,-9.958801756572287,0.24155297059388386,44.03958284672393,"sa3014424"
"Hayden Cantrelle","CHC","AA",25,71,0.070422535,0.323943661,0.217391304,0.258064516,0.342857142,0.43548387,0.778341012,0.177419354,7.1185338146463435,0.378378378,-0.6094034891575575,10.351386270144612,2.530632449904115,0.36325417160987855,131.61620777175733,"sa3014426"
"Alerick Soularie","SFG","AA",24,160,0.10625,0.25,0.425,0.192307692,0.294871794,0.307692307,0.602564101,0.115384615,6.454810495894568,0.239130434,0.13906253594905138,14.413848930676249,-4.6806954800293195,0.2847836483747531,73.78580543273719,"sa3014436"
"Carson Taylor","PHI","AA",25,450,0.148888888,0.213333333,0.697916666,0.27688172,0.388888888,0.465053763,0.853942651,0.188172043,4.351768845878649,0.327067669,-0.6991986809298396,76.72755263115843,23.86748261119802,0.38795166676718834,139.69915205844546,"sa3014468"
"Anthony Servideo","BAL","AA",25,304,0.138157894,0.315789473,0.4375,0.158301158,0.282894736,0.254826254,0.53772099,0.096525096,5.143277391749945,0.227848101,-0.08769409265369177,22.936619704587184,-12.773294264452733,0.26405181363224983,56.88129034179395,"sa3014472"
"Aaron Sabato","MIN","AA",25,350,0.108571428,0.297142857,0.365384615,0.205882352,0.302857142,0.349673202,0.652530344,0.14379085,3.8406249380818247,0.274611398,-0.03780128341168165,36.716153698395075,-5.589830649663628,0.3052206068462492,82.72987115482341,"sa3014494"
"Kaden Polcovich","SEA","AA",25,287,0.114982578,0.257839721,0.445945945,0.228215767,0.339160839,0.340248962,0.679409801,0.112033195,6.895444448769736,0.311377245,-0.32572000939399004,34.00318398290824,-0.6877231824998955,0.32265812846330494,110.11249880740124,"sa3014496"
"Freddy Zamora","MIL","AA",25,107,0.121495327,0.186915887,0.65,0.186046511,0.336448598,0.290697674,0.627146272,0.104651163,3.7045469625785263,0.215384615,-0.3958591604605317,11.63924724213001,-0.146959219359191,0.3123719486120705,96.22421069597048,"sa3014500"
"David Calabrese","LAA","AA",21,136,0.169117647,0.301470588,0.560975609,0.209090909,0.345864661,0.345454545,0.691319206,0.136363636,3.348283294653999,0.292307692,-0.487326473928988,16.98224057142353,2.0016417044839847,0.3344911094894983,115.8607755294301,"sa3014507"
"Austin Hendrick","CIN","AA",23,474,0.052742616,0.364978902,0.14450867,0.18764302,0.243128964,0.288329519,0.531458483,0.100686499,4.253594748068636,0.27734375,-1.1167106069624424,30.59509837788116,-21.616694731893425,0.25157170881659296,51.428903072700294,"sa3014521"
"Casey Martin","PHI","AA",25,352,0.068181818,0.306818181,0.222222222,0.155555555,0.224431818,0.273015873,0.497447691,0.117460318,7.073003646367131,0.195121951,0.68884770385921,18.471742088769552,-21.42082270714176,0.2346225113353946,42.52907377111922,"sa3014524"
"A.J. Vukovich","ARI","AA",22,512,0.09375,0.298828125,0.31372549,0.269736842,0.341796875,0.458333333,0.800130208,0.188596491,4.157986255214572,0.365517241,-1.2910444652661681,76.38107725085287,14.493465861692712,0.36209902079837897,106.84956261762603,"sa3014525"
"Blaze Jordan","BOS","AA",21,380,0.047368421,0.121052631,0.391304347,0.260623229,0.305263157,0.388101983,0.69336514,0.127478754,2.888951679766652,0.280528052,-0.8075085040181875,43.85796554959257,-0.7794269117073243,0.3161453570190229,96.03192354059829,"sa3014537"
"Milan Tolentino","CLE","AA",22,441,0.092970521,0.253968253,0.366071428,0.240506329,0.31292517,0.369620253,0.682545423,0.129113924,5.623669071473941,0.310469314,-0.05068712215870619,50.455812568274666,-1.3470560512865282,0.31483745520888,101.05308967098952,"sa3014544"
"Jimmy Glowenke","SFG","AA",25,392,0.081632653,0.224489795,0.363636363,0.198813056,0.3,0.308605341,0.608605341,0.109792285,4.183191203546622,0.244897959,-0.6913974862545729,37.384318275387756,-8.662676053111086,0.2900146517998133,82.48575056390784,"sa3014548"
"Zavier Warren","MIL","AA",25,370,0.116216216,0.264864864,0.43877551,0.205696202,0.308108108,0.341772151,0.649880259,0.136075949,3.3277867971396287,0.254716981,-1.6008119154721498,39.5347979565448,-1.2212430785113084,0.30972282081036956,94.47346049480689,"sa3014549"
"Kevin Made","WSN","AA",21,85,0.070588235,0.258823529,0.272727272,0.157894736,0.226190476,0.210526315,0.436716791,0.052631579,4.900228693225584,0.203703703,-0.1673835450783372,2.9652337236935753,-7.0194461689656125,0.2111787987606866,33.05310328576158,"sa3014679"
"Arol Vera","LAA","AA",21,277,0.068592057,0.303249097,0.226190476,0.171314741,0.233576642,0.223107569,0.456684211,0.051792828,2.444252183337598,0.25,-2.4293841598555446,11.863425956040777,-18.648529089122853,0.2217177522443507,41.33134823790345,"sa3014687"
"Emmanuel Rodriguez","MIN","AA",21,167,0.251497005,0.275449101,0.913043478,0.298387096,0.479041916,0.620967741,1.100009657,0.322580645,7.856096030487208,0.414285714,-0.023818309418857098,40.95010810918143,20.76410986310771,0.485453374773623,198.90067492240667,"sa3014693"
"Alex Ramirez","NYM","AA",21,542,0.101476014,0.226937269,0.447154471,0.209979209,0.29074074,0.299376299,0.590117039,0.08939709,7.11969669891154,0.269662921,3.544426270760596,46.8537552873905,-16.81326238109514,0.27838523586591085,77.41998385457069,"sa3014695"
"Zach Britton","TOR","AA",25,231,0.09090909,0.32034632,0.283783783,0.204878048,0.29004329,0.312195121,0.602238411,0.107317073,4.282774178449162,0.296875,0.09863822441548109,20.972821590581294,-6.16201435299838,0.2840491811950485,77.39706810632761,"sa3014821"
"J.C. Correa","HOU","AA",25,172,0.058139534,0.127906976,0.454545454,0.23899371,0.279069767,0.327044025,0.606113792,0.088050315,4.135518895961136,0.260869565,0.2271383386105299,14.536402460947182,-6.25396699009881,0.27902927717497183,72.67947278743476,"sa3014823"
"Elijah Dunham","NYY","AA",26,394,0.106598984,0.271573604,0.392523364,0.247838616,0.332487309,0.455331412,0.787818721,0.207492796,6.86034940618509,0.31277533,1.2985365195199847,57.663450755773795,11.381522782741797,0.3564713998191853,128.55197696352437,"sa3014827"
"Sheng-Ping Chen","ARI","AA",23,90,0.055555555,0.244444444,0.227272727,0.182926829,0.235955056,0.243902439,0.479857495,0.06097561,3.2742780634605486,0.233333333,0.22338132001459599,4.019251759880419,-6.85942992962039,0.2278323213705856,20.306640533487837,"sa3014837"
"Noah Campbell","MIL","AA",25,169,0.165680473,0.295857988,0.56,0.273381294,0.402366863,0.410071942,0.812438805,0.136690648,6.0485500387265745,0.413793103,-0.14112796634435654,27.25450729844824,8.638910177030716,0.384526165279411,143.9093428606157,"sa3014878"
"Sahid Valenzuela","OAK","AA",26,118,0.059322033,0.186440677,0.318181818,0.183486238,0.23076923,0.211009174,0.441778404,0.027522936,2.8437088454321024,0.227272727,-0.4570001885294914,3.8104293313178905,-10.452731106027615,0.2119467003732665,25.630403580737713,"sa3014882"
"Matthew Dyer","TBR","AA",25,135,0.111111111,0.34074074,0.326086956,0.211864406,0.305970149,0.322033898,0.628004047,0.110169492,8.189012143713425,0.338028169,0.5764983147382736,13.495438068830795,-1.3750093358518407,0.3002592890120264,90.55904356150386,"sa3014883"
"William Simoneit","CHC","AA",27,140,0.071428571,0.4,0.178571428,0.191666666,0.292857142,0.35,0.642857142,0.158333334,6.692763115351051,0.317460317,0.08347492199391127,14.430316339807721,-1.5322250168750555,0.3023204437323979,87.3590670979552,"sa3014885"
"Bryson Horne","ATL","AA",25,396,0.068181818,0.29040404,0.234782608,0.237704918,0.29040404,0.355191256,0.645595296,0.117486338,4.390426593027512,0.322448979,-0.7490478744730353,39.779424657343355,-3.8405543963923745,0.30092855812628055,100.11012767500019,"sa3014891"
"Kale Emshoff","KCR","AA",26,93,0.05376344,0.40860215,0.131578947,0.218390804,0.268817204,0.390804597,0.659621801,0.172413793,0.7083333274999999,0.347826086,-0.15699438750743866,9.394598855449974,-1.8467055570341955,0.300228670079221,82.1014690774206,"sa3014934"
"Zach Daniels","HOU","AA",25,58,0.068965517,0.413793103,0.166666666,0.148148148,0.206896551,0.222222222,0.429118773,0.074074074,6.4064970260131275,0.24137931,0.7018785197287798,1.5769179257732486,-5.433788051905051,0.20539090140112515,25.21513319945118,"sa3014935"
"Brett Auerbach","SFG","AA",25,74,0.108108108,0.243243243,0.444444444,0.215384615,0.31081081,0.307692307,0.618503117,0.092307692,7.277064626271113,0.29787234,0.22333928756415844,7.251739808190593,-1.440805039536228,0.2934405078759065,84.72426719681889,"sa3014941"
"Francisco Urbaez","CIN","AA",26,315,0.098412698,0.133333333,0.738095238,0.262962962,0.347133757,0.4,0.747133757,0.137037038,3.365631730353857,0.281938325,-2.6649466017261147,42.339012682695326,7.641302071769178,0.3476049475395641,114.89515483476234,"sa3014944"
"Paul Witt","WSN","AA",26,181,0.044198895,0.243093922,0.181818181,0.201183431,0.240223463,0.396449704,0.636673167,0.195266273,0.9884453712500001,0.220338983,-0.24120650626718998,16.656960027814,-4.604534802436738,0.2856601876253522,81.72059664000795,"sa3014949"
"Justin Dirden","MIL","AA",26,88,0.079545454,0.363636363,0.21875,0.177215189,0.238636363,0.240506329,0.479142692,0.06329114,7.687886118408395,0.285714285,0.36178030259907246,4.187002262983607,-5.506326415624334,0.22824889015067706,40.629134675397005,"sa3014986"
"Jacob Buchberger","STL","AA",26,426,0.112676056,0.234741784,0.48,0.248663101,0.338028169,0.36631016,0.704338329,0.117647059,6.395889901213549,0.320895522,-1.5083938408643007,52.88428611635271,1.391859452715551,0.329933268363487,100.41314580170517,"sa3014987"
"AJ Lewis","COL","AA",26,86,0.093023255,0.313953488,0.296296296,0.197368421,0.290697674,0.236842105,0.527539779,0.039473684,3.0589860406226643,0.306122448,-0.41376941464841366,6.140027286228806,-3.96211942869696,0.2587680179019307,59.53273488709944,"sa3015014"
"Victor Labrada","SEA","AA",24,218,0.082568807,0.307339449,0.268656716,0.233160621,0.314814814,0.383419689,0.698234503,0.150259068,8.34538160833552,0.330578512,1.5490201925858855,26.0180188819428,-0.33256565484804546,0.3237766179221648,110.83343219224315,"sa3015062"
"Brandon McIlwain","NYM","AA",26,171,0.081871345,0.257309941,0.318181818,0.22368421,0.305882352,0.342105263,0.647987615,0.118421053,5.309299327546891,0.295238095,-0.4093789020553231,18.046716067076353,-2.0401105405086004,0.30326824994648205,93.67899756066875,"sa3015076"
"Aaron Palensky","NYY","AA",25,193,0.150259067,0.202072538,0.743589743,0.216560509,0.348958333,0.29299363,0.641951963,0.076433121,5.242386754657604,0.277310924,0.4325147410854697,21.690353471359902,-0.9807432260897808,0.31219535941878956,99.62120734731955,"sa3015077"
"TT Bowens","BAL","AA",26,336,0.059523809,0.279761904,0.212765957,0.245954692,0.297619047,0.430420711,0.728039758,0.184466019,4.9631540842557,0.310679611,0.3594806306064129,41.87913442660362,2.410282145033185,0.32816901873974574,98.77663763629445,"sa3015107"
"Ethan Workinger","ATL","AA",22,121,0.082644628,0.157024793,0.526315789,0.207207207,0.272727272,0.288288288,0.56101556,0.081081081,4.933617504022029,0.241758241,-0.542921450920403,9.239235387446564,-4.089091545639352,0.2678066304892548,78.22057540945269,"sa3015166"
"Deyvison De Los Santos","ARI","AA",21,162,0.074074074,0.222222222,0.333333333,0.371621621,0.425925925,0.695945945,1.12187187,0.324324324,3.331436341417894,0.418367346,-0.6826796205714345,40.44954502689037,20.867917985788914,0.4912060502940004,190.06676868414536,"sa3015168"
"Wilfred Veras","CHW","AA",21,536,0.063432835,0.261194029,0.242857142,0.266802443,0.31902985,0.423625254,0.742655104,0.156822811,5.135920975565268,0.338235294,-0.12463049124926329,69.86052540183334,10.81934163213042,0.3420065487368723,118.93376511328614,"sa3015178"
"Yeiner Fernandez","LAD","AA",21,419,0.093078758,0.133651551,0.696428571,0.244505494,0.336515513,0.335164835,0.671680348,0.090659341,4.439018392608694,0.279220779,-0.35179005842655897,48.11644016252529,-2.529866814150696,0.3179802462529908,97.66765498227623,"sa3015182"
"Adrian Sugastey","SFG","AA",21,191,0.02617801,0.198952879,0.131578947,0.209944751,0.240837696,0.303867403,0.544705099,0.093922652,3.20238094625,0.256944444,-0.3061467194929719,12.149477375861915,-10.28668567705461,0.24861967001909985,55.437517019651885,"sa3015190"
"Jeremy Rivas","STL","AA",21,459,0.100217864,0.185185185,0.54117647,0.263291139,0.348785871,0.311392405,0.660178276,0.048101266,5.648538400822116,0.324758842,-0.24765980802476406,52.21247113088307,-3.2688054855710567,0.3165881520601824,91.81141979397118,"sa3015193"
"Kala'i Rosario","MIN","AA",21,299,0.107023411,0.304347826,0.351648351,0.234848484,0.321070234,0.40530303,0.726373264,0.170454546,4.635224426559155,0.325301204,-0.06722613796591759,38.12145385616106,1.9800557988194842,0.33424294951767425,101.43650765677333,"sa3015199"
"Ricardo Olivar","MIN","AA",22,77,0.116883116,0.233766233,0.5,0.223880597,0.324675324,0.298507462,0.623182786,0.074626865,4.696906870327005,0.291666666,0.38413272611796856,7.834366762054222,-1.4729497945186918,0.30116361302214784,80.11489587121741,"sa3015234"
"Jean Walters","ARI","AA",22,130,0.046153846,0.169230769,0.272727272,0.214285714,0.25409836,0.285714285,0.539812645,0.071428571,4.645039286362237,0.25,-0.6981330942362547,8.022378604501766,-7.691272724777179,0.24973697349673413,34.42549956787483,"sa3015236"
"Jared Serna","MIA","AA",22,175,0.08,0.188571428,0.424242424,0.266233766,0.342857142,0.389610389,0.732467531,0.123376623,3.172251737956322,0.322314049,-1.1523249400779605,22.98236817657581,3.7058622816168385,0.34336879559925626,118.21705948125111,"sa3015579"
"Christian Cerda","ARI","AA",21,66,0.242424242,0.333333333,0.727272727,0.2,0.393939393,0.26,0.653939393,0.06,3.5594487816138356,0.357142857,-0.025679429061710835,8.429193900071027,0.4514939944371011,0.3345237004034447,89.07561856035561,"sa3015623"
"Leonardo Bernal","STL","AA",20,55,0.109090909,0.163636363,0.666666666,0.204081632,0.29090909,0.285714285,0.576623375,0.081632653,1.3498731138404776,0.23076923,-0.9803873095661402,4.552358007387949,-2.0957252473069894,0.27678923173384234,66.15863414038793,"sa3015773"
"Allan Castro","BOS","AA",21,117,0.111111111,0.256410256,0.433333333,0.18,0.273504273,0.23,0.503504273,0.05,5.493032054338384,0.236111111,-0.298052822239697,7.140147268328593,-6.603470936861112,0.24525298420180622,49.70955851035352,"sa3016084"
"Diego Velasquez","SFG","AA",20,170,0.094117647,0.170588235,0.551724137,0.31292517,0.389221556,0.374149659,0.763371215,0.061224489,3.362515036047406,0.381355932,-1.5860396353527904,24.99854483725992,5.029185051941545,0.3573790192604065,126.50285276454561,"sa3016144"
"Luis Ravelo","BOS","AA",20,52,0.134615384,0.173076923,0.777777777,0.204545454,0.326923076,0.204545454,0.53146853,0,2.25223214,0.257142857,-0.15771194640547037,4.192032500438429,-1.916242257423663,0.2707861547286694,66.39339625654338,"sa3016171"
"Ahbram Liendo","BOS","AA",20,84,0.095238095,0.345238095,0.275862068,0.197368421,0.273809523,0.22368421,0.497493733,0.026315789,5.6129105986717,0.319148936,0.7955077765509486,4.940422041437297,-4.926791028955312,0.2423693232593082,47.8253220333737,"sa3016173"
"Frederick Bencosme","BAL","AA",21,504,0.097222222,0.162698412,0.597560975,0.240449438,0.318,0.348314606,0.666314606,0.107865168,6.735288785925413,0.276536312,2.3456095289438963,55.9067000156175,-3.2965784067381505,0.31029330718517306,87.09632277447923,"sa3016779"
"Spencer Packard","SEA","AA",26,227,0.149779735,0.167400881,0.894736842,0.284946236,0.405286343,0.392473118,0.797759461,0.107526882,2.999593491085962,0.331034482,-0.39478408079594374,36.249113822484134,8.810661116743207,0.3755945312765847,144.2331780495983,"sa3016803"
"Tanner Murray","TBR","AA",24,448,0.046875,0.162946428,0.287671232,0.29047619,0.328125,0.423809523,0.751934523,0.133333333,4.958755886198062,0.335276967,-0.6293182261288166,60.00966028524354,10.66180519414858,0.3469734181250845,121.43138233253441,"sa3016805"
"Marcos Castanon","SDP","AA",25,466,0.096566523,0.223175965,0.432692307,0.227160493,0.315450643,0.372839506,0.688290149,0.145679013,2.3500848947709296,0.268707482,-0.5185850020498037,54.10710863886413,-2.2202876645511678,0.31961588056302376,104.695737354939,"sa3016818"
"Max Ferguson","BOS","AA",24,94,0.117021276,0.287234042,0.407407407,0.158536585,0.255319148,0.292682926,0.548002074,0.134146341,6.224887057212246,0.188679245,0.20439051557332277,6.724031374702644,-4.317849918355751,0.2589460446479473,58.656853108642245,"sa3016819"
"Lucas Dunn","SDP","AA",25,86,0.104651162,0.348837209,0.3,0.2,0.294117647,0.293333333,0.58745098,0.093333333,5.14285714,0.333333333,-0.19624298438429832,7.366650203992881,-3.028534521530113,0.2804997850866879,79.48307317632212,"sa3016820"
"Cole Cummings","SDP","AA",26,517,0.096711798,0.334622823,0.289017341,0.219026548,0.305609284,0.345132743,0.650742027,0.126106195,5.406512013824302,0.323636363,-0.049911544658243656,53.879137492813506,-8.612845101318923,0.3043364050079361,94.84720106049038,"sa3016830"
"Tanner Allen","MIA","AA",26,148,0.094594594,0.229729729,0.411764705,0.224806201,0.315068493,0.348837209,0.663905702,0.124031008,4.074509541925038,0.29032258,-0.8067462276667356,16.496052591346437,0.19363617732399385,0.31605834136270494,100.16818195340575,"sa3016854"
"Zach Zubia","MIA","AA",26,274,0.138686131,0.317518248,0.436781609,0.189655172,0.310218978,0.353448275,0.663667253,0.163793103,4.066849786830256,0.25,-0.4867066787555814,30.54052687245319,0.3590262140602854,0.3160610384556837,100.16996440273572,"sa3016861"
"Myles Emmerson","LAA","AA",26,119,0.142857142,0.235294117,0.607142857,0.242424242,0.355932203,0.313131313,0.669063516,0.070707071,2.0014880869047618,0.323943661,-0.8752657352015376,14.037849863287546,0.9298258547154439,0.32500050684153026,109.58864532701975,"sa3016862"
"Tyler McDonough","BOS","AA",25,325,0.083076923,0.283076923,0.29347826,0.25,0.311728395,0.375,0.686728395,0.125,6.164516263154214,0.345,0.2558540226891637,37.056236227061916,-1.1204810095761544,0.31432509366941896,94.84253038050572,"sa3016869"
"Mike Antico","STL","AA",26,276,0.079710144,0.195652173,0.407407407,0.270491803,0.336996336,0.418032786,0.755029122,0.147540983,7.810946748653359,0.309782608,1.5897508822381496,37.685795554879064,4.324505040409916,0.3458633890082111,110.68106178997812,"sa3016922"
"Abimelec Ortiz","TEX","AA",22,476,0.105042016,0.218487394,0.48076923,0.243436754,0.327731092,0.431980906,0.759711998,0.188544152,3.537429826326396,0.28,-2.4144315952435136,65.38029025429331,7.844151540933483,0.346904928068153,112.00897095428184,"sa3016926"
"Ben Ramirez","SEA","AA",25,329,0.060790273,0.264437689,0.229885057,0.207357859,0.262345679,0.27090301,0.533248689,0.063545151,4.218489419775197,0.283018867,-0.5728848595172167,20.95164694391393,-18.81597834326125,0.2522704005241394,64.74339626239772,"sa3016950"
"Andy Thomas","SFG","AA",26,432,0.099537037,0.201388888,0.494252873,0.224867724,0.313084112,0.312169312,0.625253424,0.087301588,3.7503255518788157,0.278745644,-1.0583866089582443,43.331347194775525,-7.414320024386466,0.29644826764815324,86.68959210493742,"sa3016953"
"Tyler Hardman","NYY","AA",25,309,0.106796116,0.388349514,0.275,0.174721189,0.266233766,0.293680297,0.559914063,0.118959108,6.3099578979152,0.268965517,0.9590862141922116,23.38402421742087,-12.913223862951943,0.2643477549026539,68.35671281652073,"sa3016955"
"Chris Meyers","DET","AA",25,503,0.091451292,0.258449304,0.353846153,0.255656108,0.34194831,0.429864253,0.771812563,0.174208145,3.0970196159166012,0.320945945,-1.2346529019996524,72.6033904928332,13.51757889274413,0.35384732129322605,124.70572984852095,"sa3016956"
"Caleb Roberts","ARI","AA",24,485,0.113402061,0.24742268,0.458333333,0.242788461,0.338842975,0.454326923,0.793169898,0.211538462,6.145229741689505,0.288256227,0.18933705519884825,71.36195752114642,12.737950638836505,0.3594737194833301,105.15739882627697,"sa3016959"
"Tyler Tolve","ATL","AA",23,326,0.049079754,0.343558282,0.142857142,0.213333333,0.26993865,0.396666666,0.666605316,0.183333333,2.4417701775,0.296089385,-0.7411279752850533,34.62059912286279,-1.2887775728893525,0.3088256936131811,105.32917053636378,"sa3016960"
"Corey Rosier","BOS","AA",24,116,0.094827586,0.198275862,0.478260869,0.225490196,0.301724137,0.303921568,0.605645705,0.078431372,5.29916038091677,0.275,1.3309619976207614,10.598082297274678,-3.0280690856484487,0.284793890755752,75.54630559936972,"sa3016961"
"Grant Richardson","NYY","AA",24,431,0.074245939,0.280742459,0.264462809,0.257069408,0.318604651,0.401028277,0.719632928,0.143958869,5.678976289606252,0.346007604,-0.19502408523112535,53.777100575111504,3.1489001782160932,0.3283418207667595,110.1715986910518,"sa3016964"
"Cooper Bowman","OAK","AA",24,371,0.123989218,0.202156334,0.613333333,0.281150159,0.377717391,0.466453674,0.844171065,0.185303515,7.580038516879876,0.330434782,3.842557086609304,61.94154281840387,17.097199409461645,0.38493407145142555,137.13111552613046,"sa3016966"
"Austin Murr","DET","AA",25,273,0.102564102,0.201465201,0.509090909,0.239316239,0.333333333,0.427350427,0.76068376,0.188034188,6.64907815558545,0.274285714,-0.441308232024312,37.78536974488171,5.716927266105738,0.3461143049128326,119.65283638026266,"sa3016967"
"Ben Malgeri","DET","AA",24,470,0.091489361,0.314893617,0.29054054,0.251781472,0.323404255,0.408551068,0.731955323,0.156769596,7.0850816329343855,0.356060606,1.3037158828228712,60.77906550749987,5.5696590422079,0.33426503665903784,111.91030911560505,"sa3016975"
"Ben Cowles","NYY","AA",24,395,0.103797468,0.177215189,0.585714285,0.286135693,0.372151898,0.457227138,0.829379036,0.171091445,6.352573534351788,0.330827067,0.9403814934194088,63.83346671282693,17.558433037692748,0.37637137793287445,141.45282066519064,"sa3016976"
"Aaron McKeithan","STL","AA",24,191,0.089005235,0.157068062,0.566666666,0.26380368,0.356020942,0.325153374,0.681174316,0.061349694,1.57717917125,0.311111111,-0.5985411023721099,23.064931413222734,-0.022048616717872473,0.3255879676154771,97.6123394538184,"sa3016977"
"Noah Mendlinger","STL","AA",23,401,0.072319201,0.124688279,0.58,0.28169014,0.355889724,0.338028169,0.693917893,0.056338029,2.8425470879026076,0.325732899,-2.0831166338175535,49.61385253730014,1.1432818985243176,0.3293986359335725,100.06854320908221,"sa3017001"
"Jack Rogers","CIN","AA",25,242,0.053719008,0.314049586,0.171052631,0.185840707,0.23553719,0.265486725,0.501023915,0.079646018,5.388445089432171,0.258503401,-0.23525254428386688,13.322635217036904,-13.334018649134933,0.23852074294050862,42.80380725125196,"sa3017017"
"Adam Hackenberg","CHW","AA",24,95,0.094736842,0.326315789,0.29032258,0.232558139,0.305263157,0.26744186,0.572705017,0.034883721,1.7995526891481686,0.363636363,-0.729687025770545,7.93904999355364,-2.5253389208526595,0.277719699709039,76.44800289547814,"sa3017041"
"Alex Binelas","BOS","AA",24,350,0.131428571,0.248571428,0.528735632,0.251677852,0.354285714,0.409395973,0.763681687,0.157718121,7.5596824718865765,0.325242718,1.6908370535820723,49.89505843563342,8.781670642330887,0.35152273688997543,119.14814661329972,"sa3017044"
"Wes Clarke","MIL","AA",24,52,0.153846153,0.25,0.615384615,0.25,0.365384615,0.545454545,0.91083916,0.295454545,3.499019452382279,0.285714285,0.0411868654191494,9.548150313421973,3.820274276062735,0.41524698642583996,164.21205674534656,"sa3017045"
"Ethan Murray","MIL","AA",24,317,0.104100946,0.246056782,0.423076923,0.176895306,0.273015873,0.252707581,0.525723454,0.075812275,4.56345163006466,0.237373737,-0.49759374000132084,21.942021079060737,-12.975992456379231,0.2579925938258095,60.28609315023999,"sa3017051"
"Ruben Ibarra","CIN","AA",25,326,0.088957055,0.251533742,0.353658536,0.232638888,0.313846153,0.416666666,0.730512819,0.184027778,1.522628960916224,0.280612244,-1.338470719754696,41.81971039196434,5.910333696212199,0.3391810953617096,109.32801651645188,"sa3017053"
"Drake Osborn","NYM","AA",25,217,0.055299539,0.230414746,0.24,0.235,0.287037037,0.32,0.607037037,0.085,2.49817933497555,0.302013422,-0.2545814896002412,19.384125545425956,-6.106174886421615,0.2821413822196148,79.87431815865597,"sa3017077"
"Riley Tirotta","TOR","AA",25,73,0.219178082,0.260273972,0.842105263,0.285714285,0.438356164,0.464285714,0.902641878,0.178571429,5.561950265100309,0.388888888,-0.6605497095733881,13.669054516529435,5.093976491069192,0.4097733522454898,159.54752679585692,"sa3017078"
"Cal Conley","ATL","AA",24,515,0.083495145,0.176699029,0.472527472,0.242424242,0.305283757,0.311688311,0.616972068,0.069264069,6.072929611083635,0.292225201,2.8103710962459445,48.675632535472346,-8.052370526835492,0.29276717467317376,94.71644915442249,"sa3017080"
"Wyatt Young","NYM","AA",24,380,0.128947368,0.207894736,0.620253164,0.2875,0.392572944,0.3625,0.755072944,0.075,4.966254959230301,0.369747899,-0.9015652360394597,55.95501958444402,11.317627123144124,0.3576394300562001,129.20611496526325,"sa3017081"
"Tyler Miller","BOS","AA",24,226,0.07079646,0.168141592,0.421052631,0.227722772,0.287610619,0.311881188,0.599491807,0.084158416,2.926643636081919,0.267857142,-0.8832018692046404,19.486618929322308,-7.0608829029244715,0.27809578760535314,71.16964324751152,"sa3017109"
"Peyton Wilson","KCR","AA",24,517,0.131528046,0.222437137,0.591304347,0.227790432,0.338491295,0.380410022,0.718901317,0.15261959,6.372683756021449,0.274760383,1.7813976425677538,66.41159546258649,3.9196128684540614,0.3354750950207082,104.81989904147862,"sa3017110"
"Dillan Shrum","KCR","AA",26,457,0.098468271,0.315098468,0.3125,0.234256926,0.328227571,0.41813602,0.746363591,0.183879094,3.2719554962500004,0.320833333,-1.0989607125520706,61.4121757948069,6.172647660341679,0.3430866712553496,109.72601538916092,"sa3017111"
"Phillip Sikes","BOS","AA",25,432,0.097222222,0.291666666,0.333333333,0.23872679,0.328703703,0.408488063,0.737191766,0.169761273,6.346984699808731,0.319502074,0.13885243143886328,57.31339312093902,6.567725901777033,0.33863511005485497,110.72713697705507,"sa3017113"
"Shawn Goosenberg","CHW","AA",24,128,0.0703125,0.2109375,0.333333333,0.2,0.267716535,0.313043478,0.580760013,0.113043478,6.196964287877593,0.24137931,0.4979555318132043,10.46379240557681,-3.6355947633074677,0.2752171548332755,74.79412612069567,"sa3017116"
"River Town","KCR","AA",24,249,0.164658634,0.13253012,1.242424242,0.234693877,0.385542168,0.306122448,0.691664616,0.071428571,4.351757051678955,0.272727272,-2.3415757259353995,32.59619920302337,2.4985131954044646,0.3386257797960312,106.85070391107396,"sa3017118"
"Bennett Hostetler","MIA","AA",26,164,0.042682926,0.335365853,0.127272727,0.22077922,0.262195121,0.311688311,0.573883432,0.090909091,5.098462471121958,0.333333333,0.5897327428683639,12.669246980166081,-5.395592829966898,0.2690357776676736,69.09200556227671,"sa3017120"
"Austin Gauthier","LAD","AA",25,110,0.2,0.145454545,1.375,0.280487804,0.445454545,0.487804878,0.933259423,0.207317074,5.401552079141296,0.296875,-0.8355031833052635,21.803439986953112,8.507273477563235,0.42508269996818054,166.70159523995264,"sa3017121"
"Donta' Williams","BAL","AA",25,177,0.163841807,0.237288135,0.69047619,0.217687074,0.350282485,0.285714285,0.63599677,0.068027211,5.366012280546923,0.304761904,-1.3593913884833455,19.67260862024207,-1.1190189209423556,0.31057835500792597,87.28257820326395,"sa3017152"
"Connor Pavolony","BAL","AA",24,210,0.104761904,0.323809523,0.323529411,0.14673913,0.248803827,0.217391304,0.466195131,0.070652174,2.255793526106962,0.21238938,-0.2174727963283658,10.45281558026595,-14.215217095715571,0.23058724888203816,35.01493543878666,"sa3017156"
"Cody Morissette","MIA","AA",24,418,0.071770334,0.258373205,0.277777777,0.2,0.265550239,0.334210526,0.599760765,0.134210526,5.890423069086748,0.249056603,0.9712356859818101,35.957430314895745,-10.085880908491974,0.2810924237580608,77.05997734323428,"sa3017158"
"Nic Kent","COL","AA",24,364,0.063186813,0.228021978,0.277108433,0.248466257,0.310924369,0.306748466,0.617672835,0.058282209,4.8038176986748,0.32644628,1.1093913912773132,35.05819933391791,-7.699723971116727,0.2912471499763617,80.75519016725255,"sa3017160"
"John Rhodes","BAL","AA",23,413,0.075060532,0.237288135,0.31632653,0.202127659,0.27118644,0.308510638,0.579697078,0.106382979,2.5396773487025595,0.250922509,-0.42606284469366074,33.51754333577084,-14.996254260326156,0.2714903621638947,61.741773165051406,"sa3017162"
"Wyatt Hendrie","PIT","AA",25,72,0.055555555,0.222222222,0.25,0.253968253,0.304347826,0.365079365,0.669427191,0.111111112,6.021909356602945,0.319148936,0.6515652388334274,7.785593897942221,-0.6720173052514437,0.30665314197540283,90.02776728399127,"sa3017163"
"Zach Kokoska","COL","AA",25,398,0.087939698,0.306532663,0.286885245,0.21574344,0.309823677,0.460641399,0.770465076,0.244897959,6.232519918230164,0.262135922,0.6376941073685884,54.722779185928914,7.970983923830607,0.34492357908924925,115.82834464182517,"sa3017165"
"Garrett Spain","TOR","AA",23,369,0.092140921,0.268292682,0.343434343,0.167173252,0.249315068,0.300911854,0.550226922,0.133738602,5.450339843156108,0.200913242,0.9405318675562739,25.908499830029008,-17.436757586338523,0.2572261438919948,59.87040796228774,"sa3017174"
"Collin Burns","BAL","AA",24,371,0.078167115,0.21832884,0.358024691,0.218181818,0.29347826,0.318181818,0.611660078,0.1,6.001745914658914,0.272357723,0.1352507695555687,34.43620290151656,-9.143988159384133,0.2866932271939257,71.67560152261501,"sa3017176"
"Damon Keith","LAD","AA",24,318,0.10062893,0.295597484,0.340425531,0.258865248,0.339622641,0.4964539,0.836076541,0.237588652,5.958405174993793,0.329479768,-0.6551506649702787,50.68128266020594,12.243274023969743,0.3751929475682015,134.544664495779,"sa3017179"
"Rowdey Jordan","NYM","AA",25,466,0.090128755,0.263948497,0.341463414,0.217917675,0.297413793,0.32929782,0.626711613,0.111380145,5.242009206227691,0.285211267,1.1210869504138827,45.28350365190317,-9.45603552432249,0.29236962573832104,86.55763839556415,"sa3017214"
"Quincy Hamilton","HOU","AA",26,77,0.168831168,0.194805194,0.866666666,0.13114754,0.311688311,0.196721311,0.508409622,0.065573771,3.718940701012461,0.155555555,-0.037375884130597115,5.932534431535006,-3.3747821250379078,0.26943609311983185,66.49609162322243,"sa3017215"
"Ryan Higgins","BAL","AA",24,257,0.077821011,0.342412451,0.227272727,0.193693693,0.282868525,0.319819819,0.602688344,0.126126126,3.9156547787595617,0.28125,-0.14814207050949335,23.351077739253633,-6.837895583257089,0.2841388435952692,70.00652084747219,"sa3017220"
"Adam Zebrowski","ATL","AA",23,56,0.089285714,0.089285714,1,0.215686274,0.285714285,0.235294117,0.521008402,0.019607843,0.29910714,0.239130434,-0.19851642195135355,3.7534162243335616,-2.4150656620533097,0.2549788739000048,69.74299368814552,"sa3017221"
"Vaun Brown","SFG","AA",26,145,0.048275862,0.489655172,0.098591549,0.143939393,0.1875,0.265151515,0.452651515,0.121212122,9.449979786984507,0.258064516,1.4330109041184187,4.479136210517286,-12.553553018136622,0.2059722091588709,27.570890878160547,"sa3017282"
"Shane McGuire","OAK","AA",25,297,0.151515151,0.175084175,0.865384615,0.237903225,0.358108108,0.342741935,0.700850043,0.10483871,4.345130329477207,0.284974093,-0.08497772365808487,38.05403272157138,2.154383146218713,0.3350542203800098,104.98056678069541,"sa3017284"
"Damon Dues","SFG","AA",26,96,0.135416666,0.291666666,0.464285714,0.185185185,0.302083333,0.197530864,0.499614197,0.012345679,4.35774315269271,0.277777777,0.13056755438446999,6.451447154354972,-4.82536778323658,0.2533025871962309,58.4974202259498,"sa3017285"
"BJ Murray","CHC","AA",24,65,0.107692307,0.215384615,0.5,0.155172413,0.246153846,0.172413793,0.418567639,0.01724138,5.672402781602946,0.204545454,0.6014835899695754,2.377199282525676,-4.782645764173371,0.21311834775484526,32.39474943090776,"sa3017287"
"James Triantos","CHC","AA",21,391,0.051150895,0.0971867,0.526315789,0.299719887,0.345268542,0.436974789,0.782243331,0.137254902,8.755056928555035,0.314465408,3.5112418988719583,56.09037665813584,13.021154915684646,0.36003689936664707,129.4899834259863,"sa3017295"
"Mat Nelson","CIN","AA",25,300,0.1,0.226666666,0.44117647,0.198380566,0.327759197,0.287449392,0.615208589,0.089068826,1.35119047125,0.252808988,-1.1116919629275799,30.893460401609527,-2.151978275463,0.3043995595297287,86.34166575771548,"sa3017328"
"Ethan Wilson","PHI","AA",24,352,0.071022727,0.213068181,0.333333333,0.211356466,0.27065527,0.347003154,0.617658424,0.135646688,4.373417101413465,0.242677824,-0.9070373019203544,31.569178067524504,-9.779143370311191,0.28260722730913734,70.8651804397488,"sa3017329"
"Dru Baker","TBR","AA",24,467,0.072805139,0.205567451,0.354166666,0.287735849,0.344086021,0.327830188,0.671916209,0.040094339,6.317261713619827,0.36858006,1.8539053136482835,53.01572263963369,1.5749897656574579,0.31889580270295503,102.87550487848189,"sa3017331"
"Braiden Ward","COL","AA",25,323,0.074303405,0.250773993,0.296296296,0.242537313,0.353312302,0.358208955,0.711521257,0.115671642,9.372685090665621,0.326086956,3.470310606993735,42.32033768002902,4.378554087924105,0.33648812225564423,110.31646381297206,"sa3017332"
"Matt Rudick","NYM","AA",25,491,0.130346232,0.215885947,0.603773584,0.238554216,0.352342158,0.36626506,0.718607218,0.127710844,4.033991282472686,0.300330033,-1.738673941232264,64.82926365943243,7.1530539265423085,0.3378077778214107,116.24775290928642,"sa3017334"
"Terrell Tatum","CHW","AA",24,495,0.119191919,0.262626262,0.453846153,0.218604651,0.31707317,0.302325581,0.619398751,0.08372093,6.545624628014588,0.301694915,1.1550859929993749,49.34695274734216,-5.178021069827505,0.2998807334560689,91.09374186877099,"sa3017338"
"JT Schwartz","NYM","AA",24,262,0.148854961,0.156488549,0.951219512,0.294930875,0.408396946,0.423963133,0.832360079,0.129032258,4.497699475801629,0.341040462,0.1553828176110983,44.326777288394844,13.550469854551233,0.38623178209967285,147.8888775220464,"sa3017371"
"Paul McIntosh","MIA","AA",26,480,0.104166666,0.197916666,0.526315789,0.246411483,0.339583333,0.385167464,0.724750797,0.138755981,4.268753508232667,0.290734824,-1.2772513162344694,62.4094147633793,9.536712880063266,0.34157054508902085,117.02863533632473,"sa3017372"
"Joe Mack","MIA","AA",21,475,0.096842105,0.256842105,0.37704918,0.241134751,0.322105263,0.456264775,0.778370038,0.215130024,2.8118523152011985,0.285714285,-0.9763805195689201,67.68917785616412,15.367233284132613,0.3587308742783286,128.36951883802797,"sa3017374"
"Luca Tresh","KCR","AA",24,400,0.0925,0.245,0.37755102,0.25,0.32330827,0.428977272,0.752285542,0.178977272,2.12596524625,0.300813008,-0.932154175825417,53.36042307218397,5.010726674402596,0.3418277106189489,108.91453992482501,"sa3017394"
"Justice Thompson","CIN","AA",23,252,0.087301587,0.317460317,0.275,0.201754385,0.277777777,0.307017543,0.58479532,0.105263158,3.9373407327888454,0.286713286,-0.7399542918428779,21.418561135062728,-6.339607353678196,0.2796789686831217,70.00437188695904,"sa3017395"
"Jose Torres","CIN","AA",24,279,0.060931899,0.29390681,0.207317073,0.216535433,0.274368231,0.318897637,0.593265868,0.102362204,5.233837285580803,0.295857988,-0.1508413441479206,23.846283998670472,-6.885973971006976,0.2803336356090725,70.4370268353415,"sa3017396"
"Brenden Dixon","PIT","AA",23,224,0.107142857,0.308035714,0.347826086,0.187817258,0.28125,0.340101522,0.621351522,0.152284264,4.553047710881565,0.239669421,0.74541852530092,21.380663395497184,-4.93190479221644,0.29012053167181356,79.22505919351441,"sa3017397"
"Nathan Hickey","BOS","AA",24,106,0.216981132,0.264150943,0.821428571,0.207317073,0.386792452,0.329268292,0.716060744,0.121951219,2.848181627105512,0.314814814,-0.49726397451013327,14.81334222730513,2.361859067047791,0.34786164535666414,116.75592285669838,"sa3017398"
"Mike Jarvis","PIT","AA",26,99,0.09090909,0.313131313,0.29032258,0.103448275,0.193877551,0.172413793,0.366291344,0.068965518,5.366721995172876,0.142857142,0.251170807518065,1.2986210402112648,-10.330594364180024,0.18280594932789707,9.103760401327534,"sa3017401"
"Austin Callahan","CIN","AA",23,216,0.111111111,0.300925925,0.369230769,0.208556149,0.297674418,0.326203208,0.623877626,0.117647059,4.659816977319158,0.295081967,-0.43407886382192373,20.94596598645963,-2.846749861032589,0.29614355536394343,80.88545449271909,"sa3017407"
"Jackson Glenn","PIT","AA",26,249,0.07630522,0.301204819,0.253333333,0.191964285,0.25203252,0.285714285,0.537746805,0.09375,3.331361617096085,0.263513513,-0.8739246958866715,16.25704082730251,-12.992197917075575,0.2508087812400446,53.538046880166654,"sa3017478"
"Casey Opitz","CHC","AA",25,155,0.148387096,0.264516129,0.560975609,0.175572519,0.303225806,0.282442748,0.585668554,0.106870229,6.792597761931918,0.238636363,0.08385731186717749,14.09083209110021,-2.982644558720594,0.2878087401390076,81.75598425226931,"sa3017509"
"Christian Franklin","CHC","AA",24,427,0.166276346,0.208430913,0.797752808,0.268011527,0.398126463,0.365994236,0.764120699,0.097982709,6.503222798273121,0.34375,2.142161477357149,63.43315986670964,16.398485483009743,0.36704975324715605,134.12462405530908,"sa3017510"
"Tucker Mitchell","TEX","AA",23,78,0.089743589,0.205128205,0.4375,0.1,0.192307692,0.142857142,0.335164834,0.042857142,4.64285714,0.129629629,-0.1275579398497939,0.13159492738715797,-9.296595870180209,0.17263315809078705,-0.31961293801008295,"sa3017511"
"Noah Miller","LAD","AA",21,136,0.044117647,0.205882352,0.214285714,0.224806201,0.257352941,0.263565891,0.520918832,0.03875969,2.3276693450698054,0.284313725,-0.7373816911131144,7.7864252272889525,-8.652471547956713,0.2440110725515029,49.990096335512995,"sa3017512"
"Kahlil Watson","CLE","AA",21,407,0.103194103,0.307125307,0.336,0.22005571,0.304668304,0.406685236,0.71135354,0.186629526,5.833850566002841,0.285067873,-1.531267168931663,49.659860964764334,1.8508643022668156,0.32474634878758424,107.52774085218277,"sa3017513"
"Kyler Fedko","MIN","AA",24,294,0.12585034,0.200680272,0.627118644,0.227091633,0.326530612,0.318725099,0.645255711,0.091633466,3.1020387361984123,0.279792746,-1.0611942084506154,31.28124401331587,-4.255782839053435,0.30714165819745487,83.96810370329258,"sa3017561"
"Creed Willems","BAL","AA",21,69,0.028985507,0.188405797,0.153846153,0.261538461,0.275362318,0.492307692,0.76767001,0.230769231,2.756744394344123,0.26,0.0886739231646061,9.000318090302672,0.8951073539087441,0.3357277953106424,103.71567964581936,"sa3017562"
"Andres Sosa","TOR","AA",26,208,0.120192307,0.302884615,0.396825396,0.202312138,0.333333333,0.323699421,0.657032754,0.121387283,4.126073574036097,0.29245283,-0.32879887614399195,23.953011791414966,-0.48008724003339803,0.3158103889889187,98.15041861164185,"sa3017605"
"Noah Cardenas","MIN","AA",24,305,0.140983606,0.232786885,0.605633802,0.173228346,0.311475409,0.275590551,0.58706596,0.102362205,3.0218078037414156,0.219101123,-1.6611942173913121,28.353162284125393,-8.513481219182902,0.2898802438720328,72.8420892753413,"sa3017624"
"Anthony Vilar","SDP","AA",25,100,0.18,0.32,0.5625,0.1375,0.303030303,0.2125,0.515530303,0.075,5.937179150567483,0.212765957,0.3448841292411089,7.504087260273693,-4.58333683917165,0.2668605115678575,70.69174524128802,"sa3017660"
"Logan Cerny","HOU","AA",24,130,0.061538461,0.284615384,0.216216216,0.180327868,0.23076923,0.286885245,0.517654475,0.106557377,7.918666999494029,0.240963855,0.5626241248100996,7.096977489048412,-8.616673840230535,0.24059286667750432,47.904906248952365,"sa3017661"
"Kenny Piper","TBR","AA",25,243,0.111111111,0.296296296,0.375,0.217391304,0.316872427,0.381642512,0.698514939,0.164251208,5.444729670246675,0.287878787,-0.3808312537148595,29.141597897324054,2.3747925688953084,0.3276935391465332,108.68973507095838,"sa3017664"
"Aaron Zavala","TEX","AA",24,498,0.126506024,0.279116465,0.45323741,0.223557692,0.33266129,0.305288461,0.637949751,0.081730769,4.314845590523937,0.314285714,-1.0812439061701298,52.22624335440789,-7.969128660829917,0.3051803722555338,85.11499800286734,"sa3017665"
"Connor Kokx","CLE","AA",24,109,0.073394495,0.23853211,0.307692307,0.231578947,0.330275229,0.263157894,0.593433123,0.031578947,6.060292241725055,0.318840579,0.26483849342912436,10.472274910703662,-2.331608716353414,0.2909371694293591,85.43620850013858,"sa3017735"
"Jake Rucker","MIN","AA",24,515,0.067961165,0.149514563,0.454545454,0.26068376,0.321011673,0.371794871,0.692806544,0.111111111,3.3033368234583316,0.293506493,-1.9714259738102555,60.082530688813165,-2.1677034233303454,0.32032936788209465,92.46837172633869,"sa3017757"
"Mason Auer","TBR","AA",23,331,0.0755287,0.262839879,0.287356321,0.189830508,0.264437689,0.325423728,0.589861417,0.13559322,7.932213987606735,0.243902439,1.0670878356322646,27.780616380477,-8.679517626559687,0.27821511374418495,75.99053378259548,"sa3017791"
"Hao-Yu  Lee","DET","AA",21,386,0.085492227,0.178756476,0.478260869,0.298245614,0.3626943,0.488304093,0.850998393,0.190058479,7.459036503828456,0.337078651,1.8255024179816246,63.93492208156196,18.592728686662593,0.38160241746531864,142.84141419989854,"sa3017863"
"Brady Allen","DET","AA",24,410,0.080487804,0.33902439,0.237410071,0.204918032,0.27804878,0.341530054,0.619578834,0.136612022,4.794198092008514,0.295964125,-2.4562609465792775,37.820471713196945,-10.340925416100312,0.2859438800230259,80.33638702178311,"sa3018098"
"Jason Matthews","CHW","AA",27,418,0.102870813,0.279904306,0.367521367,0.194444444,0.288834951,0.266666666,0.555501617,0.072222222,5.528627309145777,0.272727272,-0.5475642904639244,32.918281633403595,-13.125029589984129,0.27109817017629306,72.07197990631846,"sa3018152"
"Alsander Womack","CHW","AA",25,147,0.074829931,0.204081632,0.366666666,0.213740458,0.278911564,0.259541984,0.538453548,0.045801526,5.375561870355742,0.262135922,-0.07526572328060865,10.305380650862668,-5.886884300902868,0.25921171944157606,64.2164864863465,"sa3018214"
"Nelson Rada","LAA","AA",18,502,0.113545816,0.233067729,0.487179487,0.233644859,0.331325301,0.268691588,0.600016889,0.035046729,5.093583798062761,0.314285714,0.746856190264225,48.08161709293856,-7.2144169600294665,0.2945051056792937,89.43490654361005,"sa3018421"
"Luis Baez","HOU","AA",20,61,0.13114754,0.180327868,0.727272727,0.215686274,0.311475409,0.333333333,0.644808742,0.117647059,3.970921648927188,0.243902439,0.25281776767224073,6.211632464620412,-1.1616962360412464,0.3012728231852172,87.01676920898606,"sa3018482"
"Griffin Lockwood-Powell","LAD","AA",26,469,0.085287846,0.230277185,0.37037037,0.23095238,0.302771855,0.369047619,0.671819474,0.138095239,2.3158988471009203,0.274834437,-1.1204693168401718,51.25658220535837,-5.433436821040284,0.3108544222581615,93.07463501978404,"sa3019303"
"Hogan Windish","SEA","AA",25,518,0.125482625,0.322393822,0.389221556,0.217889908,0.332046332,0.383027522,0.715073854,0.165137614,5.8153175946443145,0.308880308,1.6715912884101272,65.82581331228897,3.2129564771620918,0.33370389452772253,117.2321559967596,"sa3019805"
"Jacob Berry","MIA","AA",23,425,0.072941176,0.204705882,0.356321839,0.238341968,0.305882352,0.360103626,0.665985978,0.121761658,4.6708573679923635,0.285223367,0.278904577717185,46.71227433559586,-0.10209712359021854,0.31392966985702514,98.76138985210089,"sa3019825"
"R.J. Yeager","STL","AA",25,467,0.068522483,0.128479657,0.533333333,0.253554502,0.31477516,0.400473933,0.715249093,0.146919431,4.474699393899606,0.261363636,0.028585649095475674,57.21289665696176,0.7646261125520091,0.3278394849448439,99.063577099764,"sa3019840"
"Tucker Flint","LAA","AA",23,506,0.140316205,0.296442687,0.473333333,0.246445497,0.364356435,0.419431279,0.783787714,0.172985782,5.139731325966449,0.339768339,-2.016961617395282,75.67373280328555,19.937092901289876,0.3684208044911375,138.28416345031383,"sa3019856"
"Ivan Melendez","ARI","AA",24,442,0.076923076,0.300904977,0.255639097,0.238095238,0.312217194,0.433583959,0.745801153,0.195488721,3.8017402692248594,0.299180327,-0.8517842693254352,58.58621878612065,5.159804266572227,0.34073191436167755,93.0771839459555,"sa3019859"
"Chris Rotondo","STL","AA",25,187,0.058823529,0.347593582,0.169230769,0.204678362,0.264864864,0.30994152,0.574806384,0.105263158,7.109263642197554,0.310679611,0.1841211300343275,14.343235851698852,-8.260247214263938,0.26899406845505175,61.134184957198556,"sa3019861"
"Romeo Sanabria","SDP","AA",22,136,0.154411764,0.279411764,0.552631578,0.27027027,0.375,0.333333333,0.708333333,0.063063063,1.1196943284711807,0.381578947,-1.2943760845810175,17.64248669387351,1.2035899186278458,0.33710452125352974,115.96821277204641,"sa3019865"
"Ben Gobbel","LAA","AA",24,255,0.039215686,0.231372549,0.169491525,0.228215767,0.267716535,0.356846473,0.624563008,0.128630706,5.027661459409675,0.270114942,0.1417996557429433,23.926734258575014,-4.161888616936632,0.29182494367201495,87.66364651969523,"sa3019870"
"Keshawn Ogans","ATL","AA",22,393,0.06870229,0.190839694,0.36,0.218487394,0.285714285,0.274509803,0.560224088,0.056022409,5.715742320354034,0.273049645,-1.1552402079105377,30.571407369112016,-12.718117297852991,0.26977576969229444,79.52193612660166,"sa3019893"
"Bryson Worrell","ATL","AA",25,73,0.05479452,0.438356164,0.125,0.119402985,0.178082191,0.208955223,0.387037414,0.089552238,4.690253469379027,0.176470588,0.054421293549239635,1.3271109916901875,-6.713945753064127,0.18783584604524586,25.369645808147705,"sa3019897"
"Bubba Alleyne","LAD","AA",25,325,0.101538461,0.267692307,0.379310344,0.251748251,0.335384615,0.377622377,0.713006992,0.125874126,5.493549695098358,0.338461538,-1.6472344296053052,40.84648568713445,1.562357363937079,0.3319114631872911,106.64715791800423,"sa3019902"
"Javi Vaz","KCR","AA",23,523,0.139579349,0.114722753,1.216666666,0.263279445,0.375486381,0.378752886,0.754239267,0.115473441,5.597298982452604,0.288828337,0.3753424910828471,74.91017734375899,11.69294930365984,0.3544557628920302,117.05407525712404,"sa3019906"
"Taylor Young","LAD","AA",25,547,0.10786106,0.252285191,0.427536231,0.236286919,0.333333333,0.329113924,0.662447257,0.092827005,6.884921898108218,0.323353293,3.5327159501612186,61.72206727960263,-4.396142544363395,0.31541246677929663,96.01256745969458,"sa3019907"
"Caleb Ricketts","PHI","AA",24,308,0.103896103,0.198051948,0.524590163,0.219230769,0.331168831,0.338461538,0.669630369,0.119230769,3.8231246281561533,0.256410256,-0.5978369023650885,35.834371764692,-0.3454094934142308,0.317357115544282,93.57138907151365,"sa3019917"
"Cade Fergus","PHI","AA",23,137,0.102189781,0.394160583,0.259259259,0.201680672,0.306569343,0.336134453,0.642703796,0.134453781,4.794957343351562,0.327868852,0.26523291878402233,14.53484853915622,-1.5581061113650576,0.3039948296372908,84.84022856969138,"sa3019919"
"Eric Brown Jr.","MIL","AA",23,441,0.092970521,0.188208616,0.493975903,0.184615384,0.269841269,0.261538461,0.53137973,0.076923077,5.66054800783778,0.221498371,-0.368474624119699,30.24331379454044,-18.333481060756174,0.25711451741782104,59.705791797116994,"sa3019923"
"Robert Moore","PHI","AA",22,435,0.089655172,0.167816091,0.534246575,0.24010554,0.323255813,0.364116094,0.687371907,0.124010554,4.35443850165624,0.273333333,-1.717599486000836,51.10123854200995,0.00317085604822954,0.31882836838146467,94.53273241872363,"sa3019928"
"Jacob Burke","CHW","AA",23,256,0.1015625,0.26171875,0.388059701,0.192825112,0.290196078,0.228699551,0.518895629,0.035874439,7.403469913743991,0.27388535,3.14210959803313,17.789790795596435,-10.40898354217212,0.25836873545366174,63.65937694052879,"sa3019934"
"Collin Price","HOU","AA",24,320,0.1125,0.24375,0.461538461,0.221818181,0.315625,0.374545454,0.690170454,0.152727273,3.499701428755391,0.265625,-0.19666838366538286,37.257328817671144,-1.4224283005539569,0.32002626862376926,99.10448697008708,"sa3019935"
"Jud Fabian","BAL","AA",23,422,0.109004739,0.298578199,0.365079365,0.23268698,0.326190476,0.432132963,0.758323439,0.199445983,4.928485467483156,0.295964125,-0.3946296628564596,57.93720760752002,8.36620861102382,0.3446596866562253,109.55193980863471,"sa3019942"
"David McCabe","ATL","AA",24,141,0.170212765,0.29787234,0.571428571,0.136752136,0.283687943,0.213675213,0.497363156,0.076923077,3.584033971652088,0.191780821,-0.0632049785926938,9.531980238523785,-5.999375939700303,0.2557725745735439,70.2675329772542,"sa3019964"
"Zach Morgan","SFG","AA",24,93,0.086021505,0.236559139,0.363636363,0.226190476,0.29347826,0.333333333,0.626811593,0.107142857,5.684963472582976,0.283333333,0.3959021959453821,9.023460419936288,-1.9009540508555276,0.29217613779980206,83.89810480626616,"sa3019968"
"Spencer Jones","NYY","AA",23,544,0.099264705,0.367647058,0.27,0.259336099,0.336397058,0.452282157,0.788679215,0.192946058,7.325944994798872,0.401486988,0.12547744810581207,79.12088217586587,15.218930862847063,0.35528378908924513,127.77597052503252,"sa3019969"
"Chris Newell","LAD","AA",23,113,0.097345132,0.327433628,0.297297297,0.161616161,0.24778761,0.252525252,0.500312862,0.090909091,5.639557409487862,0.225806451,1.1743205888196826,6.14427587376817,-7.514513358605067,0.24031281734989807,47.60634956044709,"sa3019971"
"Brennan Milone","OAK","AA",23,548,0.107664233,0.213503649,0.504273504,0.278242677,0.361313868,0.441422594,0.802736462,0.163179917,4.078342362282562,0.336182336,-1.9989897087216377,84.09234097431819,17.853256909357707,0.3675858746044827,125.94916457013282,"sa3019974"
"Silas Ardoin","BAL","AA",23,417,0.112709832,0.278177458,0.405172413,0.2,0.29879518,0.275,0.57379518,0.075,2.692578054170926,0.27983539,-1.2027235720306635,35.355406013202845,-13.628258871960464,0.2762203617268298,64.83244085806402,"sa3019976"
"Nathan Martorella","SDP","AA",23,527,0.092979127,0.182163187,0.510416666,0.229122055,0.305502846,0.385438972,0.690941818,0.156316917,4.638865433608384,0.247910863,0.06205399055033922,61.635619222124106,2.4384612878160556,0.3222041637892967,104.47771861861212,"sa3019978"
"Kody Huff","CLE","AA",23,389,0.113110539,0.223650385,0.505747126,0.244776119,0.340206185,0.364179104,0.704385289,0.119402985,4.937229818118899,0.307377049,0.4073424758389592,48.74717593583544,3.052582074136341,0.329047269274279,110.33804047728364,"sa3019982"
"Gavin Cross","KCR","AA",23,436,0.103211009,0.240825688,0.428571428,0.261096605,0.341743119,0.428198433,0.769941552,0.167101828,5.5060751566866415,0.318352059,4.06783430557698,60.69570281903182,7.99453374545013,0.34929007029643766,113.72447727254416,"sa3019985"
"Caeden Trenkle","OAK","AA",23,267,0.093632958,0.307116104,0.304878048,0.194915254,0.268939393,0.300847457,0.56978685,0.105932203,5.085758108534945,0.274509803,0.060331801883876324,20.164866273259655,-12.108556072259411,0.26748091727495193,61.42552945192099,"sa3019991"
"Cayden Wallace","KCR","AA",22,185,0.059459459,0.178378378,0.333333333,0.257485029,0.318918918,0.371257485,0.690176403,0.113772456,3.5977320318288992,0.300751879,-1.1110699027776718,21.57991284411772,-0.6284878971018011,0.319286907041395,96.40218499230087,"sa3019996"
"Daniel Susac","OAK","AA",23,370,0.043243243,0.259459459,0.166666666,0.256559766,0.3,0.434402332,0.734402332,0.177842566,5.31274483353438,0.317991631,-0.19855268951505423,46.223957861186136,1.5004886932383652,0.330945629525829,102.3323341237201,"sa3019997"
"Jose Izarra","LAD","AA",22,73,0.150684931,0.410958904,0.366666666,0.163934426,0.291666666,0.262295081,0.553961747,0.098360655,4.137777774032966,0.3,0.011684861965477467,5.810147253023189,-3.013672339571911,0.27270550115240944,68.48537259716417,"sa3019998"
"Sterlin Thompson","COL","AA",23,518,0.083011583,0.235521235,0.352459016,0.244588744,0.318532818,0.385281385,0.703814203,0.140692641,5.624700275900972,0.302114803,-0.44471891410648823,62.82455172554272,1.9767377914549666,0.3237929080674087,102.02118009774321,"sa3019999"
"Henry Bolte","OAK","AA",20,227,0.088105726,0.387665198,0.227272727,0.252475247,0.331858407,0.396039603,0.72789801,0.143564356,8.003529040833655,0.427272727,0.521468035876751,29.42298109544618,1.9845283897052526,0.3369664180595263,106.21309260797146,"sa3020006"
"Blake Rambusch","SEA","AA",24,216,0.11574074,0.171296296,0.675675675,0.263736263,0.369158878,0.296703296,0.665862174,0.032967033,7.192486175651762,0.328767123,0.32334074564278126,25.981726832661955,-0.12710922213998663,0.3249803308014558,111.60929717118515,"sa3020008"
"Tanner Schobel","MIN","AA",23,520,0.113461538,0.238461538,0.475806451,0.21098901,0.300578034,0.338461538,0.639039572,0.127472528,5.85882560581053,0.264615384,-1.1261338274925947,52.1553643807241,-10.69924093639168,0.2993058232673101,78.91743920707937,"sa3020009"
"Kevin Graham","ARI","AA",24,347,0.09221902,0.305475504,0.301886792,0.212903225,0.291907514,0.325806451,0.617713965,0.112903226,6.1050172802921265,0.305,0.4444645280018449,31.98854772062631,-9.954813904449033,0.28888448925985805,59.65841600146595,"sa3020087"
"Jorel Ortega","MIN","AA",23,417,0.105515587,0.244604316,0.431372549,0.214285714,0.307692307,0.348901098,0.656593405,0.134615384,5.546466817575796,0.267716535,-1.3298908490687609,44.62425677759973,-5.780301717087345,0.30793014340675795,84.47632960237272,"sa3020090"
"Harrison Spohn","MIA","AA",25,313,0.095846645,0.373801916,0.256410256,0.182795698,0.262820512,0.308243727,0.571064239,0.125448029,4.600314461893685,0.280254777,-1.1761365318670869,24.796068036518694,-9.68133964989364,0.2717425729601811,70.88086693764085,"sa3020093"
"Matt Donlan","BOS","AA",24,51,0.078431372,0.25490196,0.307692307,0.146341463,0.294117647,0.219512195,0.513629842,0.073170732,1.39285714,0.206896551,-0.11132607981562614,3.750295386782277,-2.2405125488132356,0.26155677028730806,60.36274869732705,"sa3020107"
"Josh Hatcher","TEX","AA",25,454,0.066079295,0.268722466,0.245901639,0.299760191,0.350220264,0.448441247,0.798661511,0.148681056,6.338274515455552,0.395104895,0.452357592061162,67.67466406849411,12.79775865701226,0.36194660151954244,121.7042295632023,"sa3020115"
"Tres Gonzalez","PIT","AA",23,363,0.077134986,0.20661157,0.373333333,0.239130434,0.312849162,0.273291925,0.586141087,0.034161491,4.360248795202934,0.31048387,-2.2143673123791814,31.784030577161015,-10.856425905607045,0.27983631306335705,72.50516381548773,"sa3020121"
"Tommy Sacco Jr.","HOU","AA",25,448,0.116071428,0.185267857,0.626506024,0.242966751,0.334821428,0.375959079,0.710780507,0.132992328,5.29595344713742,0.283333333,-0.5065095201134682,55.89166475231729,1.7400047868021578,0.33072541010726486,106.00072387558485,"sa3020125"
"Ryan Clifford","NYM","AA",20,405,0.155555555,0.288888888,0.538461538,0.231231231,0.358910891,0.456456456,0.815367347,0.225225225,2.5462127627781417,0.293532338,-1.174892052076757,63.257565555552304,15.683502537587941,0.3692940706921337,136.82146900660703,"sa3020126"
"Matt Higgins","SFG","AA",24,119,0.100840336,0.226890756,0.444444444,0.262135922,0.33898305,0.330097087,0.669080137,0.067961165,3.037312584875198,0.337662337,-0.3343726648017764,13.537249234432963,-0.4413026152898987,0.3139851684287443,98.1485218483701,"sa3020128"
"Nick Cimillo","PIT","AA",24,185,0.118918918,0.172972972,0.6875,0.223602484,0.324324324,0.366459627,0.690783951,0.142857143,3.715536136065089,0.256,-0.22674996964633465,22.24734256091485,0.515980441597793,0.32245426177978515,100.35250618576872,"sa3020129"
"Haydn McGeary","CHC","AA",24,407,0.095823095,0.309582309,0.309523809,0.207865168,0.291358024,0.353932584,0.645290608,0.146067416,4.5980610882522,0.278026905,0.20890148915350437,41.504246900742196,-3.3273982378195286,0.3030219890988699,91.81008532649034,"sa3020133"
"Jett Williams","NYM","AA",20,101,0.0990099,0.247524752,0.4,0.172413793,0.287128712,0.24137931,0.528508022,0.068965517,6.390923308343501,0.241935483,-0.6419953629374504,7.36078820878712,-4.503360840137326,0.26070156900009306,65.86515448324063,"sa3020134"
"Carter Howell","SFG","AA",25,505,0.093069306,0.196039603,0.474747474,0.271910112,0.346613545,0.391011235,0.73762478,0.119101123,6.831845760916946,0.340057636,0.11817240156233311,67.32437418421816,8.003628939595929,0.33947674057398186,114.80517845585977,"sa3020139"
"Andrew Kachel","SFG","AA",23,67,0.104477611,0.23880597,0.4375,0.228070175,0.343283582,0.385964912,0.729248494,0.157894737,3.432519827687398,0.282051282,0.03301088325679302,9.041990757701209,1.1717136658404383,0.34161371704357774,116.20151772554243,"sa3020140"
"Devonte Brown","TOR","AA",24,413,0.130750605,0.35835351,0.364864864,0.231428571,0.343825665,0.362857142,0.706682807,0.131428571,6.083372962749447,0.365979381,1.0859503839164972,52.715904240843095,4.2021066447461015,0.3320808072932985,108.78180568389426,"sa3020189"
"Mario Camilletti","CHW","AA",25,204,0.220588235,0.186274509,1.184210526,0.238709677,0.411764705,0.322580645,0.73434535,0.083870968,2.595762807152883,0.299145299,-1.1637658895924687,29.625763425420406,7.154865125011087,0.3624708693401486,132.45818375018897,"sa3020192"
"Dominic Keegan","TBR","AA",23,442,0.113122171,0.203619909,0.555555555,0.285333333,0.371040723,0.434666666,0.805707389,0.149333333,3.08711389625,0.342657342,-1.6940068006515503,67.22309244336675,18.536146125813232,0.3719062447007281,137.9089381208421,"sa3020194"
"Michael Turconi","TOR","AA",25,296,0.148648648,0.277027027,0.536585365,0.245901639,0.369491525,0.323770491,0.693262016,0.077868852,4.366600864956451,0.358024691,0.5182741302996874,37.985634421149406,3.215455030242116,0.3329781342360933,109.36813541929172,"sa3020195"
"Cade Doughty","TOR","AA",23,114,0.043859649,0.271929824,0.161290322,0.212962962,0.24778761,0.287037037,0.534824647,0.074074075,3.3355642314519196,0.289473684,-1.032718195579946,7.123422941238489,-6.26779479715148,0.24715504604103292,53.28976956116666,"sa3020196"
"Cortland Lawson","WSN","AA",24,391,0.076726342,0.225063938,0.34090909,0.217142857,0.283505154,0.265714285,0.549219439,0.048571428,4.688279129582524,0.285714285,-0.9204122852534056,28.554745170498553,-17.37478233573371,0.26089831971630606,65.54074204449387,"sa3020202"
"Josh Kasevich","TOR","AA",23,393,0.06615776,0.106870229,0.619047619,0.283746556,0.333333333,0.363636363,0.696969696,0.079889807,4.745075958239026,0.3125,0.5976708801463246,46.86305350716251,0.6985923563970913,0.3211358420702876,101.63016645733258,"sa3020203"
"Jalen Battles","TBR","AA",24,286,0.073426573,0.244755244,0.3,0.22868217,0.294736842,0.302325581,0.597062423,0.073643411,6.490980814237112,0.306878306,0.08682447392493486,25.26845733677956,-6.234860868696249,0.28429342738369057,80.00755735551141,"sa3020205"
"Termarr Johnson","PIT","AA",20,57,0.122807017,0.192982456,0.636363636,0.229166666,0.315789473,0.395833333,0.711622806,0.166666667,4.879951234361876,0.243243243,-0.1302748518064618,6.558902337672157,-0.13670653152282822,0.31569275579282213,95.93441526800751,"sa3020214"
"Mikey Romero","BOS","AA",20,74,0.027027027,0.337837837,0.08,0.242857142,0.256756756,0.542857142,0.799613898,0.3,1.92170329,0.268292682,-0.09277173317968845,10.23998768257753,1.547442834850707,0.34607554609711105,115.58885313405574,"sa3020216"
"Dylan O'Rae","MIL","AA",20,298,0.151006711,0.238255033,0.633802816,0.170731707,0.309764309,0.211382113,0.521146422,0.040650406,5.609886831757883,0.234285714,1.989164862781763,22.77624192781622,-10.048893824742487,0.2679070099837049,66.83831236431855,"sa3020220"
"Ryan Wrobleski","HOU","AA",24,137,0.06569343,0.262773722,0.25,0.20661157,0.299270072,0.264462809,0.563732881,0.057851239,5.103032262318772,0.285714285,0.8467626459896564,11.241460615110762,-5.318310401129357,0.27586988637047094,70.64305636107949,"sa3020239"
"Justin Crawford","PHI","AA",20,180,0.061111111,0.161111111,0.379310344,0.333333333,0.379888268,0.454545454,0.834433722,0.121212121,5.930877001767278,0.388059701,2.0893610808998346,29.627541885521786,8.483513877537625,0.38025067738314583,134.66718561176697,"sa3020240"
"Ryan McCarty","TOR","AA",25,286,0.062937062,0.258741258,0.243243243,0.24137931,0.304195804,0.394636015,0.698831819,0.153256705,3.9469534294437767,0.301675977,-1.6513742739334702,33.912583284979505,0.31707211673800734,0.3202639145034176,101.06043313585631,"sa3020244"
"Dalton Shuffield","MIN","AA",25,139,0.093525179,0.273381294,0.342105263,0.227642276,0.309352517,0.373983739,0.683336256,0.146341463,5.890777687880947,0.292682926,0.6546904863789678,15.844954661832686,-0.956564836396341,0.31689621433079673,90.25549882815113,"sa3020270"
"Ben Ross","MIN","AA",23,458,0.087336244,0.296943231,0.294117647,0.212195121,0.284463894,0.341463414,0.625927308,0.129268293,5.198623627754665,0.284644194,0.06822486594319344,42.91550450681942,-12.44489786864025,0.29083182983899275,73.45544337241778,"sa3020353"
"Matt Coutney","LAA","AA",24,114,0.087719298,0.368421052,0.238095238,0.194174757,0.265486725,0.252427184,0.517913909,0.058252427,0.59544334625,0.316666666,-0.3308607032522559,6.997552664507743,-5.559714032779817,0.2472216933965683,58.18634106763374,"sa3020413"
"Max Wagner","BAL","AA",22,72,0.097222222,0.402777777,0.24137931,0.109375,0.208333333,0.15625,0.364583333,0.046875,4.373066797813822,0.176470588,0.27011957950890064,1.1731923040913956,-7.284418899102269,0.18694690780507195,6.499543315803969,"sa3020415"
"Andrew Cossetti","MIN","AA",24,368,0.111413043,0.3125,0.356521739,0.192429022,0.298913043,0.34384858,0.642761623,0.151419558,5.200159003610479,0.270408163,-0.2162926821038127,37.73554981927727,-6.746170866681596,0.30218770597939903,80.77498506223807,"sa3020493"
"Xavier Isaac","TBR","AA",20,133,0.157894736,0.406015037,0.388888888,0.211009174,0.345864661,0.348623853,0.694488514,0.137614679,4.487593012833695,0.37735849,-0.6885001603513956,16.57792831941796,1.9277838392491422,0.3341841097164871,112.979210166768,"sa3020498"
"Kevin Parada","NYM","AA",22,454,0.099118942,0.337004405,0.294117647,0.213567839,0.303964757,0.359296482,0.663261239,0.145728643,1.9796685688335796,0.306382978,-1.393051976338029,49.36769311432322,-3.962244194703505,0.30744323798889095,96.40701063756218,"sa3020575"
"Joe Lampe","CLE","AA",23,406,0.08866995,0.192118226,0.461538461,0.249307479,0.322580645,0.360110803,0.682691448,0.110803324,7.271859747666838,0.306049822,1.4057647893205285,46.914683870552366,-0.776845969678573,0.3163248529801002,102.0249824115708,"sa3020642"
"Michael Turner","CHW","AA",25,385,0.129870129,0.2,0.649350649,0.218181818,0.324675324,0.281818181,0.606493505,0.063636363,4.626505113566169,0.276679841,-0.24255264829844236,37.48350906962558,-4.924803899284158,0.2966764844857253,88.9761243171356,"sa3020658"
"Andrew Pintar","ARI","AA",23,191,0.104712041,0.246073298,0.425531914,0.190184049,0.287234042,0.239263803,0.526497845,0.049079754,6.498519530502927,0.262711864,0.6156269637867808,13.396518163936507,-8.135658949060073,0.25961094841044,57.55029621379822,"sa3020715"
"Geisel Cepeda","TEX","AA",26,183,0.092896174,0.12568306,0.739130434,0.204968944,0.292817679,0.285714285,0.578531964,0.080745341,6.451888415538528,0.233576642,1.1878897566348314,15.311826882838659,-6.808159219146317,0.27794667172827114,67.56124839229362,"sa3020717"
"Gabriel Rincones Jr.","PHI","AA",23,258,0.116279069,0.255813953,0.454545454,0.263392857,0.356589147,0.486607142,0.843196289,0.223214285,6.20205650008649,0.324324324,0.5292825615033507,42.5822736395334,12.275833494756096,0.38083737695864006,135.05054577900535,"sa3020758"
"Jack Pineda","KCR","AA",24,155,0.083870967,0.238709677,0.351351351,0.234375,0.315068493,0.359375,0.674443493,0.125,5.084408630251273,0.3,0.025254029780626297,17.325793624112183,-1.4097137300280982,0.31405326846527726,91.01224997892318,"sa3020762"
"Nate Furman","CLE","AA",22,51,0.156862745,0.156862745,1,0.125,0.3,0.2,0.5,0.075,8.627371664481444,0.15625,0.2793967528268695,3.689775730794754,-2.3010322048007583,0.2600100338459015,65.22785593828338,"sa3020763"
"Guy Lipscomb","CLE","AA",23,79,0.151898734,0.164556962,0.923076923,0.272727272,0.379746835,0.409090909,0.788837744,0.136363637,5.563860944816767,0.320754716,0.9769534328952432,12.042286058661306,2.7624070996015906,0.36439638122727597,133.43579277855864,"sa3020764"
"Turner Hill","SFG","AA",25,222,0.108108108,0.139639639,0.774193548,0.265957446,0.363636363,0.324468085,0.688104448,0.058510639,6.500585286725142,0.314465408,0.9123059222474694,27.57417762968772,1.4965430865072546,0.3276055772196163,107.04834453449554,"sa3020943"
"Robert Brooks","TOR","AA",25,67,0.104477611,0.373134328,0.28,0.20338983,0.298507462,0.33898305,0.637490512,0.13559322,0.2531512525,0.3125,-0.14843477308750153,6.881187532684834,-0.9890895591759379,0.2995768385146981,87.5431216497728,"sa3022160"
"Cole Fontenelle","LAA","AA",22,89,0.123595505,0.258426966,0.478260869,0.277777777,0.404494382,0.416666666,0.821161048,0.138888889,7.324747608314199,0.375,1.617375297471881,14.641681104064977,4.838200963200128,0.38898534654231554,151.8748162341544,"sa3022429"
"Dakota Harris","STL","AA",22,168,0.053571428,0.244047619,0.219512195,0.233333333,0.299401197,0.313333333,0.61273453,0.08,4.583094305904712,0.309090909,-0.2139945700764656,15.478976494089554,-4.827895992978621,0.2888212225394335,73.91397218953189,"sa3022431"
"Brock Rodden","SEA","AA",24,266,0.067669172,0.278195488,0.243243243,0.208333333,0.261363636,0.341666666,0.603030302,0.133333333,6.074959612151811,0.271084337,-0.1355089694261551,21.358128617700874,-10.794419486823736,0.27360810843710665,78.49682582636129,"sa3022432"
"Mac McCroskey","LAA","AA",24,246,0.105691056,0.31300813,0.337662337,0.215962441,0.305785123,0.262910798,0.568695921,0.046948357,5.146456649279421,0.330882352,0.9409358818084002,20.666129161981292,-6.431130553218177,0.27832411980826005,78.74124946502457,"sa3022444"
"Johnny Olmstead","MIA","AA",23,96,0.072916666,0.166666666,0.4375,0.287356321,0.34375,0.459770114,0.803520114,0.172413793,5.7534363253394245,0.318840579,-0.5020444830879569,14.43535719493218,3.860816818268974,0.36954174873729545,135.51418759339623,"sa3022494"
"Jacob Gonzalez","CHW","AA",22,407,0.068796068,0.14004914,0.49122807,0.224657534,0.283950617,0.320547945,0.604498562,0.095890411,4.0057260020391094,0.248387096,-1.1190579738467932,36.03114732810733,-8.800497810454395,0.2845372366316525,80.95356285035909,"sa3022498"
"Brock Wilken","MIL","AA",22,471,0.133757961,0.282377919,0.47368421,0.199004975,0.31210191,0.363184079,0.675285989,0.164179104,2.3304711206913336,0.248031496,-1.321959231980145,54.36192455917659,2.4805858361727267,0.3214993780585611,102.2563277305995,"sa3022499"
"Will Simpson","OAK","AA",22,76,0.092105263,0.236842105,0.388888888,0.347826086,0.407894736,0.492753623,0.900648359,0.144927537,3.470667459285964,0.448979591,-0.04530372750014067,14.269809660699082,5.083367345120622,0.4116559099209936,154.35493941151935,"sa3022530"
"Jeron Williams","HOU","AA",23,154,0.064935064,0.175324675,0.37037037,0.204225352,0.266233766,0.352112676,0.618346442,0.147887324,8.560832544920498,0.232142857,1.2509218836203218,13.65398906631294,-4.960644046832888,0.28435801879152073,76.11416562261168,"sa3022566"
"Josh Rivera","CHC","AA",23,368,0.108695652,0.285326086,0.38095238,0.169230769,0.260869565,0.24,0.500869565,0.070769231,5.60621997545176,0.233944954,-0.0027041463181376457,22.020528872246107,-19.35647563940827,0.24532801625521286,53.280535346233,"sa3022590"
"Zach Arnold","PHI","AA",23,72,0.027777777,0.333333333,0.083333333,0.149253731,0.208333333,0.179104477,0.38743781,0.029850746,5.529068657756545,0.232558139,-0.1302748518064618,1.3505280548334369,-7.1070831483602275,0.19015726861026552,10.456696935862498,"sa3022593"
"RJ Schreck","SEA","AA",23,148,0.135135135,0.229729729,0.588235294,0.229508196,0.358108108,0.459016393,0.817124501,0.229508197,7.4509975306810725,0.273809523,0.042398761957883835,23.14444085832107,5.643498926119683,0.3700918571478656,135.57130643679483,"sa3022602"
"Brett Bateman","CHC","AA",22,128,0.1171875,0.2265625,0.517241379,0.241071428,0.330708661,0.25,0.580708661,0.008928572,4.88968261725835,0.325301204,-0.4849791070446372,11.534073664053855,-2.565313504830423,0.2867109287442185,81.0304648873551,"sa3022603"
"Mike Boeve","MIL","AA",22,289,0.093425605,0.169550173,0.551020408,0.305882352,0.373702422,0.447058823,0.820761245,0.141176471,4.0787678695769145,0.352941176,-0.9513952443376184,45.518734664279364,13.684962072032826,0.3793508134086239,140.48906682747946,"sa3022658"
"Andrew Pinckney","WSN","AA",23,487,0.073921971,0.266940451,0.276923076,0.258581235,0.327835051,0.366132723,0.693967774,0.107551488,5.8471881629734845,0.350993377,-0.4837997341528535,58.37704998043063,1.1707075366068107,0.32195222144274366,105.4344712272459,"sa3022670"
"Yohandy Morales","WSN","AA",22,282,0.109929078,0.244680851,0.449275362,0.269387755,0.361702127,0.383673469,0.745375596,0.114285714,3.4189042604417437,0.354651162,-1.2175745340064168,39.35946963880875,6.233825759633559,0.3476323392374296,122.21432698933477,"sa3022672"
"Phillip Glasser","WSN","AA",24,68,0.088235294,0.147058823,0.6,0.172413793,0.294117647,0.172413793,0.46653144,0,2.483973935329354,0.208333333,-0.8048866726458073,4.043727247616161,-3.944016666511189,0.2432192020556506,53.98888520650912,"sa3022680"
"Justin Wishkoski","SFG","AA",23,120,0.083333333,0.175,0.476190476,0.242718446,0.330508474,0.339805825,0.670314299,0.097087379,4.319146538871161,0.283950617,-0.3158183181658387,13.804292178453478,-0.29172649353596264,0.3156501413401911,99.2364454134109,"sa3022686"
"Jared Wegner","NYY","AA",24,358,0.117318435,0.293296089,0.4,0.210526315,0.315642458,0.342105263,0.657747721,0.131578948,5.025865004449042,0.289340101,-1.0740264216437936,39.15406130314757,-2.899061068287591,0.3082637179164247,97.0522013230724,"sa3022695"
"Pascanel Ferreras","HOU","AA",22,359,0.103064066,0.272980501,0.37755102,0.200636942,0.295264623,0.331210191,0.626474814,0.130573249,6.111621581441907,0.268867924,-0.47893419209867716,34.66906311632525,-8.724789400683536,0.2945175318664827,82.66257972831522,"sa3022702"
"Drew Ehrhard","BOS","AA",25,78,0.089743589,0.23076923,0.388888888,0.264705882,0.358974358,0.455882352,0.81485671,0.19117647,4.936850826562351,0.333333333,-0.5952150709927082,12.34821325371059,3.1858011169174536,0.3720559317332048,132.56490936177715,"sa3022748"
"Dominic Pitelli","CIN","AA",22,319,0.100313479,0.257053291,0.390243902,0.236559139,0.315286624,0.29032258,0.605609204,0.053763441,7.321986705921604,0.328282828,3.507410950958729,29.88162136983054,-5.2566950901232445,0.29160839528035204,77.88826710766409,"sa3022809"
"Cole Gabrielson","NYY","AA",23,52,0.153846153,0.288461538,0.533333333,0.255813953,0.384615384,0.348837209,0.733452593,0.093023256,7.172748710454655,0.392857142,0.032616457901895046,7.327835730027685,1.219560972165595,0.3493884996725963,123.92388125978752,"sa3022811"
"Austin Deming","HOU","AA",24,112,0.116071428,0.232142857,0.5,0.255319148,0.357142857,0.5,0.857142857,0.244680852,3.6663280349219733,0.269841269,0.2743147788569331,18.727694964347535,5.18977997296875,0.385259355285338,141.151114766252,"sa3022813"
"Matthew Etzel","TBR","AA",22,270,0.092592592,0.266666666,0.347222222,0.245833333,0.318518518,0.391666666,0.710185184,0.145833333,7.170835419931859,0.31707317,-0.3953870702534914,32.778564090315555,2.0866724796931457,0.3267090657386638,103.11391384100241,"sa3022815"
"Charles McAdoo","TOR","AA",22,261,0.103448275,0.275862068,0.375,0.22368421,0.314176245,0.399122807,0.713299052,0.175438597,6.020207132528232,0.286666666,0.4429751904681325,32.05772406011128,1.398883448534253,0.3256236353745827,103.71389786368734,"sa3022823"
"Jonathon Long","CHC","AA",22,200,0.175,0.165,1.06060606,0.339622641,0.455,0.528301886,0.983301886,0.188679245,2.1855400649999996,0.382113821,-0.9793476816266775,41.552886060636915,19.522593609255228,0.44843816577489654,187.9124328253634,"sa3022864"
"LuJames Groover","ARI","AA",22,55,0.09090909,0.163636363,0.555555555,0.34,0.4,0.6,1,0.26,3.8251244607552253,0.368421052,0.052817764692008495,11.80184281929209,5.153759564597153,0.4461056525057012,160.9968635744614,"sa3022887"
"Enrique Bradfield Jr.","BAL","AA",22,120,0.125,0.116666666,1.071428571,0.287128712,0.394957983,0.396039603,0.790997586,0.108910891,9.323529411764707,0.325581395,0.9902266934514046,18.816705821041925,4.720687149052483,0.3700948527881077,126.17173970168948,"sa3022917"
"Tre' Morgan","TBR","AA",21,91,0.131868131,0.186813186,0.705882352,0.210526315,0.322222222,0.342105263,0.664327485,0.131578948,5.208159752911903,0.24137931,-0.5032181665301323,10.2180875279446,0.19430446256593556,0.31719494064648945,101.75144261708527,"sa3022919"
"Brayden Taylor","TBR","AA",22,125,0.12,0.368,0.326086956,0.194444444,0.29032258,0.435185185,0.725507765,0.240740741,6.9158487785977965,0.263157894,-0.11645258869975805,15.558566200595754,1.789633418482202,0.3339400531784181,112.817918577572,"sa3022921"
"Cooper Ingle","CLE","AA",22,103,0.13592233,0.155339805,0.875,0.280898876,0.378640776,0.415730337,0.794371113,0.134831461,4.180282589959868,0.323943661,0.5124076390638947,15.98119734440672,3.882114650949118,0.36794597257688205,135.7551602883554,"sa3023069"
"Rikuu Nishida","CHW","AA",23,50,0.08,0,4,0.333333333,0.4,0.333333333,0.733333333,0,6.138074347535879,0.333333333,0.14971955493092537,6.90489134465954,1.3973182318141188,0.35267481446266175,125.98418689871296,"sa3023234"
"Sam Brown","LAA","AA",22,505,0.087128712,0.207920792,0.419047619,0.213636363,0.298210735,0.302272727,0.600483462,0.088636364,4.4600634905003425,0.266272189,-0.6013657888397574,45.88826210704817,-9.738226332690575,0.2877527276279912,84.97240865126231,"sa3023367"
"Matt Hogan","CHW","AA",24,185,0.124324324,0.383783783,0.323943661,0.173076923,0.29347826,0.262820512,0.556298772,0.089743589,6.897113750417394,0.305882352,0.6741439430043101,15.079462308707809,-5.298558208820248,0.2748903159214103,74.57812548443768,"sa3023375"
"David Mershon","LAA","AA",21,130,0.092307692,0.238461538,0.387096774,0.254385964,0.325581395,0.298245614,0.623827009,0.04385965,4.573051775262228,0.34117647,0.12473427969962358,12.840801936885688,-1.4788881565124048,0.29862240996471673,92.15594223744394,"sa3025335"
"Ray-Patrick Didder","SDP","AA",29,441,0.1292517,0.263038548,0.49137931,0.169444444,0.315192743,0.294444444,0.609637187,0.125,6.115407963267771,0.218487394,2.383684170432389,44.003060206770066,-9.302480071783899,0.298639655518694,91.17530513036462,"sa736824"
"Michael De La Cruz","SDP","AA",31,274,0.120437956,0.135036496,0.891891891,0.208510638,0.306273062,0.255319148,0.56159221,0.04680851,3.854625046798886,0.24120603,-0.3691162448376417,22.28006102771561,-10.83948100476463,0.2749188416998325,75.88582120883515,"sa736830"
"Robbie Tenerowicz","SEA","AA",29,466,0.075107296,0.184549356,0.406976744,0.234986945,0.354838709,0.37075718,0.725595889,0.135770235,3.2095789711051697,0.267123287,-0.9657730413600802,62.88616268234284,6.558766378927539,0.3438154796118377,120.75391495490466,"sa738999"
"Cristian Santana","LAD","AA",27,64,0.078125,0.28125,0.277777777,0.220338983,0.28125,0.322033898,0.603283898,0.101694915,4.267727118593452,0.3,-0.5686908485367894,5.526689239073026,-2.2092621845719935,0.2813935773447156,74.08535758358417,"sa829387"
"Rodolfo Duran","KCR","AA",26,243,0.053497942,0.205761316,0.26,0.28959276,0.333333333,0.515837104,0.849170437,0.226244344,5.041174163617583,0.329341317,-0.3004196071997285,38.91212338526344,9.539682823611253,0.3761654785631125,131.04728608153752,"sa877500"
"Bryan Torres","STL","AA",26,528,0.130681818,0.142045454,0.92,0.331096196,0.417624521,0.416107382,0.833731903,0.085011186,5.710100622387772,0.389333333,0.5696663903072476,89.41792479793479,25.59632555286338,0.3880090449227024,137.84645895500068,"sa885119"
"Juan Zabala","SDP","AA",24,209,0.076555023,0.263157894,0.29090909,0.22513089,0.287081339,0.314136125,0.601217464,0.089005235,2.423404961940263,0.298507462,-1.7668297467753291,18.16009809591054,-7.102618271930226,0.282081976176449,80.50289000943827,"sa913717"
"Donovan Casey","LAD","AA",28,98,0.071428571,0.31632653,0.225806451,0.16091954,0.25510204,0.183908045,0.439010085,0.022988505,6.758684299110691,0.25,0.7313033742830157,4.035843361920914,-7.809832255535522,0.22336683163837512,36.68364774889374,"sa915654"
"Ricardo Genoves","TBR","AA",25,108,0.111111111,0.268518518,0.413793103,0.215053763,0.308411214,0.462365591,0.770776805,0.247311828,1.60119047125,0.25,-0.26468856260180473,15.025738388720827,3.1293804649747186,0.3540897954290158,126.1344393116707,"sa916844"
"Miguel Hernandez","CIN","AA",25,193,0.025906735,0.150259067,0.172413793,0.194594594,0.21875,0.243243243,0.461993243,0.048648649,3.6030665542307085,0.224358974,-0.0632049785926938,7.65286365197664,-13.606368563606685,0.21735188892732063,28.8137780053263,"sa917055"
"Shervyen Newton","KCR","AA",25,62,0.112903225,0.419354838,0.269230769,0.148148148,0.245901639,0.24074074,0.486642379,0.092592592,3.546042030626414,0.259259259,0.08225421234965324,3.2314232246189687,-4.2627797170371435,0.23741691229773348,41.61553263288627,"sa917119"
"Ismael Munguia","SFG","AA",25,194,0.077319587,0.072164948,1.071428571,0.317365269,0.404145077,0.461077844,0.865222921,0.143712575,5.353698531753755,0.322147651,0.38652329985052347,34.296542050607435,11.507978530891167,0.39613806797812384,151.8287197313107,"sa917132"
"Leonel Valera","KCR","AA",24,290,0.044827586,0.24137931,0.185714285,0.241758241,0.280276816,0.329670329,0.609947145,0.087912088,8.958852226902096,0.320197044,1.750513881444931,25.010029494493324,-10.043500393898167,0.2812483727313243,69.86753168629427,"sa917320"
"Julio E. Rodriguez","DET","AA",27,104,0.048076923,0.211538461,0.227272727,0.18556701,0.240384615,0.278350515,0.51873513,0.092783505,2.07467532125,0.229729729,-0.16698911972343922,6.154319487286339,-6.062230028437843,0.24284064712432715,52.17195114565344,"sa917669"
"Lolo Sanchez","SEA","AA",25,133,0.09774436,0.17293233,0.565217391,0.206896551,0.297709923,0.267241379,0.564951302,0.060344828,5.145438852166999,0.258064516,-1.4079510504379869,10.63963964374198,-5.4366344085203275,0.2734492139051889,69.8143199964033,"sa917767"
"Andy Yerzy","MIL","AA",25,75,0.093333333,0.2,0.466666666,0.19402985,0.266666666,0.298507462,0.565174128,0.104477612,2.5328653244790176,0.215686274,-0.024985275231301785,5.8075855310519575,-2.4537741382161737,0.26928728421529136,67.75050519512847,"sa917939"
"Tyler Neslony","CHW","AA",30,144,0.048611111,0.194444444,0.25,0.225563909,0.263888888,0.285714285,0.549603173,0.060150376,4.063459741223116,0.277777777,-0.5538085121661425,9.924334321737215,-5.937476243257597,0.2575819421973493,63.13940261128781,"sa918131"
"Brady Whalen","SFG","AA",26,74,0.121621621,0.229729729,0.529411764,0.169230769,0.27027027,0.246153846,0.516424116,0.076923077,0.8336466087500001,0.212765957,-0.15771194640547037,4.8736008214572575,-3.8189440262695644,0.25155193580163493,57.35351278261639,"sa918278"
"Lyle Lin","ARI","AA",27,50,0.06,0.12,0.5,0.409090909,0.48,0.568181818,1.048181818,0.159090909,0.14285714,0.459459459,-0.1864308351650834,11.965534495015199,5.921822445292527,0.47787505984306333,181.47414763353052,"sa918343"
"Jim Haley","PHI","AA",29,68,0.102941176,0.308823529,0.333333333,0.220338983,0.323529411,0.322033898,0.645563309,0.101694915,6.933270881541036,0.324324324,0.22373371291905642,7.3702603385501275,-0.6174835755772226,0.30698282403104443,86.79263842022141,"sa918418"
"Brandon Martorano","SFG","AA",26,92,0.108695652,0.347826086,0.3125,0.215189873,0.304347826,0.316455696,0.620803522,0.101265823,2.8810129340658053,0.333333333,-1.0234410222619772,8.85570408965916,-1.9512435588660784,0.2911740515543067,83.24332343824359,"sa918686"
"Eli Wilson","PIT","AA",25,75,0.093333333,0.266666666,0.35,0.164179104,0.24,0.313432835,0.553432835,0.149253731,4.412213992455231,0.177777777,0.06044797785580158,5.21792872009628,-3.5920829498971205,0.256391483147939,57.18588578519661,"sa918961"
"Matt Fraizer","PIT","AA",26,218,0.091743119,0.270642201,0.33898305,0.239583333,0.31797235,0.364583333,0.682555683,0.125,5.760413874337023,0.315384615,0.260740683414042,24.86249328095784,-0.7452739731563128,0.31436282285937556,95.0654129147121,"sa918983"
"Luis Santana","DET","AA",24,115,0.095652173,0.191304347,0.5,0.164948453,0.269565217,0.216494845,0.486060062,0.051546392,3.511140308137902,0.205128205,-0.2508781049400568,6.569812112805245,-6.938872447851303,0.2401720580847367,50.428246559458536,"sa921577"
"Lazaro Armenteros","OAK","AA",25,64,0.15625,0.375,0.416666666,0.269230769,0.40625,0.365384615,0.771634615,0.096153846,4.931242065567073,0.481481481,-0.26869664061814547,9.996347105549338,2.2603956819043187,0.3711052453145385,128.21760958623562,"sa969091"