Name,Team,Level,Age,PA,BABIP,GB/FB,LD%,GB%,FB%,IFFB%,HR/FB,Pull%,Cent%,Oppo%,SwStr%,Balls,Strikes,Pitches,PlayerId
"Derek Dietrich","NYY","AA",32,77,0.34375,0.148148148,0.184210526,0.105263157,0.710526315,0.185185185,0.259259259,0.35,0.45,0.2,0.14375,121,199,320,"10542"
"Webster Rivas","SDP","AA",31,246,0.318181818,1.511111111,0.270967741,0.438709677,0.29032258,0.266666666,0.022222222,0.45751634,0.18300654,0.35947712,0.08960915,404,645,1049,"14636"
"Brandon Dixon","SDP","AA",30,114,0.393939393,0.621621621,0.210526315,0.302631578,0.486842105,0.081081081,0.27027027,0.40789474,0.38157895,0.21052632,0.13865546,200,276,476,"15214"
"Abiatal Avelino","LAD","AA",27,230,0.246987951,1.254237288,0.19879518,0.445783132,0.355421686,0.27118644,0.118644067,0.52046784,0.19298246,0.28654971,0.13161132,284,529,813,"15496"
"Raudy Read","CHW","AA",28,329,0.325123152,1.179487179,0.209302325,0.427906976,0.362790697,0.256410256,0.217948717,0.50917431,0.29357798,0.19724771,0.11990408,521,730,1251,"15766"
"Taylor Gushue","WSN","AA",28,77,0.243902439,0.541666666,0.212765957,0.276595744,0.510638297,0.416666666,0.25,0.46808511,0.14893617,0.38297872,0.09803922,132,174,306,"16098"
"Domingo Leyba","SDP","AA",26,444,0.287096774,0.874015748,0.242038216,0.353503184,0.404458598,0.291338582,0.078740157,0.5875,0.159375,0.253125,0.06332454,774,1121,1895,"16404"
"Johneshwy Fargas","NYM","AA",27,155,0.241758241,0.857142857,0.152173913,0.391304347,0.456521739,0.404761904,0.071428571,0.51578947,0.28421053,0.2,0.12335526,231,377,608,"16446"
"John Nogowski","WSN","AA",29,132,0.193548387,0.82051282,0.260416666,0.333333333,0.40625,0.23076923,0.102564102,0.43298969,0.25773196,0.30927835,0.05152672,216,308,524,"16852"
"Jakson Reetz","MIL","AA",26,273,0.313868613,0.644736842,0.193548387,0.316129032,0.49032258,0.315789473,0.289473684,0.59119497,0.18867925,0.22012579,0.1371179,433,712,1145,"17837"
"Corey Ray","MIL","AA",27,170,0.291666666,0.851063829,0.163461538,0.384615384,0.451923076,0.127659574,0.170212765,0.375,0.27884615,0.34615385,0.1751938,226,419,645,"19170"
"Andruw Monasterio","MIL","AA",25,188,0.336,0.877192982,0.189393939,0.378787878,0.431818181,0.157894736,0.140350877,0.3880597,0.32835821,0.28358209,0.07529723,300,457,757,"19455"
"Andrew Young","WSN","AA",28,258,0.284615384,0.74137931,0.273381294,0.309352517,0.417266187,0.206896551,0.189655172,0.42253521,0.26056338,0.31690141,0.15764482,408,645,1053,"19521"
"Simon Muzziotti","PHI","AA",23,165,0.29090909,1.113636363,0.17699115,0.433628318,0.38938053,0.159090909,0.113636363,0.4,0.23478261,0.36521739,0.07165109,238,404,642,"19553"
"Chuckie Robinson","CIN","AA",27,126,0.34939759,2.285714285,0.178571428,0.571428571,0.25,0.095238095,0.142857142,0.52325581,0.25581395,0.22093023,0.12179487,169,299,468,"19824"
"Sandro Fabian","TEX","AA",24,271,0.277173913,0.873417721,0.233160621,0.357512953,0.409326424,0.354430379,0.151898734,0.55612245,0.21428571,0.22959184,0.11742424,352,704,1056,"19910"
"Blake Perkins","NYY","AA",25,283,0.287425149,0.731707317,0.197740112,0.33898305,0.463276836,0.170731707,0.146341463,0.44692737,0.24581006,0.30726257,0.12028095,445,694,1139,"19921"
"Aaron Whitefield","LAA","AA",25,346,0.344827586,0.95,0.23902439,0.370731707,0.390243902,0.1875,0.1125,0.41037736,0.25471698,0.33490566,0.15406562,511,891,1402,"19938"
"Ryan Aguilar","LAA","AA",27,364,0.367816091,1.231884057,0.167567567,0.459459459,0.372972972,0.20289855,0.217391304,0.42328042,0.28571429,0.29100529,0.12874043,620,817,1437,"19967"
"Jorge Ona","SDP","AA",25,280,0.338129496,1.156862745,0.225352112,0.415492957,0.359154929,0.156862745,0.156862745,0.42857143,0.24489796,0.32653061,0.1655814,390,685,1075,"20040"
"Irving Lopez","STL","AA",27,177,0.292682926,1.133333333,0.219512195,0.414634146,0.365853658,0.222222222,0.044444444,0.504,0.248,0.248,0.07580175,249,437,686,"20463"
"Jack Larsen","SEA","AA",27,528,0.330357142,1.269565217,0.232352941,0.429411764,0.338235294,0.173913043,0.086956521,0.46242775,0.21965318,0.31791908,0.09906817,832,1207,2039,"20510"
"Mickey McDonald","OAK","AA",27,73,0.413043478,1.285714285,0.304347826,0.391304347,0.304347826,0.142857142,0.071428571,0.34042553,0.25531915,0.40425532,0.08680556,117,171,288,"20533"
"Jose Devers","MIA","AA",22,255,0.251336898,1.093333333,0.164893617,0.436170212,0.39893617,0.173333333,0.026666666,0.45789474,0.18421053,0.35789474,0.11713666,298,624,922,"20540"
"CJ Alexander","KCR","AA",25,490,0.291411042,0.695652173,0.201754385,0.32748538,0.470760233,0.248447204,0.155279503,0.45689655,0.24137931,0.30172414,0.1318328,621,1245,1866,"20557"
"Logan Porter","KCR","AA",26,327,0.379888268,0.946666666,0.219251336,0.379679144,0.401069518,0.213333333,0.133333333,0.42105263,0.24210526,0.33684211,0.08982925,581,766,1347,"20626"
"Leo Rivas","CIN","AA",24,197,0.237037037,0.839285714,0.258992805,0.338129496,0.402877697,0.089285714,0.089285714,0.44680851,0.23404255,0.31914894,0.09448819,266,496,762,"21009"
"Trey Cabbage","LAA","AA",25,136,0.47368421,1.555555555,0.313432835,0.417910447,0.268656716,0.166666666,0.555555555,0.48529412,0.23529412,0.27941176,0.18671454,231,326,557,"21078"
"Hayden Senger","NYM","AA",25,297,0.35582822,0.632911392,0.213414634,0.304878048,0.481707317,0.240506329,0.063291139,0.33333333,0.30952381,0.35714286,0.16606498,377,731,1108,"21489"
"Brandon Lockridge","NYY","AA",25,464,0.290780141,1.086206896,0.165517241,0.434482758,0.4,0.198275862,0.120689655,0.45454545,0.27946128,0.26599327,0.16656822,578,1115,1693,"21496"
"Connor Kaiser","SDP","AA",25,207,0.258928571,1.733333333,0.293103448,0.448275862,0.258620689,0.166666666,0.233333333,0.51639344,0.18852459,0.29508197,0.13553114,325,494,819,"21535"
"Coco Montes","COL","AA",25,60,0.333333333,0.933333333,0.194444444,0.388888888,0.416666666,0.2,0,0.41666667,0.25,0.33333333,0.08502024,101,146,247,"21547"
"Cesar Salazar","HOU","AA",26,351,0.288702928,0.612612612,0.29527559,0.267716535,0.437007874,0.153153153,0.144144144,0.52941176,0.25882353,0.21176471,0.0984375,469,811,1280,"21587"
"Griffin Conine","MIA","AA",24,496,0.308056872,1.146067415,0.173160173,0.441558441,0.385281385,0.08988764,0.269662921,0.42194093,0.30801688,0.27004219,0.18068068,808,1190,1998,"21626"
"Luis De Los Santos","TOR","AA",24,449,0.320132013,1.844444444,0.174193548,0.53548387,0.29032258,0.177777777,0.111111111,0.42811502,0.20447284,0.36741214,0.13956311,560,1088,1648,"21682"
"Miguel Amaya","CHC","AA",23,116,0.343283582,1,0.117647058,0.44117647,0.44117647,0.233333333,0.133333333,0.36231884,0.33333333,0.30434783,0.12227074,165,293,458,"21693"
"Enmanuel Valdez","HOU","AA",23,205,0.4375,0.954545454,0.289256198,0.347107438,0.363636363,0.204545454,0.25,0.49180328,0.2295082,0.27868852,0.10414201,348,497,845,"21716"
"Jair Camargo","MIN","AA",22,196,0.3,0.926829268,0.281818181,0.345454545,0.372727272,0.268292682,0.292682926,0.35714286,0.28571429,0.35714286,0.19060052,254,512,766,"21730"
"Sebastian Rivero","KCR","AA",23,178,0.25,0.736842105,0.161016949,0.355932203,0.483050847,0.280701754,0.087719298,0.52459016,0.21311475,0.26229508,0.13991163,248,431,679,"21735"
"Esteury Ruiz","SDP","AA",23,232,0.39849624,0.69090909,0.330935251,0.273381294,0.395683453,0.218181818,0.163636363,0.52777778,0.25694444,0.21527778,0.10684274,351,482,833,"21780"
"Andres Chaparro","NYY","AA",23,271,0.299401197,0.804597701,0.151351351,0.378378378,0.47027027,0.298850574,0.218390804,0.52406417,0.20320856,0.27272727,0.11392405,387,640,1027,"21797"
"Carlos Cortes","NYM","AA",25,374,0.306666666,0.614754098,0.165254237,0.31779661,0.516949152,0.163934426,0.090163934,0.38818565,0.28270042,0.32911392,0.10661529,590,967,1557,"21842"
"Bo Naylor","CLE","AA",22,220,0.333333333,0.821428571,0.19047619,0.365079365,0.444444444,0.178571428,0.107142857,0.42063492,0.3015873,0.27777778,0.07181719,423,496,919,"21865"
"Jerar Encarnacion","MIA","AA",24,136,0.448717948,1.2,0.223529411,0.423529411,0.352941176,0.133333333,0.266666666,0.30232558,0.25581395,0.44186047,0.16453382,178,369,547,"21871"
"Christopher Morel","CHC","AA",23,122,0.366197183,0.93548387,0.210526315,0.381578947,0.407894736,0.129032258,0.225806451,0.48717949,0.30769231,0.20512821,0.14798206,172,274,446,"21897"
"Dane Myers","DET","AA",26,442,0.314606741,1.227722772,0.21875,0.430555555,0.350694444,0.178217821,0.247524752,0.42857143,0.2755102,0.29591837,0.12205189,567,1129,1696,"22054"
"Jeremiah Jackson","LAA","AA",22,351,0.23853211,0.948979591,0.162280701,0.407894736,0.429824561,0.224489795,0.142857142,0.5193133,0.20600858,0.27467811,0.14785142,521,852,1373,"22239"
"Jack Suwinski","PIT","AA",23,57,0.44117647,0.866666666,0.222222222,0.361111111,0.416666666,0.266666666,0.2,0.48648649,0.27027027,0.24324324,0.11934156,99,144,243,"22244"
"Joe Perez","HOU","AA",22,284,0.342541436,1.745098039,0.23076923,0.489010989,0.28021978,0.176470588,0.117647058,0.41176471,0.24064171,0.34759358,0.09931507,430,738,1168,"22254"
"Livan Soto","LAA","AA",22,543,0.344632768,1.139534883,0.218130311,0.416430594,0.365439093,0.224806201,0.046511627,0.44657534,0.23561644,0.31780822,0.09090909,812,1256,2068,"22471"
"Johnathan Rodriguez","CLE","AA",22,113,0.283333333,0.851851851,0.23076923,0.353846153,0.415384615,0.185185185,0.185185185,0.4,0.26153846,0.33846154,0.1803653,140,298,438,"22530"
"George Valera","CLE","AA",21,387,0.331797235,1.156626506,0.207964601,0.424778761,0.367256637,0.228915662,0.180722891,0.48051948,0.24675325,0.27272727,0.1237911,648,903,1551,"22541"
"Michael Siani","CIN","AA",22,531,0.288515406,1.192857142,0.156593406,0.458791208,0.384615384,0.307142857,0.085714285,0.51219512,0.20325203,0.28455285,0.07747834,801,1277,2078,"22557"
"Tirso Ornelas","SDP","AA",22,492,0.341880341,2,0.258426966,0.494382022,0.247191011,0.227272727,0.079545454,0.4178273,0.26462396,0.31754875,0.07692308,745,1231,1976,"22566"
"Jordan Diaz","OAK","AA",21,407,0.347540983,2.075949367,0.231012658,0.518987341,0.25,0.11392405,0.189873417,0.37735849,0.28301887,0.33962264,0.11263538,481,904,1385,"22650"
"Maikel Garcia","KCR","AA",22,369,0.344827586,1.506329113,0.232558139,0.46124031,0.30620155,0.126582278,0.050632911,0.33085502,0.2527881,0.41635688,0.05319914,553,838,1391,"22715"
"Steward Berroa","TOR","AA",23,60,0.243243243,1.466666666,0,0.594594594,0.405405405,0.333333333,0.066666666,0.41025641,0.23076923,0.35897436,0.13761468,71,147,218,"22766"
"Alexander Canario","CHC","AA",22,350,0.269035532,0.989247311,0.151376146,0.422018348,0.426605504,0.247311827,0.258064516,0.55405405,0.23873874,0.20720721,0.12659123,545,869,1414,"22842"
"Wenceel Perez","DET","AA",22,171,0.328,0.872340425,0.307086614,0.322834645,0.37007874,0.14893617,0.106382978,0.53076923,0.21538462,0.25384615,0.07692308,241,396,637,"22857"
"Tucupita Marcano","PIT","AA",22,122,0.378378378,1.034482758,0.213333333,0.4,0.386666666,0.172413793,0.068965517,0.41558442,0.27272727,0.31168831,0.0831643,209,284,493,"22871"
"Lenyn Sosa","CHW","AA",22,289,0.339712918,1.024096385,0.229357798,0.389908256,0.380733944,0.13253012,0.168674698,0.41176471,0.27149321,0.31674208,0.08640777,376,654,1030,"22896"
"Israel Pineda","WSN","AA",22,103,0.275362318,1.142857142,0.2,0.426666666,0.373333333,0.071428571,0.25,0.42105263,0.31578947,0.26315789,0.11352657,153,261,414,"22906"
"Yainer Diaz","HOU","AA",23,267,0.345177664,2.12,0.231527093,0.522167487,0.246305418,0.1,0.18,0.44444444,0.22222222,0.33333333,0.12525667,343,631,974,"23003"
"Jacob Amaya","LAD","AA",23,216,0.267123287,0.919354838,0.222222222,0.372549019,0.405228758,0.193548387,0.14516129,0.44805195,0.19480519,0.35714286,0.07217695,366,493,859,"23296"
"Nelson Velazquez","CHC","AA",23,94,0.368421052,0.346153846,0.255319148,0.191489361,0.553191489,0.269230769,0.346153846,0.63829787,0.21276596,0.14893617,0.17380353,164,233,397,"23359"
"Hunter Feduccia","LAD","AA",25,170,0.26,1,0.25,0.375,0.375,0.153846153,0.205128205,0.46666667,0.25714286,0.27619048,0.0988024,285,383,668,"23372"
"Eric Wagaman","NYY","AA",24,58,0.341463414,1.066666666,0.279069767,0.372093023,0.348837209,0.2,0.266666666,0.35555556,0.37777778,0.26666667,0.105,64,136,200,"23395"
"Jose Caballero","SEA","AA",25,134,0.273972602,0.694444444,0.175675675,0.337837837,0.486486486,0.388888888,0.055555555,0.47297297,0.21621622,0.31081081,0.0625,275,317,592,"23401"
"Luis Vazquez","CHC","AA",22,358,0.285123966,1.284090909,0.172839506,0.465020576,0.362139917,0.284090909,0.09090909,0.40873016,0.24603175,0.3452381,0.09933775,451,908,1359,"23442"
"Chandler Seagle","SDP","AA",26,275,0.286585365,1.953488372,0.225609756,0.512195121,0.262195121,0.186046511,0.069767441,0.4619883,0.25730994,0.28070175,0.12049336,390,664,1054,"23552"
"Chris Roller","CLE","AA",25,301,0.274193548,0.893333333,0.236559139,0.360215053,0.403225806,0.253333333,0.053333333,0.49222798,0.23316062,0.2746114,0.11922754,447,744,1191,"23557"
"Davis Schneider","TOR","AA",23,190,0.356521739,0.524590163,0.218487394,0.268907563,0.512605042,0.147540983,0.098360655,0.46280992,0.25619835,0.28099174,0.11649215,285,479,764,"23565"
"Brayan Rocchio","CLE","AA",21,432,0.301754385,1.105263157,0.186440677,0.427118644,0.386440677,0.175438596,0.114035087,0.46488294,0.24080268,0.29431438,0.11696265,598,1035,1633,"23690"
"Jose Tena","CLE","AA",21,550,0.332432432,2.06060606,0.194148936,0.542553191,0.263297872,0.101010101,0.131313131,0.40104167,0.22395833,0.375,0.13636364,694,1418,2112,"23691"
"Everson Pereira","NYY","AA",21,123,0.38028169,1.48,0.173333333,0.493333333,0.333333333,0.12,0.2,0.53947368,0.18421053,0.27631579,0.15138593,165,304,469,"23695"
"Ronny Mauricio","NYM","AA",21,541,0.292817679,1.136054421,0.175853018,0.438320209,0.385826771,0.231292517,0.176870748,0.45897436,0.25897436,0.28205128,0.14885892,638,1290,1928,"23698"
"Ezequiel Duran","TEX","AA",23,200,0.359154929,0.671875,0.262068965,0.296551724,0.44137931,0.296875,0.109375,0.40268456,0.25503356,0.34228188,0.13762811,242,441,683,"23733"
"Wilyer Abreu","BOS","AA",23,579,0.325259515,0.666666666,0.262295081,0.295081967,0.44262295,0.162962962,0.14074074,0.42394822,0.29773463,0.27831715,0.10839574,1070,1467,2537,"23772"
"Jordyn Adams","LAA","AA",22,236,0.350364963,1.326086956,0.230215827,0.43884892,0.330935251,0.130434782,0.086956521,0.42553191,0.29078014,0.28368794,0.14898178,344,589,933,"23788"
"Blaze Alexander","ARI","AA",23,363,0.382775119,1.714285714,0.233183856,0.484304932,0.28251121,0.095238095,0.269841269,0.41921397,0.28384279,0.29694323,0.16968818,519,860,1379,"23789"
"Will Banfield","MIA","AA",22,126,0.307692307,1.055555555,0.177777777,0.422222222,0.4,0.111111111,0.083333333,0.41489362,0.15957447,0.42553191,0.12839506,120,285,405,"23790"
"Parker Meadows","DET","AA",22,489,0.308868501,0.821917808,0.210682492,0.356083086,0.433234421,0.205479452,0.109589041,0.3819242,0.31195335,0.30612245,0.09655881,767,1180,1947,"23800"
"Jorge Barrosa","ARI","AA",21,510,0.313953488,1.113636363,0.186588921,0.428571428,0.38483965,0.151515151,0.09090909,0.45856354,0.22928177,0.3121547,0.06341694,826,1287,2113,"23968"
"Osleivis Basabe","TBR","AA",21,259,0.368932038,1.965517241,0.156862745,0.558823529,0.284313725,0.224137931,0,0.31884058,0.2173913,0.46376812,0.05801688,347,601,948,"23985"
"Curtis Mead","TBR","AA",21,246,0.341772151,1.045454545,0.171779141,0.423312883,0.404907975,0.166666666,0.151515151,0.41176471,0.25294118,0.33529412,0.11181435,359,589,948,"23986"
"Ezequiel Tovar","COL","AA",20,295,0.377659574,1.012987012,0.217171717,0.393939393,0.388888888,0.194805194,0.168831168,0.38613861,0.26237624,0.35148515,0.15194682,371,682,1053,"24064"
"Jhonkensy Noel","CLE","AA",20,278,0.271084337,1.046875,0.242774566,0.387283236,0.369942196,0.140625,0.203125,0.51123596,0.25842697,0.23033708,0.13653484,393,669,1062,"24257"
"Ceddanne Rafaela","BOS","AA",21,313,0.310185185,0.896907216,0.167420814,0.393665158,0.438914027,0.175257731,0.12371134,0.43859649,0.21929825,0.34210526,0.13996479,355,781,1136,"24262"
"Liover Peguero","PIT","AA",21,521,0.315934065,1.046979865,0.164383561,0.42739726,0.408219178,0.308724832,0.067114093,0.44591029,0.2585752,0.29551451,0.13209549,634,1251,1885,"24273"
"Johan Rojas","PHI","AA",21,264,0.304812834,1.439393939,0.148148148,0.502645502,0.349206349,0.348484848,0.06060606,0.43229167,0.26041667,0.30729167,0.08489526,308,599,907,"24336"
"Jose Rodriguez","CHW","AA",21,484,0.307692307,1.649122807,0.168044077,0.517906336,0.314049586,0.324561403,0.096491228,0.3844086,0.19623656,0.41935484,0.10238908,635,1123,1758,"24388"
"J.P. Martinez","TEX","AA",26,301,0.349112426,1.193548387,0.218390804,0.425287356,0.356321839,0.29032258,0.14516129,0.47752809,0.26966292,0.25280899,0.12520458,486,736,1222,"24451"
"Tyler Cropley","KCR","AA",26,107,0.185714285,0.589743589,0.138888888,0.319444444,0.541666666,0.256410256,0.051282051,0.52777778,0.23611111,0.23611111,0.11405836,140,237,377,"24485"
"Max Schuemann","OAK","AA",25,367,0.376237623,1.051282051,0.22705314,0.396135265,0.376811594,0.217948717,0.102564102,0.48611111,0.23148148,0.28240741,0.12133606,604,863,1467,"24488"
"DaShawn Keirsey Jr.","MIN","AA",25,468,0.343949044,2.066666666,0.269841269,0.492063492,0.238095238,0.16,0.093333333,0.41486068,0.19195046,0.39318885,0.14060677,592,1122,1714,"24496"
"Jonathan Ornelas","TEX","AA",22,580,0.364795918,1.862745098,0.260759493,0.481012658,0.258227848,0.25490196,0.137254901,0.39608802,0.2591687,0.34474328,0.10999544,817,1374,2191,"24597"
"Addison Barger","TOR","AA",22,198,0.389830508,0.854545454,0.196850393,0.37007874,0.433070866,0.254545454,0.163636363,0.45238095,0.22222222,0.32539683,0.11610487,305,496,801,"24598"
"Michael Helman","MIN","AA",26,166,0.317757009,1.205128205,0.232142857,0.419642857,0.348214285,0.23076923,0.153846153,0.4159292,0.30973451,0.27433628,0.08371385,267,390,657,"24605"
"Willie MacIver","COL","AA",25,396,0.283842794,1.040816326,0.159663865,0.428571428,0.411764705,0.193877551,0.153061224,0.44489796,0.26938776,0.28571429,0.15631131,566,963,1529,"24641"
"Jonah Bride","OAK","AA",26,87,0.316666666,1.428571428,0.203125,0.46875,0.328125,0.19047619,0.19047619,0.453125,0.21875,0.328125,0.03296703,146,218,364,"24703"
"Logan O'Hoppe","PHI","AA",22,447,0.288973384,0.809160305,0.147482014,0.381294964,0.471223021,0.183206106,0.198473282,0.50865052,0.28027682,0.21107266,0.075054,796,1056,1852,"24729"
"Mickey Gasper","NYY","AA",26,270,0.314102564,0.77027027,0.191358024,0.351851851,0.456790123,0.135135135,0.108108108,0.45454545,0.27878788,0.26666667,0.05327511,505,640,1145,"24759"
"Bryan Lavastida","CLE","AA",23,191,0.23015873,1.355555555,0.184615384,0.469230769,0.346153846,0.133333333,0.111111111,0.40458015,0.24427481,0.35114504,0.1438646,267,442,709,"24765"
"James Outman","LAD","AA",25,307,0.386075949,0.857142857,0.303571428,0.321428571,0.375,0.158730158,0.253968253,0.45294118,0.23529412,0.31176471,0.12026359,490,724,1214,"24770"
"Andy Pages","LAD","AA",21,571,0.271341463,0.56,0.213256484,0.282420749,0.504322766,0.262857142,0.148571428,0.45868946,0.22792023,0.31339031,0.11890505,894,1444,2338,"24816"
"Justin Dean","ATL","AA",25,322,0.346590909,1.215384615,0.167630057,0.456647398,0.375722543,0.076923076,0.046153846,0.44067797,0.24293785,0.31638418,0.13557994,517,759,1276,"25005"
"Nate Eaton","KCR","AA",25,159,0.309090909,1.022727272,0.19090909,0.409090909,0.4,0.295454545,0.09090909,0.43965517,0.26724138,0.29310345,0.11295681,211,391,602,"25055"
"Levi Jordan","CHC","AA",26,101,0.347826086,1.185185185,0.202702702,0.432432432,0.364864864,0.111111111,0.222222222,0.44,0.2,0.36,0.0923913,146,222,368,"25138"
"Daniel Schneemann","CLE","AA",25,436,0.255319148,1.319587628,0.193548387,0.458781362,0.34767025,0.237113402,0.06185567,0.4604811,0.17525773,0.36426117,0.10169492,643,1068,1711,"25180"
"Endy Rodriguez","PIT","AA",22,138,0.377777777,0.777777777,0.183673469,0.357142857,0.459183673,0.088888888,0.177777777,0.39795918,0.30612245,0.29591837,0.0907441,202,349,551,"25332"
"Ronny Simon","TBR","AA",22,159,0.275862068,1.063829787,0.204918032,0.409836065,0.385245901,0.319148936,0.14893617,0.47154472,0.24390244,0.28455285,0.12755102,212,376,588,"25346"
"Austin Shenton","TBR","AA",24,228,0.319327731,0.5625,0.186991869,0.292682926,0.520325203,0.046875,0.125,0.4015748,0.26771654,0.33070866,0.16386555,369,583,952,"25425"
"Will Wilson","SFG","AA",23,219,0.271929824,1.117647058,0.129032258,0.459677419,0.411290322,0.156862745,0.235294117,0.43650794,0.32539683,0.23809524,0.15029586,344,501,845,"25434"
"Greg Jones","TBR","AA",24,358,0.369565217,1.92,0.197802197,0.527472527,0.274725274,0.08,0.16,0.48958333,0.21354167,0.296875,0.16164384,522,938,1460,"25448"
"Will Robertson","TOR","AA",24,340,0.271356783,0.943181818,0.177884615,0.399038461,0.423076923,0.261363636,0.136363636,0.52132701,0.27014218,0.20853081,0.14869888,471,874,1345,"25467"
"Cam Eden","TOR","AA",24,306,0.31210191,0.63095238,0.169696969,0.321212121,0.509090909,0.19047619,0.119047619,0.52694611,0.23353293,0.23952096,0.17665615,462,806,1268,"25476"
"Isaac Collins","COL","AA",24,448,0.277580071,1.119266055,0.17204301,0.437275985,0.390681003,0.19266055,0.045871559,0.39041096,0.24657534,0.3630137,0.09529277,715,1027,1742,"25477"
"Brenton Doyle","COL","AA",24,507,0.314189189,1.24137931,0.166666666,0.461538461,0.371794871,0.163793103,0.198275862,0.46394984,0.26959248,0.26645768,0.1854928,590,1216,1806,"25479"
"TJ Hopkins","CIN","AA",25,425,0.326530612,0.879629629,0.197628458,0.375494071,0.42687747,0.129629629,0.157407407,0.44486692,0.27756654,0.27756654,0.13679809,646,1028,1674,"25482"
"Nick Sogard","BOS","AA",24,235,0.300653594,0.984615384,0.178343949,0.407643312,0.414012738,0.184615384,0.061538461,0.43949045,0.25477707,0.30573248,0.07717042,393,540,933,"25483"
"Joey Ortiz","BAL","AA",23,485,0.298245614,1.268907563,0.221902017,0.435158501,0.342939481,0.201680672,0.12605042,0.4273743,0.22067039,0.35195531,0.07466667,667,1208,1875,"25493"
"Cade Marlowe","SEA","AA",25,518,0.369127516,1.112068965,0.214743589,0.413461538,0.371794871,0.137931034,0.172413793,0.46855346,0.27987421,0.25157233,0.14401213,758,1221,1979,"25505"
"Aaron Schunk","COL","AA",24,497,0.311926605,0.950354609,0.181547619,0.398809523,0.419642857,0.19858156,0.09929078,0.41470588,0.25588235,0.32941176,0.13087819,570,1195,1765,"25524"
"Jake Alu","WSN","AA",25,325,0.322727272,1.037037037,0.269911504,0.371681415,0.358407079,0.135802469,0.111111111,0.41991342,0.26406926,0.31601732,0.09341998,454,777,1231,"25569"
"Kyle McCann","OAK","AA",24,430,0.328502415,1.373333333,0.205357142,0.459821428,0.334821428,0.2,0.266666666,0.48898678,0.24229075,0.26872247,0.1752988,707,1050,1757,"25575"
"Bryan Ramos","CHW","AA",20,86,0.241935483,0.696969696,0.125,0.359375,0.515625,0.212121212,0.09090909,0.53846154,0.26153846,0.2,0.14242424,119,211,330,"25621"
"Drew Millas","WSN","AA",24,169,0.298969072,1.846153846,0.252525252,0.484848484,0.262626262,0.346153846,0.115384615,0.47,0.17,0.36,0.12861272,255,437,692,"25643"
"Will Brennan","CLE","AA",24,157,0.319327731,1.139534883,0.226890756,0.411764705,0.361344537,0.232558139,0.093023255,0.39837398,0.25203252,0.3495935,0.07936508,242,388,630,"25660"
"Cam Devanney","MIL","AA",25,459,0.288659793,0.805755395,0.179738562,0.366013071,0.454248366,0.17266187,0.143884892,0.46623794,0.25723473,0.27652733,0.13633704,631,1078,1709,"25688"
"Dustin Harris","TEX","AA",22,382,0.278688524,0.663716814,0.271317829,0.290697674,0.437984496,0.21238938,0.150442477,0.51330798,0.20912548,0.27756654,0.11350294,556,977,1533,"25705"
"Blaine Crim","TEX","AA",25,531,0.304347826,0.986111111,0.260981912,0.366925064,0.372093023,0.243055555,0.166666666,0.42602041,0.22959184,0.34438776,0.1059322,726,1162,1888,"25714"
"Pedro Pages","STL","AA",23,167,0.325,1.178571428,0.282352941,0.388235294,0.329411764,0.178571428,0.214285714,0.49425287,0.2183908,0.28735632,0.13480055,287,440,727,"25782"
"Blake Sabol","PIT","AA",24,412,0.354581673,1.06,0.207692307,0.407692307,0.384615384,0.21,0.14,0.37735849,0.29056604,0.33207547,0.13065977,582,964,1546,"25805"
"Jared Triolo","PIT","AA",24,495,0.333333333,0.843971631,0.228486646,0.353115727,0.418397626,0.092198581,0.063829787,0.37719298,0.27777778,0.34502924,0.07848233,767,1157,1924,"25807"
"Grae Kessinger","HOU","AA",24,500,0.247457627,0.798507462,0.204620462,0.353135313,0.442244224,0.328358208,0.119402985,0.52884615,0.2275641,0.24358974,0.10860861,802,1196,1998,"25813"
"C.J. Stubbs","HOU","AA",25,158,0.265625,0.722222222,0.162162162,0.351351351,0.486486486,0.277777777,0.305555555,0.48,0.21333333,0.30666667,0.15186246,272,426,698,"25814"
"Andre Lipcius","DET","AA",24,372,0.294605809,1,0.204819277,0.397590361,0.397590361,0.171717171,0.09090909,0.41434263,0.26294821,0.32270916,0.07741523,637,926,1563,"25822"
"Logan Davidson","OAK","AA",24,484,0.332142857,1.782051282,0.246527777,0.482638888,0.270833333,0.179487179,0.179487179,0.46938776,0.2755102,0.25510204,0.14753189,668,1135,1803,"25844"
"Michael Toglia","COL","AA",23,420,0.285714285,0.897959183,0.211864406,0.372881355,0.415254237,0.163265306,0.234693877,0.49583333,0.26666667,0.2375,0.1375,692,1068,1760,"25845"
"Matt Gorski","PIT","AA",24,159,0.375,1.027027027,0.184782608,0.413043478,0.402173913,0.189189189,0.162162162,0.48421053,0.26315789,0.25263158,0.16396104,232,384,616,"25855"
"Corbin Carroll","ARI","AA",21,277,0.379310344,1.327272727,0.204968944,0.453416149,0.341614906,0.163636363,0.29090909,0.47530864,0.22839506,0.2962963,0.08711111,484,641,1125,"25878"
"Michael Harris II","ATL","AA",21,196,0.363636363,1.24,0.17037037,0.459259259,0.37037037,0.18,0.1,0.34532374,0.20863309,0.44604317,0.11560694,237,455,692,"25931"
"Kerry Carpenter","DET","AA",24,262,0.346938775,0.816901408,0.22754491,0.347305389,0.4251497,0.253521126,0.309859154,0.44970414,0.26627219,0.28402367,0.12320917,369,678,1047,"25961"
"Orelvis Martinez","TOR","AA",20,492,0.217228464,0.646666666,0.159863945,0.329931972,0.510204081,0.24,0.2,0.50671141,0.25838926,0.23489933,0.17098731,669,1144,1813,"25967"
"Nasim Nunez","MIA","AA",21,171,0.342592592,1.964285714,0.216981132,0.518867924,0.264150943,0.107142857,0,0.44545455,0.25454545,0.3,0.08071135,283,448,731,"25979"
"Vaughn Grissom","ATL","AA",21,98,0.405405405,1.458333333,0.22368421,0.460526315,0.315789473,0.25,0.125,0.53246753,0.15584416,0.31168831,0.11661808,110,233,343,"26031"
"Maverick Handley","BAL","AA",24,308,0.27027027,1.108108108,0.195876288,0.422680412,0.381443298,0.256756756,0.148648648,0.41025641,0.23589744,0.35384615,0.1130137,459,709,1168,"26106"
"Francisco Alvarez","NYM","AA",20,296,0.309523809,0.843373493,0.163934426,0.382513661,0.453551912,0.168674698,0.216867469,0.52688172,0.26344086,0.20967742,0.16131907,435,687,1122,"26121"
"Brett Baty","NYM","AA",22,394,0.390134529,1.383561643,0.265822784,0.426160337,0.308016877,0.04109589,0.260273972,0.43153527,0.28215768,0.28630705,0.1302682,595,971,1566,"26123"
"Troy Johnston","MIA","AA",25,376,0.337254901,0.941747572,0.23076923,0.373076923,0.396153846,0.233009708,0.097087378,0.44569288,0.22846442,0.3258427,0.11241734,514,847,1361,"26143"
"Tristin English","ARI","AA",25,269,0.320224719,1.306451612,0.209944751,0.447513812,0.342541436,0.241935483,0.096774193,0.39459459,0.24324324,0.36216216,0.08608059,421,671,1092,"26148"
"Dominic Fletcher","ARI","AA",24,142,0.385416666,1.193548387,0.333333333,0.362745098,0.303921568,0.064516129,0.225806451,0.32038835,0.25242718,0.42718447,0.09352518,189,367,556,"26149"
"Jake Mangum","NYM","AA",26,158,0.345794392,1.073170731,0.205607476,0.411214953,0.38317757,0.170731707,0.048780487,0.44545455,0.26363636,0.29090909,0.10963455,211,391,602,"26202"
"Tyler Fitzgerald","SFG","AA",24,519,0.309701492,0.520833333,0.220640569,0.266903914,0.512455516,0.25,0.145833333,0.5,0.23103448,0.26896552,0.16831683,706,1314,2020,"26208"
"Darell Hernaiz","BAL","AA",20,59,0.135135135,1.5,0.142857142,0.514285714,0.342857142,0.25,0.083333333,0.55263158,0.21052632,0.23684211,0.14354067,70,139,209,"26224"
"John Rave","KCR","AA",24,461,0.332075471,1.27,0.177536231,0.460144927,0.36231884,0.21,0.14,0.4787234,0.25177305,0.26950355,0.11347869,788,1230,2018,"26284"
"Gunnar Henderson","BAL","AA",21,208,0.35042735,1.088888888,0.229508196,0.401639344,0.368852459,0.111111111,0.177777777,0.472,0.296,0.232,0.0840046,399,470,869,"26289"
"Oliver Dunn","NYY","AA",24,77,0.526315789,1.2,0.175,0.45,0.375,0,0.133333333,0.475,0.3,0.225,0.12195122,135,193,328,"26295"
"Michael Busch","LAD","AA",24,137,0.354838709,0.766666666,0.273972602,0.315068493,0.410958904,0.066666666,0.366666666,0.40277778,0.31944444,0.27777778,0.12302285,251,318,569,"26319"
"Spencer Steer","MIN","AA",24,156,0.317757009,0.537037037,0.265486725,0.256637168,0.477876106,0.222222222,0.148148148,0.47826087,0.23478261,0.28695652,0.09630819,242,381,623,"26323"
"Jonny DeLuca","LAD","AA",23,119,0.292682926,1.29032258,0.202247191,0.449438202,0.348314606,0.129032258,0.225806451,0.51111111,0.27777778,0.21111111,0.10757946,139,270,409,"26365"
"Kameron Misner","TBR","AA",24,510,0.356275303,0.814159292,0.205426356,0.356589147,0.437984496,0.17699115,0.14159292,0.45801527,0.2519084,0.29007634,0.14337241,928,1290,2218,"26374"
"Kyren Paris","LAA","AA",20,51,0.5,0.666666666,0.2,0.32,0.48,0.166666666,0.25,0.52,0.32,0.16,0.16981132,87,125,212,"26420"
"Dominic Canzone","ARI","AA",24,63,0.372093023,1.157894736,0.145833333,0.458333333,0.395833333,0.210526315,0.315789473,0.46938776,0.28571429,0.24489796,0.09090909,87,144,231,"26438"
"Matt Wallner","MIN","AA",24,342,0.406896551,0.589041095,0.296969696,0.26060606,0.442424242,0.150684931,0.287671232,0.48192771,0.28313253,0.23493976,0.16382979,601,809,1410,"26466"
"Spencer Horwitz","TOR","AA",24,281,0.347058823,1.389830508,0.198863636,0.46590909,0.335227272,0.152542372,0.169491525,0.5,0.21666667,0.28333333,0.09711286,481,662,1143,"26477"
"Angel Martinez","CLE","AA",20,103,0.265625,0.888888888,0.227272727,0.363636363,0.409090909,0.148148148,0.111111111,0.42857143,0.25714286,0.31428571,0.07532468,146,239,385,"26540"
"Luisangel Acuna","TEX","AA",20,169,0.274336283,1.666666666,0.228070175,0.48245614,0.289473684,0.212121212,0.09090909,0.42241379,0.17241379,0.40517241,0.13179572,232,375,607,"26548"
"Elly De La Cruz","CIN","AA",20,207,0.420168067,0.979166666,0.246031746,0.373015873,0.38095238,0.125,0.166666666,0.421875,0.234375,0.34375,0.13992298,285,494,779,"26668"
"Austin Martin","MIN","AA",23,406,0.280141843,1.717948717,0.242857142,0.478571428,0.278571428,0.23076923,0.025641025,0.46478873,0.21126761,0.32394366,0.07242525,636,869,1505,"27462"
"Dillon Dingler","DET","AA",23,448,0.334763948,0.851485148,0.22406639,0.356846473,0.419087136,0.227722772,0.138613861,0.43319838,0.2388664,0.32793522,0.1437061,712,1139,1851,"27464"
"Tyler Soderstrom","OAK","AA",20,147,0.305263157,1.5625,0.203883495,0.485436893,0.310679611,0.125,0.25,0.45192308,0.25961538,0.28846154,0.10869565,195,357,552,"27467"
"Zach DeLoach","SEA","AA",23,499,0.324137931,1.054054054,0.245033112,0.387417218,0.367549668,0.126126126,0.126126126,0.45065789,0.23684211,0.3125,0.13203685,805,1149,1954,"27471"
"Jordan Walker","STL","AA",20,536,0.365269461,1.44859813,0.231671554,0.454545454,0.313782991,0.186915887,0.177570093,0.45892351,0.25212465,0.28895184,0.16432657,719,1204,1923,"27475"
"Masyn Winn","STL","AA",20,403,0.308300395,1.009615384,0.180392156,0.411764705,0.407843137,0.317307692,0.10576923,0.51685393,0.16479401,0.31835206,0.08803472,622,991,1613,"27479"
"Robert Hassell III","WSN","AA",20,122,0.319444444,2,0.28169014,0.478873239,0.239436619,0.117647058,0.058823529,0.34246575,0.21917808,0.43835616,0.1487069,182,282,464,"27482"
"Nick Gonzales","PIT","AA",23,316,0.367469879,0.654761904,0.182352941,0.323529411,0.494117647,0.107142857,0.083333333,0.49425287,0.24137931,0.26436782,0.15996785,515,729,1244,"27490"
"Justin Foscue","TEX","AA",23,460,0.307692307,0.897058823,0.229850746,0.364179104,0.405970149,0.330882352,0.110294117,0.52631579,0.21345029,0.26023392,0.07118451,688,1068,1756,"27501"
"David Hamilton","BOS","AA",24,531,0.312312312,0.692771084,0.173529411,0.338235294,0.488235294,0.26506024,0.072289156,0.46153846,0.20797721,0.33048433,0.08429119,786,1302,2088,"27531"
"Edouard Julien","MIN","AA",23,508,0.39312977,1.739130434,0.312727272,0.436363636,0.25090909,0.04347826,0.246376811,0.42348754,0.26690391,0.30960854,0.07349564,977,1200,2177,"27534"
"Garrett Mitchell","MIL","AA",23,187,0.378378378,2.833333333,0.178571428,0.607142857,0.214285714,0.25,0.166666666,0.43478261,0.26956522,0.29565217,0.13850416,265,457,722,"27555"
"Austin Wells","NYY","AA",22,247,0.3006993,0.735294117,0.22368421,0.328947368,0.447368421,0.132352941,0.176470588,0.4516129,0.2516129,0.29677419,0.12486884,381,572,953,"27562"
"Gage Workman","DET","AA",22,515,0.359073359,0.880733944,0.24074074,0.355555555,0.403703703,0.082568807,0.128440366,0.43223443,0.23443223,0.33333333,0.1800288,686,1397,2083,"27573"
"Casey Schmitt","SFG","AA",23,127,0.431818181,1.3,0.241758241,0.428571428,0.329670329,0.266666666,0.1,0.41758242,0.26373626,0.31868132,0.12446352,154,312,466,"27577"
"Jacob Hurtubise","CIN","AA",24,194,0.330434782,2.517241379,0.120689655,0.629310344,0.25,0.103448275,0.034482758,0.33898305,0.16949153,0.49152542,0.06353591,306,418,724,"27599"
"Nick Loftin","KCR","AA",23,425,0.287625418,1.079646017,0.221854304,0.403973509,0.374172185,0.194690265,0.10619469,0.46518987,0.22468354,0.31012658,0.08586526,612,902,1514,"27630"
"Anthony Volpe","NYY","AA",21,497,0.271604938,0.484210526,0.155688622,0.275449101,0.568862275,0.231578947,0.094736842,0.47230321,0.2361516,0.29154519,0.08952959,769,1208,1977,"27647"
"Christian Koss","BOS","AA",24,532,0.323529411,1.328125,0.14367816,0.488505747,0.367816091,0.2734375,0.1328125,0.42134831,0.25,0.32865169,0.14748381,675,1332,2007,"27653"
"Michael Massey","KCR","AA",24,248,0.35582822,0.632911392,0.222891566,0.301204819,0.475903614,0.215189873,0.11392405,0.47674419,0.27906977,0.24418605,0.10967742,333,597,930,"27684"
"Joey Wiemer","MIL","AA",23,374,0.318840579,1.13483146,0.128440366,0.463302752,0.40825688,0.213483146,0.168539325,0.55605381,0.23318386,0.21076233,0.20435393,503,921,1424,"27690"
"Eric Yang","CIN","AA",24,130,0.226666666,1.384615384,0.184210526,0.47368421,0.342105263,0.076923076,0.076923076,0.53246753,0.27272727,0.19480519,0.11334552,210,337,547,"27698"
"Brett Wisely","TBR","AA",23,500,0.329073482,0.680981595,0.156923076,0.341538461,0.501538461,0.116564417,0.092024539,0.43636364,0.25454545,0.30909091,0.12165705,760,1147,1907,"27735"
"Zac Veen","COL","AA",20,141,0.253012048,2,0.158536585,0.560975609,0.280487804,0.130434782,0.04347826,0.52941176,0.27058824,0.2,0.15025042,219,380,599,"27770"
"Tyler Gentry","KCR","AA",23,331,0.361809045,1.011764705,0.204651162,0.4,0.395348837,0.2,0.188235294,0.43518519,0.29166667,0.27314815,0.09495549,549,799,1348,"27784"
"Shay Whitcomb","HOU","AA",23,506,0.292857142,1.112149532,0.223367697,0.408934707,0.367697594,0.233644859,0.177570093,0.52,0.24666667,0.23333333,0.16717635,664,1298,1962,"27789"
"Jordan Westburg","BAL","AA",23,209,0.310344827,1.238095238,0.235772357,0.422764227,0.341463414,0.19047619,0.214285714,0.472,0.304,0.224,0.1235012,324,510,834,"27815"
"Matt Mervis","CHC","AA",24,230,0.321917808,0.564102564,0.2375,0.275,0.4875,0.205128205,0.179487179,0.49375,0.2875,0.21875,0.12110312,294,540,834,"27845"
"Coby Mayo","BAL","AA",20,145,0.364864864,1.222222222,0.2,0.44,0.36,0.259259259,0.185185185,0.53164557,0.27848101,0.18987342,0.11256117,223,390,613,"28312"
"Bryce Teodosio","LAA","AA",23,425,0.3,1.253521126,0.203980099,0.442786069,0.35323383,0.169014084,0.197183098,0.4754902,0.28431373,0.24019608,0.19400245,589,1045,1634,"29524"
"Tim Tawa","ARI","AA",23,246,0.242038216,1.782608695,0.184713375,0.522292993,0.29299363,0.239130434,0.108695652,0.50920245,0.16564417,0.32515337,0.1197411,365,562,927,"29571"
"Trey Sweeney","NYY","AA",22,50,0.258064516,2.666666666,0.3125,0.5,0.1875,0.333333333,0.333333333,0.41176471,0.26470588,0.32352941,0.07834101,92,125,217,"29575"
"Colton Cowser","BAL","AA",22,224,0.446428571,1.228571428,0.3553719,0.3553719,0.289256198,0.057142857,0.285714285,0.3442623,0.30327869,0.35245902,0.0962963,408,537,945,"29591"
"Connor Norby","BAL","AA",22,296,0.322222222,1,0.264248704,0.367875647,0.367875647,0.14084507,0.239436619,0.3857868,0.31472081,0.29949239,0.11558669,458,684,1142,"29592"
"Justyn-Henry Malloy","ATL","AA",22,238,0.354330708,1.418604651,0.20610687,0.465648854,0.328244274,0.186046511,0.139534883,0.52985075,0.23880597,0.23134328,0.09689558,467,596,1063,"29606"
"Henry Davis","PIT","AA",22,136,0.243902439,0.972972972,0.14117647,0.423529411,0.435294117,0.378378378,0.108108108,0.53488372,0.24418605,0.22093023,0.1047619,191,334,525,"29617"
"Sal Frelick","MIL","AA",22,253,0.351063829,1.446153846,0.167539267,0.492146596,0.340314136,0.184615384,0.076923076,0.42487047,0.24352332,0.33160622,0.06496273,349,590,939,"29622"
"Will Wagner","HOU","AA",23,298,0.301587301,1.93877551,0.234042553,0.505319148,0.260638297,0.224489795,0.122448979,0.40306122,0.19387755,0.40306122,0.0879397,468,726,1194,"29634"
"Matt McLain","CIN","AA",22,452,0.3,0.813084112,0.191666666,0.3625,0.445833333,0.196261682,0.158878504,0.47983871,0.23387097,0.28629032,0.11128445,801,1122,1923,"29695"
"Colson Montgomery","CHW","AA",20,52,0.15625,1.9,0.147058823,0.558823529,0.294117647,0.1,0.2,0.5,0.17647059,0.32352941,0.0861244,67,142,209,"29712"
"Zack Gelof","OAK","AA",22,402,0.35775862,1.222222222,0.25,0.4125,0.3375,0.111111111,0.160493827,0.47346939,0.26530612,0.26122449,0.13285024,635,1021,1656,"29766"
"Niko Kavadas","BOS","AA",23,100,0.41025641,0.6,0.219512195,0.292682926,0.487804878,0.25,0.1,0.51219512,0.24390244,0.24390244,0.15164835,189,266,455,"29782"
"Brett Harris","OAK","AA",24,360,0.326530612,1.532467532,0.226190476,0.468253968,0.305555555,0.35064935,0.129870129,0.50775194,0.19767442,0.29457364,0.08598962,507,842,1349,"29788"
"Kyle Manzardo","TBR","AA",21,122,0.333333333,0.52173913,0.156626506,0.289156626,0.554216867,0.108695652,0.108695652,0.47674419,0.18604651,0.3372093,0.08669355,187,309,496,"29794"
"Darren Baker","WSN","AA",23,191,0.345323741,1.717948717,0.237410071,0.482014388,0.280575539,0.102564102,0.025641025,0.33333333,0.23404255,0.43262411,0.05343511,293,493,786,"29912"
"Jordan Lawlar","ARI","AA",19,97,0.259259259,1.8125,0.210526315,0.508771929,0.280701754,0.25,0.25,0.51724138,0.15517241,0.32758621,0.12060302,162,236,398,"29976"
"Christian Encarnacion-Strand","MIN","AA",22,208,0.375,0.903846153,0.287769784,0.338129496,0.374100719,0.173076923,0.23076923,0.43971631,0.34042553,0.21985816,0.1568895,225,508,733,"30011"
"Tristan Peters","SFG","AA",22,149,0.27,1.44117647,0.17,0.49,0.34,0.294117647,0.029411764,0.49019608,0.20588235,0.30392157,0.10207337,245,382,627,"30063"
"Oscar Colas","CHW","AA",23,225,0.355072463,1.36,0.218543046,0.450331125,0.331125827,0.12,0.28,0.44078947,0.25,0.30921053,0.16550117,293,565,858,"30162"
"Cesar Prieto","BAL","AA",23,389,0.294117647,1.714285714,0.1875,0.513157894,0.299342105,0.164835164,0.043956043,0.40064103,0.26602564,0.33333333,0.08339223,447,968,1415,"30163"
"Zach Neto","LAA","AA",21,136,0.388888888,1.466666666,0.204301075,0.473118279,0.322580645,0.266666666,0.133333333,0.45744681,0.25531915,0.28723404,0.11047619,201,324,525,"31347"
"Juan Centeno","ARI","AA",32,337,0.333333333,1.02173913,0.256,0.376,0.368,0.195652173,0.152173913,0.40392157,0.28627451,0.30980392,0.09127302,446,803,1249,"7168"
"Anthony Prato","MIN","AA",24,356,0.373333333,1.232876712,0.278761061,0.398230088,0.323008849,0.178082191,0.04109589,0.44541485,0.27510917,0.27947598,0.07363254,572,854,1426,"sa1052903"
"Marty Bechina","OAK","AA",25,315,0.335365853,1.09375,0.216374269,0.409356725,0.374269005,0.375,0.109375,0.4619883,0.28070175,0.25730994,0.13200307,470,833,1303,"sa1053075"
"Shane Selman","OAK","AA",25,306,0.277108433,0.683544303,0.222222222,0.315789473,0.461988304,0.278481012,0.139240506,0.49431818,0.25568182,0.25,0.15121951,446,784,1230,"sa1115804"
"Carter Bins","PIT","AA",23,51,0.208333333,1,0.166666666,0.416666666,0.416666666,0.4,0.1,0.4,0.32,0.28,0.14141414,69,129,198,"sa1115884"
"Nick Kahle","MIL","AA",24,82,0.282608695,0.75,0.16,0.36,0.48,0.208333333,0.166666666,0.54,0.22,0.24,0.1257485,128,206,334,"sa1115979"
"Quincy McAfee","CIN","AA",24,301,0.286549707,0.805194805,0.201149425,0.356321839,0.442528735,0.181818181,0.077922077,0.38418079,0.25988701,0.3559322,0.1123506,493,762,1255,"sa1159899"
"Ivan Johnson","CIN","AA",23,197,0.39090909,1,0.254545454,0.372727272,0.372727272,0.097560975,0.097560975,0.48695652,0.16521739,0.34782609,0.19090909,256,514,770,"sa1169627"
"LJ Talley","TOR","AA",25,101,0.196721311,0.741935483,0.15625,0.359375,0.484375,0.129032258,0.129032258,0.42424242,0.27272727,0.3030303,0.09589041,170,268,438,"sa1169773"
"Ryan Ward","LAD","AA",24,506,0.280757097,1.00729927,0.18879056,0.407079646,0.404129793,0.182481751,0.204379562,0.43148688,0.28279883,0.28571429,0.13361839,677,1194,1871,"sa1169792"
"Simon Whiteman","SFG","AA",25,96,0.259259259,1.333333333,0.207547169,0.452830188,0.339622641,0.277777777,0,0.59259259,0.24074074,0.16666667,0.11306533,146,252,398,"sa1169809"
"Cody Milligan","ATL","AA",23,313,0.331818181,1.428571428,0.220183486,0.458715596,0.321100917,0.085714285,0.014285714,0.38356164,0.23287671,0.38356164,0.0995671,426,729,1155,"sa1169818"
"Aaron Shackelford","PIT","AA",25,443,0.282786885,0.872881355,0.172284644,0.38576779,0.441947565,0.186440677,0.220338983,0.53136531,0.23247232,0.23616236,0.15344224,617,1097,1714,"sa1169950"
"Matt Lloyd","CIN","AA",26,86,0.25,0.863636363,0.145833333,0.395833333,0.458333333,0.136363636,0.09090909,0.44,0.26,0.3,0.14480874,147,219,366,"sa1169978"
"Toby Welk","BAL","AA",25,160,0.294736842,0.725,0.288659793,0.298969072,0.412371134,0.275,0.1,0.54545455,0.13131313,0.32323232,0.12366412,218,437,655,"sa1170296"
"Jake Means","KCR","AA",26,430,0.272357723,1,0.253012048,0.373493975,0.373493975,0.311827956,0.118279569,0.47876448,0.22779923,0.29343629,0.1199284,639,1037,1676,"sa1170316"
"Terence Doston","MIL","AA",21,130,0.379746835,1.48,0.225,0.4625,0.3125,0.12,0.08,0.37804878,0.23170732,0.3902439,0.10833333,155,325,480,"sa1170340"
"Anthony Mulrine","LAA","AA",24,169,0.22,0.782608695,0.154639175,0.37113402,0.474226804,0.326086956,0.02173913,0.45098039,0.29411765,0.25490196,0.16242038,219,409,628,"sa1170373"
"Elvis Peralta","ARI","AA",25,50,0.285714285,2.125,0.074074074,0.629629629,0.296296296,0.5,0,0.39285714,0.14285714,0.46428571,0.16666667,70,134,204,"sa1170420"
"Bryce Ball","CHC","AA",23,562,0.329608938,1.248,0.228021978,0.428571428,0.343406593,0.208,0.088,0.47154472,0.24390244,0.28455285,0.10678277,881,1301,2182,"sa1170451"
"Hill Alexander","TBR","AA",26,103,0.278688524,0.545454545,0.163934426,0.295081967,0.540983606,0.272727272,0.06060606,0.41269841,0.26984127,0.31746032,0.16326531,138,254,392,"sa1170495"
"Alex Isola","MIN","AA",23,247,0.314465408,0.706666666,0.233532934,0.317365269,0.449101796,0.28,0.133333333,0.49112426,0.19526627,0.31360947,0.07324517,392,591,983,"sa1170516"
"Josh Bissonette","PIT","AA",25,53,0.195121951,1.266666666,0.15,0.475,0.375,0.2,0,0.26829268,0.26829268,0.46341463,0.04424779,88,138,226,"sa1170619"
"Chandler Redmond","STL","AA",25,372,0.282828282,1.011111111,0.165898617,0.419354838,0.414746543,0.166666666,0.233333333,0.47945205,0.28310502,0.23744292,0.17627119,557,918,1475,"sa1170749"
"Dylan Shockley","PIT","AA",25,82,0.294117647,1.545454545,0.151515151,0.515151515,0.333333333,0.09090909,0,0.41176471,0.17647059,0.41176471,0.18530351,115,198,313,"sa1170874"
"Eric Rodriguez","CLE","AA",23,162,0.257425742,1.46875,0.233009708,0.456310679,0.310679611,0.375,0.0625,0.51428571,0.21904762,0.26666667,0.13322632,213,410,623,"sa185525"
"Tanner Kirwer","SEA","AA",26,362,0.328638497,1.126582278,0.214953271,0.41588785,0.369158878,0.278481012,0.063291139,0.49321267,0.22171946,0.28506787,0.1400722,528,857,1385,"sa3002831"
"Yunior Severino","MIN","AA",22,160,0.348314606,2.666666666,0.206185567,0.577319587,0.216494845,0.095238095,0.38095238,0.47959184,0.24489796,0.2755102,0.15421304,233,396,629,"sa3003185"
"David Garcia","TEX","AA",22,262,0.293413173,1.224137931,0.23668639,0.420118343,0.343195266,0.206896551,0.086206896,0.42528736,0.21264368,0.36206897,0.14006179,340,631,971,"sa3003197"
"Daniel Ozoria","MIN","AA",21,68,0.333333333,2.222222222,0.292682926,0.487804878,0.219512195,0.222222222,0,0.36363636,0.25,0.38636364,0.12643678,84,177,261,"sa3003218"
"Rafael Lantigua","TOR","AA",24,368,0.326771653,1.548780487,0.17063492,0.503968253,0.325396825,0.170731707,0.060975609,0.47490347,0.21621622,0.30888031,0.11294766,570,882,1452,"sa3003219"
"Johan Lopez","TBR","AA",21,77,0.212765957,1.533333333,0.173913043,0.5,0.326086956,0.066666666,0.066666666,0.6122449,0.18367347,0.20408163,0.16393443,104,201,305,"sa3003228"
"Luis Mieses","CHW","AA",22,102,0.351351351,1.111111111,0.259740259,0.389610389,0.35064935,0.259259259,0.111111111,0.49350649,0.23376623,0.27272727,0.12032086,109,265,374,"sa3003274"
"Diego Infante","TBR","AA",22,163,0.389473684,1.851851851,0.17204301,0.537634408,0.29032258,0.074074074,0.074074074,0.34020619,0.31958763,0.34020619,0.13829787,255,403,658,"sa3003280"
"Marcos Gonzalez","CLE","AA",22,146,0.311111111,1.29032258,0.202247191,0.449438202,0.348314606,0.225806451,0.096774193,0.35106383,0.25531915,0.39361702,0.1451049,188,384,572,"sa3003311"
"Sebastian Espino","TOR","AA",22,380,0.285714285,0.86419753,0.17032967,0.384615384,0.445054945,0.271604938,0.172839506,0.5026455,0.23809524,0.25925926,0.24513096,483,1006,1489,"sa3003347"
"Kenneth Betancourt","LAD","AA",22,87,0.328125,3.25,0.19047619,0.619047619,0.19047619,0.083333333,0,0.4,0.15384615,0.44615385,0.13898305,81,214,295,"sa3003350"
"Jose Alvarez","HOU","AA",22,107,0.37704918,2,0.225806451,0.516129032,0.258064516,0.125,0.0625,0.32258065,0.27419355,0.40322581,0.15925059,148,279,427,"sa3003377"
"Trey Hair","TEX","AA",27,258,0.256410256,0.970588235,0.220930232,0.38372093,0.395348837,0.19117647,0.25,0.44,0.25714286,0.30285714,0.17880086,341,593,934,"sa3003436"
"Chase Pinder","STL","AA",26,268,0.326530612,1.06557377,0.176470588,0.424836601,0.39869281,0.180327868,0.163934426,0.5477707,0.15923567,0.29299363,0.07583774,504,630,1134,"sa3003961"
"Ryan Grotjohn","KCR","AA",27,84,0.264705882,0.238095238,0.277777777,0.138888888,0.583333333,0.285714285,0.095238095,0.47222222,0.16666667,0.36111111,0.17827298,131,228,359,"sa3003964"
"Alex Destino","CHW","AA",26,265,0.355555555,1.441860465,0.244604316,0.446043165,0.309352517,0.186046511,0.116279069,0.46428571,0.24285714,0.29285714,0.14924039,480,639,1119,"sa3004031"
"Austin Beck","OAK","AA",23,76,0.347826086,1,0.391304347,0.304347826,0.304347826,0.285714285,0.071428571,0.4893617,0.21276596,0.29787234,0.11186441,104,191,295,"sa3004055"
"Marcus Chiu","MIA","AA",25,97,0.254545454,1.4,0.157894736,0.49122807,0.350877192,0.2,0.15,0.55172414,0.24137931,0.20689655,0.17955801,133,229,362,"sa3004060"
"Connor Hoover","SEA","AA",25,277,0.226993865,1,0.180722891,0.409638554,0.409638554,0.294117647,0.073529411,0.53254438,0.23076923,0.23668639,0.12021371,437,686,1123,"sa3004061"
"Jancarlos Cintron","ARI","AA",27,164,0.341463414,1.621621621,0.224,0.48,0.296,0.27027027,0.108108108,0.47692308,0.2,0.32307692,0.0976431,187,407,594,"sa3004065"
"Jeisson Rosario","NYY","AA",22,433,0.284132841,1.122641509,0.187725631,0.429602888,0.38267148,0.198113207,0.103773584,0.44522968,0.25088339,0.30388693,0.11130952,714,966,1680,"sa3004146"
"Agustin Ruiz","SDP","AA",22,91,0.307692307,0.68,0.222222222,0.314814814,0.462962962,0.2,0.08,0.37037037,0.27777778,0.35185185,0.12215909,147,205,352,"sa3004149"
"Blake Hunt","TBR","AA",23,302,0.311557788,0.59047619,0.16080402,0.311557788,0.52763819,0.142857142,0.047619047,0.37560976,0.23414634,0.3902439,0.14866033,394,763,1157,"sa3004153"
"Cody Bohanek","NYM","AA",26,83,0.3,0.888888888,0.15,0.4,0.45,0.444444444,0,0.475,0.175,0.35,0.10541311,155,196,351,"sa3004157"
"Jake Scheiner","SEA","AA",26,568,0.286127167,0.858974358,0.198895027,0.370165745,0.430939226,0.243589743,0.134615384,0.48501362,0.19346049,0.32152589,0.12138229,920,1395,2315,"sa3004160"
"Tyreque Reed","BOS","AA",25,187,0.278350515,1.733333333,0.203883495,0.504854368,0.291262135,0.166666666,0.2,0.32038835,0.24271845,0.4368932,0.14341591,297,470,767,"sa3004163"
"Angel Lopez","CLE","AA",25,50,0.259259259,1.111111111,0.296296296,0.37037037,0.333333333,0.333333333,0,0.53571429,0.21428571,0.25,0.15343915,61,128,189,"sa3004167"
"JJ Muno","CHW","AA",28,331,0.308080808,1.308823529,0.211055276,0.44723618,0.341708542,0.264705882,0.058823529,0.5,0.21,0.29,0.11574074,490,806,1296,"sa3004176"
"Dylan Rosa","DET","AA",26,141,0.352941176,0.818181818,0.310344827,0.310344827,0.379310344,0.181818181,0.318181818,0.5,0.25862069,0.24137931,0.24617997,217,372,589,"sa3004285"
"Brent Diaz","MIL","AA",26,202,0.32,0.666666666,0.198473282,0.320610687,0.48091603,0.19047619,0.111111111,0.43181818,0.24242424,0.32575758,0.13580247,262,467,729,"sa3004297"
"Demetrius Sims","MIA","AA",26,102,0.448275862,2.214285714,0.224137931,0.534482758,0.24137931,0,0.071428571,0.42372881,0.23728814,0.33898305,0.14795918,148,244,392,"sa3004390"
"Erik Ostberg","TBR","AA",26,187,0.287128712,0.607142857,0.150943396,0.320754716,0.528301886,0.214285714,0.107142857,0.41121495,0.27102804,0.31775701,0.14097497,282,477,759,"sa3004505"
"Matt Winaker","NYM","AA",26,252,0.206896551,0.628205128,0.130136986,0.335616438,0.534246575,0.307692307,0.038461538,0.44,0.21333333,0.34666667,0.12339585,392,621,1013,"sa3004506"
"Cam Balego","CHC","AA",27,64,0.175,1,0.15,0.425,0.425,0.411764705,0.058823529,0.57142857,0.14285714,0.28571429,0.09328358,108,160,268,"sa3004517"
"Jacob Pearson","ATL","AA",24,111,0.166666666,1.074074074,0.111111111,0.46031746,0.428571428,0.185185185,0,0.51515152,0.27272727,0.21212121,0.11627907,175,255,430,"sa3004722"
"Chris Sharpe","PHI","AA",26,102,0.24074074,0.807692307,0.096153846,0.403846153,0.5,0.153846153,0.038461538,0.36363636,0.29090909,0.34545455,0.07476636,184,244,428,"sa3004726"
"Shane Matheny","SFG","AA",26,382,0.359788359,0.902439024,0.216080402,0.371859296,0.412060301,0.158536585,0.146341463,0.43842365,0.29064039,0.27093596,0.12996845,677,908,1585,"sa3004780"
"Quincy Nieporte","DET","AA",27,518,0.26345609,0.662921348,0.223097112,0.309711286,0.467191601,0.202247191,0.174157303,0.41145833,0.2890625,0.29947917,0.09521436,702,1304,2006,"sa3004819"
"Justin Connell","WSN","AA",23,379,0.313131313,0.94117647,0.199029126,0.388349514,0.412621359,0.188235294,0.129411764,0.48341232,0.2464455,0.27014218,0.13071475,594,959,1553,"sa3004884"
"Riley Delgado","ATL","AA",27,412,0.315286624,1.572916666,0.182119205,0.5,0.317880794,0.229166666,0.020833333,0.3516129,0.20967742,0.43870968,0.07093964,539,1068,1607,"sa3004934"
"Tristen Lutz","MIL","AA",23,295,0.343949044,2.238095238,0.180722891,0.56626506,0.253012048,0.142857142,0.285714285,0.41420118,0.24260355,0.34319527,0.15996578,445,724,1169,"sa3004968"
"Robbie Glendinning","KCR","AA",26,518,0.363265306,1,0.221789883,0.389105058,0.389105058,0.06,0.19,0.44736842,0.2518797,0.30075188,0.14156898,901,1317,2218,"sa3004978"
"J.D. Osborne","MIA","AA",26,163,0.329787234,1.114285714,0.252525252,0.393939393,0.353535353,0.114285714,0.142857142,0.46464646,0.2020202,0.33333333,0.15823817,206,407,613,"sa3005053"
"Adam Hall","BAL","AA",23,212,0.362903225,2.653846153,0.233870967,0.556451612,0.209677419,0.153846153,0.038461538,0.376,0.208,0.416,0.13753213,295,483,778,"sa3005077"
"Tyler Dearden","BOS","AA",23,376,0.357142857,1,0.214953271,0.392523364,0.392523364,0.047619047,0.095238095,0.41935484,0.2764977,0.30414747,0.12642905,560,927,1487,"sa3005103"
"Diosbel Arias","TEX","AA",25,58,0.166666666,1.538461538,0.195121951,0.487804878,0.31707317,0.23076923,0.153846153,0.52272727,0.15909091,0.31818182,0.10697674,83,132,215,"sa3005308"
"Braxton Martinez","LAA","AA",28,312,0.269461077,0.90140845,0.215116279,0.372093023,0.412790697,0.211267605,0.126760563,0.41477273,0.24431818,0.34090909,0.11208151,569,805,1374,"sa3005373"
"Christian Donahue","CHC","AA",27,74,0.232558139,1.785714285,0.093023255,0.581395348,0.325581395,0.071428571,0,0.5,0.18181818,0.31818182,0.13962264,94,171,265,"sa3005401"
"Allan Cerda","CIN","AA",22,257,0.25,0.608695652,0.139534883,0.325581395,0.53488372,0.231884057,0.159420289,0.51538462,0.23076923,0.25384615,0.14787431,443,639,1082,"sa3005504"
"Daniel Vellojin","CIN","AA",22,112,0.25,1.041666666,0.155172413,0.431034482,0.413793103,0.25,0.166666666,0.41935484,0.33870968,0.24193548,0.14285714,190,265,455,"sa3005587"
"Julio Carreras","COL","AA",22,68,0.358974358,1.818181818,0.184210526,0.526315789,0.289473684,0.454545454,0,0.43902439,0.14634146,0.41463415,0.16205534,80,173,253,"sa3005598"
"Felix Valerio","MIL","AA",21,480,0.249249249,0.87919463,0.164179104,0.391044776,0.444776119,0.308724832,0.080536912,0.48695652,0.21449275,0.29855072,0.08426966,723,1235,1958,"sa3005613"
"Diego Hernandez","KCR","AA",21,141,0.360824742,1.785714285,0.204081632,0.510204081,0.285714285,0.214285714,0.071428571,0.35,0.27,0.38,0.11900192,162,359,521,"sa3005759"
"Victor Nova","CLE","AA",22,124,0.196969696,0.657142857,0.107692307,0.353846153,0.538461538,0.228571428,0,0.39130435,0.33333333,0.27536232,0.11422846,209,290,499,"sa3006075"
"Tyler Frank","TBR","AA",25,200,0.276422764,2.444444444,0.211864406,0.559322033,0.228813559,0.111111111,0.074074074,0.384,0.2,0.416,0.13430851,249,503,752,"sa3006660"
"Orlando Martinez","LAA","AA",24,163,0.361111111,0.618181818,0.205357142,0.303571428,0.491071428,0.163636363,0.072727272,0.33628319,0.25663717,0.40707965,0.13410596,229,375,604,"sa3006664"
"Ross Adolph","HOU","AA",25,246,0.388349514,1.703703703,0.317757009,0.429906542,0.252336448,0.148148148,0.185185185,0.33944954,0.28440367,0.37614679,0.10841121,452,618,1070,"sa3006666"
"Niko Decolati","COL","AA",24,169,0.278350515,2.809523809,0.14893617,0.627659574,0.223404255,0.095238095,0.047619047,0.49494949,0.17171717,0.33333333,0.11944444,294,426,720,"sa3006670"
"Devlin Granberg","BOS","AA",26,164,0.357142857,1.486486486,0.178571428,0.491071428,0.330357142,0.108108108,0.027027027,0.48672566,0.24778761,0.26548673,0.0992126,252,383,635,"sa3006671"
"Jake Anchia","SEA","AA",25,310,0.289215686,0.88372093,0.185929648,0.381909547,0.432160804,0.395348837,0.046511627,0.48076923,0.20192308,0.31730769,0.15198618,358,800,1158,"sa3006674"
"Jacson McGowan","TBR","AA",25,56,0.588235294,0.333333333,0.157894736,0.210526315,0.631578947,0.083333333,0.166666666,0.36842105,0.26315789,0.36842105,0.22857143,103,142,245,"sa3006677"
"Manny Rodriguez","NYM","AA",25,114,0.258620689,0.74074074,0.20338983,0.33898305,0.457627118,0.259259259,0.111111111,0.62295082,0.26229508,0.1147541,0.17906977,138,292,430,"sa3006678"
"Ian Dawkins","CHW","AA",26,246,0.287425149,1.305084745,0.170731707,0.469512195,0.359756097,0.33898305,0.084745762,0.45294118,0.21176471,0.33529412,0.12180974,299,563,862,"sa3006685"
"Chris Bec","TOR","AA",26,92,0.29090909,0.913043478,0.2,0.381818181,0.418181818,0.347826086,0.04347826,0.46428571,0.35714286,0.17857143,0.11299435,150,204,354,"sa3006727"
"Jacob Rhinesmith","WSN","AA",26,98,0.238095238,2.3125,0.14516129,0.596774193,0.258064516,0.1875,0,0.53968254,0.20634921,0.25396825,0.10846561,143,235,378,"sa3006729"
"Justin Toerner","STL","AA",25,270,0.333333333,0.884615384,0.279411764,0.338235294,0.382352941,0.115384615,0.115384615,0.47826087,0.2826087,0.23913043,0.10451505,525,671,1196,"sa3006735"
"Kole Cottam","BOS","AA",25,257,0.37037037,0.984848484,0.191358024,0.401234567,0.407407407,0.196969696,0.03030303,0.43030303,0.21818182,0.35151515,0.14711934,345,627,972,"sa3006780"
"Jack Conley","PHI","AA",25,271,0.303030303,0.913043478,0.223529411,0.370588235,0.405882352,0.231884057,0.086956521,0.50581395,0.20930233,0.28488372,0.0952381,425,667,1092,"sa3006857"
"Jonathan Engelmann","CLE","AA",25,133,0.205479452,0.75,0.243243243,0.324324324,0.432432432,0.1875,0.1875,0.56962025,0.24050633,0.18987342,0.1625239,188,335,523,"sa3006858"
"Cobie Fletcher-Vance","MIA","AA",24,436,0.278787878,1.007633587,0.183229813,0.409937888,0.406832298,0.160305343,0.030534351,0.4024024,0.27327327,0.32432432,0.1162492,538,1019,1557,"sa3006860"
"Devin Mann","LAD","AA",25,295,0.291891891,0.759036144,0.227513227,0.333333333,0.439153439,0.156626506,0.13253012,0.47916667,0.27604167,0.24479167,0.07602339,514,683,1197,"sa3006869"
"Trey Harris","WSN","AA",26,373,0.3,1.816901408,0.20318725,0.513944223,0.282868525,0.309859154,0.070422535,0.38188976,0.22834646,0.38976378,0.12935323,482,925,1407,"sa3006876"
"Carlos De La Cruz","PHI","AA",22,162,0.346534653,1.142857142,0.142857142,0.457142857,0.4,0.214285714,0.166666666,0.47222222,0.30555556,0.22222222,0.17656766,203,403,606,"sa3006903"
"Eric De La Rosa","DET","AA",25,217,0.36036036,1.121951219,0.223214285,0.410714285,0.366071428,0.243902439,0.073170731,0.46491228,0.1754386,0.35964912,0.19263804,285,530,815,"sa3006911"
"Chase Calabuig","OAK","AA",26,434,0.353125,1.963414634,0.238244514,0.504702194,0.257053291,0.109756097,0.073170731,0.38390093,0.22600619,0.39009288,0.06113537,652,951,1603,"sa3006927"
"Logan Brown","ATL","AA",25,200,0.257352941,2,0.111111111,0.592592592,0.296296296,0.125,0.025,0.47794118,0.16176471,0.36029412,0.13396482,245,494,739,"sa3006938"
"Jeremy Eierman","OAK","AA",25,312,0.257142857,0.829268292,0.184782608,0.369565217,0.445652173,0.195121951,0.170731707,0.48404255,0.28191489,0.23404255,0.17715232,404,804,1208,"sa3007005"
"Josh Stowers","TEX","AA",25,419,0.3,0.672727272,0.210300429,0.317596566,0.472103004,0.309090909,0.09090909,0.39834025,0.29460581,0.30705394,0.14801658,702,987,1689,"sa3007010"
"John Aiello","TOR","AA",25,324,0.386597938,1.347826086,0.198019801,0.460396039,0.341584158,0.130434782,0.130434782,0.42857143,0.22167488,0.34975369,0.14689266,475,764,1239,"sa3007012"
"Scott Kapers","TEX","AA",25,75,0.216216216,0.684210526,0.2,0.325,0.475,0.368421052,0.157894736,0.65853659,0.07317073,0.26829268,0.13650794,112,203,315,"sa3007013"
"Frainyer Chavez","TEX","AA",23,61,0.363636363,1.692307692,0.204545454,0.5,0.295454545,0.153846153,0,0.33333333,0.2,0.46666667,0.0859375,101,155,256,"sa3007019"
"Chris Williams","MIN","AA",25,318,0.343373493,0.6,0.256830601,0.278688524,0.464480874,0.282352941,0.211764705,0.55978261,0.23369565,0.20652174,0.14687976,508,806,1314,"sa3007028"
"Frankie Tostado","SFG","AA",24,315,0.341232227,1.289473684,0.212669683,0.443438914,0.343891402,0.184210526,0.144736842,0.37219731,0.2735426,0.35426009,0.17332201,386,791,1177,"sa3007030"
"Davis Bradshaw","MIA","AA",24,101,0.375,3.153846153,0.142857142,0.65079365,0.206349206,0.384615384,0,0.4,0.21538462,0.38461538,0.10204082,152,240,392,"sa3007031"
"Jameson Hannah","COL","AA",24,114,0.356164383,2.588235294,0.175675675,0.594594594,0.229729729,0.117647058,0.058823529,0.34666667,0.2,0.45333333,0.12837838,155,289,444,"sa3007046"
"Grant Witherspoon","TBR","AA",25,211,0.354609929,1.59574468,0.152777777,0.520833333,0.326388888,0.042553191,0.14893617,0.38926174,0.30201342,0.30872483,0.11780455,271,476,747,"sa3007047"
"Niko Hulsizer","TBR","AA",25,301,0.384615384,0.882352941,0.194968553,0.37735849,0.427672955,0.176470588,0.264705882,0.50931677,0.25465839,0.23602484,0.17854218,474,747,1221,"sa3007053"
"Andrew Moritz","ATL","AA",25,343,0.358974358,1.875,0.203463203,0.519480519,0.277056277,0.1875,0.03125,0.37974684,0.21940928,0.40084388,0.07544672,555,956,1511,"sa3007054"
"Greg Cullen","BAL","AA",25,131,0.25,0.870967741,0.275,0.3375,0.3875,0.225806451,0.161290322,0.46341463,0.26829268,0.26829268,0.0802139,236,325,561,"sa3007069"
"Jordan Qsar","TBR","AA",26,319,0.364285714,0.662162162,0.185430463,0.324503311,0.490066225,0.162162162,0.175675675,0.41176471,0.30065359,0.2875817,0.14568082,549,817,1366,"sa3007078"
"Raynel Delgado","CLE","AA",22,248,0.284810126,1.186440677,0.188679245,0.440251572,0.371069182,0.220338983,0.050847457,0.46296296,0.20987654,0.32716049,0.08788853,363,570,933,"sa3007288"
"Brhet Bewley","KCR","AA",25,131,0.282051282,0.666666666,0.240506329,0.303797468,0.455696202,0.138888888,0.083333333,0.33333333,0.32098765,0.34567901,0.11428571,206,319,525,"sa3007289"
"Brian Rey","CIN","AA",24,53,0.285714285,0.888888888,0.19047619,0.38095238,0.428571428,0.111111111,0.055555555,0.44186047,0.25581395,0.30232558,0.12269939,43,120,163,"sa3007307"
"Jonah Davis","STL","AA",24,201,0.25,0.866666666,0.211267605,0.366197183,0.422535211,0.133333333,0.266666666,0.54794521,0.21917808,0.23287671,0.21046373,328,513,841,"sa3007501"
"Nick Dalesandro","ARI","AA",25,312,0.345622119,1.932203389,0.195348837,0.530232558,0.274418604,0.152542372,0.033898305,0.36651584,0.2760181,0.35746606,0.13566936,374,739,1113,"sa3007503"
"Devin Foyle","OAK","AA",25,223,0.293333333,1.053571428,0.238410596,0.390728476,0.370860927,0.178571428,0.035714285,0.43421053,0.22368421,0.34210526,0.09030837,368,540,908,"sa3007515"
"Max Burt","NYY","AA",25,297,0.251428571,1.166666666,0.152173913,0.456521739,0.391304347,0.236111111,0.152777777,0.54545455,0.25668449,0.19786096,0.15461121,374,732,1106,"sa3007631"
"Brendt Citta","PIT","AA",25,235,0.308823529,0.766666666,0.208955223,0.343283582,0.447761194,0.166666666,0.066666666,0.47857143,0.20714286,0.31428571,0.13785047,318,538,856,"sa3007633"
"Jon Rosoff","DET","AA",27,71,0.294117647,1.625,0.16,0.52,0.32,0.25,0,0.29411765,0.2745098,0.43137255,0.12648221,93,160,253,"sa3007635"
"Nicholas Northcut","BOS","AA",23,106,0.283333333,0.542857142,0.129032258,0.306451612,0.564516129,0.142857142,0.114285714,0.5625,0.234375,0.203125,0.22166247,110,287,397,"sa3007640"
"Grant Lavigne","COL","AA",22,242,0.333333333,1.755555555,0.114285714,0.564285714,0.321428571,0.311111111,0.111111111,0.45833333,0.19444444,0.34722222,0.13685239,399,624,1023,"sa3007743"
"Brandon Howlett","BOS","AA",22,90,0.361111111,2.333333333,0.166666666,0.583333333,0.25,0.555555555,0,0.69444444,0.16666667,0.13888889,0.1443299,146,242,388,"sa3007745"
"Sean Roby","SFG","AA",23,353,0.286624203,0.709302325,0.183333333,0.338888888,0.477777777,0.162790697,0.290697674,0.31868132,0.27472527,0.40659341,0.20168658,512,911,1423,"sa3007788"
"Elih Marrero","BOS","AA",25,289,0.286549707,1.119402985,0.169590643,0.438596491,0.391812865,0.074626865,0.029850746,0.33898305,0.33333333,0.32768362,0.10556941,479,724,1203,"sa3007822"
"Nick Meyer","NYM","AA",25,113,0.231884057,0.852941176,0.112676056,0.408450704,0.478873239,0.323529411,0.088235294,0.45833333,0.25,0.29166667,0.08222222,192,258,450,"sa3007826"
"Cody Roberts","BAL","AA",26,274,0.343558282,0.849315068,0.210526315,0.362573099,0.426900584,0.178082191,0.09589041,0.38596491,0.25730994,0.35672515,0.11080836,405,696,1101,"sa3007869"
"Connor Hollis","SDP","AA",27,480,0.412541254,2.041666666,0.288961038,0.477272727,0.233766233,0.069444444,0.125,0.41214058,0.23961661,0.34824281,0.0984127,741,1149,1890,"sa3007870"
"Jake Slaughter","CHC","AA",25,386,0.331877729,1.072916666,0.181069958,0.423868312,0.395061728,0.145833333,0.208333333,0.4534413,0.30769231,0.2388664,0.12008005,536,963,1499,"sa3007871"
"Alex McKenna","HOU","AA",24,218,0.344537815,1.045454545,0.256198347,0.380165289,0.363636363,0.204545454,0.09090909,0.39837398,0.23577236,0.36585366,0.10978261,368,552,920,"sa3008003"
"Kyle Datres","COL","AA",26,356,0.31707317,1.193181818,0.118721461,0.479452054,0.401826484,0.147727272,0.170454545,0.42600897,0.35426009,0.21973094,0.12509038,521,862,1383,"sa3008029"
"AJ Graffanino","PHI","AA",24,126,0.261363636,1.03125,0.235294117,0.388235294,0.376470588,0.3125,0.0625,0.43333333,0.18888889,0.37777778,0.09710744,184,300,484,"sa3008030"
"Josh Breaux","NYY","AA",24,231,0.223880597,0.72,0.116438356,0.369863013,0.51369863,0.24,0.173333333,0.46258503,0.26530612,0.27210884,0.1875,299,565,864,"sa3008051"
"Madison Stokes","PHI","AA",26,151,0.257575757,1.217391304,0.25,0.411764705,0.338235294,0.217391304,0.173913043,0.52777778,0.23611111,0.23611111,0.14671164,235,358,593,"sa3008076"
"Connor Scott","PIT","AA",22,424,0.305263157,0.959016393,0.175862068,0.403448275,0.420689655,0.270491803,0.057377049,0.45547945,0.22945205,0.31506849,0.13239075,541,1015,1556,"sa3008080"
"Malcom Nunez","PIT","AA",21,476,0.291666666,1.394230769,0.188925081,0.472312703,0.338762214,0.201923076,0.211538461,0.5,0.24679487,0.25320513,0.0996994,813,1183,1996,"sa3008113"
"Hunter Stovall","COL","AA",25,435,0.325423728,1.212962962,0.205980066,0.435215946,0.358803986,0.185185185,0.083333333,0.43506494,0.24675325,0.31818182,0.10018439,571,1056,1627,"sa3008181"
"Jimmy Herron","COL","AA",25,221,0.278571428,0.66197183,0.180555555,0.326388888,0.493055555,0.211267605,0.126760563,0.46666667,0.27333333,0.26,0.08130081,351,510,861,"sa3008183"
"Cole Roederer","CHC","AA",22,205,0.297520661,0.672131147,0.196850393,0.322834645,0.48031496,0.147540983,0.13114754,0.42307692,0.26923077,0.30769231,0.12280702,278,520,798,"sa3008184"
"Korry Howell","SDP","AA",23,184,0.344444444,0.868421052,0.252631578,0.347368421,0.4,0.105263157,0.157894736,0.51546392,0.29896907,0.18556701,0.14486639,288,423,711,"sa3008238"
"Jax Biggers","TEX","AA",25,241,0.33519553,1.20338983,0.273743016,0.396648044,0.329608938,0.288135593,0.016949152,0.48901099,0.2032967,0.30769231,0.0756396,340,559,899,"sa3008251"
"Andy Weber","CHC","AA",24,308,0.394088669,1.133333333,0.215686274,0.416666666,0.367647058,0.213333333,0.053333333,0.47826087,0.23671498,0.28502415,0.1356383,409,719,1128,"sa3008282"
"JJ Schwarz","OAK","AA",26,290,0.382857142,1.237288135,0.258426966,0.410112359,0.331460674,0.101694915,0.13559322,0.37430168,0.32960894,0.29608939,0.09829407,497,734,1231,"sa3008391"
"Victor Mesa","MIA","AA",25,239,0.264705882,1.596153846,0.181818181,0.503030303,0.315151515,0.211538461,0.038461538,0.40462428,0.21387283,0.38150289,0.09955752,324,580,904,"sa3008602"
"Evan Edwards","TBR","AA",25,261,0.304347826,1.04,0.184,0.416,0.4,0.16,0.24,0.43650794,0.27777778,0.28571429,0.1488764,426,642,1068,"sa3009866"
"Morgan McCullough","KCR","AA",24,117,0.323529411,1.076923076,0.217391304,0.405797101,0.376811594,0.23076923,0.076923076,0.48571429,0.27142857,0.24285714,0.12393162,187,281,468,"sa3009868"
"Quin Cotton","CIN","AA",24,143,0.333333333,1.375,0.24,0.44,0.32,0.166666666,0.125,0.4,0.2,0.4,0.19622642,182,348,530,"sa3009872"
"Tanner Morris","TOR","AA",24,186,0.361344537,1.155555555,0.211382113,0.422764227,0.365853658,0.222222222,0.111111111,0.41129032,0.26612903,0.32258065,0.05992011,314,437,751,"sa3009873"
"Trevor Schwecke","TOR","AA",24,159,0.360465116,1.354838709,0.170454545,0.477272727,0.352272727,0.096774193,0.096774193,0.37078652,0.3258427,0.30337079,0.13642961,251,438,689,"sa3009874"
"J.D. Orr","MIA","AA",25,311,0.302564102,1.964285714,0.144329896,0.567010309,0.288659793,0.267857142,0.017857142,0.32835821,0.22885572,0.44278607,0.06797707,468,753,1221,"sa3009875"
"Luke Ritter","NYM","AA",25,425,0.295454545,0.96590909,0.22072072,0.382882882,0.396396396,0.09090909,0.147727272,0.46808511,0.3106383,0.2212766,0.1345679,612,1008,1620,"sa3009878"
"Zach Ashford","NYM","AA",25,357,0.313807531,1.152941176,0.2375,0.408333333,0.354166666,0.14117647,0.058823529,0.40408163,0.22857143,0.36734694,0.09148487,523,898,1421,"sa3009886"
"Nic Gaddis","NYM","AA",25,111,0.238095238,0.741935483,0.169230769,0.353846153,0.476923076,0.096774193,0.064516129,0.46153846,0.30769231,0.23076923,0.13002364,172,251,423,"sa3009888"
"Patrick Frick","SEA","AA",25,339,0.295964125,1.453125,0.273148148,0.430555555,0.296296296,0.203125,0.015625,0.41071429,0.20535714,0.38392857,0.10281797,514,799,1313,"sa3009891"
"Garrett Hiott","TBR","AA",24,115,0.287878787,1.48,0.088235294,0.544117647,0.367647058,0,0.08,0.41428571,0.35714286,0.22857143,0.15909091,112,284,396,"sa3009972"
"Carter Aldrete","SFG","AA",24,156,0.28125,1.025,0.19,0.41,0.4,0.225,0.15,0.49514563,0.19417476,0.31067961,0.1377551,193,395,588,"sa3010008"
"Ivan Gonzalez","CHW","AA",25,86,0.25,0.814814814,0.209677419,0.354838709,0.43548387,0.296296296,0,0.47619048,0.19047619,0.33333333,0.08278146,111,191,302,"sa3010014"
"Tyler Osik","CHW","AA",25,53,0.291666666,1.333333333,0.192307692,0.461538461,0.346153846,0.111111111,0.222222222,0.5,0.38461538,0.11538462,0.16990291,81,125,206,"sa3010017"
"Kody Hoese","LAD","AA",24,313,0.293838862,1,0.192488262,0.403755868,0.403755868,0.197674418,0.058139534,0.47685185,0.25925926,0.26388889,0.11605585,392,754,1146,"sa3010021"
"Jack Dunn","WSN","AA",25,403,0.311787072,1.785714285,0.244186046,0.484496124,0.271317829,0.157142857,0.042857142,0.42696629,0.23595506,0.33707865,0.090743,626,1016,1642,"sa3010029"
"Julian Escobedo","CLE","AA",24,439,0.255172413,1.130841121,0.216494845,0.41580756,0.367697594,0.392523364,0.06542056,0.5,0.19,0.31,0.10507881,656,1057,1713,"sa3010030"
"Brandon Lewis","LAD","AA",23,436,0.256521739,1.02020202,0.193548387,0.407258064,0.399193548,0.222222222,0.242424242,0.53543307,0.20472441,0.25984252,0.20117302,570,1135,1705,"sa3010035"
"DJ Gladney","CHW","AA",20,58,0.303030303,1.8,0.151515151,0.545454545,0.303030303,0.2,0.1,0.55882353,0.23529412,0.20588235,0.24378109,48,153,201,"sa3010043"
"Daniel Cope","COL","AA",25,167,0.31,0.8,0.142857142,0.38095238,0.476190476,0.2,0.14,0.38317757,0.28971963,0.3271028,0.16830065,214,398,612,"sa3010157"
"Ripken Reyes","SDP","AA",25,247,0.278787878,1.659574468,0.228395061,0.481481481,0.290123456,0.234042553,0,0.46820809,0.23121387,0.30057803,0.06516854,346,544,890,"sa3010159"
"Chris Givin","SDP","AA",25,175,0.278260869,1.428571428,0.260869565,0.434782608,0.304347826,0.142857142,0.085714285,0.47457627,0.23728814,0.28813559,0.09738372,277,411,688,"sa3010161"
"Joshua Mears","SDP","AA",21,94,0.272727272,0.866666666,0.243243243,0.351351351,0.405405405,0.266666666,0.333333333,0.52631579,0.15789474,0.31578947,0.23697917,142,242,384,"sa3010162"
"Ike Freeman","SDP","AA",24,58,0.29032258,0.714285714,0.225806451,0.322580645,0.451612903,0.285714285,0,0.4375,0.25,0.3125,0.17467249,84,145,229,"sa3010167"
"Ethan Skender","SDP","AA",25,83,0.333333333,1.866666666,0.245614035,0.49122807,0.263157894,0.266666666,0,0.31034483,0.27586207,0.4137931,0.08135593,100,195,295,"sa3010268"
"Wil Dalton","BOS","AA",24,219,0.287037037,0.625,0.201754385,0.307017543,0.49122807,0.321428571,0.107142857,0.43859649,0.27192982,0.28947368,0.14508929,321,575,896,"sa3010273"
"Kellen Strahm","TEX","AA",25,433,0.345098039,2.5,0.219230769,0.557692307,0.223076923,0.120689655,0.172413793,0.38951311,0.22097378,0.38951311,0.08833522,729,1037,1766,"sa3010278"
"Ashton McGee","MIL","AA",23,68,0.3,1.666666666,0.238095238,0.476190476,0.285714285,0.166666666,0.166666666,0.14285714,0.52380952,0.33333333,0.12852665,135,184,319,"sa3010334"
"Jackson Cluff","WSN","AA",25,406,0.28,0.478991596,0.231441048,0.248908296,0.519650655,0.37815126,0.050420168,0.4212766,0.23829787,0.34042553,0.13126189,557,1020,1577,"sa3010342"
"Nelson Maldonado","CHC","AA",25,158,0.44,0.902439024,0.25,0.35576923,0.394230769,0.121951219,0.170731707,0.4,0.24761905,0.35238095,0.12748344,223,381,604,"sa3010389"
"Nick Quintana","CIN","AA",24,222,0.291970802,1.019230769,0.233576642,0.386861313,0.379562043,0.307692307,0.076923076,0.45454545,0.18181818,0.36363636,0.09447005,348,520,868,"sa3010390"
"Darius Hill","CHC","AA",24,201,0.329032258,0.970588235,0.151898734,0.417721518,0.430379746,0.235294117,0.088235294,0.32716049,0.2037037,0.4691358,0.07402235,268,448,716,"sa3010395"
"Bryce Windham","CHC","AA",25,304,0.22705314,1.408450704,0.165853658,0.487804878,0.346341463,0.098591549,0.056338028,0.39150943,0.25,0.35849057,0.04142973,501,730,1231,"sa3010403"
"McCarthy Tatum","PHI","AA",26,112,0.23880597,0.903225806,0.180555555,0.388888888,0.430555555,0.29032258,0.161290322,0.48611111,0.20833333,0.30555556,0.11659193,142,304,446,"sa3010582"
"Bryant Packard","DET","AA",24,66,0.25,1.333333333,0.207547169,0.452830188,0.339622641,0,0.055555555,0.45283019,0.24528302,0.30188679,0.12340426,89,146,235,"sa3010590"
"Corey Joyce","DET","AA",23,65,0.358974358,1.076923076,0.307692307,0.358974358,0.333333333,0.384615384,0,0.51282051,0.15384615,0.33333333,0.13011152,110,159,269,"sa3010596"
"Hunter Markwardt","PHI","AA",24,95,0.236363636,1.764705882,0.145454545,0.545454545,0.309090909,0.470588235,0,0.39655172,0.24137931,0.36206897,0.13896458,120,247,367,"sa3010602"
"Herbert Iser","PHI","AA",24,89,0.344827586,0.916666666,0.233333333,0.366666666,0.4,0.291666666,0.083333333,0.41666667,0.25,0.33333333,0.1085044,134,207,341,"sa3010679"
"Cade Bunnell","ATL","AA",25,178,0.444444444,1.178571428,0.306818181,0.375,0.318181818,0.178571428,0.285714285,0.44318182,0.31818182,0.23863636,0.15555556,300,420,720,"sa3010702"
"Andrew Navigato","DET","AA",24,405,0.262589928,0.893442622,0.195121951,0.37979094,0.425087108,0.204918032,0.147540983,0.48648649,0.25675676,0.25675676,0.11442112,517,960,1477,"sa3010703"
"Kyle Schmidt","MIN","AA",24,109,0.261538461,1.94117647,0.242424242,0.5,0.257575757,0.352941176,0.058823529,0.53030303,0.21212121,0.25757576,0.14074074,149,256,405,"sa3010707"
"Sal Gozzo","PHI","AA",24,162,0.272727272,1.225806451,0.21590909,0.431818181,0.352272727,0.29032258,0.032258064,0.31182796,0.30107527,0.38709677,0.14710485,229,410,639,"sa3010708"
"Andres Alvarez","PIT","AA",25,443,0.265217391,0.783333333,0.137096774,0.379032258,0.483870967,0.241666666,0.166666666,0.47011952,0.29880478,0.2310757,0.12293773,751,1128,1879,"sa3010710"
"Vito Friscia","PHI","AA",25,345,0.313829787,0.924050632,0.22051282,0.374358974,0.405128205,0.075949367,0.126582278,0.36363636,0.28787879,0.34848485,0.08977035,592,845,1437,"sa3010712"
"Luis Guerrero","HOU","AA",23,63,0.157894736,1,0.1,0.45,0.45,0.222222222,0.111111111,0.55,0.15,0.3,0.14552239,112,156,268,"sa3010713"
"Chase Strumpf","CHC","AA",24,486,0.33649289,0.72,0.238938053,0.31858407,0.442477876,0.2,0.21,0.56768559,0.23144105,0.20087336,0.15182186,809,1167,1976,"sa3010845"
"Chad Bell","NYY","AA",25,280,0.347826086,0.904761904,0.194630872,0.382550335,0.422818791,0.111111111,0.222222222,0.34210526,0.29605263,0.36184211,0.17690192,390,701,1091,"sa3010888"
"Shayne Fontana","BAL","AA",25,168,0.375,1.193548387,0.218390804,0.425287356,0.356321839,0.193548387,0.225806451,0.44827586,0.27586207,0.27586207,0.09787234,297,408,705,"sa3010897"
"Javier Valdes","ATL","AA",23,98,0.29090909,1.315789473,0.185185185,0.462962962,0.351851851,0.263157894,0.105263157,0.35185185,0.27777778,0.37037037,0.10621762,169,217,386,"sa3010902"
"Aaron Antonini","STL","AA",23,74,0.215686274,1.2,0.153846153,0.461538461,0.384615384,0.4,0.05,0.55769231,0.19230769,0.25,0.12941176,94,161,255,"sa3010906"
"James Free","CIN","AA",24,230,0.309210526,1.596153846,0.150943396,0.522012578,0.327044025,0.173076923,0.153846153,0.56875,0.18125,0.25,0.12330199,337,620,957,"sa3011156"
"Will Holland","MIN","AA",24,117,0.357142857,1.47368421,0.20338983,0.474576271,0.322033898,0.157894736,0.157894736,0.59322034,0.25423729,0.15254237,0.16763006,203,316,519,"sa3011204"
"Antoine Duplantis","NYM","AA",25,99,0.174603174,0.862068965,0.142857142,0.396825396,0.46031746,0.172413793,0.034482758,0.43076923,0.21538462,0.35384615,0.128,123,252,375,"sa3011224"
"Zach Watson","BAL","AA",25,364,0.284313725,1,0.194312796,0.402843601,0.402843601,0.294117647,0.094117647,0.57009346,0.19626168,0.23364486,0.20254111,418,920,1338,"sa3011258"
"Bryan Arias","HOU","AA",25,346,0.305263157,1.603448275,0.225641025,0.476923076,0.297435897,0.137931034,0.103448275,0.44387755,0.28571429,0.27040816,0.12423625,588,885,1473,"sa3011265"
"Jake Washer","CHC","AA",26,65,0.257142857,1.357142857,0.131578947,0.5,0.368421052,0.285714285,0.214285714,0.36842105,0.26315789,0.36842105,0.21400778,74,183,257,"sa3011306"
"Thomas Dillard","MIL","AA",24,516,0.337209302,0.962962962,0.2,0.39245283,0.407547169,0.129629629,0.111111111,0.44280443,0.26568266,0.29151292,0.17225326,887,1261,2148,"sa3011308"
"Phil Clarke","TOR","AA",24,297,0.263414634,0.976744186,0.178743961,0.405797101,0.415458937,0.162790697,0.046511627,0.46411483,0.28708134,0.24880383,0.09132841,437,647,1084,"sa3011379"
"Andrew Daschbach","BAL","AA",24,402,0.31372549,0.771428571,0.225,0.3375,0.4375,0.257142857,0.214285714,0.42261905,0.26785714,0.30952381,0.18951613,682,1054,1736,"sa3011414"
"Cam Cannon","BOS","AA",24,126,0.273809523,0.675,0.182926829,0.329268292,0.487804878,0.2,0,0.51190476,0.23809524,0.25,0.11283186,159,293,452,"sa3011467"
"Stephen Scott","BOS","AA",25,256,0.274509803,0.826666666,0.14375,0.3875,0.46875,0.32,0.093333333,0.50625,0.3,0.19375,0.10961538,450,590,1040,"sa3011469"
"Yolbert Sanchez","CHW","AA",25,67,0.409090909,1.9,0.325581395,0.441860465,0.232558139,0.1,0,0.29545455,0.20454545,0.5,0.04961832,111,151,262,"sa3011471"
"Luke Berryhill","HOU","AA",24,432,0.348214285,1.109756097,0.247826086,0.395652173,0.356521739,0.195121951,0.146341463,0.4279661,0.26694915,0.30508475,0.13224447,816,1082,1898,"sa3011587"
"Jordan Brewer","HOU","AA",24,123,0.285714285,1.304347826,0.242857142,0.428571428,0.328571428,0.347826086,0.04347826,0.50704225,0.18309859,0.30985915,0.16632017,161,320,481,"sa3011737"
"Gabe Holt","MIL","AA",24,312,0.222641509,2.803571428,0.171206225,0.610894941,0.217898832,0.267857142,0,0.28571429,0.20300752,0.5112782,0.05938038,376,786,1162,"sa3011899"
"Hayden Cantrelle","MIA","AA",23,110,0.285714285,0.625,0.204081632,0.306122448,0.489795918,0.166666666,0.125,0.52830189,0.28301887,0.18867925,0.13785558,179,278,457,"sa3014426"
"Trevor Hauver","TEX","AA",23,88,0.263157894,1.214285714,0.243902439,0.414634146,0.341463414,0,0.285714285,0.5,0.28571429,0.21428571,0.0802139,171,203,374,"sa3014448"
"Hudson Haskin","BAL","AA",23,466,0.31294964,1.118181818,0.179577464,0.433098591,0.387323943,0.263636363,0.136363636,0.45150502,0.27090301,0.27759197,0.10966212,616,1071,1687,"sa3014449"
"Daniel Cabrera","DET","AA",23,400,0.249084249,1.7875,0.192028985,0.518115942,0.289855072,0.3,0.0625,0.42805755,0.22661871,0.34532374,0.11044974,585,927,1512,"sa3014452"
"Carson Taylor","LAD","AA",23,303,0.32160804,1.535714285,0.279187817,0.436548223,0.284263959,0.107142857,0.071428571,0.47263682,0.21890547,0.30845771,0.12878133,465,692,1157,"sa3014468"
"Aaron Sabato","MIN","AA",23,99,0.2,0.875,0.181818181,0.381818181,0.436363636,0.041666666,0.208333333,0.35714286,0.35714286,0.28571429,0.1483376,161,230,391,"sa3014494"
"Kaden Polcovich","SEA","AA",23,524,0.301242236,0.869565217,0.213414634,0.365853658,0.420731707,0.239130434,0.086956521,0.38023952,0.24850299,0.37125749,0.12247909,812,1221,2033,"sa3014496"
"Freddy Zamora","MIL","AA",23,100,0.260869565,1.32,0.147058823,0.485294117,0.367647058,0.2,0.04,0.47142857,0.2,0.32857143,0.09295775,117,238,355,"sa3014500"
"Jesse Franklin V","ATL","AA",23,66,0.297297297,1.666666666,0.135135135,0.54054054,0.324324324,0.083333333,0.166666666,0.48717949,0.25641026,0.25641026,0.13671875,103,153,256,"sa3014532"
"Zavier Warren","MIL","AA",23,106,0.328125,0.625,0.2,0.307692307,0.492307692,0.3125,0.0625,0.53030303,0.21212121,0.25757576,0.10440835,164,267,431,"sa3014549"
"Norel Gonzalez","MIA","AA",28,229,0.292517006,1.652173913,0.207792207,0.493506493,0.298701298,0.217391304,0.195652173,0.44585987,0.29299363,0.2611465,0.13768961,333,524,857,"sa3014819"
"Zach Britton","TOR","AA",23,76,0.272727272,1.533333333,0.155555555,0.511111111,0.333333333,0.133333333,0.2,0.5106383,0.23404255,0.25531915,0.10264901,123,179,302,"sa3014821"
"Michael Guldberg","OAK","AA",23,191,0.343283582,0.793103448,0.218045112,0.345864661,0.436090225,0.327586206,0,0.5037037,0.21481481,0.28148148,0.12864721,262,492,754,"sa3014822"
"Elijah Dunham","NYY","AA",24,485,0.287625418,0.932330827,0.17363344,0.398713826,0.427652733,0.150375939,0.127819548,0.4511041,0.29337539,0.2555205,0.11593407,717,1103,1820,"sa3014827"
"Micah Pries","CLE","AA",24,504,0.319620253,1.073770491,0.237951807,0.394578313,0.367469879,0.13114754,0.147540983,0.49101796,0.25149701,0.25748503,0.12920448,667,1206,1873,"sa3014830"
"Matt Scheffler","SEA","AA",24,298,0.320855614,1.193548387,0.260869565,0.402173913,0.336956521,0.177419354,0.016129032,0.38297872,0.2393617,0.37765957,0.07340242,490,668,1158,"sa3014832"
"Matt Koperniak","STL","AA",24,437,0.33105802,1.975903614,0.1875,0.539473684,0.273026315,0.156626506,0.168674698,0.37987013,0.24675325,0.37337662,0.10402886,612,1051,1663,"sa3014834"
"Noah Campbell","MIL","AA",23,229,0.360294117,1.434782608,0.17037037,0.488888888,0.34074074,0.239130434,0.04347826,0.44285714,0.27857143,0.27857143,0.11678005,361,521,882,"sa3014878"
"Sahid Valenzuela","OAK","AA",24,95,0.217391304,3.916666666,0.157142857,0.671428571,0.171428571,0.166666666,0.333333333,0.45833333,0.11111111,0.43055556,0.09115282,134,239,373,"sa3014882"
"Landon Stephens","ATL","AA",24,91,0.153846153,0.6,0.047619047,0.357142857,0.595238095,0.16,0.12,0.4047619,0.26190476,0.33333333,0.25852273,118,234,352,"sa3014884"
"William Simoneit","OAK","AA",25,256,0.333333333,1.7,0.260273972,0.465753424,0.273972602,0.125,0.125,0.43708609,0.23178808,0.33112583,0.09514563,410,620,1030,"sa3014885"
"J.D. Mundy","BAL","AA",24,268,0.296551724,1.050847457,0.203947368,0.407894736,0.388157894,0.084745762,0.13559322,0.4379085,0.26143791,0.30065359,0.12886143,438,695,1133,"sa3014886"
"Dylan Harris","BAL","AA",25,83,0.416666666,2.4,0.333333333,0.470588235,0.196078431,0,0.3,0.47058824,0.25490196,0.2745098,0.10164835,153,211,364,"sa3014888"
"Tucker Bradley","KCR","AA",24,460,0.34551495,1.232142857,0.180327868,0.452459016,0.367213114,0.160714285,0.107142857,0.40063091,0.2681388,0.33123028,0.09994353,692,1079,1771,"sa3014937"
"Robert Emery","SFG","AA",25,125,0.291666666,1.068965517,0.210526315,0.407894736,0.381578947,0.24137931,0.137931034,0.40789474,0.22368421,0.36842105,0.12681913,180,301,481,"sa3014940"
"Brett Auerbach","SFG","AA",23,425,0.294117647,1.04347826,0.196581196,0.41025641,0.393162393,0.239130434,0.184782608,0.39166667,0.29583333,0.3125,0.12348529,655,1078,1733,"sa3014941"
"Brady Lindsly","WSN","AA",24,242,0.264705882,0.728813559,0.271428571,0.307142857,0.421428571,0.27118644,0.101694915,0.38732394,0.28169014,0.33098592,0.16701031,321,649,970,"sa3014942"
"Francisco Urbaez","CIN","AA",24,187,0.328244274,1.071428571,0.114503816,0.458015267,0.427480916,0.267857142,0.053571428,0.5,0.21641791,0.28358209,0.07449857,263,435,698,"sa3014944"
"Justin Dirden","HOU","AA",24,407,0.390756302,0.770642201,0.24609375,0.328125,0.42578125,0.165137614,0.183486238,0.40310078,0.28682171,0.31007752,0.15084525,550,988,1538,"sa3014986"
"Alex McGarry","CIN","AA",24,256,0.302013422,1.19047619,0.163636363,0.454545454,0.381818181,0.238095238,0.253968253,0.46666667,0.24242424,0.29090909,0.17095778,335,636,971,"sa3015015"
"Nick Raposo","STL","AA",24,229,0.335664335,0.75409836,0.251748251,0.321678321,0.426573426,0.295081967,0.114754098,0.44666667,0.23333333,0.32,0.08947368,360,590,950,"sa3015018"
"Brandon McIlwain","NYM","AA",24,218,0.304,0.875,0.173228346,0.385826771,0.440944881,0.196428571,0.071428571,0.42635659,0.26356589,0.31007752,0.13668224,290,566,856,"sa3015076"
"Zac Cook","TOR","AA",24,394,0.280701754,0.711111111,0.167567567,0.345945945,0.486486486,0.133333333,0.166666666,0.47849462,0.26344086,0.25806452,0.18508997,572,984,1556,"sa3015090"
"Bradlee Beesley","CHC","AA",24,134,0.31707317,0.710526315,0.235294117,0.317647058,0.447058823,0.210526315,0.105263157,0.4137931,0.27586207,0.31034483,0.12524462,184,327,511,"sa3015097"
"Yoelqui Cespedes","CHW","AA",24,512,0.349480968,1.153153153,0.216393442,0.419672131,0.363934426,0.216216216,0.153153153,0.46405229,0.20915033,0.32679739,0.22905983,539,1216,1755,"sa3015137"
"Zach Humphreys","LAA","AA",24,285,0.295857988,1.403225806,0.138728323,0.502890173,0.358381502,0.177419354,0.112903225,0.46327684,0.26553672,0.27118644,0.09259259,535,707,1242,"sa3016853"
"Mike Antico","STL","AA",24,275,0.289156626,0.6875,0.210526315,0.321637426,0.467836257,0.35,0.1,0.45977011,0.25287356,0.28735632,0.13985375,404,690,1094,"sa3016922"
"Alex Binelas","BOS","AA",22,241,0.192,0.934426229,0.132352941,0.419117647,0.448529411,0.147540983,0.180327868,0.48175182,0.29927007,0.2189781,0.17245241,326,567,893,"sa3017044"
"Wes Clarke","MIL","AA",22,67,0.294117647,0.833333333,0.131578947,0.394736842,0.47368421,0.222222222,0.277777777,0.46153846,0.28205128,0.25641026,0.13220339,118,177,295,"sa3017045"
"Luke Waddell","ATL","AA",23,187,0.302158273,1.511111111,0.18115942,0.492753623,0.326086956,0.2,0.044444444,0.34042553,0.24822695,0.41134752,0.04272363,305,444,749,"sa3017075"
"Wyatt Young","NYM","AA",22,434,0.320284697,1.473118279,0.181494661,0.487544483,0.330960854,0.129032258,0.064516129,0.35640138,0.20761246,0.43598616,0.0766648,667,1120,1787,"sa3017081"
"John Rhodes","BAL","AA",21,104,0.246376811,1,0.205882352,0.397058823,0.397058823,0.259259259,0,0.38235294,0.16176471,0.45588235,0.09296482,154,244,398,"sa3017162"
"Wes Kath","CHW","AA",19,52,0.333333333,2.6,0.25,0.541666666,0.208333333,0.6,0,0.66666667,0.16666667,0.16666667,0.27513228,57,132,189,"sa3017172"
"Rowdey Jordan","NYM","AA",23,122,0.277777777,1.172413793,0.148648648,0.459459459,0.391891891,0.137931034,0.068965517,0.45333333,0.21333333,0.33333333,0.14008621,170,294,464,"sa3017214"
"Quincy Hamilton","HOU","AA",24,148,0.25,0.942857142,0.252747252,0.362637362,0.384615384,0.314285714,0.114285714,0.35869565,0.2826087,0.35869565,0.09984152,249,382,631,"sa3017215"
"Ethan Wilson","PHI","AA",22,78,0.291666666,0.95,0.204081632,0.387755102,0.408163265,0.35,0.05,0.38,0.32,0.3,0.10322581,114,196,310,"sa3017329"
"Freylin Minyety","PHI","AA",22,76,0.2,1.411764705,0.163265306,0.489795918,0.346938775,0.058823529,0,0.25490196,0.35294118,0.39215686,0.08823529,123,183,306,"sa3017341"
"Paul McIntosh","MIA","AA",24,383,0.297413793,1.451219512,0.1625,0.495833333,0.341666666,0.292682926,0.158536585,0.45306122,0.23673469,0.31020408,0.11180512,676,925,1601,"sa3017372"
"Luca Tresh","KCR","AA",22,106,0.295081967,0.607142857,0.307692307,0.261538461,0.43076923,0.071428571,0.178571428,0.48484848,0.3030303,0.21212121,0.10353535,156,240,396,"sa3017394"
"Aaron Zavala","TEX","AA",22,139,0.329113924,0.9375,0.261904761,0.357142857,0.38095238,0.15625,0.15625,0.30952381,0.25,0.44047619,0.09306569,222,326,548,"sa3017665"
"Ernie Yake","MIN","AA",24,94,0.272727272,0.896551724,0.276315789,0.342105263,0.381578947,0.448275862,0,0.42307692,0.16666667,0.41025641,0.08841463,119,209,328,"sa3017902"
"Roby Enriquez","ARI","AA",25,297,0.36574074,2.185185185,0.207373271,0.543778801,0.248847926,0.148148148,0.129629629,0.43243243,0.25225225,0.31531532,0.06875,360,760,1120,"sa3018209"
"Dondrei Hubbard","WSN","AA",27,150,0.333333333,0.85,0.252525252,0.343434343,0.404040404,0.275,0.075,0.47058824,0.26470588,0.26470588,0.1703204,215,378,593,"sa3018218"
"Sonny DiChiara","LAA","AA",22,149,0.354838709,1.227272727,0.196721311,0.44262295,0.360655737,0.227272727,0.045454545,0.53125,0.234375,0.234375,0.13685848,273,370,643,"sa3019866"
"Ali Castillo","PHI","AA",33,184,0.282894736,1.744680851,0.134228187,0.55033557,0.315436241,0.255319148,0,0.24342105,0.32894737,0.42763158,0.0744186,213,432,645,"sa507143"
"Wilson Garcia","WSN","AA",28,500,0.300578034,1.034482758,0.193989071,0.409836065,0.396174863,0.262068965,0.165517241,0.46091644,0.21024259,0.32884097,0.12873703,518,1121,1639,"sa596287"
"Jecksson Flores","WSN","AA",28,160,0.279661016,1.268292682,0.205128205,0.444444444,0.35042735,0.390243902,0.024390243,0.54166667,0.2,0.25833333,0.08521739,199,376,575,"sa597007"
"Drew Stankiewicz","ARI","AA",29,343,0.28643216,0.9,0.272727272,0.344497607,0.382775119,0.2625,0.1625,0.42325581,0.19069767,0.38604651,0.11890034,536,919,1455,"sa599531"
"Angelo Castellano","KCR","AA",27,110,0.211267605,0.794117647,0.128571428,0.385714285,0.485714285,0.294117647,0,0.51388889,0.19444444,0.29166667,0.08685969,167,282,449,"sa657521"
"Santiago Chavez","MIA","AA",26,65,0.166666666,1.142857142,0.166666666,0.444444444,0.388888888,0.142857142,0.142857142,0.44736842,0.23684211,0.31578947,0.16942149,76,166,242,"sa657706"
"Cole Sturgeon","MIN","AA",30,292,0.271428571,1.461538461,0.266055045,0.435779816,0.298165137,0.215384615,0.123076923,0.48165138,0.19724771,0.32110092,0.08433735,417,662,1079,"sa709546"
"Ray-Patrick Didder","MIA","AA",27,333,0.301020408,1.075949367,0.192118226,0.418719211,0.389162561,0.367088607,0.126582278,0.48309179,0.28502415,0.23188406,0.11593119,515,822,1337,"sa736824"
"Michael De La Cruz","DET","AA",29,76,0.208333333,1.166666666,0.1875,0.4375,0.375,0.222222222,0.111111111,0.42,0.28,0.3,0.08724832,135,163,298,"sa736830"
"Aldrem Corredor","PHI","AA",26,455,0.287719298,1.425742574,0.172297297,0.486486486,0.341216216,0.128712871,0.138613861,0.35880399,0.24252492,0.3986711,0.09025867,682,1135,1817,"sa736852"
"Michael Beltre","NYY","AA",26,203,0.301886792,0.94,0.14159292,0.415929203,0.442477876,0.22,0.14,0.46491228,0.29824561,0.23684211,0.14007308,322,499,821,"sa736945"
"Riley Unroe","SEA","AA",26,434,0.320143884,1.028301886,0.229390681,0.390681003,0.379928315,0.16981132,0.075471698,0.41258741,0.23076923,0.35664336,0.10598802,688,982,1670,"sa737614"
"Thomas Milone","SDP","AA",27,270,0.351851851,1.452830188,0.226190476,0.458333333,0.31547619,0.132075471,0.113207547,0.47368421,0.26315789,0.26315789,0.12112403,397,635,1032,"sa737640"
"Xavier Fernandez","CHW","AA",26,131,0.357142857,1.088235294,0.275510204,0.37755102,0.346938775,0.147058823,0.058823529,0.49,0.18,0.33,0.08450704,180,317,497,"sa737922"
"Edwin Diaz","HOU","AA",26,169,0.195121951,0.44,0.208791208,0.241758241,0.549450549,0.34,0.18,0.56043956,0.20879121,0.23076923,0.13578501,276,431,707,"sa738152"
"Luis Aviles Jr.","MIA","AA",27,187,0.322314049,1.261904761,0.246031746,0.42063492,0.333333333,0.309523809,0.166666666,0.4609375,0.21875,0.3203125,0.17664671,200,468,668,"sa738445"
"Torii Hunter Jr.","LAA","AA",27,188,0.327102803,1.65625,0.234234234,0.477477477,0.288288288,0.125,0.21875,0.40350877,0.26315789,0.33333333,0.19312169,272,484,756,"sa738667"
"Michael Reed","LAD","AA",27,93,0.403846153,1.666666666,0.111111111,0.555555555,0.333333333,0.166666666,0.111111111,0.58181818,0.18181818,0.23636364,0.15472779,119,230,349,"sa738683"
"Jordan Cowan","ATL","AA",27,130,0.287356321,1.29032258,0.164705882,0.470588235,0.364705882,0.225806451,0,0.35632184,0.22988506,0.4137931,0.09414226,166,312,478,"sa738703"
"Harrison Wenson","CHC","AA",27,139,0.306122448,0.769230769,0.132075471,0.37735849,0.490566037,0.23076923,0.192307692,0.45454545,0.23636364,0.30909091,0.20521739,200,375,575,"sa738936"
"Jacob Heyward","SFG","AA",26,370,0.281914893,0.770114942,0.214285714,0.341836734,0.443877551,0.287356321,0.126436781,0.51256281,0.20603015,0.28140704,0.13730408,635,960,1595,"sa738955"
"Robbie Tenerowicz","CIN","AA",27,187,0.346153846,0.895833333,0.14953271,0.401869158,0.44859813,0.270833333,0.125,0.43636364,0.24545455,0.31818182,0.09473684,298,462,760,"sa738999"
"Wendell Rijo","PHI","AA",26,395,0.317269076,1.081632653,0.2,0.415686274,0.384313725,0.285714285,0.122448979,0.49042146,0.24137931,0.26819923,0.10866575,575,879,1454,"sa739597"
"Michael De Leon","CIN","AA",25,136,0.336842105,0.972972972,0.223404255,0.382978723,0.393617021,0.324324324,0.054054054,0.43298969,0.29896907,0.26804124,0.14915966,149,327,476,"sa823925"
"Luis Carpio","DET","AA",24,274,0.289772727,1.109375,0.232954545,0.40340909,0.363636363,0.265625,0.03125,0.5,0.28089888,0.21910112,0.11617516,425,694,1119,"sa827960"
"Jose Gomez","LAA","AA",25,312,0.330097087,1.439393939,0.222222222,0.458937198,0.318840579,0.151515151,0.075757575,0.50943396,0.22641509,0.26415094,0.15703824,431,798,1229,"sa828331"
"Dennis Ortega","MIN","AA",25,185,0.330434782,2.148148148,0.254385964,0.508771929,0.236842105,0.222222222,0.074074074,0.4017094,0.21367521,0.38461538,0.13026316,295,465,760,"sa828381"
"Hendrik Clementina","ATL","AA",25,291,0.335403726,1.161290322,0.202380952,0.428571428,0.369047619,0.225806451,0.177419354,0.49704142,0.17751479,0.32544379,0.19762123,367,726,1093,"sa828422"
"Ti'Quan Forbes","ARI","AA",25,386,0.332,1.475609756,0.200787401,0.476377952,0.322834645,0.170731707,0.109756097,0.40229885,0.27203065,0.3256705,0.16312057,463,947,1410,"sa828696"
"D.J. Burt","CHW","AA",26,322,0.321266968,1.571428571,0.185520361,0.497737556,0.316742081,0.185714285,0.042857142,0.37946429,0.20982143,0.41071429,0.07510917,480,665,1145,"sa828876"
"Chris Rabago","DET","AA",29,76,0.341463414,1.307692307,0.268292682,0.414634146,0.31707317,0.461538461,0,0.34146341,0.24390244,0.41463415,0.17973856,110,196,306,"sa829062"
"Drew Lugbauer","ATL","AA",25,555,0.311965811,0.696,0.175097276,0.3385214,0.486381322,0.2,0.224,0.5440613,0.26436782,0.19157088,0.2039823,912,1348,2260,"sa829268"
"Isiah Gilliam","CIN","AA",25,263,0.402985074,0.864406779,0.236111111,0.354166666,0.409722222,0.152542372,0.20338983,0.43835616,0.26712329,0.29452055,0.1522158,388,650,1038,"sa829343"
"Jordan Procyshen","TEX","AA",29,129,0.285714285,0.78125,0.229729729,0.337837837,0.432432432,0.28125,0.125,0.46052632,0.19736842,0.34210526,0.12792793,227,328,555,"sa829345"
"Rudy Martin","WSN","AA",26,166,0.301075268,1,0.208333333,0.395833333,0.395833333,0.236842105,0.105263157,0.46938776,0.2755102,0.25510204,0.10760402,300,397,697,"sa829374"
"Josh Ockimey","PHI","AA",26,273,0.348484848,0.847457627,0.221428571,0.357142857,0.421428571,0.152542372,0.152542372,0.46099291,0.26241135,0.27659574,0.11680672,528,662,1190,"sa829375"
"K.J. Harrison","WSN","AA",25,174,0.259615384,0.74,0.179245283,0.349056603,0.471698113,0.18,0.08,0.46296296,0.26851852,0.26851852,0.16594517,239,454,693,"sa829382"
"Tyler Hill","COL","AA",26,131,0.25,0.84375,0.2625,0.3375,0.4,0.125,0.09375,0.46428571,0.30952381,0.22619048,0.07637655,204,359,563,"sa829481"
"Jeren Kendall","LAD","AA",26,273,0.246153846,0.423076923,0.171641791,0.246268656,0.582089552,0.397435897,0.076923076,0.46666667,0.33333333,0.2,0.16117542,442,681,1123,"sa829529"
"Bubba Hollins","MIA","AA",26,250,0.300613496,1.096774193,0.192546583,0.422360248,0.385093167,0.258064516,0.032258064,0.5030303,0.24242424,0.25454545,0.14393939,321,603,924,"sa829697"
"Evan Skoug","CHW","AA",26,263,0.302325581,0.661764705,0.18115942,0.326086956,0.492753623,0.19117647,0.161764705,0.50704225,0.25352113,0.23943662,0.15392062,425,608,1033,"sa829713"
"Quinn Brodey","NYM","AA",26,70,0.297297297,1,0.157894736,0.421052631,0.421052631,0.25,0.0625,0.44736842,0.21052632,0.34210526,0.1978022,85,188,273,"sa829783"
"Andrew Bechtold","MIN","AA",26,366,0.289719626,1.52173913,0.223214285,0.46875,0.308035714,0.173913043,0.20289855,0.48245614,0.21929825,0.29824561,0.12729844,562,852,1414,"sa829787"
"Riley Mahan","SFG","AA",26,78,0.466666666,0.625,0.212121212,0.303030303,0.484848484,0.0625,0.1875,0.52941176,0.23529412,0.23529412,0.24920128,110,203,313,"sa829844"
"Roberto Baldoquin","STL","AA",28,138,0.260869565,2.409090909,0.15730337,0.595505617,0.247191011,0.136363636,0,0.44565217,0.20652174,0.34782609,0.08829175,200,321,521,"sa857538"
"Errol Robinson","STL","AA",27,145,0.407894736,2.529411764,0.210526315,0.565789473,0.22368421,0.117647058,0.058823529,0.32894737,0.22368421,0.44736842,0.09651899,273,359,632,"sa857819"
"Preston Palmeiro","LAA","AA",27,463,0.308411214,1.114754098,0.208588957,0.417177914,0.374233128,0.245901639,0.06557377,0.47878788,0.26969697,0.25151515,0.12692764,653,1033,1686,"sa857823"
"Kevin Vicuna","PHI","AA",24,343,0.336032388,1.605263157,0.191836734,0.497959183,0.310204081,0.197368421,0.026315789,0.40562249,0.20080321,0.3935743,0.13566553,377,795,1172,"sa872466"
"Leobaldo Cabrera","MIN","AA",24,288,0.3125,0.833333333,0.266666666,0.333333333,0.4,0.212121212,0.106060606,0.48502994,0.25149701,0.26347305,0.14574558,449,738,1187,"sa872551"
"Jason Lopez","MIL","AA",24,112,0.257142857,1.096774193,0.071428571,0.485714285,0.442857142,0.096774193,0.064516129,0.44444444,0.22222222,0.33333333,0.12222222,180,270,450,"sa872552"
"Omar Meregildo","WSN","AA",24,126,0.25,0.567567567,0.226666666,0.28,0.493333333,0.189189189,0.162162162,0.43589744,0.26923077,0.29487179,0.20588235,166,310,476,"sa872765"
"Cristopher Cespedes","BAL","AA",24,91,0.245283018,1.19047619,0.163636363,0.454545454,0.381818181,0.285714285,0.095238095,0.45454545,0.21818182,0.32727273,0.12280702,133,209,342,"sa872783"
"Yorman Rodriguez","SDP","AA",24,540,0.303482587,1.297101449,0.226829268,0.436585365,0.336585365,0.289855072,0.108695652,0.50119904,0.22781775,0.27098321,0.09872123,685,1270,1955,"sa872817"
"Leandro Cedeno","ARI","AA",23,479,0.351724137,1.479591836,0.233438485,0.457413249,0.309148264,0.112244897,0.306122448,0.415625,0.29375,0.290625,0.13553895,695,1179,1874,"sa873307"
"Mitch Longo","WSN","AA",27,140,0.258064516,0.95,0.195876288,0.391752577,0.412371134,0.325,0.125,0.51020408,0.19387755,0.29591837,0.13267327,164,341,505,"sa874178"
"Garrett Whitley","MIL","AA",25,167,0.32183908,0.680851063,0.159574468,0.340425531,0.5,0.276595744,0.14893617,0.45744681,0.26595745,0.27659574,0.11495845,282,440,722,"sa874244"
"Chris Betts","LAD","AA",25,102,0.222222222,0.5,0.195121951,0.268292682,0.536585365,0.272727272,0.227272727,0.53658537,0.2195122,0.24390244,0.17802198,180,275,455,"sa874791"
"Jalen Miller","ATL","AA",25,379,0.294871794,0.932038834,0.145922746,0.412017167,0.442060085,0.242718446,0.077669902,0.52118644,0.19491525,0.28389831,0.14899713,505,891,1396,"sa875016"
"Jagger Rusconi","CHW","AA",25,114,0.338461538,2.357142857,0.276923076,0.507692307,0.215384615,0.142857142,0,0.38461538,0.2,0.41538462,0.13929314,180,301,481,"sa875030"
"Moises Gomez","STL","AA",23,257,0.433628318,0.566666666,0.298507462,0.253731343,0.447761194,0.25,0.383333333,0.43382353,0.27941176,0.28676471,0.17534247,437,658,1095,"sa875163"
"Delvin Zinn","CHC","AA",25,138,0.188235294,1.666666666,0.111111111,0.555555555,0.333333333,0.185185185,0,0.54761905,0.1547619,0.29761905,0.11660777,204,362,566,"sa875884"
"Nash Knight","MIN","AA",29,64,0.4,2.25,0.277777777,0.5,0.222222222,0.125,0.125,0.44444444,0.38888889,0.16666667,0.1328125,105,151,256,"sa876814"
"Gilbert Lara","WSN","AA",24,312,0.29015544,1.8,0.222222222,0.5,0.277777777,0.29090909,0.127272727,0.51741294,0.21890547,0.26368159,0.20574606,331,748,1079,"sa877337"
"Rodolfo Duran","NYY","AA",24,218,0.251748251,0.954545454,0.134228187,0.422818791,0.44295302,0.242424242,0.136363636,0.52287582,0.24183007,0.23529412,0.13793103,245,538,783,"sa877500"
"Izzy Wilson","BOS","AA",24,352,0.269035532,1.022988505,0.153846153,0.427884615,0.41826923,0.114942528,0.149425287,0.46919431,0.27962085,0.25118483,0.16304348,495,793,1288,"sa877504"
"Gavin Stupienski","KCR","AA",28,61,0.352941176,1.23076923,0.171428571,0.457142857,0.371428571,0.153846153,0.076923076,0.34285714,0.2,0.45714286,0.14345992,80,157,237,"sa913367"
"Jeison Guzman","ARI","AA",23,80,0.348837209,2,0.2,0.533333333,0.266666666,0.083333333,0.166666666,0.46666667,0.26666667,0.26666667,0.1951952,126,207,333,"sa914314"
"Devin Hairston","MIA","AA",26,87,0.346153846,2.142857142,0.137254901,0.588235294,0.274509803,0.357142857,0,0.53703704,0.24074074,0.22222222,0.1085044,132,209,341,"sa915575"
"Justin Yurchak","LAD","AA",25,451,0.317901234,1.27184466,0.286585365,0.399390243,0.31402439,0.320388349,0.077669902,0.4984985,0.19219219,0.30930931,0.06985915,708,1067,1775,"sa915590"
"Nick Dunn","STL","AA",25,472,0.286931818,1.08029197,0.197183098,0.416901408,0.385915492,0.138686131,0.05109489,0.38718663,0.19777159,0.41504178,0.04338395,748,1096,1844,"sa915613"
"Jeremy Vasquez","NYM","AA",25,415,0.285714285,1.059829059,0.177474402,0.423208191,0.399317406,0.153846153,0.025641025,0.42760943,0.20538721,0.36700337,0.08643533,630,955,1585,"sa915673"
"Michael Gigliotti","SFG","AA",26,319,0.278106508,0.831168831,0.184971098,0.369942196,0.445086705,0.363636363,0.09090909,0.47222222,0.23888889,0.28888889,0.0879527,581,772,1353,"sa915700"
"Kevin Merrell","MIN","AA",26,118,0.277108433,1.538461538,0.223529411,0.470588235,0.305882352,0.038461538,0.153846153,0.49425287,0.25287356,0.25287356,0.11325301,146,269,415,"sa915707"
"Matt Whatley","TEX","AA",26,123,0.269662921,1.028571428,0.193181818,0.409090909,0.397727272,0.542857142,0.057142857,0.37362637,0.27472527,0.35164835,0.14567901,118,287,405,"sa915868"
"Ricardo Genoves","SFG","AA",23,203,0.256410256,1.093023255,0.262295081,0.385245901,0.352459016,0.093023255,0.162790697,0.50806452,0.28225806,0.20967742,0.14477212,259,487,746,"sa916844"
"Franklin Labour","SFG","AA",24,238,0.288461538,0.854166666,0.198198198,0.369369369,0.432432432,0.25,0.145833333,0.55752212,0.15044248,0.2920354,0.1814475,357,624,981,"sa916848"
"Diego Rincones","SFG","AA",23,363,0.271428571,0.8515625,0.171328671,0.381118881,0.447552447,0.1796875,0.078125,0.42068966,0.22068966,0.35862069,0.11040508,413,846,1259,"sa916849"
"Jesus Bastidas","NYY","AA",23,449,0.289473684,0.644927536,0.197879858,0.314487632,0.487632508,0.173913043,0.130434782,0.44561404,0.25614035,0.29824561,0.14563107,584,1064,1648,"sa916969"
"Seuly Matias","KCR","AA",23,414,0.311557788,0.808510638,0.19047619,0.361904761,0.447619047,0.212765957,0.170212765,0.42592593,0.25925926,0.31481481,0.19289941,650,1040,1690,"sa917039"
"Daniel Montano","COL","AA",23,359,0.329896907,0.816091954,0.233009708,0.344660194,0.422330097,0.206896551,0.149425287,0.44230769,0.24038462,0.31730769,0.11336828,615,911,1526,"sa917068"
"Pedro Castellanos","BOS","AA",24,254,0.327777777,0.823529411,0.171122994,0.37433155,0.454545454,0.270588235,0.094117647,0.44973545,0.22751323,0.32275132,0.12846069,258,645,903,"sa917074"
"Yeison Coca","MIL","AA",23,268,0.303797468,2.314285714,0.251612903,0.522580645,0.225806451,0.114285714,0.028571428,0.35802469,0.22222222,0.41975309,0.14818267,396,677,1073,"sa917075"
"Roberto Alvarez","TBR","AA",22,249,0.298913043,1.867924528,0.155555555,0.55,0.294444444,0.150943396,0,0.41847826,0.24456522,0.33695652,0.09879032,347,645,992,"sa917107"
"Jonathan Guzman","PHI","AA",22,440,0.222602739,1.301886792,0.161512027,0.474226804,0.364261168,0.245283018,0.028301886,0.42192691,0.22923588,0.34883721,0.12688822,515,1140,1655,"sa917127"
"Moises Castillo","CHW","AA",22,269,0.283422459,1.166666666,0.222826086,0.41847826,0.358695652,0.212121212,0.03030303,0.44210526,0.26315789,0.29473684,0.09487666,389,665,1054,"sa917135"
"Kelvin Melean","SDP","AA",23,157,0.31372549,1.428571428,0.306122448,0.408163265,0.285714285,0.25,0.071428571,0.39252336,0.26168224,0.34579439,0.10896309,194,375,569,"sa917141"
"Eduardo Diaz","ARI","AA",24,466,0.335548172,1.114035087,0.2124183,0.415032679,0.372549019,0.263157894,0.096491228,0.50159744,0.22364217,0.27476038,0.17286136,543,1152,1695,"sa917182"
"Miguel Aparicio","TEX","AA",23,84,0.295454545,1.384615384,0.279069767,0.418604651,0.302325581,0.307692307,0.076923076,0.43478261,0.19565217,0.36956522,0.16616314,125,206,331,"sa917275"
"Yonathan Perlaza","CHC","AA",23,547,0.302180685,0.895104895,0.186186186,0.384384384,0.429429429,0.097902097,0.16083916,0.5,0.26764706,0.23235294,0.13473193,875,1270,2145,"sa917302"
"Leonel Valera","LAD","AA",22,360,0.418848167,1.396825396,0.245,0.44,0.315,0.126984126,0.206349206,0.44776119,0.21890547,0.33333333,0.15132049,526,875,1401,"sa917320"
"Julio E. Rodriguez","STL","AA",25,269,0.303448275,1.192982456,0.193548387,0.438709677,0.367741935,0.070175438,0.192982456,0.5,0.31410256,0.18589744,0.12129145,461,685,1146,"sa917669"
"Lolo Sanchez","PIT","AA",23,254,0.260355029,0.686746987,0.171597633,0.337278106,0.49112426,0.34939759,0.060240963,0.53977273,0.24431818,0.21590909,0.06041667,415,545,960,"sa917767"
"Juan Fernandez","SDP","AA",23,431,0.332258064,2.197183098,0.253289473,0.513157894,0.233552631,0.183098591,0,0.5,0.19551282,0.30448718,0.09184329,563,994,1557,"sa917824"
"Joe Rizzo","SEA","AA",24,540,0.311475409,0.8875,0.209424083,0.371727748,0.418848167,0.1875,0.13125,0.44702842,0.24289406,0.31007752,0.12568579,736,1269,2005,"sa917934"
"Delvin Perez","STL","AA",23,188,0.300884955,1.93548387,0.194690265,0.530973451,0.274336283,0.387096774,0.064516129,0.30434783,0.20869565,0.48695652,0.11584554,298,453,751,"sa917935"
"Hudson Potts","BOS","AA",23,296,0.296969696,0.871794871,0.175141242,0.38418079,0.440677966,0.217948717,0.179487179,0.50837989,0.26815642,0.22346369,0.15092749,428,758,1186,"sa917936"
"Andy Yerzy","ARI","AA",23,346,0.265306122,1.213333333,0.186274509,0.446078431,0.367647058,0.266666666,0.16,0.43062201,0.26794258,0.30143541,0.11134904,595,806,1401,"sa917939"
"Thomas Jones","MIA","AA",24,232,0.268041237,0.56862745,0.238095238,0.276190476,0.485714285,0.392156862,0.156862745,0.45283019,0.28301887,0.26415094,0.17666667,340,560,900,"sa917968"
"Luis Curbelo","CHW","AA",24,122,0.28,0.863636363,0.226415094,0.358490566,0.415094339,0.272727272,0.272727272,0.52830189,0.22641509,0.24528302,0.21638655,161,315,476,"sa918086"
"Ryan January","LAD","AA",25,99,0.181818181,0.615384615,0.106382978,0.340425531,0.553191489,0.423076923,0.115384615,0.36170213,0.17021277,0.46808511,0.10643016,200,251,451,"sa918104"
"Tyler Neslony","CHW","AA",28,292,0.36683417,1.612903225,0.209756097,0.487804878,0.302439024,0.177419354,0.177419354,0.37980769,0.26923077,0.35096154,0.09147982,430,685,1115,"sa918131"
"Brady Whalen","STL","AA",24,108,0.379746835,0.65625,0.32051282,0.269230769,0.41025641,0.21875,0,0.425,0.2375,0.3375,0.11911357,117,244,361,"sa918278"
"Todd Lott","STL","AA",24,123,0.260869565,1.074074074,0.2,0.414285714,0.385714285,0.148148148,0.111111111,0.5,0.22222222,0.27777778,0.15317287,167,290,457,"sa918408"
"Ryan Gold","TOR","AA",24,201,0.238938053,0.622950819,0.195121951,0.308943089,0.495934959,0.163934426,0.163934426,0.49593496,0.22764228,0.27642276,0.13557214,296,508,804,"sa918639"
"Brandon Martorano","SFG","AA",24,372,0.304568527,0.774193548,0.195121951,0.351219512,0.453658536,0.161290322,0.107526881,0.44927536,0.26086957,0.28985507,0.17762712,561,914,1475,"sa918686"
"Craig Dedelow","CHW","AA",27,449,0.347150259,0.611650485,0.213270142,0.298578199,0.488151658,0.145631067,0.213592233,0.46948357,0.23004695,0.30046948,0.20021413,715,1153,1868,"sa918840"
"Zach Davis","CHC","AA",28,90,0.444444444,1.6,0.25,0.461538461,0.288461538,0.2,0,0.37037037,0.24074074,0.38888889,0.06552707,139,212,351,"sa918888"
"Armani Smith","SFG","AA",23,302,0.333333333,1.421052631,0.202312138,0.468208092,0.329479768,0.140350877,0.035087719,0.42045455,0.27840909,0.30113636,0.16815597,479,752,1231,"sa918911"
"Matt Fraizer","PIT","AA",24,480,0.282131661,0.801324503,0.152647975,0.37694704,0.470404984,0.331125827,0.039735099,0.41641337,0.21276596,0.37082067,0.13898117,611,1195,1806,"sa918983"
"Jhailyn Ortiz","PHI","AA",23,505,0.332089552,0.666666666,0.215328467,0.313868613,0.470802919,0.302325581,0.131782945,0.52777778,0.21180556,0.26041667,0.18231768,709,1293,2002,"sa920180"
"Yariel Gonzalez","ATL","AA",28,284,0.289340101,0.857142857,0.171568627,0.382352941,0.446078431,0.23076923,0.098901098,0.51707317,0.2097561,0.27317073,0.14354995,353,678,1031,"sa920278"
"Alfredo Rodriguez","WSN","AA",28,124,0.275,1.9,0.265822784,0.481012658,0.253164556,0.05,0.05,0.44444444,0.20987654,0.34567901,0.15102041,150,340,490,"sa922180"
"Jefrey Ramos","ATL","AA",23,100,0.212121212,1.2,0.098360655,0.491803278,0.409836065,0.24,0.04,0.43076923,0.26153846,0.30769231,0.12173913,127,218,345,"sa923039"
"Fabricio Macias","PIT","AA",24,157,0.323809523,0.81632653,0.183486238,0.366972477,0.449541284,0.306122448,0.081632653,0.43119266,0.25688073,0.31192661,0.13194444,175,401,576,"sa927338"
"Yasel Antuna","WSN","AA",22,108,0.210526315,1,0.157894736,0.421052631,0.421052631,0.416666666,0.041666666,0.51724138,0.18965517,0.29310345,0.12447257,191,283,474,"sa962601"
"Kevin Maitan","LAA","AA",22,450,0.370517928,2.014925373,0.217054263,0.523255813,0.259689922,0.104477611,0.164179104,0.47148289,0.19771863,0.33079848,0.1833795,620,1185,1805,"sa969045"