Name,Team,Level,Age,IP,K/9,BB/9,K/BB,HR/9,K%,BB%,K-BB%,AVG,WHIP,BABIP,LOB%,ERA,FIP,E-F,xFIP,PlayerId
"R.J. Alaniz","DET","AA",26,34.1,9.436894601898874,2.097087689310861,4.5,0.786407883491573,0.25174825,0.05594406,0.1958042,0.21804511,1.077670062562526,0.27659574,0.74712644,2.097087689310861,3.1376548202472203,-1.0405671309363593,2.9346187524158003,"10819"
"Mickey Jannis","NYM","AA",29,122.1,6.106267283853527,2.7956404432100483,2.18421053,0.7356948534763286,0.16666667,0.07630522,0.09036145,0.25219298,1.2506812509097585,0.2892562,0.70629371,3.60490478203401,3.9607283274448344,-0.3558235454108245,3.9065430354140513,"11071"
"Casey Sadler","PIT","AA",26,48.1,7.448276645873671,0.5586207484405253,13.33333333,0.9310345807342089,0.20512821,0.01538462,0.18974359,0.2565445,1.0758621821817524,0.30136986,0.69565217,3.910345239083677,3.1629645019195594,0.7473807371641175,2.7753282507433825,"11209"
"Logan Darnell","TBR","AA",28,74.2,6.508929458199836,1.9285716913184698,3.375,1.325893037781448,0.16363636,0.04848485,0.11515152,0.3022508,1.4732144864238312,0.33739837,0.73770492,3.9776791133443443,4.345238499252186,-0.3675593859078421,3.5271985546341904,"11261"
"Jesse Biddle","ATL","AA",25,49.2,9.604025862108692,2.8993285621460205,3.3125,0.5436241054023788,0.25238095,0.07619048,0.17619048,0.24870466,1.288590472064898,0.32846715,0.70723684,2.8993285621460205,2.7909478562269396,0.10838070591908089,2.8893146152215916,"11437"
"Deck McGuire","CIN","AA",28,168,9.107142857142858,3.0535714285714284,2.98245614,0.6964285714285714,0.25373134,0.08507463,0.16865672,0.20525452,1.0833333333333333,0.2629108,0.76281287,2.7857142857142856,3.184524045671736,-0.39880975995745027,3.2350756348953364,"11596"
"Mike Kickham","MIA","AA",28,97.1,7.952055210064154,1.479452132104959,5.375,0.8321918243090394,0.21772152,0.04050633,0.17721519,0.23466667,1.0684932065202482,0.28214286,0.75471698,3.3287672972361575,3.1644653399412532,0.16430195729490427,2.7840121377524176,"11618"
"Myles Jaye","DET","AA",25,71.1,9.210281030550165,2.901869365789778,3.17391304,1.009345866361662,0.22955975,0.07232704,0.1572327,0.26643599,1.4018692588356416,0.33173077,0.68565401,4.289719932037063,3.8558746404445445,0.43384529159251883,3.478871104951895,"11769"
"Scott Snodgress","CHW","AA",27,37,11.18918918918919,6.081081081081081,1.84,0.4864864864864865,0.27058824,0.14705882,0.12352941,0.24305556,1.6216216216216217,0.34375,0.67010309,4.864864864864865,3.437419798567489,1.427445066297376,3.499090030628282,"12020"
"Scott McGough","BAL","AA",27,32.1,10.020620133015761,2.2268044740035027,4.5,0.5567011185008757,0.26086957,0.05797101,0.20289855,0.26356589,1.298969276502043,0.35164835,0.72139303,1.9484539147530648,2.637404515550915,-0.6889506007978501,2.7138057931954798,"12056"
"Jason Garcia","BAL","AA",24,75.1,8.840708561497818,4.778761384593416,1.85,0.7168142076890124,0.21142857,0.11428571,0.09714286,0.27868852,1.6592921474282694,0.35111111,0.68256579,5.256637523052757,4.087865390631206,1.1687721324215508,4.076012509995497,"12143"
"Domingo Tapia","CIN","AA",25,82.2,8.818549472261179,2.7217745284756725,3.24,0.8709678491122153,0.22437673,0.06925208,0.15512465,0.28012048,1.427419530489464,0.34979424,0.76714801,4.028226302143995,3.4639019690244734,0.5643243331195218,3.0788295198245956,"12178"
"Matt Tracy","MIN","AA",28,62.1,7.652407041531898,3.1764708474283347,2.40909091,0.8663102311168186,0.20229008,0.08396947,0.11832061,0.26470588,1.3636364749061034,0.31843575,0.67430025,4.042781078545153,3.818977884782794,0.22380319376235924,3.6315330809195503,"12240"
"Taylor Hill","WSN","AA",28,104,4.240384615384615,2.3365384615384617,1.81481481,1.3846153846153846,0.10769231,0.05934066,0.04835165,0.28503563,1.4134615384615385,0.29213483,0.6231003,5.278846153846154,5.263495012430044,0.015351141416109826,4.963044624087902,"12515"
"Nick Ramirez","MIL","AA",27,79,6.379746835443038,2.7341772151898733,2.33333333,0.45569620253164556,0.17948718,0.07692308,0.1025641,0.1958042,1.0126582278481013,0.2300885,0.82460733,1.3670886075949367,3.340943575508987,-1.9738549679140502,3.58388172339035,"12575"
"DJ Johnson","COL","AA",27,64.1,7.1347155899850785,3.3575132188165075,2.125,0.559585536469418,0.18819188,0.08856089,0.099631,0.22083333,1.1968912863373662,0.26486486,0.76530612,2.7979276823470896,3.893427309195866,-1.0954996268487767,3.896467162996693,"12578"
"Jake Esch","SDP","AA",27,34.2,4.932691583972112,4.1538455443975675,1.1875,0.5192306930496959,0.12418301,0.10457516,0.01960784,0.27205882,1.528845929535216,0.30434783,0.72265625,2.855768811773328,4.439672972605803,-1.5839041608324749,4.886360139771223,"12756"
"Michael Kelly","SDP","AA",24,84.2,9.673229508675343,3.1889767611017614,3.03333333,0.6377953522203523,0.26453488,0.0872093,0.17732558,0.21864952,1.1574804540295283,0.28971963,0.75593952,2.9763783103616444,3.255618012459207,-0.27923970209756277,3.341543760193558,"12791"
"Abel De Los Santos","LAA","AA",24,36.2,10.063634967646516,3.190908648278164,3.15384615,0.7363635342180378,0.27152318,0.08609272,0.18543046,0.21014493,1.1454543865613922,0.27659574,0.76719577,2.945454136872151,3.004004580284936,-0.058550443412785036,3.0042603264406584,"12962"
"Colten Brewer","NYY","AA",24,41.1,9.362904377956314,2.395161585058592,3.90909091,0,0.24855491,0.06358382,0.1849711,0.22981366,1.1612904654829537,0.31355932,0.79591837,1.3064517736683228,2.0153559057570964,-0.7089041320887737,2.5032543821318276,"12997"
"Taylor Jungmann","MIL","AA",27,33,8.454545454545455,4.636363636363637,1.82352941,1.3636363636363635,0.2137931,0.11724138,0.09655172,0.27559055,1.5757575757575757,0.32967033,0.76086957,4.363636363636363,4.840368201515892,-0.47673183787952844,3.8459056658275204,"13119"
"Henry Owens","BOS","AA",24,57,7.7368421052631575,8.68421052631579,0.89090909,0.3157894736842105,0.18490566,0.20754717,-0.02264151,0.20100503,1.6666666666666667,0.25675676,0.69767442,4.578947368421052,5.4355597897579795,-0.8566124213369273,6.352986910259515,"13143"
"Sam Selman","KCR","AA",26,39.1,13.500001745709143,4.347458189296165,3.10526316,0.22881358891032447,0.36196319,0.11656442,0.24539877,0.15328467,1.0169492840458865,0.25974026,0.70175439,2.974576655834218,2.6282323709338216,0.34634428490039637,3.3231339502086925,"13397"
"Connor Sadzeck","TEX","AA",25,93.2,10.665481585354689,3.7473313678273232,2.84615385,1.249110455942441,0.26555024,0.09330144,0.1722488,0.28108108,1.5266905572629834,0.3699187,0.63527653,6.245552279712205,4.286203492286694,1.9593487874255118,3.3431313311545865,"13483"
"Brandon Brennan","CHW","AA",25,42,8.357142857142858,4.285714285714286,1.95,0.21428571428571427,0.20634921,0.10582011,0.1005291,0.28143713,1.5952380952380953,0.36220472,0.60650888,5.357142857142857,3.136904998052688,2.220237859090169,3.477537477867944,"13527"
"Josh D. Smith","BOS","AA",27,66.1,10.175880177244267,4.613065680350735,2.20588235,0.6783920118162845,0.25252525,0.11447811,0.13804714,0.23921569,1.4321609138343783,0.32,0.79166667,3.2562816567181656,3.843123973623343,-0.5868423169051775,3.8825759443298873,"13629"
"Tayler Scott","MIL","AA",25,61.2,9.194593836225039,5.108107686791688,1.8,0.43783780172500186,0.23333333,0.12962963,0.1037037,0.24358974,1.491891768840747,0.32142857,0.81081081,2.335134942533343,3.4536359866959434,-1.1185010441626004,3.659377996793204,"13652"
"Corey Oswalt","NYM","AA",23,134.1,7.972704110899205,2.679900541478724,2.975,0.602977621832713,0.21715328,0.0729927,0.14416058,0.23412698,1.176178570982329,0.28989362,0.81659973,2.2779154602569154,3.3069193238470227,-1.0290038635901073,3.530963395275472,"13677"
"Joey Krehbiel","ARI","AA",24,55,12.10909090909091,4.418181818181818,2.74074074,0.4909090909090909,0.31489362,0.11489362,0.2,0.2173913,1.309090909090909,0.32307692,0.72674419,3.272727272727273,2.6585500196977097,0.6141772530295633,2.8714989391240207,"13707"
"Max Fried","ATL","AA",23,86.2,8.826924112985948,4.465385139510538,1.97674419,0.8307693282810303,0.22077922,0.11168831,0.10909091,0.26268657,1.5115386389557635,0.33057851,0.60725552,5.919231464002341,4.082326357237699,1.8369051067646422,3.771290016345245,"13743"
"Chris Flexen","NYM","AA",22,48.2,9.246574376085425,1.2945204126519594,7.14285714,0.739725950086834,0.27932961,0.03910615,0.24022346,0.1627907,0.7191780070288664,0.20338983,0.85034014,1.6643833876953764,2.6702390114033805,-1.005855623708004,2.4061295787518144,"13896"
"Tim Peterson","NYM","AA",26,55.1,8.620482720109202,1.6265061736055098,5.3,0.16265061736055098,0.26237624,0.04950495,0.21287129,0.171875,0.7771085051670769,0.23188406,0.84134615,1.1385543215238567,2.0864791524446495,-0.9479248309207928,3.330794947253271,"13946"
"Cesar Vargas","SDP","AA",25,57.1,10.360466035396312,3.9244189528016338,2.64,0.3139535162241307,0.27385892,0.10373444,0.17012448,0.22790698,1.2906977889214262,0.31972789,0.70637119,3.610465436577503,2.826301001316147,0.7841644352613559,3.3174843771667946,"14099"
"Chris Mazza","MIA","AA",27,146.2,5.7068185776324585,2.515909265407858,2.26829268,0.429545484337927,0.15245902,0.06721311,0.0852459,0.24820144,1.2204546301029988,0.2872807,0.74643249,3.006818390365489,3.5699136877454043,-0.5630952973799155,3.8537674553318535,"14151"
"Luke Bard","MIN","AA",26,52.1,13.41401404255803,3.4394907801430845,3.9,0.6878981560286169,0.34210526,0.0877193,0.25438597,0.24630542,1.337579747833422,0.38016529,0.85014409,2.5796180851073136,2.5589552929978896,0.02066279210942401,2.515712412383122,"14288"
"Joel Payamps","ARI","AA",23,92.1,5.458484055198039,2.0469315206992644,2.66666667,1.2671480842424019,0.14,0.0525,0.0875,0.27733333,1.3537906882931645,0.29738562,0.65884477,4.776173548298284,4.542698441080746,0.23347510721753828,4.127695683459868,"14332"
"Williams Jerez","BOS","AA",25,51.1,8.240260556729854,2.980519775838458,2.76470588,0.5259740780891397,0.22065728,0.07981221,0.14084507,0.25641026,1.3051949345174947,0.32413793,0.73667712,3.155844468534838,3.205552952557797,-0.04970848402295891,3.555045490637645,"14338"
"Caleb Frare","NYY","AA",23,33.2,11.22772107602547,9.089107537734904,1.23529412,0.5346533845726414,0.28767123,0.23287671,0.05479452,0.17117117,1.5742571879083331,0.25373134,0.7421875,4.2772270765811315,4.621072867019292,-0.3438457904381602,4.6592128049914745,"14353"
"Yohander Mendez","TEX","AA",22,137.2,8.106538129278235,2.8111382222497103,2.88372093,1.503632072366124,0.22302158,0.07733813,0.14568345,0.22664016,1.1404359196206835,0.25561798,0.79376855,3.7917678346623997,4.840096979195645,-1.0483291445332457,3.7563742320562046,"14391"
"Robinson Leyer","CHW","AA",24,58.1,9.565715119778453,5.091429015365951,1.87878788,0.30857145547672427,0.24409449,0.12992126,0.11417323,0.22374429,1.405714408282855,0.30322581,0.6773399,3.5485717379823294,3.2330954847063347,0.3154762532759947,3.673451380287277,"14399"
"Yunior Marte","KCR","AA",22,36,9.5,6.75,1.40740741,1.25,0.22485207,0.15976331,0.06508876,0.23741007,1.6666666666666667,0.29166667,0.71428571,5.75,5.50911758210924,0.24088241789076026,5.0799985761029856,"14416"
"Matt Ramsey","MIL","AA",27,44.1,11.77443744108013,3.654135757576592,3.22222222,0.8120301683503538,0.29896907,0.09278351,0.20618557,0.24,1.3533836139172564,0.33628319,0.72202166,3.654135757576592,2.955200719286151,0.6989350382904407,2.7281724375036887,"14460"
"Daniel Camarena","NYY","AA",24,82.2,5.225807094673291,2.1774196227805382,2.4,0.5443549056951346,0.13675214,0.05698006,0.07977208,0.26888218,1.318548549350437,0.30215827,0.61764706,3.810484339865942,3.5758399687498152,0.23464437111612657,4.109745426661671,"14467"
"Randy Rosario","MIN","AA",23,57.1,7.06395411504294,3.610465436577503,1.95652174,0.6279070324482614,0.18367347,0.09387755,0.08979592,0.26027397,1.3953489609961365,0.31176471,0.69767442,4.081395710913699,3.8107699547412324,0.27062575617246676,3.6862487337711367,"14508"
"Dereck Rodriguez","MIN","AA",25,75.1,7.407080146119794,3.2256639346005556,2.2962963,1.0752213115335185,0.19254658,0.08385093,0.10869565,0.25342466,1.3407080551220416,0.29411765,0.74398249,3.942478142289568,4.214865460135535,-0.2723873178459666,3.7750888108601335,"14509"
"Thyago Vieira","SEA","AA",24,36.1,8.669725984307522,3.71559685041751,2.33333333,0.24770645669450067,0.23026316,0.09868421,0.13157895,0.22222222,1.2385322834725032,0.29292929,0.63596491,3.71559685041751,3.1495354998684615,0.5660613505490484,3.774948339262934,"14510"
"Jorge Lopez","MIL","AA",24,103.2,9.115756521513864,3.299035693500256,2.76315789,0.6077171014342576,0.2402746,0.08695652,0.15331808,0.23350254,1.254019415657992,0.30141844,0.65495208,4.254019710039803,3.209558506216856,1.0444612038229475,3.1219671065290404,"14527"
"Felix Jorge","MIN","AA",23,134.2,6.616337133451944,2.4727724640173934,2.67567568,0.7351485703835493,0.17584369,0.06571936,0.11012433,0.27099237,1.3292080211985386,0.31642512,0.74879227,3.542079475484374,3.573491548624781,-0.03141207314040706,3.358905607506897,"14532"
"Konner Wade","COL","AA",25,109.1,6.50304908301419,1.7286586170037719,3.76190476,1.2347561550026942,0.17324561,0.04605263,0.12719298,0.27314815,1.2713415225583296,0.30473373,0.71900826,4.2804880040093405,4.22198473985957,0.05850326414977047,3.5885443919422415,"14655"
"Duane Underwood Jr.","CHC","AA",22,138,6.391304347826087,3.260869565217391,1.96,0.8478260869565217,0.16752137,0.08547009,0.08205128,0.24714829,1.3043478260869565,0.28192771,0.66744731,4.434782608695652,4.200051995982294,0.23473061271335816,4.113187821166239,"14677"
"Severino Gonzalez","MIA","AA",24,61,5.60655737704918,1.7704918032786885,3.16666667,1.3278688524590163,0.152,0.048,0.104,0.24894515,1.1639344262295082,0.26315789,0.67340067,4.278688524590164,4.4245708840792295,-0.14588235948906547,3.8334964254351913,"14697"
"Ty Buttrey","BOS","AA",24,46,10.956521739130435,4.5,2.43478261,0.1956521739130435,0.28865979,0.1185567,0.17010309,0.23076923,1.3478260869565217,0.33928571,0.67092652,3.717391304347826,2.7032943435337233,1.0140969608141028,3.2717002768879353,"14719"
"Jose Manuel Fernandez","TOR","AA",24,46.1,9.323742030712323,5.050360266635842,1.84615385,0.7769785025593603,0.22325581,0.12093023,0.10232558,0.27659574,1.6834534222119473,0.35294118,0.66757493,5.438849517915521,4.023594712710071,1.4152548052054508,4.514268667725441,"14733"
"Wes Parsons","ATL","AA",24,103,8.563106796116505,2.883495145631068,2.96969697,0.4368932038834951,0.2327791,0.0783848,0.1543943,0.21671018,1.1262135922330097,0.27857143,0.74561404,2.70873786407767,2.948046930553844,-0.2393090664761739,3.0460377210262912,"14764"
"Ryan Eades","MIN","AA",25,79.1,6.579832354623,3.516806948160569,1.87096774,0.3403361562736034,0.17956656,0.09597523,0.08359133,0.20344828,1.1344538542453448,0.24454148,0.67198178,3.6302523335851036,3.3904064163920262,0.23984591719307735,4.140389798528344,"14808"
"Taylor Williams","MIL","AA",25,46.2,10.992855944730929,4.049999558585079,2.71428571,0.3857142436747694,0.28643216,0.10552764,0.18090452,0.23728814,1.349999852861693,0.33898305,0.68627451,3.0857139493981554,2.6416669541962237,0.4440469952019317,2.9413371742708874,"14899"
"Scott Barlow","LAD","AA",24,107.1,10.397516020663055,3.102484619068815,3.35135135,0.7546584208545766,0.29736211,0.08872902,0.20863309,0.16,0.903726750899925,0.2107438,0.77181208,2.0962733912627125,3.2680892845256237,-1.1718158932629112,3.240923284955839,"14993"
"Jairo Labourt","DET","AA",23,30.2,10.565216296111366,2.054347613132766,5.14285714,0.8804346913426139,0.30508475,0.05932203,0.24576271,0.20720721,0.9782607681584599,0.27777778,0.7751938,2.6413040740278415,2.833729166705122,-0.19242509267728058,2.567734625396402,"14996"
"Yacksel Rios","PHI","AA",24,38,11.131578947368421,2.3684210526315788,4.7,0.47368421052631576,0.32191781,0.06849315,0.25342466,0.1641791,0.8421052631578947,0.23529412,0.70512821,1.894736842105263,2.3829282108106113,-0.4881913687053483,2.8537630581542066,"15007"
"Kyle Finnegan","OAK","AA",25,36.2,8.836362410616454,1.9636360912481008,4.5,0.9818180456240504,0.2384106,0.05298013,0.18543046,0.25352113,1.199999833540506,0.31372549,0.81218274,3.190908648278164,3.505582202091694,-0.3146735538135301,2.904532355474364,"15009"
"Victor Alcantara","DET","AA",24,54.2,9.384145468349413,5.597560454804913,1.67647059,0.1646341310236739,0.24050633,0.14345992,0.09704641,0.22772277,1.4634144979882127,0.3125,0.69095477,3.457316751497152,3.2982041988679165,0.15911255262923563,3.776496951945435,"15028"
"Tim Mayza","TOR","AA",25,33.1,11.340001730346943,4.050000617981051,2.8,1.3500002059936838,0.28767123,0.10273973,0.18493151,0.24615385,1.4100002151489586,0.3253012,0.73170732,4.590000700378525,4.0950336067199915,0.4949670936585333,3.3194336764016463,"15042"
"Lou Trivino","OAK","AA",25,33.1,9.18000140075705,2.7000004119873675,3.4,0,0.24637681,0.07246377,0.17391304,0.24409449,1.2300001876831341,0.33333333,0.78571429,2.4300003707886306,2.2646729774474856,0.165327393341145,2.8869504334050347,"15043"
"Austin Voth","WSN","AA",25,54.1,7.288344240560168,2.1533744347109587,3.38461538,1.3251534982836668,0.18410042,0.05439331,0.12970711,0.28125,1.3987731370772039,0.31976744,0.65868263,5.1349698058492095,4.347732965569946,0.7872368402792631,3.634440657517749,"15047"
"Yency Almonte","COL","AA",23,76.1,8.371179597091981,3.655022077603541,2.29032258,0.47161575194884403,0.22829582,0.09967846,0.12861736,0.20938628,1.1659389423179756,0.26732673,0.84490741,2.004366945782587,3.3822387246181207,-1.3778717788355337,3.9131798036143928,"15068"
"Kyle McGowin","WSN","AA",25,42.2,8.226561519317446,3.3749995976686957,2.4375,2.531249698251522,0.19306931,0.07920792,0.11386139,0.31521739,1.734374793246413,0.34586466,0.69256757,6.539061720483098,6.31878310516481,0.2202786153182883,4.024882081588151,"15071"
"Hunter Wood","TBR","AA",23,70,8.742857142857142,3.085714285714286,2.83333333,0.9,0.23287671,0.08219178,0.15068493,0.2556391,1.3142857142857143,0.31937173,0.66508314,4.757142857142857,3.5845240456717358,1.1726188114711213,3.385145764052868,"15091"
"Collin Wiles","TEX","AA",23,150,6.42,1.68,3.82142857,1.32,0.16640747,0.04354588,0.12286159,0.29064039,1.3666666666666667,0.32291667,0.66037736,4.86,4.474673137664795,0.3853268623352051,3.98925723378857,"15106"
"Drew Anderson","PHI","AA",23,107.2,7.1888551683791,3.343653566687953,2.15,1.0866874091735848,0.19282511,0.0896861,0.10313901,0.20351759,1.1238391154701177,0.22742475,0.72202166,3.59442758418955,4.534631120921288,-0.9402035367317381,4.507480600709319,"15130"
"Jake Newberry","KCR","AA",22,50.2,5.861841516811821,3.3749996611946846,1.73684211,0.5328946833465291,0.15566038,0.08962264,0.06603774,0.23316062,1.2631577679325137,0.26751592,0.78595318,2.1315787333861165,3.906778341383161,-1.7751996079970445,4.524428828404743,"15136"
"Ashton Goudeau","KCR","AA",24,57,6.7894736842105265,2.6842105263157894,2.52941176,1.105263157894737,0.16475096,0.0651341,0.09961686,0.31967213,1.6666666666666667,0.36597938,0.657277,5.368421052631579,4.297129278015673,1.071291774615906,3.9540882248104667,"15139"
"Luiz Gohara","ATL","AA",20,52,10.384615384615385,3.1153846153846154,3.33333333,0.34615384615384615,0.2764977,0.08294931,0.19354839,0.21428571,1.1538461538461537,0.29850746,0.7641196,2.5961538461538463,2.516941628089318,0.07921221806452827,2.879649012020001,"15166"
"Layne Somsen","LAD","AA",28,30.1,8.901099833928605,5.340659900357163,1.66666667,0,0.21428571,0.12857143,0.08571429,0.25409836,1.615384784675932,0.33695652,0.7755102,2.076923294583341,3.1168709191330484,-1.0399476245497072,3.8386823414881626,"15301"
"Kyle Lloyd","SDP","AA",26,89.2,8.933086515301731,2.4089222063735005,3.70833333,0.2007435171977917,0.2431694,0.06557377,0.17759563,0.228739,1.137546597454153,0.304,0.62874251,3.7137550681591467,2.4559369807631306,1.257818087396016,3.168403690224696,"15378"
"Stephen Gonsalves","MIN","AA",22,87.1,9.893130347164844,2.3702291456749105,4.17391304,0.7213740878141032,0.27272727,0.06534091,0.20738636,0.20615385,1.0305344111630046,0.27027027,0.78384798,2.679389469023812,2.884087827318052,-0.2046983582942401,3.025784591351851,"15492"
"Kohl Stewart","MIN","AA",22,77,6.077922077922078,5.259740259740259,1.15555556,0.4675324675324675,0.15522388,0.13432836,0.02089552,0.25174825,1.5194805194805194,0.29565217,0.6932409,4.090909090909091,4.346861708009398,-0.2559526171003075,4.44412535053569,"15502"
"Jen-Ho Tseng","CHC","AA",22,90.1,8.269373159338084,2.391144046073663,3.45833333,0.6974170134381517,0.22074468,0.06382979,0.15691489,0.2283237,1.1402214664147559,0.28125,0.71572581,2.9889300575920785,3.2791471441093907,-0.29021708651731215,3.4809138337979677,"15524"
"Eric Yardley","SDP","AA",26,61.1,7.630435415386981,1.7608697112431495,4.33333333,0.29347828520719155,0.21138211,0.04878049,0.16260163,0.22510823,1.0434783474033478,0.28248588,0.76323988,2.054347996450341,2.7766296147849436,-0.7222816183346028,2.8600079051277887,"15538"
"Ariel Hernandez","CIN","AA",25,33,10.636363636363637,5.454545454545454,1.95,0,0.29770992,0.15267176,0.14503817,0.16363636,1.1515151515151516,0.25352113,0.79487179,2.1818181818181817,2.6585500196977097,-0.476731837879528,3.4269165434620596,"15603"
"Phillips Valdez","WSN","AA",25,43,7.116279069767442,2.7209302325581395,2.61538462,0.20930232558139536,0.19318182,0.07386364,0.11931818,0.22839506,1.1627906976744187,0.28346457,0.74596774,2.7209302325581395,2.9227078925731567,-0.20177766001501718,3.641120083248892,"15605"
"Dan Slania","SFG","AA",25,80.1,6.16182611627388,3.136929659193975,1.96428571,0.5601660105703526,0.16272189,0.08284024,0.07988166,0.26129032,1.3568465589370764,0.304,0.7254902,3.585062467650257,3.7105106831294785,-0.12544821547922158,4.3928245574741736,"15639"
"Yefry Ramirez","BAL","AA",23,124.1,8.469169247263451,3.5469170351787103,2.3877551,1.08579092913634,0.22762646,0.09533074,0.13229572,0.22875817,1.2386059487925654,0.27522936,0.78417266,3.4745309732362872,4.238438341162423,-0.7639073679261359,4.168008811272771,"15655"
"Ronald Herrera","NYY","AA",22,56,6.75,1.9285714285714286,3.5,0.32142857142857145,0.19905213,0.05687204,0.1421801,0.17258883,0.8214285714285714,0.20915033,0.84070796,1.125,2.9393191882542204,-1.8143191882542204,3.555379967285054,"15688"
"Luis Castillo","CIN","AA",24,80.1,9.074689371239714,1.456431627482917,6.23076923,0.5601660105703526,0.2555205,0.04100946,0.21451104,0.22591362,1.0082988190266349,0.29302326,0.77922078,2.5767636486236225,2.5031369293998913,0.07362671922373121,2.640916430065287,"15689"
"Jimmy Cordero","WSN","AA",25,51.1,7.012987707855196,6.6623383224624355,1.05263158,1.2272728488746592,0.16460905,0.1563786,0.00823045,0.25615764,1.753246926963799,0.28846154,0.54744526,6.837663015158816,5.776981778771368,1.0606812363874472,5.113487203494355,"15690"
"Brad Keller","ARI","AA",21,130.2,7.645408758467752,3.9260207138077647,1.94736842,0.4821428946781466,0.19137931,0.09827586,0.09310345,0.2751938,1.52295930223732,0.33919598,0.67787971,4.683673834016281,3.5799322452807347,1.103741588735546,3.8537624432909077,"15734"
"Zack Littell","MIN","AA",21,85.2,8.929960559298115,2.7315173475500116,3.26923077,0.42023343808461716,0.24355301,0.07449857,0.16905444,0.22012579,1.120622501558979,0.28820961,0.7442348,2.416342268986549,2.878760141711719,-0.4624178727251702,3.10932198818927,"15823"
"Kent Emanuel","HOU","AA",25,74.1,7.627803212515875,2.0582961049646014,3.70588235,0.8475336902795417,0.19504644,0.05263158,0.14241486,0.31561462,1.506726560496963,0.38095238,0.69962687,4.600897175803227,3.7317135249452047,0.8691836508580222,3.329140007944524,"15849"
"Fernando Romero","MIN","AA",22,125,8.64,3.24,2.66666667,0.288,0.22018349,0.08256881,0.13761468,0.25306122,1.352,0.32786885,0.69204152,3.528,2.929095474243164,0.598904525756836,3.2386698931455613,"15885"
"Victor Arano","PHI","AA",22,38.2,8.844826422747063,2.5603444907952024,3.45454545,1.629310130506038,0.23030303,0.06666667,0.16363636,0.25490196,1.2931032781793952,0.2962963,0.75242718,4.189654621301241,4.543998817711489,-0.3543441964102483,3.7858696012794724,"15915"
"Keury Mella","CIN","AA",23,134,7.32089552238806,2.888059701492537,2.53488372,0.9402985074626866,0.18923611,0.07465278,0.11458333,0.25616698,1.328358208955224,0.29950495,0.67518248,4.298507462686567,3.941453683198388,0.35705377948817896,3.4929783417884983,"15964"
"Brady Feigl","TEX","AA",26,34.2,9.605767821419375,2.59615346524848,3.7,0.7788460395745439,0.22424242,0.06060606,0.16363636,0.2987013,1.6153843783768318,0.37719298,0.64393939,5.451922277021808,3.256980838437051,2.194941438584757,3.0627376034830034,"15968"
"Akeem Bostick","HOU","AA",22,80.1,6.497925722616091,2.2406640422814106,2.9,0.7842324147984937,0.16618911,0.05730659,0.10888252,0.29573171,1.456431627482917,0.34220532,0.70240296,4.593361286676892,3.7877022132575373,0.8056590734193545,3.917264410683566,"15979"
"Cy Sneed","HOU","AA",24,97,7.515463917525773,3.0618556701030926,2.45454545,1.1134020618556701,0.1862069,0.07586207,0.11034483,0.29471033,1.5463917525773196,0.34539474,0.68017366,5.010309278350515,4.428075199520466,0.5822340788300497,4.090993825476809,"16106"
"Chris Ellis","STL","AA",24,99,8.636363636363637,2.909090909090909,2.96875,0.6363636363636364,0.22352941,0.07529412,0.14823529,0.25454545,1.3131313131313131,0.32155477,0.67862715,4.454545454545454,3.526794349786007,0.9277511047594471,3.841448301648853,"16125"
"David Hess","BAL","AA",23,154.1,7.17278570432819,3.0907125392633663,2.32075472,0.9330452948719596,0.19099379,0.08229814,0.10869565,0.23259762,1.2311014307338357,0.26888889,0.68985849,3.8488118413468335,4.04792758819586,-0.1991157468490261,4.260528125068634,"16130"
"Justin Shafer","TOR","AA",24,58,7.448275862068965,4.0344827586206895,1.84615385,0.9310344827586207,0.19834711,0.10743802,0.09090909,0.21028037,1.2241379310344827,0.24375,0.77399381,3.413793103448276,4.362964508451265,-0.9491714050029891,4.163494124083684,"16132"
"Brandon Leibrandt","PHI","AA",24,72.2,6.440367874057017,2.8486242519867577,2.26086957,0.49541291338900134,0.17567568,0.0777027,0.09797297,0.28205128,1.3761469816361147,0.33640553,0.75211864,3.344037165375759,3.4589784608466454,-0.11494129547088638,3.902437146084757,"16135"
"Jace Fry","CHW","AA",23,45.1,10.323530570033641,4.764706416938604,2.16666667,0.1985294340391085,0.27083333,0.125,0.14583333,0.21556886,1.3235295602607233,0.30701754,0.7885906,2.779412076547519,2.760154258173638,0.019257818373881186,2.9466651073684704,"16159"
"Max Povse","SEA","AA",23,39,7.384615384615385,3.230769230769231,2.28571429,0.23076923076923078,0.19631902,0.08588957,0.11042945,0.23129252,1.2307692307692308,0.28947368,0.67901235,3.4615384615384617,3.237750060741718,0.22378840079674367,4.086330043658232,"16165"
"Justin Anderson","LAA","AA",24,58.2,5.522726793919754,4.44886325065758,1.24137931,1.0738635432621746,0.13793103,0.11111111,0.02681992,0.24669604,1.448863510750553,0.26630435,0.68578554,5.062499561093109,5.175595295429245,-0.11309573433613629,4.555364581664553,"16201"
"Brett Graves","OAK","AA",24,31.2,7.957893937974836,2.8421049778481557,2.8,0.28421049778481555,0.18791946,0.06711409,0.12080537,0.35036496,1.8315787635021448,0.43518519,0.64846416,5.9684204534811265,3.093620528276605,2.8747999252045213,3.4836849301790647,"16218"
"Aaron Bummer","CHW","AA",23,33,9.272727272727273,4.363636363636363,2.125,0.5454545454545454,0.24817518,0.11678832,0.13138686,0.23966942,1.3636363636363635,0.31764706,0.8056872,3,3.294913656061346,-0.2949136560613459,3.038980923096339,"16258"
"Sam Howard","COL","AA",24,46.1,7.7697850255936025,1.9424462563984006,4,0.9712231281992003,0.21978022,0.05494505,0.16483517,0.18235294,0.8848921834703826,0.208,0.83333333,2.3309355076780807,3.6782709337947996,-1.347335426116719,3.7603553314184954,"16265"
"A.J. Ladwig","DET","AA",24,106.1,6.347962686088475,1.7774295521047732,3.57142857,1.3542320396988747,0.16059957,0.04496788,0.11563169,0.30405405,1.467084709673781,0.33711048,0.67109145,5.16300965135196,4.419390897869597,0.7436187534823624,3.9581922930775506,"16266"
"John Means","BAL","AA",24,142.1,7.84074885414364,2.2763464415255728,3.44444444,1.0117095295669214,0.19903692,0.05778491,0.14125201,0.27194492,1.3629975606665468,0.32199546,0.69256757,4.110069963865618,3.829248887459862,0.28082107640575593,3.8347448283989185,"16269"
"Austen Williams","WSN","AA",24,46,6.6521739130434785,2.152173913043478,3.09090909,1.173913043478261,0.16037736,0.05188679,0.10849057,0.33838384,1.6956521739130435,0.38607595,0.5922865,6.8478260869565215,4.355468256577201,2.49235783037932,3.8718672209459806,"16309"
"Alex McRae","PIT","AA",24,149.2,5.351893459525226,2.1648108375607658,2.47222222,0.5412027093901914,0.14015748,0.05669291,0.08346457,0.28667791,1.3763920757330794,0.32525253,0.70712136,3.6080180626012766,3.6593319444668078,-0.05131388186553121,3.931757049085631,"16317"
"Gabriel Moya","ARI","AA",22,58.1,13.422855240989488,2.314285386377498,5.8,0.30857138485033303,0.39726027,0.06849315,0.32876712,0.14778325,0.7714284621258326,0.24561404,0.92592593,0.7714284621258326,1.398810002852425,-0.6273815407265925,1.772292588787079,"16348"
"Ryan Borucki","TOR","AA",23,46.1,8.158274276873282,1.5539570051187206,5.25,0.38848925127968015,0.23463687,0.04469274,0.18994413,0.18562874,0.8417267111059736,0.23577236,0.7960199,1.9424462563984006,2.750213277960008,-0.8077670215616073,3.2387768308114233,"16350"
"Tyler Mahle","CIN","AA",22,85,9.211764705882352,1.8,5.11764706,0.5294117647058824,0.26934985,0.05263158,0.21671827,0.1875,0.8705882352941177,0.24528302,0.88405797,1.588235294117647,2.5013307683608113,-0.9130954742431643,2.723332666298923,"16358"
"Ryan Castellani","COL","AA",21,157.1,7.5508469694204186,2.688559148202725,2.80851064,0.915254178111566,0.19354839,0.06891496,0.12463343,0.26163724,1.3347456764127004,0.30947368,0.64128257,4.805084435085721,3.994101220853919,0.8109832142318023,3.983993573311581,"16377"
"Brad Wieck","SDP","AA",25,30.2,14.967389752824436,3.8152169958179933,3.92307692,0.29347823044753796,0.4015748,0.1023622,0.2992126,0.1875,1.1086955372462546,0.33333333,0.69364162,2.6413040740278415,1.879890677699054,0.7614133963287875,1.9820575182000577,"16390"
"Foster Griffin","KCR","AA",21,104.2,6.964968829789746,2.923567163121622,2.38235294,0.9458599645393483,0.18451025,0.07744875,0.1070615,0.26732673,1.3566880299453281,0.31089744,0.76018809,3.611465319150239,4.1363292684767545,-0.5248639493265155,3.915112784566602,"16432"
"Conner Greene","TOR","AA",22,132.2,6.241206508709817,5.630653698075161,1.10843373,0.47487440827139915,0.15057283,0.13584288,0.01472995,0.26908397,1.6884423405205302,0.31529412,0.6507791,5.291457692167019,4.4913652293589035,0.8000924628081156,4.860553792671103,"16455"
"Nick Gardewine","TEX","AA",23,36.2,13.009089104518667,2.945454136872151,4.41666667,0.4909090228120252,0.34415584,0.07792208,0.26623377,0.25,1.281818004009177,0.38823529,0.84415584,2.2090906026541135,2.278309645061631,-0.06921904240751742,2.4177787543589213,"16513"
"Austin Gomber","STL","AA",23,143,8.811188811188812,3.2097902097902096,2.74509804,1.06993006993007,0.23728814,0.08644068,0.15084746,0.21763602,1.167832167832168,0.26329787,0.730563,3.335664335664336,4.097889920881578,-0.7622255852172426,3.753151858071764,"16561"
"Kyle Bird","TBR","AA",24,71.1,8.579439864074127,3.658878765561025,2.34482759,0.2523364665904155,0.22666667,0.09666667,0.13,0.23970037,1.3037384107171468,0.31472081,0.70063694,3.028037599084986,2.9588898557712437,0.06914774331374218,3.4557090875865937,"16618"
"Ryan Thompson","HOU","AA",25,59,8.389830508474576,1.6779661016949152,5,0.4576271186440678,0.2244898,0.04489796,0.17959184,0.25431034,1.1864406779661016,0.32183908,0.7079646,2.593220338983051,2.772300256308863,-0.17907991732581197,2.9706745150735823,"16647"
"Zac Curtis","SEA","AA",24,51.1,10.519481561782793,3.3311691612312178,3.15789474,0.5259740780891397,0.27272727,0.08636364,0.18636364,0.22051282,1.2077923274639504,0.3030303,0.73667712,3.506493853927598,3.197790009200542,0.3087038447270558,3.627829739158452,"16684"
"Dean Deetz","HOU","AA",23,39.2,9.52941054279609,2.042016544884876,4.66666667,0.6806721816282921,0.28,0.06,0.22,0.19285714,0.9075629088377228,0.25263158,0.88414634,1.8151258176754457,2.9365219256490773,-1.1213961079736317,2.999172944515718,"16687"
"Julian Merryweather","CLE","AA",25,50.2,9.236841178006506,1.7763156111550973,5.2,0.5328946833465291,0.25490196,0.04901961,0.20588235,0.1957672,0.9276314858254396,0.25373134,0.64853556,3.3749996611946846,2.8302966714895956,0.544702989705089,3.090735406773775,"16703"
"Artie Lewicki","DET","AA",25,110,7.363636363636363,1.9636363636363636,3.75,0.4090909090909091,0.19565217,0.05217391,0.14347826,0.24711316,1.190909090909091,0.30177515,0.63779528,3.7636363636363637,2.915942564877597,0.8476937987587667,3.6083541569384665,"16731"
"Montana DuRapau","PIT","AA",25,36.1,9.660551811085526,3.4678903937230094,2.78571429,0,0.26,0.09333333,0.16666667,0.20740741,1.1559634645743364,0.29166667,0.8372093,1.486238740167004,2.3167764660886703,-0.8305377259216662,3.6554035011096433,"16768"
"Josh James","HOU","AA",24,76,8.526315789473685,3.789473684210526,2.25,0.11842105263157894,0.20991254,0.09329446,0.11661808,0.25986842,1.4605263157894737,0.33766234,0.60034305,4.381578947368421,3.1304626113490057,1.2511163360194155,3.9146603146469907,"16794"
"Tim Hill","KCR","AA",27,69,9.782608695652174,2.4782608695652173,3.94736842,0.2608695652173913,0.25337838,0.06418919,0.18918919,0.27536232,1.3768115942028984,0.3718593,0.64377682,4.173913043478261,2.387136905780737,1.7867761376975237,2.611559476800587,"16814"
"Brennan Bernardino","CIN","AA",25,40.1,9.371902008296495,4.2396699561341284,2.21052632,1.115702620035297,0.23333333,0.10555556,0.12777778,0.26582278,1.512396884936736,0.33333333,0.73684211,4.462810480141188,4.278384877391141,0.18442560275004727,3.4889129784034703,"16835"
"Cam Hill","CLE","AA",23,62.1,7.219251925973488,2.3101606163115163,3.125,1.0106952696362883,0.19685039,0.06299213,0.13385827,0.23206751,1.1390375260980392,0.26666667,0.73954984,3.1764708474283347,3.8988303203926984,-0.7223594729643636,3.8472278840662226,"16840"
"Reed Garrett","TEX","AA",24,68.2,9.174758640735018,4.063107398039794,2.25806452,1.3106798058192881,0.23648649,0.10472973,0.13175676,0.26335878,1.4563108953547648,0.32417582,0.69662921,4.980583262113295,4.654479161391179,0.32610410072211593,3.7010683463714504,"16866"
"Greg Mahle","LAA","AA",24,44,7.9772727272727275,2.0454545454545454,3.9,0.4090909090909091,0.22941176,0.05882353,0.17058824,0.19620253,0.9318181818181818,0.24786325,0.72139303,2.659090909090909,2.7494591106068005,-0.09036820151589131,3.17811329161579,"16877"
"Aaron Wilkerson","MIL","AA",28,142.1,9.04215392050436,2.2763464415255728,3.97222222,0.758782147175191,0.2544484,0.06405694,0.19039146,0.22328244,1.0749413751648538,0.28455285,0.73082489,3.161592279896629,3.000683304291284,0.160908975605345,3.076316237167811,"16904"
"Touki Toussaint","ATL","AA",21,39.2,9.98319199721495,4.991595998607475,2,0.6806721816282921,0.26035503,0.13017751,0.13017752,0.20689655,1.3109242016544884,0.2755102,0.70281124,3.17647018093203,3.692927332667265,-0.516457151735235,3.668577997797915,"16929"
"Luis Ortiz","MIL","AA",21,94.1,7.537102879883615,3.53003552602144,2.13513514,1.1448763868177643,0.20153061,0.09438776,0.10714286,0.22507123,1.2296820451005617,0.25769231,0.75581395,4.007067353862175,4.395781055770474,-0.3887137019082987,4.013666215906739,"16942"
"Grant Holmes","OAK","AA",21,148.1,9.101122971361278,3.7011233416869196,2.45901639,0.9101122971361278,0.23291925,0.0947205,0.13819876,0.25958188,1.4157302399895322,0.32762836,0.69191919,4.48988733253823,4.022538257659561,0.46734907487866906,3.7644823589616516,"16944"
"Jake Jewell","LAA","AA",24,124.2,5.847594060038525,2.95989328964913,1.97560976,1.0106952696362883,0.14972274,0.07578558,0.07393715,0.27868852,1.4197862121081193,0.31043257,0.68476978,4.836898790402238,4.548924468409003,0.2879743219932349,3.941709605815646,"16958"
"Tanner Banks","CHW","AA",25,55.1,6.668675311782589,2.6024098777688156,2.5625,1.3012049388844078,0.16015625,0.0625,0.09765625,0.31932773,1.6626507552411878,0.35978836,0.59178744,6.180723459700937,4.486589576398928,1.6941338833020092,3.7879275919109308,"16990"
"Ariel Jurado","TEX","AA",21,157,5.445859872611465,2.121019108280255,2.56756757,0.9171974522292994,0.14136905,0.05505952,0.08630952,0.3008,1.4331210191082802,0.33463035,0.66792098,4.585987261146497,4.327411991167979,0.2585752699785173,4.000798651898743,"17030"
"Sean Reid-Foley","TOR","AA",21,132.2,8.27638254415867,3.595477662626308,2.30188679,1.492462425995826,0.20677966,0.08983051,0.11694915,0.27306968,1.492462425995826,0.31782946,0.70438799,5.087940088622133,4.8757873693881315,0.2121527192340018,4.186443863178935,"17034"
"Domingo Acevedo","NYY","AA",23,79.1,9.302521604811828,1.928571552217086,4.82352941,0.9075630833962759,0.26366559,0.05466238,0.20900322,0.22260274,1.0336135116457585,0.28217822,0.83791209,2.382353093915224,3.1872183454936613,-0.8048652515784371,3.237007209274267,"17092"
"Austin Davis","PHI","AA",24,47,8.808510638297872,3.8297872340425534,2.3,0.574468085106383,0.23232323,0.1010101,0.13131313,0.25423729,1.3829787234042554,0.328125,0.79288026,2.872340425531915,3.4377994314153146,-0.5654590058833997,3.718556110402371,"17117"
"Osmer Morales","LAA","AA",24,76.1,9.550218976964091,3.419214201629119,2.79310345,1.296943317859321,0.25,0.08950617,0.16049383,0.26279863,1.388646380738263,0.32835821,0.71274298,4.834061457475651,4.082527853249122,0.7515336042265295,3.103485129243878,"17133"
"Domingo German","NYY","AA",24,33,10.363636363636363,2.727272727272727,3.8,1.0909090909090908,0.26760563,0.07042254,0.1971831,0.24615385,1.2727272727272727,0.31818182,0.80729167,3,3.58866983760487,-0.5886698376048698,2.9115962135069298,"17149"
"Gabe Speier","ARI","AA",22,69,6.521739130434782,4.043478260869565,1.61290323,0.5217391304347826,0.16233766,0.10064935,0.06168831,0.29454545,1.6231884057971016,0.34841629,0.61808118,4.304347826086956,3.8522259090257727,0.45212191706118343,4.130372484136319,"17170"
"Jalen Beeks","BOS","AA",23,49.1,10.581082171989872,4.013513927306503,2.63636364,0.547297353723614,0.28712871,0.10891089,0.17821782,0.19774011,1.1554055245276296,0.27586207,0.86021505,2.189189414894456,3.1844929292482385,-0.9953035143537825,3.379832992573315,"17192"
"Sam Coonrod","SFG","AA",24,103.2,8.160772504974316,3.646302608605546,2.23809524,0.6077171014342576,0.20982143,0.09375,0.11607143,0.24242424,1.3311898412369452,0.30169492,0.62228654,4.688103353921416,3.794165362613287,0.8939379913081287,4.140758206903946,"17264"
"Thomas Pannone","CLE","AA",23,117,8.461538461538462,2.230769230769231,3.79310345,1.0769230769230769,0.23206751,0.06118143,0.17088608,0.22272727,1.0854700854700854,0.26582278,0.79181495,2.923076923076923,3.772042020977053,-0.84896509790013,3.6663632407657105,"17281"
"Michael Kopech","CHW","AA",21,119.1,11.689944632330723,4.525139857676409,2.58333333,0.45251398576764096,0.31762295,0.12295082,0.19467213,0.18246445,1.1480447416697557,0.27203065,0.72808321,2.865921909861726,2.828179260982057,0.03774264887966927,3.114368881372765,"17282"
"Justus Sheffield","NYY","AA",21,93.1,7.90714328804797,3.18214303055589,2.48484848,1.3500000735691655,0.20246914,0.08148148,0.12098765,0.25474255,1.3607143598673335,0.29304029,0.78804348,3.18214303055589,4.5750335475376716,-1.3928905169817813,3.9341592633375533,"17285"
"Framber Valdez","HOU","AA",23,49,9.73469387755102,4.224489795918367,2.30434783,0.7346938775510204,0.23245614,0.10087719,0.13157895,0.3,1.6938775510204083,0.39160839,0.66747573,5.877551020408164,3.926918035623979,1.9506329847841846,3.5241881077386896,"17295"
"Josh Taylor","ARI","AA",24,97,8.443298969072165,4.268041237113402,1.97826087,0.6494845360824743,0.2087156,0.10550459,0.10321101,0.29562982,1.6597938144329898,0.37113402,0.67674113,5.010309278350515,3.6285593917689374,1.381749886581578,3.6254336429318204,"17359"
"Matt Gage","SFG","AA",24,78,6.346153846153846,2.3076923076923075,2.75,0.5769230769230769,0.16871166,0.06134969,0.10736196,0.25496689,1.2435897435897436,0.29752066,0.80851064,2.8846153846153846,3.5711873201223523,-0.6865719355069677,3.695989338327677,"17381"
"Erick Fedde","WSN","AA",24,56.1,8.627219713851632,2.8757399046172107,3,0.6390533121371579,0.23684211,0.07894737,0.15789474,0.215311,1.1183432962400264,0.27152318,0.73630137,3.0355032326515,3.2427849548612047,-0.20728172220970453,3.140966895338684,"17425"
"Heath Fillmyer","OAK","AA",23,149.2,6.915367953319113,3.066815353211085,2.25490196,1.142539053157071,0.1799687,0.07981221,0.1001565,0.27147766,1.396436620525309,0.31026786,0.79087049,3.4877507938479004,4.570797944644498,-1.083047150796598,4.1215931172417415,"17466"
"Chad Sobotka","ATL","AA",23,31,6.67741935483871,5.516129032258065,1.21052632,0.2903225806451613,0.16428571,0.13571429,0.02857143,0.24369748,1.5483870967741935,0.29473684,0.63786008,5.516129032258065,4.080837409727035,1.4352916225310297,4.416502777991757,"17470"
"Jack Flaherty","STL","AA",21,63.1,8.810527023357755,1.56315802027315,5.63636364,0.28421054914057275,0.25619835,0.04545455,0.2107438,0.2034632,0.9157895472307344,0.26946108,0.86956522,1.4210527457028637,2.2883572657682825,-0.8673045200654188,2.9149599353101445,"17479"
"Genesis Cabrera","TBR","AA",20,64.2,7.0979392608861644,3.7577325498809104,1.88888889,0.8350516777513135,0.17288136,0.09152542,0.08135593,0.28301887,1.577319835752481,0.33173077,0.75569358,3.6185572702556916,4.13371419149477,-0.5151569212390781,4.299894632503904,"17490"
"Andrew Moore","SEA","AA",23,34.2,8.567306435319983,2.336538118723632,3.66666667,1.0384613860993919,0.23913043,0.06521739,0.17391304,0.21705426,1.067307535713264,0.26086957,0.92356688,2.0769227721987837,3.689673082645131,-1.6127503104463474,3.6522908169890105,"17553"
"JT Brubaker","PIT","AA",23,129.2,7.565553292756719,3.1233935612298382,2.42222222,0.6246787122459676,0.18923611,0.078125,0.11111111,0.28680688,1.5038561591106627,0.34814815,0.68277311,4.442159731526881,3.6723342802680876,0.7698254512587934,3.785510427428426,"17578"
"Tanner Scott","BAL","AA",22,69,11.347826086956522,6,1.89130435,0.2608695652173913,0.3,0.15862069,0.14137931,0.18595041,1.318840579710145,0.28104575,0.84257206,2.217391304347826,3.1670624594757526,-0.9496711551279264,3.477939454368923,"17586"
"Mitch Keller","PIT","AA",21,34.2,11.68269059361816,2.855768811773328,4.09090909,0.5192306930496959,0.31690141,0.07746479,0.23943662,0.19379845,1.0384613860993919,0.2804878,0.68181818,3.1153841582981756,2.503879733621706,0.6115044246764696,2.643576825268511,"17594"
"Taylor Clarke","ARI","AA",24,111.1,8.649700993963961,3.152694754809294,2.74358974,0.5658682893247451,0.23516484,0.08571429,0.14945055,0.22815534,1.1946108330189062,0.29194631,0.75471698,2.9101797736701176,3.166987692274093,-0.25680791860397534,3.418292502698506,"17611"
"Cody Carroll","NYY","AA",24,47.1,11.218311064632692,4.183099041049478,2.68181818,0.760563462008996,0.2979798,0.11111111,0.18686869,0.20809249,1.2253522443478269,0.29090909,0.83032491,2.6619721170314863,3.415174339470755,-0.7532022224392687,3.293996505986862,"17664"
"Rogelio Armenteros","HOU","AA",23,65.1,10.19387834462367,2.61734714253851,3.89473684,0.41326533829555423,0.28461538,0.07307692,0.21153846,0.20502092,1.0408164075591735,0.28395062,0.83586626,1.9285715787125863,2.6105914501982954,-0.6820198714857091,3.0895857908143802,"17679"
"Tyler Alexander","DET","AA",22,138.1,7.807228341547709,1.4963854321299774,5.2173913,1.3012047235912847,0.19543974,0.03745928,0.15798046,0.30479452,1.4530119413436013,0.35585586,0.62777778,5.07469842200601,4.020214138385402,1.0544842836206083,3.4956083332868473,"17735"
"Brody Koerner","NYY","AA",23,70.2,5.731132900473095,2.547170177988042,2.25,0.8915095622958147,0.14423077,0.06410256,0.08012821,0.29065744,1.4716983250597575,0.32489451,0.77160494,4.075472284780867,4.215599654297189,-0.1401273695163221,4.287589590765601,"17748"
"Patrick Weigel","ATL","AA",22,37.1,9.160715533762732,2.651786075562896,3.45454545,0.48214292282961746,0.24836601,0.07189542,0.17647059,0.22857143,1.1517858712040863,0.3,0.75829384,2.8928575369777048,2.818452576958398,0.07440496001930663,3.166918089442269,"17792"
"Trey Wingenter","SDP","AA",23,47.2,12.083914794504148,3.5874122046184187,3.36842105,1.132867011984764,0.32989691,0.09793814,0.23195876,0.19075145,1.0909089745038467,0.26213592,0.83333333,2.454545192633655,3.5874003812907564,-1.1328551886571017,2.7246528258045233,"17793"
"Jose Mujica","TBR","AA",21,154.1,5.015118459936783,2.565874560897889,1.95454545,1.0496759567309546,0.13826367,0.07073955,0.06752412,0.22222222,1.1144707688748408,0.23305085,0.79301075,3.032397208333869,4.408991717120886,-1.3765945087870168,4.099724633157623,"17821"
"Adbert Alzolay","CHC","AA",22,32.2,8.265304835525072,3.3061219342100285,2.5,0,0.22222222,0.08888889,0.13333333,0.2231405,1.1938773651313992,0.2967033,0.70731707,3.0306117730258593,2.562075151874826,0.4685366211510331,3.8159478003697767,"17859"
"Ian Gibaut","TBR","AA",23,52.2,10.765821745105043,4.443037545598907,2.42307692,1.0253163566766708,0.28378378,0.11711712,0.16666667,0.17277487,1.1202530563689552,0.22131148,0.77338129,2.2215187727994534,3.9675257714737238,-1.7460069986742703,3.3753344267481604,"17871"
"Nestor Cortes","NYY","AA",22,52,7.788461538461538,3.4615384615384617,2.25,0.5192307692307693,0.215311,0.09569378,0.11961723,0.19021739,1.0576923076923077,0.23529412,0.80645161,2.5961538461538463,3.6865719355069677,-1.0904180893531215,4.556276934536604,"17874"
"Brett Kennedy","SDP","AA",22,141,8.553191489361701,2.425531914893617,3.52631579,1.0212765957446808,0.22789116,0.06462585,0.16326531,0.24493554,1.2127659574468086,0.29770992,0.74550129,3.702127659574468,3.8465880312818164,-0.1444603717073485,3.6545410872034148,"17877"
"Dennis Santana","LAD","AA",21,32.2,10.193875963814255,6.336733707235888,1.60869565,0.5510203223683381,0.24025974,0.14935065,0.09090909,0.25,1.6836732072365885,0.33707865,0.63405797,5.510203223683381,4.233040341612025,1.277162882071356,4.283757831681942,"17878"
"Garrett Cleavinger","BAL","AA",23,54,9.833332986007514,5.333333144953228,1.84375,0.8333333038989419,0.23046875,0.125,0.10546875,0.26027397,1.6481480899334628,0.33548387,0.59770115,5.999999788072381,4.29910751010492,1.7008922779674611,4.061988331672709,"17897"
"Bobby Poyner","BOS","AA",24,38.1,12.208697272086404,2.58260903832597,4.72727273,0.4695652796956309,0.3537415,0.07482993,0.27891157,0.14074074,0.7826087994927182,0.20987654,0.85106383,0.9391305593912618,2.1293811546787005,-1.1902505952874387,2.6889598197341718,"17987"
"Tanner Anderson","PIT","AA",24,133.1,6.547499500465431,2.2274998300552498,2.93939394,0.4049999691009545,0.1773309,0.06032907,0.11700183,0.26120858,1.2524999044418408,0.31219512,0.71428571,3.374999742507954,3.1200334819793696,0.2549662605285845,3.1756153984817947,"18029"
"Matt Hall","DET","AA",23,35,10.028571428571428,5.4,1.85714286,0.5142857142857142,0.25,0.13461538,0.11538462,0.2238806,1.457142857142857,0.30107527,0.73170732,3.085714285714286,3.625033473968506,-0.5393191882542201,3.865079807383674,"18076"
"Ryan Meisinger","BAL","AA",23,63,9.571428571428571,3,3.19047619,0.2857142857142857,0.25283019,0.07924528,0.17358491,0.22540984,1.2063492063492063,0.30285714,0.71038251,3,2.5107477596827916,0.4892522403172084,3.227823457642207,"18105"
"Chance Adams","NYY","AA",22,35,8.228571428571428,3.857142857142857,2.13333333,0.5142857142857142,0.22535211,0.1056338,0.11971831,0.18253968,1.0857142857142856,0.22826087,0.91160221,1.0285714285714285,3.5107477596827916,-2.482176331111363,4.055833102975573,"18135"
"Ryan Helsley","STL","AA",22,33.2,10.96039438373915,4.00990038429481,2.73333333,1.0693067691452829,0.29078014,0.10638298,0.18439716,0.2,1.1881186323836477,0.2625,0.81920904,2.673266922863207,3.8493265222374364,-1.1760595993742293,3.468547166903567,"18138"
"Anthony Misiewicz","TBR","AA",22,69.2,7.234450619052887,2.0669858911579677,3.5,0.9043063273816109,0.2,0.05714286,0.14285714,0.25095057,1.177033632464954,0.295,0.69672131,4.004785164118562,3.663313851426938,0.34147131269162445,3.574853837928589,"18152"
"James Naile","OAK","AA",24,61.2,6.129729224150026,2.481080876441677,2.47058824,0.7297296695416697,0.16666667,0.06746032,0.09920635,0.23404255,1.1675674712666715,0.26595745,0.64615385,3.210810545983347,3.8335920137833157,-0.6227814677999688,3.807323392986135,"18186"
"P.J. Conlon","NYM","AA",23,136,7.147058823529412,2.514705882352941,2.84210526,0.9264705882352942,0.19115044,0.06725664,0.12389381,0.24856597,1.2352941176470589,0.28927681,0.7808399,3.375,3.9015040622038004,-0.5265040622038004,3.897814436300713,"18213"
"Andrew Suarez","SFG","AA",24,67,7.388059701492537,2.014925373134328,3.66666667,0.40298507462686567,0.19366197,0.0528169,0.14084507,0.27067669,1.2985074626865671,0.33173077,0.6993007,2.955223880597015,2.971302130684924,-0.016078250087908863,3.504653733968735,"18300"
"Pedro Payano","TEX","AA",22,84.1,8.217391799950388,4.482213709063848,1.83333333,0.42687749610131887,0.20754717,0.11320755,0.09433962,0.2428115,1.3992095705543228,0.31034483,0.75545171,3.62845871686121,4.168428129867433,-0.5399694130062227,4.658644809442959,"18313"
"Jacob Waguespack","PHI","AA",23,37,8.513513513513514,3.891891891891892,2.1875,0.4864864864864865,0.21472393,0.09815951,0.11656442,0.25517241,1.4324324324324325,0.32407407,0.72796935,3.6486486486486487,3.495303744238776,0.15334490440987247,3.8185580717550742,"18318"
"Josh Sborz","LAD","AA",23,116.2,6.248571973403667,4.32000037667414,1.44642857,0.6171429109534485,0.16039604,0.11089109,0.04950495,0.23820225,1.3885715496452593,0.2752809,0.68475452,3.8571431934590534,4.3603875145581386,-0.5032443210990851,4.73326853451062,"18323"
"Alex Young","ARI","AA",23,137,6.766423357664234,3.81021897810219,1.77586207,0.7883211678832117,0.17340067,0.0976431,0.07575758,0.23764259,1.3357664233576643,0.27493917,0.71509648,3.678832116788321,4.23718306548404,-0.5583509486957192,4.308641852210038,"18333"
"Josh Staumont","KCR","AA",23,48.2,8.321916938476882,6.287670575738089,1.32352941,0.369862975043417,0.20930233,0.15813953,0.05116279,0.23728814,1.5616436724055385,0.30769231,0.71243523,4.438355700521004,4.342070290563176,0.09628540995782853,5.133833229743869,"18335"
"Nick Anderson","MIN","AA",26,33.2,9.891087614593866,1.8712868460042449,5.28571429,0,0.296,0.056,0.24,0.16239316,0.7722771110493709,0.2375,0.85185185,1.0693067691452829,1.6279471837636048,-0.5586404146183219,2.554902545353794,"18337"
"Brandon Waddell","PIT","AA",23,66,7.636363636363637,3.6818181818181817,2.07407407,0.4090909090909091,0.19787986,0.09540636,0.1024735,0.23809524,1.3181818181818181,0.29533679,0.72580645,3.5454545454545454,3.5280637769988092,0.017390768455736172,3.8897596748489325,"18347"
"Jaime Barria","LAA","AA",20,61.2,6.859458893691696,2.189189008625009,3.13333333,1.1675674712666715,0.18076923,0.05769231,0.12307692,0.25306122,1.2486485456601903,0.28421053,0.75987842,3.210810545983347,4.0049872925718715,-0.7941767465885246,3.9632205036421055,"18356"
"Michael Soroka","ATL","AA",19,153.2,7.321041699393627,1.9913233422350665,3.67647059,0.5856833359514901,0.19936204,0.05422648,0.14513557,0.22813036,1.0867679678210984,0.27455357,0.73006135,2.7527116789720036,3.1911865857033628,-0.43847490673135914,3.271778092330746,"18383"
"Enyel De Los Santos","SDP","AA",21,150,8.28,2.88,2.875,0.72,0.22366288,0.07779579,0.1458671,0.23351159,1.1933333333333334,0.28953771,0.693302,3.78,3.634673137664795,0.14532686233520486,3.7239913113415244,"18403"
"Tyler Cyr","SFG","AA",24,49.1,10.398649720748667,3.6486490248240933,2.85,0.547297353723614,0.26027397,0.0913242,0.16894977,0.25380711,1.4189190652093697,0.34306569,0.76696165,2.189189414894456,3.0426010227273013,-0.8534116078328453,3.237941086052378,"18421"
"Danny Young","TOR","AA",23,32.2,6.336733707235888,3.8571422565783666,1.64285714,0.5510203223683381,0.15972222,0.09722222,0.0625,0.234375,1.346938565789271,0.27184466,0.71759259,3.8571422565783666,4.082176197652587,-0.2250339410742206,4.230426171129741,"18439"
"Shea Spitzbarth","LAD","AA",22,54,8.333333333333334,3,2.77777778,0.5,0.21645022,0.07792208,0.13852814,0.23584906,1.2592592592592593,0.29559748,0.66358025,3,3.240599063590721,-0.24059906359072114,4.0121839494065,"18475"
"Josh Rogers","NYY","AA",22,39,6.6923076923076925,1.8461538461538463,3.625,1.1538461538461537,0.18125,0.05,0.13125,0.23648649,1.1025641025641026,0.26315789,0.675,4.615384615384615,4.327597576532609,0.28778703885200585,4.181780674213019,"18510"
"Travis Lakins","BOS","AA",23,30.1,5.637363228154783,6.230769883750023,0.9047619,0.5934066555952403,0.13768116,0.15217391,-0.01449275,0.29310345,1.8131870032076787,0.33684211,0.58270677,6.230769883750023,5.005253440754227,1.2255164429957963,5.204014869402414,"18600"
"Freddy Peralta","MIL","AA",21,63.2,12.863873317868432,4.382198602790345,2.93548387,0.2827224905026029,0.3460076,0.11787072,0.22813688,0.16666667,1.0837695469266444,0.26666667,0.78347578,2.261779924020823,2.3120484178191227,-0.05026849379829956,2.7001979768905837,"18679"
"Sandy Alcantara","STL","AA",21,125.1,7.611702436556813,3.8776597318308297,1.96296296,0.933510676181496,0.19099099,0.0972973,0.09369369,0.25720165,1.4281915473204083,0.30517711,0.73947668,4.308510813145366,4.623183829064499,-0.31467301591913266,4.442469058842221,"18684"
"Kolby Allard","ATL","AA",19,150,7.74,2.7,2.86666667,0.66,0.20772947,0.07246377,0.1352657,0.25391304,1.2733333333333334,0.31034483,0.73612684,3.18,3.2664288075764976,-0.0864288075764974,3.418361166119576,"18694"
"Dillon Peters","MIA","AA",24,45.2,7.883210800815688,2.1678829702243143,3.63636364,0.1970802700203922,0.22346369,0.06145251,0.16201117,0.2,0.9635035423219174,0.25806452,0.78947368,1.970802700203922,2.5656502797420746,-0.5948475795381527,3.327398091245102,"18790"
"Chris Rowley","TOR","AA",26,52,8.48076923076923,1.5576923076923077,5.44444444,0.6923076923076923,0.24747475,0.04545455,0.2020202,0.17741935,0.8076923076923077,0.21804511,0.88832487,1.7307692307692308,3.0327257816608135,-1.3019565508915827,3.218988597851533,"18820"
"Beau Burrows","DET","AA",20,76.1,8.842795349040825,3.890829953577963,2.27272727,0.589519689936055,0.2265861,0.09969789,0.12688822,0.26510067,1.4672490060630703,0.33944954,0.68571429,4.71615751948844,3.40843959972639,1.3077179197620499,3.675831618841123,"18873"
"Dakota Hudson","STL","AA",22,114,6.078947368421052,2.6842105263157894,2.26470588,0.39473684210526316,0.15975104,0.07053942,0.08921162,0.25227273,1.2719298245614035,0.29608939,0.78767123,2.526315789473684,3.639234541173567,-1.1129187516998829,3.82719428898734,"19206"
"Cole Irvin","PHI","AA",23,84.1,7.043478685671761,2.561264976607913,2.75,1.2806324883039566,0.18911175,0.06876791,0.12034384,0.225,1.138339989603517,0.24793388,0.71258907,4.055336212962529,4.541239086947573,-0.4859028739850437,4.04180700569144,"19244"
"Jesus Reyes","CIN","AA",24,51.2,7.664515374508237,3.483870624776471,2.2,0.5225805937164707,0.20183486,0.09174312,0.11009174,0.27777778,1.4516127603235296,0.34437086,0.79096045,3.3096770935376476,3.325998679090615,-0.016321585552967477,3.0052966199946045,"19277"
"Zac Gallen","STL","AA",21,71.1,5.2990657983987255,2.3971964326089474,2.21052632,1.009345866361662,0.13815789,0.0625,0.07565789,0.26855124,1.3317757958938596,0.29184549,0.74592075,3.7850469988562323,4.478224622498377,-0.693177623642145,4.5549730520498475,"19291"
"Trevor Richards","MIA","AA",24,75.1,9.199115665342326,2.150442623067037,4.27777778,0.47787613845934157,0.24522293,0.05732484,0.18789809,0.22866894,1.1283186602512232,0.29716981,0.67961165,2.8672568307560495,2.5953963242455442,0.2718605065105053,2.824267731042588,"19309"
"Cal Quantrill","SDP","AA",22,42.1,7.228347325163993,3.401575211841879,2.125,1.0629922537005871,0.1761658,0.08290155,0.09326425,0.29378531,1.6062994055919984,0.34057971,0.72131148,4.0393705640622315,4.377665391365382,-0.33829482730315075,4.148851423728016,"19312"
"Eric Lauer","SDP","AA",22,55,7.8545454545454545,2.7818181818181817,2.82352941,0.9818181818181818,0.21145374,0.07488987,0.13656388,0.24761905,1.2545454545454546,0.29487179,0.72607261,3.9272727272727272,3.914673137664795,0.01259958960793206,3.9002819991924547,"19316"
"Joey Lucchesi","SDP","AA",24,60.1,7.906078014570038,2.08839796611284,3.78571429,0.44751384988132287,0.22362869,0.05907173,0.16455696,0.20720721,0.9944752219584952,0.25903614,0.77464789,1.7900553995252915,2.95003222294668,-1.1599768234213885,3.392322302507823,"19320"
"Richard Lovelady","KCR","AA",21,33.1,9.720001483154523,3.5100005355835777,2.76923077,0.2700000411987368,0.26277372,0.09489051,0.16788321,0.22580645,1.2300001876831341,0.31034483,0.73232323,2.160000329589894,2.714673046112047,-0.5546727165221528,3.1543762612128257,"19337"
"A.J. Puk","OAK","AA",22,64,12.09375,3.515625,3.44,0.28125,0.30824373,0.08960573,0.21863799,0.25498008,1.390625,0.3803681,0.65022422,4.359375,2.345923137664795,2.013451862335205,2.82195296084974,"19343"
"Corbin Burnes","MIL","AA",22,85.2,8.824903771652492,2.1011675646791645,4.2,0.21011675646791647,0.24925816,0.05934718,0.18991098,0.20952381,1.0038911697911563,0.27947598,0.78638498,2.1011675646791645,2.2259358358230728,-0.1247682711439082,2.75347029942991,"19361"
"Walker Buehler","LAD","AA",22,49,11.755102040816327,2.7551020408163267,4.26666667,0.9183673469387755,0.32820513,0.07692308,0.25128205,0.22222222,1.1224489795918366,0.31531532,0.75,3.489795918367347,2.947326198889285,0.5424697194780621,2.3498431373311552,"19374"
"Shane Bieber","CLE","AA",22,54.1,8.116565176987459,0.8282209364272918,9.8,0.3312883745709167,0.22374429,0.02283105,0.20091324,0.26168224,1.1226994916014401,0.33128834,0.79037801,2.3190186219964173,2.1759536211606028,0.14306500083581453,2.636247549455884,"19427"
"Edward Paredes","LAD","AA",30,32,12.65625,3.375,3.75,0.28125,0.32142857,0.08571429,0.23571429,0.26829268,1.40625,0.41558442,0.80246914,2.8125,2.502173137664795,0.3103268623352049,3.032220092881471,"4168"
"Justin De Fratus","SEA","AA",29,98.1,4.850847708535803,1.2813559984811556,3.78571429,1.3728814269440952,0.12296984,0.0324826,0.09048724,0.29064039,1.3423729507897821,0.30473373,0.67213115,4.850847708535803,4.982469834100585,-0.1316221255647818,4.6400749113201805,"4955"
"Brandon Mann","OAK","AA",33,75.2,9.634362528711062,4.281938901649361,2.25,0.7136564836082269,0.24471299,0.10876133,0.13595166,0.2283737,1.3480178023710951,0.2970297,0.62248996,4.400881648917399,3.869739291582305,0.531142357335094,3.904967276504019,"5172"
"Robert Stock","CIN","AA",27,45.1,7.147059625407906,4.169118114821279,1.71428571,0,0.19459459,0.11351351,0.08108108,0.2392638,1.3235295602607233,0.30708661,0.73770492,2.9779415105866276,2.9807425182170917,-0.002801007630464092,3.6691433724008338,"6576"
"Anthony Vasquez","DET","AA",30,31.2,5.11578896012668,1.4210524889240779,3.6,0.8526314933544467,0.13636364,0.03787879,0.09848485,0.26771654,1.2315788237342007,0.29245283,0.77586207,2.8421049778481557,3.793454469538137,-0.9513494916899812,3.8355471732226225,"6577"
"Cory Burns","NYM","AA",29,40.1,10.933885676345911,3.1239673360988314,3.5,0.2231405240070594,0.29166667,0.08333333,0.20833333,0.26143791,1.3388431440423565,0.37864078,0.67164179,4.0165294321270695,2.233297811714909,1.7832316204121605,2.49921329129335,"6620"
"Tyler Sturdevant","OAK","AA",31,33.2,8.287127460875942,1.8712868460042449,4.42857143,1.3366334614316036,0.22142857,0.05,0.17142857,0.2406015,1.1584156665740564,0.27835052,0.65625,3.7425736920084898,4.027544317094984,-0.28497062508649407,3.671370476859325,"6780"
"Colt Hynes","LAD","AA",32,56,6.75,1.9285714285714286,3.5,0.9642857142857143,0.17427386,0.04979253,0.12448133,0.27433628,1.3214285714285714,0.31460674,0.77259475,3.6964285714285716,4.011101709093366,-0.31467313766479466,3.811765959699239,"7560"
"Paul Clemens","MIN","AA",29,53.1,7.087500675916736,3.8812503701448793,1.82608696,0.8437500804662781,0.18340611,0.10043668,0.08296943,0.23383085,1.3125001251697659,0.27272727,0.79411765,2.8687502735853454,4.331845590472233,-1.4630953168868879,4.173663022371119,"8037"
"Donovan Hand","NYM","AA",31,49.2,5.979865159426168,2.1744964216095153,2.75,0.5436241054023788,0.16336634,0.05940594,0.1039604,0.21164021,1.0469797585527296,0.24183007,0.69672131,3.0805365972801466,3.4666441874806746,-0.386107590200528,4.0667094281579645,"8728"
"Elih Villanueva","BOS","AA",30,57.1,7.534884389379137,2.3546513716809803,3.2,1.8837210973447842,0.17454545,0.05454545,0.12,0.33203125,1.7441862012451705,0.37244898,0.58486239,7.8488379056032676,5.265731329425355,2.5831065761779124,4.17936081117246,"8796"
"Bryan Evans","SEA","AA",30,36.1,9.660551811085526,1.486238740167004,6.5,1.2385322834725032,0.26,0.04,0.22,0.27272727,1.2385322834725032,0.34343434,0.79487179,3.4678903937230094,3.5348566547265734,-0.06696626100356395,2.792509604485284,"sa455162"
"Jarret Martin","SFG","AA",27,39.2,9.075629088377228,6.806721816282921,1.33333333,0,0.23952096,0.17964072,0.05988024,0.1641791,1.3109242016544884,0.23404255,0.83636364,2.042016544884876,3.7040250091884155,-1.6620084643035393,4.421763763927134,"sa455420"
"Brooks Hall","ARI","AA",27,54.2,6.585365240946957,2.6341460963787826,2.5,0.3292682620473478,0.16736402,0.06694561,0.10041841,0.30593607,1.5182925416627706,0.36723164,0.6175772,5.597560454804913,3.22285156159228,2.3747088932126332,3.7462623965119692,"sa501327"
"Danny Reynolds","ATL","AA",26,58,8.068965517241379,4.810344827586207,1.67741935,0,0.20717131,0.12350598,0.08366534,0.23364486,1.396551724137931,0.30864198,0.71264368,3.2586206896551726,3.233785129415578,0.024835560239594656,4.24264833701068,"sa501564"
"Nate Reed","SFG","AA",29,52,7.615384615384615,4.5,1.69230769,1.0384615384615385,0.18333333,0.10833333,0.075,0.2952381,1.6923076923076923,0.35,0.63397129,6.403846153846154,4.763495012430044,1.6403511414161098,4.3813195892251455,"sa502048"
"Jordan Harrison","TBR","AA",26,57.2,7.64739816942176,6.710982067043585,1.13953488,0.3121387007927249,0.19291339,0.16929134,0.02362205,0.20873786,1.4913293482319079,0.26451613,0.78231293,3.277456358323611,4.361650277414064,-1.084193919090453,4.637981131579584,"sa502697"
"Brad Schreiber","TBR","AA",26,41.1,8.274194566566045,5.443549056951345,1.52,0.4354839245561076,0.19387755,0.12755102,0.06632653,0.27710843,1.7177421468602023,0.34920635,0.6284153,6.31451690606356,4.0808375288122924,2.233679377251268,4.183231108854242,"sa503433"
"Jose A. Flores","SFG","AA",28,47.1,8.556338947601205,2.8521129825337352,3,0,0.24064171,0.0802139,0.16042781,0.19298246,1.0140846160119947,0.26190476,0.75510204,2.091549520524739,2.3377094349580108,-0.2461599144332718,3.1396900165887263,"sa503583"
"Jake Johansen","CHW","AA",26,38,7.578947368421052,4.7368421052631575,1.6,0.7105263157894737,0.19631902,0.12269939,0.07361963,0.23741007,1.394736842105263,0.28846154,0.73863636,4.2631578947368425,4.384304518610804,-0.1211466238739618,4.055124115243334,"sa503669"
"Tyler Higgins","MIA","AA",26,60.1,7.011050314807392,2.535911815994163,2.76470588,1.04419898305642,0.19105691,0.06910569,0.12195122,0.27074236,1.3093923755786854,0.31428571,0.76589595,3.4309395157568088,3.9086756518099603,-0.47773613605315157,3.693516872135934,"sa503722"
"Tim Berry","BAL","AA",26,44.1,10.556392188554598,7.308271515153184,1.44444444,0.20300754208758845,0.2464455,0.17061611,0.07582938,0.26035503,1.8045114852230084,0.37068966,0.80378251,3.4511282154890037,4.0145072487535725,-0.5633790332645687,4.497250650066898,"sa503777"
"Omar Bencomo","MIA","AA",28,72.2,9.165138897696524,2.229358110250506,4.11111111,1.2385322834725032,0.23717949,0.05769231,0.17948718,0.27491409,1.3486240420033926,0.33816425,0.71264368,4.582569448848262,3.732361615979416,0.850207832868846,3.1243885518711796,"sa503950"
"Miller Diaz","ARI","AA",25,38.2,8.844826422747063,4.887930391518114,1.80952381,0.46551718014458227,0.22619048,0.125,0.10119048,0.24827586,1.4741377371245106,0.32380952,0.67615658,3.724137441156658,3.6044747199513343,0.11966272120532384,3.6887083214640164,"sa504858"
"Carlos Alvarado","SFG","AA",27,58.2,10.738635432621745,4.295454173048698,2.5,0.9204544656532925,0.28571429,0.11428571,0.17142857,0.23041475,1.329545339276978,0.31205674,0.81896552,3.2215906297865233,3.600033441456884,-0.37844281167036087,3.746576364807453,"sa505053"
"Todd Van Steensel","MIN","AA",26,58.2,9.051135578924042,3.835226940222052,2.36,0,0.24789916,0.10504202,0.14285714,0.20192308,1.1420453555327887,0.28187919,0.875,1.3806816984799386,2.6358227883488645,-1.255141089868926,3.6165982420652063,"sa505234"
"Braulio Lara","WSN","AA",28,39.2,10.663864178843243,7.260503270701783,1.46875,1.3613443632565843,0.24479167,0.16666667,0.078125,0.28301887,1.941176221680685,0.36792453,0.77586207,4.084033089769752,5.317470180455478,-1.233437090685726,4.367880447186931,"sa506176"
"Raul Fernandez","MIN","AA",27,38.1,10.095653513456064,5.400000716499755,1.86956522,1.4086958390868927,0.25146199,0.13450292,0.11695907,0.26712329,1.6173915189516175,0.34020619,0.80935252,4.226087517260678,4.860921793110235,-0.6348342758495562,3.563925062398483,"sa506313"
"Jefri Hernandez","BAL","AA",26,49.1,6.750000695924573,3.1013516711004794,2.17647059,1.8243245124120466,0.17370892,0.07981221,0.09389671,0.28571429,1.4797298822897713,0.30872483,0.88135593,3.466216573582889,5.393952616502828,-1.927736042919939,4.321798784052971,"sa506317"
"Aroni Nina","SDP","AA",27,30,6.6,3,2.2,0.3,0.17460317,0.07936508,0.0952381,0.26086957,1.3333333333333333,0.31521739,0.70707071,3.3,3.381339804331462,-0.08133980433146215,4.13878413711985,"sa506381"
"Kyle Winkler","TBR","AA",27,43.1,8.723077946950818,4.569231305545666,1.90909091,0.41538466414051517,0.22702703,0.11891892,0.10810811,0.23312883,1.3846155471350505,0.30252101,0.75174825,3.1153849810538636,3.2977108805278372,-0.1823258994739736,3.6879489670178036,"sa526575"
"Matt Lujan","SFG","AA",28,70.1,7.037915200900775,2.303317702112981,3.05555556,1.0236967564946582,0.17684887,0.05787781,0.11897106,0.30136986,1.5071091137282466,0.34934498,0.70981211,4.990521687911459,3.950152009818889,1.0403696780925697,3.871381583418642,"sa526820"
"Luis Niebla","COL","AA",26,45.2,5.912408100611766,5.32116729055059,1.11111111,0.985401350101961,0.14354067,0.1291866,0.01435407,0.3021978,1.7956202379635733,0.34013605,0.62666667,6.30656864065255,5.108244943052254,1.198323697600296,5.425316630761777,"sa542987"
"Kender Villegas","TOR","AA",24,40,5.85,5.4,1.08333333,0.675,0.14054054,0.12972973,0.01081081,0.2611465,1.625,0.296875,0.70987654,4.725,5.0000334739685055,-0.27503347396850586,5.418892282992601,"sa546467"
"Miguel Nunez","PHI","AA",24,35.1,6.367925444970105,5.094340355976084,1.25,1.0188680711952167,0.16339869,0.13071895,0.03267974,0.23664122,1.4433964341932237,0.26470588,0.82278481,3.5660382491832587,5.149562052892804,-1.5835238037095456,5.020802958347319,"sa547827"
"Peter Tago","SEA","AA",24,39,11.076923076923077,5.538461538461538,2,0.23076923076923078,0.29090909,0.14545455,0.14545455,0.16546763,1.205128205128205,0.24444444,0.75630252,2.5384615384615383,3.186468009459667,-0.6480064709981286,3.710021830407473,"sa548162"
"Ralston Cash","LAD","AA",25,49,11.938775974926694,3.6734695307466754,3.25,0.734693906149335,0.28888889,0.08888889,0.2,0.27586207,1.551020468537485,0.3880597,0.64917127,4.9591838665080115,3.06977516894835,1.8894086975596616,3.207951493725372,"sa548277"
"Matthew Grimes","BAL","AA",25,85,5.6117647058823525,3.388235294117647,1.65625,1.8,0.14058355,0.08488064,0.05570292,0.29239766,1.5529411764705883,0.30514706,0.71942446,5.4,5.813268768086154,-0.4132687680861533,4.8600806776215055,"sa548289"
"Blake Perry","SEA","AA",25,62,9.725806451612904,4.790322580645161,2.03030303,0.7258064516129032,0.23591549,0.11619718,0.11971831,0.26612903,1.596774193548387,0.34659091,0.62105263,5.661290322580645,3.943705395729311,1.717584926851334,4.177789562676223,"sa548326"
"Robbie Aviles","CLE","AA",25,57.2,5.462427263872685,2.0289015551527116,2.69230769,0.4682080511890873,0.15021459,0.05579399,0.0944206,0.23394495,1.1098264917074663,0.26666667,0.71197411,3.121387007927249,3.467808019029514,-0.3464210111022652,3.9023431033787475,"sa548357"
"Jacob Dahlstrand","BOS","AA",25,77,4.441558441558442,5.376623376623376,0.82608696,1.051948051948052,0.10555556,0.12777778,-0.02222222,0.29807692,1.8051948051948052,0.31698113,0.63084112,6.662337662337662,5.627630876565909,1.0347067857717533,5.263601152076349,"sa548492"
"Estevan Gonzalez","TOR","AA",25,33.2,6.683167307158017,6.148513922585376,1.08695652,1.3366334614316036,0.15243902,0.1402439,0.01219512,0.28368794,1.8712868460042449,0.31531532,0.53571429,7.4851473840169795,5.720082601974166,1.7650647820428134,5.410223922393845,"sa548554"
"Andrew Robinson","WSN","AA",29,39,10.846153846153847,3,3.61538462,1.1538461538461537,0.28834356,0.0797546,0.20858896,0.19463087,1.0769230769230769,0.24742268,0.66666667,3.6923076923076925,3.5583668073018395,0.133940885005853,3.2300479332606,"sa549091"
"Randy LeBlanc","MIN","AA",25,79,5.582278481012659,2.7341772151898733,2.04166667,0.11392405063291139,0.14411765,0.07058824,0.07352941,0.28525641,1.4303797468354431,0.33587786,0.683391,3.9873417721518987,3.100437246395063,0.8869045257568358,3.886425239036355,"sa549258"
"Derek Eitel","WSN","AA",29,44.2,8.2611930891358,5.641790402336644,1.46428571,0.6044775431074976,0.21243523,0.14507772,0.06735751,0.2195122,1.4328356577362906,0.275,0.75657895,3.6268652586449854,4.210107988662206,-0.5832427300172207,4.399298548782113,"sa549271"
"Forrest Snow","MIL","AA",28,58.2,11.965908053492802,3.0681815521776414,3.9,0.6136363104355282,0.30708661,0.07874016,0.22834646,0.24454148,1.2954544331416709,0.3537415,0.76923077,3.3749997073954057,2.618777335281211,0.7562223721141947,2.9126689827778063,"sa549462"
"Jared Lakind","PIT","AA",25,35.2,9.58878367931563,4.289719014430677,2.23529412,0.7570092378407077,0.22222222,0.0994152,0.12280702,0.32026144,1.850467025832841,0.41071429,0.60509554,6.813083140566369,3.701668920016359,3.11141422055001,3.838820046225796,"sa549657"
"Tom Windle","PHI","AA",25,51,7.764705882352941,3.7058823529411766,2.0952381,0.7058823529411765,0.20657277,0.09859155,0.10798122,0.1957672,1.1372549019607843,0.23404255,0.63176895,4.235294117647059,3.9309158269096827,0.3043782907373762,3.771930026891185,"sa549785"
"David Garner","CHC","AA",24,31,10.741935483870968,4.935483870967742,2.17647059,0.8709677419354839,0.28030303,0.12878788,0.15151515,0.20353982,1.2903225806451613,0.2739726,0.84656085,2.6129032258064515,3.822772893598003,-1.2098696677915517,3.697238687930569,"sa549882"
"Mark Blackmar","WSN","AA",25,31.1,4.021277003722191,3.1595747886388645,1.27272727,1.1489362867777688,0.09722222,0.07638889,0.02083333,0.3255814,1.6914895333117153,0.34234234,0.64202335,6.893617720666613,5.42716135695923,1.4664563637073833,5.281964937365458,"sa549945"
"Ben Griset","NYM","AA",25,49,6.612244897959184,4.040816326530612,1.63636364,0.3673469387755102,0.17910448,0.10945274,0.06965174,0.18539326,1.1224489795918366,0.22142857,0.80827068,2.3877551020408165,3.6944212290705467,-1.3066661270297302,4.471119026505217,"sa550008"
"John Simms","WSN","AA",25,112,6.991071428571429,2.25,3.10714286,0.7232142857142857,0.19037199,0.06126915,0.12910285,0.22857143,1.1071428571428572,0.26851852,0.72259136,3.5357142857142856,3.7071763311113632,-0.17146204539707766,3.954712613033397,"sa550088"
"Corey Littrell","STL","AA",25,34.2,6.749999009646047,5.19230693049696,1.3,0.5192306930496959,0.16993464,0.13071895,0.03921569,0.21538462,1.3846151814658558,0.25490196,0.6846473,4.1538455443975675,4.555057571061291,-0.4012120266637238,4.902020816799537,"sa550166"
"Kyle Hunter","SEA","AA",28,51.1,7.012987707855196,2.4545456977493183,2.85714286,1.4025975415710392,0.17094017,0.05982906,0.11111111,0.30414747,1.55844171285671,0.34319527,0.76601671,4.733766702802257,4.775712243467961,-0.04194554066570344,4.343594330212058,"sa550211"
"James Buckelew","MIA","AA",25,33,7.636363636363637,2.1818181818181817,3.5,0.5454545454545454,0.21052632,0.06015038,0.15037594,0.18032787,0.9090909090909091,0.2173913,0.52980132,3.272727272727273,3.204004565152255,0.06872270757501786,3.095834625218854,"sa550261"
"Dusty Isaacs","TOR","AA",25,61.2,11.09189097703338,4.086486149433351,2.71428571,1.0216215373583377,0.28571429,0.10526316,0.18045113,0.20524017,1.216216115902783,0.2739726,0.78167116,3.7945942816166824,4.035844217903694,-0.24124993628701175,4.09910408233885,"sa550364"
"Dylan Unsworth","SEA","AA",24,119.2,6.46796712363981,1.5041784008464676,4.3,0.6768802803809104,0.17303823,0.04024145,0.13279678,0.23880597,1.103064160620743,0.27540107,0.71428571,3.3091924818622287,3.5570129911345036,-0.24782050927227495,3.8793194830291333,"sa550449"
"Wirkin Estevez","WSN","AA",25,62,5.225806451612903,3.9193548387096775,1.33333333,0.43548387096774194,0.13533835,0.10150376,0.03383459,0.27659574,1.4838709677419355,0.31632653,0.71895425,3.629032258064516,4.192775409452377,-0.563743151387861,4.730872696349698,"sa550539"
"Esmerling De La Rosa","MIA","AA",26,35.1,10.188680711952168,3.820755266982063,2.66666667,1.0188680711952167,0.27027027,0.10135135,0.16891892,0.2519084,1.3584907615936224,0.33333333,0.72072072,4.330189302579671,3.7640389641734417,0.5661503384062296,3.3687788014169753,"sa550547"
"Jhondaniel Medina","LAA","AA",24,35,9.514285714285714,5.4,1.76190476,1.0285714285714285,0.23870968,0.13548387,0.10322581,0.19379845,1.3142857142857143,0.23863636,0.72687225,4.628571428571429,4.713095474243165,-0.08452404567173577,4.509117873225894,"sa550551"
"Carlos Navas","OAK","AA",24,52.2,8.202530853413366,2.5632908916916772,3.2,0.6835442377844472,0.22018349,0.06880734,0.15137615,0.24257426,1.2151897560612395,0.3,0.70707071,3.2468351294761244,3.390622497418623,-0.1437873679424988,3.825503906382158,"sa550615"
"Fernando Baez","TBR","AA",25,36.2,11.781816547488605,9.327271433428479,1.26315789,1.227272557030063,0.27118644,0.21468927,0.05649718,0.20454545,1.772727026821202,0.27848101,0.76923077,4.418181205308227,5.949458717157087,-1.5312775118488604,5.240623652584329,"sa550675"
"Johendi Jiminian","COL","AA",24,33,6.545454545454546,5.181818181818182,1.26315789,1.9090909090909092,0.14906832,0.11801242,0.0310559,0.31690141,1.9393939393939394,0.34234234,0.79335793,5.7272727272727275,6.255336504271536,-0.5280637769988088,5.438918082280592,"sa550714"
"Andy Beltre","MIA","AA",23,34,11.911764705882353,3.9705882352941178,3,0.5294117647058824,0.29801325,0.09933775,0.1986755,0.23529412,1.3823529411764706,0.33707865,0.70135747,3.4411764705882355,2.5542719448313997,0.8869045257568358,3.022950787842274,"sa551335"
"Austin Ross","CIN","AA",28,101.1,6.03947398735217,2.753289611881136,2.19354839,0.26644738179494865,0.16425121,0.07487923,0.08937198,0.22933333,1.1546053211114442,0.27302632,0.84437086,1.8651316725646407,3.310463905202386,-1.4453322326377451,3.916869988628963,"sa553380"
"Derek Self","WSN","AA",27,58.1,5.554286198581037,2.7771430992905186,2,1.080000094168535,0.14693878,0.07346939,0.07346939,0.25550661,1.3028572564572802,0.27717391,0.74018127,3.8571431934590534,4.4764621545129994,-0.619318961053946,4.563672815456279,"sa577722"
"Will Lamb","CHW","AA",26,31.2,10.799998915822991,5.6842099556963115,1.9,1.1368419911392622,0.27941176,0.14705882,0.13235294,0.24561404,1.5157893215190164,0.33333333,0.85585586,2.8421049778481557,4.503039039818255,-1.660934061970099,4.109566520900872,"sa577799"
"Matt Crouse","DET","AA",26,109.2,5.66261450701909,2.5440731843129245,2.22580645,1.3130700306131222,0.14256198,0.06404959,0.0785124,0.28097345,1.4407296169227315,0.30245232,0.6954612,4.5957451071459285,4.7387114259253,-0.14296631877937127,4.583589649287539,"sa577832"
"Lindsey Caughel","SEA","AA",26,157.2,6.6215649092476205,2.1691333323397375,3.05263158,1.0274842100556651,0.18040435,0.05909798,0.12130638,0.24503311,1.179704093026875,0.27659574,0.74783684,3.7103596474232354,4.069430057397042,-0.3590704099738069,4.2444002466077375,"sa578783"
"Alex Blackford","LAA","AA",26,39.1,7.093221256220058,2.7457630669238937,2.58333333,0.6864407667309734,0.19018405,0.07361963,0.11656442,0.22972973,1.1694916766527694,0.27192982,0.60267857,4.57627177820649,3.6724175804684016,0.9038541977380881,3.994979274784232,"sa579787"
"Tim Shibuya","LAD","AA",27,60.1,4.922652348694552,1.1933702663501944,4.125,0.1491712832937743,0.14224138,0.03448276,0.10775862,0.20179372,0.8784531127300041,0.23280423,0.77946768,1.491712832937743,2.8837338748161137,-1.3920210418783707,3.7187632532317565,"sa580380"
"Daury Torrez","CHC","AA",24,77.1,6.517241807953526,1.5129311339892113,4.30769231,0.6982759079950206,0.18855219,0.04377104,0.14478115,0.20640569,0.9181035086601197,0.23744292,0.86890244,1.3965518159900412,3.29412996890854,-1.8975781529184987,3.496145141654157,"sa596959"
"Ivan Pineyro","ARI","AA",25,71.2,8.162791856319247,1.5069769580897072,5.41666667,0.7534884790448536,0.21523179,0.0397351,0.17549669,0.26736111,1.2418606413887403,0.32718894,0.70217918,3.390698155701841,2.9735605707163395,0.4171375849855017,3.0554698101297815,"sa597101"
"Luis Lugo","CLE","AA",23,134.1,6.230768758938034,3.6848632445332457,1.69090909,1.272952757202394,0.15843271,0.09369676,0.06473595,0.26565465,1.4516127933009757,0.29156627,0.7266436,4.354838379902927,5.019078003125096,-0.6642396232221692,4.681594247682054,"sa597249"
"Angel Ventura","MIL","AA",24,51.2,6.2709671245976475,4.354838280970589,1.44,1.2193547186717648,0.16143498,0.11210762,0.04932735,0.21134021,1.277419229084706,0.22516556,0.63122924,3.483870624776471,5.16470817550042,-1.6808375507239486,4.573699231911259,"sa597505"
"Kyle Smith","HOU","AA",24,54,7.666666666666667,2.5,3.06666667,0.16666666666666666,0.20909091,0.06818182,0.14090909,0.21568627,1.0925925925925926,0.27388535,0.6996587,2.3333333333333335,2.740599063590721,-0.40726573025738766,3.5028430953897813,"sa597834"
"Richelson Pena","TEX","AA",23,33.1,6.210000947570945,1.6200002471924206,3.83333333,0.8100001235962103,0.16911765,0.04411765,0.125,0.26153846,1.2000001831054967,0.29807692,0.72625698,3.2400004943848413,3.644673188018807,-0.4046726936339655,3.7883698609568843,"sa597847"
"Corey Baker","STL","AA",27,40,7.2,2.475,2.90909091,0.45,0.19631902,0.06748466,0.12883436,0.26666667,1.275,0.32758621,0.81673307,2.475,3.339673137664795,-0.8646731376647949,3.8708477580919864,"sa598476"
"James Pugliese","CHC","AA",24,78.1,5.5148939751089525,3.7914896078874047,1.45454545,0.5744681224071826,0.15384615,0.10576923,0.04807692,0.20216606,1.13617028653865,0.22767857,0.88095238,1.8382979917029842,4.057776386646086,-2.219478394943102,4.410720297616075,"sa598816"
"Brady Dragmire","WSN","AA",24,46,4.108695652173913,4.108695652173913,1,0.391304347826087,0.10243902,0.10243902,0,0.28961749,1.608695652173913,0.31875,0.74792244,3.130434782608696,4.311989995707636,-1.1815552130989402,4.597787233409674,"sa598911"
"Matt Tomshaw","MIA","AA",28,163,6.294478527607362,1.9877300613496933,3.16666667,0.8282208588957055,0.16764706,0.05294118,0.11470588,0.26604069,1.2638036809815951,0.30392157,0.76315789,3.478527607361963,3.665242713506968,-0.18671510614500475,3.8330552960466022,"sa598974"
"Luis Heredia","PIT","AA",22,52.1,7.394905177307632,5.331210709221781,1.38709677,0.5159236170214627,0.18534483,0.13362069,0.05172414,0.20603015,1.3757963120572339,0.24836601,0.80229226,3.0955417021287763,4.21866414378762,-1.1231224416588432,4.44814125710065,"sa599061"
"Joel Seddon","OAK","AA",24,93.2,6.725979378151606,2.9786480103242825,2.25806452,0.7686833575030406,0.17199017,0.07616708,0.0958231,0.28918919,1.4733097685474945,0.3390411,0.6626506,4.996441823769764,4.115384968397129,0.881056855372635,3.8785658962442557,"sa599194"
"Carlos Gonzalez","CIN","AA",27,35.2,6.5607467279528,4.037382601817107,1.625,0.7570092378407077,0.17687075,0.10884354,0.06802721,0.24031008,1.317756821426417,0.28,0.71428571,4.037382601817107,4.262628020593868,-0.22524541877676096,4.208204901971542,"sa599217"
"Sean Donatello","DET","AA",26,57.1,8.162791421827398,2.8255816460171763,2.88888889,0.7848837905603268,0.21940928,0.07594937,0.14345992,0.25688073,1.2906977889214262,0.31677019,0.73529412,3.4534886784654377,3.5389869901926367,-0.08549831172719902,3.563941371011326,"sa599283"
"Christian Binford","KCR","AA",24,31.2,6.536841449050758,1.989473484493709,3.28571429,0.8526314933544467,0.18110236,0.05511811,0.12598425,0.24166667,1.1368419911392622,0.27659574,0.91194969,1.989473484493709,3.756778356441175,-1.767304871947466,3.7988665180169026,"sa599309"
"Greg Ross","WSN","AA",27,57,6,2.6842105263157894,2.23529412,1.263157894736842,0.15019763,0.06719368,0.08300395,0.30603448,1.543859649122807,0.33870968,0.63118812,6,4.8215247020386816,1.1784752979613184,4.05835634459529,"sa599717"
"Jordan Kipper","LAA","AA",24,72,5,2.375,2.10526316,0.875,0.1384083,0.06574394,0.07266436,0.25373134,1.2083333333333333,0.2760181,0.82070707,2.625,4.204615724086762,-1.5796157240867617,3.6399979727135765,"sa602555"
"Jordan Johnson","SFG","AA",23,92.1,6.33574042121201,3.60649839361299,1.75675676,1.1696751546852941,0.1653944,0.09414758,0.07124682,0.25284091,1.3646210137995098,0.28,0.69787986,4.483754759626961,4.838751974413958,-0.3549972147869971,4.613849013061897,"sa602658"
"Phil Pfeifer","ATL","AA",24,44.1,13.804512861956015,6.699248888890419,2.06060606,0.4060150841751769,0.34517766,0.16751269,0.17766497,0.22699387,1.5789475495701324,0.37634409,0.7771261,3.4511282154890037,2.9326443257208634,0.5184838897681403,3.1600956463643683,"sa602699"
"Adam Ravenelle","DET","AA",24,52.1,8.426752411350558,3.611465319150239,2.33333333,1.3757963120572339,0.21491228,0.09210526,0.12280702,0.28502415,1.528662568952482,0.34,0.68313953,5.159236170214627,4.543504939690022,0.615731230524605,3.53094371572916,"sa602703"
"Ranfi Casimiro","PHI","AA",24,45.1,6.154412455212364,2.382353208469302,2.58333333,0.9926471701955425,0.16847826,0.06521739,0.10326087,0.25,1.2132354302389965,0.27941176,0.6875,3.573529812703953,4.085327688137976,-0.5117978754340231,3.959882250744318,"sa603017"
"Edison Frias","COL","AA",26,45.2,6.700729180693335,3.5474448603670594,1.88888889,0.1970802700203922,0.16748768,0.08866995,0.07881773,0.24175824,1.3576640823627018,0.29251701,0.67610063,3.941605400407844,3.4002159362088547,0.5413894641989891,4.46632530159728,"sa605481"
"Alex Powers","CIN","AA",25,60.2,12.609889052683313,4.005494169675876,3.14814815,0.7417581795696067,0.31021898,0.09854015,0.21167883,0.26938776,1.5329669044438536,0.39354839,0.71590909,4.3021974415037185,2.8163922024153214,1.4858052390883971,2.629104754443884,"sa621533"
"Joey DeNato","PHI","AA",25,33,6.545454545454546,6,1.09090909,0,0.17021277,0.15602837,0.0141844,0.22881356,1.4848484848484849,0.28723404,0.92,1.0909090909090908,3.8613971103321423,-2.7704880194230515,4.867923136190935,"sa621650"
"Stephen Perakslis","CHC","AA",26,52.1,9.286625106386328,2.235669007093005,4.15384615,0.34394907801430846,0.25592417,0.06161137,0.1943128,0.23232323,1.1273886446024555,0.30985915,0.72953737,3.0955417021287763,2.2914393434312053,0.8041023586975711,2.8568221258676822,"sa621679"
"Edwin Fierro","TBR","AA",23,84,6.75,2.25,3,0.42857142857142855,0.1815562,0.06051873,0.12103746,0.2515528,1.2142857142857142,0.30196078,0.70717131,3.107142857142857,3.125000236147926,-0.017857379005068896,3.2141585751303605,"sa652170"
"Yuhei Nakaushiro","ARI","AA",27,65,8.723076923076922,3.7384615384615385,2.33333333,0.27692307692307694,0.22661871,0.0971223,0.1294964,0.19918699,1.1692307692307693,0.25966851,0.76726343,2.353846153846154,3.051557012704703,-0.697710858858549,3.4767553799427473,"sa653446"
"Pedro Fernandez","KCR","AA",23,50.2,9.059209616890996,2.3092102945016264,3.92307692,0.17763156111550973,0.24757282,0.0631068,0.18446602,0.21243523,1.0657893666930582,0.28368794,0.70342205,2.664473416732646,2.327831131467519,0.33664228526512696,3.0037583955295677,"sa657697"
"Shane Watson","PHI","AA",23,83.1,4.8600002966308775,4.320000263671891,1.125,1.2960000791015673,0.1193634,0.1061008,0.0132626,0.29129129,1.644000100341803,0.30797101,0.79710145,4.104000250488297,5.601033618988046,-1.497033368499749,5.223724744359247,"sa657857"
"Marcos Molina","NYM","AA",22,78,7.269230769230769,2.423076923076923,3,0.5769230769230769,0.19207317,0.06402439,0.12804878,0.25245902,1.2564102564102564,0.30379747,0.67741935,3.923076923076923,3.3275975765326087,0.5954793465443142,3.741361049963878,"sa657917"
"Teddy Stankiewicz","BOS","AA",23,139.2,6.894988569017547,2.319809238174128,2.97222222,0.8377088915628795,0.17598684,0.05921053,0.11677632,0.30017762,1.4677805364990626,0.35214447,0.66905005,5.026253349377278,3.869424929016875,1.156828420360403,4.018365636217006,"sa657954"
"Mitch Brown","CLE","AA",23,48.1,7.448276645873671,7.262069729726829,1.02564103,0.5586207484405253,0.1843318,0.1797235,0.0046083,0.23428571,1.6551725879719268,0.28787879,0.5964467,6.33103514899262,4.983654348688678,1.3473808003039416,5.330296158152304,"sa657957"
"Tyler Pike","ATL","AA",23,74.2,10.366072840836775,7.593751034566475,1.36507937,0.3616071921222131,0.25,0.18313953,0.06686047,0.22302158,1.6741073709361718,0.31216931,0.67043619,4.580357766881366,3.983631307129974,0.5967264597513919,4.310286327667459,"sa657974"
"Zach Lovvorn","KCR","AA",23,117.1,7.1335230365026225,2.607954658506335,2.73529412,0.6136363902367847,0.17850288,0.06525912,0.11324376,0.29460581,1.5000000650232517,0.35170604,0.64193168,4.83238657311468,3.6129686051410097,1.21941796797367,3.944445778043737,"sa658011"
"Jesus Liranzo","BAL","AA",22,65,10.384615384615385,5.953846153846154,1.74418605,1.6615384615384616,0.26041667,0.14930556,0.11111111,0.2231405,1.4923076923076923,0.27096774,0.76923077,4.846153846153846,5.4404180893531215,-0.5942642431992757,4.48218366595415,"sa658076"
"Jordan Guerrero","CHW","AA",23,146.1,8.364464111017798,2.644646740983568,3.1627907,0.49202730064810574,0.22077922,0.06980519,0.15097403,0.26315789,1.3189065142372833,0.33333333,0.67640693,4.182232055508899,2.90808409897312,1.2741479565357787,3.1570619301656353,"sa658262"
"Andrew Sopko","LAD","AA",22,104.2,6.363057943264707,3.86942712766097,1.64444444,0.9458599645393483,0.15982721,0.09719222,0.06263499,0.25060241,1.423567017336999,0.28181818,0.72474378,4.127388936171702,4.642698744442264,-0.5153098082705618,4.751778131808399,"sa658286"
"Shane Broyles","COL","AA",25,53.2,13.080744101886243,2.6832295593612803,4.875,1.1739129322205601,0.36966825,0.07582938,0.29383886,0.18461538,0.9689440075471291,0.26363636,0.87677725,1.8447203220608803,2.9082633176550217,-1.0635429955941413,2.1409908117399903,"sa658297"
"Michael Peoples","CLE","AA",25,50,5.4,2.52,2.14285714,1.26,0.13513514,0.06306306,0.07207207,0.29468599,1.5,0.31764706,0.64954683,5.58,4.7450334739685065,0.8349665260314936,4.206197315454483,"sa658314"
"Shane Dawson","TOR","AA",23,111,5.027027027027027,3.891891891891892,1.29166667,1.6216216216216217,0.12038835,0.09320388,0.02718447,0.31182796,1.7387387387387387,0.32637076,0.67664671,6.162162162162162,5.801610050545083,0.36055211161707934,5.29744072067845,"sa658332"
"Hunter Adkins","TBR","AA",26,58,5.741379310344827,4.344827586206897,1.32142857,0.7758620689655172,0.14566929,0.11023622,0.03543307,0.26244344,1.4827586206896552,0.29608939,0.72619048,4.0344827586206895,4.664819612174199,-0.6303368535535094,4.637065098563145,"sa658401"
"Brock Dykxhoorn","HOU","AA",22,99.1,7.610738644733743,3.6241612593970207,2.1,0.8154362833643297,0.19047619,0.09070295,0.09977324,0.27525253,1.5000000768059891,0.330033,0.70721358,4.620805605731201,4.160310764857433,0.4604948408737677,4.455784770436251,"sa658513"
"Nick Pasquale","CLE","AA",26,82.1,8.089069325625111,4.263158158099721,1.8974359,1.0931174764358258,0.19946092,0.10512129,0.09433962,0.26153846,1.5060729675338045,0.31120332,0.62393162,5.90283437275346,4.682523442549607,1.2203109302038522,4.385892541321647,"sa658514"
"Geoff Broussard","CIN","AA",26,45,6.8,2.8,2.42857143,1,0.17525773,0.07216495,0.10309278,0.24858757,1.288888888888889,0.2826087,0.7962963,3.2,4.179762140909831,-0.9797621409098305,4.165661533011331,"sa658572"
"Jose Mesa Jr.","NYY","AA",23,34.1,10.223302485390448,4.45631133978558,2.29411765,0,0.29545455,0.12878788,0.16666667,0.13043478,0.9320389730270494,0.19736842,0.90625,0.786407883491573,2.438625590476933,-1.6522177069853603,3.5788201166989624,"sa658593"
"Colton Turner","CHW","AA",26,33,10.090909090909092,2.727272727272727,3.7,0.2727272727272727,0.27407407,0.07407407,0.2,0.2195122,1.121212121212121,0.30588235,0.7712766,2.4545454545454546,2.3555197166674064,0.09902573787804814,2.8186045223113263,"sa658600"
"Matt Tenuta","KCR","AA",23,53.1,6.412500611543714,2.8687502735853454,2.23529412,1.5187501448393006,0.16033755,0.07172996,0.0886076,0.33636364,1.7062501627206959,0.37572254,0.67602041,5.737500547170691,5.039673302173631,0.6978272449970602,4.099120675611709,"sa658605"
"Jon Harris","TOR","AA",23,143,7.111888111888112,2.958041958041958,2.40425532,1.2587412587412588,0.1765625,0.0734375,0.103125,0.28692699,1.5104895104895104,0.32675439,0.640625,5.4125874125874125,4.5327257816608135,0.879861630926599,4.1164909280680275,"sa658929"
"Brad Markey","CHC","AA",25,61.1,8.657609413612152,1.9076088538467453,4.53846154,0.8804348556215748,0.22519084,0.04961832,0.17557252,0.25306122,1.2228261883632983,0.31111111,0.79320113,3.0815219946755112,3.2924433152031147,-0.21092132052760348,3.356351349688582,"sa659004"
"Matt Withrow","ATL","AA",23,48.1,8.193104310461038,4.096552155230519,2,1.489655329174734,0.21674877,0.10837438,0.10837438,0.21787709,1.2620690983285943,0.24409449,0.71428571,4.468965987524203,4.933785321012284,-0.464819333488081,3.972519666886574,"sa659074"
"Grayson Long","LAA","AA",23,125.2,8.164456894322152,2.7931036743733677,2.92307692,0.6445623863938541,0.22309198,0.07632094,0.14677104,0.23126338,1.1697613678999574,0.2877907,0.77474892,2.864721717306018,3.283767254628293,-0.41904553732227523,3.6588096253523537,"sa659274"
"D.J. Brown","CLE","AA",26,74.1,7.627803212515875,2.421524829370119,3.15,1.0896861732165537,0.20063694,0.06369427,0.13694268,0.2585034,1.291479908997397,0.3018018,0.61151079,4.721973417271732,3.911132175623373,0.810841241648359,3.8532169367473132,"sa659293"
"Kurt Spomer","DET","AA",27,46,6.456521739130435,4.5,1.43478261,0.1956521739130435,0.15865385,0.11057692,0.04807692,0.23076923,1.4130434782608696,0.27702703,0.63063063,4.5,3.7685117348380714,0.7314882651619286,4.388494312374489,"sa659458"
"Shao-Ching Chiang","CLE","AA",23,32.2,5.510203223683381,3.0306117730258593,1.81818182,1.1020406447366762,0.13071895,0.07189542,0.05882353,0.30935252,1.6530609671050143,0.33913043,0.64202335,6.612243868420057,4.87809444107352,1.7341494273465372,4.157797846752965,"sa659598"
"Ryne Slack","TEX","AA",24,35.2,7.570092378407077,4.289719014430677,1.76470588,0.5046728252271384,0.19480519,0.11038961,0.08441558,0.22058824,1.317756821426417,0.26923077,0.77433628,2.523364126135692,3.8754207212505047,-1.3520565951148127,4.471130490983712,"sa659790"
"Miguel Rosario","PIT","AA",24,45,8.6,7,1.22857143,0.2,0.20574163,0.16746411,0.03827751,0.21556886,1.5777777777777777,0.28455285,0.8616188,1.8,4.402811251746284,-2.6028112517462842,5.300185179048114,"sa659903"
"Mario Sanchez","PHI","AA",22,56.1,5.112426497097263,2.0769232644457634,2.46153846,1.1183432962400264,0.14159292,0.05752212,0.0840708,0.2464455,1.153846258025424,0.26162791,0.82167832,2.8757399046172107,4.503140098242822,-1.6274001936256113,4.4881573873722065,"sa691863"
"Jaron Long","WSN","AA",25,79,5.810126582278481,1.7088607594936709,3.4,0.9113924050632911,0.15644172,0.04601227,0.11042945,0.25407166,1.1772151898734178,0.28225806,0.8041958,2.7341772151898733,3.9718689170064807,-1.2376917018166074,3.9918358871453927,"sa706969"
"Jake Kalish","KCR","AA",25,71.2,6.153489245532971,2.1348840239604185,2.88235294,0.502325652696569,0.15909091,0.05519481,0.1038961,0.28919861,1.3953490352682474,0.33760684,0.73170732,3.767442395224268,3.551882473660397,0.21555992156387083,4.176980710307243,"sa709032"
"Chris Huffman","SDP","AA",24,69,7.695652173913044,1.9565217391304348,3.93333333,0.782608695652174,0.20415225,0.05190311,0.15224914,0.26373626,1.2608695652173914,0.31730769,0.77889447,3.130434782608696,3.4306151666503024,-0.30018038404160663,3.536050612555034,"sa709509"
"Joe Filomeno","TEX","AA",24,36.2,8.59090789921044,5.399999250932277,1.59090909,1.9636360912481008,0.18716578,0.11764706,0.06951872,0.31446541,1.9636360912481008,0.36206897,0.58383234,8.099998876398416,6.532854509432516,1.5671443669659002,5.016473364336459,"sa709552"
"Craig Schlitter","COL","AA",25,34.2,9.605767821419375,4.932691583972112,1.94736842,1.8173074256739359,0.20786517,0.10674157,0.1011236,0.35443038,2.1634612210403996,0.42982456,0.48338369,10.644229207518768,5.446186994236649,5.198042213282118,4.976991604038568,"sa709582"
"Jose Lopez","CIN","AA",23,96.1,8.875432994561798,3.269896366417505,2.71428571,0.8408304942216441,0.24934383,0.09186352,0.15748032,0.1871345,1.0276817151597872,0.23109244,0.80752212,2.429065872195861,3.56984290320307,-1.1407770310072092,3.2664286905822677,"sa709715"
"Michael Johnson","LAD","AA",26,61.1,10.4184791248553,3.521739422486299,2.95833333,1.320652283432362,0.26792453,0.09056604,0.17735849,0.22083333,1.2554348867196528,0.275,0.81039755,2.7880437094683197,4.12989059657366,-1.3418468871053406,3.368384465227017,"sa709717"
"Alexis Rivero","PHI","AA",22,57.1,7.220930873155006,3.610465436577503,2,1.0988373067844575,0.18930041,0.09465021,0.09465021,0.25114155,1.3604652369712331,0.28915663,0.72254335,4.081395710913699,4.463405676852577,-0.38200996593887826,4.138324807100027,"sa735860"
"Francisco Rios","TOR","AA",22,86,6.593023255813954,4.0813953488372094,1.61538462,1.0465116279069768,0.16449086,0.10182768,0.06266319,0.26239067,1.5,0.2962963,0.62931034,4.290697674418604,4.666893939084785,-0.3761962646661807,4.258766326238942,"sa736833"
"Dedgar Jimenez","BOS","AA",21,46.1,4.856115640996002,3.496403261517121,1.38888889,0.7769785025593603,0.125,0.09,0.035,0.25,1.3597123794788804,0.27152318,0.82491582,2.913669384597601,4.563163117265182,-1.649493732667581,5.1306454644943615,"sa736925"
"Trey Ball","BOS","AA",23,124.2,7.435829483752693,4.114973597804888,1.80701754,1.227272827415493,0.18101933,0.10017575,0.08084359,0.31818182,1.7486632442913561,0.37305699,0.65434565,5.270053905960647,4.86139724385583,0.4086566621048169,4.363743866640572,"sa737438"
"Anyelo Gomez","NYY","AA",24,36.2,10.554543990458543,2.6999996254661385,3.90909091,0.2454545114060126,0.3006993,0.07692308,0.22377622,0.19847328,1.0090907691136073,0.28735632,0.76502732,1.7181815798420883,2.215942704854899,-0.49776112501281067,3.0584441570514254,"sa737475"
"Casey Meisner","OAK","AA",22,59,5.6440677966101696,4.11864406779661,1.37037037,0.6101694915254238,0.14341085,0.10465116,0.03875969,0.24774775,1.3898305084745763,0.28176796,0.74941452,4.11864406779661,4.772300256308863,-0.6536561885122527,5.512068648131217,"sa737630"
"David Ledbetter","TEX","AA",25,39.1,8.923729967502654,4.11864460038584,2.16666667,0.9152543556412979,0.21546961,0.09944751,0.1160221,0.25786164,1.5000001939676826,0.31896552,0.57491289,5.720339722758112,4.331622421710682,1.3887173010474303,4.093593311703087,"sa737643"
"Cody Dickson","PIT","AA",25,32.1,8.628867336763573,5.567011185008757,1.55,2.2268044740035027,0.19375,0.125,0.06875,0.28676471,1.8247425550862035,0.31958763,0.79150579,5.845361744259194,6.750807224474052,-0.9054454802148575,4.8184109998761055,"sa737782"
"Josh Uhen","MIL","AA",25,58.2,8.13068111327075,3.9886360178309337,2.03846154,0.15340907760888206,0.19924812,0.09774436,0.10150376,0.27038627,1.5170453230211671,0.34636872,0.71881607,3.68181786261317,3.215368192649086,0.4664496699640841,3.8748128798368113,"sa737825"
"Thaddius Lowry","CHW","AA",22,82,6.695121951219512,3.5121951219512195,1.90625,1.2073170731707317,0.16052632,0.08421053,0.07631579,0.29585799,1.6097560975609757,0.33458647,0.61611374,6.2560975609756095,4.905778401072433,1.3503191599031767,4.327400041716855,"sa737826"
"Buddy Borden","PIT","AA",25,38,8.526315789473685,5.921052631578948,1.44,0.23684210526315788,0.225,0.15625,0.06875,0.18656716,1.3157894736842106,0.24742268,0.76612903,2.3684210526315788,3.725033473968506,-1.3566124213369273,4.69406079712667,"sa737851"
"Taylor Grover","BOS","AA",26,75,9.84,3.96,2.48484848,1.32,0.24698795,0.09939759,0.14759036,0.26013514,1.4666666666666666,0.32512315,0.67622951,5.16,4.385033473968506,0.774966526031494,3.980966374476751,"sa737866"
"Trevor Clifton","CHC","AA",22,100.1,7.714286105351045,4.036545055125547,1.91111111,0.7176080098000972,0.19068736,0.09977827,0.09090909,0.28211587,1.5647841324807674,0.34323432,0.67829457,5.202658071050704,4.049972598148846,1.152685472901858,4.335340217517194,"sa737901"
"Greg Harris","TBR","AA",22,97.1,8.599315517860074,3.883561846775517,2.21428571,1.386986373848399,0.22248804,0.10047847,0.12200957,0.25,1.386986373848399,0.29545455,0.69491525,4.900685187597676,4.623369525766977,0.27731566183069933,3.8824058434006807,"sa738173"
"Joe Gunkel","MIA","AA",25,115.1,5.384393301038502,1.6387283959682397,3.28571429,1.3265896538790511,0.14052953,0.04276986,0.09775967,0.28017241,1.309248612651874,0.2989418,0.64564565,4.916185187904719,4.5350608548716895,0.3811243330330294,3.7942306458468735,"sa738176"
"Matt Whitehouse","CLE","AA",26,110.2,7.075301855183967,2.1957833343674382,3.22222222,1.2198796302041324,0.18012422,0.05590062,0.1242236,0.2616408,1.3102410842933272,0.29512894,0.62790698,4.472891977415152,4.282262486812087,0.19062949060306522,3.7529271116065592,"sa738202"
"Andrew Edwards","KCR","AA",25,35.2,9.084110854088491,3.5327097765899693,2.57142857,0.5046728252271384,0.21428571,0.08333333,0.13095238,0.30201342,1.6542053715778426,0.38738739,0.6372549,6.056073902725662,3.623084308636935,2.4329895940887267,4.121866154341268,"sa738219"
"Sam Bragg","OAK","AA",24,68.1,7.375610305087228,2.1073172300249223,3.5,0.5268293075062306,0.19858156,0.05673759,0.14184397,0.26037736,1.2439025316119334,0.31707317,0.75870647,3.029268518160826,3.1829658107882373,-0.15369729262741139,3.467551099785002,"sa738235"
"Cale Coshow","NYY","AA",24,54.1,11.926381484553001,3.644172120280084,3.27272727,0.6625767491418334,0.288,0.088,0.2,0.28125,1.5644173243626622,0.39864865,0.70743405,3.8098163075655425,2.9673647381911263,0.8424515693744161,3.01463019436004,"sa738313"
"Matt Pierpont","COL","AA",26,62.1,7.941177118570837,1.877005500753107,4.23076923,0.7219251925973489,0.23206751,0.05485232,0.17721519,0.17272727,0.8181818849436621,0.20625,0.85416667,2.0213905392725766,3.321290166314819,-1.2998996270422425,3.5345524169024456,"sa738366"
"Austin Coley","PIT","AA",24,143.2,7.141531828172287,1.9419954971345692,3.67741935,0.62645016036599,0.19095477,0.0519263,0.13902848,0.25760286,1.2180975340449807,0.30804598,0.79166667,3.0069607697567524,3.3364023913669043,-0.3294416216101519,3.587516986409854,"sa738368"
"Dillon McNamara","NYY","AA",25,33,6.2727272727272725,5.454545454545454,1.15,1.3636363636363635,0.14935065,0.12987013,0.01948052,0.24242424,1.5757575757575757,0.25961538,0.65957447,5.7272727272727275,5.800791049726081,-0.07351832245335377,5.304935760750915,"sa738389"
"Tyler Viza","PHI","AA",22,139.2,6.443914550483689,3.0930789842321706,2.08333333,1.2887829100967378,0.16366612,0.07855974,0.08510638,0.27436823,1.4319810112185976,0.30414747,0.65745856,5.219570785891788,4.878971541925987,0.34059924396580143,4.350880301615159,"sa738610"
"Jordan Milbrath","CLE","AA",25,30,8.7,3.3,2.63636364,1.5,0.21481481,0.08148148,0.13333333,0.25,1.3666666666666667,0.29069767,0.65789474,3.9,4.958366807301839,-1.0583668073018395,3.4639157364765807,"sa738636"
"Isaac Anderson","LAD","AA",23,45.1,6.352941889251472,3.7720592467430616,1.68421053,1.588235472312868,0.14349776,0.08520179,0.05829596,0.32323232,1.8308825583606674,0.35443038,0.55269923,8.735295097720774,5.851438128164515,2.883856969556259,5.184189323903946,"sa738925"
"Blake McKnight","STL","AA",26,39,5.076923076923077,4.384615384615385,1.15789474,1.1538461538461537,0.11702128,0.10106383,0.01595745,0.31325301,1.8205128205128205,0.3381295,0.55223881,6.923076923076923,5.545442368434026,1.3776345546428974,5.2379760154546835,"sa738934"
"Frank Duncan","ARI","AA",25,32.1,5.288660625758319,2.5051550332539403,2.11111111,0.27835055925043783,0.15079365,0.07142857,0.07936508,0.21367521,1.0515465571683207,0.24742268,0.52147239,3.8969078295061297,3.1749511540765947,0.721956675429535,3.526936596566456,"sa738963"
"Luis Ysla","LAD","AA",25,58,8.068965782591912,6.051724336943933,1.33333333,0.4655172566879949,0.19330855,0.14498141,0.04832714,0.26200873,1.7068966078559813,0.32758621,0.66805846,5.275862242463942,4.191340339563292,1.0845219029006499,4.777065185470277,"sa739569"
"Scarlyn Reyes","NYM","AA",27,40.1,6.024794148190604,2.900826812091772,2.07692308,0.8925620960282376,0.16071429,0.07738095,0.08333333,0.24183007,1.2396695778169966,0.2704918,0.73275862,4.0165294321270695,4.291149310891123,-0.2746198787640539,4.119529132602081,"sa739684"
"Troy Neiman","COL","AA",26,64,8.71875,3.515625,2.48,0.984375,0.22302158,0.08992806,0.13309353,0.24,1.328125,0.29281768,0.72890026,3.65625,4.021908473968506,-0.36565847396850604,4.2126094897277655,"sa743088"
"Corey Taylor","NYM","AA",24,62.1,6.786096810415079,2.0213905392725766,3.35714286,0.4331551155584093,0.17602996,0.05243446,0.12359551,0.276,1.3315509107906656,0.33,0.70904645,3.609625962986744,3.1608623457376304,0.4487636172491136,3.8673607531192418,"sa827144"
"David Speer","CLE","AA",24,53,7.981132075471698,3.056603773584906,2.61111111,0.33962264150943394,0.1902834,0.07287449,0.11740891,0.30396476,1.6415094339622642,0.37640449,0.59164733,5.60377358490566,3.0740900777420914,2.529683507163569,3.904080759916666,"sa827385"
"Jacob Dorris","HOU","AA",24,38.1,11.034784072847327,3.521739597717232,3.13333333,1.1739131992390772,0.2716763,0.0867052,0.1849711,0.25333333,1.382608879103802,0.33673469,0.74074074,3.9913048774128628,4.358151536988419,-0.3668466595755566,3.65453564233355,"sa827396"
"Eric Karch","LAA","AA",25,35,8.485714285714286,1.2857142857142858,6.6,1.2857142857142858,0.25,0.03787879,0.21212121,0.22047244,0.9428571428571428,0.25842697,0.92307692,2.057142857142857,3.513095474243164,-1.4559526171003072,2.4361401643071856,"sa827415"
"Preston Morrison","CHC","AA",23,119.1,6.486033796002854,2.865921909861726,2.26315789,1.0558659667911623,0.16538462,0.07307692,0.09230769,0.27272727,1.3994414004295563,0.30831099,0.62659847,5.5055868268396315,4.378458656667494,1.1271281701721376,3.8585187075488308,"sa827432"
"Andrew Thome","HOU","AA",24,41,7.2439024390243905,2.8536585365853657,2.53846154,0.6585365853658537,0.19642857,0.07738095,0.11904762,0.23225806,1.1951219512195121,0.27731092,0.75892857,2.8536585365853657,3.6073560644940637,-0.7536975279086979,3.0496272051479765,"sa827462"
"Lucas Long","BAL","AA",24,128.1,7.43376564451812,2.3142855308405466,3.21212121,0.4909090519964796,0.20267686,0.06309751,0.13957935,0.25357873,1.2233765264039254,0.31117021,0.76248313,2.9454543119788776,3.0769815376521072,-0.1315272256732296,3.190571585590884,"sa827466"
"Jared Miller","ARI","AA",23,39.1,11.669493034426548,4.11864460038584,2.83333333,0.45762717782064893,0.29651163,0.10465116,0.19186047,0.21710526,1.2966103371585054,0.31313131,0.67729084,3.889831011475516,2.7063157606248094,1.1835152508507067,2.689945299632244,"sa827467"
"Kevin McAvoy","BOS","AA",23,117.2,7.419264097501336,3.5184139019078504,2.10869565,0.6118980698970174,0.18982387,0.09001957,0.09980431,0.25770925,1.3852692415724144,0.31232092,0.66953317,4.283286489279122,3.9134188026026506,0.36986768667647096,4.027639935447965,"sa827491"
"Yeudy Garcia","PIT","AA",24,72,8.375,5.75,1.45652174,1,0.19705882,0.13529412,0.06176471,0.26666667,1.6944444444444444,0.32380952,0.69282137,5.25,5.100033473968506,0.14996652603149396,5.006610570185714,"sa828169"
"Spencer Adams","CHW","AA",21,152.2,6.661572496277421,2.35807875974422,2.825,1.1200874108785046,0.17173252,0.06079027,0.11094225,0.2775974,1.3820961619611956,0.31404959,0.71351931,4.421397674520413,4.075977634472054,0.34542004004835825,3.4418254273960343,"sa828687"
"John Richy","PHI","AA",24,32.2,6.0612235460517185,2.7551016118416904,2.2,0.8265304835525071,0.14193548,0.06451613,0.07741935,0.35416667,1.8673466480260346,0.40336134,0.58823529,7.163264190788395,4.082176197652587,3.0810879931358075,3.9777236981728263,"sa828800"
"Jake Cosart","BOS","AA",23,49.1,9.486487464542643,7.479730500889391,1.26829268,0.9121622562060233,0.23423423,0.18468468,0.04954955,0.15909091,1.398648792849236,0.19327731,0.76119403,3.1013516711004794,5.231790437621758,-2.1304387665212783,5.573387790080142,"sa828802"
"Michael Mader","ATL","AA",23,64.2,7.932990938637478,5.7061864646339755,1.3902439,0.6958763981260946,0.19655172,0.14137931,0.05517241,0.22891566,1.5154641559190505,0.27807487,0.7032967,4.175258388756568,4.257425551161631,-0.08216716240506283,4.202370429241404,"sa828804"
"Connor Walsh","CHW","AA",24,42.1,10.629922537005871,5.740158169983171,1.85185185,0.21259845074011743,0.27932961,0.15083799,0.12849162,0.16,1.2047245541939988,0.23232323,0.67829457,3.1889767611017614,3.1130954742431642,0.07588128685859719,3.4740828857941786,"sa829031"
"Emilio Ogando","KCR","AA",23,133,5.616541353383458,2.43609022556391,2.30555556,1.0150375939849625,0.14928058,0.0647482,0.08453237,0.25193798,1.2481203007518797,0.27511962,0.72483221,3.4511278195488724,4.434973889544494,-0.983846069995622,4.511072055222397,"sa829049"
"Matt Pearce","STL","AA",23,110,5.4,1.6363636363636365,3.3,0.8181818181818182,0.14798206,0.04484305,0.10313901,0.23571429,1.0818181818181818,0.25872093,0.77477477,3.109090909090909,4.005582228573886,-0.8964913194829767,4.510408072376793,"sa829078"
"Mike Franco","TBR","AA",25,85.2,7.984436745780825,4.517510264060204,1.76744186,0.8404670258716659,0.21288515,0.12044818,0.09243698,0.21153846,1.2723736919446051,0.25438596,0.80160321,3.151751347018747,4.128659797171427,-0.9769084501526804,4.246586995365476,"sa829140"
"Kelly Secrest","NYM","AA",25,38,10.894736842105264,4.2631578947368425,2.55555556,0.7105263157894737,0.25698324,0.10055866,0.15642458,0.28125,1.6578947368421053,0.37837838,0.78595318,4.026315789473684,3.3302966318632428,0.6960191576104413,4.020940181612969,"sa829156"
"Matt Cooper","CHW","AA",25,72,9.625,3.25,2.96153846,0.125,0.23839009,0.08049536,0.15789474,0.26962457,1.4583333333333333,0.3627907,0.5669145,4.75,2.4047621409098308,2.3452378590901692,3.267165632835693,"sa829187"
"T.J. Weir","SDP","AA",25,58,8.844827586206897,2.3275862068965516,3.8,0.6206896551724138,0.2375,0.0625,0.175,0.21524664,1.0862068965517242,0.27160494,0.79124579,2.1724137931034484,3.125017965251002,-0.9526041721475536,3.1622796500294377,"sa829207"
"Brandon Barker","BAL","AA",24,117.2,7.878187649924099,3.365439384433596,2.34090909,0.7648725873712718,0.19922631,0.08510638,0.11411992,0.27467811,1.4617565003095416,0.33427762,0.69090909,4.665722782964758,3.87942446538615,0.7862983175786078,3.9541503882286335,"sa829237"
"Brannon Easterling","CHW","AA",26,30.1,3.5604399335714416,2.9670332779762014,1.2,0.5934066555952403,0.08571429,0.07142857,0.01428571,0.30769231,1.6483518210978896,0.32758621,0.76271186,3.8571432613690617,4.168040639745813,-0.31089737837675147,4.564770667905356,"sa829247"
"Matthew Crownover","WSN","AA",24,84,4.821428571428571,3.642857142857143,1.32352941,1.1785714285714286,0.12328767,0.09315068,0.03013699,0.27355623,1.4761904761904763,0.28937729,0.75045208,4.5,5.141700140635173,-0.641700140635173,5.2187134125403,"sa829277"
"Benton Moss","TBR","AA",24,70.1,7.165877295462607,2.303317702112981,3.11111111,1.2796209456183227,0.18791946,0.06040268,0.12751678,0.25899281,1.2796209456183227,0.29245283,0.70512821,3.5829386477313037,4.222100293779044,-0.6391616460477403,3.4691645088081886,"sa829290"
"Corey Ray","KCR","AA",24,143,5.853146853146853,3.7132867132867133,1.57627119,1.2587412587412588,0.14485981,0.09190031,0.0529595,0.29209622,1.6013986013986015,0.31982942,0.65841584,5.4125874125874125,5.090896913888571,0.3216904986988416,4.666835575556005,"sa829315"
"Tyler Carpenter","LAA","AA",25,70.2,5.094340355976084,2.6745286868874443,1.9047619,0.7641510533964126,0.13029316,0.06840391,0.06188925,0.27659574,1.400943597893423,0.30508475,0.67653277,4.457547811479073,4.146114490871648,0.3114333206074251,4.643197501271468,"sa829365"
"Landon Beck","STL","AA",24,40.2,9.737703700118306,3.762294611409345,2.58823529,0.6639343431898844,0.23655914,0.09139785,0.14516129,0.24848485,1.4262293298153075,0.3220339,0.65743945,3.762294611409345,3.65893538968918,0.1033592217201651,4.116761746374953,"sa829390"
"Zach Hedges","CHC","AA",24,129,4.953488372093023,2.0930232558139537,2.36666667,0.7674418604651163,0.12769784,0.05395683,0.07374101,0.27342256,1.3410852713178294,0.29931973,0.71606476,3.488372093023256,3.8882892726927767,-0.3999171796695209,3.7927963591823284,"sa829393"
"Tyler Bray","STL","AA",25,52.2,7.860758734521143,4.955695723937242,1.5862069,0.3417721188922236,0.19166667,0.12083333,0.07083333,0.24019608,1.4810125151996356,0.30128205,0.77858881,2.9050630105839006,4.112141415079984,-1.2070784044960834,4.4280437178069025,"sa829423"
"Parker French","COL","AA",24,128.2,4.82642525204873,3.6373059870512168,1.32692308,1.5388602252908994,0.11734694,0.08843537,0.02891156,0.28947368,1.6010363960097236,0.29931973,0.56919643,6.365285477339629,5.680992217362062,0.6842932599775668,4.933339701701445,"sa829473"
"Cody Palmquist","TEX","AA",23,48,6.375,2.4375,2.61538462,1.5,0.17346939,0.06632653,0.10714286,0.22527473,1.125,0.23571429,0.70776256,4.5,4.939673137664796,-0.439673137664796,4.213463325177631,"sa829516"
"Corey Walter","OAK","AA",24,44.1,6.090226262627653,2.4360905050510615,2.5,0,0.16216216,0.06486486,0.0972973,0.26315789,1.2857144332213934,0.31914894,0.72881356,2.4360905050510615,2.908658053489618,-0.47256754843855653,3.6624611253168013,"sa829586"
"Tyler Herb","SEA","AA",25,163.1,7.493877784382653,2.644898041546819,2.83333333,0.5510204253222539,0.2,0.07058824,0.12941177,0.25320513,1.2612245290709367,0.30962343,0.735,3.085714381804622,3.4380009522875565,-0.35228657048293455,3.443482932712723,"sa829625"
"Alex Klonowski","LAA","AA",25,103.2,6.337621200671544,2.170418219408063,2.92,1.3022509316448379,0.16781609,0.05747126,0.11034483,0.25247525,1.2250805060658845,0.27531646,0.72321429,4.167202981263481,4.482870528269586,-0.31566754700610566,3.69310062130215,"sa829634"
"Cody Stull","OAK","AA",25,42.2,5.484374346211631,5.062499396503044,1.08333333,0.8437498994171739,0.13065327,0.12060302,0.01005025,0.29885057,1.7812497876584783,0.33333333,0.68627451,5.273436871357337,5.07248542811724,0.20095144324009695,4.853052396862726,"sa829651"
"Jon Perrin","MIL","AA",24,105.1,7.7753168311453145,1.7943038841104573,4.33333333,0.7689873789044817,0.2091954,0.04827586,0.16091954,0.25121951,1.177215246717972,0.30322581,0.74523397,2.905063431416931,3.208032187688162,-0.3029687562712313,3.1249722676168625,"sa829664"
"Will Carter","NYY","AA",24,47,4.404255319148936,2.4893617021276597,1.76923077,0.574468085106383,0.10952381,0.06190476,0.04761905,0.27894737,1.4042553191489362,0.30487805,0.78488372,3.25531914893617,4.352693048436591,-1.097373899500421,4.406293017940318,"sa829689"
"Karch Kowalczyk","LAD","AA",26,62.1,6.64171177189561,3.320855885947805,2,0.7219251925973489,0.17228464,0.08614232,0.08614232,0.25925926,1.3796792569638223,0.30208333,0.7875,3.1764708474283347,4.036598330262144,-0.8601274828338097,3.9551492081166186,"sa829792"
"Andrew Case","TOR","AA",24,40,5.175,2.25,2.3,0.225,0.14375,0.0625,0.08125,0.20805369,1.025,0.24,0.86206897,1.575,3.225033473968506,-1.650033473968506,4.293892282992601,"sa829881"
"Shane McCain","TEX","AA",25,50.2,6.749999322389369,1.4210524889240779,4.75,1.7763156111550973,0.17511521,0.03686636,0.13824885,0.30097087,1.3815788086761867,0.32911392,0.69491525,5.506578394580801,5.031778228448056,0.474800166132745,3.71691194433596,"sa829919"
"Travis Hissong","NYY","AA",25,50.1,9.834437707208652,5.185430791073653,1.89655172,0.894039791564423,0.25,0.13181818,0.11818182,0.2408377,1.4900663192740382,0.3129771,0.70588235,4.470198957822115,3.981632925917736,0.48856603190437875,3.694146607789812,"sa830119"
"Leandro Linares","CLE","AA",23,33.1,9.99000152435326,5.6700008651734715,1.76190476,0.5400000823974735,0.23717949,0.13461538,0.1025641,0.28888889,1.800000274658245,0.38541667,0.71678322,3.7800005767823146,3.6750335426330674,0.10496703414924724,4.069433790842582,"sa830500"
"Brett Ash","SEA","AA",26,77,4.909090909090909,3.272727272727273,1.5,1.4025974025974026,0.11538462,0.07692308,0.03846154,0.34234234,1.844155844155844,0.3655914,0.62402496,7.48051948051948,5.457530280521938,2.022989199997542,4.748545378369171,"sa832338"
"Ben Bracewell","OAK","AA",26,50,5.22,3.96,1.31818182,0.9,0.13004484,0.09865471,0.03139014,0.30808081,1.66,0.34146341,0.64556962,6.3,4.954673137664795,1.345326862335205,4.945322479009628,"sa837103"
"Tate Scioneaux","PIT","AA",24,83,7.265060240963855,1.6265060240963856,4.46666667,0.43373493975903615,0.2012012,0.04504505,0.15615616,0.21202532,0.9879518072289156,0.25714286,0.72704082,2.3855421686746987,2.8515394980648914,-0.46599732939019267,3.940112244364727,"sa857686"
"Yadier Alvarez","LAD","AA",21,33,9.818181818181818,6.818181818181818,1.44,0.2727272727272727,0.23684211,0.16447368,0.07236842,0.232,1.6363636363636365,0.31818182,0.71428571,3.5454545454545454,3.9813398043314616,-0.4358852588769162,4.460404564440251,"sa868984"
"Casey Delgado","NYM","AA",27,113.2,6.334311417325054,4.354839099410975,1.45454545,0.5542522490159423,0.15873016,0.10912698,0.04960317,0.27865169,1.5747801995849788,0.32681564,0.69284065,4.592375777560664,4.175180186567264,0.4171955909934004,4.543462642517911,"sa872243"
"Franklin Perez","HOU","AA",19,32,7.03125,3.09375,2.27272727,0.5625,0.18248175,0.08029197,0.10218978,0.264,1.375,0.31632653,0.75829384,3.09375,3.689673137664795,-0.5959231376647951,4.137572885071859,"sa873722"
"Alex Winkelman","HOU","AA",23,71.1,8.074766930893295,3.658878765561025,2.20689655,0.7570093997712465,0.19161677,0.08682635,0.10479042,0.28333333,1.5981309550726315,0.34347826,0.58770344,4.037383465446648,4.043645152259328,-0.0062616868126808,3.82253863323057,"sa874113"
"Riley Ferrell","HOU","AA",23,52,9.51923076923077,2.423076923076923,3.92857143,0.34615384615384615,0.25462963,0.06481481,0.18981482,0.25757576,1.25,0.34751773,0.67975831,3.8076923076923075,2.7377500607417184,1.069942246950589,3.2349894213275268,"sa874967"
"Jordan Stephens","CHW","AA",24,91.2,8.149091813420167,3.4363640177072994,2.37142857,0.39272731630940566,0.21282051,0.08974359,0.12307692,0.24277457,1.2981819622449797,0.30888031,0.73529412,3.1418185304752453,3.309459132397867,-0.16764060192262153,3.7209671918327847,"sa875031"
"Jack Wynkoop","COL","AA",23,150,4.8,1.32,3.63636364,1.02,0.12924071,0.0355412,0.09369952,0.28764805,1.28,0.3097166,0.67738232,4.44,4.191700140635173,0.24829985936482757,4.244691630800565,"sa875060"
"Bubba Derby","MIL","AA",23,50,8.28,3.6,2.3,0.18,0.22439024,0.09756098,0.12682927,0.21978022,1.2,0.28888889,0.76298701,2.88,2.913095474243164,-0.03309547424316417,3.5698158422112467,"sa875183"
"Craig Brooks","CHC","AA",24,40.1,12.942150392409445,6.471075196204723,2,0.2231405240070594,0.31693989,0.15846995,0.15846995,0.1986755,1.462810101824056,0.31521739,0.66006601,4.462810480141188,2.9395417333487845,1.5232687467924038,3.7052992562883986,"sa875197"
"Cory Taylor","SFG","AA",23,127.2,7.049608916806765,4.088773171747923,1.72413793,0.6344648025126088,0.17985612,0.10431655,0.07553957,0.2535497,1.4334204797507089,0.30208333,0.69555302,4.300261439252126,4.055320746392414,0.24494069285971243,4.318939913529967,"sa875205"
"Tommy Bergjans","PHI","AA",24,50.2,7.105262444620389,2.4868418556171363,2.85714286,2.3092102945016264,0.17699115,0.0619469,0.11504425,0.3047619,1.5394735296677509,0.32484076,0.63106796,6.57236776127386,5.928980570949043,0.643387190324817,4.138717840179331,"sa875211"
"Kyle Friedrichs","OAK","AA",25,51,6.352941176470588,3,2.11764706,1.2352941176470589,0.15319149,0.07234043,0.08085106,0.27751196,1.4705882352941178,0.30722892,0.61994609,6,5.21663392197852,0.78336607802148,4.539494876563549,"sa875229"
"Darin Gillies","SEA","AA",24,59.2,7.089384870528334,3.7709493992171987,1.88,0.6033519038747518,0.18503937,0.0984252,0.08661417,0.22807018,1.2905026832876636,0.27118644,0.75966851,3.3184354713111346,3.918025041539547,-0.5995895702284124,4.746094734094687,"sa875269"
"Adam Hofacket","LAA","AA",23,38.2,8.612067832674771,1.862068720578329,4.625,0.6982757702168734,0.23417722,0.05063291,0.1835443,0.25675676,1.1896550159250436,0.32407407,0.79908676,2.7931030808674935,2.9837851464252245,-0.19068206555773104,2.7065903187390647,"sa875282"
"Tyler Davis","TEX","AA",24,81.1,5.090164252744847,0.9959017016239917,5.11111111,0.8852459569991038,0.15488215,0.03030303,0.12457912,0.21180556,0.8606557915269065,0.22649573,0.81632653,2.3237706371226476,3.7941813643726423,-1.4704107272499947,3.776482937252499,"sa875355"
"Tyler Brashears","TBR","AA",23,37,5.837837837837838,5.837837837837838,1,1.4594594594594594,0.13953488,0.13953488,0,0.27777778,1.7297297297297298,0.29824561,0.68791946,5.837837837837838,6.194176555324246,-0.3563387174864081,5.140375943441649,"sa875679"
"Dustin Hurlbutt","OAK","AA",24,45.2,6.30656864065255,4.927006750509805,1.28,0.985401350101961,0.16161616,0.12626263,0.03535354,0.19411765,1.2700728512425274,0.21052632,0.77777778,3.5474448603670594,5.175986798968499,-1.62854193860144,5.064811741289656,"sa875683"
"Matt Esparza","CLE","AA",22,94.2,6.845071158080964,3.422535579040482,2,1.521126924017992,0.17821782,0.08910891,0.08910891,0.24657534,1.3309860585157431,0.26714801,0.69418386,4.943662503058474,5.137005510407787,-0.19334300734931364,4.431004819684745,"sa875700"
"Corey Copping","LAD","AA",23,68,7.9411764705882355,4.5,1.76470588,0.9264705882352942,0.20905923,0.1184669,0.09059234,0.19354839,1.2058823529411764,0.22651934,0.73834197,3.573529411764706,4.6087907847236185,-1.0352613729589124,4.473760627626496,"sa875831"
"Ivan Vieitez","LAD","AA",24,38,4.973684210526316,4.5,1.10526316,0.47368421052631576,0.12280702,0.11111111,0.01169591,0.28947368,1.6578947368421053,0.3255814,0.64784053,4.973684210526316,4.393620506085847,0.5800637044404686,4.5888467960059645,"sa875869"
"Ryan Brinley","WSN","AA",24,45,8,2.6,3.07692308,0.4,0.20100503,0.06532663,0.13567839,0.25945946,1.3555555555555556,0.32167832,0.60810811,4.6,2.9583668073018394,1.6416331926981602,3.5932132416301306,"sa875871"
"Conor Lillis-White","LAA","AA",24,44.2,10.880595775934957,6.447760459813308,1.6875,0.8059700574766635,0.28125,0.16666667,0.11458333,0.16455696,1.2985073148235133,0.22,0.71691176,4.029850287383317,4.142946103241123,-0.1130958158578057,3.830277696897446,"sa876096"
"Sean Keselica","PIT","AA",24,73.2,8.796381305177619,4.764706540304544,1.84615385,0.24434392514382275,0.22222222,0.12037037,0.10185185,0.24014337,1.438914225846956,0.31707317,0.71428571,3.5429869145854296,3.4558027366043387,0.0871841779810909,3.9241204975505104,"sa876113"
"Yoanys Quiala","HOU","AA",23,50.1,5.900662847926951,1.9668876159756505,3,0.5364238952660866,0.14537445,0.04845815,0.0969163,0.30232558,1.509933927415651,0.34636872,0.70054945,2.860927441419128,3.4934811027534907,-0.6325536613343625,3.9091699884787277,"sa876861"
"Pedro Echemendia","STL","AA",26,72,5.125,2,2.5625,1.125,0.13531353,0.05280528,0.08250825,0.28928571,1.3472222222222223,0.31304348,0.70021882,4.25,4.75911758210924,-0.5091175821092397,4.302488141610391,"sa877307"
"Yaisel Sierra","LAD","AA",26,49.2,11.597314248584082,2.8993285621460205,4,0.18120803513412628,0.30331754,0.07582938,0.22748815,0.24226804,1.268456245938884,0.35658915,0.73482428,2.536912491877768,2.026082665599897,0.5108298262778708,2.4603973426053205,"sa909930"
"Devan Watts","ATL","AA",22,32,8.71875,3.65625,2.38461538,0.28125,0.22627737,0.09489051,0.13138686,0.2231405,1.25,0.29213483,0.74519231,2.25,3.0818454742431642,-0.8318454742431642,3.803210288565606,"sa918361"
"Tyler Warmoth","LAA","AA",25,49.2,8.879193721572188,3.261744632414273,2.72222222,1.0872482108047576,0.23113208,0.08490566,0.14622642,0.23834197,1.288590472064898,0.28985507,0.75971731,3.4429526675483992,3.8580618409056835,-0.41510917335728426,3.1319225997453795,"sa919526"
"Ryan Atkinson","ARI","AA",24,36.1,8.174313070918522,5.944954960668016,1.375,0.743119370083502,0.22147651,0.16107383,0.06040269,0.208,1.3761469816361147,0.25842697,0.7860262,3.2201839370285086,4.351627757715668,-1.131443820687159,4.190837939508503,"sa921224"