Name,Team,Level,Age,IP,K/9,BB/9,K/BB,HR/9,K%,BB%,K-BB%,AVG,WHIP,BABIP,LOB%,ERA,FIP,E-F,xFIP,PlayerId
"Daniel Camarena","SDP","AA",30,69.2,6.976077573650681,2.06698594774835,3.375,1.1626795956084468,0.17252396,0.05111821,0.12140575,0.30479452,1.5071772535665051,0.34934498,0.57494867,6.20095784324505,4.726323250363433,1.4746345928816167,4.918496340610487,"14467"
"Scott Blewett","ATL","AA",27,72.2,9.412845354391026,3.5917436220702594,2.62068966,0.8669725984307524,0.24675325,0.09415584,0.1525974,0.21376812,1.211009343839781,0.26943005,0.66502463,4.211009763806511,4.060766548247933,0.15024321555857778,4.482392376429708,"16427"
"Lake Bachar","SDP","AA",28,60.1,10.292818547270425,3.729282082344357,2.76,0.5966851331750972,0.2749004,0.09960159,0.17529881,0.23214286,1.2762432015134022,0.31788079,0.77656676,2.685083099287937,3.60995734132605,-0.9248742420381131,4.317469527373212,"19222"
"Alan Rangel","ATL","AA",25,112,10.285714285714286,3.294642857142857,3.12195122,1.2857142857142858,0.26556017,0.08506224,0.18049793,0.23744292,1.2946428571428572,0.29931973,0.68471338,4.660714285714286,4.329115104675293,0.33159918103899244,4.361989716946015,"19524"
"Sterling Sharp","BOS","AA",28,85.2,6.828794585207285,3.8871599946564546,1.75675676,1.2607005388074988,0.17015707,0.09685864,0.07329843,0.27859238,1.540856214098054,0.31439394,0.71308725,5.35797728993187,5.0149018720248115,0.3430754179070581,4.946416953625203,"19671"
"Parker Dunshee","SFG","AA",28,45.2,10.839414851121571,4.335765940448629,2.5,0.7883210800815688,0.27227723,0.10891089,0.16336634,0.20467836,1.2481750434624839,0.27678571,0.7781457,2.5620435102650987,4.042025326897472,-1.4799818166323737,4.547132489841441,"20018"
"Ty Tice","ATL","AA",26,31,13.935483870967742,4.064516129032258,3.42857143,0.5806451612903226,0.33103448,0.09655172,0.23448276,0.26923077,1.5806451612903225,0.4125,0.6779661,5.225806451612903,2.772663491772067,2.453142959840836,3.0040840714689225,"20177"
"Isaac Mattson","MIN","AA",27,32.1,11.690723488518389,6.680413422010508,1.75,0.8350516777513135,0.30215827,0.17266187,0.1294964,0.13513514,1.2061857567518972,0.18181818,0.72164948,3.6185572702556916,4.899016033241155,-1.2804587629854636,5.181059434249023,"20385"
"Peter Solomon","ARI","AA",26,36.2,9.327271433428479,2.454545114060126,3.8,1.4727270684360756,0.24516129,0.06451613,0.18064516,0.25,1.25454528051962,0.3,0.64766839,4.172726693902214,4.647375598623752,-0.47464890472153787,4.340455653089233,"20476"
"Tyler Phillips","PHI","AA",25,82.1,8.744939811486606,3.279352429307478,2.66666667,1.311740971722991,0.22922636,0.08595989,0.14326648,0.26498423,1.3846154701520461,0.32,0.68548387,5.028340391604799,4.393011030508125,0.6353293610966739,3.620415225847572,"20629"
"Jose Espada","SDP","AA",26,64,11.953125,4.640625,2.57575758,0.703125,0.32319392,0.12547529,0.19771863,0.20434783,1.25,0.3,0.73972603,2.8125,3.599080276489258,-0.786580276489258,3.9174104693112897,"21131"
"Jonathan Bermudez","MIA","AA",27,94.1,10.399293846928025,3.720848257157734,2.79487179,1.3356891179540584,0.26585366,0.09512195,0.17073171,0.25068871,1.378091947095457,0.32083333,0.74324324,4.579505547271057,4.692189369637008,-0.11268382236595098,4.7221552685573505,"21241"
"Grant Wolfram","TEX","AA",26,49,12.306122448979592,2.5714285714285716,4.78571429,0.7346938775510204,0.35828877,0.07486631,0.28342246,0.15789474,0.8367346938775511,0.23,0.82887701,2.020408163265306,2.99895272546885,-0.978544562203544,3.236540267570895,"21623"
"Kyle Tyler","SEA","AA",26,135,9.2,3.8666666666666667,2.37931034,1,0.22294023,0.09369952,0.12924071,0.28186715,1.5925925925925926,0.35148515,0.63636364,5.6,4.470608054267036,1.129391945732964,4.40593140522639,"22092"
"Ryan Miller","BOS","AA",27,60.1,9.994475980682877,2.8342543825817113,3.52631579,1.1933702663501944,0.25769231,0.07307692,0.18461538,0.26582278,1.3591161366766102,0.33950617,0.7486631,4.027624648931906,3.9220109488689694,0.10561370006293647,4.064549820255387,"22187"
"Tobias Myers","MIL","AA",24,137.2,10.983051659022124,2.9418888372380687,3.73333333,1.9612592248253793,0.28668942,0.07679181,0.20989761,0.24067164,1.2639226115541333,0.29289941,0.68613139,5.033898677051806,5.0609554078766905,-0.027056730824884134,3.9377909034442973,"22191"
"Sean Reynolds","MIA","AA",25,30.2,10.858694526558905,4.695651687160607,2.3125,0.29347823044753796,0.28461538,0.12307692,0.16153846,0.1875,1.2065216140621005,0.27027027,0.71808511,2.3478258435803037,3.3508542587716525,-1.0030284151913489,4.214753158761698,"22253"
"Owen White","TEX","AA",23,56.1,7.668639745645895,3.674556544788658,2.08695652,0.7988166401714474,0.21145374,0.10132159,0.11013216,0.20100503,1.1183432962400264,0.23972603,0.75409836,3.5147932167543687,4.633658763802296,-1.118865547047927,4.885093885816937,"22273"
"Matt Sauer","NYY","AA",24,68.1,10.931708130754286,3.819512479420172,2.86206897,1.4487805956421342,0.29537367,0.10320285,0.19217082,0.196,1.141463499596833,0.24358974,0.82043344,3.424390498790499,4.299992374746951,-0.8756018759564523,3.7072322857081423,"22284"
"Angel De Jesus","DET","AA",26,36.1,11.14679055125253,4.954129133890013,2.25,1.7339451968615047,0.28125,0.125,0.15625,0.22302158,1.403669921268837,0.27586207,0.66350711,4.211009763806511,5.037070191090175,-0.8260604272836636,4.002558489130641,"22323"
"Raymond Burgos","SFG","AA",24,37.1,8.919644072347923,3.6160719212221313,2.46666667,0.48214292282961746,0.24342105,0.09868421,0.14473684,0.20588235,1.1517858712040863,0.26804124,0.72815534,2.1696431527332787,3.2756020545959474,-1.1059589018626688,3.855202019894544,"22370"
"Michel Otanez","ARI","AA",25,33,15,5.7272727272727275,2.61904762,0.5454545454545454,0.36184211,0.13815789,0.22368421,0.23622047,1.5454545454545454,0.4,0.651341,5.454545454545454,3.4201030037619855,2.0344424507834686,3.6670500624360463,"22533"
"Keider Montero","DET","AA",22,69.1,11.8125008665599,4.024038756740185,2.93548387,0.9086539128122999,0.29641694,0.1009772,0.19543974,0.26545455,1.5000001100393523,0.37288136,0.67226891,4.932692669552486,3.3477174445016855,1.5849752250508002,3.5967907502457233,"22630"
"Yoendrys Gomez","NYY","AA",23,65.1,10.74489879568441,5.096939172311835,2.10810811,0.8265306765911085,0.28467153,0.1350365,0.14963504,0.19915254,1.2857143858083908,0.26973684,0.74412533,3.581632931894803,3.8266225056566863,-0.24498957376188324,4.00268028230449,"22872"
"Prelander Berroa","SEA","AA",23,65.1,13.913266389283658,5.372449397842205,2.58974359,0.27551022553036947,0.36594203,0.14130435,0.22463768,0.19148936,1.2857143858083908,0.32575758,0.74519231,2.8928573680688796,2.881605723538726,0.011251644530153815,3.790378228072389,"22932"
"Robinson Pina","LAA","AA",24,63,8.285714285714286,4.285714285714286,1.93333333,0.2857142857142857,0.2265625,0.1171875,0.109375,0.20454545,1.1904761904761905,0.26875,0.72890026,3.2857142857142856,3.8648293903895787,-0.5791151046752931,4.1040773021323345,"23091"
"Jake Wong","CIN","AA",26,47,9.574468085106384,2.872340425531915,3.33333333,1.7234042553191489,0.25380711,0.07614213,0.17766498,0.23756906,1.2340425531914894,0.27868852,0.60344828,5.170212765957447,4.962093828079548,0.2081189378778987,3.7163384125904835,"23095"
"Steven Cruz","KCR","AA",24,32.2,11.5714267697351,5.510203223683381,2.1,0.27551016118416904,0.30656934,0.1459854,0.16058394,0.17391304,1.2244896052629735,0.26388889,0.7635468,2.2040812894733524,3.5397690758313862,-1.3356877863580339,4.187195085319091,"23165"
"Nolan Hoffman","BAL","AA",25,41.1,7.40322671745383,2.6129035473366455,2.83333333,0.2177419622780538,0.19318182,0.06818182,0.125,0.2484472,1.2580646709398664,0.30952381,0.70895522,3.0483874718927533,3.033666540953666,0.014720930939087218,3.9415433766289008,"23381"
"Brett de Geus","KCR","AA",25,35.1,7.386793516165322,2.0377361423904334,3.625,0.7641510533964126,0.20567376,0.05673759,0.14893617,0.25757576,1.1886794163944197,0.31,0.82474227,2.801887195786846,3.9192454034215283,-1.1173582076346822,3.738028797139436,"23592"
"Omar Cruz","PIT","AA",24,48,8.25,5.625,1.46666667,0.375,0.2037037,0.13888889,0.06481482,0.21787709,1.4375,0.27819549,0.75136612,3.9375,4.296435387929281,-0.35893538792928137,5.5592534090081855,"23875"
"Randy Rodriguez","SFG","AA",23,30.1,11.868133111904806,5.340659900357163,2.22222222,0.29670332779762015,0.31007752,0.13953488,0.17054264,0.17592593,1.2197803476124385,0.26865672,0.69948187,2.9670332779762014,3.1437339089081164,-0.17670063093191501,4.238068353471263,"23974"
"Kai-Wei Teng","SFG","AA",24,47.1,12.929578854152933,3.80281731004498,3.4,0.760563462008996,0.33663366,0.0990099,0.23762376,0.22093023,1.2253522443478269,0.34,0.65705128,4.753521637556225,3.402362631597447,1.351159005958778,3.279717717142848,"24282"
"Adam Kloffenstein","TOR","AA",22,89,10.617977528089888,3.438202247191011,3.08823529,0.8089887640449438,0.27631579,0.08947368,0.18684211,0.23303835,1.2696629213483146,0.31415929,0.71691176,3.235955056179775,3.4666132905510034,-0.23065823437122823,3.3685997120450053,"24493"
"Lyon Richardson","CIN","AA",23,46,11.347826086956522,4.304347826086956,2.63636364,0.391304347826087,0.30851064,0.11702128,0.19148936,0.21341463,1.2391304347826086,0.31730769,0.81850534,2.152173913043478,3.1878107568492062,-1.0356368438057282,3.6185013377472113,"24581"
"John Rooney","LAD","AA",26,34,9.794117647058824,2.3823529411764706,4.11111111,0.7941176470588235,0.26241135,0.06382979,0.19858156,0.2578125,1.2352941176470589,0.34090909,0.78947368,2.3823529411764706,3.8104773353127874,-1.4281243941363169,3.485191978163579,"24590"
"Jonathan Bowlan","KCR","AA",26,35,12.085714285714285,3.342857142857143,3.61538462,1.8,0.28658537,0.07926829,0.20731707,0.2972973,1.6285714285714286,0.39361702,0.59760956,7.2,4.978544562203544,2.2214554377964566,3.930783332032817,"24607"
"Braydon Fisher","LAD","AA",22,61,12.098360655737705,5.459016393442623,2.21621622,1.3278688524590163,0.3129771,0.14122137,0.17175573,0.1838565,1.278688524590164,0.24242424,0.75667656,2.9508196721311477,4.840371260095815,-1.8895515879646676,4.092879184885104,"24609"
"Victor Vodnik","COL","AA",23,46.2,12.535712919430006,5.014285167772003,2.5,0.3857142436747694,0.33333333,0.13333333,0.2,0.18072289,1.1999998692103937,0.28282828,0.80071174,2.699999705723386,3.1758063279079747,-0.4758066221845887,3.8933354966596116,"24614"
"Kelvin Caceres","LAA","AA",23,33.2,14.168314691174997,5.881187230299056,2.40909091,0.8019800768589621,0.33333333,0.13836478,0.19496855,0.22727273,1.5445542220987418,0.35526316,0.68181818,5.613860538012735,3.9949566260095697,1.618903912003165,3.728063768794125,"24681"
"Devin Sweet","SEA","AA",26,35,12.085714285714285,2.057142857142857,5.875,0.2571428571428571,0.34558824,0.05882353,0.28676471,0.18897638,0.9142857142857143,0.29113924,0.82278481,1.542857142857143,2.1499731336321153,-0.6071159907749724,3.4194826903087754,"25348"
"Nash Walters","CHW","AA",26,35,13.114285714285714,5.4,2.42857143,1.2857142857142858,0.33116883,0.13636364,0.1948052,0.22307692,1.4285714285714286,0.32432432,0.54347826,6.428571428571429,4.463491113164361,1.965080315407068,3.654577717716971,"25413"
"Ryan Zeferjahn","BOS","AA",25,43,14.232558139534884,8.372093023255815,1.7,1.4651162790697674,0.33333333,0.19607843,0.1372549,0.20886076,1.697674418604651,0.31325301,0.75144509,5.023255813953488,5.4383927522703654,-0.41513693831687704,4.76570143269938,"25420"
"Paxton Schultz","TOR","AA",25,46.1,10.489209784551363,3.6906478871569615,2.84210526,0.5827338769195202,0.27272727,0.0959596,0.17676768,0.23463687,1.3165469071144715,0.31967213,0.73943662,3.302158635877281,3.016609220409494,0.2855494154677869,3.73271118772113,"25501"
"Justin Slaten","TEX","AA",25,51.1,13.324676644924871,2.8051950831420784,4.75,1.577922234267419,0.37438424,0.07881773,0.2955665,0.21925134,1.110389720410406,0.31372549,0.81081081,3.155844468534838,3.946077054828473,-0.790232586293635,2.8159160322028143,"25648"
"Sawyer Gipson-Long","DET","AA",25,65,10.523076923076923,2.076923076923077,5.06666667,1.6615384615384616,0.29803922,0.05882353,0.23921569,0.21428571,1.0153846153846153,0.26,0.80078125,3.7384615384615385,4.121755900749793,-0.38329436228825475,3.0987165240141064,"26048"
"Blas Castano","SEA","AA",24,74.2,8.678572389240275,4.2187504669918,2.05714286,0.9642858210266971,0.22429907,0.10903427,0.1152648,0.24820144,1.3928572970385624,0.30808081,0.67460317,4.580357649876811,4.631477559806964,-0.051119909930152474,4.592605384210888,"26117"
"Austin Pope","ARI","AA",24,44.2,11.283580804673289,3.022387715537488,3.73333333,1.0074625718458292,0.29319372,0.07853403,0.21465969,0.24855491,1.2985073148235133,0.33928571,0.72222222,4.231342801752483,3.849546676554165,0.38179612519831796,3.8886422042513726,"26136"
"Connor Gillispie","BAL","AA",25,115.2,7.703170706288512,2.878962789218939,2.67567568,1.0893372715963554,0.20539419,0.07676349,0.12863071,0.22018349,1.149856008907264,0.25386997,0.71078431,3.890490255701269,4.330357190586069,-0.4398669348848001,4.628958045632123,"26171"
"Blair Henley","HOU","AA",26,106.2,8.943750852942548,4.471875426471274,2,0.6750000643730225,0.22268908,0.11134454,0.11134454,0.25242718,1.4718751403689518,0.32214765,0.64413265,5.0625004827976685,4.480330351591118,0.5821701312065501,4.567643768019883,"26190"
"Kade Strowd","BAL","AA",25,55.1,10.897591363156915,5.204819755537631,2.09375,1.1385543215238567,0.2627451,0.1254902,0.1372549,0.24657534,1.5542170103341537,0.32413793,0.59850374,5.204819755537631,4.450300957755482,0.7545187977821488,3.875368936679565,"26191"
"Andrew Saalfrank","ARI","AA",25,33.1,12.150001853943154,5.400000823974735,2.25,0,0.31914894,0.14184397,0.17730497,0.19166667,1.290000196838409,0.30666667,0.75,2.7000004119873675,2.882830152893048,-0.18282974090568027,3.6279048761004793,"26203"
"Jackson Rutledge","WSN","AA",24,68.1,8.165854266346575,3.292683171913941,2.48,0.6585366343827883,0.22794118,0.09191176,0.13602941,0.20661157,1.097561057304647,0.25714286,0.75342466,3.1609758450373837,3.7292606249485347,-0.568284779911151,4.2779640355065585,"26215"
"Joey Estes","OAK","AA",21,104.1,8.626198503595345,2.674121536114557,3.22580645,1.2076677905033484,0.23255814,0.07209302,0.16046512,0.21538462,1.1022364754594054,0.25362319,0.77586207,3.2779554313662316,4.670466106896731,-1.3925106755304992,4.904789661968212,"26257"
"Hunter Bigge","CHC","AA",25,43.2,11.541983388422215,4.3282437706583305,2.66666667,0.6183205386654758,0.30434783,0.11413043,0.19021739,0.21118012,1.2595418380222654,0.30392157,0.73863636,3.5038163857710294,3.4875120619100373,0.01630432386099212,4.077627104182247,"26259"
"DJ Herz","WSN","AA",22,94.1,12.689046620563554,5.438162837384381,2.33333333,0.4770318278407351,0.32360097,0.13868613,0.18491484,0.19308357,1.314487703383359,0.29665072,0.71774194,3.434629160453293,3.3700254160971146,0.06460374435617844,4.196518832688343,"26389"
"Porter Hodge","CHC","AA",22,80.2,11.49173698636356,5.4669428381729555,2.10204082,0.3347107860105891,0.28531856,0.13573407,0.14958449,0.21122112,1.4008266229332063,0.30964467,0.6196944,5.132232052162366,3.665891975122483,1.4663400770398831,4.788248145931545,"26413"
"Ryan Gusto","HOU","AA",24,61.1,9.097826841422938,3.668478565089895,2.48,0.29347828520719155,0.24899598,0.10040161,0.14859438,0.16818182,1.0108696490469933,0.22435897,0.69620253,2.9347828520719155,3.5134824355293075,-0.578699583457392,4.759913389035955,"26440"
"Wikelman Gonzalez","BOS","AA",21,48.1,11.73103571725103,5.213793652111569,2.25,0.3724138322936835,0.31818182,0.14141414,0.17676768,0.16071429,1.1379311542306996,0.24271845,0.77490775,2.4206899099089427,3.068705481099457,-0.6480155711905144,3.8449371698600636,"26641"
"Anthony Molina","TBR","AA",21,66.1,7.055276922889359,2.713568047265138,2.6,1.0854272189060552,0.17687075,0.06802721,0.10884354,0.26277372,1.3869347797132927,0.29906542,0.61881188,4.613065680350735,4.483637787097006,0.1294278932537285,5.106761663516418,"26952"
"Alec Marsh","KCR","AA",25,47.1,10.647888468125945,4.563380772053976,2.33333333,0.760563462008996,0.26415094,0.11320755,0.1509434,0.27419355,1.5845072125187418,0.37301587,0.6442577,5.323944234062973,4.073112007493756,1.2508322265692167,4.2862715541984695,"27451"
"Anthony Veneziano","KCR","AA",25,42.1,10.204725635525637,1.0629922537005871,9.6,1.0629922537005871,0.28402367,0.0295858,0.25443787,0.2327044,0.9921261034538814,0.30188679,0.925,2.1259845074011743,3.6692082264070227,-1.5432237190058484,3.673791573402493,"27453"
"Emerson Hancock","SEA","AA",24,98,9.826530612244898,3.489795918367347,2.81578947,0.826530612244898,0.26034063,0.09245742,0.16788321,0.22677596,1.2346938775510203,0.296,0.68457539,4.316326530612245,4.080585378530074,0.23574115208217084,4.423107426218232,"27470"
"Cole Wilcox","TBR","AA",23,106.2,8.353125796616153,3.712500354051624,2.25,1.1812501126527895,0.21806167,0.0969163,0.12114538,0.23690773,1.3031251242756963,0.28125,0.59968847,5.231250498890924,4.9197402325272686,0.31151026636365575,4.709283888809647,"27481"
"Landon Knack","LAD","AA",25,57.1,9.575582244835987,1.8837210973447842,5.08333333,0.47093027433619605,0.2735426,0.05381166,0.21973094,0.2,0.9418605486723921,0.26712329,0.72834646,2.197674613568915,2.925388347941383,-0.7277137343724682,3.7883699921789447,"27487"
"Clayton Beeter","NYY","AA",24,60.2,11.27472432945802,4.598900713331561,2.4516129,0.445054907741764,0.296875,0.12109375,0.17578125,0.20183486,1.236263632616011,0.29496403,0.87403599,2.0769229027948986,3.292085569697494,-1.2151626669025957,3.8627939052565043,"27494"
"Kyle Hurt","LAD","AA",25,65,15.23076923076923,4.569230769230769,3.33333333,0.9692307692307692,0.39426523,0.11827957,0.27598566,0.20661157,1.2769230769230768,0.344,0.71243523,4.153846153846154,3.415907199566181,0.737938954279973,2.923369865004833,"27514"
"Evan Kravetz","CIN","AA",26,30,10.8,2.7,4,0.9,0.30769231,0.07692308,0.23076923,0.18691589,0.9666666666666667,0.25,0.85271318,2.4,3.479115104675293,-1.0791151046752931,3.4955451828738053,"27536"
"Zac Kristofak","LAA","AA",25,42,7.071428571428571,3.4285714285714284,2.0625,0.6428571428571429,0.19075145,0.09248555,0.0982659,0.21935484,1.1904761904761905,0.2605042,0.64853556,4.071428571428571,4.221972247532436,-0.1505436761038652,5.0235660645933375,"27585"
"Jake Eder","CHW","AA",24,47,11.48936170212766,5.9361702127659575,1.93548387,1.3404255319148937,0.27272727,0.14090909,0.13181818,0.27071823,1.702127659574468,0.36842105,0.66496164,6.702127659574468,5.451455530207208,1.2506721293672598,5.330278276319199,"27590"
"Mitchell Parker","WSN","AA",23,113.2,10.45161383858634,4.275660206694412,2.44444444,0.7917889271656318,0.27216495,0.11134021,0.16082474,0.23201856,1.354838830927859,0.31141869,0.68571429,4.1964813139778485,3.521936387491922,0.6745449264859267,3.800662172160677,"27636"
"Connor Phillips","CIN","AA",22,64.2,15.4484560383993,3.7577325498809104,4.11111111,1.2525775166269701,0.39084507,0.09507042,0.29577465,0.2310757,1.3144331964604008,0.3740458,0.79081633,3.340206711005254,3.4863315849251473,-0.14612487391989326,2.9717689210956104,"27649"
"Christian Roa","CIN","AA",24,59,13.271186440677965,6.711864406779661,1.97727273,1.0677966101694916,0.3372093,0.17054264,0.16666667,0.19711538,1.4406779661016949,0.29824561,0.68965517,4.88135593220339,4.714708325014277,0.16664760718911342,4.5646275941598216,"27662"
"Tanner Gordon","ATL","AA",25,79.1,8.621847841246613,2.382352692976038,3.61904762,1.3613443959863074,0.22619048,0.0625,0.16369048,0.24840764,1.247899029654115,0.2920354,0.61298077,4.99159611861646,4.3747499364899545,0.6168461821265057,4.478932236727042,"27669"
"Carson Spiers","CIN","AA",25,83,11.493975903614459,4.445783132530121,2.58536585,0.6506024096385542,0.29201102,0.11294766,0.17906336,0.22539683,1.3493975903614457,0.32019704,0.74141049,3.6867469879518073,3.6995970323861367,-0.012850044434329355,4.130194125836154,"27685"
"Jack Kochanowicz","LAA","AA",22,70.1,7.037915200900775,2.81516608036031,2.5,1.919431418427484,0.17684887,0.07073955,0.10610933,0.28928571,1.4644550822076359,0.31428571,0.63736264,6.526066822653446,6.109920974898198,0.41614584775524754,4.864717487422835,"27688"
"Brian Van Belle","BOS","AA",26,81,7.666666666666667,2.7777777777777777,2.76,1,0.20845921,0.0755287,0.13293051,0.24,1.1975308641975309,0.28378378,0.78539823,3,4.164490943484836,-1.1644909434848358,4.430965314088044,"27695"
"Mick Abel","PHI","AA",21,108.2,10.435583798983878,5.1349698058492095,2.03225806,1.2423314046409377,0.27510917,0.13537118,0.13973799,0.18670077,1.2423314046409377,0.232,0.73109244,4.141104682136459,4.6007555528796145,-0.4596508707431557,4.33400023287057,"27756"
"Eury Perez","MIA","AA",20,36.2,13.25454361592468,2.454545114060126,5.4,1.227272557030063,0.38028169,0.07042254,0.30985916,0.18181818,0.9272725986449365,0.26027397,0.66666667,3.190908648278164,3.224569699311053,-0.03366105103288897,2.6581711586289245,"27768"
"Kyle Nicolas","PIT","AA",24,53.2,10.565216389985041,3.8571424915818406,2.73913043,1.3416147796806401,0.26359833,0.09623431,0.16736402,0.2629108,1.4720495499273691,0.33802817,0.6779661,4.360248033962081,4.319080216569779,0.04116781739230202,4.183435122527963,"27775"
"Jared Jones","PIT","AA",21,44.1,9.541354478116657,3.248120673401415,2.9375,0.6090226262627654,0.26256983,0.08938547,0.17318436,0.20125786,1.082706891133805,0.26605505,0.85774059,2.233082962963473,3.3883840224223856,-1.1553010594589126,4.0716670784702185,"27863"
"Noah Murdock","KCR","AA",24,69,10.043478260869565,6.391304347826087,1.57142857,0.5217391304347826,0.24444444,0.15555556,0.08888889,0.23846154,1.608695652173913,0.32402235,0.58348294,5.869565217391305,4.605873754750127,1.2636914626411775,4.864580198841683,"27908"
"Austin Kitchen","COL","AA",26,59.2,8.145250702309148,2.262569639530319,3.6,0.6033519038747518,0.21343874,0.05928854,0.1541502,0.26609442,1.2905026832876636,0.33142857,0.71989529,3.6201114232485105,3.3426411550264756,0.2774702682220349,3.632454739418014,"27910"
"Cristian Mena","CHW","AA",20,114,10.736842105263158,4.342105263157895,2.47272727,1.3421052631578947,0.27868852,0.11270492,0.16598361,0.23130841,1.3508771929824561,0.29818182,0.70266272,4.657894736842105,4.710694052043714,-0.052799315201609076,4.268670702346585,"27974"
"Luke Little","CHC","AA",22,34.2,16.355766831065424,7.2692297026957435,2.25,0.25961534652484797,0.40909091,0.18181818,0.22727273,0.16806723,1.3846151814658558,0.34545455,0.80223881,3.1153841582981756,3.348345907764317,-0.23296174946614157,3.7480143182190573,"28036"
"River Ryan","LAD","AA",24,97.1,9.061644309142874,4.0684933632886375,2.22727273,0.7397260660524795,0.23728814,0.10653753,0.13075061,0.21727019,1.253424723033368,0.27667984,0.75331126,3.3287672972361575,4.412008396262502,-1.0832410990263446,4.826647516499687,"29514"
"Andre Granillo","STL","AA",23,55,11.781818181818181,4.090909090909091,2.88,0.9818181818181818,0.31168831,0.10822511,0.2034632,0.20487805,1.2181818181818183,0.28346457,0.58724832,4.418181818181818,3.9110120946710762,0.5071697235107417,4.016846523230726,"29542"
"Patrick Monteverde","MIA","AA",25,114,9,3.6315789473684212,2.47826087,1.0263157894736843,0.24516129,0.09892473,0.14623656,0.21927711,1.2017543859649122,0.27083333,0.73289902,3.3157894736842106,4.377360718710381,-1.0615712450261707,4.460763513479839,"29564"
"Joe Boyle","OAK","AA",23,101.1,13.322368838986876,7.282894965312825,1.82926829,0.532894753559475,0.32894737,0.17982456,0.14912281,0.20491803,1.5493421538673624,0.32857143,0.72158365,4.085526443955975,4.072250606493584,0.013275837462391138,4.283012948313479,"29608"
"Kyle Backhus","ARI","AA",25,55,10.472727272727273,4.254545454545455,2.46153846,0.9818181818181818,0.2601626,0.10569106,0.15447155,0.25688073,1.490909090909091,0.33783784,0.78042328,3.7636363636363637,4.311012094671076,-0.5473757310347125,4.106398769264872,"29615"
"Andrew Hoffmann","KCR","AA",23,87.1,8.96564937711814,4.43129796800092,2.02325581,1.2366412933956055,0.22307692,0.11025641,0.11282051,0.27777778,1.5801527637832737,0.34156379,0.69730586,5.5648858202802245,5.135578452117464,0.4293073681627604,5.126691546824253,"29633"
"Mason Montgomery","TBR","AA",23,107.2,10.950465430903048,4.0959756191927434,2.67346939,1.5046441050095791,0.27991453,0.10470085,0.17521368,0.23786408,1.365325206397581,0.30418251,0.76863354,4.179566958359942,4.879424825053942,-0.6998578666939999,4.760170198963192,"29770"
"Ky Bush","CHW","AA",23,67.2,9.177339211649837,4.788176979991219,1.91666667,2.1280786577738753,0.23,0.12,0.11,0.27203065,1.5812806693180879,0.3125,0.65068493,6.384235973321625,6.342661694978867,0.0415742783427584,4.85626812760725,"29823"
"Jackson Wolf","SDP","AA",24,124.1,9.772118362227058,2.316353982157525,4.21875,1.230563053021185,0.26838966,0.06361829,0.20477137,0.22649573,1.1099196164504808,0.28164557,0.67406143,4.126005530718091,4.022426408030171,0.10357912268792013,4.0222414807370885,"29832"
"Nick Nastrini","CHW","AA",23,95,10.98947522868762,4.168421638467718,2.63636364,0.8526316987774877,0.27619048,0.1047619,0.17142857,0.23180593,1.3684212449515236,0.31300813,0.68627451,4.073684783047997,4.004136390726218,0.06954839232177878,4.412277747698652,"29833"
"Emmet Sheehan","LAD","AA",23,53.1,14.850001416206496,3.8812503701448793,3.82608696,0.8437500804662781,0.41706161,0.10900474,0.30805687,0.13114754,0.8812500840425571,0.21111111,0.91111111,1.856250177025812,3.1865802282094915,-1.3303300511836795,3.1611137800870757,"29839"
"Ryan Bergert","SDP","AA",23,44,10.431818181818182,3.6818181818181817,2.83333333,0.20454545454545456,0.28813559,0.10169492,0.18644068,0.20382166,1.1363636363636365,0.2952381,0.71146245,2.8636363636363638,3.033739367398349,-0.17010300376198506,3.8671857454560024,"29863"
"Chayce McDermott","BAL","AA",24,68.1,11.590244765137074,5.795122382568537,2,0.7902439612593459,0.30662021,0.1533101,0.15331011,0.17355372,1.258536679042662,0.24324324,0.73791349,3.556097825667057,3.817065509532907,-0.2609676838658501,4.133273651560321,"29866"
"James Meeker","MIL","AA",28,89,8.089887640449438,1.2134831460674158,6.66666667,1.2134831460674158,0.21563342,0.03234501,0.18328841,0.25423729,1.146067415730337,0.29770992,0.75388027,3.134831460674157,4.107204992315743,-0.9723735316415856,4.377852573187164,"29891"
"Spencer Arrighetti","HOU","AA",23,60.2,11.719779237199784,3.4120876260201904,3.43478261,0.5934065436556852,0.31225296,0.09090909,0.22134387,0.21428571,1.1703295722098237,0.31205674,0.68627451,4.153845805589797,3.3796434895598684,0.7742023160299287,4.211199883722794,"29921"
"Jordan Leasure","LAD","AA",24,35,14.4,4.114285714285714,3.5,1.542857142857143,0.39716312,0.11347518,0.28368794,0.16935484,1.0571428571428572,0.24193548,0.87837838,3.085714285714286,4.178544562203544,-1.092830276489258,3.1917641494955338,"29950"
"Grant Holman","OAK","AA",23,32.1,12.525775166269701,3.061856151754816,4.09090909,2.2268044740035027,0.30821918,0.07534247,0.23287671,0.27067669,1.4536084760856198,0.35,0.74074074,5.845361744259194,5.33200579207517,0.5133559521840247,3.3637026375675476,"30002"
"Joe Rock","COL","AA",22,90,10.8,3.2,3.375,1.3,0.27341772,0.08101266,0.19240506,0.26330532,1.4,0.34322034,0.69420035,4.5,4.020046499040392,0.4799535009596081,3.4414976964394253,"30016"
"Julian Aguiar","CIN","AA",22,54.2,10.042681992444109,2.140243703307761,4.69230769,0.9878047861420435,0.26293103,0.05603448,0.20689655,0.26267281,1.280487685739686,0.34,0.62893082,4.280487406615522,3.597407785900146,0.6830796207153758,3.5287490680881772,"30031"
"Cade Povich","BAL","AA",23,81.1,13.05737786573678,4.094262551120855,3.18918919,1.3278689354986557,0.33427762,0.10481586,0.22946176,0.23717949,1.3647541837069517,0.34065934,0.70264766,4.868852763495071,3.8042906122481894,1.0645621512468817,3.093191801549708,"30055"
"David Festa","MIN","AA",23,80,11.7,3.7125,3.15151515,0.9,0.30409357,0.09649123,0.20760234,0.247557,1.3625,0.34871795,0.66132265,4.3875,3.705330276489258,0.682169723510742,3.6471212923526766,"30056"
"Landen Roupp","SFG","AA",24,31,12.193548387096774,2.6129032258064515,4.66666667,0.2903225806451613,0.35,0.075,0.275,0.2037037,1,0.32307692,0.85889571,1.7419354838709677,2.1465697965314314,-0.4046343126604637,2.6119945466518404,"30076"
"Carson Seymour","SFG","AA",24,112.2,9.1065096979545,3.434911552737224,2.65116279,0.6390533121371579,0.24463519,0.09227468,0.15236052,0.22966507,1.2337279220425688,0.2972973,0.64759036,3.994083200857237,3.453116863522936,0.540966337334301,3.631950132778096,"30084"
"Ben Casparius","LAD","AA",24,70.2,9.679246676354559,4.712264829277878,2.05405405,1.9103776334910314,0.23529412,0.11455108,0.12074303,0.26164875,1.556603997659359,0.30851064,0.625,6.622642462768909,6.169245727310965,0.453396735457944,5.342788227374394,"30085"
"Jordan Wicks","CHC","AA",23,58.1,10.645715213946987,2.931428827028881,3.63157895,1.3885715496452593,0.28991597,0.07983193,0.21008403,0.22477064,1.165714387356514,0.28571429,0.74468085,3.394286010243967,4.247686591541529,-0.8534005812975622,3.8397422623108293,"30094"
"Mike Vasil","NYM","AA",23,51,10.058823529411764,1.411764705882353,7.125,1.411764705882353,0.2893401,0.04060914,0.24873096,0.18617021,0.8431372549019608,0.2195122,0.67073171,3.7058823529411766,3.608935387929281,0.0969469650118957,3.324669515619091,"30105"
"Christian Scott","NYM","AA",24,62,11.17741935483871,1.1612903225806452,9.625,0.7258064516129032,0.32765957,0.03404255,0.29361702,0.1981982,0.8387096774193549,0.27857143,0.8,2.467741935483871,2.4691504416927215,-0.0014085062088504685,2.957485788676047,"30107"
"Chad Patrick","OAK","AA",24,102.1,9.146580429651122,3.342019772372525,2.73684211,1.4951141086929718,0.23318386,0.08520179,0.14798206,0.27654321,1.4657981457774234,0.33450704,0.71981424,5.100977547305433,5.021820595327455,0.07915695197797845,4.561078631144669,"30113"
"Brant Hurter","DET","AA",24,118,10.14406779661017,2.516949152542373,4.03030303,0.5338983050847458,0.26706827,0.06626506,0.20080321,0.23788546,1.194915254237288,0.32165605,0.71729958,3.2796610169491527,2.9111952749349306,0.3684657420142221,3.2777517221236634,"30133"
"Ty Madden","DET","AA",23,118,11.135593220338983,3.8135593220338984,2.92,1.2203389830508475,0.29674797,0.10162602,0.19512195,0.23059361,1.2796610169491525,0.30797101,0.7918552,3.4322033898305087,3.93661900374849,-0.5044156139179812,3.458455561126693,"30140"
"Doug Nikhazy","CLE","AA",23,102,11.294117647058824,6.4411764705882355,1.75342466,1.1470588235294117,0.27004219,0.15400844,0.11603376,0.23173804,1.6176470588235294,0.30859375,0.68965517,4.9411764705882355,4.687366760478301,0.2538097101099348,4.686384081782079,"30142"
"Jack Leiter","TEX","AA",23,81.2,12.12245048958298,5.179592481912727,2.34042553,1.5428573350378336,0.31339031,0.13390313,0.17948718,0.22408027,1.3959185412247066,0.30285714,0.71428571,5.069388386552882,5.137728415651673,-0.068340029098791,4.505745357326712,"30146"
"Dom Hamel","NYM","AA",24,124,11.612903225806452,3.556451612903226,3.26530612,0.8709677419354839,0.30360531,0.09297913,0.21062619,0.22736842,1.2661290322580645,0.31683168,0.72625698,3.846774193548387,3.2110859255636894,0.6356882679846976,3.4198928330213794,"30153"
"Richard Fitts","NYY","AA",23,152.2,9.609170945957697,2.5349346667250368,3.79069767,1.296943317859321,0.25914149,0.06836248,0.19077901,0.22469983,1.1397380672097064,0.27386935,0.8002736,3.4781661706227247,3.917523494748541,-0.4393573241258162,3.594914680887006,"30160"
"Carlos Rodriguez","MIL","AA",21,123.2,11.061995519097877,3.857143174422286,2.86792453,0.7277628630985445,0.29457364,0.10271318,0.19186047,0.18061674,1.0916442946478169,0.24657534,0.75384615,2.7654988797744693,3.6761501530884324,-0.9106512733139631,4.4005211321627815,"30161"
"Mason Black","SFG","AA",23,63,11.857142857142858,3,3.95238095,1,0.32677165,0.08267717,0.24409449,0.19565217,1.0476190476190477,0.27142857,0.69256757,3.5714285714285716,3.2279830069769,0.3434455644516716,2.9292431261804373,"30171"
"Pierson Ohl","MIN","AA",23,87,7.655172413793103,1.3448275862068966,5.69230769,0.9310344827586207,0.21828909,0.03834808,0.179941,0.21604938,0.9540229885057471,0.25311203,0.81491713,2.689655172413793,3.853749816719143,-1.16409464430535,4.382313849271714,"30179"
"Travis Adams","MIN","AA",23,109.2,7.960487060592054,3.5288757072727663,2.25581395,1.3130700306131222,0.20250522,0.08977035,0.11273487,0.27251732,1.4680852425605049,0.31875,0.62853107,5.66261450701909,5.0788486421364425,0.5837658648826478,4.314524269594488,"30180"
"Noah Cameron","KCR","AA",23,72.1,9.207373919324315,3.2350232689517866,2.84615385,1.7419356063586542,0.22839506,0.08024691,0.14814815,0.29591837,1.5622120914168884,0.35436893,0.66735113,6.09677462225529,5.407116111318411,0.6896585109368791,4.500451177571763,"30184"
"Christian Montes De Oca","ARI","AA",23,61,8.114754098360656,3.8360655737704916,2.11538462,1.180327868852459,0.21484375,0.1015625,0.11328125,0.22368421,1.2622950819672132,0.26060606,0.67846608,4.278688524590164,4.971518801079422,-0.692830276489258,5.098751447435285,"30206"
"Spencer Bivens","SFG","AA",29,78,8.307692307692308,3.923076923076923,2.11764706,0.34615384615384615,0.21818182,0.1030303,0.11515152,0.2283737,1.2820512820512822,0.29439252,0.69066148,3.6923076923076925,3.5063712853651783,0.18593640694251423,4.079808330383057,"30226"
"Hunter Dobbins","BOS","AA",23,71.2,9.795350227583096,3.265116742527699,3,1.004651305393138,0.25407166,0.08469055,0.16938111,0.24820144,1.325581583504835,0.31770833,0.71428571,4.269768047920837,3.7639742169398342,0.5057938309810028,3.9242582399102055,"30240"
"Bryan Woo","SEA","AA",23,44,12.068181818181818,2.4545454545454546,4.91666667,0.4090909090909091,0.34302326,0.06976744,0.27325581,0.17419355,0.8863636363636364,0.26595745,0.82524272,2.0454545454545454,2.7610120946710763,-0.7155575492165309,3.6870636197315023,"30279"
"Luis Guerrero","BOS","AA",22,49.2,10.691274072913451,5.436241054023788,1.96666667,0.36241607026825257,0.27830189,0.14150943,0.13679245,0.14444444,1.1275166630567857,0.20168067,0.79710145,1.8120803513412629,3.3561389591000035,-1.5440586077587406,4.344056233974003,"31184"
"Colton Gordon","HOU","AA",24,93.1,11.667857778704931,3.471428760606426,3.36111111,0.8678571901516065,0.3071066,0.09137056,0.21573604,0.21367521,1.1892857790966458,0.29864253,0.70208729,3.953571644023985,3.73568742168193,0.21788422234205518,4.028811069021498,"31312"
"Jack Perkins","OAK","AA",23,54,7.333333333333333,4.833333333333333,1.51724138,0.3333333333333333,0.17460317,0.11507937,0.05952381,0.3196347,1.8333333333333333,0.39306358,0.63872255,5.666666666666667,4.378015461674443,1.2886512049922239,5.103830801171285,"31468"
"Victor Mederos","LAA","AA",22,92,9.684782608695652,4.206521739130435,2.30232558,2.0543478260869565,0.23913043,0.10386473,0.1352657,0.25690608,1.4782608695652173,0.29752066,0.69204152,5.673913043478261,6.089984669892685,-0.41607162641442397,4.5134303612067646,"31533"
"Mason Fluharty","TOR","AA",21,42.1,11.480316339966341,3.826772113322114,3,1.2755907044407047,0.27979275,0.09326425,0.1865285,0.28488372,1.582677355509763,0.38392857,0.76298701,4.251969014802349,4.055129707309711,0.19683930749263734,3.8494339032909783,"31553"
"Blade Tidwell","NYM","AA",22,34.1,10.747574407718163,4.45631133978558,2.41176471,1.572815766983146,0.27702703,0.11486486,0.16216216,0.25396825,1.4271846774476693,0.32911392,0.78947368,4.718447300949437,5.081427564835856,-0.3629802638864188,4.533478874672076,"31701"
"Jonathan Cannon","CHW","AA",22,48.1,7.262069729726829,2.7931037422026264,2.6,1.489655329174734,0.17333333,0.06666667,0.10666667,0.29186603,1.5724139585733303,0.32716049,0.56231003,5.772414400552095,5.1101497485493255,0.6622646520027695,4.29846055652661,"31730"
"Mason Barnett","KCR","AA",22,32.2,11.846936930919268,3.3061219342100285,3.58333333,0.5510203223683381,0.31386861,0.08759124,0.22627737,0.21774194,1.1938773651313992,0.3164557,0.72580645,3.5816320953941974,3.049973233726197,0.5316588616680002,3.4895101453576487,"31741"
"Logan VanWey","HOU","AA",24,30,12.6,5.1,2.47058824,1.5,0.3255814,0.13178295,0.19379845,0.19266055,1.2666666666666666,0.25806452,0.82352941,3,5.059496943155924,-2.0594969431559242,4.393327753990889,"31884"
"Adam Mazur","SDP","AA",22,38,10.18421052631579,1.6578947368421053,6.14285714,0.7105263157894737,0.26219512,0.04268293,0.2195122,0.29936306,1.4210526315789473,0.3963964,0.72289157,4.026315789473684,3.008619750173468,1.017696039300216,3.5753911192087746,"31900"
"Hayden Harris","ATL","AA",24,35,12.857142857142858,4.371428571428571,2.94117647,0.2571428571428571,0.34246575,0.11643836,0.2260274,0.2109375,1.2571428571428571,0.33766234,0.73394495,2.8285714285714287,2.63625796181815,0.19231346675327865,3.4383327743836816,"31913"
"Drew Thorpe","NYY","AA",22,30.1,13.054946423095286,1.4835166389881007,8.8,0.8901099833928604,0.4,0.04545455,0.35454546,0.14285714,0.6593407284391559,0.20689655,0.94936709,1.4835166389881007,2.1547228162493823,-0.6712061772612816,1.8208245945734025,"31967"
"Danny Duffy","TEX","AA",34,31.1,11.202128796083247,6.031915505583287,1.85714286,0,0.2826087,0.15217391,0.13043478,0.19827586,1.404255461617273,0.2987013,0.8,2.2978725735555376,3.309851514230002,-1.0119789406744641,5.3409726637968244,"3542"
"John Doxakis","TBR","AA",24,82.1,9.072875054417354,4.591093401030469,1.97619048,0.9838057287922433,0.22432432,0.11351351,0.11081081,0.24367089,1.4453442188429253,0.30357143,0.63344595,5.465587382179129,4.951584825089164,0.5140025570899658,5.698644611366016,"sa1115967"
"Adam Leverett","PHI","AA",24,64,7.3125,3.796875,1.92592593,0.5625,0.18978102,0.09854015,0.09124088,0.26033058,1.40625,0.3172043,0.6935123,3.9375,3.9631020545959474,-0.025602054595947443,4.797194332163781,"sa1169991"
"Edgar Barclay","NYY","AA",25,34,13.5,2.911764705882353,4.63636364,0.2647058823529412,0.37777778,0.08148148,0.2962963,0.20967742,1.088235294117647,0.34722222,0.84269663,1.3235294117647058,1.6285432310665358,-0.3050138193018299,2.477485723881161,"sa1170012"
"Jack Cushing","OAK","AA",26,114,9.394736842105264,1.894736842105263,4.95833333,1.4210526315789473,0.24947589,0.05031447,0.19916143,0.25777778,1.2280701754385965,0.31309904,0.69609508,4.342105263157895,4.368268872980486,-0.026163609822591027,3.867876063862391,"sa1170342"
"Chris Kachmar","CHC","AA",26,67,10.074626865671641,2.8208955223880596,3.57142857,1.6119402985074627,0.25337838,0.07094595,0.18243243,0.26966292,1.3880597014925373,0.33333333,0.73634204,4.835820895522388,4.96717480616783,-0.13135391064544244,4.8315568468686365,"sa1170503"
"Luis Quinones","TOR","AA",25,86.1,10.841699480429364,3.5444017532172922,3.05882353,1.87644798699739,0.29050279,0.09497207,0.19553073,0.196875,1.1235521897453509,0.22727273,0.67282322,4.795367077882219,4.897223771754185,-0.10185669387196672,4.176609161037694,"sa1170867"
"Charles Hall","OAK","AA",28,30,8.1,7.5,1.08,0.6,0.20300752,0.18796992,0.01503759,0.18867925,1.5,0.23376623,0.63348416,5.7,5.459496943155925,0.24050305684407558,5.938103877007961,"sa1170906"
"David Leal","OAK","AA",26,84.1,7.25691743372242,2.3478262285572535,3.09090909,1.3873518623292862,0.1827957,0.05913978,0.12365591,0.28901734,1.4466404034544695,0.32830189,0.69573284,5.442688075291815,5.009035889468325,0.4336521858234903,5.176990541967721,"sa1171029"
"Andy Fisher","CIN","AA",27,52,7.788461538461538,3.6346153846153846,2.14285714,0.6923076923076923,0.21226415,0.0990566,0.11320755,0.2,1.1153846153846154,0.24264706,0.80479452,2.9423076923076925,4.40603818159837,-1.4637304892906773,4.89461680848438,"sa1172135"
"Tyler Burch","BAL","AA",25,41,7.463414634146342,4.609756097560975,1.61904762,1.0975609756097562,0.18579235,0.1147541,0.07103825,0.25,1.4878048780487805,0.2892562,0.85714286,3.073170731707317,4.885358152156924,-1.8121874204496065,4.884417877982303,"sa1172727"
"Justin Lopez","SDP","AA",23,45,8.6,5.8,1.48275862,1,0.21717172,0.14646465,0.07070707,0.23030303,1.488888888888889,0.28205128,0.734375,4.6,5.426163609822591,-0.8261636098225917,5.326992765896851,"sa3002670"
"Alemao Hernandez","WSN","AA",23,82.2,6.423387887202588,1.4153227548073497,4.53846154,1.197580792529296,0.16857143,0.03714286,0.13142857,0.27927928,1.2822582223040946,0.31178707,0.75052854,3.483871396448861,4.19495700643662,-0.7110856099877587,4.228856560243308,"sa3002788"
"Jose E. Martinez","STL","AA",24,54.1,3.9754604948510006,7.12270005327471,0.55813953,1.1595093109982086,0.08955224,0.16044776,-0.07089552,0.29090909,1.969325337727116,0.3015873,0.67514677,5.797546554991043,7.134548390087115,-1.3370018350960722,7.002417584542245,"sa3002796"
"Dayeison Arias","SEA","AA",26,50.2,10.835525228046093,6.57236776127386,1.64864865,0.5328946833465291,0.26406926,0.16017316,0.1038961,0.21081081,1.4999998494198599,0.29752066,0.71782178,4.618420589003253,4.778356483306262,-0.15993589430300936,5.785524447662381,"sa3002812"
"Juan Mercedes","SEA","AA",23,46.1,7.7697850255936025,3.8848925127968013,2,1.5539570051187206,0.1843318,0.0921659,0.0921659,0.29166667,1.6402879498475382,0.33333333,0.65902579,6.604317271754562,5.829521158527498,0.7747961132270635,5.595010187239122,"sa3002818"
"Yefri Del Rosario","KCR","AA",23,52,11.25,4.5,2.5,0.6923076923076923,0.28888889,0.11555556,0.17333333,0.19387755,1.2307692307692308,0.26771654,0.70032573,3.1153846153846154,3.865907199566181,-0.7505225841815655,4.388295223821815,"sa3002971"
"Luis Palacios","MIA","AA",22,109,6.6880733944954125,2.146788990825688,3.11538462,1.7339449541284404,0.17763158,0.05701754,0.12061404,0.26823529,1.2844036697247707,0.2879257,0.73529412,4.623853211009174,5.450674737702816,-0.8268215266936423,4.931602305187544,"sa3003021"
"Samuel Reyes","CHC","AA",27,39.2,9.98319199721495,4.310923816979184,2.31578947,0.4537814544188614,0.26829268,0.11585366,0.15243902,0.19310345,1.1848737976492492,0.26262626,0.76923077,2.7226887265131685,3.453064700670054,-0.7303759741568854,4.231294333104385,"sa3003036"
"Angel Macuare","HOU","AA",23,57.2,8.427744921403573,2.6531789567381616,3.17647059,1.4046241535672621,0.20610687,0.0648855,0.14122137,0.29583333,1.5260114260977662,0.35028249,0.6840796,5.306357913476323,4.993408196458945,0.3129497170173785,5.1179012765711525,"sa3003039"
"Noe Toribio","PIT","AA",23,57,10.736842105263158,4.2631578947368425,2.51851852,0.9473684210526315,0.272,0.108,0.164,0.22325581,1.3157894736842106,0.29787234,0.77747989,3.789473684210526,4.10016345810472,-0.3106897738941936,3.922069146863201,"sa3003041"
"Tahnaj Thomas","PIT","AA",24,44.1,5.278196094277299,6.090226262627653,0.86666667,1.0150377104379422,0.13265306,0.15306122,-0.02040816,0.25,1.5789475495701324,0.27131783,0.68115942,4.872181010102123,6.0049256759957474,-1.1327446658936244,6.362239566861778,"sa3003066"
"Jose Montilla","ATL","AA",25,46.1,6.992806523034242,3.8848925127968013,1.8,1.5539570051187206,0.1722488,0.09569378,0.07655502,0.28571429,1.5971224774831294,0.31724138,0.52547771,6.798561897394403,5.564726833438103,1.2338350639562998,5.161230438077847,"sa3003102"
"Manuel Cachutt","CIN","AA",26,50,6.66,4.86,1.37037037,1.44,0.1712963,0.125,0.0462963,0.20652174,1.3,0.21582734,0.74829932,4.32,6.099115104675294,-1.7791151046752933,6.1043403485417365,"sa3003133"
"Seth Nordlin","MIN","AA",25,75.2,6.898677950372371,2.497797188927928,2.76190476,1.1894272328228226,0.16909621,0.06122449,0.10787172,0.31132075,1.585902977097097,0.356,0.64545455,5.828193440831831,4.8690416511696055,0.9591517896622257,4.710056813931677,"sa3004215"
"Alex Mauricio","NYY","AA",26,48.2,8.321916938476882,3.5136982629124613,2.36842105,0.9246574376085425,0.2195122,0.09268293,0.12682927,0.2295082,1.2534245265360242,0.27819549,0.80701754,3.1438352878690443,4.118067719972619,-0.9742324321035749,4.62154247239814,"sa3004337"
"Jorge Benitez","SEA","AA",24,59,11.288135593220339,5.9491525423728815,1.8974359,0.4576271186440678,0.28571429,0.15057915,0.13513514,0.18867925,1.3389830508474576,0.27407407,0.73671498,2.135593220338983,4.2352031578451905,-2.0996099375062074,4.915951924985748,"sa3004462"
"Nick Kuzia","COL","AA",27,55,8.345454545454546,4.909090909090909,1.7,0.8181818181818182,0.20564516,0.12096774,0.08467742,0.22380952,1.4,0.27272727,0.65384615,5.236363636363636,4.675602054595947,0.5607615817676894,4.779889322952791,"sa3004493"
"Shawn Semple","NYY","AA",27,99,5.909091706008948,2.5454548887423165,2.32142857,1.5454547538792636,0.1463964,0.06306306,0.08333333,0.31476998,1.5959598111955793,0.34138973,0.67055394,5.272727983823369,5.516296173692472,-0.24356818986910245,5.115144432835633,"sa3004661"
"Hayden Deal","ATL","AA",28,48,7.6875,4.125,1.86363636,0.375,0.19339623,0.10377358,0.08962264,0.25,1.4166666666666667,0.31205674,0.73033708,3.5625,4.162448438008627,-0.5999484380086271,4.871390345630547,"sa3004680"
"Tim Naughton","DET","AA",27,50.2,10.657893666930583,3.3749996611946846,3.15789474,0.8881578055775486,0.28037383,0.08878505,0.19158879,0.24870466,1.3223682883043502,0.3359375,0.69354839,4.618420589003253,3.4334967755875114,1.1849238134157414,3.4612277565346816,"sa3004713"
"Steven Jennings","NYY","AA",24,31.1,11.48936286777769,3.4468088603333067,3.33333333,0.5744681433888844,0.31007752,0.09302326,0.21705426,0.1826087,1.0531915962129548,0.26027397,0.68322981,2.8723407169444224,2.8926232923366912,-0.020282575392268853,3.583210461011177,"sa3004812"
"David Parkinson","PHI","AA",27,126.1,9.33245420158826,3.6332455288626044,2.56862745,1.2110818429542016,0.23992674,0.09340659,0.14652015,0.24693878,1.3614776273733507,0.30409357,0.75718016,3.562005420453534,4.280879139923945,-0.7188737194704111,4.10843936670524,"sa3004857"
"Diosmerky Taveras","HOU","AA",23,56,9.321428571428571,4.017857142857143,2.32,0.9642857142857143,0.232,0.1,0.132,0.26484018,1.4821428571428572,0.33548387,0.66997519,4.660714285714286,4.674973133632115,-0.014258847917829165,5.000666057371667,"sa3004872"
"John Swanda","LAA","AA",24,33.1,9.450001441955786,6.750001029968419,1.4,0.2700000411987368,0.20588235,0.14705882,0.05882353,0.30656934,2.010000306701707,0.40594059,0.5298913,8.910001359558313,4.839115296936065,4.0708860626222485,5.870859938822196,"sa3004944"
"Ethan Lindow","PHI","AA",24,95.1,7.646853554831208,3.493007179367342,2.18918919,1.6993007899624906,0.19471154,0.08894231,0.10576923,0.26861702,1.4475525247828624,0.29963899,0.75993092,4.909091171002751,5.628039037142068,-0.7189478661393176,5.096588744970712,"sa3005028"
"Matt Turner","CLE","AA",23,30.1,7.714286522738123,5.340659900357163,1.44444444,0.29670332779762015,0.19259259,0.13333333,0.05925926,0.23684211,1.4835166389881007,0.29885057,0.68669528,4.153846589166682,4.066810928722934,0.08703566044374789,5.018372943469026,"sa3005029"
"Blayne Enlow","MIN","AA",24,54,10.833333333333334,2.1666666666666665,5,1,0.28761062,0.05752212,0.2300885,0.23414634,1.1296296296296295,0.31343284,0.75907591,3.1666666666666665,3.8965339801929617,-0.7298673135262952,3.9755831431735444,"sa3005117"
"Alex Valverde","NYM","AA",26,45.2,8.080293095761752,4.532847346402933,1.7826087,0.5912409582264696,0.20707071,0.11616162,0.09090909,0.23837209,1.4014600491294094,0.296875,0.73248408,4.138686707585287,4.273480594142779,-0.13479388655749158,5.3725704914237395,"sa3005207"
"Francis Peguero","MIN","AA",25,40,7.65,2.25,3.4,2.025,0.19428571,0.05714286,0.13714286,0.25766871,1.3,0.275,0.72463768,4.5,5.817830276489258,-1.317830276489258,4.522680984809995,"sa3005209"
"Cam Robinson","MIL","AA",23,42.2,9.914061318151793,6.7499991953373915,1.46875,1.265624849125761,0.22274882,0.15165877,0.07109005,0.26704545,1.851562279276576,0.33333333,0.76086957,5.062499396503044,5.665052356012195,-0.6025529595091514,5.540058784581915,"sa3005216"
"Alex Scherff","MIN","AA",25,53,11.20754716981132,5.264150943396227,2.12903226,0.8490566037735849,0.27731092,0.1302521,0.14705882,0.24271845,1.528301886792453,0.33333333,0.78666667,3.5660377358490565,4.240000087810013,-0.6739623519609563,4.595111287258707,"sa3005397"
"Nick Gallagher","CHW","AA",27,33.2,11.49504776831179,6.148513922585376,1.86956522,0.5346533845726414,0.27388535,0.14649682,0.12738854,0.21774194,1.4851482904795594,0.3164557,0.55944056,5.613860538012735,4.737530771249349,0.8763297667633854,5.372921253924102,"sa3005408"
"Juan Sanchez","SFG","AA",22,49,9.551020408163266,3.673469387755102,2.6,0.5510204081632653,0.26666667,0.1025641,0.16410256,0.19428571,1.1020408163265305,0.25833333,0.76305221,2.3877551020408165,3.173561238269417,-0.7858061362286004,3.673925748649909,"sa3005444"
"Junior Santos","NYM","AA",21,97,6.587628865979381,3.804123711340206,1.73170732,0.9278350515463918,0.16173121,0.09339408,0.06833713,0.30279898,1.6494845360824741,0.34935897,0.64900662,5.938144329896907,4.574571126760896,1.3635732031360117,4.916070258433058,"sa3005470"
"Efrain Contreras","SDP","AA",23,97,10.855670103092784,4.546391752577319,2.3877551,1.2989690721649485,0.27790974,0.11638955,0.16152019,0.23641304,1.402061855670103,0.30801688,0.67275748,4.917525773195877,4.795923059994413,0.12160271320146343,4.455870708485239,"sa3005692"
"Jorge Juan","OAK","AA",24,35,9.514285714285714,8.742857142857142,1.08823529,0.7714285714285715,0.21764706,0.2,0.01764706,0.22307692,1.8,0.28888889,0.70987654,5.6571428571428575,6.121401705060686,-0.46425884791782845,6.204557327500412,"sa3005826"
"Cristian Hernandez","PHI","AA",22,51.2,11.496773061762354,4.180644749731766,2.75,1.7419353123882355,0.28695652,0.10434783,0.1826087,0.24875622,1.4322579235192159,0.32,0.81538462,3.6580641560152944,4.920763182962615,-1.2626990269473204,3.885475880243048,"sa3005836"
"Luis De Avila","ATL","AA",22,123.1,9.121621997797043,4.4513515349249575,2.04918033,0.5837838078590107,0.23992322,0.11708253,0.12284069,0.21854305,1.2972973507978016,0.284375,0.73170732,3.2837839192069356,4.049385394339496,-0.7656014751325606,4.333290943272857,"sa3005839"
"Josan Mendez","MIA","AA",22,49,7.530612244897959,2.938775510204082,2.5625,1.1020408163265305,0.18981481,0.07407407,0.11574074,0.27777778,1.4489795918367347,0.32450331,0.6501548,4.408163265306122,4.599523267940599,-0.19136000263447706,4.393968003349645,"sa3006122"
"Adrian Hernandez","TOR","AA",23,48.2,11.09588925130251,8.50684842599859,1.30434783,0.9246574376085425,0.25974026,0.1991342,0.06060606,0.19662921,1.6643833876953764,0.26548673,0.71604938,4.623287188042712,5.412588132624579,-0.7893009445818668,5.322807707245772,"sa3006177"
"Ivan Armstrong","LAA","AA",22,70,9.771428571428572,5.014285714285714,1.94871795,1.6714285714285715,0.23312883,0.1196319,0.11349693,0.275,1.6571428571428573,0.33507853,0.76335878,5.142857142857143,5.793400818961008,-0.6505436761038643,4.845994334667921,"sa3006358"
"Victor Munoz","TBR","AA",22,79.1,7.260504667170207,3.7436977190096377,1.93939394,1.1344538542453448,0.17728532,0.09141274,0.08587258,0.290625,1.5882353959434827,0.33739837,0.56666667,7.487395438019275,5.154745457793828,2.3326499802254475,5.746277460128711,"sa3006381"
"Cristian Charle","MIA","AA",23,43,9.627906976744185,4.395348837209302,2.19047619,2.0930232558139537,0.27058824,0.12352941,0.14705882,0.19047619,1.1395348837209303,0.1978022,0.91891892,3.13953488372093,6.067487197698549,-2.927952313977619,4.660685061160908,"sa3006407"
"Carlos Garcia","TBR","AA",24,37.2,11.707963020802318,5.734512499984809,2.04166667,0.7168140624981011,0.3006135,0.14723926,0.15337423,0.21481481,1.407079456014791,0.31325301,0.73863636,4.061946354155906,4.242831829210571,-0.1808854750546649,5.472159160571141,"sa3006590"
"Yoelvin Silven","CHW","AA",24,55.1,9.596386424272508,3.9036148166532234,2.45833333,1.9518074083266117,0.23046875,0.09375,0.13671875,0.29130435,1.6445784644233488,0.34591195,0.56430446,7.6445790159458955,5.6755008395446165,1.969078176401279,4.569168791409624,"sa3006619"
"Andrew Perez","CHW","AA",25,36.2,10.554543990458543,2.945454136872151,3.58333333,0.4909090228120252,0.28104575,0.07843137,0.20261438,0.22695035,1.199999833540506,0.3125,0.60679612,4.418181205308227,2.9245697409259264,1.4936114643823006,3.8526390185290458,"sa3006640"
"Josh Green","ARI","AA",27,30.2,7.630433991635987,2.6413040740278415,2.88888889,0.5869564608950759,0.21487603,0.07438017,0.14049587,0.17431193,0.9130433836145625,0.20987654,0.85106383,2.054347613132766,4.018917199208745,-1.9645695860759789,4.284653680452999,"sa3006701"
"Aaron Shortridge","PIT","AA",26,138.1,7.67710786918858,3.1879515727986476,2.40816327,1.2361444874117204,0.19536424,0.08112583,0.11423841,0.28442029,1.4891565169989147,0.33253012,0.67434211,5.0096381858264465,4.482830881483418,0.5268073043430288,4.606998763576313,"sa3006759"
"Jake Lee","LAA","AA",28,38.2,8.844826422747063,1.629310130506038,5.42857143,1.1637929503614557,0.24836601,0.04575163,0.20261438,0.22068966,1.0086205569799283,0.26470588,0.63636364,4.422413211373532,3.915321957001936,0.5070912543715957,4.031895427759474,"sa3006766"
"Matt Frisbee","SFG","AA",26,39.2,6.806721816282921,3.4033609081414604,2,1.8151258176754457,0.1754386,0.0877193,0.0877193,0.24836601,1.3361342824555364,0.26086957,0.73660714,4.537814544188614,5.746189973098637,-1.2083754289100233,4.616453086649738,"sa3006801"
"Alejandro Melean","TOR","AA",22,63.1,9.094737572498328,5.257895159100595,1.72972973,1.136842196562291,0.22145329,0.12802768,0.09342561,0.25301205,1.5789474952254041,0.31073446,0.708061,4.405263511678878,4.7913916500123355,-0.3861281383334578,5.200700591057609,"sa3006815"
"Julio Robaina","HOU","AA",22,116,8.844827586206897,3.7241379310344827,2.375,0.46551724137931033,0.23170732,0.09756098,0.13414634,0.23755656,1.3189655172413792,0.30745342,0.74351978,3.1810344827586206,3.692830276489258,-0.5117957937306374,4.693087571563906,"sa3006817"
"Gabe Mosser","SDP","AA",27,38,7.342105263157895,3.5526315789473686,2.06666667,2.3684210526315788,0.18452381,0.08928571,0.0952381,0.28476821,1.5263157894736843,0.3,0.73913043,4.973684210526316,6.824409223857678,-1.8507250133313624,5.282382471545747,"sa3006834"
"Conner Loeprich","BAL","AA",25,51.1,9.642858098300895,2.980519775838458,3.23529412,1.0519481561782793,0.24663677,0.07623318,0.17040359,0.23383085,1.2467533702853681,0.29285714,0.57755776,4.909091395498637,3.9379397825600493,0.9711516129385873,4.330744373688618,"sa3006986"
"Tanner Dodson","LAD","AA",26,48.1,7.075862813579987,5.400000568258411,1.31034483,1.1172414968810507,0.17674419,0.13488372,0.04186047,0.22826087,1.468965671825085,0.25714286,0.77399381,3.910345239083677,5.658347724705921,-1.7480024856222443,5.1685895409745894,"sa3007008"
"Bobby Milacki","SDP","AA",26,52,7.615384615384615,2.9423076923076925,2.58823529,2.423076923076923,0.19130435,0.07391304,0.1173913,0.26570048,1.3846153846153846,0.27516779,0.71917808,4.846153846153846,6.827445661104642,-1.9812918149507963,5.327445614538513,"sa3007216"
"Edgar Escobar","STL","AA",26,65.1,7.57653120208516,4.959184059546651,1.52777778,0.9642857893562932,0.19366197,0.12676056,0.06690141,0.25306122,1.500000116776456,0.30054645,0.69078947,4.821428946781466,5.192830393265714,-0.37140144648424833,5.748191341490902,"sa3007244"
"Troy Watson","TOR","AA",26,50,8.28,5.94,1.39393939,0.72,0.19409283,0.13924051,0.05485232,0.25123153,1.68,0.30718954,0.57934509,5.58,4.515602054595948,1.0643979454040524,4.745959274768829,"sa3007249"
"Austin Briggs","OAK","AA",27,42,10.285714285714286,6.857142857142857,1.5,0.42857142857142855,0.24489796,0.16326531,0.08163265,0.23566879,1.6428571428571428,0.3271028,0.6284153,4.714285714285714,4.8118778955368775,-0.09759218125116309,4.710243199765682,"sa3007261"
"Domingo Gonzalez","ATL","AA",23,53.2,12.745340406966083,5.5341609661826405,2.3030303,0.33540369492016003,0.30522088,0.13253012,0.17269076,0.2173913,1.4534160113206935,0.33333333,0.66508314,4.192546186502001,3.579115104675293,0.6134310818267075,4.684170945296267,"sa3007495"
"Adam Wolf","DET","AA",26,85.1,8.332031746627793,4.113281495170682,2.02564103,0.5273437814321388,0.21236559,0.10483871,0.10752688,0.21904762,1.265625075437133,0.27705628,0.75630252,3.480468957452116,4.189664609078322,-0.7091956516262057,4.595221915636837,"sa3007587"
"Jake Higginbotham","DET","AA",27,51.2,8.012902436985884,3.8322576872541183,2.09090909,0.6967741249552942,0.20444444,0.09777778,0.10666667,0.26,1.4322579235192159,0.32,0.79831933,3.3096770935376476,3.953021342746928,-0.6433442492092802,4.986219417119009,"sa3007590"
"Trey Riley","ATL","AA",25,48.2,10.910957763780802,7.582190988390049,1.43902439,0.369862975043417,0.26106195,0.18141593,0.07964602,0.2320442,1.7054792738113118,0.33333333,0.70071259,4.068492725477587,4.4626766561679005,-0.3941839306903132,5.032067292354792,"sa3007611"
"Tanner Myatt","NYY","AA",25,57,10.894736842105264,6,1.81578947,0.631578947368421,0.28870293,0.15899582,0.12970711,0.15656566,1.2105263157894737,0.216,0.76807229,2.8421052631578947,3.924724861613491,-1.0826195984555964,4.456031910055563,"sa3007719"
"Chris Gau","TBR","AA",26,47.1,11.218311064632692,2.8521129825337352,3.93333333,0.570422596506747,0.31891892,0.08108108,0.23783784,0.17751479,0.950704327511245,0.25233645,0.81339713,2.091549520524739,2.924185456834213,-0.8326359363094742,3.8690789310469342,"sa3007728"
"Justin Jarvis","MIL","AA",23,75.2,10.82379000139144,3.092511428968983,3.5,1.189427472680378,0.28616352,0.08176101,0.20440252,0.23793103,1.255506776718177,0.31216931,0.79518072,3.3303969235050586,4.002022650517206,-0.6716257270121471,4.121163850557688,"sa3007775"
"Theo McDowell","TEX","AA",24,34.2,10.644229207518768,8.048075742270287,1.32258065,1.8173074256739359,0.24260355,0.18343195,0.0591716,0.29710145,2.0769227721987837,0.37777778,0.64308682,8.048075742270287,6.635137537104201,1.4129382051660855,5.532525723134077,"sa3007809"
"Blake Workman","ARI","AA",25,30,9.6,2.7,3.55555556,3.3,0.24242424,0.06818182,0.17424242,0.27272727,1.4,0.28205128,0.66433566,6.9,7.426163609822591,-0.526163609822591,4.67740734393398,"sa3007856"
"Denny Bentley","MIN","AA",25,43.1,9.346154943161592,3.7384619772646364,2.5,0.6230769962107727,0.234375,0.09375,0.140625,0.29069767,1.569230953419724,0.37903226,0.72948328,4.361538973475409,3.9005226085595153,0.4610163649158938,4.576642054207423,"sa3007931"
"Calvin Coker","OAK","AA",27,74.1,5.932735831956792,2.905829795244143,2.04166667,0.48430496587402383,0.15654952,0.07667732,0.0798722,0.26480836,1.3452915718722884,0.30769231,0.72614108,3.147982278181155,4.123323579488391,-0.9753413013072358,4.843757301632417,"sa3007932"
"Durbin Feltman","OAK","AA",26,37.1,9.64285845659235,3.3750004598073224,2.85714286,0.7232143842444262,0.25641026,0.08974359,0.16666667,0.21428571,1.178571589139065,0.27835052,0.81339713,2.8928575369777048,3.880330302034109,-0.9874727650564044,4.457222666968965,"sa3007959"
"Blake Whitney","CHC","AA",27,68.2,10.485438446554305,3.4077674951301495,3.07692308,0.6553399029096441,0.27491409,0.08934708,0.18556701,0.23574144,1.2815535879121929,0.32022472,0.77108434,3.0145635533843627,3.418920906186269,-0.40435735280190643,4.519815229736909,"sa3007966"
"Reid Schaller","WSN","AA",26,47,10.914893617021276,3.4468085106382977,3.16666667,0.7659574468085106,0.29842932,0.09424084,0.20418848,0.20238095,1.1063829787234043,0.28037383,0.70038911,3.8297872340425534,3.4245382248087135,0.4052490092338399,3.731028363298863,"sa3008023"
"Keylan Killgore","PHI","AA",26,55.1,10.897591363156915,4.554217286095427,2.39285714,1.4638555562449587,0.268,0.112,0.156,0.26576577,1.5722893011519927,0.34246575,0.63172043,5.204819755537631,4.48644553939116,0.7183742161464712,3.859056959333354,"sa3008069"
"Antonio Jimenez","TBR","AA",22,47.2,9.629369601870492,4.720279216603183,2.04,1.888111686641273,0.25123153,0.12315271,0.12807882,0.22033898,1.3426571993893497,0.25,0.98039216,2.8321675299619096,5.802891091163904,-2.970723561201994,4.964649586526736,"sa3008074"
"Ben Onyshko","SEA","AA",26,48.1,8.379311226607879,3.910345239083677,2.14285714,0.744827664587367,0.19823789,0.09251101,0.10572687,0.24731183,1.3862070424264887,0.30656934,0.66339066,5.213793652111569,5.45145115120943,-0.23765749909786127,6.206160400566361,"sa3008096"
"Regi Grace","MIN","AA",23,50.1,9.476822149700862,4.112583197039997,2.30434783,0.8940398254434776,0.24423963,0.10599078,0.13824885,0.21276596,1.2516557556208685,0.26923077,0.67741935,4.112583197039997,4.606737653609257,-0.4941544565692606,4.888145177303409,"sa3008101"
"Robbie Baker","MIL","AA",28,54.1,9.441718675271126,3.312883745709167,2.85,2.6503069965673336,0.23553719,0.08264463,0.15289256,0.29864253,1.5828222340610465,0.33783784,0.78947368,5.963190742276501,6.468685927321623,-0.5054951850451221,4.675681953990062,"sa3008103"
"Ben Madison","SFG","AA",25,31.2,12.221051404747069,8.526314933544466,1.43333333,0.8526314933544467,0.29861111,0.20833333,0.09027778,0.17272727,1.547368265717329,0.25,0.73770492,3.978946968987418,5.012443985503154,-1.033497016515736,4.874952609980678,"sa3008173"
"Nolan Kingham","ATL","AA",26,35,5.6571428571428575,3.085714285714286,1.83333333,0.2571428571428571,0.14569536,0.0794702,0.06622517,0.27737226,1.4285714285714286,0.3245614,0.67193676,4.114285714285714,3.893400818961007,0.22088489532470668,5.101688341370651,"sa3008224"
"Michael Byrne","CIN","AA",26,52,10.903846153846153,2.769230769230769,3.9375,0.8653846153846154,0.28767123,0.07305936,0.21461187,0.21782178,1.1538461538461537,0.29104478,0.7962963,2.769230769230769,3.3868074123676006,-0.6175766431368315,3.200077860143322,"sa3008227"
"Blake Rivera","SFG","AA",25,45.2,11.233575391162356,8.080291070836081,1.3902439,0.5912408100611766,0.25791855,0.18552036,0.07239819,0.23863636,1.8175180457436169,0.3362069,0.6884058,4.927006750509805,4.589470521398562,0.3375362291112429,5.157969336011104,"sa3008261"
"Kohl Franklin","CHC","AA",23,85.2,9.035020528120407,3.9922183728904126,2.26315789,1.9961091864452063,0.22691293,0.10026385,0.12664908,0.27027027,1.4941636015496282,0.31140351,0.69469835,5.9883275593356196,6.065496722878971,-0.0771691635433518,4.7312103996417845,"sa3008335"
"Nick Starr","TEX","AA",26,48.1,9.682759639635771,2.6068968260557845,3.71428571,1.3034484130278923,0.25242718,0.06796117,0.18446602,0.26701571,1.3448277277271905,0.33333333,0.60498221,5.958621316698936,4.354899311678029,1.6037220050209076,4.238481347853429,"sa3008488"
"Jake Haberer","SEA","AA",28,47,7.851063829787234,5.170212765957447,1.51851852,0.7659574468085106,0.2029703,0.13366337,0.06930693,0.22485207,1.3829787234042554,0.27419355,0.74923547,4.212765957446808,5.160915382872236,-0.9481494254254281,5.144402178709812,"sa3008514"
"Zach Haake","PHI","AA",26,53.1,8.10000077247627,3.206250305771857,2.52631579,1.0125000965595337,0.20779221,0.08225108,0.12554113,0.25,1.3312501269579056,0.2987013,0.64564565,5.0625004827976685,4.231852145791063,0.8306483370066058,4.691128382040091,"sa3008523"
"Royber Salinas","OAK","AA",22,67.1,11.896040502570163,4.143564669434551,2.87096774,1.2029703879003535,0.30902778,0.10763889,0.20138889,0.23046875,1.336633764333726,0.3164557,0.5994898,5.480198433768277,4.212632295952374,1.267566137815903,3.9504037801401504,"sa3009243"
"Enmanuel Mejia","TBR","AA",24,39,14.076923076923077,5.076923076923077,2.77272727,1.3846153846153846,0.34659091,0.125,0.22159091,0.20529801,1.358974358974359,0.29761905,0.56722689,4.846153846153846,4.373986899547088,0.47216694660675795,3.9942085342529494,"sa3009262"
"Andrew Quezada","COL","AA",26,106,7.216981132075472,3.481132075471698,2.07317073,1.4433962264150944,0.17819706,0.08595388,0.09224319,0.3062645,1.6320754716981132,0.34954407,0.70687419,5.518867924528302,5.058620922520476,0.46024700200782576,4.213021726934415,"sa3009858"
"Travis Kuhn","SEA","AA",25,54.2,8.39634068220737,3.621950882520826,2.31818182,0.3292682620473478,0.22270742,0.09606987,0.12663756,0.23152709,1.2621950045148334,0.3,0.68376068,3.1280484894498044,3.7294156389389634,-0.601367149489159,4.588352550155978,"sa3009928"
"Stephen Jones","COL","AA",25,31.2,13.926314391455962,3.126315475632971,4.45454545,0.5684209955696311,0.3740458,0.08396947,0.29007634,0.20869565,1.1052630469409495,0.34375,0.88709677,1.989473484493709,2.517707393836439,-0.5282339093427302,2.5172204308390995,"sa3009935"
"Chase Solesky","CHW","AA",25,39,6.6923076923076925,3,2.23076923,0.46153846153846156,0.17791411,0.0797546,0.09815951,0.27210884,1.358974358974359,0.32758621,0.78947368,3.230769230769231,3.9893715149317033,-0.7586022841624724,4.861915401235605,"sa3009940"
"Luis Moreno","NYM","AA",24,119.1,8.824022722468998,4.449720860048469,1.98305085,0.9050279715352819,0.22243346,0.1121673,0.11026616,0.25596529,1.4832402866828232,0.31927711,0.66185319,4.977653843444051,4.25604902375917,0.721604819684881,4.194788168664026,"sa3009950"
"Jordan Jones","CLE","AA",25,63,9,6,1.5,1,0.24324324,0.16216216,0.08108108,0.15420561,1.1904761904761905,0.18055556,0.79178886,2,4.862903641897534,-2.8629036418975344,5.159930134198023,"sa3009984"
"Gabriel Ponce","TOR","AA",24,45.1,12.11029547638562,6.352941889251472,1.90625,0.794117736156434,0.29186603,0.15311005,0.13875598,0.23563218,1.6102942983172135,0.33944954,0.625,4.764706416938604,4.047660964748036,0.7170454521905683,4.556482264708655,"sa3009985"
"Zach Hart","CLE","AA",26,30.2,8.804346913426139,4.989129917608145,1.76470588,1.7608693826852277,0.20134228,0.11409396,0.08724832,0.2519685,1.5978259213254844,0.28571429,0.72368421,5.576086378503221,6.0147322054396355,-0.43864582693641463,5.4483415742035,"sa3009997"
"Garvin Alston","WSN","AA",26,58.2,6.903408492399693,3.835226940222052,1.8,0.7670453880444104,0.17110266,0.09505703,0.07604563,0.29361702,1.6022725883594349,0.34594595,0.72222222,4.909090483484226,4.281283785587508,0.6278066978967178,4.821972021605918,"sa3010238"
"Connor Van Scoyoc","COL","AA",23,41.2,7.775999050781365,3.239999604492236,2.4,1.51199981542971,0.19459459,0.08108108,0.11351351,0.28143713,1.4879998183593972,0.32258065,0.6884058,5.615999314453209,5.027601840728786,0.5883974737244229,4.368030585450314,"sa3010243"
"Seth Mayberry","SDP","AA",23,41,11.853658536585366,5.926829268292683,2,1.0975609756097562,0.27411168,0.13705584,0.13705584,0.25,1.6585365853658536,0.34285714,0.67164179,5.048780487804878,5.058683935025844,-0.009903447220965589,5.1012758155784965,"sa3010244"
"Austin Roberts","MIA","AA",24,41,8.121951219512194,3.292682926829268,2.46666667,1.3170731707317074,0.21511628,0.0872093,0.12790698,0.24516129,1.2926829268292683,0.28571429,0.70815451,4.609756097560975,4.92057851930944,-0.31082242174846453,4.366677623805477,"sa3010254"
"Triston Polley","TEX","AA",26,52.2,8.886075091197814,3.2468351294761244,2.73684211,0.8544302972305591,0.22033898,0.08050847,0.13983051,0.27230047,1.4620251752611788,0.33974359,0.59459459,5.468353902275577,4.262450474642964,1.205903427632613,4.059824360237286,"sa3010258"
"Andrew Bash","TOR","AA",26,40.2,9.295080804658383,5.311474745519075,1.75,0.442622895459923,0.23076923,0.13186813,0.0989011,0.23717949,1.4999998123919611,0.3125,0.81395349,2.8770488204894993,3.76740527177364,-0.8903564512841409,4.938461893996196,"sa3010259"
"Logan Gragg","STL","AA",24,106.2,7.593750724196503,3.543750337958368,2.14285714,1.856250177025812,0.18907563,0.08823529,0.10084034,0.28470588,1.5281251457333704,0.31629393,0.7223796,5.737500547170691,6.120955508053326,-0.3834549608826352,5.185974034944476,"sa3010306"
"John Matthews","TEX","AA",25,44.2,8.865670632243297,7.052238002920805,1.25714286,0.8059700574766635,0.19730942,0.15695067,0.04035875,0.26136364,1.8134326293224927,0.328125,0.58352403,8.059700574766634,6.04357627746286,2.016124297303774,6.477971379015818,"sa3010311"
"Jason Blanchard","SDP","AA",26,36.2,11.781816547488605,4.663635716714239,2.52631579,1.4727270684360756,0.26086957,0.10326087,0.1576087,0.30246914,1.854545197289873,0.39814815,0.60702875,7.363635342180378,5.0019210039879916,2.361714338192386,4.186995713341587,"sa3010313"
"Jake Walkinshaw","OAK","AA",26,33.1,6.210000947570945,3.5100005355835777,1.76923077,1.8900002883911573,0.15646259,0.08843537,0.06802721,0.2761194,1.5000002288818708,0.28846154,0.59701493,5.940000906372209,6.212830661010801,-0.27282975463859227,5.066114031261588,"sa3010317"
"Zach Vennaro","MIL","AA",27,41.2,10.15199876074234,7.55999907714855,1.34285714,0.21599997363281573,0.22705314,0.16908213,0.05797102,0.23602484,1.7519997861328387,0.32743363,0.59322034,6.04799926171884,4.947114937683126,1.1008843240357145,5.46920497149801,"sa3010326"
"M.D. Johnson","MIA","AA",25,113.2,7.917889271656318,4.513196884844101,1.75438596,1.5043989616147004,0.2020202,0.11515152,0.08686869,0.23364486,1.3812317951667132,0.26213592,0.64814815,5.621701382875986,5.7609334817539235,-0.13923209887793764,5.742071261986007,"sa3010364"
"Cameron Junker","PIT","AA",25,55.1,6.993976546503692,4.716867903455978,1.48275862,0.4879518520816529,0.17768595,0.11983471,0.05785124,0.2184466,1.3373495205200858,0.2625,0.72916667,3.2530123472110195,4.378011794484126,-1.1249994472731069,5.316795524073483,"sa3010365"
"Jacob Wallace","KCR","AA",24,49.1,10.398649720748667,7.2972980496481865,1.425,0.18243245124120466,0.2394958,0.16806723,0.07142857,0.23834197,1.7432434229715112,0.33333333,0.63616071,4.195946378547707,4.382019536733809,-0.18607315818610193,5.754649732936791,"sa3010374"
"Ryan Shreve","STL","AA",25,71.1,7.948598697598088,3.406542298970609,2.33333333,1.514018799542493,0.2038835,0.08737864,0.11650486,0.25978648,1.4018692588356416,0.2961165,0.7719715,4.542056398627479,5.290961231561889,-0.7489048329344099,4.714311689987706,"sa3010555"
"Tyler Beck","WSN","AA",27,39,9.692307692307692,5.3076923076923075,1.82608696,1.1538461538461537,0.23863636,0.13068182,0.10795455,0.22818792,1.4615384615384615,0.28431373,0.7037037,5.076923076923077,5.0543464968125615,0.02257658011051511,4.918429275306125,"sa3010563"
"Alec Barger","COL","AA",25,53,10.698113592547779,5.264151132840971,2.03225806,0.8490566343291889,0.26582278,0.13080169,0.1350211,0.24630542,1.52830194179254,0.33333333,0.5974026,5.6037737865726465,4.268708984221648,1.3350648023509981,4.535697924385978,"sa3010566"
"Randy Labaut","CLE","AA",26,34.2,9.605767821419375,3.6346148513478718,2.64285714,0.5192306930496959,0.26811594,0.10144928,0.16666667,0.18548387,1.067307535713264,0.24705882,0.84795322,1.8173074256739359,3.1025251569127157,-1.2852177312387798,4.018203195868838,"sa3010615"
"Brandon Komar","STL","AA",24,122.2,6.309783131954618,3.2282611372791075,1.95454545,1.1005435695269683,0.16829746,0.08610568,0.08219178,0.25591398,1.3288044580214506,0.28571429,0.6875,4.622282992013267,5.005330385332531,-0.38304739331926374,4.643106121653486,"sa3010630"
"Dante Biasi","KCR","AA",25,69,10.043478260869565,6.782608695652174,1.48076923,1.565217391304348,0.24758842,0.16720257,0.08038585,0.21960784,1.565217391304348,0.26506024,0.72478992,4.434782608695652,6.156598392431286,-1.721815783735634,5.875395664097606,"sa3010647"
"Michael Bienlien","DET","AA",25,33,10.090909090909092,4.636363636363637,2.17647059,1.3636363636363635,0.23870968,0.10967742,0.12903226,0.29411765,1.7272727272727273,0.37234043,0.51923077,8.727272727272727,4.730147509141402,3.997125218131325,4.379018622998036,"sa3010649"
"Cole McDonald","HOU","AA",26,48,12.375,3.9375,3.14285714,0.375,0.32195122,0.10243902,0.2195122,0.21978022,1.2708333333333333,0.33333333,0.63122924,3.9375,2.921996943155925,1.015503056844075,3.4474944307468838,"sa3010652"
"Hunter McMahon","MIN","AA",25,60.1,8.502763147745135,2.8342543825817113,3,1.3425415496439685,0.21509434,0.07169811,0.14339623,0.27196653,1.3922653107418934,0.32369942,0.52295918,6.7127077482198425,5.035371826133226,1.6773359220866162,4.176709239925144,"sa3010658"
"Andrew Schultz","PHI","AA",25,37.2,9.796458854140715,7.168140624981011,1.36666667,0.7168140624981011,0.23295455,0.17045455,0.0625,0.24647887,1.7256634837917249,0.32653061,0.60185185,5.973450520817509,4.841973524499205,1.1314769963183036,5.416239433898774,"sa3010782"
"Nelson L. Alvarez","TBR","AA",25,37,13.864864864864865,3.891891891891892,3.5625,0.4864864864864865,0.37012987,0.1038961,0.26623377,0.20895522,1.1891891891891893,0.34666667,0.66371681,4.135135135135135,2.822358347918536,1.312776787216599,3.1443363547325136,"sa3010783"
"Cayne Ueckert","CHC","AA",27,39.1,11.440679445516224,5.033898956027138,2.27272727,0.6864407667309734,0.28901734,0.12716763,0.16184971,0.24324324,1.4745764618665356,0.34736842,0.68661972,4.57627177820649,3.9350473540913535,0.6412244241151361,4.469688395239924,"sa3010789"
"Dylan Spacke","BOS","AA",25,52,6.403846153846154,4.673076923076923,1.37037037,0.6923076923076923,0.16742081,0.12217195,0.04524887,0.24064171,1.3846153846153846,0.28082192,0.80381471,3.4615384615384617,4.814063593057486,-1.352525131519024,5.535264372137877,"sa3010812"
"Bryce Tassin","DET","AA",26,34.2,8.048075742270287,3.6346148513478718,2.21428571,0.7788460395745439,0.19375,0.0875,0.10625,0.28767123,1.6153843783768318,0.34821429,0.55984556,4.673076237447264,3.8236788972595153,0.8493973401877484,4.239431146566543,"sa3010814"
"Fineas Del Bonta-Smith","COL","AA",26,45,11,4.2,2.61904762,2.4,0.27227723,0.1039604,0.16831683,0.2752809,1.5555555555555556,0.33333333,0.80071174,5.4,5.89782427681817,-0.49782427681816976,4.099303454822964,"sa3010821"
"Andrew Magno","DET","AA",25,51.1,11.746754410657452,4.733766702802257,2.48148148,0.1753246926963799,0.31455399,0.12676056,0.18779343,0.18378378,1.1883118060532414,0.28205128,0.70957096,2.1038963123565586,2.554822762399719,-0.45092645004316045,3.201474930490556,"sa3010824"
"Bradley Hanner","CLE","AA",24,64.2,9.742269573765324,4.731959507257443,2.05882353,0.8350516777513135,0.25,0.12142857,0.12857143,0.20512821,1.2680414365853279,0.26582278,0.81775701,2.7835055925043783,4.45085997143113,-1.6673543789267513,4.628732790837256,"sa3010837"
"Austin Bergner","DET","AA",26,51,10.941176470588236,4.588235294117647,2.38461538,1.0588235294117647,0.27433628,0.11504425,0.15929204,0.2361809,1.4313725490196079,0.3129771,0.68597561,4.411764705882353,3.9618765643998692,0.449888141482484,3.8194412655690138,"sa3011122"
"Mike Ruff","COL","AA",25,72,7.625,5.25,1.45238095,2.25,0.1810089,0.12462908,0.05637982,0.28421053,1.7083333333333333,0.30582524,0.64935065,7.75,6.99782427681817,0.7521757231818302,5.692657773610619,"sa3011125"
"Grant Gambrell","BOS","AA",25,84.1,8.964427418127697,3.415019968810551,2.625,1.0671937402532972,0.23796034,0.09065156,0.14730878,0.221875,1.2213439471787735,0.2699115,0.77777778,3.415019968810551,3.998922256323182,-0.5839022875126312,3.9124197858890857,"sa3011129"
"Antoine Kelly","TEX","AA",23,50.2,12.25657771697017,3.907894344541214,3.13636364,0.7105262444620389,0.31797235,0.10138249,0.21658986,0.19270833,1.164473567312786,0.27731092,0.76241135,1.953947172270607,3.475725035125857,-1.52177786285525,3.460406867012928,"sa3011135"
"Daniel Juarez","NYM","AA",22,41.1,8.05645260428799,2.6129035473366455,3.08333333,0.8709678491122153,0.22155689,0.07185629,0.1497006,0.19736842,1.0161291572975844,0.23423423,0.68527919,3.266129434170807,3.8320537359731963,-0.5659243018023892,4.529817870489652,"sa3011139"
"Jimmy Robbins","TOR","AA",25,86.2,8.930770279021075,5.6076929658969545,1.59259259,0.7269231622459015,0.21938776,0.1377551,0.08163265,0.23564955,1.5230771018485556,0.29831933,0.70433437,4.673077471580796,4.45252526966074,0.2205522019200563,5.051546731541632,"sa3011145"
"Connor Lunn","STL","AA",24,130,7.684615384615385,2.146153846153846,3.58064516,1.176923076923077,0.20036101,0.05595668,0.14440433,0.28735632,1.3923076923076922,0.33756345,0.69532238,4.707692307692308,4.423599507258489,0.284092800433819,4.586286031053617,"sa3011189"
"Ryan Garcia","TEX","AA",25,98.2,10.033784818266257,5.655405988477344,1.77419355,1.8243245124120466,0.24886878,0.14027149,0.10859729,0.25729443,1.6114866526306413,0.31174089,0.64179104,6.658784470303971,6.0745872788049855,0.5841971914989852,5.248649273350498,"sa3011190"
"T.J. Sikkema","KCR","AA",24,72.1,7.8387102286139445,4.85253490342768,1.61538462,1.3686636907103713,0.19936709,0.12341772,0.07594937,0.22932331,1.3824885764751225,0.26041667,0.63807531,5.847926678489768,6.001586199202713,-0.15365952071294497,5.483875144573809,"sa3011191"
"Brett Schulze","PHI","AA",25,34.2,13.759613365816943,4.1538455443975675,3.3125,0.7788460395745439,0.36551724,0.11034483,0.25517241,0.19685039,1.182692134168752,0.30985915,0.6443299,4.413460890922416,2.9006021096156114,1.5128587813068042,3.0665026695851196,"sa3011195"
"Josh Hendrickson","PHI","AA",25,98,7.071428571428571,3.7653061224489797,1.87804878,2.1122448979591835,0.16923077,0.09010989,0.07912088,0.2853598,1.5918367346938775,0.30363036,0.72700297,5.418367346938775,6.3470306260245195,-0.9286632790857441,5.343547945180718,"sa3011196"
"Michael Dominguez","TOR","AA",22,35.2,10.345792917156338,5.803737490112092,1.7826087,2.7757005387492617,0.27891156,0.15646259,0.12244898,0.17741935,1.261682063067846,0.15277778,0.94594595,4.289719014430677,6.920461347903059,-2.630742333472382,4.934836981806721,"sa3011198"
"Jeff Belge","TBR","AA",25,51.2,12.890321311672944,5.39999946840353,2.38709677,0.3483870624776471,0.3231441,0.13537118,0.18777293,0.21212121,1.4129030867149022,0.32786885,0.74074074,3.483870624776471,3.017824837350195,0.466045787426276,4.073931587300755,"sa3011231"
"Alec Gamboa","LAD","AA",26,36,8.25,4.75,1.73684211,0.5,0.23076923,0.13286713,0.0979021,0.13934426,1,0.17241379,0.82386364,2.25,4.331719165378147,-2.0817191653781473,5.032382482166092,"sa3011249"
"Aidan Anderson","TEX","AA",26,54.1,12.09202567183846,3.4785279329946257,3.47619048,0.3312883745709167,0.30672269,0.08823529,0.2184874,0.24528302,1.343558407982051,0.3649635,0.67819149,3.8098163075655425,2.919824069157119,0.8899922384084236,3.841168322062032,"sa3011250"
"Taylor Floyd","MIN","AA",25,37.2,9.796458854140715,4.539822395821307,2.15789474,1.4336281249962022,0.23428571,0.10857143,0.12571429,0.29411765,1.6991148148103137,0.36792453,0.6996587,5.973450520817509,5.338847753336749,0.6346027674807599,4.916446503999088,"sa3011367"
"Drew Parrish","KCR","AA",25,33,8.727272727272727,4.090909090909091,2.13333333,2.1818181818181817,0.2147651,0.10067114,0.11409396,0.2519084,1.4545454545454546,0.27472527,0.82914573,4.909090909090909,6.541315124974107,-1.6322242158831974,5.694639358963027,"sa3011395"
"Nick Bennett","MIL","AA",25,64,8.859375,3.515625,2.52,1.265625,0.22743682,0.09025271,0.13718412,0.24696356,1.34375,0.29714286,0.72704082,4.078125,4.844740104675293,-0.7666151046752931,4.793795710243285,"sa3011410"
"Evan Fitterer","MIA","AA",23,107,8.411214953271028,6.05607476635514,1.38888889,1.2616822429906542,0.20533881,0.14784394,0.05749487,0.23573201,1.560747663551402,0.27777778,0.75316456,4.457943925233645,5.887526319628565,-1.4295823943949202,5.305247365258564,"sa3011433"
"Michael Cuevas","WSN","AA",22,97.2,6.819113338234894,4.146758111088787,1.64444444,0.9215018024641749,0.16818182,0.10227273,0.06590909,0.28791774,1.6075086998541719,0.33442623,0.63087248,5.52901081478505,4.65785475829221,0.8711560564928398,4.671846076485432,"sa3011437"
"Ryan Jensen","CHC","AA",25,32.1,11.134022370017513,6.123712303509632,1.81818182,1.1134022370017513,0.26315789,0.14473684,0.11842105,0.27906977,1.7938147151694883,0.37647059,0.6741573,5.567011185008757,4.847156541260621,0.7198546437481355,4.50919623365769,"sa3011496"
"Spencer Stockton","CIN","AA",27,43,9.837209302325581,4.186046511627907,2.35,1.255813953488372,0.25824176,0.10989011,0.14835165,0.22839506,1.3255813953488371,0.28440367,0.82304527,3.558139534883721,4.602370918628781,-1.0442313837450596,4.698771776293599,"sa3011500"
"Houston Roth","BAL","AA",25,79,9.341772151898734,5.012658227848101,1.86363636,1.9367088607594938,0.24046921,0.12903226,0.11143695,0.23809524,1.4430379746835442,0.27179487,0.7832618,5.012658227848101,5.781931168519998,-0.7692729406718968,4.647329716214651,"sa3011527"
"Mitchell Stumpo","ARI","AA",27,33.2,14.435641383461318,8.287127460875942,1.74193548,1.6039601537179242,0.31952663,0.18343195,0.13609468,0.26470588,1.9900987092426097,0.39473684,0.64356436,6.950493999444339,5.74233491735105,1.2081590820932888,4.7164742472426395,"sa3011585"
"Conor Grammes","ARI","AA",25,45.2,12.810217551325493,6.897809450713727,1.85714286,0.985401350101961,0.31400966,0.16908213,0.14492754,0.23668639,1.6423355835032682,0.35353535,0.73239437,3.5474448603670594,4.7658228577113935,-1.218377997344334,4.2602122596907845,"sa3011651"
"Peyton Plumlee","HOU","AA",26,47,10.148936170212766,5.361702127659575,1.89285714,1.148936170212766,0.23660714,0.125,0.11160714,0.28497409,1.7659574468085106,0.36567164,0.55412371,7.659574468085107,5.075808999893513,2.5837654681915936,5.100578728857193,"sa3011654"
"Kendall Williams","LAD","AA",22,39,7.615384615384615,5.3076923076923075,1.43478261,0.23076923076923078,0.19075145,0.13294798,0.05780347,0.20408163,1.358974358974359,0.25663717,0.71428571,3.923076923076923,4.333855917514899,-0.4107789944379765,5.31395538942172,"sa3011674"
"Lucas Knowles","WSN","AA",25,44.1,8.729324309766303,2.6390980471386496,3.30769231,1.6240603367007076,0.23756906,0.0718232,0.16574586,0.24096386,1.195488858960243,0.27826087,0.82191781,3.654135757576592,4.696654849209066,-1.0425190916324745,3.620713122558071,"sa3011676"
"Brendan Cellucci","BOS","AA",25,51,11.117647058823529,5.823529411764706,1.90909091,1.2352941176470589,0.26141079,0.13692946,0.12448133,0.29126214,1.8235294117647058,0.38970588,0.69248826,5.294117647058823,4.64815107420379,0.6459665728550332,4.250813814588621,"sa3011710"
"Sem Robberse","TOR","AA",21,88.2,8.729324309766303,3.3496244444452095,2.60606061,1.421052794613119,0.2311828,0.08870968,0.14247312,0.21130952,1.1729324653949555,0.24152542,0.74370709,4.060150841751769,4.606429274947916,-0.5462784331961474,4.116779865600794,"sa3011735"
"Pedro Garcia","CIN","AA",28,37,15.567567567567568,6.8108108108108105,2.28571429,1.7027027027027026,0.37426901,0.16374269,0.21052632,0.18978102,1.4594594594594594,0.28787879,0.71713147,5.837837837837838,5.33587186143205,0.5019659764057876,4.029178200178856,"sa3011805"
"Matthew Thompson","CHW","AA",22,124.1,9.84450442416948,6.152815265105926,1.6,1.08579092913634,0.23943662,0.14964789,0.08978873,0.22916667,1.5683646754191576,0.2887538,0.6779661,4.849866150142318,5.083136613923408,-0.23327046378109006,5.077547441111122,"sa3011866"
"Graeme Stinson","TBR","AA",25,45.1,10.125001135994534,5.955883021173255,1.7,0.9926471701955425,0.24056604,0.14150943,0.0990566,0.24712644,1.6102942983172135,0.3220339,0.66216216,5.955883021173255,5.277644707009888,0.6782383141633668,5.063454902485884,"sa3011900"
"Chris McMahon","COL","AA",24,67,8.865671641791044,3.3582089552238807,2.64,1.7462686567164178,0.21086262,0.0798722,0.13099042,0.29681979,1.626865671641791,0.34803922,0.68893528,5.91044776119403,5.171124442655649,0.7393233185383812,4.6309762787463065,"sa3014429"
"Shane Drohan","BOS","AA",24,34,9.529411764705882,2.3823529411764706,4,0.2647058823529412,0.28125,0.0703125,0.2109375,0.16101695,0.8235294117647058,0.22222222,0.86956522,1.3235294117647058,2.422660878125359,-1.0991314663606533,3.2716033709399843,"sa3014447"
"Tyler Brown","HOU","AA",24,49,9,4.775510204081633,1.88461538,0.9183673469387755,0.23444976,0.12440191,0.11004785,0.20555556,1.2857142857142858,0.25396825,0.74576271,3.122448979591837,4.7948710928157885,-1.6724221132239516,4.798830854710268,"sa3014450"
"Tanner Burns","CLE","AA",24,86.2,8.930770279021075,4.2576928074402804,2.09756098,1.1423078263864166,0.23888889,0.11388889,0.125,0.21587302,1.2576924553143376,0.26146789,0.84016393,3.011538815018735,4.498679121231908,-1.4871403062131732,4.3811030268706945,"sa3014451"
"Garrett Stallings","BAL","AA",25,53.1,8.943750852942548,3.206250305771857,2.78947368,1.350000128746045,0.23766816,0.08520179,0.15246637,0.23529412,1.2562501198053475,0.27972028,0.68100358,4.725000450611158,4.3068521529436214,0.41814829766753636,3.5748792473655056,"sa3014457"
"Beck Way","KCR","AA",23,79.2,9.037658057771699,7.004184994773066,1.29032258,1.1297072572214624,0.20671835,0.16020672,0.04651163,0.25324675,1.7573224001222747,0.31192661,0.64335664,6.665272817606628,6.291156968098621,0.3741158495080068,6.12067043257038,"sa3014462"
"Zach McCambley","MIA","AA",24,38.1,10.33043615330388,5.16521807665194,2,0.23478263984781544,0.25882353,0.12941176,0.12941177,0.26027397,1.5652175989854364,0.36633663,0.69306931,3.756522237565047,3.500854224726021,0.2556680128390263,4.315603479634691,"sa3014478"
"Christian Chamberlain","KCR","AA",23,31.2,13.926314391455962,6.252630951265942,2.22727273,0,0.36029412,0.16176471,0.19852941,0.11926606,1.1052630469409495,0.21666667,0.75,1.989473484493709,3.1559882251179396,-1.1665147406242307,4.724566192954624,"sa3014486"
"Nick Frasso","LAD","AA",24,73.2,11.484164481759668,2.932127101725873,3.91666667,0.4886878502876455,0.2984127,0.07619048,0.22222222,0.23943662,1.248868950735094,0.34408602,0.69593148,3.909502802301164,3.1091197886456814,0.8003830136554826,3.667504384165205,"sa3014492"
"Nick Garcia","COL","AA",24,94.1,7.918728342156203,3.625441891589587,2.18421053,1.9081273113629404,0.18906606,0.08656036,0.1025057,0.30434783,1.664311043799898,0.34375,0.61870504,7.346290148747321,5.798570388509169,1.5477197602381523,5.001177045428542,"sa3014501"
"Tekoah Roby","STL","AA",21,58.1,10.645715213946987,2.3142859160754323,4.6,0.9257143664301729,0.28870293,0.06276151,0.22594142,0.24774775,1.2000001046317055,0.33333333,0.62893082,4.628571832150865,3.5385445487508957,1.090027283399969,3.585111684773323,"sa3014519"
"Dax Fulton","MIA","AA",21,33,10.636363636363637,5.181818181818182,2.05263158,1.0909090909090908,0.26351351,0.12837838,0.13513514,0.2519685,1.5454545454545454,0.33333333,0.67510549,5.181818181818182,4.700327225887414,0.4814909559307674,4.512805005320997,"sa3014535"
"Chih-Jung Liu","BOS","AA",24,114.1,11.413994676862208,4.801749484748929,2.37704918,1.4956268886922892,0.28431373,0.11960784,0.16470588,0.26530612,1.5568513812118567,0.35379061,0.70263488,5.352769917425035,4.710004450768669,0.6427654666563658,3.900650676609206,"sa3014675"
"Tink Hence","STL","AA",20,54.1,8.779141926129293,3.644172120280084,2.40909091,1.3251534982836668,0.22175732,0.09205021,0.12970711,0.27906977,1.5092025952675094,0.33766234,0.6456044,5.466258180420126,4.981173955376157,0.48508422504396886,4.60977932375229,"sa3014709"
"Nick Trogrlic-Iverson","STL","AA",25,64.2,7.654640379387041,4.036083109131348,1.89655172,0.9742269573765324,0.18581081,0.09797297,0.08783784,0.26744186,1.5154641559190505,0.31632653,0.60699588,4.871134786882662,5.161902672533236,-0.290767885650574,5.242915114082454,"sa3014782"
"Wil Jensen","SFG","AA",25,89,9.404494382022472,4.146067415730337,2.26829268,1.0112359550561798,0.24932976,0.10991957,0.13941019,0.22865854,1.303370786516854,0.28888889,0.86792453,2.5280898876404496,4.16324250403415,-1.6351526163937002,4.389457403140122,"sa3014786"
"Braden Zarbnisky","PHI","AA",26,39.1,10.754238678785251,3.6610174225651915,2.9375,1.3728815334619469,0.28484848,0.0969697,0.18787879,0.22297297,1.245762872956211,0.28421053,0.76923077,2.974576655834218,4.165432678136098,-1.1908560223018805,3.9807495972957505,"sa3014791"
"Cesar Gomez","HOU","AA",24,36.1,7.9266066142240215,5.944954960668016,1.33333333,1.486238740167004,0.17112299,0.12834225,0.04278075,0.32919255,2.1192663517196166,0.38211382,0.55240793,7.9266066142240215,6.22494072269971,1.7016658915243115,5.744316215693077,"sa3014799"
"Shohei Tomioka","OAK","AA",27,44.2,10.67910326156579,5.238805373598312,2.03846154,0.40298502873833175,0.26368159,0.12935323,0.13432836,0.25287356,1.567164000649068,0.35294118,0.76246334,3.022387715537488,3.7152183336413875,-0.6928306181038995,4.210428766759379,"sa3014808"
"Robbie Peto","LAD","AA",24,35,8.485714285714286,6.942857142857143,1.22222222,2.057142857142857,0.18333333,0.15,0.03333333,0.31125828,2.1142857142857143,0.35454545,0.67901235,7.9714285714285715,7.26425884791783,0.7071697235107415,6.288565837698323,"sa3014848"
"Stevie Branche","CIN","AA",26,41.1,13.064517736683229,7.185484755175776,1.81818182,0.4354839245561076,0.31578947,0.17368421,0.14210526,0.18666667,1.4758066332179203,0.29545455,0.62883436,4.790323170117184,4.208147440145227,0.582175729971957,5.069653860505032,"sa3014866"
"Joe Jones","BOS","AA",27,37.1,9.401786514843065,6.026786227463504,1.56,0.9642857963941605,0.22941176,0.14705882,0.08235294,0.21014493,1.4464286945912408,0.26315789,0.66787004,4.8214289819708025,5.1506022142512595,-0.32917323228045703,5.381781310049913,"sa3014870"
"Ryan Murphy","SFG","AA",23,107.1,8.97205011460441,4.276397718175934,2.09803922,1.2577640347576275,0.23010753,0.10967742,0.12043011,0.25061425,1.4254659060586445,0.30526316,0.74820144,4.360248653826442,4.719701501910261,-0.3594528480838184,4.664825678897431,"sa3014871"
"TJ Shook","MIL","AA",25,97.1,9.893836133451913,3.3287672972361575,2.97222222,1.2020548573352792,0.25970874,0.08737864,0.1723301,0.22615804,1.2226028036145147,0.28340081,0.6284153,4.623287912827997,4.503772687240892,0.11951522558710437,4.374237337560746,"sa3014915"
"Cole Percival","LAA","AA",24,49.1,8.027025682200176,5.290539654177389,1.51724138,0.7297296074727433,0.18487395,0.12184874,0.06302521,0.27722772,1.7229726843106439,0.33766234,0.56712963,6.567566467254689,5.049331165723118,1.518235301531571,5.2429927483790335,"sa3014919"
"Dane Acker","TEX","AA",24,46,9.978260869565217,5.086956521739131,1.96153846,0.782608695652174,0.25888325,0.1319797,0.12690355,0.19642857,1.2826086956521738,0.25663717,0.79787234,2.739130434782609,4.497178102576214,-1.7580476677936052,5.053959374129772,"sa3014924"
"Blane Abeyta","NYY","AA",24,127,8.929133858267717,3.6141732283464565,2.47058824,1.2755905511811023,0.22300885,0.09026549,0.13274336,0.25948104,1.4251968503937007,0.31372549,0.65758294,5.669291338582677,4.645680794753428,1.0236105438292489,4.519552844199609,"sa3014975"
"Blake Goldsberry","COL","AA",26,44.1,11.165414814817364,4.060150841751769,2.75,1.6240603367007076,0.29100529,0.10582011,0.18518519,0.23809524,1.3533836139172564,0.3047619,0.80321285,3.8571432996641803,4.561316487817341,-0.7041731881531605,3.9086824958793174,"sa3014978"
"Nick Krauth","TEX","AA",23,106.1,6.178683681126116,3.1316615918036477,1.97297297,1.015674029774156,0.15400844,0.07805907,0.07594937,0.28841608,1.4952978771675074,0.32544379,0.62740077,6.009404676163757,5.225745710315068,0.783658965848689,5.612588899053977,"sa3015006"
"Adam Seminaris","MIL","AA",24,53.2,9.559005305224561,3.5217387966616807,2.71428571,0.8385092373004002,0.24255319,0.0893617,0.15319149,0.28301887,1.5093166271407203,0.36666667,0.63157895,5.7018628136427205,3.9517858768088043,1.7500769368339162,4.035776703548221,"sa3015010"
"Case Williams","COL","AA",21,101.2,6.993443322698206,4.514754550096311,1.54901961,1.9475411784729182,0.16527197,0.10669456,0.05857741,0.31190476,1.7901641135458137,0.34169279,0.64475348,7.081967921719703,6.2460941550950455,0.8358737666246574,5.662257474849962,"sa3015013"
"Mason Hickman","CLE","AA",24,54.2,11.689023302680848,5.268292192757565,2.21875,1.4817071792130652,0.3034188,0.13675214,0.16666667,0.22885572,1.4268291355385072,0.30578512,0.78313253,3.951219144568174,4.629260465235044,-0.6780413206668698,4.126256375062936,"sa3015033"
"Trey Benton","CLE","AA",25,47,12.446808510638299,5.74468085106383,2.16666667,0.9574468085106383,0.29411765,0.13574661,0.15837104,0.26455026,1.702127659574468,0.37815126,0.65333333,3.8297872340425534,3.935176522681054,-0.10538928863850039,3.688639219644222,"sa3015034"
"Jake McSteen","ATL","AA",27,56.2,8.099999272963645,2.858823272810698,2.83333333,1.588235151561499,0.20564516,0.07258065,0.13306452,0.26637555,1.3941175219262048,0.30357143,0.75757576,4.129411394059898,5.0791149700389315,-0.9497035759790338,4.59702465035991,"sa3015087"
"Michael Brewer","TEX","AA",22,42.1,8.078741128124463,6.165355071463406,1.31034483,1.4881891551808222,0.19487179,0.14871795,0.04615385,0.26219512,1.7007876059209395,0.30252101,0.66978193,6.165355071463406,6.244011685370667,-0.07865661390726153,5.964425287872469,"sa3015149"
"Wilmer Flores","DET","AA",22,80.2,9.148761484289436,3.57024838411295,2.5625,0.5578513100176485,0.24332344,0.09495549,0.14836795,0.2384106,1.2892563609296765,0.31162791,0.71,3.9049591701235395,3.3499822292649672,0.5549769408585723,3.779001557295122,"sa3015223"
"Aaron Rozek","MIN","AA",27,86,8.476744186046512,3.13953488372093,2.7,1.569767441860465,0.21485411,0.0795756,0.13527852,0.27272727,1.430232558139535,0.31836735,0.64814815,5.755813953488372,5.332365160210188,0.4234487932781841,4.978147829999757,"sa3015224"
"Nolan Clenney","NYM","AA",27,40.1,9.818183056310614,4.0165294321270695,2.44444444,1.5619836680494157,0.23280423,0.0952381,0.13756614,0.28235294,1.6363638427184355,0.34453782,0.68181818,5.355372576169426,4.7632055479763435,0.5921670281930824,4.296578733177239,"sa3015328"
"Kenyon Yovan","LAA","AA",25,46.1,8.741008153792803,4.273381764076482,2.04545455,1.5539570051187206,0.22727273,0.11111111,0.11616162,0.22413793,1.3165469071144715,0.25619835,0.63706564,4.856115640996002,5.435230416344876,-0.5791147753488737,5.0658286166807125,"sa3016839"
"Tommy Sommer","CHW","AA",24,68,7.544117647058823,6.088235294117647,1.23913043,2.25,0.18627451,0.1503268,0.03594771,0.25868726,1.661764705882353,0.27027027,0.73170732,6.088235294117647,7.226173928204705,-1.1379386340870585,5.997281283556539,"sa3016906"
"Theo Denlinger","BOS","AA",26,30.2,9.97825983521629,4.4021734567130695,2.26666667,0.29347823044753796,0.25373134,0.1119403,0.14179105,0.21551724,1.3043476908779466,0.2962963,0.57692308,4.695651687160607,3.2429933623239986,1.4526583248366087,4.137138606772573,"sa3016908"
"Jimmy Joyce","SEA","AA",24,30.2,8.5108686829786,2.9347823044753794,2.9,0.29347823044753796,0.2265625,0.078125,0.1484375,0.25,1.2717389986059977,0.3255814,0.70707071,3.8152169958179933,3.39935204604172,0.4158649497762732,4.392700385089013,"sa3016914"
"Garrett Schoenle","CHW","AA",25,102.2,10.256494522738224,5.610390166284157,1.828125,1.3149351952228492,0.25324675,0.13852814,0.11471862,0.24808184,1.5681819735620646,0.31660232,0.65306122,6.224026590721486,5.273920467406965,0.9501061233145212,5.236378067788682,"sa3016937"
"Kevin Kopps","SDP","AA",26,54.2,11.030486778586152,3.951219144568174,2.79166667,0.3292682620473478,0.27125506,0.09716599,0.17408907,0.25229358,1.44512181676336,0.3557047,0.70197044,2.6341460963787826,3.308683970767352,-0.6745378743885695,3.968858618974956,"sa3017005"
"Ross Carver","CLE","AA",23,71.2,10.172094467105524,4.269768047920837,2.38235294,1.1302327185672805,0.2515528,0.10559006,0.14596273,0.24113475,1.4232560159736123,0.30729167,0.5870021,6.153489245532971,4.322113831047133,1.831375414485838,4.44200409365195,"sa3017069"
"Griff McGarry","PHI","AA",24,54.2,12.18292569575187,5.926828716852261,2.05555556,0.6585365240946957,0.32034632,0.15584416,0.16450217,0.16062176,1.2256096420651281,0.23478261,0.72555205,3.1280484894498044,3.604870316643295,-0.47682182719349075,4.0532266912765955,"sa3017130"
"Dylan Spain","COL","AA",25,32.1,8.628867336763573,3.061856151754816,2.81818182,2.2268044740035027,0.20945946,0.07432432,0.13513514,0.27131783,1.4226806361689044,0.3,0.70093458,5.845361744259194,6.337458206350764,-0.49209646209156954,5.39796244804654,"sa3017134"
"Andrew Baker","PHI","AA",23,41,14.048780487804878,10.536585365853659,1.33333333,1.3170731707317074,0.3047619,0.22857143,0.07619048,0.22292994,2.024390243902439,0.33333333,0.59045226,8.121951219512194,5.934138639961802,2.1878125795503927,5.334449536480555,"sa3017196"
"Nick Dombkowski","PIT","AA",24,85,6.141176470588236,2.7529411764705882,2.23076923,1.3764705882352941,0.16292135,0.07303371,0.08988764,0.23170732,1.2,0.24513619,0.78088578,3.7058823529411766,4.887366760478301,-1.1814844075371242,5.140938325489269,"sa3017201"
"Justin Meis","PIT","AA",23,83,8.349397590361447,5.096385542168675,1.63829787,1.4096385542168675,0.20867209,0.12737127,0.08130081,0.23343849,1.4578313253012047,0.26872247,0.74211503,4.554216867469879,5.335843018451369,-0.7816261509814897,5.386813259699259,"sa3017207"
"Ray Gaither","HOU","AA",25,33.1,9.720001483154523,6.480000988769683,1.5,1.080000164794947,0.22360248,0.14906832,0.07453416,0.22962963,1.650000251770058,0.28421053,0.6614786,3.5100005355835777,5.432830541992228,-1.9228300064086503,5.456114090770875,"sa3017270"
"Trey McLoughlin","NYM","AA",24,35.1,9.679246676354559,2.547170177988042,3.8,1.0188680711952167,0.26206897,0.06896552,0.19310345,0.22222222,1.132075634661352,0.27956989,0.69767442,3.3113212313844547,3.44541339979515,-0.1340921684106955,3.7305343821153754,"sa3017277"
"Gil Luna","CHW","AA",23,39.2,11.571427087680966,9.302519815586658,1.24390244,0.6806721816282921,0.27717391,0.22282609,0.05434783,0.2173913,1.7899157368743976,0.32142857,0.59888579,6.1260496346546285,5.469871164753882,0.6561784699007465,5.9203697467745915,"sa3017301"
"Patrick Wicklander","TBR","AA",23,81.2,7.604082579829323,2.9755105747158224,2.55555556,1.5428573350378336,0.19273743,0.07541899,0.11731844,0.2804878,1.457143038646843,0.31836735,0.71289063,4.077551528314275,5.219931635588544,-1.1423801072742696,5.099797590767713,"sa3017304"
"Evan Gates","SFG","AA",25,55.1,11.71084444995967,4.8795185208165295,2.4,0.4879518520816529,0.27480916,0.11450382,0.16030534,0.27705628,1.6987953368768658,0.39102564,0.66079295,4.3915666687348764,3.0587345647818793,1.3328321039529971,4.127962982584338,"sa3017311"
"Logan Workman","TBR","AA",24,63.1,10.089474494490332,2.9842107659760138,3.38095238,0.9947369219920046,0.25818182,0.07636364,0.18181818,0.26482213,1.3894737957983556,0.34285714,0.64393939,4.121052962538305,3.8159572289591037,0.30509573357920106,4.474317574711797,"sa3017313"
"William Fleming","KCR","AA",24,47.2,7.174824409236837,3.2097898672901644,2.23529412,1.132867011984764,0.18269231,0.08173077,0.10096154,0.25789474,1.3846152368702669,0.29452055,0.75085324,4.342656879274928,4.867655325954939,-0.5249984466800104,5.054900853746393,"sa3017314"
"Sean Hunley","TBR","AA",23,97,8.257731958762887,1.7628865979381443,4.68421053,1.2061855670103092,0.22361809,0.04773869,0.1758794,0.24390244,1.1237113402061856,0.28838951,0.69444444,3.618556701030928,4.383238816015499,-0.7646821149845713,4.530115794213777,"sa3017316"
"Ryan Cusick","OAK","AA",23,94.1,8.01413470772435,5.438162837384381,1.47368421,1.6219082146584993,0.20740741,0.14074074,0.06666667,0.23919308,1.4840990199489537,0.26829268,0.77645051,4.770318278407351,6.099190830263633,-1.328872551856282,5.632285007497534,"sa3017385"
"Antonio Knowles","LAD","AA",23,41,9.439024390243903,5.926829268292683,1.59259259,1.0975609756097562,0.25,0.15697674,0.09302326,0.18571429,1.2926829268292683,0.22826087,0.66666667,5.048780487804878,5.5220985691721864,-0.47331808136730746,4.958938734669512,"sa3017387"
"Brett Kerry","LAA","AA",24,118.1,8.06197217750967,3.0422536518904417,2.65,1.749295849837004,0.21721311,0.08196721,0.1352459,0.22371365,1.1830986424018384,0.24213836,0.79963235,3.878873406160313,5.353763068278051,-1.4748896621177376,4.695962362291595,"sa3017390"
"Adrian Chaidez","HOU","AA",24,45.1,9.926471701955425,6.55147132329058,1.51515152,1.191176604234651,0.23923445,0.15789474,0.08133971,0.22485207,1.5661766463085227,0.28318584,0.58908046,6.750000757329689,5.854595224915107,0.895405532414582,5.914516173501045,"sa3017417"
"Matt Osterberg","PHI","AA",24,30.1,8.901099833928605,1.7802199667857208,5,0.8901099833928604,0.24793388,0.04958678,0.19834711,0.22608696,1.0549451655026494,0.2804878,0.71942446,3.2637366057738215,3.176700945330074,0.08703566044374744,3.1283475832882064,"sa3017462"
"Aaron Brown","HOU","AA",24,102.2,9.642858098300895,3.155844468534838,3.05555556,1.1396105025264693,0.24444444,0.08,0.16444444,0.26941748,1.4318183236871025,0.33910035,0.68807339,4.295454971061307,4.306466700926587,-0.011011729865280095,4.399071825657702,"sa3017500"
"Alex Cornwell","STL","AA",24,36.2,7.609089853586391,1.9636360912481008,3.875,0.4909090228120252,0.20945946,0.05405405,0.15540541,0.25179856,1.172727110050949,0.31132075,0.72815534,2.6999996254661385,3.4473757650832453,-0.7473761396171068,3.8812969808565074,"sa3017501"
"Lael Lockhart","DET","AA",25,88.2,10.860903501685982,4.56766969697074,2.37777778,0.913533939394148,0.27937337,0.11749347,0.1618799,0.22754491,1.3646618106999,0.30733945,0.70284698,4.161654612795563,3.9100956235749176,0.25155898922064557,4.076674193642178,"sa3017502"
"Christopher Troye","BOS","AA",24,31,14.516129032258064,7.838709677419355,1.85185185,0,0.34722222,0.1875,0.15972222,0.17391304,1.5161290322580645,0.30769231,0.65306122,3.774193548387097,2.85624721588627,0.917946332500827,3.8807288450579493,"sa3017530"
"Bryan Pope","STL","AA",24,32,9,3.9375,2.28571429,1.125,0.20645161,0.09032258,0.11612903,0.30434783,1.75,0.37254902,0.6741573,4.21875,4.911580276489258,-0.692830276489258,4.887326507875696,"sa3017532"
"Carlos Tavera","BAL","AA",24,79.2,10.054394589271014,6.552302091884481,1.53448276,1.6945608858321934,0.24184783,0.1576087,0.08423913,0.22727273,1.6066947658260797,0.26960784,0.66972477,4.857741206052288,5.748405717625149,-0.8906645115728606,5.112741724570803,"sa3017536"
"Wyatt Olds","BOS","AA",23,45.2,10.64233458110118,9.262772690958434,1.14893617,0.7883210800815688,0.2278481,0.19831224,0.02953587,0.23728814,1.9489048924238783,0.31932773,0.59128631,8.474451610876864,5.990930219321351,2.483521391555513,6.685705824669885,"sa3017539"
"Peter Van Loon","BAL","AA",24,53.2,11.739129322205601,3.8571424915818406,3.04347826,2.0124221695209603,0.29045643,0.09543568,0.19502075,0.26511628,1.4906830885340447,0.33834586,0.69486405,6.037266508562881,5.02715468362345,1.0101118249394316,3.9225655820345056,"sa3017543"
"Rhett Kouba","HOU","AA",23,110,9.654545454545454,1.8818181818181818,5.13043478,0.9818181818181818,0.2616408,0.05099778,0.21064302,0.22727273,1.0727272727272728,0.28819444,0.71942446,3.272727272727273,3.865557549216531,-0.5928302764892579,4.027837023951791,"sa3017544"
"Jacob Webb","BOS","AA",24,59,9.915254237288135,5.796610169491525,1.71052632,0.7627118644067796,0.2443609,0.14285714,0.10150376,0.22222222,1.4915254237288136,0.29032258,0.61904762,5.033898305084746,4.258652902053575,0.7752454030311711,4.698416092941317,"sa3017547"
"Justin Armbruester","BAL","AA",24,62,6.241935483870968,2.7580645161290325,2.26315789,0.7258064516129032,0.17063492,0.07539683,0.0952381,0.22608696,1.1451612903225807,0.25824176,0.79104478,2.467741935483871,4.0014085062088505,-1.5336665707249795,5.071835687948812,"sa3017548"
"Alex Pham","BAL","AA",23,60.2,8.010988339351751,2.5219778105366624,3.17647059,0.7417581795696067,0.22978723,0.07234043,0.15744681,0.19724771,0.9890109060928088,0.23899371,0.75471698,2.670329446450584,3.407470175408322,-0.7371407289577383,3.83515192409637,"sa3017550"
"Luke Albright","ARI","AA",23,112,10.928571428571429,5.544642857142857,1.97101449,0.8839285714285714,0.26459144,0.13424125,0.13035019,0.2675737,1.6696428571428572,0.36394558,0.66628702,5.464285714285714,4.496401705060687,0.9678840092250276,4.605543463836823,"sa3017592"
"Jake Rice","ARI","AA",25,42,12.428571428571429,7.285714285714286,1.70588235,1.0714285714285714,0.28855721,0.16915423,0.11940299,0.23125,1.6904761904761905,0.32989691,0.6056338,7.5,5.407115990774972,2.0928840092250276,5.263903449191934,"sa3017593"
"Jack Sinclair","WSN","AA",24,43.2,9.274808079982137,5.152671155545631,1.8,1.648854769774602,0.23809524,0.13227513,0.10582011,0.24223602,1.4656486842440908,0.28703704,0.80645161,4.122136924436505,5.519876602344711,-1.3977396779082056,4.592804825031162,"sa3017596"
"Riley Martin","CHC","AA",25,46,15.26086956521739,5.478260869565218,2.78571429,0.5869565217391305,0.39593909,0.14213198,0.25380711,0.19161677,1.3043478260869565,0.3372093,0.64013841,3.5217391304347827,2.9921585829361628,0.5295805474986199,3.2089237766097423,"sa3017601"
"Dustin Saenz","WSN","AA",24,73,5.178082191780822,2.3424657534246576,2.21052632,0.9863013698630136,0.14046823,0.06354515,0.07692308,0.27797834,1.3150684931506849,0.30396476,0.71753986,4.438356164383562,4.45368424637677,-0.01532808199320801,4.373738589025524,"sa3017610"
"Ryan Long","BAL","AA",23,47,8.042553191489361,3.25531914893617,2.47058824,1.5319148936170213,0.2038835,0.08252427,0.12135922,0.27659574,1.4680851063829787,0.31884058,0.6122449,6.51063829787234,4.85007013970233,1.66056815817001,4.818043124041659,"sa3017616"
"Sam Benschoter","CIN","AA",25,123.2,10.188680083379623,4.876011182760249,2.08955224,2.110512302985779,0.24305556,0.11631944,0.12673611,0.27620968,1.6495958230233676,0.33027523,0.65192744,7.277628630985445,6.304182714277621,0.9734459167078242,5.09511887503344,"sa3017639"
"Luke Murphy","LAA","AA",23,49,11.387755102040817,4.959183673469388,2.2962963,0.7346938775510204,0.27802691,0.12107623,0.15695067,0.27179487,1.6326530612244898,0.37984496,0.63660477,4.959183673469388,3.8240130638589664,1.1351706096104217,4.310265563945381,"sa3017653"
"Adam McKillican","COL","AA",25,33.1,8.910001359558313,3.7800005767823146,2.35714286,1.3500002059936838,0.21290323,0.09032258,0.12258065,0.26086957,1.5000002288818708,0.31,0.58695652,6.210000947570945,4.775602283477818,1.434398664093127,4.514599911381872,"sa3017687"
"Haylen Green","CHW","AA",25,34,9,4.235294117647059,2.125,0.7941176470588235,0.21794872,0.1025641,0.11538462,0.26470588,1.5294117647058822,0.33333333,0.65637066,5.5588235294117645,4.490879810557646,1.067943718854118,5.01646155697458,"sa3017716"
"Thomas Farr","CIN","AA",24,48.1,4.096552155230519,4.096552155230519,1,1.489655329174734,0.09734513,0.09734513,0,0.2979798,1.675862245321576,0.30357143,0.48812665,7.634483562020512,6.558425763024761,1.076057798995751,6.95603660457788,"sa3017720"
"Ben Harris","LAD","AA",23,51.2,12.890321311672944,8.361289499463531,1.54166667,0.6967741249552942,0.31355932,0.20338983,0.11016949,0.17486339,1.5483869443450982,0.26666667,0.6675063,4.877418874687059,4.912184995161023,-0.03476612047396355,5.5280731971909205,"sa3017779"
"Ryan Sublette","LAD","AA",24,47.1,11.408451930134941,8.746479813103454,1.30434783,1.140845193013494,0.26431718,0.20264317,0.06167401,0.21714286,1.7746480780209908,0.29357798,0.67401961,6.274648561574217,6.101281239517745,0.17336732205647198,5.929113854305676,"sa3017781"
"Walker Powell","CHC","AA",27,120,8.175,1.875,4.36,1.725,0.22947368,0.05263158,0.17684211,0.23489933,1.0833333333333333,0.26031746,0.75396825,3.675,4.954115104675293,-1.2791151046752933,4.173807539666693,"sa3017815"
"Houston Harding","LAA","AA",25,46.1,8.935252779432643,6.021583394835042,1.48387097,1.3597123794788804,0.21100917,0.14220183,0.06880734,0.28648649,1.812949839305174,0.34848485,0.6167979,7.381295774313923,5.69422325053133,1.687072523782593,5.537207829843639,"sa3017820"
"RJ Petit","DET","AA",23,51.2,8.361289499463531,2.9612900310600003,2.82352941,1.0451611874329414,0.20425532,0.07234043,0.13191489,0.29107981,1.5290321075407844,0.35220126,0.72751323,3.8322576872541183,4.204634221203007,-0.37237653394888826,4.3434408642143065,"sa3017848"
"Will Dion","CLE","AA",23,83,9.542168674698795,2.710843373493976,3.52,0.6506024096385542,0.2674772,0.07598784,0.19148936,0.22112211,1.108433734939759,0.29186603,0.78014184,2.602409638554217,3.034638199174261,-0.432228560620044,3.486289042737111,"sa3017850"
"Nick Zwack","SFG","AA",24,81,10.11111111111111,3.5555555555555554,2.84375,1.5555555555555556,0.24931507,0.08767123,0.16164384,0.28181818,1.5432098765432098,0.35111111,0.60885609,6.555555555555555,4.571898350892243,1.983657204663312,4.303234650544178,"sa3017867"
"Zac Leigh","CHC","AA",25,35,13.371428571428572,4.114285714285714,3.25,1.0285714285714285,0.34666667,0.10666667,0.24,0.19847328,1.2,0.29333333,0.7106599,4.114285714285714,3.721972247532436,0.39231346675327794,3.996513037809304,"sa3017873"
"Tyler Samaniego","PIT","AA",24,47.1,10.267606737121445,4.373239906551727,2.34782609,0.380281731004498,0.25961538,0.11057692,0.14903846,0.28176796,1.5633804496851584,0.392,0.625,5.5140850995652215,3.2544752917623643,2.2596098078028573,3.9251128992038615,"sa3017876"
"Landon Marceaux","LAA","AA",23,61,6.639344262295082,2.9508196721311477,2.25,1.0327868852459017,0.16423358,0.0729927,0.09124088,0.30555556,1.5901639344262295,0.35,0.58295964,5.459016393442623,4.667524512869413,0.7914918805732096,4.873764192789305,"sa3017913"
"Jamison Hill","ARI","AA",24,118,7.932203389830509,5.6440677966101696,1.40540541,0.9915254237288136,0.19961612,0.14203455,0.05758157,0.2173913,1.4322033898305084,0.25625,0.74004975,4.3474576271186445,5.49791502225197,-1.1504573951333255,5.736341494864831,"sa3017935"
"Danny Watson","NYY","AA",22,38.1,10.095653513456064,3.756522237565047,2.6875,1.1739131992390772,0.28476821,0.10596026,0.17880795,0.13636364,0.8869566394250806,0.1547619,0.96666667,1.643478478934708,4.214732613987209,-2.5712541350525013,4.2513857451732395,"sa3017952"
"Jaylen Nowlin","MIN","AA",22,37.2,8.362830729144513,5.256636458319408,1.59090909,0.9557520833308014,0.20231214,0.12716763,0.07514451,0.21678322,1.407079456014791,0.25961538,0.72202166,3.8230083333232057,5.604334443150861,-1.781326109827655,6.2018775735723715,"sa3017978"
"Blake Beers","OAK","AA",24,80.2,8.256199388261198,3.7933889081200096,2.17647059,1.785124192056475,0.19786096,0.09090909,0.10695187,0.29878049,1.6363638427184355,0.34453782,0.55921053,7.809918340247079,6.147376040566911,1.662542299680168,5.473883867368333,"sa3018004"
"Ricky Tiedemann","TOR","AA",20,32,16.3125,5.625,2.9,0.28125,0.39726027,0.1369863,0.26027397,0.22580645,1.5,0.41538462,0.57613169,5.0625,2.1193520545959474,2.9431479454040526,2.480008046887815,"sa3018096"
"Davis Sharpe","CLE","AA",23,60.2,9.494504698490964,2.373626174622741,4,1.1868130873113705,0.23791822,0.05947955,0.17843866,0.27016129,1.3681317534283854,0.33522727,0.65104167,4.3021974415037185,3.918459143556273,0.3837382979474455,4.036419410014794,"sa3018112"
"Tyler Mattison","DET","AA",23,33.1,12.42000189514189,4.860000741577261,2.55555556,0,0.33823529,0.13235294,0.20588235,0.16949153,1.140000173950222,0.27777778,0.76315789,1.6200002471924206,2.1356018806457255,-0.5156016334533049,3.5647539714115206,"sa3018117"
"Chandler Champlain","KCR","AA",23,73,7.890410958904109,3.0821917808219177,2.56,1.356164383561644,0.21192053,0.08278146,0.12913907,0.23443223,1.2191780821917808,0.26767677,0.70876289,3.8219178082191783,5.090090550461861,-1.2681727422426827,4.747215845078639,"sa3018138"
"Tommy Mace","CLE","AA",24,60.2,7.565933431609987,5.340658892901168,1.41666667,1.335164723225292,0.1827957,0.12903226,0.05376344,0.2875,1.7307690856624154,0.33333333,0.71278826,5.489010528815089,5.451426048000126,0.037584480814962795,5.545463821984709,"sa3018140"
"Blake Holub","DET","AA",24,40.1,9.818183056310614,2.900826812091772,3.38461538,1.3388431440423565,0.27160494,0.08024691,0.19135803,0.24489796,1.2148761862606567,0.30927835,0.75117371,3.7933889081200096,4.143370759067845,-0.3499818509478354,3.748517980145264,"sa3018147"
"Hunter Stanley","CLE","AA",25,119,8.168067226890756,3.7058823529411766,2.20408163,1.2100840336134453,0.20650096,0.09369025,0.11281071,0.24524313,1.3865546218487395,0.28653295,0.62674095,4.915966386554622,4.468879365520317,0.44708702103430475,4.661938525448327,"sa3018148"
"Jack Leftwich","CLE","AA",24,78,8.076923076923077,2.8846153846153846,2.8,1.3846153846153846,0.21472393,0.07668712,0.13803681,0.23666667,1.2307692307692308,0.2706422,0.61097257,5.1923076923076925,4.480730259724153,0.7115774325835398,4.072378291992041,"sa3018169"
"Chad Dallas","TOR","AA",23,96.2,9.962070013856033,3.4448279487165725,2.89189189,1.3965518711013132,0.25845411,0.08937198,0.16908213,0.22911051,1.2620690983285943,0.2811245,0.74766355,4.096552155230519,4.413533208826648,-0.3169810535961286,3.844857408663064,"sa3018180"
"Orlando Ortiz-Mayr","LAD","AA",25,60.2,7.120878523868224,2.818681082364505,2.52631579,1.335164723225292,0.17712177,0.0701107,0.10701107,0.26748971,1.3846152685299324,0.30107527,0.65920398,5.785713800642932,5.423599362151673,0.36211443849125846,5.362831733139867,"sa3018181"
"Sean Sullivan","PIT","AA",22,113.2,7.680352593506629,3.008797923229401,2.55263158,1.0293256053153212,0.20378151,0.07983193,0.12394958,0.24423963,1.266862283465011,0.28703704,0.73189522,3.8797657431115957,4.164165183970712,-0.2843994408591164,4.810992884377249,"sa3018185"
"Russell Smith","MIL","AA",24,37,11.432432432432432,4.378378378378378,2.61111111,1.945945945945946,0.2797619,0.10714286,0.17261905,0.25517241,1.4864864864864864,0.32222222,0.77868852,5.108108108108108,5.714250239810428,-0.6061421317023203,4.269680375021857,"sa3018191"
"Anthony Solometo","PIT","AA",20,51.2,8.709676561941178,2.4387094373435296,3.57142857,1.0451611874329414,0.23041475,0.06451613,0.16589862,0.245,1.2193547186717648,0.29861111,0.67708333,4.354838280970589,3.8368923219210456,0.5179459590495434,4.171281802156658,"sa3018259"
"Yu-Min Lin","ARI","AA",19,61,9.442622950819672,3.8360655737704916,2.46153846,1.0327868852459017,0.24710425,0.1003861,0.14671815,0.21777778,1.2295081967213115,0.27272727,0.66939891,4.278688524590164,4.758404046981061,-0.4797155223908973,4.462588017177387,"sa3019278"
"Ryan Middendorf","MIL","AA",25,45.2,8.474451610876864,2.3649632402447063,3.58333333,0.7883210800815688,0.20574163,0.05741627,0.14832536,0.28272251,1.445255313482876,0.34722222,0.72289157,3.744525130387452,4.017071260276165,-0.27254612988871285,4.1928933917704985,"sa3019506"
"Duncan Snider","SDP","AA",25,46.1,6.215828020474882,6.410072646114722,0.96969697,0.9712231281992003,0.14953271,0.15420561,-0.0046729,0.27118644,1.7482016307585606,0.30714286,0.67948718,5.633094143555362,6.110096728896156,-0.4770025853407942,6.382296870103606,"sa3019695"
"Jonah Scolaro","CHW","AA",24,55.2,10.670657707656796,5.173652221894204,2.0625,0.8083831596709694,0.27615063,0.13389121,0.14225941,0.18905473,1.2574849150437302,0.25384615,0.75362319,3.718562534486459,4.423426404776084,-0.7048638702896248,4.589533989785591,"sa3019817"
"T.J. Brock","TOR","AA",23,32.1,15.587631318024519,3.8969078295061297,4,1.9484539147530648,0.36363636,0.09090909,0.27272727,0.27941176,1.6082476756691964,0.42465753,0.62770563,6.680413422010508,4.296220771847553,2.384192650162955,2.642610661365447,"sa3020079"
"John Michael Bertrand","SFG","AA",25,52,6.75,3.6346153846153846,1.85714286,0.17307692307692307,0.17333333,0.09333333,0.08,0.27586207,1.4807692307692308,0.33742331,0.62663185,4.673076923076923,3.2948328238267166,1.3782440992502067,4.321852756692813,"sa3020082"
"Isaac Coffey","BOS","AA",23,57.1,11.302326584068705,3.610465436577503,3.13043478,1.7267443392327189,0.28685259,0.09163347,0.19521912,0.21004566,1.2034884788591678,0.25735294,0.81469649,3.9244189528016338,4.932578945778859,-1.0081599929772254,4.150555045240136,"sa3020222"
"Tyler Stuart","NYM","AA",23,35,7.2,2.3142857142857145,3.11111111,1.0285714285714285,0.19310345,0.06206897,0.13103448,0.25185185,1.2285714285714286,0.29126214,0.72916667,3.6,4.01845919745309,-0.41845919745309024,4.182559483391898,"sa3020264"
"Jared Kollar","SDP","AA",24,50.2,6.0394730779273305,3.5526312223101946,1.7,0.8881578055775486,0.14782609,0.08695652,0.06086957,0.28019324,1.5394735296677509,0.31547619,0.7027027,4.618420589003253,4.995461724669663,-0.37704113566640984,5.703925864843369,"sa3020439"
"Chase Hampton","NYY","AA",21,59.2,10.25698236587078,3.167597495342447,3.23809524,1.2067038077495036,0.27419355,0.08467742,0.18951613,0.23788546,1.2569831330723995,0.30463576,0.65830721,4.374301303091951,3.7951550829325393,0.5791462201594113,3.8425097188042656,"sa3020682"
"Jake Pilarski","LAD","AA",25,30.1,7.120879867142883,7.120879867142883,1,0.8901099833928604,0.16326531,0.16326531,0,0.29508197,1.9780221853174675,0.34736842,0.63380282,6.230769883750023,5.868654680338473,0.36211520341155,6.322812469940363,"sa3020685"
"Ben Holmes","CHW","AA",31,30,10.8,2.7,4,1.8,0.29032258,0.07258065,0.21774194,0.21238938,1.1,0.25352113,0.63909774,3.3,4.879115104675293,-1.5791151046752931,4.12211721415321,"sa549147"
"Teddy Stankiewicz","CIN","AA",29,43.1,6.646154626248243,3.3230773131241214,2,1.2461539924215455,0.16,0.08,0.08,0.29834254,1.6153848049908923,0.33566434,0.63467492,6.230769962107727,5.217576835451769,1.013193126655958,5.2038711861062765,"sa657954"
"Raffi Vizcaino","ARI","AA",27,35,12.342857142857143,5.6571428571428575,2.18181818,1.8,0.31168831,0.14285714,0.16883117,0.22137405,1.457142857142857,0.28947368,0.71090047,4.628571428571429,5.521401705060686,-0.8928302764892573,4.030143683510167,"sa736742"
"Ronald Medrano","KCR","AA",27,31,7.838709677419355,3.193548387096774,2.45454545,0.8709677419354839,0.1942446,0.07913669,0.11510791,0.27642276,1.4516129032258065,0.33333333,0.65502183,5.225806451612903,4.757346405521516,0.46846004609138703,5.602315061419241,"sa737377"
"A.J. Puckett","SEA","AA",28,60,7.8,3.75,2.08,0.75,0.2,0.09615385,0.10384615,0.24561404,1.35,0.29824561,0.7037037,4.35,4.642830276489258,-0.2928302764892585,4.878899897510807,"sa738686"
"Jefry Yan","MIA","AA",26,51,16.058823529411764,6.882352941176471,2.33333333,0.5294117647058824,0.39055794,0.16738197,0.22317597,0.2010582,1.5098039215686274,0.36842105,0.71979434,3.7058823529411766,3.363428830165489,0.3424535227756875,3.4660180581550972,"sa828460"
"Juan Nunez","TOR","AA",27,39.1,13.500001745709143,9.610170734233629,1.4047619,0.45762717782064893,0.32240437,0.2295082,0.09289618,0.15217391,1.6016951223722713,0.24675325,0.71202532,3.889831011475516,4.368822534945275,-0.47899152346975926,5.396069358688103,"sa828600"
"Trey Supak","OAK","AA",27,42.1,8.078741128124463,3.826772113322114,2.11111111,0.8503938029604697,0.19895288,0.09424084,0.10471204,0.24852071,1.4173230049341163,0.2992126,0.65068493,4.889764367022701,4.68495637994314,0.20480798707956094,5.363296997612612,"sa828707"
"Carlos Luna","MIN","AA",26,95,9.094736842105263,2.2736842105263158,4,2.8421052631578947,0.23188406,0.05797101,0.17391304,0.27748691,1.368421052631579,0.296875,0.71875,5.873684210526315,6.787567118594521,-0.9138829080682056,4.675705328270009,"sa828727"
"Jordan Brink","MIN","AA",30,33,7.363636363636363,5.7272727272727275,1.28571429,1.0909090909090908,0.18243243,0.14189189,0.04054054,0.24603175,1.5757575757575757,0.28421053,0.65400844,6,5.632224215883197,0.36777578411680256,5.514630332995545,"sa829003"
"Logan Sawyer","STL","AA",30,48.1,10.986208052663663,3.16551757449631,3.47058824,0.744827664587367,0.2744186,0.07906977,0.19534884,0.27692308,1.468965671825085,0.37878788,0.65789474,5.213793652111569,3.5686923323913637,1.6451013197202053,3.7774416811139506,"sa829628"
"Brady Puckett","MIA","AA",27,38.1,8.21739239467354,5.400000716499755,1.52173913,0.9391305593912618,0.20588235,0.13529412,0.07058824,0.26056338,1.5652175989854364,0.32038835,0.72390572,3.9913048774128628,5.300854463559273,-1.3095495861464101,5.180632260176613,"sa829632"
"Jeff Bain","ARI","AA",27,55.1,7.807229633306447,2.7650604951293665,2.82352941,2.7650604951293665,0.18823529,0.06666667,0.12156863,0.31601732,1.6265061736055098,0.3373494,0.6010929,7.1566271638642425,7.25307156760354,-0.09644440373929797,5.615506176095781,"sa829808"
"Malvin Pena","WSN","AA",26,63.2,7.77486848882158,3.9581148670364406,1.96428571,0.7068062262565072,0.21400778,0.10894942,0.10505837,0.19911504,1.146596767038334,0.24096386,0.79710145,2.5445024145234263,4.0295286959362215,-1.4850262814127952,4.550428659767502,"sa830644"
"Kyle Wilcox","ATL","AA",29,42.1,13.606300847367516,4.889764367022701,2.7826087,0.42519690148023487,0.3699422,0.13294798,0.23699422,0.14189189,1.0393702036183519,0.23170732,0.81018519,2.1259845074011743,2.941319752454941,-0.8153352450537668,3.595894961585043,"sa857699"
"Carlos Guzman","CHC","AA",25,76,9.710526315789474,5.092105263157895,1.90697674,0.9473684210526315,0.24404762,0.12797619,0.11607143,0.25783972,1.5394736842105263,0.33502538,0.68872987,4.855263157894737,4.723851946780556,0.1314112111141812,4.997504202217648,"sa871477"
"Domingo Robles","ATL","AA",25,119.1,8.974860717724878,2.413407924094085,3.71875,0.6787709786514614,0.24089069,0.06477733,0.17611336,0.23851204,1.1815642961710624,0.30395137,0.69715142,3.393854893257307,3.495316218422026,-0.10146132516471917,3.9445565012668427,"sa872881"
"Nolan Watson","SDP","AA",26,64,5.765625,3.09375,1.86363636,0.984375,0.15129151,0.08118081,0.0701107,0.24590164,1.28125,0.27040816,0.6865285,4.078125,5.099080276489258,-1.020955276489258,5.666011200333014,"sa874732"
"Gray Fenter","NYY","AA",27,41.1,11.104840076180745,4.57258120783913,2.42857143,1.3064517736683228,0.28021978,0.11538462,0.16483517,0.22981366,1.4032259791252357,0.29807692,0.625,5.008065132395237,4.219150557800848,0.7889145745943891,3.694148612333844,"sa875233"
"Collin Kober","SEA","AA",28,60,9,3.3,2.72727273,1.5,0.22222222,0.08148148,0.14074074,0.25630252,1.3833333333333333,0.30357143,0.65822785,5.55,5.459496943155925,0.09050305684407522,5.414223261922598,"sa913150"
"Noah Bremer","TEX","AA",27,45.2,6.5036489106729425,4.335765940448629,1.5,1.3795618901427453,0.16176471,0.10784314,0.05392157,0.27932961,1.5766421601631375,0.30935252,0.61349693,6.30656864065255,5.882611054493616,0.4239575861589344,5.555451230821834,"sa915571"
"Alex Troop","WSN","AA",26,100.2,8.493378341713036,3.8443712494069535,2.20930233,1.3410597381652163,0.21939954,0.09930716,0.12009238,0.23958333,1.3410597381652163,0.2810219,0.73333333,4.38079514467304,4.785535982011599,-0.4047408373385588,4.597963501374663,"sa915638"
"Wilfredo Pereira","STL","AA",24,137.2,6.799031979394648,3.464891297191503,1.96226415,1.1767555348952274,0.17597293,0.08967851,0.08629442,0.26136364,1.3874093034875832,0.2955665,0.66552901,4.968523369557627,5.254573733294652,-0.28605036373702486,5.539276104137953,"sa917136"
"Jose Chacin","NYM","AA",26,71.1,7.948598697598088,2.2710281993137396,3.5,2.2710281993137396,0.2114094,0.06040268,0.15100671,0.2437276,1.2056075625986518,0.25252525,0.71197411,5.04672933180831,5.588686331674756,-0.5419569998664464,4.251084703854189,"sa917323"
"Oliver Garcia","PIT","AA",25,46.1,9.712231281992004,6.410072646114722,1.51515152,0.5827338769195202,0.2283105,0.15068493,0.07762557,0.24022346,1.6402879498475382,0.31746032,0.68527919,4.273381764076482,4.548983489346011,-0.27560172526952886,5.389711750931054,"sa917415"
"Deyni Olivero","ARI","AA",25,68,5.029411764705882,5.029411764705882,1,1.9852941176470589,0.11242604,0.11242604,0,0.36363636,2.1470588235294117,0.38114754,0.5625,9.529411764705882,7.2516538059010225,2.2777579588048598,6.232997046432951,"sa917869"
"Kevin Gowdy","LAD","AA",25,38.1,9.626088233760434,4.695652796956309,2.05,0.9391305593912618,0.24404762,0.11904762,0.125,0.24137931,1.4347827990699833,0.31,0.64885496,4.9304354368041245,4.710221715829791,0.22021372097433378,4.447015944873007,"sa917928"
"Travis MacGregor","PIT","AA",25,34.1,11.796118252373594,3.4077674951301495,3.46153846,0.786407883491573,0.32142857,0.09285714,0.22857143,0.22834646,1.2233011520980024,0.32911392,0.8994709,1.8349517281470036,2.926087439710804,-1.0911357115638005,2.7992749744597383,"sa917950"
"Curtis Taylor","MIN","AA",27,43,9.627906976744185,4.395348837209302,2.19047619,0.627906976744186,0.24338624,0.11111111,0.13227513,0.22699387,1.3488372093023255,0.29824561,0.66326531,3.9767441860465116,4.2742256253264665,-0.29748143927995496,4.847290498884611,"sa917970"
"Braeden Ogle","PIT","AA",25,33,9.818181818181818,7.636363636363637,1.28571429,1.6363636363636365,0.23684211,0.18421053,0.05263158,0.21487603,1.6363636363636365,0.25316456,0.74074074,4.909090909090909,6.275602054595947,-1.3665111455050383,5.486788691173901,"sa917989"
"Henry Henry","SDP","AA",24,32.1,6.958763981260946,7.793815659012259,0.89285714,0.27835055925043783,0.16339869,0.18300654,-0.01960784,0.26229508,1.8556703950029187,0.32291667,0.66558442,5.845361744259194,5.424789311825315,0.4205724324338789,6.510956550667782,"sa918121"
"Trevor Bettencourt","LAD","AA",28,40.2,9.295080804658383,4.204917506869268,2.21052632,0.6639343431898844,0.22580645,0.10215054,0.12365591,0.28313253,1.6229506166863843,0.36363636,0.66878981,4.868851850059153,4.061682689372527,0.8071691606866258,4.285930248162496,"sa918556"
"Chad Donato","MIN","AA",28,42,7.714285714285714,4.928571428571429,1.56521739,2.7857142857142856,0.16589862,0.10599078,0.05990783,0.375,2.261904761904762,0.41258741,0.53299492,11.571428571428571,7.788068371727353,3.7833601997012183,5.870868606971843,"sa919112"
"Raul Brito","SDP","AA",26,40.1,11.603307248367088,4.2396699561341284,2.73684211,0.2231405240070594,0.28729282,0.10497238,0.18232044,0.24840764,1.4380167102677162,0.36538462,0.79545455,2.677686288084713,3.221755836918799,-0.5440695488340861,4.130970182184255,"sa928287"
"Kenny Hernandez","STL","AA",25,74,8.14864864864865,3.891891891891892,2.09375,0.6081081081081081,0.20364742,0.09726444,0.10638298,0.28813559,1.5810810810810811,0.35874439,0.59821429,5.95945945945946,4.138776222435204,1.820683237024256,4.665803216740087,"sa943755"
"Daison Acosta","NYM","AA",24,36,9.75,6,1.625,1.5,0.24223602,0.14906832,0.0931677,0.20895522,1.4444444444444444,0.24719101,0.72961373,4.75,5.525602054595947,-0.7756020545959474,5.043121096491814,"sa944989"
"Lisandro Santos","NYY","AA",24,51,9.705882352941176,6,1.61764706,0.5294117647058824,0.25229358,0.1559633,0.09633028,0.17032967,1.2745098039215685,0.22580645,0.66878981,2.6470588235294117,4.001092250674379,-1.3540334271449672,4.510140265553606,"sa945728"
"Christian Mejias","MIL","AA",24,121.1,9.123626756086528,4.302197982544866,2.12068966,1.5576923729903829,0.22282609,0.10507246,0.11775362,0.26293996,1.52472533864138,0.31268437,0.58223289,6.8983519375288385,5.507686614091957,1.390665323436881,5.23667159940752,"sa946165"