Name,Team,Level,Age,IP,K/9,BB/9,K/BB,HR/9,K%,BB%,K-BB%,AVG,WHIP,BABIP,LOB%,ERA,FIP,E-F,xFIP,PlayerId
"Johnny Barbato","TOR","AA",28,70.1,8.573460335642762,3.199052364045807,2.68,0.6398104728091614,0.21612903,0.08064516,0.13548387,0.2599278,1.3791470191664144,0.32682927,0.60204082,4.350711215102297,3.9419714332175824,0.40873978188471494,4.824362368002153,"11440"
"Akeel Morris","SFG","AA",28,54,10.833333333333334,1.8333333333333333,5.90909091,1.3333333333333333,0.29816514,0.05045872,0.24770642,0.23671498,1.1111111111111112,0.30597015,0.75819672,3.6666666666666665,3.6450607476411045,0.02160591902556197,3.171598141999157,"12185"
"Tyler Olson","BOS","AA",31,31,10.741935483870968,3.774193548387097,2.84615385,0.8709677419354839,0.26618705,0.09352518,0.17266187,0.21008403,1.2258064516129032,0.27848101,0.78431373,2.6129032258064515,4.321882730914701,-1.7089795051082493,4.430070808962468,"14741"
"Aaron Blair","SFG","AA",29,34.1,6.029127106768725,5.2427192232771525,1.15,1.0485438446554305,0.1483871,0.12903226,0.01935484,0.23622047,1.4563108953547648,0.26,0.6870229,4.45631133978558,6.136790729650051,-1.6804793898644714,6.221347446256228,"14934"
"Brandon Leibrandt","MIA","AA",28,31.1,6.031915505583287,4.021277003722191,1.5,1.1489362867777688,0.14788732,0.09859155,0.04929577,0.31451613,1.6914895333117153,0.35353535,0.58365759,6.606383648972171,5.444093153583587,1.162290495388584,5.845255831958495,"16135"
"A.J. Ladwig","DET","AA",28,101.1,7.282895102395264,1.598684290769692,4.55555556,2.04276326042794,0.19339623,0.04245283,0.1509434,0.25124378,1.1743421642073664,0.26262626,0.73788546,4.796052872309076,5.4989838491516485,-0.7029309768425724,4.88583630132219,"16266"
"Carlos Sanabria","KCR","AA",24,31,8.709677419354838,5.225806451612903,1.66666667,1.1612903225806452,0.23076923,0.13846154,0.09230769,0.13084112,1.032258064516129,0.1369863,0.85987261,2.6129032258064515,5.447315852872787,-2.8344126270663357,5.827455182613866,"16634"
"Montana DuRapau","OAK","AA",29,54.1,6.625767491418334,2.6503069965673336,2.5,0.6625767491418334,0.18691589,0.07476636,0.11214953,0.2244898,1.1042945819030558,0.26315789,0.67375887,3.9754604948510006,3.958101569546907,0.017358925304093553,4.99023023086019,"16768"
"Jose Cuas","KCR","AA",27,32.1,8.90721789601401,1.9484539147530648,4.57142857,0.27835055925043783,0.2406015,0.05263158,0.18796993,0.25,1.175257916835182,0.32967033,0.75129534,1.9484539147530648,2.737305759387749,-0.7888518446346839,3.540789582416698,"17701"
"Enmanuel De Jesus","BOS","AA",24,59,10.830508474576272,3.9661016949152543,2.73076923,0.3050847457627119,0.26296296,0.0962963,0.16666667,0.275,1.5593220338983051,0.38323353,0.67596567,3.9661016949152543,3.0747531519097797,0.8913485430054746,4.309085428386422,"18554"
"Pedro Avila","SDP","AA",24,52.1,9.974523262414946,3.611465319150239,2.76190476,0.6878981560286169,0.25663717,0.09292035,0.16371682,0.23737374,1.2993631836096098,0.31617647,0.66282421,4.643312553193164,3.8617395596270367,0.7815729935661273,4.730177837877746,"18864"
"Nick Hernandez","HOU","AA",26,54,11.333333333333334,4.666666666666667,2.42857143,0.8333333333333334,0.31192661,0.12844037,0.18348624,0.14973262,1.037037037037037,0.20175439,0.84615385,1.6666666666666667,3.8869813247963236,-2.2203146581296567,4.75036204032324,"19281"
"Cody Sedlock","BAL","AA",26,62.2,9.622339644546537,4.308510288602927,2.23333333,1.4361700962009758,0.23508772,0.10526316,0.12982456,0.24603175,1.468084987227664,0.29714286,0.7654321,4.595744307843122,5.031388441779171,-0.43564413393604884,4.759211034911853,"19357"
"Lucas Erceg","MIL","AA",26,47.2,8.49650258988573,6.608390903244456,1.28571429,0.9440558433206365,0.21126761,0.16431925,0.04694836,0.2183908,1.531468368053477,0.26612903,0.6,5.286712722595564,5.331609478989744,-0.04489675639417978,5.119391982405265,"19360"
"Tanner Tully","CLE","AA",26,74,7.783783783783784,2.189189189189189,3.55555556,0.7297297297297297,0.2,0.05625,0.14375,0.27272727,1.337837837837838,0.33039648,0.81589958,2.675675675675676,3.7721878747682314,-1.0965121990925555,4.435180999882318,"19518"
"Alan Rangel","ATL","AA",23,34,10.852941176470589,1.3235294117647058,8.2,0.7941176470588235,0.31060606,0.03787879,0.27272727,0.22047244,0.9705882352941176,0.30120482,0.55555556,4.5,2.5780103431028483,1.9219896568971517,3.0926733524045527,"19524"
"Cam Vieaux","PIT","AA",27,44,9,3.272727272727273,2.75,1.0227272727272727,0.23655914,0.08602151,0.15053763,0.20958084,1.1590909090909092,0.25423729,0.70212766,3.6818181818181817,4.288158390738747,-0.6063402089205656,4.807362518256361,"19529"
"Guillo Zuniga","LAD","AA",22,35.1,12.481133872141406,3.3113212313844547,3.76923077,1.273585088994021,0.33793103,0.08965517,0.24827586,0.19230769,1.0754718529282845,0.26315789,0.72727273,3.0566042135856506,3.8191966077873216,-0.762592394201671,3.8349354553461943,"19588"
"Caleb Boushley","SDP","AA",27,35.2,9.084110854088491,2.271027713522123,4,1.261682063067846,0.22929936,0.05732484,0.17197452,0.28767123,1.429906338143559,0.35238095,0.80434783,3.7850461892035385,4.208545776050339,-0.4234995868468001,3.8764037491626624,"19736"
"Gerson Garabito","SFG","AA",25,44,9,3.0681818181818183,2.93333333,0.6136363636363636,0.23157895,0.07894737,0.15263158,0.27011494,1.4090909090909092,0.34645669,0.68027211,4.295454545454546,3.492703845284202,0.802750700170344,3.889789615571499,"19835"
"Bryan Hudson","CHC","AA",24,54.2,8.39634068220737,3.621950882520826,2.31818182,0.3292682620473478,0.23287671,0.10045662,0.13242009,0.19689119,1.0975608734911595,0.25714286,0.6372549,3.1280484894498044,3.4381251173172593,-0.31007662786745493,3.7597944127574956,"19924"
"Jhon Romero","WSN","AA",26,47.2,10.951047782519383,1.888111686641273,5.8,0.9440558433206365,0.29145729,0.05025126,0.24120603,0.24193548,1.1538460307252225,0.32520325,0.80392157,2.8321675299619096,3.263682893125971,-0.4315153631640616,3.9404019242639614,"19940"
"Joey Wentz","DET","AA",23,53.1,9.787500933408825,5.568750531077436,1.75757576,1.1812501126527895,0.24892704,0.1416309,0.10729614,0.20603015,1.387500132322324,0.25373134,0.76687117,3.712500354051624,4.959181255698217,-1.2466809016465934,5.164736120625244,"19962"
"Calvin Faucher","TBR","AA",25,35.1,11.716979023739253,6.113206447168306,1.91666667,1.5283016117920765,0.27380952,0.14285714,0.13095238,0.28671329,1.8396223104904623,0.38461538,0.64236111,6.113206447168306,5.195682297090231,0.9175241500780746,4.474647399553161,"20116"
"Adam Oller","NYM","AA",26,76,11.25,3.4342105263157894,3.27586207,0.9473684210526315,0.29595016,0.09034268,0.20560748,0.22758621,1.25,0.31016043,0.67599068,4.026315789473684,3.607536381169369,0.41877940830431504,3.6013730320883424,"20132"
"Mike Baumann","BAL","AA",25,38.2,9.077585012819354,4.189654621301241,2.16666667,1.3965515404337467,0.24074074,0.11111111,0.12962963,0.2027972,1.2155170814886316,0.23469388,0.55555556,4.887930391518114,4.989568855135985,-0.10163846361787154,4.432804460079724,"20206"
"Zach Muckenhirn","CHW","AA",26,40.2,9.295080804658383,4.204917506869268,2.21052632,0.6639343431898844,0.25301205,0.11445783,0.13855422,0.20408163,1.204917882085346,0.26470588,0.91517857,1.770491581839692,3.69662168517417,-1.9261301033344778,4.007830091768442,"20209"
"Zach Logue","TOR","AA",25,35.2,12.86915704329203,1.7663548882949847,7.28571429,1.5140184756814155,0.35915493,0.04929577,0.30985916,0.24626866,1.1214951671714188,0.35064935,0.70552147,4.542055427044246,3.515431118011475,1.026624309032771,2.823873827495679,"20231"
"Daysbel Hernandez","ATL","AA",24,32.2,12.673467414471776,4.408162578946705,2.875,0.8265304835525071,0.34074074,0.11851852,0.22222222,0.19491525,1.1938773651313992,0.28985507,0.78212291,2.7551016118416904,3.3403152746044054,-0.5852136627627149,3.184166076154528,"20271"
"Jhonathan Diaz","LAA","AA",24,61,11.508196721311476,1.7704918032786885,6.5,0.7377049180327869,0.31075697,0.04780876,0.26294821,0.22123894,1.0163934426229508,0.31468531,0.70588235,3.9836065573770494,3.139244672900341,0.8443618844767085,3.264506688933881,"20298"
"Erich Uelmen","CHC","AA",25,69.2,8.2679437909934,4.004785273762428,2.06451613,1.1626795956084468,0.20645161,0.1,0.10645161,0.24150943,1.3636365627506475,0.28645833,0.73651452,4.521531760699515,5.1814443209841885,-0.6599125602846732,4.9617894013882875,"20323"
"Kyle Dohy","PHI","AA",24,37.1,13.50000183922929,3.8571433826369397,3.5,0.48214292282961746,0.37086093,0.10596026,0.26490066,0.13178295,0.8839286918542987,0.21126761,0.82872928,2.1696431527332787,2.9797167593119,-0.8100736065786212,3.4177658480845876,"20334"
"Jovani Moran","MIN","AA",24,37.2,15.292033333292823,3.345132291657805,4.57142857,0.7168140624981011,0.46043165,0.10071942,0.35971223,0.112,0.7433627314795123,0.18965517,0.84033613,1.9115041666616028,2.2317864752625916,-0.3202823086009887,2.0901213507472187,"20422"
"Bryan Sammons","MIN","AA",26,58.2,10.278408199795098,4.44886325065758,2.31034483,1.9943180089154668,0.26377953,0.11417323,0.1496063,0.23181818,1.363636245412285,0.27142857,0.62874251,6.443181259573047,5.8148009876574545,0.6283802719155922,4.987781034308055,"20462"
"Denyi Reyes","BOS","AA",24,57.2,9.832369074970835,1.5606935039636245,6.3,1.5606935039636245,0.25506073,0.04048583,0.2145749,0.27467811,1.2832368810367578,0.3375,0.75,4.213872460701786,4.313118908926216,-0.09924644822442996,3.9357357045394927,"20526"
"Kutter Crawford","BOS","AA",25,46.1,12.431656040949765,0.9712231281992003,12.8,1.3597123794788804,0.37209302,0.02906977,0.34302326,0.19760479,0.8201439749237691,0.27083333,0.74468085,3.302158635877281,3.0406109220029767,0.2615477138743043,2.803237076115834,"20531"
"Jackson Tetreault","WSN","AA",25,55.1,6.993976546503692,3.0903617298504686,2.26315789,1.3012049388844078,0.17916667,0.07916667,0.1,0.25570776,1.3554218113379248,0.28571429,0.79027356,3.7409641992926725,4.979286674256434,-1.2383224749637614,4.999170637332645,"20565"
"Anderson Severino","CHW","AA",26,31.2,9.378946426898914,7.105262444620389,1.32,0,0.24444444,0.18518519,0.05925926,0.17592593,1.389473544725765,0.25333333,0.69565217,3.126315475632971,3.8752239178422467,-0.7489084422092755,5.149627000050194,"20582"
"Elvis Luciano","TOR","AA",21,37,8.27027027027027,4.378378378378378,1.88888889,0.972972972972973,0.21656051,0.11464968,0.10191083,0.25179856,1.4324324324324325,0.30693069,0.78059072,3.1621621621621623,4.542458145038502,-1.3802959828763397,4.663316898893665,"20632"
"Cristofer Ogando","TBR","AA",27,36.2,12.763634593112656,3.681817671090189,3.46666667,0.9818180456240504,0.34210526,0.09868421,0.24342105,0.18518519,1.0909089395822782,0.26582278,0.65934066,3.681817671090189,3.3742670313779968,0.3075506397121921,3.364880035890714,"20667"
"Humberto Mejia","ARI","AA",24,32,10.40625,2.8125,3.7,1.96875,0.27819549,0.07518797,0.20300752,0.22131148,1.15625,0.25641026,0.63829787,4.21875,5.042073917388916,-0.8233239173889162,4.025478895101696,"20739"
"Elvin Rodriguez","DET","AA",23,75.2,9.515419781443024,3.4493396707730963,2.75862069,2.1409694508246804,0.24242424,0.08787879,0.15454546,0.23549488,1.295154359140856,0.26153846,0.66831683,5.828194616133852,5.96036536741003,-0.1321707512761776,5.044629656461013,"20962"
"Adrian Martinez","SDP","AA",24,80.2,9.260331746292964,2.677686288084713,3.45833333,0.4462810480141188,0.25382263,0.0733945,0.18042813,0.2147651,1.090909228478957,0.28436019,0.81235698,2.3429755020741236,3.144863131378327,-0.8018876293042032,4.081664552538456,"21023"
"Oliver Ortega","LAA","AA",24,30.2,13.499998600586746,3.8152169958179933,3.53846154,0.8804346913426139,0.33093525,0.09352518,0.23741007,0.264,1.4999998445096385,0.39473684,0.44392523,6.1630428393982974,3.042844139876119,3.1201986995221787,3.1397032294220537,"21025"
"Luis Gil","NYY","AA",23,30.2,14.673911522376898,3.8152169958179933,3.84615385,0.5869564608950759,0.38461538,0.1,0.28461538,0.20512821,1.2065216140621005,0.33846154,0.76023392,2.6413040740278415,2.3741268884932714,0.26717718553457015,3.3677715863388036,"21052"
"Alexis Diaz","CIN","AA",24,42.1,14.88189155180822,4.251969014802349,3.5,0.42519690148023487,0.38888889,0.11111111,0.27777778,0.19230769,1.1811025041117635,0.33333333,0.6640625,3.826772113322114,2.4094136514136726,1.4173584619084414,3.1679834996197163,"21132"
"J.P. France","HOU","AA",26,33.2,13.366334614316035,3.7425736920084898,3.57142857,0.5346533845726414,0.35211268,0.09859155,0.25352113,0.21875,1.24752456400283,0.34210526,0.6377551,4.2772270765811315,2.529079011481998,1.7481480650991337,3.388248762771186,"21212"
"Jonathan Bermudez","HOU","AA",25,78.2,12.127120212247197,2.402542683558407,5.04761905,0.8008475611861356,0.32317073,0.06402439,0.25914634,0.23684211,1.182203542703343,0.34031414,0.73085847,3.317797039199705,2.8566924809108105,0.4611045582888944,3.1638891129471944,"21241"
"Andre Jackson","LAD","AA",25,63.1,10.657895592771478,2.8421054914057273,3.75,1.7052632948434363,0.29644269,0.07905138,0.2173913,0.20087336,1.0421053468487667,0.23943662,0.86466165,3.268421315116586,4.711152963664731,-1.4427316485481452,4.122358788252795,"21298"
"Jacob Latz","TEX","AA",25,63.1,11.936843063904055,3.9789476879680183,3,1.2789474711325772,0.30882353,0.10294118,0.20588235,0.22821577,1.3105264210370853,0.31081081,0.626703,4.68947406081945,4.142731865383586,0.546742195435864,3.9738981471397388,"21306"
"Parker Mushinski","HOU","AA",25,52.1,11.350319574472179,3.4394907801430845,3.3,0.5159236170214627,0.29333333,0.08888889,0.20444445,0.25490196,1.3757963120572339,0.36296296,0.625,3.783439858157393,2.9063254540317356,0.8771144041256576,3.5830460120116285,"21324"
"Glenn Otto Jr.","NYY","AA",25,65.1,14.188776614814028,1.9285715787125863,7.35714286,0.8265306765911085,0.40711462,0.05533597,0.35177866,0.19409283,0.9183674184345649,0.3125,0.72761194,3.168367593599249,2.2909412267653884,0.8774263668338604,2.46563984235587,"21366"
"Peter Strzelecki","MIL","AA",26,47,12.446808510638299,3.25531914893617,3.82352941,0.9574468085106383,0.32663317,0.08542714,0.24120603,0.23595506,1.2553191489361701,0.34259259,0.78571429,3.4468085106382977,3.3589865633781923,0.08782194726010539,3.693288761440744,"21367"
"Ryan Feltner","COL","AA",24,72.2,9.908258267780026,2.7247710236395073,3.63636364,0.8669725984307524,0.26845638,0.0738255,0.19463087,0.24727273,1.2385322834725032,0.32446809,0.83743842,2.8486242519867577,3.515431118011475,-0.6668068660247171,4.011690241497501,"21446"
"Konnor Pilkington","CHW","AA",23,100.2,10.728476279127296,3.4867547907163714,3.07692308,0.9834436589200022,0.30848329,0.10025707,0.20822622,0.17681159,0.9933774332525275,0.23364486,0.78125,3.039734945752734,3.792968211456345,-0.7532332657036109,3.624755671539037,"21453"
"Cole Sands","MIN","AA",23,80.1,10.75518740295077,3.921162073992469,2.74285714,0.6721992126844232,0.28742515,0.10479042,0.18263473,0.20068027,1.1701245554136257,0.27604167,0.79470199,2.464730446509552,3.5542627187982965,-1.0895322722887446,4.413909555876384,"21461"
"Sean Hjelle","SFG","AA",24,65.2,9.456854256854257,2.6040613171047955,3.63157895,1.0964468703599137,0.25182482,0.06934307,0.18248175,0.23809524,1.2030458716449055,0.29714286,0.70621469,3.152284752284752,4.002740838171436,-0.8504560858866843,3.5417311952473063,"21481"
"James McArthur","PHI","AA",24,74.1,9.443946834543464,2.784753553775637,3.39130435,1.0896861732165537,0.24375,0.071875,0.171875,0.25605536,1.3049328247161198,0.32178218,0.69264069,4.479820934334721,4.24188856682251,0.2379323675122107,4.124008289172178,"21527"
"Reiss Knehr","SDP","AA",24,55.1,7.481928398585345,3.5783135819321212,2.09090909,0.6506024694422039,0.20444444,0.09777778,0.10666667,0.20812183,1.1385543215238567,0.25170068,0.70977918,3.9036148166532234,4.274754713373832,-0.3711398967206083,5.000048253709089,"21541"
"Justin Hagenman","LAD","AA",24,62.2,11.058509740747514,2.585106173161756,4.27777778,0.8617020577205855,0.30314961,0.07086614,0.23228347,0.22978723,1.1489360769607806,0.31578947,0.74303406,3.446808230882342,3.176382452635377,0.270425778246965,3.4301807116303866,"21546"
"Luis Medina","NYY","AA",22,73.2,10.140272893468644,5.009050465448366,2.02439024,0.8552037380033796,0.26100629,0.12893082,0.13207547,0.23636364,1.438914225846956,0.31351351,0.74338086,3.665158877157341,4.248462893442943,-0.5833040162856018,4.205634583602711,"21649"
"Javier Assad","CHC","AA",23,93,7.161290322580645,3.096774193548387,2.3125,1.1612903225806452,0.17661098,0.07637232,0.10023866,0.29365079,1.5376344086021505,0.3390411,0.62869822,5.32258064516129,4.810141905405189,0.5124387397561012,5.111473341366296,"21741"
"Cole Ragans","TEX","AA",23,36.1,8.174313070918522,4.954129133890013,1.65,1.9816516535560054,0.19879518,0.12048193,0.07831325,0.27083333,1.6238534383306154,0.30097087,0.68273092,5.6972485039735155,6.341959639192035,-0.64471113521852,5.9178127610842814,"21846"
"Jordan Balazovic","MIN","AA",22,97,9.463917525773196,3.5257731958762886,2.68421053,0.8350515463917526,0.23776224,0.08857809,0.14918415,0.25388601,1.402061855670103,0.32363636,0.72429907,3.618556701030928,3.912563608110566,-0.29400690707963806,4.277240427437517,"21866"
"Joel Peguero","TBR","AA",24,54,8,3.6666666666666665,2.18181818,0.3333333333333333,0.20512821,0.09401709,0.11111111,0.25480769,1.3888888888888888,0.32278481,0.6167979,4.5,3.549687903015702,0.9503120969842982,3.8753284546236197,"21951"
"Yerry Rodriguez","TEX","AA",23,51.1,11.045455639871934,3.681818546623978,3,0.5259740780891397,0.29577465,0.09859155,0.1971831,0.20320856,1.1493507632318238,0.2892562,0.80267559,2.6298703904456984,3.304249224692536,-0.6743788342468378,4.132213962688017,"21955"
"Max Castillo","TOR","AA",22,102,7.852941176470588,3.088235294117647,2.54285714,1.0588235294117647,0.20181406,0.07936508,0.12244898,0.26368159,1.3823529411764706,0.31229236,0.66302652,4.852941176470588,4.446803667031083,0.406137509439505,4.778253732665497,"21956"
"Luis Frias","ARI","AA",23,78.2,10.411018295419764,2.860169861379056,3.64,1.8305087112825957,0.27575758,0.07575758,0.2,0.22697368,1.1949154087539167,0.26903553,0.5922865,5.262712544937463,4.801607986648569,0.46110455828889396,3.914311579295559,"21997"
"Kyle Tyler","LAA","AA",24,72,9.125,2.75,3.31818182,1,0.24333333,0.07333333,0.17,0.23272727,1.1944444444444444,0.28865979,0.74550129,3.375,3.8598730882008874,-0.48487308820088737,3.917572427561714,"22092"
"Cole Winn","TEX","AA",21,78,11.192307692307692,3,3.73076923,0.6923076923076923,0.3277027,0.08783784,0.23986487,0.14285714,0.8205128205128205,0.19631902,0.7885906,2.3076923076923075,3.1462405840555827,-0.8385482763632752,3.8953120157122614,"22113"
"Easton McGee","TBR","AA",23,79.2,8.246862977716674,1.4686194343879009,5.61538462,1.1297072572214624,0.22256098,0.03963415,0.18292683,0.2483871,1.1297072572214624,0.29515419,0.67901235,4.066946125997264,3.8785272634721712,0.18841886252509266,3.6043140790939967,"22176"
"Hunter Greene","CIN","AA",21,41,13.170731707317072,3.073170731707317,4.28571429,0.43902439024390244,0.37037037,0.08641975,0.28395062,0.1862069,1,0.30120482,0.84951456,1.975609756097561,2.3527592670626762,-0.3771495109651153,2.8210235073799046,"22182"
"Tobias Myers","TBR","AA",22,59.2,12.217876053463723,1.5083797596868795,8.1,1.2067038077495036,0.34177215,0.04219409,0.29957806,0.21875,0.9888267313502876,0.3037037,0.76771654,3.3184354713111346,3.083104027822546,0.23533144348858848,2.773968895082081,"22191"
"Hans Crouse","PHI","AA",22,80.2,10.264462405415117,3.458677549650746,2.96774194,0.8925619482969667,0.29022082,0.0977918,0.19242902,0.18085106,1.0165288855604342,0.23626374,0.76203209,3.1239668190393832,3.8026784137360403,-0.6787115946966571,4.506860944147501,"22192"
"DL Hall","BAL","AA",22,31.2,15.915787875949672,4.547367964557049,3.5,1.1368419911392622,0.4375,0.125,0.3125,0.14545455,1.010526214346011,0.24,0.80985915,3.126315475632971,3.325957452821598,-0.19964197718862664,2.327828658813799,"22207"
"Mac Sceroler","CIN","AA",26,36.1,9.412845354391026,2.7247710236395073,3.45454545,1.7339451968615047,0.21965318,0.06358382,0.15606936,0.30188679,1.6238534383306154,0.35964912,0.44061303,8.422019527613022,4.9703473139327246,3.4516722136802978,4.864911874594635,"22218"
"Jonathan Heasley","KCR","AA",24,105.1,10.253165052059755,2.905063431416931,3.52941176,1.5379747578089633,0.27713626,0.07852194,0.19861432,0.24234694,1.224683603440471,0.30314961,0.84837545,3.3322786419194204,4.59033346469539,-1.2580548227759696,4.235918741262841,"22224"
"Shane Baz","TBR","AA",22,32.2,13.499997898024283,0.5510203223683381,24.5,0.8265304835525071,0.40833333,0.01666667,0.39166667,0.18965517,0.7346937631577841,0.296875,0.77981651,2.479591450657521,1.96276446868356,0.5168269819739613,1.8560308972185169,"22264"
"A.J. Alexy","TEX","AA",23,50.1,10.192054010055644,3.7549672668626055,2.71428571,0.715231860354782,0.28787879,0.10606061,0.18181818,0.1734104,1.013245135502608,0.23214286,0.93117409,1.6092716857982596,3.737852089183699,-2.128580403385439,4.359189350333258,"22343"
"Josh Winckowski","BOS","AA",23,100,7.92,2.7,2.93333333,0.9,0.20465116,0.06976744,0.13488372,0.25125628,1.3,0.3,0.66101695,4.14,4.015431118011475,0.1245688819885249,4.378211127072573,"22387"
"Angel Zerpa","KCR","AA",21,45.1,10.72058943811186,3.7720592467430616,2.84210526,1.3897060382737596,0.27,0.095,0.175,0.28333333,1.5441178203041772,0.3697479,0.66993464,5.955883021173255,4.428103435575768,1.5277795855974876,3.7105068687432112,"22717"
"Roansy Contreras","PIT","AA",21,54.1,12.588958233694836,1.9877302474255003,6.33333333,0.8282209364272918,0.34862385,0.05504587,0.29357798,0.18226601,0.9018405752208288,0.26229508,0.68888889,2.6503069965673336,2.7424249106793357,-0.0921179141120021,2.9319163122865355,"22810"
"Francisco Morales","PHI","AA",21,83,11.927710843373495,6.506024096385542,1.83333333,1.1927710843373494,0.28205128,0.15384615,0.12820513,0.23529412,1.6385542168674698,0.32178218,0.55642633,6.9397590361445785,5.0094070216259325,1.930352014518646,4.8551758412675685,"22913"
"Osvaldo Bido","PIT","AA",25,93.2,8.743773191597088,3.1708188497000425,2.75757576,1.249110455942441,0.22087379,0.08009709,0.1407767,0.25606469,1.3665481911165167,0.3071161,0.63667233,5.092527243457644,4.689808469752231,0.40271877370541276,4.995693292555061,"23150"
"Michael Plassmeyer","TBR","AA",24,109.1,10.207317726091611,1.8932928040331216,5.39130435,1.2347561765433401,0.26495726,0.0491453,0.21581197,0.2675737,1.2896342288341551,0.3410596,0.65322581,4.692073470864693,3.740625240934643,0.9514482299300497,3.865968390075627,"23191"
"Michael Grove","LAD","AA",24,71,11.154929577464788,5.323943661971831,2.0952381,2.408450704225352,0.26035503,0.12426036,0.13609467,0.28813559,1.7887323943661972,0.35106383,0.65088757,7.859154929577465,6.29647532583962,1.5626796037378448,5.063528819571079,"23221"
"Janson Junk","LAA","AA",25,93,9.387098121841735,2.6129036009250193,3.59259259,1.0645162818583411,0.25866667,0.072,0.18666667,0.21613833,1.0967743510055636,0.26778243,0.78767123,2.806452015808354,3.8367964304861006,-1.0303444146777467,4.035803134448344,"23301"
"Collin Snider","KCR","AA",25,36.1,10.155964724474527,3.4678903937230094,2.92857143,0.24770645669450067,0.26973684,0.09210526,0.17763158,0.23703704,1.2660552231052256,0.33333333,0.77731092,2.972477480334008,2.984161003999915,-0.011683523665906748,3.9917765412439294,"23307"
"Jose Butto","NYM","AA",23,40.1,11.15702620035297,2.0082647160635347,5.55555556,1.3388431440423565,0.2994012,0.05389222,0.24550898,0.21568627,1.0413224453662773,0.27835052,0.82901554,3.1239673360988314,4.011298949138274,-0.8873316130394424,3.4775412097451035,"23313"
"Freddy Tarnok","ATL","AA",22,45,12.2,3,4.06666667,0.4,0.33701657,0.08287293,0.25414365,0.21084337,1.1111111111111112,0.32038835,0.74152542,2.6,2.2682064215342206,0.3317935784657795,3.448161071373357,"23324"
"Robert Garcia","KCR","AA",25,48,11.25,4.3125,2.60869565,1.3125,0.27777778,0.10648148,0.1712963,0.2565445,1.5,0.33870968,0.66978193,5.625,4.43790725072225,1.1870927492777499,4.203123897127808,"23363"
"JP Sears","NYY","AA",25,50.2,12.611840839201191,3.197368100079175,3.94444444,1.0657893666930582,0.33649289,0.08530806,0.25118483,0.23809524,1.2434209278085682,0.34821429,0.7337884,4.0855259056567235,3.554904798259366,0.5306211073973577,3.1609660406716795,"23429"
"Brandon Hughes","CHC","AA",25,30.2,12.619563909244132,3.8152169958179933,3.30769231,0.8804346913426139,0.33333333,0.10077519,0.23255814,0.21238938,1.2065216140621005,0.31343284,0.92178771,1.7608693826852277,3.4341484471395027,-1.673279064454275,4.00475302873803,"23460"
"Tommy Romero","TBR","AA",23,48,14.0625,1.875,7.5,0.5625,0.39267016,0.05235602,0.34031414,0.2,0.9583333333333334,0.32352941,0.79439252,1.875,1.7765397548675543,0.09846024513244567,2.141092719789595,"23465"
"Cam Sanders","CHC","AA",24,89.2,10.739778170081856,4.416357378351417,2.43181818,1.6059481375823337,0.27720207,0.11398964,0.16321244,0.22289157,1.3159852794077456,0.27751196,0.68181818,5.31970320574148,5.141316903915082,0.17838630182639825,4.441859195820363,"23479"
"Ron Marinaccio","NYY","AA",25,39.2,14.521006541403565,4.310923816979184,3.36842105,0.4537814544188614,0.41290323,0.12258065,0.29032258,0.12781955,0.9075629088377228,0.2238806,0.85635359,1.8151258176754457,2.607868209173752,-0.7927423914983063,3.2969719810022724,"23488"
"Josh Walker","NYM","AA",26,44.1,8.526316767678715,1.421052794613119,6,0.6090226262627654,0.24705882,0.04117647,0.20588235,0.19631902,0.8796993490462166,0.24576271,0.63218391,2.6390980471386496,2.9740776724445723,-0.33497962530592273,3.757394412033362,"23617"
"Omar Cruz","PIT","AA",22,70.2,7.641510533964126,2.801887195786846,2.72727273,0.7641510533964126,0.19933555,0.0730897,0.12624585,0.25641026,1.3018869798605548,0.30917874,0.73660714,3.438679740283857,4.109770826208685,-0.6710910859248278,5.137007724746,"23875"
"Brayan Bello","BOS","AA",22,63.2,12.298428336863227,3.3926698860312348,3.625,0.7068062262565072,0.31071429,0.08571429,0.225,0.26190476,1.4136124525130145,0.38125,0.68965517,4.664921093292948,3.122760992313415,1.5421601009795332,3.3337508073215583,"23920"
"Ronny Henriquez","TEX","AA",21,69.2,10.076556495273206,2.1961725694826217,4.58823529,1.937799326014078,0.26804124,0.05841924,0.20962199,0.23897059,1.1770336646900326,0.27932961,0.66666667,5.038278247636603,4.857564549221149,0.18071369841545337,4.0168118666849155,"24094"
"Grayson Rodriguez","BAL","AA",21,79.2,13.669457812379694,2.485355965887217,5.5,0.9037658057771698,0.39032258,0.07096774,0.31935484,0.16491228,0.8661088972031211,0.25,0.75657895,2.5983266916093632,2.724636037956451,-0.1263093463470879,2.718756356910812,"24492"
"Simeon Woods Richardson","TOR","AA",20,53.1,12.993751239180684,5.737500547170691,2.26470588,0.8437500804662781,0.32083333,0.14166667,0.17916667,0.23414634,1.53750014662744,0.3495935,0.57894737,5.906250563263947,3.8100525660153814,2.096197997248565,4.161584710111961,"24494"
"Drew Rom","BAL","AA",21,40,10.575,2.025,5.22222222,1.35,0.28834356,0.05521472,0.23312884,0.23026316,1.1,0.29292929,0.74468085,3.825,3.9404311180114746,-0.11543111801147443,3.088493388146162,"24602"
"Austin Cox","KCR","AA",24,63,8,3.5714285714285716,2.24,1.1428571428571428,0.21538462,0.09615385,0.11923077,0.22978723,1.253968253968254,0.26900585,0.8259587,3,4.5430659808809795,-1.5430659808809795,5.114036535790989,"24604"
"Josh Winder","MIN","AA",24,54.2,10.701218516538805,1.6463413102367392,6.5,0.8231706551183696,0.3125,0.04807692,0.26442308,0.20707071,0.9329267424674855,0.28125,0.88636364,1.975609572284087,2.839330074519073,-0.8637205022349861,3.17361002483628,"24606"
"Victor Vodnik","ATL","AA",21,33.2,10.96039438373915,5.881187230299056,1.86363636,1.3366334614316036,0.27333333,0.14666667,0.12666667,0.25,1.6039601537179242,0.32926829,0.72340426,5.346533845726414,4.856985079537522,0.489548766188892,4.029092536953114,"24614"
"Gus Varland","LAD","AA",24,34.2,5.711537623546656,4.673076237447264,1.22222222,1.8173074256739359,0.14379085,0.11764706,0.02614379,0.25,1.471153630307472,0.25242718,0.70135747,5.711537623546656,6.6526503749148365,-0.9411127513681805,6.174238111231171,"24737"
"Frank German","BOS","AA",23,84.1,7.68379492982374,3.2015812207598913,2.4,1.2806324883039566,0.18947368,0.07894737,0.11052632,0.28448276,1.529644361029726,0.32954545,0.61295972,5.122529953215826,4.796063606315432,0.32646634690039456,4.843534273555724,"24750"
"Kyle Leahy","STL","AA",24,86.2,6.542308460213114,4.569231305545666,1.43181818,1.7653848225971893,0.1492891,0.1042654,0.0450237,0.34666667,2.007692543345823,0.38305085,0.59399478,8.203847116775174,6.202651160087848,2.001195956687326,5.594801834282208,"24763"
"Ethan Roberts","CHC","AA",23,32,12.65625,2.53125,5,0.5625,0.36290323,0.07258065,0.29032258,0.14285714,0.78125,0.21538462,0.75396825,1.96875,2.526539754867554,-0.5577897548675539,3.17694843984209,"24930"
"Chris Vallimont","MIN","AA",24,91,12.857142857142858,6.032967032967033,2.13114754,1.4835164835164836,0.31100478,0.14593301,0.16507177,0.25633803,1.6703296703296704,0.36190476,0.67669173,6.032967032967033,4.842211280026278,1.1907557529407544,4.841074257565069,"24935"
"Cooper Criswell","LAA","AA",24,70.1,10.876778037755743,1.0236967564946582,10.625,1.1516588510564905,0.29209622,0.02749141,0.26460481,0.2437276,1.0805687985221393,0.31891892,0.69732938,3.710900742293136,3.1598335762507594,0.5510671660423765,3.1488227616849245,"24975"
"Evan Sisk","STL","AA",24,40.1,11.38016618619605,6.024793863280262,1.88888889,0.8925620538192981,0.26020408,0.1377551,0.12244898,0.25153374,1.6859505461031186,0.34259259,0.70175439,4.239669755641666,4.694450046198517,-0.454780290556851,4.766980283238188,"24995"
"Cam Alldred","PIT","AA",24,53.1,8.268750788569525,3.8812503701448793,2.13043478,0.8437500804662781,0.22272727,0.10454545,0.11818182,0.171875,1.0500001001358128,0.20289855,0.81481481,2.5312502413988343,4.47168120920659,-1.9404309678077558,5.135323735584509,"25078"
"Penn Murfee","SEA","AA",27,52.1,10.662421418443563,3.4394907801430845,3.1,1.5477708510643882,0.27074236,0.08733624,0.18340611,0.24509804,1.337579747833422,0.30827068,0.76923077,4.127388936171702,4.778937100998526,-0.6515481648268242,4.202202247640454,"25174"
"Devin Sweet","SEA","AA",24,79.2,10.5062774921596,3.2761510459422407,3.20689655,2.033473062998632,0.26956522,0.08405797,0.18550725,0.25878594,1.3807533143817872,0.31188119,0.77448747,4.744770480330142,5.287105528943256,-0.542335048613114,4.4404269016080145,"25348"
"Jhony Brito","NYY","AA",23,46.2,8.678570482682312,1.7357140965364624,5,1.5428569746990777,0.22613065,0.04522613,0.18090452,0.26737968,1.264285576489522,0.31343284,0.66929134,5.014285167772003,4.586859572663612,0.4274255951083905,3.971767465207362,"25386"
"Brandon Williamson","SEA","AA",23,67.1,12.564357384737026,3.07425765796757,4.08695652,0.9356436350336083,0.32982456,0.08070175,0.24912281,0.24031008,1.2623763329818525,0.35031847,0.70707071,3.475247787267688,3.2419501370629202,0.23329765020476767,3.8376760989056242,"25463"
"Matt Waldron","SDP","AA",24,31.1,8.904256222527708,4.595745147111075,1.9375,0.5744681433888844,0.21527778,0.11111111,0.10416667,0.28,1.6276597396018393,0.35869565,0.60546875,6.606383648972171,4.1497867513426145,2.4565968976295567,5.016391073890661,"25550"
"Nic Enright","CLE","AA",24,39.2,12.70588072372812,2.268907272094307,5.6,1.1344536360471535,0.35220126,0.06289308,0.28930818,0.18918919,0.9579830704398186,0.26436782,0.5625,4.310923816979184,3.162489986796805,1.1484338301823787,3.580229598790452,"25553"
"Matt Brash","SEA","AA",23,55,13.090909090909092,3.7636363636363637,3.47826087,0.4909090909090909,0.36036036,0.1036036,0.25675676,0.16080402,1,0.25,0.78740157,2.1272727272727274,2.534119371934371,-0.40684664466164344,3.2424577788873155,"25756"
"Peyton Battenfield","CLE","AA",23,72,10.25,1.75,5.85714286,1.125,0.29078014,0.04964539,0.24113475,0.18045113,0.8611111111111112,0.22285714,0.73929961,3,3.4718470585446086,-0.4718470585446086,3.3723053285041313,"25777"
"Randy Wynne","CIN","AA",28,89.1,6.750000384316538,1.1082090183206255,6.09090909,1.3097015671061938,0.17268041,0.02835052,0.1443299,0.28150134,1.2985075366181067,0.31399317,0.65815324,4.936567445246423,4.297062193914524,0.6395052513318991,4.573658716470105,"25804"
"Jeff Lindgren","MIA","AA",24,106,7.216981132075472,2.6320754716981134,2.74193548,1.4433962264150944,0.19362187,0.07061503,0.12300683,0.25124378,1.2452830188679245,0.28,0.7793345,3.8207547169811322,4.9298416416600075,-1.1090869246788753,4.718068246754274,"25830"
"Hunter Brown","HOU","AA",22,49.1,13.864866294331556,5.290541085994936,2.62068966,1.094594707447228,0.35023041,0.13364055,0.21658986,0.24193548,1.500000154649905,0.375,0.78402367,4.195946378547707,3.8647090922314593,0.3312372863162478,3.3251511860609786,"25880"
"Beau Brieske","DET","AA",23,44,8.181818181818182,1.6363636363636365,5,0.4090909090909091,0.23255814,0.04651163,0.18604651,0.22360248,1,0.28571429,0.74660633,2.659090909090909,3.0381583907387473,-0.3790674816478381,4.372423409806057,"26079"
"Andre Pallante","STL","AA",22,94.1,7.823321976588056,4.007067353862175,1.95238095,0.7632509245451762,0.1943128,0.09952607,0.09478673,0.272,1.5265018490903524,0.32982456,0.69666183,3.816254622725881,4.33823120750224,-0.5219765847763589,4.249995996027038,"26108"
"Caleb Kilian","CHC","AA",24,78.2,9.152542003027786,1.372881300454168,6.66666667,0.5720338751892367,0.25974026,0.03896104,0.22077922,0.2244898,0.9915253836613436,0.29186603,0.73972603,2.745762600908336,2.819020573467287,-0.07325797255895106,3.3198384607929823,"26213"
"Chris Murphy","BOS","AA",23,33,12.818181818181818,3.5454545454545454,3.61538462,1.0909090909090908,0.34057971,0.0942029,0.24637681,0.24193548,1.303030303030303,0.35616438,0.59895833,5.454545454545454,3.515431118011475,1.9391143365339794,3.5558690913698894,"26214"
"Ryan Pepiot","LAD","AA",23,59.2,12.217876053463723,3.9217873751858865,3.11538462,1.0558658317808156,0.34763948,0.11158798,0.2360515,0.14705882,0.9385474060273916,0.19827586,0.81300813,2.865921543405071,3.747730319111028,-0.8818087757059572,4.093359764035462,"26221"
"Nick Robertson","LAD","AA",22,58.2,9.66477188935957,2.6079543193509953,3.70588235,0.7670453880444104,0.25819672,0.06967213,0.18852459,0.24444444,1.2272726208710565,0.31847134,0.68656716,3.5284087850042876,3.411392105118302,0.11701667988598574,4.145692928075633,"26226"
"Tyler Holton","ARI","AA",25,48.1,10.427587304223138,2.4206899099089427,4.30769231,1.1172414968810507,0.26168224,0.06074766,0.20093458,0.27918782,1.4068966997761378,0.36296296,0.56603774,6.33103514899262,3.831298092332951,2.499737056659669,3.537180528043588,"26231"
"Ryne Nelson","ARI","AA",23,77,12.155844155844155,3.038961038961039,4,1.5194805194805194,0.32911392,0.08227848,0.24683544,0.22916667,1.1948051948051948,0.30994152,0.83113456,3.5064935064935066,4.063989501804501,-0.5574959953109948,3.502909655036865,"26253"
"Drey Jameson","ARI","AA",23,46.1,13.208634543509124,3.496403261517121,3.77777778,1.1654677538390403,0.35051546,0.09278351,0.25773196,0.22093023,1.2086332262034494,0.32653061,0.73643411,4.079137138436641,3.652235806846552,0.42690133159008914,3.2307025077698555,"26260"
"Tommy Henry","ARI","AA",23,115.2,10.504323690393425,4.123919671043345,2.54716981,1.8674353227366092,0.27383367,0.10750507,0.1663286,0.26544622,1.4610952293633654,0.33093525,0.72976879,5.2132569426397,5.295136036716175,-0.08187909407647531,4.23675990058799,"26285"
"Ethan Small","MIL","AA",24,41.1,14.588711472629605,4.57258120783913,3.19047619,0.2177419622780538,0.40853659,0.12804878,0.28048781,0.18439716,1.1370969141187255,0.34246575,0.81932773,1.9596776605024844,2.143475083927688,-0.18379742342520355,2.9615335213481444,"26364"
"Nick Lodolo","CIN","AA",23,44,13.909090909090908,1.8409090909090908,7.55555556,0.20454545454545456,0.39306358,0.05202312,0.34104046,0.19620253,0.9090909090909091,0.33707865,0.82959641,1.8409090909090908,1.6288124821402812,0.21209660876880965,2.2505420651964165,"26378"
"Jayden Murray","TBR","AA",24,38.1,10.095653513456064,1.643478478934708,6.14285714,1.4086958390868927,0.29655172,0.04827586,0.24827586,0.15555556,0.730434879526537,0.1744186,0.79646018,2.8173916781737853,3.975452874495547,-1.1580611963217615,3.5829880897510433,"26482"
"Reid Detmers","LAA","AA",21,54,16.166666666666668,3,5.38888889,1.6666666666666667,0.43111111,0.08,0.35111111,0.2184466,1.1666666666666667,0.35353535,0.8,3.5,3.271910125237924,0.22808987476207587,2.329279740844612,"27468"
"Cade Cavalli","WSN","AA",22,58,12.413793103448276,5.431034482758621,2.28571429,0.3103448275862069,0.32921811,0.14403292,0.18518519,0.1875,1.2758620689655173,0.29365079,0.77247191,2.793103448275862,3.015431118011475,-0.2223276697356127,3.838311085901384,"27473"
"Max Meyer","MIA","AA",22,101,10.069306930693068,3.5643564356435644,2.825,0.6237623762376238,0.27163462,0.09615385,0.17548077,0.22520107,1.2277227722772277,0.30434783,0.78498294,2.405940594059406,3.342133814273495,-0.936193220214089,3.607874574976983,"27474"
"Bryce Jarvis","ARI","AA",23,35,10.285714285714286,4.371428571428571,2.35294118,2.057142857142857,0.26315789,0.11184211,0.15131579,0.24242424,1.4,0.28571429,0.73529412,5.6571428571428575,5.879573917388916,-0.2224310602460582,4.274952186431204,"27477"
"Karl Kauffmann","COL","AA",23,82,7.134146341463414,4.5,1.58536585,1.975609756097561,0.15970516,0.1007371,0.05896806,0.34166667,2,0.37906137,0.6698895,7.353658536585366,6.503235996060256,0.85042254052511,5.0269377983197945,"27488"
"Spencer Strider","ATL","AA",22,63,13.428571428571429,4.142857142857143,3.24137931,0.8571428571428571,0.35338346,0.10902256,0.2443609,0.20779221,1.2222222222222223,0.32061069,0.65683646,4.714285714285714,3.3221746755024744,1.39211103878324,3.7751922686421686,"27498"
"Jared Koenig","OAK","AA",27,121.1,7.417582728525632,3.189560573266022,2.3255814,1.0384615819935885,0.1980198,0.08514851,0.11287129,0.23736264,1.244505546674856,0.27565982,0.73699422,3.263736400551278,4.567486050906009,-1.3037496503547308,4.878213074811806,"27517"
"Graham Ashcraft","CIN","AA",23,72.1,9.207373919324315,2.9861753251862644,3.08333333,0.4976958875310441,0.25255973,0.08191126,0.17064846,0.21804511,1.1336406327096005,0.28723404,0.69269521,3.3594472408345477,3.1941664683962854,0.16528077243826234,3.457208960328596,"27552"
"Hayden Wesneski","NYY","AA",23,83,9.975903614457831,2.3855421686746987,4.18181818,1.1927710843373494,0.26744186,0.06395349,0.20348837,0.23974763,1.180722891566265,0.30373832,0.71917808,4.0120481927710845,3.997358828854848,0.014689363916236431,3.786429080331182,"27581"
"Davis Daniel","LAA","AA",24,47,12.638297872340425,1.5319148936170213,8.25,0.7659574468085106,0.34375,0.04166667,0.30208333,0.21787709,1,0.32110092,0.79741379,2.6808510638297873,2.529199329335639,0.15165173449414837,2.968369179932361,"27582"
"Logan Allen","CLE","AA",22,60,11.4,1.95,5.84615385,1.35,0.32900433,0.05627706,0.27272727,0.18604651,0.8833333333333333,0.23846154,0.82949309,2.85,3.7320977846781416,-0.8820977846781415,3.533768548940619,"27589"
"Jake Eder","MIA","AA",22,71.1,12.490655096225566,3.406542298970609,3.66666667,0.37850469988562324,0.34494774,0.09407666,0.25087108,0.16796875,0.9813084811849492,0.25974026,0.78796562,1.7663552661329085,2.4763060440360305,-0.709950777903122,3.1742045560387777,"27590"
"Cody Bradford","TEX","AA",23,34.2,10.644229207518768,1.0384613860993919,10.25,0.25961534652484797,0.28082192,0.02739726,0.25342466,0.29078014,1.29807673262424,0.4040404,0.62780269,3.89423019787272,1.9218818382398284,1.9723483596328915,3.284595463261286,"27597"
"Ken Waldichuk","NYY","AA",23,79.1,12.252101625849724,4.31092464613231,2.84210526,1.4747900105189482,0.31764706,0.11176471,0.20588235,0.21621622,1.285714368144724,0.29142857,0.71269488,4.197479260707776,4.5868597581320785,-0.3893804974243027,4.0186769967459695,"27681"
"Kyle Nicolas","MIA","AA",22,39.1,11.440679445516224,5.720339722758112,2,0.6864407667309734,0.2994012,0.1497006,0.1497006,0.16546763,1.220339140855064,0.23255814,0.85470085,2.516949478013569,3.9862855931939385,-1.4693361151803694,5.005725366784615,"27775"
"Bryce Elder","ATL","AA",22,56,9.642857142857142,2.732142857142857,3.52941176,1.125,0.27522936,0.07798165,0.19724771,0.1969697,1,0.24427481,0.79268293,3.2142857142857144,3.9551111834389827,-0.7408254691532683,3.1660590034244316,"27779"
"Brandon Pfaadt","ARI","AA",22,33.1,9.720001483154523,1.8900002883911573,5.14285714,3.2400004943848413,0.25352113,0.04929577,0.20422535,0.2761194,1.3200002014160463,0.29069767,0.95744681,4.590000700378525,6.719574411773758,-2.129573711395233,4.272025211076457,"27782"
"Zach Greene","NYY","AA",24,39.1,13.27118815679882,2.974576655834218,4.46153846,0.9152543556412979,0.35582822,0.0797546,0.27607362,0.22297297,1.1694916766527694,0.3372093,0.68396226,3.6610174225651915,3.0323802080896787,0.6286372144755128,3.225831792371037,"sa1119415"
"Ryan Smith","LAA","AA",23,33.2,9.623760922307545,2.1386135382905658,4.5,1.3366334614316036,0.24657534,0.05479452,0.19178082,0.30434783,1.4851482904795594,0.3814433,0.74418605,4.2772270765811315,3.906490173630604,0.37073690295052764,3.845763011942905,"sa1159711"
"Adam Leverett","PHI","AA",22,36,9,3.25,2.76923077,1.25,0.2278481,0.08227848,0.14556962,0.26760563,1.4166666666666667,0.32673267,0.63829787,5.5,4.654320006900363,0.8456799930996368,4.591720435685582,"sa1169991"
"Trey McGough","PIT","AA",23,95,7.294736842105263,1.9894736842105263,3.66666667,0.6631578947368421,0.19693095,0.05370844,0.14322251,0.24119241,1.1578947368421053,0.2877193,0.71146245,3.4105263157894736,3.547010065379896,-0.1364837495904223,4.40545893327186,"sa1170436"
"Luis Quinones","TOR","AA",23,36.1,12.633029291419534,6.440367874057017,1.96153846,0.9908258267780027,0.31481481,0.16049383,0.15432099,0.18796992,1.403669921268837,0.26923077,0.66115702,5.201835590584514,4.5337798844221995,0.6680557061623142,5.174945988587178,"sa1170867"
"Blake Battenfield","CHW","AA",26,106,6.7075471698113205,1.7830188679245282,3.76190476,1.2735849056603774,0.1695279,0.04506438,0.12446352,0.28893905,1.4056603773584906,0.32378223,0.62307692,4.754716981132075,4.401539754867555,0.3531772262645205,4.572107837278889,"sa3002734"
"J.B. Olson","CHW","AA",26,43,6.906976744186046,1.4651162790697674,4.71428571,1.0465116279069768,0.17368421,0.03684211,0.13684211,0.30939227,1.4651162790697674,0.35664336,0.56896552,6.27906976744186,4.006190917658251,2.272878849783609,3.7334014800745385,"sa3002779"
"Gerardo Carrillo","LAD","AA",22,96.1,10.08996593065973,4.671280523453579,2.16,1.307958546567002,0.24324324,0.11261261,0.13063063,0.23989218,1.4429066505778831,0.30120482,0.72331461,4.76470613392265,5.413761387224428,-0.6490552533017775,4.767080356794586,"sa3002790"
"Jose E. Martinez","LAD","AA",22,32.2,6.0612235460517185,3.3061219342100285,1.83333333,1.9285711282891833,0.12790698,0.06976744,0.05813954,0.36942675,2.142856809210204,0.3984375,0.53797468,7.438774351972564,6.295900009493755,1.1428743424788097,5.517005412412868,"sa3002796"
"Yefri Del Rosario","KCR","AA",21,70.2,9.933963694153364,4.457547811479073,2.22857143,1.5283021067928253,0.24,0.10769231,0.13230769,0.27816901,1.6132077793924267,0.34536082,0.66860465,5.9858499182718985,5.220140205680745,0.7657097125911534,4.968244296508924,"sa3002971"
"Noe Toribio","PIT","AA",21,50,7.2,2.34,3.07692308,0.9,0.1843318,0.05990783,0.12442396,0.23350254,1.18,0.26973684,0.62711864,4.32,4.415431118011475,-0.09543111801147486,4.58997188076377,"sa3003041"
"Victor Santos","PHI","AA",20,66,8.181818418266367,1.3636364030443944,6,0.954545482131076,0.22222222,0.03703704,0.18518519,0.23255814,1.0606060912567512,0.27748691,0.80385852,2.7272728060887887,3.62149172713715,-0.8942189210483611,4.001504898075227,"sa3003083"
"John Parke","CHW","AA",26,58,7.448275862068965,3.2586206896551726,2.28571429,0.7758620689655172,0.19047619,0.08333333,0.10714286,0.24782609,1.3448275862068966,0.29378531,0.625,4.655172413793103,4.004988030729622,0.6501843830634808,4.220224499291387,"sa3003988"
"Graham Spraker","TOR","AA",26,42.2,13.078123440966197,4.85156192164875,2.69565217,1.0546873742714673,0.34636872,0.12849162,0.2178771,0.18831169,1.2187498547136957,0.27586207,0.85106383,2.7421871731058154,3.890431073307996,-1.1482439002021807,4.168501952099086,"sa3004024"
"Addison Russ","NYY","AA",26,33,11.454545454545455,3.5454545454545454,3.23076923,0.8181818181818182,0.32307692,0.1,0.22307692,0.19827586,1.0909090909090908,0.28169014,0.88414634,1.9090909090909092,3.424522027102384,-1.5154311180114748,3.8113642311908986,"sa3004106"
"Matt Hardy","MIL","AA",25,42.1,11.055119438486107,4.0393705640622315,2.73684211,1.7007876059209395,0.29714286,0.10857143,0.18857143,0.22580645,1.2755907044407047,0.28421053,0.77625571,3.826772113322114,4.81886275980167,-0.9920906464795558,3.467990422359776,"sa3004120"
"Ivan Pelaez","TBR","AA",27,54.2,8.231706551183695,1.975609572284087,4.16666667,1.3170730481893913,0.20920502,0.05020921,0.15899582,0.28125,1.3719510918639493,0.3313253,0.55389222,5.432926323781239,4.297881134885334,1.135045188895905,3.7242406329780002,"sa3004441"
"Fred Schlichtholz","SDP","AA",25,30.1,7.417583194940503,4.7472532447619225,1.5625,0.8901099833928604,0.18518519,0.11851852,0.06666667,0.27118644,1.582417748253974,0.32222222,0.64732143,5.934066555952403,4.798255374267228,1.1358111816851748,5.615320928751455,"sa3004455"
"Robbie Hitt","MIL","AA",25,42.1,9.99212718478552,4.251969014802349,2.35,0.8503938029604697,0.2513369,0.10695187,0.14438503,0.2037037,1.2519686543584694,0.26126126,0.76335878,2.9763783103616444,4.181067407581318,-1.2046890972196733,4.439859216177925,"sa3004463"
"Will Latcham","ATL","AA",25,38.2,9.310343602891646,4.655171801445823,2,0.6982757702168734,0.23255814,0.11627907,0.11627907,0.22666667,1.3965515404337467,0.28971963,0.67567568,4.189654621301241,4.048091393957251,0.14156322734398952,4.542387528482681,"sa3004470"
"Billy Lescher","DET","AA",25,31.1,11.48936286777769,3.1595747886388645,3.63636364,1.4361703584722112,0.3030303,0.08333333,0.21969697,0.23966942,1.276595874197521,0.31578947,0.63636364,4.595745147111075,4.089899261400359,0.5058458857107162,3.76765817041177,"sa3004471"
"Matt Seelinger","SFG","AA",26,41,14.048780487804878,6.804878048780488,2.06451613,1.3170731707317074,0.35555556,0.17222222,0.18333333,0.20805369,1.5121951219512195,0.3164557,0.87686567,3.073170731707317,4.564211605816354,-1.4910408741090366,4.230432967332805,"sa3004483"
"Nick Kuzia","SDP","AA",25,46.2,11.571427310243083,4.435713802259849,2.60869565,0.9642856091869235,0.3125,0.11979167,0.19270833,0.18292683,1.1357141619312654,0.25252525,0.70588235,3.4714281930729247,4.101002421087156,-0.6295742280142309,3.8851178588316913,"sa3004493"
"Kyle Johnston","TOR","AA",24,51.2,7.1419347807917655,4.529031812209412,1.57692308,0.3483870624776471,0.19158879,0.12149533,0.07009346,0.22043011,1.29677406588902,0.27272727,0.89123867,1.7419353123882355,4.05736654853226,-2.315431236144024,4.890032085527202,"sa3004571"
"Dominic LoBrutto","BOS","AA",25,38.2,8.844826422747063,3.258620261012076,2.71428571,0.6982757702168734,0.21468927,0.07909605,0.13559322,0.30625,1.629310130506038,0.38655462,0.64724919,5.353447571662696,3.8775000359017056,1.4759475357609904,4.167081006836084,"sa3004573"
"Brody Rodning","TOR","AA",25,40.1,9.595042532303554,4.0165294321270695,2.38888889,0.4462810480141188,0.22164948,0.09278351,0.12886598,0.3,1.7107440173874553,0.392,0.60941828,5.578513100176485,3.812951816687554,1.765561283488931,4.8406973163909885,"sa3004591"
"Joey Marciano","SFG","AA",26,46.2,11.378570188405698,3.0857139493981554,3.6875,0.7714284873495388,0.30729167,0.08333333,0.22395833,0.21590909,1.1571427310243083,0.30088496,0.66115702,3.0857139493981554,3.1297168743367054,-0.04400292493855007,3.4608396224040745,"sa3004637"
"Shawn Semple","NYY","AA",25,64.2,10.298970692266199,2.922680872129597,3.52380952,0.9742269573765324,0.27819549,0.07894737,0.19924812,0.21311475,1.128866156960109,0.27607362,0.66978193,3.7577325498809104,3.6546063976366936,0.10312615224421684,3.945424386891678,"sa3004661"
"Rio Gomez","BOS","AA",26,39.1,11.440679445516224,2.7457630669238937,4.16666667,0.6864407667309734,0.31055901,0.07453416,0.23602485,0.25,1.245762872956211,0.35789474,0.74235808,3.4322038336548673,2.9561090117862374,0.47609482186862984,3.400306710564561,"sa3004676"
"Hayden Deal","ATL","AA",26,88.1,7.335849479004452,3.362264344543707,2.18181818,0.5094339915975314,0.192,0.088,0.104,0.24324324,1.2905661120470795,0.296875,0.71551724,3.7698115378217323,3.9336152572027534,-0.16380371938102112,4.5683508216387,"sa3004680"
"Cody Beckman","MIL","AA",26,46.2,10.22142745738139,5.785713655121541,1.76666667,1.1571427310243083,0.23873874,0.13513514,0.1036036,0.26595745,1.7142855274434197,0.34108527,0.63492063,6.364285020633695,4.987253867752717,1.3770311528809787,5.0453725037527155,"sa3004698"
"Aaron Leasher","SDP","AA",25,52.2,8.886075091197814,3.5886072483683478,2.47619048,0.6835442377844472,0.23853211,0.09633028,0.14220184,0.21649485,1.1962024161227827,0.27536232,0.7615894,2.5632908916916772,3.859320716158054,-1.2960298244663768,4.621337836418136,"sa3004701"
"Bryce Conley","OAK","AA",26,94.1,8.395760169996938,4.197880084998469,2,0.5724381934088821,0.22110553,0.11055276,0.11055276,0.23121387,1.314487703383359,0.29365079,0.67961165,4.388692816134763,4.094414939939197,0.294277876195566,5.220907697698979,"sa3004704"
"Tim Naughton","BAL","AA",25,43.2,11.954197080865866,8.038167002651186,1.48717949,0.824427384887301,0.28292683,0.1902439,0.09268293,0.23636364,1.7862593339224857,0.33980583,0.70844687,5.3587780017674564,4.7978737167250545,0.560904285042402,4.756586676091719,"sa3004713"
"Garrett Schilling","COL","AA",25,51.1,8.590909942122614,3.155844468534838,2.72222222,1.4025975415710392,0.20940171,0.07692308,0.13247863,0.31753555,1.6558443199102546,0.38311688,0.72335025,5.610390166284157,4.9764702238146405,0.6339199424695163,4.96734526453081,"sa3004770"
"Nate Harris","COL","AA",26,70,7.071428571428571,4.628571428571429,1.52777778,2.442857142857143,0.16081871,0.10526316,0.05555556,0.32119205,1.9,0.34210526,0.625,8.485714285714286,7.1868596894400465,1.2988545962742393,6.056097707897425,"sa3004772"
"Nick Kennedy","COL","AA",25,44,11.863636363636363,4.295454545454546,2.76190476,1.8409090909090908,0.27884615,0.10096154,0.17788462,0.29189189,1.7045454545454546,0.38135593,0.57453416,6.545454545454546,5.106340208920566,1.4391143365339802,4.015909685736353,"sa3004987"
"Frank Rubio","SFG","AA",26,43,7.116279069767442,1.4651162790697674,4.85714286,0.8372093023255814,0.1920904,0.03954802,0.15254237,0.24550898,1.1162790697674418,0.28682171,0.61674009,3.558139534883721,3.8410125133603117,-0.28287297847659065,4.455733892321586,"sa3005162"
"Mark Washington","LAD","AA",25,63,9.285714285714286,3.857142857142857,2.40740741,1.4285714285714286,0.25390625,0.10546875,0.1484375,0.2,1.1428571428571428,0.23333333,0.96774194,2,4.9557643935793925,-2.9557643935793925,5.001542145628778,"sa3005194"
"Alex Valverde","TBR","AA",24,72,11.5,3.625,3.17241379,0.75,0.28660436,0.09034268,0.19626168,0.24381625,1.3611111111111112,0.34054054,0.63894523,4.875,3.512650865978665,1.362349134021335,3.864201147026486,"sa3005207"
"Justin Bullock","MIL","AA",22,34.1,7.86407883491573,3.145631533966292,2.5,2.097087689310861,0.19354839,0.07741935,0.11612903,0.29285714,1.5436895490760505,0.32352941,0.58035714,6.5533990290964415,5.993773148599034,0.559625880497407,5.409521356452606,"sa3005213"
"Peyton Remy","CHC","AA",24,35,6.685714285714286,2.8285714285714287,2.36363636,1.542857142857143,0.1656051,0.07006369,0.0955414,0.29577465,1.5142857142857142,0.32727273,0.63786008,6.428571428571429,5.430111183438982,0.9984602451324465,5.1386326342821125,"sa3005302"
"Matt Tabor","ARI","AA",22,51,8.294117647058824,3.176470588235294,2.61111111,1.411764705882353,0.21860465,0.08372093,0.13488372,0.21354167,1.1568627450980393,0.24087591,0.60606061,3.8823529411764706,5.028593525232053,-1.1462405840555827,4.865387227839115,"sa3005334"
"Manuel Alvarez","CLE","AA",25,36.1,12.633029291419534,7.43119370083502,1.7,0.9908258267780027,0.30177515,0.17751479,0.12426036,0.23357664,1.7064222572287824,0.34146341,0.70205479,5.6972485039735155,4.7814863411167,0.9157621628568151,5.163607574648362,"sa3005410"
"Andrew Perez","CHW","AA",23,43.2,12.160303927087691,2.473282154661903,4.91666667,1.2366410773309515,0.3172043,0.06451613,0.25268817,0.23668639,1.1908395559483238,0.32692308,0.82304527,3.5038163857710294,3.653448122472007,-0.1496317367009774,3.678592224339296,"sa3006640"
"David Lebron","BAL","AA",27,61.2,13.281079985658389,5.399999554608356,2.45945946,2.189189008625009,0.32971014,0.13405797,0.19565217,0.21848739,1.4432431242046357,0.28030303,0.86956522,3.6486483477083484,5.574890407606854,-1.9262420598985055,4.269683080198474,"sa3006695"
"Connor Curlis","CIN","AA",24,98.1,8.054237704738693,4.393220566221105,1.83333333,1.9220339977217333,0.20705882,0.11294118,0.09411765,0.23719677,1.383050918995533,0.25572519,0.74600355,5.033898565461683,6.035438196189929,-1.0015396307282467,5.902149660361244,"sa3006707"
"Shea Murray","PIT","AA",27,43.2,10.511449157313088,7.8320601564293595,1.34210526,0.6183205386654758,0.24401914,0.18181818,0.06220096,0.25153374,1.8091600946137996,0.34862385,0.74879227,4.122136924436505,5.232988169860018,-1.1108512454235129,6.243804856389225,"sa3006760"
"J.T. Hintzen","MIL","AA",25,58,12.258620689655173,2.793103448275862,4.38888889,1.706896551724138,0.33333333,0.07594937,0.25738397,0.2293578,1.1724137931034482,0.3046875,0.70895522,3.8793103448275863,4.125677685902037,-0.24636734107445069,3.3857316876793733,"sa3006763"
"Noah Zavolas","MIL","AA",25,120.2,9.024862639273344,2.3121548910535012,3.90322581,1.3425415496439685,0.242,0.062,0.18,0.24511931,1.1933702663501944,0.29503106,0.71766562,4.400552857166342,4.3048547481465205,0.09569810901982123,4.198374935853648,"sa3006770"
"Andres Nunez","KCR","AA",25,52,10.038461538461538,2.5961538461538463,3.86666667,0.8653846153846154,0.26363636,0.06818182,0.19545455,0.23350254,1.1730769230769231,0.30597015,0.77419355,2.9423076923076925,3.8257277635427624,-0.8834200712350699,3.8023492870422513,"sa3006796"
"Matt Frisbee","SFG","AA",24,59.2,9.804468437964717,1.5083797596868795,6.5,1.6592177356555673,0.27896996,0.04291845,0.2360515,0.21266968,0.9553071811350237,0.24827586,0.71100917,3.7709493992171987,4.336660098285442,-0.5657106990682434,3.964372695073721,"sa3006801"
"Cole Uvila","TEX","AA",27,31,12.193548387096774,4.064516129032258,3,0.2903225806451613,0.32307692,0.10769231,0.21538462,0.20869565,1.2258064516129032,0.31944444,0.7712766,2.903225806451613,2.640864239969561,0.2623615664820518,3.9932960463147014,"sa3006804"
"Connor Higgins","LAA","AA",24,38,10.18421052631579,4.5,2.26315789,0.7105263157894737,0.25294118,0.11176471,0.14117647,0.27516779,1.5789473684210527,0.36893204,0.77854671,3.5526315789473686,3.822592386446501,-0.2699608074991322,4.070679807113973,"sa3006808"
"Jack Labosky","TBR","AA",24,79.1,8.62184929226462,1.8151261667925518,4.75,1.7016807813680173,0.2345679,0.04938272,0.18518519,0.23355263,1.0966387257705,0.2629108,0.67142857,4.197479260707776,4.699859165837227,-0.5023799051294509,3.6255136746912755,"sa3006809"
"Aaron Pinto","CLE","AA",24,43,14.023255813953488,2.7209302325581395,5.15384615,1.0465116279069768,0.38728324,0.07514451,0.31213873,0.19496855,1.0232558139534884,0.29885057,0.89473684,2.302325581395349,2.8875241412672885,-0.5851985598719396,2.798634723833827,"sa3006823"
"Alex Royalty","CLE","AA",24,40,8.325,3.15,2.64285714,0.9,0.21893491,0.08284024,0.13609468,0.25324675,1.325,0.30973451,0.5785124,4.95,4.090431118011475,0.8595688819885252,4.241441974975169,"sa3006825"
"Adam Scott","CLE","AA",25,49,11.020408163265307,3.306122448979592,3.33333333,0.9183673469387755,0.2970297,0.08910891,0.20792079,0.21546961,1.163265306122449,0.29310345,0.73584906,3.489795918367347,3.678696424133924,-0.1889005057665769,3.88881272053232,"sa3006826"
"Tyler Joyner","BAL","AA",25,36.2,7.854544364992403,3.9272721824962016,2,2.454545114060126,0.19875776,0.09937888,0.09937888,0.27777778,1.5272725154151896,0.29411765,0.72093023,6.136362785150315,6.706339766289639,-0.569976981139324,5.385531042247696,"sa3006836"
"Reagan Todd","COL","AA",25,43.1,12.253847592145197,3.1153849810538636,3.93333333,1.453846324491803,0.32960894,0.08379888,0.24581006,0.24223602,1.2461539924215455,0.33684211,0.74152542,4.361538973475409,4.1385081142222475,0.22303085925316157,3.5951018179933376,"sa3006946"
"Yaya Chentouf","DET","AA",24,45,8.4,4.2,2,1.4,0.21875,0.109375,0.109375,0.26035503,1.4444444444444444,0.30833333,0.76923077,4,5.204320006900364,-1.204320006900364,4.646180811524392,"sa3006950"
"Sean Rackoski","TOR","AA",26,31,6.096774193548387,1.7419354838709677,3.5,0.5806451612903226,0.15555556,0.04444444,0.11111111,0.29133858,1.3870967741935485,0.33653846,0.61611374,4.645161290322581,3.773495634140507,0.8716656561820741,3.946824915370634,"sa3006964"
"Brooks Wilson","ATL","AA",25,44,14.931818181818182,3.477272727272727,4.29411765,0.6136363636363636,0.40555556,0.09444444,0.31111111,0.19875776,1.1136363636363635,0.34117647,0.83333333,2.4545454545454546,2.265176118503917,0.18936933604153738,2.6628702620552347,"sa3006966"
"Chance Kirby","DET","AA",25,47.1,7.035212023583213,3.80281731004498,1.85,1.90140865502249,0.18686869,0.1010101,0.08585859,0.23863636,1.3098592956821598,0.24806202,0.68,5.5140850995652215,6.092896183708628,-0.5788110841434069,5.467422835470035,"sa3007200"
"Frankie Bartow","WSN","AA",24,31.2,8.810525431329282,3.694736471202602,2.38461538,0.8526314933544467,0.21830986,0.0915493,0.12676056,0.2578125,1.4526314331223906,0.31914894,0.53738318,5.399999457911496,4.115431057779419,1.284568400132077,3.9736582874835498,"sa3007205"
"Chavez Fernander","DET","AA",23,40,8.55,4.05,2.11111111,1.125,0.22485207,0.10650888,0.1183432,0.20945946,1.225,0.24761905,0.75555556,3.6,4.815431118011475,-1.2154311180114745,5.268906129337847,"sa3007240"
"Jake Miednik","CLE","AA",25,43.1,11.423078263864166,4.153846641405152,2.75,1.2461539924215455,0.29255319,0.10638298,0.18617021,0.23493976,1.3615386213494662,0.31428571,0.77946768,3.1153849810538636,4.300046594721336,-1.1846616136674726,4.273839489555149,"sa3007242"
"Andrew Politi","BOS","AA",25,75,10.68,4.56,2.34210526,1.32,0.25872093,0.11046512,0.14825581,0.25496689,1.5333333333333334,0.32673267,0.57915058,6.36,4.728764451344809,1.6312355486551917,4.495335529645284,"sa3007243"
"Edgar Escobar","STL","AA",24,41.1,11.540324000736852,3.266129434170807,3.53333333,2.6129035473366455,0.29943503,0.08474576,0.21468927,0.21518987,1.1854840168471819,0.23655914,0.5801105,5.879032981507453,6.068283913361334,-0.18925093185388153,4.094453971092401,"sa3007244"
"Devin Conn","HOU","AA",24,33.2,8.287127460875942,2.673266922863207,3.1,1.3366334614316036,0.22962963,0.07407407,0.15555556,0.20325203,1.0396038033356916,0.22988506,0.8,2.673266922863207,4.637989583962972,-1.9647226610997652,4.338743668678104,"sa3007252"
"Ryan Tapani","WSN","AA",27,47.1,9.50704327511245,3.612676444542731,2.63157895,1.711267789520241,0.25641026,0.0974359,0.15897436,0.21264368,1.1830987186806605,0.24347826,0.74889868,4.183099041049478,5.205572144698133,-1.0224731036486547,4.423917406082779,"sa3007254"
"Austin Briggs","OAK","AA",25,55,6.709090909090909,4.581818181818182,1.46428571,1.1454545454545455,0.17372881,0.11864407,0.05508475,0.27669903,1.5454545454545454,0.3164557,0.58290155,6.381818181818182,5.279573917388916,1.1022442644292658,5.139100686799396,"sa3007261"
"Brady Feigl","OAK","AA",25,102.1,9.32247603338663,2.990228161652315,3.11764706,1.1433225323964735,0.24708625,0.07925408,0.16783217,0.24164524,1.2508143944166548,0.3,0.7253886,3.9576549198339466,4.232016951530185,-0.2743620316962385,3.844464082974542,"sa3007455"
"Ricky Salinas","CIN","AA",25,75.2,10.466961759587328,3.8061679125772097,2.75,1.4273129672164537,0.25806452,0.09384164,0.16422287,0.26797386,1.5066081320618123,0.33980583,0.65868263,4.757709890721512,4.524887923510133,0.23282196721137893,4.617909751223688,"sa3007456"
"Will Gardner","PIT","AA",25,42,9.214285714285714,6.214285714285714,1.48275862,1.5,0.21938776,0.14795918,0.07142857,0.2345679,1.5952380952380953,0.27678571,0.53054662,7.714285714285714,6.063050165630522,1.6512355486551922,6.174675964209296,"sa3007484"
"Josh Dye","KCR","AA",24,60.2,10.08791124214665,2.670329446450584,3.77777778,0.7417581795696067,0.272,0.072,0.2,0.22943723,1.1703295722098237,0.30379747,0.81538462,2.5219778105366624,3.248804705967261,-0.7268268954305985,3.5208187327088,"sa3007485"
"Tyler Carr","PHI","AA",25,51.1,7.714286478640715,3.8571432393203575,2,1.4025975415710392,0.1938326,0.0969163,0.0969163,0.28787879,1.5389611914460013,0.33561644,0.69518717,5.610390166284157,5.521924823314489,0.08846534296966801,5.0544250305238645,"sa3007491"
"Austin Schulfer","MIN","AA",25,110,8.590909090909092,4.009090909090909,2.14285714,0.5727272727272728,0.21649485,0.10103093,0.11546392,0.25526932,1.4363636363636363,0.32380952,0.67430025,4.336363636363636,3.979573917388916,0.3567897189747198,4.585837657478723,"sa3007585"
"Carson Teel","WSN","AA",25,80.2,7.69834807824355,2.4545457640776536,3.13636364,1.6735539300529454,0.2,0.06376812,0.13623189,0.26791277,1.3388431440423565,0.29957806,0.68539326,4.351240218137658,5.1146048733954,-0.7633646552577424,4.75854698848757,"sa3007597"
"Brad Case","PIT","AA",24,67,7.656716417910448,2.8208955223880596,2.71428571,1.7462686567164178,0.18936877,0.06976744,0.11960133,0.28985507,1.507462686567164,0.32524272,0.73732719,5.2388059701492535,5.455729625474161,-0.21692365532490765,4.806368892228425,"sa3007613"
"Jack Perkins","PHI","AA",23,59.1,7.887641125594675,3.033708125228721,2.6,1.5168540626143605,0.203125,0.078125,0.125,0.26609442,1.382022590381973,0.30409357,0.78873239,4.2471913753202095,5.116554850771077,-0.8693634754508679,4.69689603708434,"sa3007713"
"Layne Henderson","HOU","AA",25,49.2,11.053690143181703,5.255033018889662,2.10344828,0.9060401756706314,0.28240741,0.13425926,0.14814815,0.21505376,1.3892616026949682,0.29166667,0.74603175,3.805368737816652,4.144003379547379,-0.3386346417307271,4.868671199995838,"sa3007718"
"Thomas Ponticelli","CLE","AA",24,87.1,7.935114965955135,3.4007635568379153,2.33333333,0.8244275289304037,0.21212121,0.09090909,0.12121212,0.22600619,1.2137405287030942,0.27310924,0.7367387,3.0916032334890136,4.316957882249367,-1.2253546487603537,4.70675310296376,"sa3007730"
"Ryan Weiss","ARI","AA",24,48,9.375,3,3.125,1.875,0.2617801,0.08376963,0.17801047,0.19075145,1.0208333333333333,0.20353982,0.72972973,4.3125,5.229573917388917,-0.9170739173889171,4.403763894426326,"sa3007778"
"Trenton Toplikar","SFG","AA",25,93.2,8.263346093157686,3.459075108763683,2.38888889,1.345195875630321,0.20235294,0.08470588,0.11764706,0.28125,1.5373667150060812,0.33098592,0.70324575,4.900356404081884,4.93536009784348,-0.03500369376159629,4.8010040869308455,"sa3007803"
"Austin Ross","PHI","AA",26,40.1,10.933885676345911,6.024794148190604,1.81481481,1.3388431440423565,0.27683616,0.15254237,0.12429379,0.22818792,1.512396884936736,0.29787234,0.67164179,5.578513100176485,5.10220817761723,0.4763049225592546,4.568450438224061,"sa3007817"
"Nick Bush","COL","AA",24,35,7.714285714285714,3.085714285714286,2.5,1.0285714285714285,0.18518519,0.07407407,0.11111111,0.34,1.8,0.40517241,0.67944251,5.4,4.315431118011475,1.0845688819885257,4.577652690878937,"sa3007838"
"Eddy Demurias","CIN","AA",23,40.2,9.295080804658383,4.6475404023291915,2,0.442622895459923,0.24705882,0.12352941,0.12352941,0.16666667,1.1065572386498075,0.22,0.78389831,2.4344259250295766,3.8933429720452466,-1.45891704701567,4.603612512310692,"sa3007852"
"Blake Workman","ARI","AA",23,31,12.483870967741936,2.3225806451612905,5.375,2.903225806451613,0.30496454,0.05673759,0.24822695,0.30232558,1.5161290322580645,0.38157895,0.59459459,7.838709677419355,6.060219078679239,1.7784905987401158,3.809920560352264,"sa3007856"
"Tim Cate","WSN","AA",23,96.2,7.541380103947091,3.4448279487165725,2.18918919,1.1172414968810507,0.1862069,0.08505747,0.10114943,0.28535354,1.5517243012236814,0.33333333,0.65088757,5.30689711018499,4.663707100917,0.6431900092679905,4.640211075880885,"sa3007926"
"Zack Leban","MIA","AA",25,38.2,9.077585012819354,2.0948273106506203,4.33333333,0.9310343602891645,0.24223602,0.05590062,0.1863354,0.24489796,1.1637929503614557,0.30769231,0.76576577,3.491378851084367,3.8153328038849605,-0.32395395280059347,4.223908201334639,"sa3007967"
"Michael Brettell","STL","AA",23,70,7.328571428571428,3.4714285714285715,2.11111111,1.9285714285714286,0.17220544,0.081571,0.09063444,0.32323232,1.7571428571428571,0.36,0.59633028,7.9714285714285715,6.093859631674631,1.8775689397539406,4.928064564296178,"sa3008020"
"Austin Drury","LAD","AA",23,43.2,10.099235464869437,2.885495847105554,3.5,1.2366410773309515,0.25388601,0.07253886,0.18134715,0.24117647,1.2595418380222654,0.30434783,0.75539568,4.534350616880156,4.601711191263298,-0.06736057438314269,4.1544355018382015,"sa3008043"
"Zach Neff","MIN","AA",25,52.2,9.227847210090037,3.2468351294761244,2.84210526,1.5379745350150062,0.24107143,0.08482143,0.15625,0.2039801,1.139240396307412,0.23188406,0.6614786,4.784809664491131,4.960586432588553,-0.17577676809742204,4.824841610129677,"sa3008068"
"Brett Daniels","HOU","AA",25,90.1,11.158672215010426,4.782288092147326,2.33333333,1.1955720230368314,0.27518428,0.11793612,0.15724816,0.27042254,1.5940960307157752,0.36363636,0.58689024,6.575646126702573,4.453743713937445,2.1219024127651274,4.335144130445929,"sa3008127"
"John O'Reilly","PIT","AA",25,35.1,5.603774391573692,2.0377361423904334,2.75,0.2547170177988042,0.13580247,0.04938272,0.08641975,0.30718954,1.556603997659359,0.35384615,0.58608059,5.094340355976084,3.4022235545453396,1.6921168014307444,4.588160899980914,"sa3008134"
"Bryan Warzek","LAD","AA",24,46,10.565217391304348,8.217391304347826,1.28571429,2.347826086956522,0.23580786,0.18340611,0.05240175,0.26775956,1.9782608695652173,0.31623932,0.78005115,5.673913043478261,7.523052178258482,-1.8491391347802209,6.519808091158453,"sa3008165"
"Nolan Kingham","ATL","AA",24,65,5.953846153846154,1.3846153846153846,4.3,0.4153846153846154,0.17063492,0.03968254,0.13095238,0.2231405,0.9846153846153847,0.26020408,0.81939799,2.076923076923077,3.1400012933290924,-1.0630782164060153,4.7751084618843525,"sa3008224"
"Michael Byrne","CIN","AA",24,50,6.84,3.96,1.72727273,0.36,0.18095238,0.1047619,0.07619048,0.21081081,1.22,0.25517241,0.73529412,3.24,3.901539754867554,-0.6615397548675537,4.834359414428473,"sa3008227"
"Colton Eastman","PHI","AA",24,33,9.272727272727273,4.363636363636363,2.125,1.0909090909090908,0.24637681,0.11594203,0.13043478,0.19672131,1.2121212121212122,0.23809524,0.72674419,3.5454545454545454,4.4851280877084445,-0.9396735422538991,4.28789024502039,"sa3008312"
"Jose Quezada","SDP","AA",25,40.1,11.826447772374149,2.900826812091772,4.07692308,0.8925620960282376,0.30994152,0.07602339,0.23391813,0.24203822,1.2644629693733367,0.34,0.625,4.462810480141188,3.182053218712837,1.2807572614283513,3.0349404589567475,"sa3008375"
"Zach Willeman","LAD","AA",25,47.2,11.13985895118351,4.342656879274928,2.56521739,0.7552446746565092,0.28229665,0.11004785,0.1722488,0.22826087,1.3636362181298083,0.31404959,0.68403909,3.776223373282546,3.668385086053043,0.10783828722950295,4.287311992161363,"sa3008443"
"Troy Miller","TOR","AA",24,30.1,8.010989850535744,2.6703299501785813,3,1.7802199667857208,0.20300752,0.06766917,0.13533835,0.28225806,1.4505496025661428,0.31868132,0.58988764,6.527473211547643,5.196749975531322,1.330723236016321,5.314453506563773,"sa3008453"
"Michael Gomez","NYY","AA",24,49,9.183673469387756,2.5714285714285716,3.57142857,0.7346938775510204,0.24038462,0.06730769,0.17307692,0.20212766,1.0612244897959184,0.25373134,0.64885496,3.122448979591837,3.760329077195148,-0.6378800976033112,4.01165715519871,"sa3008454"
"Jake Haberer","SEA","AA",26,32.1,7.237114540511383,6.958763981260946,1.04,1.3917527962521892,0.1656051,0.15923567,0.00636943,0.25954198,1.8247425550862035,0.29,0.58490566,6.123712303509632,6.29400734981001,-0.17029504630037806,6.80438430656567,"sa3008514"
"Blaine Knight","BAL","AA",25,44.2,8.865670632243297,3.022387715537488,2.93333333,1.2089550862149951,0.23529412,0.0802139,0.15508021,0.25294118,1.2985073148235133,0.30833333,0.67829457,5.0373128592291465,4.433341461248786,0.6039713979803603,4.65375147221248,"sa3008532"
"Justin Lewis","ARI","AA",25,34,11.117647058823529,5.029411764705882,2.21052632,2.3823529411764706,0.25925926,0.11728395,0.14197531,0.2761194,1.6470588235294117,0.3373494,0.51526718,9.529411764705882,6.920750387977152,2.6086613767287306,5.459806050097241,"sa3008577"
"Alex Phillips","MIN","AA",26,49.2,9.604025862108692,2.355704456743642,4.07692308,1.6308723162071366,0.24766355,0.06074766,0.18691589,0.25628141,1.288590472064898,0.30656934,0.65543071,5.436241054023788,4.607090580445702,0.8291504735780864,4.249105089382845,"sa3008595"
"Aaron Hernandez","LAA","AA",24,44.1,11.77443744108013,6.293233804715242,1.87096774,1.421052794613119,0.26244344,0.14027149,0.12217195,0.27807487,1.8721806659188711,0.36885246,0.5511811,7.105263973065595,5.138382059394699,1.9668819136708962,4.760680370442849,"sa3008599"
"Joe Record","HOU","AA",26,61.2,7.735134497141699,5.254053620700022,1.47222222,0.7297296695416697,0.2046332,0.13899614,0.06563707,0.19909502,1.2972971902963017,0.2392638,0.77333333,3.356756479891681,4.663357603534291,-1.3066011236426105,4.959692265323595,"sa3008619"
"Reid Morgan","SEA","AA",24,31.2,7.957893937974836,1.989473484493709,4,1.7052629867088933,0.21052632,0.05263158,0.15789474,0.25806452,1.2315788237342007,0.28888889,0.64417178,5.399999457911496,5.026942183106245,0.37305727480525075,4.41017253828941,"sa3009860"
"Derrick Adams","KCR","AA",24,50.1,8.40397435916869,6.079470813015647,1.38235294,1.7880796508869552,0.17938931,0.12977099,0.04961832,0.32142857,2.1059604777113026,0.37125749,0.60416667,8.40397435916869,6.459706668867175,1.9442676903015146,5.953787652012811,"sa3009933"
"Michael Stryffeler","SEA","AA",25,43,14.86046511627907,7.534883720930233,1.97222222,0.627906976744186,0.39010989,0.1978022,0.19230769,0.09027778,1.1395348837209303,0.14285714,0.74786325,2.0930232558139537,3.735387870877288,-1.6423646150633342,4.229358706502027,"sa3010005"
"Nick Mikolajchak","CLE","AA",23,39.2,12.93277145093755,2.042016544884876,6.33333333,1.588235090466015,0.35185185,0.05555556,0.2962963,0.22222222,1.0840334744450577,0.30337079,0.78313253,3.17647018093203,3.616271441215666,-0.4398012602836361,3.0226344566790724,"sa3010303"
"Zach Vennaro","MIL","AA",25,36.2,12.27272557030063,5.64545376233829,2.17391304,1.9636360912481008,0.27624309,0.12707182,0.14917127,0.30718954,1.9090906442689868,0.41052632,0.62695925,7.609089853586391,5.801539421948566,1.807550431637825,4.285921140881216,"sa3010326"
"Dalton Roach","STL","AA",25,114.2,9.340117107667888,3.53197705752147,2.64444444,2.119186234512882,0.23062016,0.0872093,0.14341085,0.28846154,1.5697675811206535,0.33540373,0.7369146,5.651163292034353,5.72085318598896,-0.06968989395460756,4.900292620748624,"sa3010567"
"Brandon Komar","SDP","AA",22,50.1,9.476822149700862,4.827815057394779,1.96296296,1.0728477905321732,0.23348018,0.11894273,0.11453745,0.24873096,1.509933927415651,0.3115942,0.66572238,5.006623022483474,4.711362121333263,0.2952609011502112,4.358529223398088,"sa3010630"
"Brian Marconi","PHI","AA",24,43.2,11.541983388422215,4.3282437706583305,2.66666667,1.0305342311091263,0.31284916,0.11731844,0.19553073,0.19745223,1.1908395559483238,0.27083333,0.89130435,2.267175308440078,3.9505455711464394,-1.6833702627063616,3.9348602864583637,"sa3010665"
"Nick Lackney","PHI","AA",24,33.2,7.217820691730659,6.415840614871697,1.125,1.0693067691452829,0.18493151,0.16438356,0.02054795,0.20833333,1.4554453246699683,0.23595506,0.77092511,3.7425736920084898,5.772856519540405,-2.0302828275319156,5.486336674296725,"sa3010786"
"Andrew McInvale","TOR","AA",24,44.1,12.992479339760322,5.887217200828896,2.20689655,1.2180449381025302,0.32653061,0.14795918,0.17857143,0.20121951,1.398496040043646,0.28723404,0.72438163,4.060149793675101,4.492225805979511,-0.4320760123044103,4.1384818053676495,"sa3011143"
"Josh Hendrickson","PHI","AA",23,71.2,7.911629029970963,2.6372096766569877,3,1.5069769580897072,0.21575342,0.07191781,0.14383562,0.23595506,1.172093189625328,0.265625,0.82865169,3.641860982050126,4.980547605043134,-1.3386866229930083,4.926967003478941,"sa3011196"
"Cole Gordon","NYM","AA",25,83,9.216867469879517,3.7951807228915664,2.42857143,1.3012048192771084,0.25835866,0.10638298,0.15197568,0.16896552,1.0120481927710843,0.19170984,0.71629213,3.6867469879518073,4.756394973433162,-1.0696479854813545,4.974723923260189,"sa3011216"
"Aaron Ochsenbein","LAD","AA",25,57,10.894736842105264,3.473684210526316,3.13636364,2.3684210526315788,0.2875,0.09166667,0.19583333,0.21100917,1.1929824561403508,0.23134328,0.80851064,3.3157894736842106,5.6374686542310215,-2.321679180546811,4.29904242999721,"sa3011241"
"Drew Parrish","KCR","AA",23,83,10.301204819277109,2.710843373493976,3.8,0.8674698795180723,0.2827381,0.07440476,0.20833333,0.21172638,1.0843373493975903,0.27941176,0.72463768,3.36144578313253,3.4916221101600007,-0.1301763270274705,4.138477669315166,"sa3011395"
"Nick Bennett","MIL","AA",23,46.1,8.352518902513124,4.661871015356161,1.79166667,1.9424462563984006,0.21717172,0.12121212,0.0959596,0.22155689,1.3165469071144715,0.23684211,0.72222222,4.661871015356161,6.358374611829564,-1.696503596473403,5.2249294912162325,"sa3011410"
"Cyrillo Watson","LAD","AA",23,39,9.461538461538462,6.461538461538462,1.46428571,1.1538461538461537,0.23163842,0.15819209,0.07344633,0.2244898,1.564102564102564,0.27722772,0.69642857,4.615384615384615,5.3513687891837876,-0.7359841737991726,5.547349621164493,"sa3011557"
"Jack Weisenburger","OAK","AA",23,37.1,11.571430147910819,7.714286765273879,1.5,1.2053573070740438,0.26966292,0.17977528,0.08988764,0.25517241,1.8482145375135337,0.34782609,0.79365079,4.580357766881366,5.301002736967471,-0.7206449700861048,5.173522699917474,"sa3011607"
"Zach McCambley","MIA","AA",22,40,10.575,4.5,2.35,2.475,0.26404494,0.11235955,0.15168539,0.26973684,1.525,0.31914894,0.75581395,5.175,6.576539754867554,-1.4015397548675539,5.019344837591053,"sa3014478"
"Braden Zarbnisky","PHI","AA",24,30.1,9.791209817321464,1.4835166389881007,6.6,1.7802199667857208,0.28205128,0.04273504,0.23931624,0.1875,0.8571429469709027,0.20547945,0.79545455,3.2637366057738215,4.405541101404335,-1.1418044956305136,3.6958192872228905,"sa3014791"
"Grant Black","STL","AA",26,36.1,9.660551811085526,6.440367874057017,1.5,0.743119370083502,0.22413793,0.14942529,0.07471264,0.26896552,1.7889910761269492,0.34951456,0.65830721,5.6972485039735155,4.800675019759586,0.8965734842139295,5.482812341544079,"sa3014846"
"Jimmy Endersby","HOU","AA",23,67.1,8.955446221035965,5.346535057334904,1.675,0.668316882166863,0.23024055,0.13745704,0.09278351,0.22764228,1.4257426819559744,0.29310345,0.74468085,3.475247787267688,4.459772011233649,-0.9845242239659608,5.57320494127142,"sa3014921"
"Kyle Brnovich","BAL","AA",23,60.2,11.126372693544099,2.22527453870882,5,1.4835163591392133,0.29527559,0.05905512,0.23622047,0.23175966,1.1373625420067301,0.2972973,0.75409836,3.8571425337619543,4.2242222673779874,-0.3670797336160332,3.6069304966340874,"sa3014923"
"Kevin McGovern","STL","AA",32,69.2,9.68899663007039,4.004785273762428,2.41935484,2.3253591912168936,0.23734177,0.09810127,0.13924051,0.28469751,1.5933016680560197,0.32978723,0.66815145,6.3301444649793215,6.192492973808625,0.13765149117069608,4.6139051617839115,"sa3015131"
"Andy Otero","MIL","AA",29,51.1,11.396105025264694,1.4025975415710392,8.125,0.8766234634818995,0.33854167,0.04166667,0.296875,0.18131868,0.7987013778390639,0.25,0.83333333,2.1038963123565586,2.719721505492743,-0.6158251931361844,2.33398446440923,"sa506550"
"Peter Tago","CHW","AA",28,45.1,9.926471701955425,3.573529812703953,2.77777778,0.794117736156434,0.26737968,0.09625668,0.171123,0.25149701,1.3235295602607233,0.33628319,0.72695035,3.97058868078217,3.6662456669196986,0.3043430138624714,3.623044913209677,"sa548162"
"Luis Lugo","CHC","AA",27,57.2,11.549131929330821,4.213872460701786,2.74074074,1.0924854527745371,0.29482072,0.10756972,0.187251,0.22624434,1.3352599978355453,0.30714286,0.75498575,3.901733759909061,3.973794039654216,-0.07206027974515505,4.299261002279899,"sa597249"
"Bryan Brickhouse","LAD","AA",29,60,7.65,2.4,3.1875,0.9,0.20816327,0.06530612,0.14285714,0.2246696,1.1166666666666667,0.26470588,0.69306931,3.45,3.979573917388916,-0.529573917388916,4.333241452773413,"sa597825"
"Aaron Brown","OAK","AA",29,37.2,8.601768749977213,4.300884374988606,2,0.7168140624981011,0.22222222,0.11111111,0.11111111,0.24647887,1.407079456014791,0.31067961,0.70866142,3.5840703124905056,4.1963879798870165,-0.612317667396511,4.383992895388361,"sa598306"
"Jesus Castillo","MIL","AA",25,95,5.684210526315789,1.231578947368421,4.61538462,1.7052631578947368,0.14962594,0.03241895,0.11720698,0.29581152,1.3263157894736841,0.3125,0.72097378,4.7368421052631575,5.201539754867554,-0.4646976496043962,4.658482696743388,"sa657701"
"Ramon Santos","STL","AA",26,61.1,14.086957689945196,5.722826561540235,2.46153846,1.0271739982251704,0.37209302,0.15116279,0.22093023,0.1627907,1.206521839185121,0.25,0.7771261,2.7880437094683197,3.936095694377881,-1.1480519849095612,3.5790252162417424,"sa657843"
"Kieran Lovegrove","LAA","AA",26,40,11.025,9.225,1.19512195,2.25,0.24873096,0.20812183,0.04060914,0.25324675,2,0.30526316,0.73529412,7.2,7.426539754867554,-0.22653975486755407,5.952208227664233,"sa657950"
"Tyler Pike","STL","AA",27,68.2,8.91262267957116,2.097087689310861,4.25,0.6553399029096441,0.22972973,0.05405405,0.17567568,0.28776978,1.398058459540574,0.36585366,0.58241758,4.8495152815313665,3.232001065178606,1.6175142163527605,3.7819568565516986,"sa657974"
"Dylan Baker","CIN","AA",29,47.2,6.608390903244456,4.153845710610801,1.59090909,1.132867011984764,0.16203704,0.10185185,0.06018519,0.32291667,1.7622375741985215,0.37086093,0.74742268,5.286712722595564,5.079861254104241,0.2068514684913234,5.272221644214582,"sa658002"
"Adrian Almeida","LAA","AA",26,30.2,12.032607448349056,9.97825983521629,1.20588235,0.5869564608950759,0.28472222,0.23611111,0.04861111,0.18518519,1.7608693826852277,0.27692308,0.73308271,4.695651687160607,5.097191753008884,-0.40154006584827684,5.775879006107683,"sa658087"
"Luc Rennie","NYM","AA",27,50,8.64,3.06,2.82352941,2.52,0.2,0.07083333,0.12916667,0.32876712,1.78,0.36942675,0.51771117,9.54,6.495431118011474,3.044568881988525,5.0829288659989835,"sa658278"
"David Hill","COL","AA",27,73.2,7.819005604602328,2.321267288866316,3.36842105,1.954751401150582,0.19692308,0.05846154,0.13846154,0.29139073,1.4524888883549463,0.32432432,0.68848758,5.253394390592189,5.538055831702008,-0.2846614411098187,4.801341492217081,"sa658377"
"Jon Harris","TOR","AA",27,40,7.65,2.7,2.83333333,1.575,0.2125,0.075,0.1375,0.19727891,1.025,0.20754717,0.90062112,2.925,5.065431118011475,-2.140431118011475,5.025772167928517,"sa658929"
"Matt Withrow","ATL","AA",27,51,9.176470588235293,5.470588235294118,1.67741935,0.35294117647058826,0.24299065,0.14485981,0.09813084,0.18333333,1.2549019607843137,0.24603175,0.74766355,2.823529411764706,3.8721279901616716,-1.0485985783969656,5.198131045815991,"sa659074"
"Sean McLaughlin","ATL","AA",27,36,9.5,3,3.16666667,1,0.23030303,0.07272727,0.15757576,0.29139073,1.5555555555555556,0.36697248,0.66793893,5.25,3.901539754867554,1.3484602451324461,4.116179489551319,"sa659266"
"Mario Sanchez","WSN","AA",26,106.1,9.056426765486224,1.7774295521047732,5.0952381,1.3542320396988747,0.24768519,0.04861111,0.19907407,0.23152709,1.0815047539261846,0.27561837,0.73770492,3.9780566166154445,4.192547137860912,-0.21449052124546775,3.93294785628298,"sa691863"
"Kevin Gadea","NYY","AA",26,36.1,13.128442204808534,5.449542047279015,2.40909091,0.49541291338900134,0.33544304,0.13924051,0.19620253,0.21052632,1.3761469816361147,0.33333333,0.77689243,2.972477480334008,3.3778164198478633,-0.40533893951385513,4.0437926327747755,"sa735841"
"Gerson Moreno","DET","AA",25,46.1,13.208634543509124,4.661871015356161,2.83333333,1.7482016307585606,0.33333333,0.11764706,0.21568628,0.1954023,1.2517986985678582,0.25773196,0.77821012,4.4676263897163215,5.04780538694799,-0.5801789972316689,3.9784325341755378,"sa736656"
"Raffi Vizcaino","SFG","AA",25,40,10.125,5.625,1.8,0.9,0.24861878,0.13812155,0.11049724,0.2516129,1.6,0.33018868,0.69023569,5.4,4.515431118011475,0.8845688819885256,4.940957542508841,"sa736742"
"Carlos Belen","SDP","AA",25,53.2,6.708073898403201,2.6832295593612803,2.5,0.33540369492016003,0.16949153,0.06779661,0.10169492,0.29493088,1.4906830885340447,0.35428571,0.61097257,4.360248033962081,3.535474533208943,0.8247735007531376,4.503647342985907,"sa736746"
"Emilio Vargas","CHW","AA",24,83.2,10.649403685235095,3.011952557440229,3.53571429,0.968127607748645,0.28530259,0.08069164,0.20461095,0.21974522,1.159362690760723,0.29126214,0.73825503,2.904382823245935,3.6166792232561416,-0.7122964000102066,3.7424794125927647,"sa736761"
"Julio Pinto","CIN","AA",25,32.2,9.918365802630085,7.438774351972564,1.33333333,0.8265304835525071,0.24657534,0.18493151,0.06164384,0.15929204,1.3775508059208452,0.2027027,0.83333333,2.7551016118416904,5.421947603551461,-2.66684599170977,5.661123420980258,"sa736965"
"Oscar De La Cruz","NYM","AA",26,59.2,9.050278558121276,3.7709493992171987,2.4,1.0558658317808156,0.21201413,0.08833922,0.12367491,0.30923695,1.7094970609784634,0.38461538,0.6027668,7.240222846497021,4.73889470086861,2.5013281456284107,5.15924441738961,"sa737037"
"Luis Reyes","WSN","AA",26,85,8.576470588235294,3.388235294117647,2.53125,1.588235294117647,0.22689076,0.08963585,0.1372549,0.25,1.3176470588235294,0.29017857,0.73958333,4.764705882352941,5.2095487650702985,-0.4448428827173574,4.317998051292756,"sa737048"
"Jesus Zambrano","OAK","AA",24,37.1,9.883929918007158,4.339286305466557,2.27777778,0.7232143842444262,0.26623377,0.11688312,0.14935065,0.21481481,1.2589287429440013,0.28571429,0.66210046,4.098214844051749,3.8545739684786184,0.24364087557313052,4.565898329684272,"sa737066"
"Ofreidy Gomez","CHW","AA",25,31.2,11.936840906962253,5.399999457911496,2.21052632,0.28421049778481555,0.328125,0.1484375,0.1796875,0.13084112,1.0421051585443237,0.203125,0.71428571,3.126315475632971,3.148908201281051,-0.022592725648079792,3.6049760226043888,"sa737451"
"Stephen Woods Jr.","KCR","AA",26,47.1,9.126761544107952,8.556338947601205,1.06666667,0.950704327511245,0.20083682,0.18828452,0.0125523,0.30569948,2.1971833346926553,0.38571429,0.62244898,7.415493754587711,5.740137540582321,1.6753562140053901,6.238503768488572,"sa737853"
"Adrian De Horta","TBR","AA",26,33,12,4.909090909090909,2.44444444,1.3636363636363635,0.30344828,0.12413793,0.17931034,0.2016129,1.303030303030303,0.26666667,0.76923077,4.363636363636363,4.613660966988766,-0.2500246033524025,4.111458602908886,"sa737857"
"Hever Bueno","TEX","AA",26,48.1,10.241380388076298,4.2827590713773604,2.39130435,0.5586207484405253,0.25462963,0.10648148,0.14814815,0.24479167,1.4482760144754359,0.32835821,0.70359281,4.2827590713773604,3.5002635747385655,0.7824954966387949,4.159673281416991,"sa738180"
"Ty Damron","OAK","AA",26,89.1,8.462687048993867,2.92164195739074,2.89655172,1.1082090183206255,0.20638821,0.07125307,0.13513514,0.31165312,1.6119403902845462,0.37956204,0.63953488,5.944030189174264,4.47584263082867,1.4681875583455941,4.7791059084526175,"sa738284"
"Dylan Rheault","SDP","AA",29,33.1,6.750001029968419,7.560001153564629,0.89285714,0.8100001235962103,0.14880952,0.16666667,-0.01785714,0.32089552,2.1300003250122566,0.37735849,0.68681319,6.750001029968419,6.209574333953921,0.5404266960144977,6.687335986755544,"sa738309"
"Cale Coshow","DET","AA",28,48,10.6875,3.1875,3.35294118,0.5625,0.26760563,0.07981221,0.18779343,0.28350515,1.5,0.3880597,0.74498567,4.125,3.1404311180114752,0.9845688819885248,3.9619523533309504,"sa738313"
"Ian McKinney","SEA","AA",26,33,13.636363636363637,4.090909090909091,3.33333333,0.5454545454545454,0.37593985,0.11278195,0.2631579,0.17948718,1.0909090909090908,0.29230769,0.84795322,2.1818181818181817,2.691695129510128,-0.5098769476919465,2.8702454207521497,"sa738318"
"A.J. Puckett","ATL","AA",26,34.1,8.388350757243444,4.194175378621722,2,0.2621359611638576,0.21768707,0.10884354,0.10884354,0.24,1.3398060237263836,0.31521739,0.75098814,3.145631533966292,3.8384330234739834,-0.6928014895076915,5.0583642211915585,"sa738686"
"Frank Duncan","COL","AA",29,42.1,7.015748874423876,1.2755907044407047,5.5,0.6377953522203523,0.18131868,0.03296703,0.14835165,0.25294118,1.1574804540295283,0.29850746,0.7480315,2.763779859621527,3.7280295687515923,-0.9642497091300655,4.918903144825086,"sa738963"
"Sal Mendez","TEX","AA",26,60,8.7,3.9,2.23076923,0.9,0.23673469,0.10612245,0.13061225,0.21860465,1.2166666666666666,0.27152318,0.67055394,4.5,4.3462405840555824,0.15375941594441755,4.758967674275239,"sa739012"
"Fernery Ozuna","TEX","AA",25,45.2,10.051093771040001,3.3503645903466674,3,2.1678829702243143,0.25888325,0.08629442,0.17258883,0.24418605,1.291970659022571,0.28181818,0.65891473,5.32116729055059,6.019719619873971,-0.6985523293233813,4.440262842554087,"sa739259"
"Luis Ledo","CHW","AA",26,41,11.414634146341463,4.390243902439025,2.6,0.43902439024390244,0.29885057,0.11494253,0.18390805,0.22727273,1.3414634146341464,0.33,0.67049808,4.170731707317073,2.962515364623652,1.2082163426934214,3.4701514114330463,"sa740812"
"Alex Katz","CHC","AA",26,33.2,8.287127460875942,5.346533845726414,1.55,1.6039601537179242,0.19496855,0.12578616,0.06918239,0.33093525,1.9603957434330186,0.39215686,0.67708333,6.148513922585376,5.6589651563964845,0.489548766188892,5.068255930265967,"sa827486"
"Henry Martinez","DET","AA",27,34.2,10.903844554043616,2.855768811773328,3.81818182,0.7788460395745439,0.28187919,0.0738255,0.20805369,0.23529412,1.240384433396496,0.31868132,0.53921569,4.932691583972112,3.342354220328243,1.5903373636438687,3.801097811869891,"sa828216"
"Ofelky Peralta","BAL","AA",24,45.2,10.248174041060395,4.927006750509805,2.08,0.5912408100611766,0.25870647,0.12437811,0.13432836,0.23121387,1.4233575057028325,0.31355932,0.65830721,4.532846210469021,3.9314894658323025,0.6013567446367185,4.382783459315248,"sa828239"
"Diomar Lopez","CIN","AA",24,30.1,8.010989850535744,3.8571432613690617,2.07692308,1.1868133111904806,0.21428571,0.1031746,0.11111111,0.1875,1.1208792383465649,0.20987654,0.85034014,2.6703299501785813,4.720221211745866,-2.0498912615672844,4.655657448437077,"sa828277"
"Cristopher Molina","LAA","AA",24,41,8.78048780487805,3.073170731707317,2.85714286,0.8780487804878049,0.24390244,0.08536585,0.15853659,0.19047619,1.024390243902439,0.23300971,0.7106599,3.5121951219512195,3.962515364623652,-0.4503202426724324,4.22972313489129,"sa828598"
"Ronnie Williams","SFG","AA",25,62.1,8.807487349687657,4.042781078545153,2.17857143,0.7219251925973489,0.23371648,0.10727969,0.12643678,0.19111111,1.1390375260980392,0.23899371,0.72222222,2.454545654830986,4.333613002955137,-1.8790673481241513,4.825938447517787,"sa828702"
"Alejandro Requena","SEA","AA",24,90,7.5,4.2,1.78571429,1,0.18518519,0.1037037,0.08148148,0.29281768,1.6444444444444444,0.3465704,0.65925926,5.7,4.690685028500027,1.0093149714999727,5.195205893615881,"sa828724"
"Brian Gonzalez","COL","AA",25,38,12.552631578947368,4.7368421052631575,2.65,1.4210526315789473,0.29608939,0.11173184,0.18435754,0.26797386,1.605263157894737,0.37234043,0.6996587,4.7368421052631575,4.8312205916956845,-0.094378486432527,4.223407789241326,"sa828794"
"Jordan Brink","TBR","AA",28,57,9.631578947368421,3.1578947368421053,3.05,0.7894736842105263,0.25630252,0.08403361,0.17226891,0.24186047,1.263157894736842,0.31543624,0.67647059,4.421052631578948,3.6120660706570273,0.8089865609219205,3.8310786176146125,"sa829003"
"Jared Robinson","NYM","AA",26,47.2,13.594404143817165,3.776223373282546,3.6,2.0769228553054004,0.33962264,0.09433962,0.24528302,0.23809524,1.3636362181298083,0.32075472,0.81749049,3.776223373282546,4.942004392362659,-1.1657810190801126,3.751997272311417,"sa829022"
"Yoan Aybar","COL","AA",23,46.1,10.294965158911523,6.410072646114722,1.60606061,1.5539570051187206,0.23660714,0.14732143,0.08928571,0.26455026,1.7913671031229694,0.328125,0.66395664,6.215828020474882,5.738452944778533,0.47737507569634907,5.829911227355719,"sa829086"
"Dustin Beggs","NYM","AA",28,48,5.25,2.625,2,1.125,0.13930348,0.06965174,0.06965174,0.25414365,1.25,0.27210884,0.74652778,4.125,5.223764451344809,-1.0987644513448087,5.461548659609011,"sa829242"
"Zach Warren","PHI","AA",25,44.1,14.21052794613119,6.9022564309780075,2.05882353,1.0150377104379422,0.3626943,0.1761658,0.1865285,0.17721519,1.3984964010478316,0.27710843,0.82142857,2.6390980471386496,4.192122924970103,-1.553024877831453,3.7520736532352426,"sa829420"
"Cameron Bishop","BAL","AA",25,48.1,10.055173471929455,3.5379314067899936,2.84210526,0.744827664587367,0.26732673,0.09405941,0.17326733,0.22905028,1.2413794409789451,0.30578512,0.77054795,3.16551757449631,3.7843966635569135,-0.6188790890606035,4.006736316670275,"sa829601"
"Brad Bass","DET","AA",25,57.1,10.203489277284248,2.8255816460171763,3.61111111,1.0988373067844575,0.26639344,0.07377049,0.19262295,0.22869955,1.2034884788591678,0.29139073,0.61093248,4.39534922713783,3.9340358063103156,0.46131342082751425,4.043168558891009,"sa829618"
"Tyler Herb","SEA","AA",29,84.1,9.071146792153025,1.6007906103799456,5.66666667,1.2806324883039566,0.2407932,0.04249292,0.19830028,0.27492447,1.2569170718538833,0.33760684,0.76923077,4.162055586987859,4.0961747450908215,0.06588084189703736,3.6329879808741596,"sa829625"
"Bryan Dobzanski","WSN","AA",25,46.2,8.871427604519697,4.435713802259849,2,0.7714284873495388,0.23469388,0.11734694,0.11734694,0.19767442,1.2214284383034364,0.24590164,0.72519084,3.4714281930729247,4.201145328988843,-0.729717135915918,4.431425634667449,"sa829656"
"Will Gaddis","COL","AA",25,67,6.7164179104477615,2.8208955223880596,2.38095238,1.6119402985074627,0.16611296,0.06976744,0.09634552,0.3032491,1.5671641791044777,0.33488372,0.63596491,5.91044776119403,5.425878879205505,0.4845688819885252,4.993960838286735,"sa829731"
"Keith Rogalla","LAA","AA",25,42.1,9.354331832565167,2.9763783103616444,3.14285714,0.42519690148023487,0.24043716,0.07650273,0.16393443,0.26347305,1.3700789047696458,0.34710744,0.71678322,3.826772113322114,3.07083105371626,0.755941059605854,4.286981952037024,"sa829753"
"Jeff Bain","ARI","AA",25,54.1,8.447853551558376,3.312883745709167,2.55,0.9938651237127502,0.20901639,0.08196721,0.12704918,0.29090909,1.546012414664278,0.35582822,0.69095477,4.969325618563751,4.363009582911361,0.60631603565239,4.068761688683687,"sa829808"
"Mitchell Osnowitz","MIN","AA",29,32.2,9.918369277325315,7.438776957993986,1.33333333,1.102041030813924,0.24161074,0.18120805,0.06040269,0.26446281,1.8061228005005974,0.34567901,0.77205882,4.683674380959176,5.438757972169225,-0.7550835912100489,5.14864198145926,"sa833270"
"Diogenes Almengo","BAL","AA",26,45,10.6,3.4,3.11764706,1.4,0.28191489,0.09042553,0.19148936,0.24260355,1.288888888888889,0.31192661,0.75697211,3.4,4.448764451344808,-1.0487644513448084,3.890625255968836,"sa835215"
"Ryan Mason","MIN","AA",26,35.1,9.679246676354559,4.584906320378476,2.11111111,0.7641510533964126,0.24050633,0.11392405,0.12658228,0.22794118,1.3867926524601561,0.29473684,0.79918033,2.292453160189238,4.300328752518396,-2.0078755923291585,4.700902376737283,"sa856254"
"Patrick Ruotolo","SFG","AA",26,37,12.162162162162161,1.2162162162162162,10,1.2162162162162162,0.35714286,0.03571429,0.32142857,0.15267176,0.6756756756756757,0.19736842,0.72727273,2.675675675675676,3.2992149017952586,-0.6235392261195827,3.195910984237452,"sa856262"
"Andrew Lee","WSN","AA",27,60.1,9.696133414095328,3.729282082344357,2.6,1.3425415496439685,0.25390625,0.09765625,0.15625,0.22368421,1.2596686144807607,0.27272727,0.67771084,4.6243097821070025,4.6922267973290275,-0.06791701522202498,4.234994305689419,"sa856275"
"Jerry Keel","SDP","AA",27,41,7.2439024390243905,3.073170731707317,2.35714286,0.8780487804878049,0.18131868,0.07692308,0.10439561,0.29166667,1.5365853658536586,0.34351145,0.66202091,5.048780487804878,4.1625007466572095,0.8862797411476686,4.75242332561714,"sa856543"
"Andrew Schwaab","LAD","AA",28,38.2,10.939653733397684,3.491378851084367,3.13333333,0.46551718014458227,0.28658537,0.09146341,0.19512195,0.19178082,1.1120688192342798,0.26804124,0.69444444,2.7931030808674935,3.1175049994986854,-0.32440191863119194,4.003041415734702,"sa857571"
"Zack Erwin","OAK","AA",27,44,9,2.8636363636363638,3.14285714,0.6136363636363636,0.23157895,0.07368421,0.15789474,0.27011494,1.3863636363636365,0.34645669,0.68027211,4.295454545454546,3.4568466446616433,0.8386079007929026,4.342269653352824,"sa857605"
"Reilly Hovis","TOR","AA",27,51,6.529411764705882,3,2.17647059,2.823529411764706,0.15677966,0.0720339,0.08474576,0.30985915,1.6274509803921569,0.3125,0.70570571,6.529411764705882,7.49582327487422,-0.9664115101683377,5.693487364229034,"sa857700"
"Jesus Rodriguez","DET","AA",23,70.1,7.677725673709936,3.0710902694839746,2.5,1.7914693238656518,0.18691589,0.07476636,0.11214953,0.26989619,1.4502370717007658,0.29767442,0.64159292,5.758294255282452,5.761876778096974,-0.0035825228145220933,5.270702471608649,"sa871769"
"Leo Crawford","MIL","AA",24,64,9.28125,3.65625,2.53846154,1.40625,0.23487544,0.09252669,0.14234875,0.24,1.34375,0.28735632,0.7012987,4.921875,4.823414754867554,0.09846024513244611,4.154183185705915,"sa872530"
"Nick Highberger","OAK","AA",27,39.1,7.779662022951032,5.720339722758112,1.36,1.3728815334619469,0.1878453,0.13812155,0.04972376,0.30065359,1.8050849791814487,0.3539823,0.6554878,6.406780489489085,5.869404734896749,0.5373757545923361,5.237716501135191,"sa872728"
"Luis Amaya","SFG","AA",22,53.1,11.812501126527893,5.568750531077436,2.12121212,1.5187501448393006,0.28455285,0.13414634,0.1504065,0.24757282,1.5750001502037192,0.33070866,0.67602041,5.568750531077436,5.334181291461008,0.23456923961642762,4.963998954774204,"sa872809"
"Domingo Robles","STL","AA",23,91.2,7.658182668033411,2.356363897856434,3.25,1.7672729233923254,0.18978102,0.05839416,0.13138686,0.29947917,1.5163638046390941,0.33680556,0.58219178,6.0872734027957875,5.214119564422124,0.8731538383736632,4.845521969603496,"sa872881"
"Felipe Tejada","HOU","AA",23,37,11.18918918918919,2.918918918918919,3.83333333,1.2162162162162162,0.27878788,0.07272727,0.20606061,0.26666667,1.4054054054054055,0.35353535,0.72916667,4.621621621621622,3.9660604038754026,0.6555612177462193,3.981090292173463,"sa873145"
"Cesar Rosado","HOU","AA",25,53.2,11.236023779825361,4.863353576342321,2.31034483,1.5093166271407203,0.25868726,0.11196911,0.14671815,0.29090909,1.732919090420827,0.38194444,0.55309735,7.043477593323361,5.342927778056472,1.7005498152668892,4.714492539186224,"sa873321"
"Cristofer Melendez","PIT","AA",23,32.2,10.744896286182593,4.959182901315042,2.16666667,0.5510203223683381,0.27083333,0.125,0.14583333,0.17213115,1.1938773651313992,0.2345679,0.54726368,4.408162578946705,3.9440024798535154,0.46416009909318934,5.260973406836192,"sa873429"
"Tyler Thomas","TEX","AA",25,41,11.195121951219512,3.731707317073171,3,1.0975609756097562,0.28813559,0.0960452,0.1920904,0.24840764,1.3658536585365855,0.33663366,0.76923077,4.170731707317073,4.040549527145014,0.13018218017205907,4.010898776461439,"sa873974"
"Boomer Biegalski","LAA","AA",26,49.1,10.763514623231076,2.7364867686180703,3.93333333,2.0067569636532516,0.27962085,0.07109005,0.20853081,0.23834197,1.236486613968165,0.28455285,0.781893,4.378378829788912,5.002891271318128,-0.624512441529216,3.9366276689407416,"sa873983"
"Jack Anderson","SEA","AA",27,51.2,5.574192999642354,5.225805937164707,1.06666667,0.6967741249552942,0.13445378,0.12605042,0.00840336,0.26395939,1.5870966179537258,0.29813665,0.65217391,5.748386530881177,5.62796080266774,0.12042572821343711,6.198970791729958,"sa874072"
"Wyatt Short","CHC","AA",26,41,10.097560975609756,4.609756097560975,2.19047619,1.7560975609756098,0.2408377,0.10994764,0.13089005,0.22641509,1.3902439024390243,0.26666667,0.68661972,5.2682926829268295,6.035686096330969,-0.7673934134041396,5.192088409640441,"sa874187"
"Stephen Villines","TEX","AA",25,40,9.675,2.25,4.3,0.675,0.25443787,0.0591716,0.19526627,0.24840764,1.225,0.32432432,0.5982906,3.375,3.2045739173889163,0.17042608261108372,3.6912978995591406,"sa874197"
"Oddy Nunez","PIT","AA",24,44.1,10.35338464646701,7.511279057240772,1.37837838,1.0150377104379422,0.22566372,0.16371681,0.0619469,0.26966292,1.9172934530494463,0.35245902,0.59550562,8.323309225591126,5.928965229497249,2.3943439960938777,5.7365992050059,"sa874248"
"Nolan Watson","KCR","AA",24,68.1,5.400000401938864,4.082927133173287,1.32258065,1.5804879225186919,0.13057325,0.09872611,0.03184713,0.30935252,1.7121952493952495,0.32888889,0.72243346,5.795122382568537,6.1429887497815265,-0.3478663672129896,5.93434870895012,"sa874732"
"Nathan Kirby","PIT","AA",27,38,13.263157894736842,6.631578947368421,2,0.47368421052631576,0.31284916,0.15642458,0.15642458,0.21088435,1.5526315789473684,0.3258427,0.61461794,4.2631578947368425,3.722642368693824,0.5405155260430186,4.247563105378435,"sa874754"
"Juan Hillman","CLE","AA",24,107.1,7.127329530293223,2.6832299408162723,2.65625,1.3416149704081362,0.18930958,0.07126949,0.11804009,0.27160494,1.3229814291524675,0.30921053,0.79787234,3.773292104272883,5.0992821247433024,-1.3259900204704196,4.812871772110056,"sa874796"
"Dakota Chalmers","CHC","AA",24,69.1,9.865385067709825,6.49038491296699,1.52,1.8173077756307572,0.24050633,0.15822785,0.08227848,0.21923077,1.5432693015277066,0.25294118,0.68522484,6.100961818188971,6.271190190618601,-0.17022837242963007,5.682557399800866,"sa875017"
"Blake Bass","TEX","AA",28,30,8.1,6.3,1.28571429,0.9,0.216,0.168,0.048,0.18446602,1.3333333333333333,0.21917808,0.86956522,2.4,5.179573917388916,-2.7795739173889165,5.651360562443733,"sa875190"
"Kyle Friedrichs","OAK","AA",29,66,6.136363636363637,2.590909090909091,2.36842105,1.0909090909090908,0.16071429,0.06785714,0.09285714,0.25096525,1.2727272727272727,0.27669903,0.6684492,4.363636363636363,4.646240584055583,-0.28260422041921984,5.110722175330827,"sa875229"
"Gray Fenter","BAL","AA",25,77.1,10.00862134792863,5.586207263960165,1.79166667,1.3965518159900412,0.24855491,0.13872832,0.10982659,0.24067797,1.5387932046556936,0.29949239,0.69391635,5.469827945960995,5.286982958665509,0.18284498729548648,5.257612928529378,"sa875233"
"Will Stewart","MIA","AA",23,99.2,7.6755860676933025,3.431438477321712,2.23684211,0.8127091130498791,0.19318182,0.08636364,0.10681818,0.25464191,1.3444817425763431,0.30742049,0.71721311,4.334448602932689,4.766088389124141,-0.43163978619145205,4.709728924171154,"sa875247"
"James Reeves","SDP","AA",28,41.1,13.282259698961282,5.879032981507453,2.25925926,0.8709678491122153,0.34857143,0.15428571,0.19428571,0.16083916,1.20967756821141,0.24358974,0.72874494,3.266129434170807,4.10860625285885,-0.8424768186880431,4.4794424076553,"sa875266"
"Matthew Kent","BOS","AA",28,60.2,7.120878523868224,1.6318679950531345,4.36363636,0.5934065436556852,0.19047619,0.04365079,0.1468254,0.27310924,1.2527471477175578,0.32795699,0.58583106,3.4120876260201904,3.4824640878083812,-0.07037646178819079,3.8923161233822197,"sa875610"
"Nathan Bates","LAA","AA",27,42.1,8.29133957886458,4.0393705640622315,2.05263158,1.4881891551808222,0.22413793,0.1091954,0.11494253,0.22077922,1.2519686543584694,0.25,0.76923077,3.826772113322114,5.125949410870729,-1.2991772975486149,4.69227179131752,"sa875717"
"Mack Lemieux","ARI","AA",24,39.1,12.127120212247197,5.720339722758112,2.12,0.22881358891032447,0.29608939,0.1396648,0.15642458,0.24,1.550847658169977,0.36458333,0.77044025,3.4322038336548673,3.3270315247820332,0.10517230887283402,4.483022164607831,"sa875726"
"Jason Bilous","CHW","AA",23,65,11.076923076923077,4.153846153846154,2.66666667,1.1076923076923078,0.27118644,0.10169492,0.16949153,0.27626459,1.5538461538461539,0.37278107,0.62372188,6.507692307692308,4.293847447175247,2.213844860517061,4.134249844688636,"sa875998"
"Fitz Stadler","TOR","AA",24,35.2,13.1214934559056,6.5607467279528,2,1.0093456504542768,0.32098765,0.16049383,0.16049383,0.19402985,1.4579437173228444,0.28205128,0.61983471,4.794391839657815,4.41262725174861,0.3817645879092053,4.098192811548714,"sa876081"
"Steven Klimek","BAL","AA",27,52.2,11.962024161227827,3.7594933078144597,3.18181818,1.3670884755688943,0.30567686,0.09606987,0.20960699,0.24137931,1.3481011356304375,0.328,0.62695925,4.613923605045018,4.312899395426664,0.30102420961835463,3.3806801216591977,"sa876117"
"Hector Lujan","MIN","AA",26,32.1,9.185568455264448,2.5051550332539403,3.66666667,2.2268044740035027,0.2519084,0.06870229,0.18320611,0.20833333,1.0515465571683207,0.21518987,0.92741935,3.6185572702556916,5.675450551475704,-2.0568932812200122,4.70565408285532,"sa876201"
"Adam Lau","MIN","AA",26,41.2,8.855998918945444,3.8879995253906827,2.27777778,1.7279997890625258,0.22777778,0.1,0.12777778,0.22641509,1.2959998417968943,0.25454545,0.72052402,4.967999393554762,5.526458250044637,-0.5584588564898754,4.937760475852128,"sa876250"
"Adam Hill","SEA","AA",24,61,9.737704918032787,4.426229508196721,2.2,2.0655737704918034,0.23239437,0.1056338,0.12676056,0.27016129,1.5901639344262295,0.31547619,0.71942446,6.344262295081967,6.069737851815146,0.274524443266821,5.119329083845264,"sa876313"
"Braden Webb","MIL","AA",26,49,12.306122448979592,5.510204081632653,2.23333333,1.2857142857142858,0.31162791,0.13953488,0.17209302,0.21978022,1.4285714285714286,0.30555556,0.69620253,4.591836734693878,4.544396897724697,0.04743983696918086,4.005004298686981,"sa876362"
"Odalvi Javier","ATL","AA",24,76,9.473684210526315,3.6710526315789473,2.58064516,0.5921052631578947,0.25396825,0.0984127,0.15555556,0.20503597,1.1578947368421053,0.26943005,0.74712644,3.1973684210526314,3.6120660706570273,-0.4146976496043959,4.434767139448146,"sa877574"
"Jefry Valdez","NYY","AA",25,30.1,7.714286522738123,2.9670332779762014,2.6,0.8901099833928604,0.2,0.07692308,0.12307692,0.21052632,1.1208792383465649,0.24705882,0.69832402,3.8571432613690617,4.669277392779998,-0.8121341314109363,4.883271410523828,"sa887660"
"Matt Milburn","OAK","AA",27,70.2,5.603774391573692,0.7641510533964126,7.33333333,1.273585088994021,0.14715719,0.02006689,0.1270903,0.28571429,1.2452831981274872,0.30901288,0.675,4.457547811479073,4.583347661183734,-0.12579984970466107,4.6492314210097305,"sa913084"
"Collin Kober","SEA","AA",26,39.2,10.890754906052674,4.537814544188614,2.4,0.6806721816282921,0.27118644,0.11299435,0.15819209,0.22666667,1.3613443632565843,0.31313131,0.77464789,3.4033609081414604,4.0846158566140645,-0.681254948472604,4.486096124378731,"sa913150"
"Noah Bremer","TEX","AA",25,68.1,8.560976246976248,3.292683171913941,2.6,1.0536586150124612,0.221843,0.08532423,0.13651877,0.2480916,1.3170732687655766,0.3015873,0.70754717,4.47804911380296,4.460061795247734,0.017987318555226395,4.312325572366954,"sa915571"
"Kade McClure","CHW","AA",25,68.1,10.14146416949494,2.6341465375311532,3.85,1.3170732687655766,0.27402135,0.07117438,0.20284698,0.24324324,1.214634236750476,0.30813953,0.77464789,3.819512479420172,4.0161739469581565,-0.19666146753798452,3.413004491913602,"sa915622"
"Matt Pidich","CIN","AA",26,38.1,9.860870873608249,3.052174318021601,3.23076923,0.7043479195434463,0.23595506,0.07303371,0.16292135,0.33536585,1.7739132788501613,0.43697479,0.55555556,7.513044475130094,3.3232788749182816,4.189765600211812,4.074537690586355,"sa915680"
"Colton Hock","MIA","AA",25,39.2,10.436973451633813,2.949579453722599,3.53846154,0.9075629088377228,0.28571429,0.08074534,0.20496894,0.20945946,1.1092435552461057,0.2755102,0.72916667,2.949579453722599,3.376329674066506,-0.42675022034390686,3.5304335126872814,"sa915685"
"Jeffrey Passantino","PIT","AA",25,76,8.763157894736842,2.3684210526315788,3.7,1.4210526315789473,0.22839506,0.0617284,0.16666667,0.25496689,1.2763157894736843,0.30092593,0.70559611,4.618421052631579,4.48911532853779,0.12930572409378893,4.706913255508009,"sa915726"
"Tyler Stevens","MIA","AA",25,31.2,10.515788418038175,4.263157466772233,2.46666667,2.2736839822785244,0.27407407,0.11111111,0.16296296,0.23076923,1.3263156563291392,0.26388889,0.91715976,3.4105259734177866,6.054171067525832,-2.6436450941080456,4.758029679145695,"sa915801"
"Johan Dominguez","CHW","AA",25,35.1,10.188680711952168,2.0377361423904334,5,1.273585088994021,0.27777778,0.05555556,0.22222222,0.27205882,1.273585088994021,0.35164835,0.73684211,4.330189302579671,3.656256772666358,0.6739325299133134,3.826824879631115,"sa916727"
"Miguel Figueroa","CIN","AA",23,40,13.5,5.625,2.4,1.575,0.31746032,0.13227513,0.18518519,0.27160494,1.725,0.38947368,0.75163399,5.4,4.701539754867554,0.6984602451324466,4.161852126009762,"sa916836"
"Juan Mota","CLE","AA",25,30,14.7,5.4,2.72222222,0.6,0.37121212,0.13636364,0.23484849,0.23214286,1.4666666666666666,0.39344262,0.64814815,4.2,3.115431118011475,1.0845688819885253,3.189960682888826,"sa917387"
"Joan Martinez","BOS","AA",24,36.1,12.633029291419534,4.954129133890013,2.55,0,0.33333333,0.13071895,0.20261438,0.17829457,1.1834864042070588,0.29487179,0.74468085,2.4770645669450064,2.689742929029806,-0.2126783620847994,3.941793137090839,"sa917483"
"Faustino Carrera","TBR","AA",22,47.2,6.041957397252074,2.643356361297782,2.28571429,0.7552446746565092,0.16580311,0.07253886,0.09326425,0.21468927,1.0909089745038467,0.24113475,0.7231405,3.2097898672901644,4.156784429524063,-0.9469945622338982,5.2332518720467185,"sa917740"
"Andres Sotillet","KCR","AA",24,31,9.290322580645162,3.774193548387097,2.46153846,1.1612903225806452,0.23529412,0.09558824,0.13970588,0.23966942,1.3548387096774193,0.29411765,0.67708333,4.935483870967742,4.544090046421174,0.3913938245465678,4.352685297112311,"sa917861"
"Travis MacGregor","PIT","AA",23,90.2,8.735295097720774,4.069853397801724,2.14634146,1.2904413212542052,0.21945137,0.10224439,0.11720698,0.26285714,1.4669119292889683,0.31726908,0.59294872,6.253677172231918,5.125725416328688,1.1279517559032302,5.026497751105383,"sa917950"
"Henry Henry","SDP","AA",22,67,7.925373134328358,4.164179104477612,1.90322581,0.40298507462686567,0.20415225,0.10726644,0.09688581,0.22440945,1.3134328358208955,0.28125,0.69476082,3.8955223880597014,3.8676336188814533,0.02788876917824812,4.977996981321876,"sa918121"
"Brandon White","ATL","AA",26,38.2,10.00861937310852,4.189654621301241,2.38888889,0.23275859007229113,0.25748503,0.10778443,0.1497006,0.20408163,1.2413791470522193,0.2815534,0.72016461,2.3275859007229114,3.065332902540911,-0.7377470018179997,4.232042741719626,"sa918249"
"Brandon Lawson","HOU","AA",26,95.1,7.080419958177044,2.737762383828457,2.5862069,0.47202799721180294,0.19181586,0.0741688,0.11764706,0.24858757,1.2272727927506877,0.30291971,0.66101695,4.153846375463866,3.7523012046668467,0.40154517079701924,4.408615628954972,"sa918264"
"Matt Dennis","COL","AA",26,96,7.40625,1.875,3.95,1.125,0.18990385,0.04807692,0.14182692,0.30690537,1.4583333333333333,0.36,0.6474259,5.8125,4.275847784678142,1.5366522153218583,4.235848382938033,"sa918295"
"Ruben Garcia","DET","AA",24,41,11.195121951219512,6.365853658536586,1.75862069,0.8780487804878049,0.26153846,0.14871795,0.11282051,0.24050633,1.6341463414634145,0.33009709,0.69164265,4.829268292682927,5.003235996060256,-0.17396770337732903,5.188823670803048,"sa918319"
"Jacob Bosiokovic","STL","AA",27,48.1,13.034484130278923,5.213793652111569,2.5,0.744827664587367,0.3255814,0.13023256,0.19534884,0.19230769,1.3034484130278923,0.28703704,0.625,4.2827590713773604,3.7071601482350567,0.5755989231423038,3.877658357870833,"sa918394"
"Connor Grey","NYM","AA",27,31.2,10.515788418038175,1.7052629867088933,6.16666667,0.8526314933544467,0.28030303,0.04545455,0.23484849,0.25619835,1.1684209353375752,0.34567901,0.63492063,4.547367964557049,3.4522732296148493,1.0950947349421996,4.400306512757312,"sa918420"
"Dakody Clemmer","CLE","AA",25,50.1,11.086093835499122,5.900662847926951,1.87878788,0.357615930177391,0.27927928,0.14864865,0.13063063,0.17977528,1.291390858973912,0.26315789,0.6557377,3.397351336685215,4.190927875013213,-0.7935765383279985,4.796327417500545,"sa918421"
"Jonathan Hennigan","PHI","AA",26,38.1,9.626088233760434,6.339131275891017,1.51851852,0.7043479195434463,0.21693122,0.14285714,0.07407407,0.28481013,1.8782611187825236,0.36842105,0.59888579,7.043479195434464,4.8197791171660045,2.2237000782684593,5.030035099251695,"sa918447"
"Joe Navilhon","DET","AA",27,55.1,11.222892597878017,2.4397592604082647,4.6,0.6506024694422039,0.30263158,0.06578947,0.23684211,0.22274882,1.1204820307060177,0.3115942,0.80479452,2.6024098777688156,2.8829009393871097,-0.28049106161829407,3.785845451613891,"sa918459"
"Pearson McMahan","WSN","AA",24,46,7.239130434782608,5.282608695652174,1.37037037,0.391304347826087,0.18592965,0.13567839,0.05025126,0.19642857,1.3043478260869565,0.24031008,0.60457516,3.9130434782608696,4.4936919875766925,-0.5806485093158229,5.735844171338755,"sa918461"
"Tyler Erwin","BAL","AA",26,32,8.4375,3.9375,2.14285714,1.6875,0.21276596,0.09929078,0.11347518,0.3015873,1.625,0.35555556,0.78475336,4.78125,5.484181118011475,-0.7029311180114748,4.664362140977755,"sa918535"
"Zach Matson","COL","AA",25,33,15.545454545454545,4.090909090909091,3.8,1.6363636363636365,0.39583333,0.10416667,0.29166667,0.224,1.303030303030303,0.35483871,0.59585492,5.7272727272727275,4.1517947543751115,1.575477972897616,3.0716077973896807,"sa918537"
"Skylar Arias","CLE","AA",24,40.1,11.826447772374149,7.809918340247079,1.51428571,0.4462810480141188,0.26767677,0.17676768,0.09090909,0.23178808,1.7355374089437954,0.34375,0.61868687,6.917356244218841,5.027828002948211,1.8895282412706305,5.705541802151309,"sa918539"
"Mike Ellenbest","TOR","AA",26,36,10.75,3.25,3.30769231,1.25,0.28104575,0.08496732,0.19607843,0.24637681,1.3055555555555556,0.32222222,0.54761905,5.5,4.182097784678142,1.3179022153218583,3.6837592173781664,"sa918550"
"Dylan Bice","MIA","AA",23,54.2,8.067072420160022,3.7865850135445003,2.13043478,1.1524389171657174,0.21777778,0.10222222,0.11555556,0.20100503,1.1524389171657174,0.23076923,0.81850534,3.1280484894498044,4.7003201218320925,-1.572271632382288,5.279878891621124,"sa918551"
"Troy Bacon","ATL","AA",24,38.2,9.775860783036228,4.189654621301241,2.33333333,0.23275859007229113,0.25,0.10714286,0.14285714,0.24161074,1.3965515404337467,0.33018868,0.78358209,2.7931030808674935,3.039470836977323,-0.24636775610982964,4.247928362031187,"sa918926"
"Yeizo Campos","NYM","AA",25,44,7.9772727272727275,3.272727272727273,2.4375,1.2272727272727273,0.203125,0.08333333,0.11979167,0.25581395,1.3636363636363635,0.2992126,0.75539568,3.8863636363636362,4.879067481647838,-0.9927038452842019,5.067165691303936,"sa919234"
"Jake Elliott","CHW","AA",26,55.2,7.760478332841306,3.3952092706180714,2.28571429,1.293413055473551,0.20512821,0.08974359,0.11538462,0.22748815,1.2395208448288197,0.25806452,0.75250836,3.718562534486459,4.784773161415657,-1.0662106269291982,4.946397421483664,"sa919409"
"Steven Moyers","SEA","AA",27,54,8,2.3333333333333335,3.42857143,0.5,0.23076923,0.06730769,0.16346154,0.21761658,1.037037037037037,0.27464789,0.73863636,2.8333333333333335,3.257351695166694,-0.4240183618333604,3.617887978255749,"sa920718"
"Kenny Hernandez","ARI","AA",23,56.2,5.558823030465247,2.5411762424983984,2.1875,1.588235151561499,0.1372549,0.0627451,0.0745098,0.30932203,1.5705880943219268,0.32984293,0.6025641,5.558823030465247,5.5442796144188655,0.014543416046381097,4.532101807279748,"sa943755"
"Osvaldo Hernandez","SDP","AA",23,100.1,7.8936881078010686,2.3322260318503156,3.38461538,1.794020024500243,0.19512195,0.05764967,0.13747228,0.28571429,1.4551495754279749,0.32051282,0.70731707,5.1129570698256925,5.243693608147488,-0.13073653832179577,4.895024858797397,"sa975541"