Name,Team,Level,Age,IP,K/9,BB/9,K/BB,HR/9,K%,BB%,K-BB%,AVG,WHIP,BABIP,LOB%,ERA,FIP,E-F,xFIP,PlayerId
"Brady Lail","TOR","AA",28,32,9.84375,2.8125,3.5,1.6875,0.23648649,0.06756757,0.16891892,0.33088235,1.71875,0.41052632,0.63786008,7.3125,4.789987277984619,2.5225127220153807,4.0465888062492015,"14707"
"Braden Shipley","SEA","AA",30,54.2,9.548779599373088,5.926828716852261,1.61111111,0.8231706551183696,0.24267782,0.15062762,0.09205021,0.18041237,1.2987803669645386,0.22900763,0.69863014,3.7865850135445003,5.294185721087086,-1.5076007075425855,5.378127330667047,"15158"
"Ronald Herrera","WSN","AA",27,129,7.953488372093023,2.372093023255814,3.35294118,1.1162790697674418,0.21428571,0.06390977,0.15037594,0.24340771,1.193798449612403,0.28650138,0.64421669,4.395348837209302,4.166925262480744,0.22842357472855834,4.115421908678011,"15688"
"Rob Kaminsky","SEA","AA",27,36.2,9.572725944834492,4.663635716714239,2.05263158,1.227272557030063,0.23636364,0.11515152,0.12121212,0.24475524,1.4727270684360756,0.3030303,0.66,4.909090228120252,5.203054843145981,-0.2939646150257289,4.901181972023109,"15792"
"Brandon Leibrandt","CHC","AA",29,32.2,12.122447092103437,1.3775508059208452,8.8,1.3775508059208452,0.33587786,0.03816794,0.29770992,0.28,1.2244896052629735,0.39473684,0.82352941,3.3061219342100285,3.4292444214429585,-0.12312248723292996,3.094543642211366,"16135"
"Daniel Gossett","MIN","AA",29,67.2,9.443351173340922,3.857143436998405,2.44827586,0.5320197844135731,0.25631769,0.10469314,0.15162455,0.17886179,1.0788178961719677,0.23391813,0.76368876,2.2610840837576855,3.8019354802339276,-1.540851396476242,4.447520970003147,"16164"
"A.J. Ladwig","DET","AA",29,100.1,6.5481730894258865,0.9867110134751336,6.63636364,1.0764120147001457,0.17096019,0.02576112,0.14519906,0.2961165,1.3255814625474018,0.33639144,0.69051581,4.036545055125547,4.112134534820806,-0.07558947969525853,4.581881506912619,"16266"
"Scott Blewett","CHW","AA",26,111,8.027027027027026,3.5675675675675675,2.25,1.054054054054054,0.20040486,0.08906883,0.11133603,0.2735426,1.4954954954954955,0.32634731,0.66534914,5.027027027027027,4.618341658136867,0.4086853688901604,4.857920900228862,"16427"
"Bubby Rossman","PHI","AA",30,44.2,11.283580804673289,5.0373128592291465,2.24,0.6044775431074976,0.30769231,0.13736264,0.17032967,0.18471338,1.2089550862149951,0.26530612,0.72289157,3.022387715537488,3.4597633922888784,-0.43737567675139033,4.008373908762177,"17179"
"Emmanuel Ramirez","NYY","AA",27,37.1,10.848215763666394,2.651786075562896,4.09090909,0.9642858456592349,0.32374101,0.07913669,0.24460432,0.16535433,0.8571429739193199,0.21794872,0.87591241,1.9285716913184698,3.3614158421146616,-1.4328441507961918,3.752551382309843,"17304"
"Jordan Yamamoto","NYM","AA",26,31.2,9.66315692468373,2.8421049778481557,3.4,1.989473484493709,0.23943662,0.07042254,0.16901408,0.2578125,1.3578946005274521,0.29885057,0.72580645,4.547367964557049,5.467618650874954,-0.920250686317905,4.746080333951342,"17585"
"Franklyn Kilome","WSN","AA",27,48,9.5625,2.0625,4.63636364,0.5625,0.2628866,0.05670103,0.20618557,0.20224719,0.9791666666666666,0.26612903,0.66945607,3.5625,3.1024872779846198,0.46001272201538024,3.6775371011346585,"17861"
"Brett Kennedy","BOS","AA",27,75.1,7.168142076890123,3.2256639346005556,2.22222222,0.9557522769186831,0.1863354,0.08385093,0.10248447,0.25517241,1.3407080551220416,0.2972973,0.71729958,3.942478142289568,4.476934252338712,-0.5344561100491436,4.844047863805059,"17877"
"Thomas Eshelman","SDP","AA",28,74.2,4.941964959003579,1.325893037781448,3.72727273,0.9642858456592349,0.12615385,0.03384615,0.09230769,0.30128205,1.4062501915863843,0.3269962,0.64718163,4.580357766881366,4.574564895216315,0.005792871665050825,5.255392203086017,"18361"
"Anderson Espinoza","CHC","AA",24,44.1,10.962407272729775,5.075188552189711,2.16,2.0300754208758844,0.27835052,0.12886598,0.14948454,0.24390244,1.4661655817436943,0.3,0.58928571,7.105263973065595,6.108621701413043,0.9966422716525525,4.9338684945178635,"18593"
"Lake Bachar","SDP","AA",27,45.1,8.735295097720774,3.573529812703953,2.44444444,1.985294340391085,0.21782178,0.08910891,0.12871287,0.26666667,1.4558825162867957,0.3015873,0.625,6.154412455212364,6.139953706668765,0.014458748543598965,5.421372709522215,"19222"
"Tyler Ferguson","ATL","AA",28,31.2,12.505261902531885,4.263157466772233,2.93333333,0.28421049778481555,0.31884058,0.10869565,0.21014493,0.2,1.2315788237342007,0.30666667,0.64039409,3.694736471202602,2.9191477939362604,0.7755886772663416,3.412518559735656,"19481"
"Alan Rangel","ATL","AA",24,114.2,10.90988468878854,3.9244189528016338,2.78,1.1773256858404901,0.27201566,0.09784736,0.1741683,0.26754386,1.5000001330708466,0.35430464,0.66025641,5.258721396754189,4.29742196461135,0.9612994321428392,4.524482969315039,"19524"
"Guillo Zuniga","LAD","AA",23,54.2,10.865852647562479,4.939023930710217,2.2,1.975609572284087,0.27385892,0.12448133,0.14937759,0.22488038,1.4085364543136547,0.26717557,0.75562701,4.774389799686544,5.952722245181782,-1.1783324454952382,4.849392071748419,"19588"
"Kyle Hart","BOS","AA",29,44,8.590909090909092,2.8636363636363638,3,1.2272727272727273,0.22826087,0.07608696,0.15217391,0.23952096,1.2272727272727273,0.28571429,0.65843621,4.909090909090909,4.437714550711892,0.47137635837901737,4.601103310286999,"19646"
"Sterling Sharp","BOS","AA",27,34,8.205882352941176,3.176470588235294,2.58333333,0.5294117647058824,0.21985816,0.08510638,0.13475177,0.2519685,1.2941176470588236,0.31914894,0.71759259,3.176470588235294,3.5914578662199133,-0.4149872779846193,4.284533467012293,"19671"
"CD Pelham","CHC","AA",27,31.2,9.378946426898914,4.547367964557049,2.0625,1.1368419911392622,0.2481203,0.12030075,0.12781955,0.22413793,1.3263156563291392,0.27848101,0.7486631,4.263157466772233,4.750726557438405,-0.48756909066617204,5.016848544367447,"19820"
"Antonio Santos","NYM","AA",25,30.2,10.271738065663829,4.108695226265532,2.5,1.1739129217901518,0.25925926,0.1037037,0.15555556,0.25833333,1.4673911522376897,0.33333333,0.71782178,4.695651687160607,4.295421969327233,0.40022971783337447,4.216005795829346,"20383"
"Eli Villalobos","MIA","AA",25,61.1,11.005435695269684,3.0815219946755112,3.57142857,1.320652283432362,0.31380753,0.08786611,0.22594142,0.19158879,1.0108696490469933,0.24615385,0.74906367,3.3750002798827032,4.2670882875842775,-0.8920880077015743,3.707683599804006,"20408"
"Ryan Walker","SFG","AA",26,45.2,11.036495121141963,4.7299264804894126,2.33333333,0.1970802700203922,0.2745098,0.11764706,0.15686275,0.21022727,1.3357662745826582,0.30252101,0.67610063,3.3503645903466674,3.086520161283966,0.26384442906270156,4.124625597658206,"20423"
"Bryan Sammons","MIN","AA",27,50,10.62,3.24,3.27777778,2.52,0.26940639,0.08219178,0.18721461,0.2361809,1.3,0.26190476,0.5907173,5.76,6.237600498199463,-0.4776004981994628,5.068003197014332,"20462"
"Grant Anderson","TEX","AA",25,54.2,12.347559826775544,2.6341460963787826,4.6875,0.9878047861420435,0.32051282,0.06837607,0.25213675,0.23004695,1.1890242796154227,0.32575758,0.82792208,2.7987802274024567,3.592966367175789,-0.7941861397733323,3.9164653292809333,"20546"
"Johan Quezada","STL","AA",27,30,11.7,7.8,1.5,0.6,0.26351351,0.17567568,0.08783784,0.275,1.9666666666666666,0.39240506,0.51546392,7.2,4.8242671648661295,2.3757328351338707,5.059423298140367,"20643"
"Angel Felipe","SDP","AA",24,39.2,11.117645633262104,5.6722681802357675,1.96,0.2268907272094307,0.27222222,0.13888889,0.13333333,0.2384106,1.5378149288639191,0.34653465,0.72327044,3.17647018093203,3.8080206598015587,-0.6315504788695288,4.225883889683882,"21163"
"Allan Winans","ATL","AA",26,44.1,8.932331851853892,1.827067878788296,4.88888889,0.4060150841751769,0.23157895,0.04736842,0.18421053,0.24571429,1.1729324653949555,0.31782946,0.70652174,2.4360905050510615,3.198846931490941,-0.7627564264398794,3.7243177733722086,"21238"
"Josh Maciejewski","NYY","AA",26,34.1,12.582526135865168,3.145631533966292,4,0.5242719223277152,0.33103448,0.08275862,0.24827586,0.21804511,1.1941749341909071,0.3253012,0.68062827,2.883495572802434,2.4246958691433793,0.45879970365905454,3.3817230220468013,"21310"
"Stephen Kolek","SEA","AA",25,143.2,8.645012213050663,4.134571058415534,2.09090909,0.62645016036599,0.21698113,0.10377358,0.11320755,0.25362319,1.4338748115043771,0.32178218,0.69047619,4.510441154635128,4.495419575963851,0.01502157867127707,5.16477201794967,"21487"
"Jake Irvin","WSN","AA",25,73.1,9.572727936673802,2.454545624788154,3.9,1.1045455311546695,0.25490196,0.06535948,0.18954248,0.23655914,1.1727273540654515,0.296875,0.65920398,4.786363968336901,3.9877145904351887,0.7986493779017123,4.1664463851596905,"21504"
"Thaddeus Ward","BOS","AA",25,33.1,11.070001689148206,3.7800005767823146,2.92857143,0.8100001235962103,0.29496403,0.10071942,0.1942446,0.22764228,1.2600001922607715,0.3164557,0.77889447,2.4300003707886306,3.5649873008728066,-1.134986930084176,3.742524086445226,"21513"
"Hogan Harris","OAK","AA",25,32.1,13.360826844021016,5.288660625758319,2.52631579,0,0.36090226,0.14285714,0.21804511,0.13636364,1.0515465571683207,0.24193548,0.84210526,1.670103355502627,2.9225488204481493,-1.2524454649455223,4.052470371979222,"21520"
"James McArthur","PHI","AA",25,57,10.263157894736842,4.105263157894737,2.5,1.5789473684210527,0.25,0.1,0.15,0.28695652,1.6140350877192982,0.36129032,0.69512195,5.052631578947368,4.9939346464056715,0.05869693254169661,4.452340626298335,"21527"
"Chase Shugart","BOS","AA",25,31,9.870967741935484,2.903225806451613,3.4,0.8709677419354839,0.2556391,0.07518797,0.18045113,0.23966942,1.2580645161290323,0.30952381,0.65217391,3.774193548387097,3.6407937295975223,0.13339981878957463,3.5319077616737737,"21544"
"Grant Wolfram","TEX","AA",25,57,11.210526315789474,6.7894736842105265,1.65116279,0.47368421052631576,0.27307692,0.16538462,0.10769231,0.22897196,1.6140350877192982,0.32857143,0.6938326,4.421052631578948,4.371635585918761,0.04941704566018679,5.549230898838294,"21623"
"Luis Medina","OAK","AA",23,92.2,10.392085974436494,6.0215825272435755,1.72580645,0.6798560917855649,0.25415677,0.14726841,0.10688836,0.23076923,1.5431654146878697,0.31223629,0.64447592,5.2446041366315015,4.43024631841077,0.8143578182207314,4.640911049019586,"21649"
"Luis Oviedo","CLE","AA",23,52.2,9.5696217766217,6.664558023004398,1.43589744,1.3670888252316715,0.224,0.156,0.068,0.23902439,1.6708863419498206,0.29078014,0.71256039,5.639241404080645,5.826380066934929,-0.18713866285428438,5.292754952861523,"21728"
"Javier Assad","CHC","AA",24,71.2,9.293024574886529,3.5162795688759836,2.64285714,0.7534884790448536,0.24749164,0.09364548,0.15384615,0.25373134,1.3395350738575176,0.32978723,0.8388521,2.5116282634828453,3.9032359002125268,-1.3916076367296815,4.323694736899672,"21741"
"Cole Ragans","TEX","AA",24,51.1,11.396105025264694,3.3311691612312178,3.42105263,1.0519481561782793,0.3125,0.09134615,0.22115385,0.21808511,1.1688312846425326,0.2991453,0.81749049,2.8051950831420784,3.913444669485134,-1.1082495863430557,4.054606183041015,"21846"
"Riley Pint","COL","AA",24,42.2,11.601561116986142,6.117186770774511,1.89655172,0.8437498994171739,0.29569892,0.15591398,0.13978495,0.20805369,1.4062498323619566,0.3,0.72115385,4.640624446794456,4.657174629904347,-0.016550183109890426,4.273374714587264,"21858"
"Brenan Hanifee","BAL","AA",24,38,8.289473684210526,2.8421052631578947,2.91666667,0.9473684210526315,0.22292994,0.07643312,0.14649682,0.2027972,1.0789473684210527,0.24038462,0.6684492,4.026315789473684,4.04656622535304,-0.0202504358793556,4.227037998563365,"22304"
"Jose E. Hernandez","LAD","AA",24,38.2,10.939653733397684,4.189654621301241,2.61111111,1.629310130506038,0.29746835,0.11392405,0.1835443,0.2173913,1.2413791470522193,0.27380952,0.7960199,3.956896031228949,5.231738235323974,-1.2748422040950245,4.183080255228478,"22318"
"Taj Bradley","TBR","AA",21,74.1,10.654709249228524,2.1793723464331074,4.88888889,0.48430496587402383,0.30877193,0.06315789,0.24561404,0.18867925,0.9147982688731562,0.26589595,0.82298137,1.6950673805590835,2.7213190161025658,-1.0262516355434823,3.754574797800547,"22543"
"Angel Zerpa","KCR","AA",22,64,9.703125,2.953125,3.28571429,0.984375,0.24820144,0.07553957,0.17266187,0.27559055,1.421875,0.35393258,0.71258907,4.359375,4.148225498199463,0.21114950180053693,4.194239425752312,"22717"
"Francisco Morales","PHI","AA",22,30.1,16.021979701071487,5.0439565725595426,3.17647059,0,0.46551724,0.14655172,0.31896552,0.09183673,0.8571429469709027,0.20454545,0.81481481,1.4835166389881007,1.6347673111988985,-0.1512506722107978,2.75814024767016,"22913"
"Prelander Berroa","SEA","AA",22,35,13.628571428571428,6.428571428571429,2.12,0.7714285714285715,0.3557047,0.16778523,0.18791946,0.16393443,1.2857142857142858,0.25757576,0.70093458,4.371428571428571,4.157600498199463,0.21382807322910757,4.2859720770801815,"22932"
"Jose Lopez","TBR","AA",23,55.1,14.801206179810139,5.692771607619284,2.6,0.16265061736055098,0.38723404,0.14893617,0.23829787,0.16410256,1.2108434847952128,0.30097087,0.75070822,2.6024098777688156,2.6967633720267195,-0.09435349425790385,3.5251431054258906,"22982"
"Eduardo Salazar","CIN","AA",24,125.2,7.9496027655242,4.583554747689629,1.734375,0.787798472259155,0.19646018,0.11327434,0.08318584,0.26694045,1.5437667032149098,0.3260274,0.67497404,5.156499091150833,4.815727472607588,0.3407716185432452,5.2468958253048115,"23135"
"Steven Cruz","MIN","AA",23,56,11.571428571428571,5.625,2.05714286,0.6428571428571429,0.28015564,0.13618677,0.14396887,0.24657534,1.5892857142857142,0.34965035,0.65972222,5.142857142857143,4.150457641056606,0.9923995018005369,4.775207828943219,"23165"
"Michael Mercado","TBR","AA",23,102.2,10.081169830041844,3.155844468534838,3.19444444,1.490259887919229,0.25842697,0.08089888,0.17752809,0.25310174,1.3441559773389125,0.31365314,0.72379368,4.909091395498637,4.7219161246273,0.18717527087133679,4.520914780661636,"23223"
"Jose Butto","NYM","AA",24,92.1,10.527076392167647,3.4115525344987745,3.08571429,1.3646210137995098,0.2720403,0.08816121,0.18387909,0.24362606,1.3104693862677832,0.31168831,0.77898551,3.9963901118414213,4.47635917760646,-0.4799690657650384,4.165966269804386,"23313"
"Freddy Tarnok","ATL","AA",23,62.2,10.771275721507319,3.8776592597426345,2.77777778,1.1489360769607806,0.27777778,0.1,0.17777778,0.225,1.292553086580878,0.29299363,0.71428571,4.308510288602927,4.284433224687974,0.024077063914953456,4.680263105073788,"23324"
"Joey Cantillo","CLE","AA",22,60.2,12.906592324511156,4.153845805589797,3.10714286,0.2967032718278426,0.35510204,0.11428571,0.24081633,0.17757009,1.0879119967020896,0.288,0.78549849,1.9285712668809771,2.5083939473995445,-0.5798226805185673,3.279788874175127,"23335"
"PJ Poulin","COL","AA",25,40.2,12.172129625147882,2.6557373727595377,4.58333333,0.885245790919846,0.33536585,0.07317073,0.26219512,0.18918919,0.9836064343553844,0.26966292,0.80729167,2.213114477299615,3.169085669395774,-0.9559711920961589,2.804497874508768,"23394"
"Keaton Winn","SFG","AA",24,30.1,7.120879867142883,1.7802199667857208,4,1.1868133111904806,0.1875,0.046875,0.140625,0.29166667,1.3516484933002695,0.33695652,0.77540107,4.153846589166682,4.338064297799438,-0.18421770863275544,4.359900214767764,"23499"
"Ben Brown","CHC","AA",22,31,12.774193548387096,3.774193548387097,3.38461538,0.8709677419354839,0.32116788,0.09489051,0.22627737,0.26829268,1.4838709677419355,0.39473684,0.74766355,4.064516129032258,3.3564991704879272,0.7080169585443308,3.2782525943171597,"23590"
"Omar Cruz","PIT","AA",23,62.2,9.909573663786732,4.021276269362732,2.46428571,1.292553086580878,0.24295775,0.09859155,0.1443662,0.24796748,1.4202126506876316,0.30952381,0.72916667,5.026595336703415,4.899029710725627,0.12756562597778753,5.058751161363672,"23875"
"Brayan Bello","BOS","AA",23,37.1,11.571430147910819,2.8928575369777048,4,0.7232143842444262,0.33802817,0.08450704,0.25352113,0.13846154,0.8035715380493624,0.18987342,0.85271318,1.6875002299036612,2.8524872013500655,-1.1649869714464043,2.4301672970535955,"23920"
"Kai-Wei Teng","SFG","AA",23,136.1,11.156478385162101,5.61124652508153,1.98823529,0.9242053100134284,0.27214171,0.13687601,0.1352657,0.23552124,1.518337295022061,0.32238806,0.67185979,5.215158535075775,4.537236583000926,0.6779219520748496,4.4974354770169755,"24282"
"Edgar Navarro","CHW","AA",24,43.1,11.215385931793909,7.476923954529273,1.5,0.6230769962107727,0.26600985,0.1773399,0.08866995,0.18125,1.5000001760629713,0.25242718,0.69321534,3.5307696451943786,4.966921169235881,-1.436151524041502,5.277911592939784,"24363"
"Adam Kloffenstein","TOR","AA",21,86,9.209302325581396,4.709302325581396,1.95555556,1.255813953488372,0.22166247,0.11335013,0.10831234,0.28571429,1.6627906976744187,0.35390947,0.67307692,6.069767441860465,5.066150068682293,1.0036173731781721,4.8551205512396125,"24493"
"Simeon Woods Richardson","MIN","AA",21,70.2,9.80660518525396,3.3113212313844547,2.96153846,0.5094340355976084,0.26829268,0.09059233,0.17770035,0.21705426,1.1603775255278859,0.29378531,0.75566751,3.0566042135856506,3.5453363167004595,-0.48873210311480886,4.557413843626805,"24494"
"John Rooney","LAD","AA",25,98,9.091836734693878,4.408163265306122,2.0625,1.7448979591836735,0.225,0.10909091,0.11590909,0.27272727,1.5612244897959184,0.32209738,0.56221889,6.153061224489796,5.941273967587218,0.2117872569025776,5.302603991116796,"24590"
"Drew Rom","BAL","AA",22,82.1,11.040486512001841,3.170040681663895,3.48275862,0.9838057287922433,0.27595628,0.07923497,0.19672131,0.27710843,1.469635718319277,0.37387387,0.72310406,4.372469905743303,3.621465023533609,0.7510048822096942,3.7430344041494386,"24602"
"Jonathan Bowlan","KCR","AA",25,39,6.923076923076923,3.923076923076923,1.76470588,1.6153846153846154,0.16393443,0.09289617,0.07103825,0.31481481,1.7435897435897436,0.352,0.62700965,6.923076923076923,6.167856908455873,0.7552200146210506,6.064934101318702,"24607"
"Randy Vasquez","NYY","AA",23,115.1,9.364162262675656,3.199422106414182,2.92682927,0.8583815407452684,0.24193548,0.08266129,0.15927419,0.23820225,1.2745665301975198,0.30254777,0.71327684,3.9017342761148566,3.900536432345579,0.0011978437692774513,4.097630652295493,"24719"
"Mike Burrows","PIT","AA",22,52,11.942307692307692,3.2884615384615383,3.63157895,0.5192307692307693,0.32394366,0.08920188,0.23474178,0.19791667,1.0961538461538463,0.29166667,0.76642336,2.9423076923076925,2.722679585676927,0.2196281066307657,3.938582018476266,"24728"
"Gus Varland","LAD","AA",25,70.2,10.825473256449179,4.712264829277878,2.2972973,1.400943597893423,0.26234568,0.11419753,0.14814815,0.28417266,1.6415096702589604,0.37362637,0.64781022,6.113208427171301,5.328355441292089,0.7848529858792119,5.003459562257169,"24737"
"Kyle Leahy","STL","AA",25,141,9.191489361702128,4.531914893617022,2.02816901,1.4042553191489362,0.22535211,0.11111111,0.114241,0.27629234,1.6028368794326242,0.33670886,0.70722057,5.23404255319149,5.402990569121449,-0.168948015929959,4.7688656313833615,"24763"
"Chris Vallimont","BAL","AA",25,32,10.6875,7.59375,1.40740741,0.5625,0.23899371,0.16981132,0.06918239,0.25581395,1.875,0.34831461,0.63122924,6.1875,4.868413877487183,1.3190861225128172,6.194784005917609,"24935"
"Reese Olson","DET","AA",22,119.2,12.635098567110328,2.8579389616082884,4.42105263,1.1281338006348507,0.33070866,0.07480315,0.25590551,0.2344086,1.2284123606912818,0.33333333,0.66412214,4.136490602327786,3.314708717928188,0.8217818843995981,3.0830687973256463,"24968"
"Colin Selby","PIT","AA",24,32.2,11.29591660855093,3.8571422565783666,2.92857143,0.27551016118416904,0.29710145,0.10144928,0.19565217,0.21774194,1.255101845394548,0.31707317,0.70707071,2.2040812894733524,2.588456794432112,-0.3843755049587596,3.3284595716675285,"24986"
"Evan Lee","WSN","AA",25,30,11.1,4.5,2.46666667,0.6,0.29365079,0.11904762,0.17460317,0.22727273,1.3333333333333333,0.32394366,0.73298429,3.6,3.4149872779846193,0.18501272201538077,3.890694393714269,"24988"
"Kody Funderburk","MIN","AA",25,107,8.663551401869158,3.7009345794392523,2.34090909,0.6728971962616822,0.22440087,0.09586057,0.12854031,0.24019608,1.3271028037383177,0.3030303,0.79825835,2.94392523364486,4.234236012218155,-1.2903107785732946,4.514221584212001,"24993"
"Garrett Hill","DET","AA",26,32,14.625,2.8125,5.2,0.84375,0.40944882,0.07874016,0.33070866,0.16666667,0.90625,0.27118644,0.82733813,2.25,2.6024872779846193,-0.3524872779846193,2.4970039965584876,"25097"
"Devin Sweet","SEA","AA",25,58,10.551724137931034,3.5689655172413794,2.95652174,1.396551724137931,0.27419355,0.09274194,0.18145161,0.239819,1.3103448275862069,0.30555556,0.6379822,5.275862068965517,4.826566015440842,0.44929605352467483,4.729015902815194,"25348"
"Jhony Brito","NYY","AA",24,42,8.142857142857142,2.357142857142857,3.45454545,0.8571428571428571,0.22754491,0.06586826,0.16167665,0.23225806,1.119047619047619,0.28318584,0.80188679,2.357142857142857,3.700701563698905,-1.3435587065560477,3.974620750830287,"25386"
"Nash Walters","MIL","AA",25,47,12.638297872340425,2.872340425531915,4.4,0.574468085106383,0.33,0.075,0.255,0.24175824,1.2553191489361701,0.36283186,0.62283737,4.595744680851064,2.7525183880582773,1.843226292792787,3.546754368315352,"25413"
"Blair Calvo","COL","AA",26,35,12.085714285714285,2.8285714285714287,4.27272727,0.5142857142857142,0.32191781,0.07534247,0.24657534,0.2481203,1.2571428571428571,0.36904762,0.78703704,3.085714285714286,2.5864158494131906,0.49929843630109527,3.0384188864912307,"25416"
"Gavin Hollowell","COL","AA",24,48.2,11.835615201389343,2.5890408253039188,4.57142857,0.5547944625651255,0.34042553,0.07446809,0.26595745,0.17751479,0.9041094945505749,0.26470588,0.69196429,3.1438352878690443,2.7574531001296556,0.3863821877393887,3.515584838695324,"25427"
"Brandon Williamson","CIN","AA",24,67.1,9.891089856069573,5.346535057334904,1.85,0.668316882166863,0.24832215,0.13422819,0.11409396,0.24110672,1.5000001133078482,0.32183908,0.75757576,4.143564669434551,4.3545829081603165,-0.21101823872576553,5.254953704729502,"25463"
"Joe La Sorsa","TBR","AA",24,34.1,8.91262267957116,0.786407883491573,11.33333333,0.786407883491573,0.25954198,0.02290076,0.23664122,0.20967742,0.8446603193057635,0.26436782,0.72916667,3.145631533966292,3.349295878844068,-0.20366434487777596,3.973389090680016,"25481"
"Paxton Schultz","TOR","AA",24,104.2,8.512739680854134,4.385350744682433,1.94117647,1.2898090425536568,0.21568627,0.11111111,0.10457516,0.24938272,1.452229440504858,0.29553265,0.76119403,4.041401666668125,4.934095705881148,-0.8926940392130236,4.920830767301212,"25501"
"Matt Waldron","SDP","AA",25,44.1,7.714286599328361,2.0300754208758844,3.8,0.4060150841751769,0.21468927,0.05649718,0.15819209,0.25454545,1.1729324653949555,0.32,0.7421875,2.842105589226238,3.4418109882854364,-0.5997053990591983,4.228808237188374,"25550"
"Sammy Peralta","CHW","AA",24,56,10.928571428571429,3.0535714285714284,3.57894737,0.8035714285714286,0.29310345,0.08189655,0.2112069,0.22596154,1.1785714285714286,0.31111111,0.671875,3.6964285714285716,3.600162764957973,0.09626580647059857,3.546901809530599,"25589"
"Xzavion Curry","CLE","AA",23,69,10.434782608695652,2.4782608695652173,4.21052632,1.173913043478261,0.28368794,0.06737589,0.21631206,0.21538462,1.0869565217391304,0.2748538,0.70336391,3.652173913043478,3.748320611317953,-0.09614669827447475,3.960724817065225,"25595"
"Hunter Gaddis","CLE","AA",24,76.1,12.026201674695523,3.065502387667486,3.92307692,1.414847255846532,0.32692308,0.08333333,0.24358974,0.22183099,1.1659389423179756,0.3,0.7277628,4.244541767539596,3.886603029933463,0.3579387376061334,3.567684539642526,"25636"
"Justin Slaten","TEX","AA",24,50.2,11.368419911392623,8.526314933544466,1.33333333,1.0657893666930582,0.26337449,0.19753086,0.06584362,0.25128205,1.914473492022716,0.344,0.63205418,6.92763088350488,5.612863469850343,1.314767413654537,5.6872091839071075,"25648"
"Levi Stoudt","CIN","AA",24,92,8.608695652173912,2.152173913043478,4,1.2717391304347827,0.22622108,0.05655527,0.16966581,0.25966851,1.2608695652173914,0.31034483,0.67120623,4.989130434782608,4.5524214288462765,0.4367090059363319,4.599963796138764,"25650"
"McKinley Moore","PHI","AA",23,49.2,12.865770494522966,4.711408913487284,2.73076923,0.5436241054023788,0.31277533,0.11453744,0.19823789,0.25380711,1.5302011855770663,0.38211382,0.62005277,4.348992843219031,3.1532423383464367,1.1957505048725938,3.4595090634480514,"25663"
"Zak Kent","TEX","AA",24,82.2,9.471775359095341,3.266129434170807,2.9,1.197580792529296,0.24576271,0.08474576,0.16101695,0.25856698,1.3669356520788933,0.32286996,0.70576541,4.681452188978157,4.580181244583223,0.10127094439493423,4.365582691778792,"25703"
"Jeff Lindgren","MIA","AA",25,68.2,8.78155469898923,3.2766995145482207,2.68,0.9174758640735018,0.23843416,0.08896797,0.14946619,0.224,1.1796118252373593,0.27840909,0.79015544,3.145631533966292,4.310461069778213,-1.1648295358119207,4.421020444915708,"25830"
"Luis Contreras","MIL","AA",26,42,12.642857142857142,4.5,2.80952381,0.42857142857142855,0.33146067,0.11797753,0.21348315,0.19607843,1.2142857142857142,0.30434783,0.78544061,3,3.1775437173389256,-0.1775437173389256,4.035100538673856,"25839"
"Noah Davis","COL","AA",25,133.1,10.25999921722418,4.049999691009545,2.53333333,1.7549998661041362,0.2585034,0.10204082,0.15646259,0.25825243,1.4474998895645226,0.31750742,0.70754717,5.5349995777130445,5.3124871332168695,0.22251244449617502,4.68262535705705,"25862"
"Casey Legumina","MIN","AA",25,73,9.36986301369863,3.9452054794520546,2.375,1.356164383561644,0.22891566,0.09638554,0.13253012,0.26351351,1.5068493150684932,0.32057416,0.72008114,4.931506849315069,5.1137648817611066,-0.1822580324460379,5.085235252241566,"25921"
"Darius Vines","ATL","AA",24,107,10.682242990654206,2.5233644859813085,4.23333333,1.3457943925233644,0.28539326,0.06741573,0.21797753,0.24271845,1.2149532710280373,0.31226766,0.72332731,3.953271028037383,4.077632724904569,-0.12436169686718568,3.8873743032740657,"25928"
"Josh Simpson","MIA","AA",24,55.2,14.389220242143255,4.688622326091623,3.06896552,0.8083831596709694,0.39910314,0.13004484,0.2690583,0.16315789,1.0778442128946257,0.27083333,0.70175439,3.880239166420653,3.3308086390920844,0.5494305273285685,2.9915660207961627,"25957"
"Quinn Priester","PIT","AA",21,75.1,8.960177596112654,2.6283187615263786,3.40909091,0.47787613845934157,0.24038462,0.07051282,0.1698718,0.23943662,1.194690346148354,0.31219512,0.7300885,2.8672568307560495,3.229146557472653,-0.36188972671660347,3.8547546641437487,"25977"
"Brendan White","DET","AA",23,67.1,9.7574264796362,2.272277399367334,4.29411765,0.4009901293001178,0.27137546,0.06319703,0.20817844,0.18032787,0.9059406624928588,0.24404762,0.67901235,2.673267528667452,2.939739717332628,-0.26647218866517575,3.3496762558907505,"26024"
"Anthony Maldonado","MIA","AA",24,41.2,12.527998470703311,3.239999604492236,3.86666667,1.7279997890625258,0.33526012,0.0867052,0.24855491,0.21568627,1.1519998593750171,0.28735632,0.81339713,3.6719995517578674,4.734305481475848,-1.0623059297179802,3.9557101256410823,"26034"
"Sawyer Gipson-Long","DET","AA",24,73.1,8.59090789921044,1.8409088355450944,4.66666667,1.4727270684360756,0.22012579,0.04716981,0.17295598,0.27946128,1.336363450988291,0.33023256,0.61926606,5.890908273744302,4.668238463738934,1.2226698100053683,4.239860895106384,"26048"
"Brandon Walter","BOS","AA",25,50,12.24,0.54,22.66666667,1.08,0.34693878,0.01530612,0.33163265,0.19148936,0.78,0.26315789,0.6741573,2.88,2.734987277984619,0.14501272201538074,2.259212256073952,"26056"
"Easton Lucas","BAL","AA",25,56.2,10.323528485149744,3.9705878789037476,2.6,0.9529410909368995,0.26859504,0.10330579,0.16528926,0.23364486,1.3235292929679159,0.30769231,0.66091954,4.764705454684497,3.9796931096509303,0.7850123450335671,4.079226264166419,"26058"
"Kolton Ingram","LAA","AA",25,60.2,10.829669421716256,2.5219778105366624,4.29411765,0.890109815483528,0.30801688,0.07172996,0.23628692,0.18309859,0.9230768456866215,0.24626866,0.76923077,2.670329446450584,3.6482396825070174,-0.9779102360564336,3.568273408069796,"26068"
"Chris Murphy","BOS","AA",24,76.2,10.682610113075603,3.6391309176411397,2.93548387,0.7043479195434463,0.29836066,0.10163934,0.19672131,0.16911765,1.0043479593489884,0.22857143,0.7223796,2.58260903832597,3.3497698780268923,-0.7671608397009222,3.9688175979026306,"26214"
"Nick Robertson","LAD","AA",23,55.1,11.71084444995967,4.3915666687348764,2.66666667,1.1385543215238567,0.28915663,0.10843373,0.18072289,0.23963134,1.4277109746092806,0.32608696,0.68733154,4.8795185208165295,4.53470900336654,0.3448095174499892,4.242081911081737,"26226"
"Erik Miller","PHI","AA",24,36.1,10.89908409455803,4.211009763806511,2.58823529,0,0.30136986,0.11643836,0.18493151,0.19685039,1.1559634645743364,0.30120482,0.79545455,2.229358110250506,2.5617761493702282,-0.33241803911972223,3.798048577923126,"26252"
"Blake Walston","ARI","AA",21,106.1,9.310345272929764,3.300940596766007,2.82051282,1.3542320396988747,0.23965142,0.08496732,0.1546841,0.27644231,1.4482759313446298,0.34137931,0.70058997,5.16300965135196,4.857914030454799,0.3050956208971609,4.701511732825904,"26270"
"Taylor Rashi","SFG","AA",26,35,13.371428571428572,3.342857142857143,4,0.2571428571428571,0.37410072,0.09352518,0.28057554,0.16935484,0.9714285714285714,0.28169014,0.66473988,2.8285714285714287,2.1007015636989053,0.7278698648725235,3.101149495158877,"26344"
"DJ Herz","CHC","AA",21,31.2,11.936840906962253,9.378946426898914,1.27272727,1.4210524889240779,0.26582278,0.20886076,0.05696203,0.20689655,1.7999998193038318,0.27536232,0.55932203,8.242104435759652,6.961252651320304,1.2808517844393474,6.565765852455317,"26389"
"Cody Laweryson","MIN","AA",24,59.2,10.407820341839468,2.262569639530319,4.6,0.3016759519373759,0.30666667,0.06666667,0.24,0.19617225,0.9385474060273916,0.2826087,0.92250923,1.0558658317808156,2.6849748913110156,-1.6291090595302,3.911187948704969,"26429"
"Jayden Murray","HOU","AA",25,103.2,7.900322173288402,2.9517687240857766,2.67647059,1.0418007261479212,0.2087156,0.07798165,0.13073395,0.22531646,1.1864952714462436,0.26369863,0.72438163,3.212218905622757,4.564216241121223,-1.3519973354984658,4.620743819734504,"26482"
"Alec Marsh","KCR","AA",24,114.1,11.571429086198238,4.250729052072822,2.72222222,2.125364526036411,0.27425373,0.10074627,0.17350746,0.28781513,1.6705540101767675,0.36423841,0.60301508,7.320700034125416,5.8304868877905305,1.4902131463348853,4.753839734064115,"27451"
"Anthony Veneziano","KCR","AA",24,122.2,9.464674697931928,4.8423917059186605,1.95454545,1.7608697112431495,0.22791519,0.11660777,0.11130742,0.2703252,1.6222827432286422,0.32153392,0.67474048,5.722826561540235,6.007600684787931,-0.28477412324769613,5.690775166975971,"27453"
"Emerson Hancock","SEA","AA",23,98.1,8.420339418590451,3.477966281591708,2.42105263,1.4644068554070349,0.22276029,0.09200969,0.13075061,0.21621622,1.2000000620696536,0.24427481,0.74552684,3.752542566980527,5.313532782069438,-1.560990215088911,5.4274793626876185,"27470"
"Jared Shuster","ATL","AA",23,90.2,10.52206000407275,2.1838237744301936,4.81818182,0.794117736156434,0.30028329,0.06232295,0.23796034,0.19637462,0.9595589311890245,0.26267281,0.75197889,2.779412076547519,3.119070276009577,-0.339658199462058,3.46281405104879,"27472"
"Bryce Jarvis","ARI","AA",24,106.2,9.28125088512906,5.0625004827976685,1.83333333,2.278125217258951,0.21782178,0.11881188,0.0990099,0.32191781,1.884375179708021,0.37873754,0.61104583,8.268750788569525,6.870100795030623,1.3986499935389016,5.438801633431574,"27477"
"Bobby Miller","LAD","AA",23,91,11.571428571428571,3.065934065934066,3.77419355,0.7912087912087912,0.3046875,0.08072917,0.22395833,0.22285714,1.1978021978021978,0.31111111,0.625,4.450549450549451,3.4499081905071547,1.000641260042296,3.473237122775434,"27483"
"Landon Knack","LAD","AA",24,64.2,11.134022370017513,3.7577325498809104,2.96296296,1.1134022370017513,0.28368794,0.09574468,0.18794326,0.25296443,1.407216716210547,0.33939394,0.64792176,5.010310066507881,4.23698201690855,0.7733280495993302,4.162199304031524,"27487"
"Karl Kauffmann","COL","AA",24,77.2,9.733906854314434,3.9399146791272703,2.47058824,1.0429185915336892,0.25609756,0.10365854,0.15243902,0.24315068,1.3519315075436713,0.31155779,0.75211864,4.055794522631014,4.1488929535083265,-0.09309843087731284,3.8589675384063824,"27488"
"Clayton Beeter","LAD","AA",23,77,15.077921704430477,5.376623243440325,2.80434783,1.2857142538661646,0.37068966,0.13218391,0.23850575,0.21404682,1.4285713931846273,0.33333333,0.71721311,4.558441445525493,4.0604636878015805,0.4979777577239126,3.644944038311934,"27494"
"Slade Cecconi","ARI","AA",23,129.2,8.814910717248654,2.2210798657634405,3.96875,1.5269924077123653,0.22438163,0.0565371,0.16784452,0.26526718,1.3187661702970428,0.312,0.69906791,4.3727509857217735,4.976109591222461,-0.6033586055006879,4.850068187636008,"27500"
"Kyle Hurt","LAD","AA",24,31,13.064516129032258,10.741935483870968,1.21621622,0.8709677419354839,0.26627219,0.21893491,0.04733728,0.2734375,2.3225806451612905,0.4,0.57103064,9.290322580645162,6.080181143360754,3.210141437284408,6.168996790147597,"27514"
"Carmen Mlodzinski","PIT","AA",23,105.1,9.484177673155274,3.4177216840199187,2.775,0.8544304210049797,0.24130435,0.08695652,0.15434783,0.26139089,1.4145570303304662,0.33445946,0.64492754,4.784810357627886,3.766253117731111,1.0185572398967748,4.546616925732469,"27572"
"Logan Allen","CLE","AA",23,73,12.821917808219178,2.712328767123288,4.72727273,1.1095890410958904,0.35616438,0.07534247,0.28082192,0.21641791,1.095890410958904,0.31612903,0.7925072,3.328767123287671,3.1547133053818794,0.17405381790579177,2.846253885879909,"27589"
"Cody Bradford","TEX","AA",24,118.2,9.404495188209035,2.502809203313695,3.75757576,1.3651686563529246,0.24652087,0.06560636,0.18091451,0.24568966,1.238764151135061,0.29813665,0.64945227,5.00561840662739,4.625578100695458,0.3800403059319315,4.882073673125443,"27597"
"Jeff Criswell","OAK","AA",23,57.2,8.89595297259266,3.7456644095126985,2.375,0.9364161023781746,0.22619048,0.0952381,0.13095238,0.26754386,1.4739883092989787,0.33333333,0.74412533,4.213872460701786,4.381877899784913,-0.16800543908312626,5.171244332024534,"27608"
"Walter Pennington","KCR","AA",24,62,7.548387096774194,4.209677419354839,1.79310345,0.5806451612903226,0.18637993,0.10394265,0.08243728,0.30487805,1.6774193548387097,0.37368421,0.59570313,5.661290322580645,4.515665014328495,1.14562530825215,4.715175462490128,"27624"
"Luis Ortiz","PIT","AA",23,114.1,9.918367788169919,2.6763849587125175,3.70588235,1.4956268886922892,0.26923077,0.07264957,0.1965812,0.23419204,1.1720117139460045,0.28723404,0.68181818,4.644315075412898,4.447057294743042,0.19725778066985633,3.76334867555277,"27646"
"Connor Phillips","CIN","AA",21,45.2,11.824816201223532,6.700729180693335,1.76470588,0.5912408100611766,0.2764977,0.15668203,0.11981567,0.26373626,1.7956202379635733,0.37815126,0.72335025,4.927006750509805,4.107853008821876,0.8191537416879289,5.064564916748905,"27649"
"Tanner Gordon","ATL","AA",24,98.1,8.877966560905149,3.3864408531287684,2.62162162,1.4644068554070349,0.22663551,0.0864486,0.14018692,0.27249357,1.4542373633555972,0.32608696,0.67699837,5.3084748508505015,4.914509080839174,0.39396577001132727,4.7398249465176505,"27669"
"Carson Spiers","CIN","AA",24,104.2,7.73885425532194,3.3535035106395075,2.30769231,2.063694468085851,0.19565217,0.08478261,0.11086957,0.27602906,1.461783581560811,0.30100334,0.74568289,4.987261631207473,6.190586130376003,-1.20332449916853,5.184770315935263,"27685"
"Louis Varland","MIN","AA",24,105,10.2,3.342857142857143,3.05128205,1.2,0.26444444,0.08666667,0.17777778,0.24938875,1.3428571428571427,0.31884058,0.78606159,3.342857142857143,4.395695736294702,-1.0528385934375586,4.302670029941059,"27691"
"Justin Sterner","TBR","AA",25,41,12.292682926829269,3.731707317073171,3.29411765,1.3170731707317074,0.32748538,0.0994152,0.22807018,0.20529801,1.170731707317073,0.28089888,0.84507042,2.4146341463414633,4.2164519635642455,-1.8018178172227821,4.369623623533947,"27694"
"Brian Van Belle","BOS","AA",25,78.2,9.15254355641298,1.3728815334619469,6.66666667,1.8305087112825957,0.24096386,0.03614458,0.20481928,0.27760252,1.2711866050573581,0.32579186,0.71960298,4.690678572661652,4.597190820687962,0.09348775197368919,3.8236079044043416,"27695"
"Brent Headrick","MIN","AA",24,43,12.348837209302326,2.511627906976744,4.91666667,2.302325581395349,0.31891892,0.06486486,0.25405405,0.2716763,1.372093023255814,0.34951456,0.80275229,4.813953488372093,5.176205149362254,-0.36225166099016093,3.833095621716144,"27702"
"Mitch Spence","NYY","AA",24,79,9,2.962025316455696,3.03846154,1.3670886075949367,0.22898551,0.07536232,0.15362319,0.27301587,1.4177215189873418,0.33035714,0.67540323,5.2405063291139244,4.52891132861753,0.711595000496394,4.2011518016646185,"27707"
"Bailey Horn","CHC","AA",24,41.2,12.527998470703311,5.831999288086024,2.14814815,1.0799998681640786,0.30526316,0.14210526,0.16315789,0.22981366,1.535999812500023,0.32653061,0.84745763,3.4559995781250517,4.446305516632093,-0.9903059385070416,4.527380964784962,"27753"
"Kyle Harrison","SFG","AA",20,84,13.607142857142858,4.178571428571429,3.25641026,1.1785714285714286,0.36389685,0.11174785,0.252149,0.1980198,1.1785714285714286,0.2969697,0.8388521,3.107142857142857,3.736415849413191,-0.6292729922703337,3.324778918567158,"27758"
"Eury Perez","MIA","AA",19,75,12.72,3,4.24,1.08,0.34083601,0.08038585,0.26045016,0.22064057,1.16,0.31927711,0.70528967,4.08,3.5156389554341634,0.5643610445658367,3.5246258274714153,"27768"
"Kyle Nicolas","PIT","AA",23,90.2,10.02573641897498,4.66544169991905,2.14893617,0.8933824531759883,0.25897436,0.12051282,0.13846154,0.2119403,1.301470734256378,0.27555556,0.7319224,3.97058868078217,4.297340318158435,-0.3267516373762649,4.920237408203252,"27775"
"Brandon Pfaadt","ARI","AA",23,105.1,12.303798062471706,1.6234177999094612,7.57894737,1.6234177999094612,0.32214765,0.04250559,0.27964206,0.27098321,1.2531646174739701,0.37007874,0.75601375,4.528481231326392,4.222790394079952,0.3056908372464404,3.6285847543674126,"27782"
"Zach Brzykcy","WSN","AA",22,38,12.789473684210526,4.5,2.84210526,0.7105263157894737,0.3483871,0.12258065,0.22580645,0.15909091,1.0526315789473684,0.24,0.8040201,1.894736842105263,3.414987277984619,-1.5202504358793558,3.7337626267420614,"27783"
"Will Klein","KCR","AA",22,43.2,11.33587654220039,10.511449157313088,1.07843137,1.2366410773309515,0.23706897,0.21982759,0.01724138,0.30555556,2.4274806332792753,0.41176471,0.51724138,10.511449157313088,6.597294823922389,3.914154333390699,6.324990305940709,"27787"
"Gavin Stone","LAD","AA",23,73.1,13.131819092616626,3.6818184371822316,3.56666667,0.12272728123940771,0.35313531,0.0990099,0.25412541,0.21611722,1.2136364478119208,0.35151515,0.83333333,1.5954546561123002,2.243964029580101,-0.6485093734678009,2.89701235712643,"27792"
"Dugan Darnell","COL","AA",25,47.2,12.839159469160657,6.230768565916201,2.06060606,1.6993005179771457,0.30357143,0.14732143,0.15625,0.24338624,1.6573424804962287,0.33035714,0.74561404,5.286712722595564,5.219182889664058,0.06752983293150638,4.356856026425062,"27812"
"Cade Smith","CLE","AA",23,37.1,13.258930377814481,5.062500689710983,2.61904762,0.24107146141480873,0.3525641,0.13461538,0.21794872,0.17692308,1.178571589139065,0.2972973,0.75630252,2.8928575369777048,2.906058637220023,-0.013201100242318464,3.9269551134342415,"27867"
"J.T. Ginn","OAK","AA",23,35.1,10.443397729750972,3.5660382491832587,2.92857143,0.7641510533964126,0.25308642,0.08641975,0.16666667,0.26388889,1.4716983250597575,0.35,0.54054054,6.113208427171301,4.068921297731335,2.044287129439966,4.097607099218014,"27889"
"Noah Murdock","KCR","AA",23,30,7.5,6,1.25,2.7,0.16339869,0.13071895,0.03267974,0.33858268,2.1,0.3655914,0.69148936,9,8.590933831532796,0.4090661684672039,6.3726633682847025,"27908"
"Gordon Graceffo","STL","AA",22,93.2,7.975089834094047,2.3060500725091218,3.45833333,1.5373667150060812,0.21899736,0.06332454,0.15567282,0.21590909,1.0676157743097787,0.23715415,0.73200993,3.939502207203083,5.070767900600491,-1.131265693397408,4.633185719998204,"29519"
"Fraser Ellard","CHW","AA",24,40,10.35,5.85,1.76923077,0,0.25698324,0.1452514,0.11173184,0.26845638,1.65,0.38834951,0.67142857,4.275,3.5323056221008304,0.7426943778991699,4.486419260501862,"29530"
"Patrick Monteverde","MIA","AA",24,30.2,9.391303374321215,1.7608693826852277,5.33333333,1.4673911522376897,0.24427481,0.04580153,0.19847328,0.2983871,1.4021737676937924,0.36781609,0.7027027,4.989129917608145,4.2996968520837004,0.6894330655244447,4.150583729455978,"29564"
"Alek Jacob","SDP","AA",24,34.1,11.271846330045879,2.6213596116385762,4.3,0.2621359611638576,0.30496454,0.07092199,0.23404255,0.21259843,1.077670062562526,0.31325301,0.83333333,1.8349517281470036,2.8546877430795092,-1.0197360149325057,3.9455195387343034,"29628"
"Andrew Hoffmann","KCR","AA",22,39.1,6.8644076673097345,4.57627177820649,1.5,1.1440679445516224,0.16216216,0.10810811,0.05405405,0.30864198,1.7796612470803015,0.35433071,0.62121212,6.63559407839941,5.638956673684353,0.9966374047150568,6.684455101330794,"29633"
"Sam Bachman","LAA","AA",22,43.2,6.183205386654758,5.152671155545631,1.2,0.824427384887301,0.15544041,0.12953368,0.02590674,0.24848485,1.5114502056267185,0.28244275,0.70977918,3.9160300782146797,5.322763434640688,-1.4067333564260083,5.333669924486111,"29754"
"Mason Montgomery","TBR","AA",22,54.1,8.779141926129293,2.6503069965673336,3.3125,0.8282209364272918,0.24311927,0.0733945,0.16972477,0.1980198,1.0306749431095188,0.24305556,0.83673469,2.4846628092818754,3.71113998998952,-1.2264771807076444,4.153789226226208,"29770"
"Ky Bush","LAA","AA",22,103,8.825242718446601,2.533980582524272,3.48275862,1.2233009708737863,0.23653396,0.06791569,0.16861827,0.23484848,1.1844660194174756,0.28113879,0.75670498,3.6699029126213594,4.2910434861785,-0.6211405735571409,4.129681324264379,"29823"
"Nick Nastrini","LAD","AA",22,30.1,12.461539767500046,4.7472532447619225,2.625,1.4835166389881007,0.3559322,0.13559322,0.22033898,0.13861386,0.9890110926587338,0.16666667,0.70833333,4.153846589166682,4.812545663702112,-0.6586990745354298,3.8741101066434367,"29833"
"Bryce Miller","SEA","AA",23,50.2,10.835525228046093,3.3749996611946846,3.21052632,0.5328946833465291,0.29901961,0.09313725,0.20588235,0.18681319,1.0460525265691127,0.26271186,0.71428571,3.197368100079175,3.422074216092389,-0.224706116013214,4.4035030135978825,"29837"
"Michael McGreevy","STL","AA",21,99,6.909090909090909,2.3636363636363638,2.92307692,1.2727272727272727,0.18357488,0.06280193,0.12077295,0.28092784,1.3636363636363635,0.31879195,0.6932409,4.636363636363637,4.848509589108554,-0.2121459527449172,4.486251989879993,"29869"
"Sean Burke","CHW","AA",22,73,12.205479452054794,4.068493150684931,3,1.356164383561644,0.31230284,0.10410095,0.20820189,0.25714286,1.4383561643835616,0.35882353,0.68376068,4.808219178082192,4.3494289097720635,0.45879026831012837,3.7410966170977242,"29878"
"Andrew Abbott","CIN","AA",23,91,11.76923076923077,4.054945054945055,2.90243902,0.6923076923076923,0.30829016,0.10621762,0.20207254,0.24705882,1.3736263736263736,0.35981308,0.64891847,4.747252747252747,3.483404523199731,1.2638482240530164,3.6716779190105395,"29911"
"Dylan Dodd","ATL","AA",24,46.1,10.683454410191203,2.525180133317921,4.23076923,0.5827338769195202,0.28350515,0.06701031,0.21649485,0.25414365,1.2733814347500627,0.3495935,0.74817518,3.107914010237441,2.891658064270288,0.21625594596715336,3.868925180012634,"29928"
"Jordan Leasure","LAD","AA",23,49.1,11.493244428195894,3.466216573582889,3.31578947,1.4594596099296373,0.30882353,0.09313725,0.21568628,0.20540541,1.1554055245276296,0.26315789,0.72052402,3.6486490248240933,4.467060030804148,-0.8184110059800545,4.29850484262508,"29950"
"Chase Silseth","LAA","AA",22,83,11.927710843373495,2.927710843373494,4.07407407,1.1927710843373494,0.34375,0.084375,0.259375,0.1799308,0.9518072289156626,0.24404762,0.88757396,2.2771084337349397,3.77507670643818,-1.4979682727032402,3.259196369475629,"30074"
"Gavin Williams","CLE","AA",22,70,10.542857142857143,3.342857142857143,3.15384615,1.1571428571428573,0.29078014,0.09219858,0.19858156,0.17460317,1,0.2173913,0.86319218,2.3142857142857145,4.029272992270334,-1.7149872779846196,4.128007650375366,"30122"
"Tanner Bibee","CLE","AA",23,73.2,9.89592896832482,1.7104074760067591,5.78571429,0.4886878502876455,0.28421053,0.04912281,0.23508772,0.19029851,0.8823530630193599,0.2568306,0.81730769,1.8325794385786704,2.6140821900132005,-0.7815027514345301,3.6743583188331974,"30134"
"Ty Madden","DET","AA",22,35.2,12.364484218064892,3.028036951362831,4.08333333,1.5140184756814155,0.34507042,0.08450704,0.26056338,0.21538462,1.1214951671714188,0.29333333,0.85443038,2.7757005387492617,3.863585344853187,-1.0878848061039252,2.8057690509902353,"30140"
"Jack Leiter","TEX","AA",22,92.2,10.586332097371283,5.438849517915521,1.94642857,1.0683454410191204,0.25647059,0.13176471,0.12470588,0.24376731,1.5539570051187206,0.31950207,0.60761347,5.535971830735442,5.0201905648584235,0.5157812658770187,5.129133510466296,"30146"
"Will Warren","NYY","AA",23,94,7.946808510638298,3.1595744680851063,2.51515152,0.7659574468085106,0.20646766,0.08208955,0.12437811,0.24585635,1.297872340425532,0.29889299,0.63667233,4.0212765957446805,4.032008554580364,-0.010731958835683564,4.210877069640667,"30182"
"Justin Lasko","NYM","AA",25,44,5.7272727272727275,3.8863636363636362,1.47368421,1.4318181818181819,0.13333333,0.09047619,0.04285714,0.33333333,1.8636363636363635,0.36363636,0.64690027,7.159090909090909,5.642260005257347,1.5168309038335623,5.545396329056134,"sa1052944"
"Griffin McLarty","BAL","AA",23,44.2,10.074625718458293,6.246267945444142,1.61290323,1.611940114953327,0.24390244,0.15121951,0.09268293,0.25294118,1.6567162292575859,0.3125,0.67365269,6.044775431074976,5.855285507566739,0.189489923508237,5.226085918011393,"sa1115734"
"John Doxakis","TBR","AA",23,82.1,7.870445830337946,4.919028643961217,1.6,1.2024292240794086,0.19726027,0.12328767,0.0739726,0.23870968,1.4453442188429253,0.27753304,0.64260563,5.6842108774662945,5.5742085791616685,0.11000229830462604,5.672200399954084,"sa1115967"
"Shelton Perkins","BAL","AA",25,35.2,9.336447266702061,6.308410315339231,1.48,0.5046728252271384,0.24025974,0.16233766,0.07792208,0.17322835,1.317756821426417,0.22727273,0.67099567,3.2803733639764,4.34022079090104,-1.05984742692464,5.3483247508877945,"sa1169965"
"Adam Leverett","PHI","AA",23,74.2,10.125001379421967,3.3750004598073224,3,1.6875002299036612,0.25454545,0.08484848,0.16969697,0.28135593,1.4866073453913204,0.35025381,0.70121951,5.544643612540601,5.008737495115855,0.5359061174247461,4.541926964397175,"sa1169991"
"Michael YaSenka","STL","AA",24,32,10.125,7.03125,1.44,1.6875,0.23529412,0.16339869,0.07189543,0.24193548,1.71875,0.29268293,0.67193676,6.75,6.663850498199463,0.08614950180053693,6.781564557272941,"sa1170117"
"JC Keys","CIN","AA",25,41.1,9.798388302512421,7.185484755175776,1.36363636,1.3064517736683228,0.2238806,0.1641791,0.05970149,0.25903614,1.8387099036813432,0.32173913,0.64655172,6.0967749437855066,5.832305898974053,0.2644690448114533,5.5995190336851515,"sa1170341"
"Jack Cushing","OAK","AA",25,110.1,7.7492450702238544,2.610272023654351,2.96875,0.6525680059135878,0.20042194,0.06751055,0.13291139,0.25454545,1.3051360118271755,0.30860534,0.68991098,3.670695033263931,3.902615610624705,-0.23192057736077398,4.741785290810512,"sa1170342"
"Zack Phillips","KCR","AA",23,46,7.239130434782608,4.304347826086956,1.68181818,1.3695652173913044,0.18137255,0.10784314,0.07352941,0.27840909,1.5434782608695652,0.31818182,0.625,6.260869565217392,5.953252672112507,0.3076168931048846,5.979452045002709,"sa1170425"
"Bear Bellomy","PIT","AA",25,55,7.2,1.8,4,2.1272727272727274,0.17813765,0.04453441,0.13360324,0.30769231,1.509090909090909,0.33333333,0.56886228,7.036363636363636,5.596805459802801,1.4395581765608352,4.833336581967094,"sa1170484"
"Luis Quinones","TOR","AA",24,71,11.535211267605634,6.338028169014085,1.82,0.8873239436619719,0.28980892,0.15923567,0.13057325,0.21317829,1.4788732394366197,0.3,0.62252964,5.450704225352113,4.49949432023814,0.9512099051139726,4.941220140541104,"sa1170867"
"Charles Hall","OAK","AA",27,33.1,11.340001730346943,7.020001071167155,1.61538462,1.3500002059936838,0.28187919,0.17449664,0.10738255,0.17355372,1.4100002151489586,0.21621622,0.83333333,2.4300003707886306,5.707600795745895,-3.2776004249572646,5.218965697949821,"sa1170906"
"David Leal","OAK","AA",25,115.1,6.008670785216879,1.0924855973121599,5.5,0.9364162262675655,0.15650407,0.02845528,0.12804878,0.29361702,1.3179191332654625,0.33070866,0.65642458,4.838150502382422,4.347195899923486,0.4909546024589355,5.2572366761690725,"sa1171029"
"Andy Fisher","CIN","AA",26,44,11.25,6.545454545454546,1.71875,0.6136363636363636,0.26570048,0.15458937,0.11111111,0.26219512,1.7045454545454546,0.37735849,0.80684597,4.090909090909091,4.900487440282649,-0.8095783493735578,5.351328524405306,"sa1172135"
"Tyler Burch","BAL","AA",24,45,9,3.4,2.64705882,2,0.22167488,0.08374384,0.13793103,0.24590164,1.3777777777777778,0.2734375,0.62745098,5.4,5.637209500206842,-0.23720950020684128,4.572572161753973,"sa1172727"
"Jose E. Martinez","LAD","AA",23,58,6.206896551724138,4.5,1.37931034,0.7758620689655172,0.15444015,0.11196911,0.04247104,0.25333333,1.4827586206896552,0.28888889,0.70238095,4.810344827586207,5.257600498199463,-0.4472556706132558,5.276727532621088,"sa3002796"
"Dayeison Arias","SEA","AA",25,32.2,11.5714267697351,4.6836727401308735,2.47058824,0.8265304835525071,0.30656934,0.12408759,0.18248175,0.17948718,1.163265124999825,0.25,0.81521739,3.0306117730258593,4.216784100173078,-1.186172327147219,5.472716445843977,"sa3002812"
"Moises Lugo","SDP","AA",23,62.1,12.27272827415493,4.909091309661972,2.5,0.5775401540778791,0.32945736,0.13178295,0.19767442,0.18468468,1.2032086543289147,0.27819549,0.77030812,2.7433157318699255,3.5971726776222743,-0.8538569457523488,4.493365045618796,"sa3002814"
"Yefri Del Rosario","KCR","AA",22,62.1,6.786096810415079,3.754011001506214,1.80769231,1.1550803081557581,0.16906475,0.09352518,0.07553957,0.27419355,1.5080215134255732,0.31088083,0.72580645,4.764706271142503,5.36187870397135,-0.597172432828847,6.4286046833523685,"sa3002971"
"Danis Correa","CHC","AA",22,40,9,4.95,1.81818182,0.45,0.23668639,0.13017751,0.10650888,0.18493151,1.225,0.24038462,0.6779661,2.925,3.9573056221008303,-1.0323056221008304,4.579457139968873,"sa3002980"
"Samuel Reyes","CHC","AA",26,50.1,11.443709765676513,4.112583197039997,2.7826087,1.6092716857982596,0.29767442,0.10697674,0.19069767,0.24210526,1.3708610656799989,0.31623932,0.73630137,4.470199127217388,4.853828929398221,-0.38362980218083287,3.887831694406656,"sa3003036"
"Noe Toribio","PIT","AA",22,39,10.615384615384615,3,3.53846154,0.46153846153846156,0.28571429,0.08074534,0.20496894,0.19863014,1.0769230769230769,0.2755102,0.80097087,1.8461538461538463,2.876525739523081,-1.0303718933692347,3.0438782867712852,"sa3003041"
"Osiris German","MIN","AA",23,46,9.58695652173913,3.3260869565217392,2.88235294,0.9782608695652174,0.245,0.085,0.16,0.25842697,1.3695652173913044,0.33064516,0.80327869,3.3260869565217392,4.474991802547289,-1.14890484602555,4.499108498122381,"sa3003046"
"Tahnaj Thomas","PIT","AA",23,50.2,9.236841178006506,3.5526312223101946,2.6,0.7105262444620389,0.24413146,0.09389671,0.15023474,0.22916667,1.2631577679325137,0.29411765,0.79124579,3.0197365389636652,3.6320925193480202,-0.612355980384355,4.562272837559996,"sa3003066"
"Victor Santos","BOS","AA",21,101.1,7.016447720600315,1.7763158786329911,3.95,1.5098684968380425,0.18588235,0.04705882,0.13882353,0.2575,1.2138158503992107,0.28289474,0.63339731,4.973684460172375,4.776829451603247,0.19685500856912874,4.537119461432461,"sa3003083"
"Jordan Gore","MIN","AA",27,30,9.3,7.5,1.24,0.6,0.21830986,0.17605634,0.04225352,0.22608696,1.7,0.29268293,0.71713147,4.5,5.257600498199463,-0.7576004981994631,5.666728652517001,"sa3004127"
"Seth Nordlin","TEX","AA",24,73.1,7.731818718082686,2.8227274685063772,2.73913043,0.859090968675854,0.20655738,0.07540984,0.13114754,0.24548736,1.2409091769762335,0.29468599,0.77726218,3.436363874703416,4.425782362725127,-0.9894184880217112,4.821791860917208,"sa3004215"
"Fred Schlichtholz","SDP","AA",26,35.1,10.443397729750972,2.292453160189238,4.55555556,0.7641510533964126,0.27516779,0.06040268,0.2147651,0.25899281,1.273585088994021,0.34736842,0.90909091,2.0377361423904334,3.389675916934524,-1.3519397745440904,3.4675990899551814,"sa3004455"
"Robbie Hitt","MIL","AA",26,50.2,9.592104300237525,4.618420589003253,2.07692308,0.5328946833465291,0.22881356,0.11016949,0.11864407,0.25125628,1.4999998494198599,0.33098592,0.66425121,4.796052150118762,4.411252907306542,0.3847992428122202,4.928314012454471,"sa3004463"
"Billy Lescher","DET","AA",26,35.2,8.327101616247784,2.271027713522123,3.66666667,0.7570092378407077,0.2244898,0.06122449,0.16326531,0.24626866,1.1775699255299896,0.30612245,0.64593301,4.794391839657815,3.751435828136045,1.0429560115217704,4.395053858792089,"sa3004471"
"Jake Dahlberg","SFG","AA",28,100.1,8.521595116376155,2.6910300367503646,3.16666667,1.5249170208252065,0.22041763,0.06960557,0.15081207,0.27067669,1.3754153521168528,0.31707317,0.74010327,4.305648058800583,4.68076807304868,-0.3751200142480968,4.28429423856628,"sa3004475"
"Matt Seelinger","PHI","AA",27,62.1,10.828877888960232,5.053476348181442,2.14285714,0.8663102311168186,0.27573529,0.12867647,0.14705882,0.21610169,1.3796792569638223,0.29032258,0.72519084,3.4652409244672744,3.9925274320624986,-0.5272865075952242,4.704225884384358,"sa3004483"
"Marcus Reyes","TOR","AA",27,35.1,6.877359480567714,6.113208427171301,1.125,1.273585088994021,0.15697674,0.13953488,0.01744186,0.31292517,1.981132360657366,0.35652174,0.578125,8.40566158736054,5.848949892506527,2.5567116948540125,6.113483580786695,"sa3004489"
"Nick Kuzia","DET","AA",26,48.2,9.061642888563716,5.1780816506078375,1.75,1.109588925130251,0.22171946,0.12669683,0.09502263,0.23809524,1.4999998432316357,0.29104478,0.65597668,5.1780816506078375,4.976630950390158,0.20145070021767975,4.774260101753619,"sa3004493"
"Rio Gomez","BOS","AA",27,33,11.181818181818182,4.363636363636363,2.5625,2.1818181818181817,0.26797386,0.10457516,0.16339869,0.29545455,1.6666666666666667,0.37349398,0.71721311,6.545454545454546,5.990744853742195,0.5547096917123513,4.810547844207648,"sa3004676"
"Hayden Deal","ATL","AA",27,59,8.084745762711865,3.9661016949152543,2.03846154,0.3050847457627119,0.20703125,0.1015625,0.10546875,0.24229075,1.3728813559322033,0.30813953,0.66502463,4.11864406779661,3.7009496898974406,0.4176943778991693,4.500080406463752,"sa3004680"
"Bryce Conley","OAK","AA",27,48,8.625,4.5,1.91666667,0.5625,0.20264317,0.10572687,0.0969163,0.29648241,1.7291666666666667,0.37333333,0.6884058,4.5,4.403433831532797,0.096566168467203,5.366898213016491,"sa3004704"
"Ryan Lillie","SDP","AA",26,37.2,6.92920260414831,5.495574479152109,1.26086957,1.1946901041635019,0.16860465,0.13372093,0.03488372,0.25342466,1.592920138884669,0.28571429,0.64285714,4.778760416654007,6.0142373616194105,-1.235476944965403,6.6441239331675845,"sa3004740"
"John Russell","SFG","AA",26,36,11,4,2.75,1,0.26993865,0.09815951,0.17177914,0.29861111,1.6388888888888888,0.40625,0.72695035,4.5,3.998320611317953,0.5016793886820472,3.715545786254936,"sa3004771"
"Steven Jennings","NYY","AA",23,66.2,9.04500138015768,1.8900002883911573,4.78571429,0.9450001441955787,0.24814815,0.05185185,0.1962963,0.24505929,1.140000173950222,0.30726257,0.62138728,4.185000638580419,3.534987296295169,0.6500133422852503,4.028658762633741,"sa3004812"
"Brian Glowicki","CHW","AA",27,32.1,8.628867336763573,6.123712303509632,1.40909091,1.1134022370017513,0.22463768,0.15942029,0.06521739,0.2,1.3917527962521892,0.2375,0.76732673,4.175258388756568,5.407048177187034,-1.2317897884304658,5.716864303121261,"sa3004826"
"Kyle Zurak","DET","AA",27,34,9.264705882352942,4.764705882352941,1.94444444,0.7941176470588235,0.23026316,0.11842105,0.11184211,0.26717557,1.5588235294117647,0.34408602,0.71428571,4.5,4.356163748572855,0.14383625142714518,4.53021939414389,"sa3004864"
"Ethan Lindow","PHI","AA",23,96.1,6.259515901427795,2.148789040788646,2.91304348,1.1211073256288588,0.1654321,0.05679012,0.10864198,0.25265957,1.2249135594833829,0.27946128,0.71828358,4.2041524711082205,4.546475226998931,-0.34232275589071026,5.097691845950035,"sa3005028"
"Blayne Enlow","MIN","AA",23,57.1,10.046512519172182,4.7093027433619605,2.13333333,0.6279070324482614,0.24806202,0.11627907,0.13178295,0.26431718,1.5697675811206535,0.35220126,0.67915691,4.39534922713783,4.054112152411142,0.3412370747266875,4.96777291880241,"sa3005117"
"Adam Stauffer","BAL","AA",23,63.1,10.51579031820119,4.405263511678878,2.38709677,0.8526316474217182,0.27407407,0.11481481,0.15925926,0.23206751,1.3578948458938476,0.31210191,0.77889447,3.4105265896868726,3.8728820515999867,-0.46235546191311405,4.1086752739655745,"sa3005146"
"Alex Valverde","NYM","AA",25,87,10.137931034482758,3.8275862068965516,2.64864865,1.8620689655172413,0.25454545,0.0961039,0.15844156,0.28106509,1.5172413793103448,0.34684685,0.72773973,5.793103448275862,5.4724585423524355,0.32064490592342665,4.723370243694591,"sa3005207"
"Peyton Remy","CHC","AA",25,94.1,10.876325674768761,4.48409918170291,2.42553191,1.7173145802266465,0.26206897,0.10804598,0.15402299,0.25201072,1.4946997272343034,0.3153527,0.55810398,6.773851955338438,5.617641420887967,1.1562105344504712,4.974503340022433,"sa3005302"
"Brendan Nail","BOS","AA",26,40.2,10.844260938768112,4.42622895459923,2.45,0.885245790919846,0.27840909,0.11363636,0.16477273,0.23076923,1.3770490080975382,0.31067961,0.71428571,3.762294611409345,3.7592495300090043,0.0030450814003408766,4.346849828637618,"sa3005359"
"Manuel Alvarez","CLE","AA",26,40,11.25,6.975,1.61290323,0.9,0.25,0.155,0.095,0.25766871,1.825,0.34862385,0.54495913,7.65,4.9899872779846195,2.660012722015381,5.471214027702809,"sa3005410"
"Jerson Ramirez","CLE","AA",23,31,9.870967741935484,7.548387096774194,1.30769231,1.4516129032258065,0.22818792,0.17449664,0.05369128,0.2605042,1.8387096774193548,0.325,0.7037037,6.67741935483871,6.221438890887845,0.45598046395086467,6.223164654931715,"sa3006541"
"Carlos Garcia","TBR","AA",23,62,10.596774193548388,4.209677419354839,2.51724138,1.3064516129032258,0.2754717,0.10943396,0.16603774,0.21551724,1.2741935483870968,0.27333333,0.72443182,4.354838709677419,4.711337880165346,-0.35649917048792723,4.824801960683638,"sa3006590"
"Yoelvin Silven","CHW","AA",23,46.2,10.028570335544005,3.4714281930729247,2.88888889,2.5071425838860013,0.23744292,0.08219178,0.15525114,0.31658291,1.7357140965364624,0.37313433,0.63271605,7.714284873495388,6.2608767587311736,1.4534081147642146,4.275071783854222,"sa3006619"
"Josh Green","ARI","AA",26,47.1,7.225352889085462,3.232394713538233,2.23529412,1.3309860585157431,0.17351598,0.07762557,0.09589041,0.28717949,1.5422536868515753,0.32666667,0.55555556,6.654930292578715,5.595628864721204,1.0593014278575117,5.143279698169515,"sa3006701"
"Connor Curlis","CIN","AA",25,110.2,10.08433827635416,3.009036421170193,3.35135135,2.0331327170068874,0.2515213,0.07505071,0.17647059,0.27516779,1.4457832654271197,0.32885906,0.64925373,6.343374077061488,5.525076885018523,0.8182971920429649,5.045459855488799,"sa3006707"
"Aaron Shortridge","PIT","AA",25,55.1,6.018072842340386,5.04216913817708,1.19354839,0.9759037041633059,0.14566929,0.12204724,0.02362205,0.28110599,1.6626507552411878,0.31609195,0.66964286,4.8795185208165295,5.493300722036103,-0.6137822012195739,6.407001490569847,"sa3006759"
"J.T. Hintzen","DET","AA",26,45.2,7.8832111300718255,5.321167512798483,1.48148148,1.3795619477625696,0.19230769,0.12980769,0.0625,0.2247191,1.4671531825411455,0.2519084,0.56478405,5.912408347553869,5.7695582546755535,0.14285009287831585,5.963388010383472,"sa3006763"
"Alan Strong","TBR","AA",25,34.1,9.436894601898874,3.4077674951301495,2.76923077,0.786407883491573,0.24161074,0.08724832,0.15436242,0.25925926,1.398058459540574,0.33333333,0.69196429,4.194175378621722,3.844441583264688,0.3497337953570341,4.700115809602302,"sa3006768"
"Noah Zavolas","MIL","AA",26,61.2,8.172972298866702,3.502702413800015,2.33333333,1.8972971408083412,0.20289855,0.08695652,0.11594203,0.28744939,1.5405404134768583,0.3258427,0.63569682,6.567567025875028,5.917440564634173,0.6501264612408546,5.4203564580901205,"sa3006770"
"Eli Lingos","CLE","AA",26,41.2,7.343999103515735,2.5919996835937886,2.83333333,0.8639998945312629,0.20238095,0.07142857,0.13095238,0.21153846,1.0799998681640786,0.24576271,0.76142132,3.02399963085942,3.8949872193908766,-0.8709875885314564,4.617178805703626,"sa3006798"
"Matt Frisbee","SFG","AA",25,139.2,8.50596720663847,2.4486875291838017,3.47368421,1.4821003466112486,0.21603928,0.06219313,0.15384615,0.26607143,1.3389022454893886,0.31111111,0.68533969,5.155131640386951,4.761049428530101,0.39408221185685033,4.749503527175885,"sa3006801"
"Michael Baird","COL","AA",26,68,9.661764705882353,2.514705882352941,3.84210526,2.1176470588235294,0.25795053,0.06713781,0.19081272,0.23664122,1.1911764705882353,0.26589595,0.84158416,4.102941176470588,5.253222572102266,-1.1502813956316782,4.563293952801649,"sa3006810"
"Alejandro Melean","TOR","AA",21,30,7.2,5.1,1.41176471,1.5,0.18461538,0.13076923,0.05384615,0.23214286,1.4333333333333333,0.25301205,0.7027027,5.1,5.781653944651286,-0.6816539446512859,5.5252884298563005,"sa3006815"
"Julio Robaina","HOU","AA",21,80.2,9.371902008296495,6.805785982215312,1.37704918,1.2272728820388268,0.21483376,0.15601023,0.05882353,0.28971963,1.9090911498381749,0.36283186,0.62330623,6.805785982215312,6.050989217160907,0.7547967650544045,5.68010256309427,"sa3006817"
"Yaya Chentouf","DET","AA",25,57.2,10.144507775763559,2.341040255945437,4.33333333,1.0924854527745371,0.26748971,0.0617284,0.20576132,0.22666667,1.1445085695733246,0.2875817,0.72635135,2.9653176575308864,3.675102861978557,-0.7097852044476705,3.4937576804666772,"sa3006950"
"Solomon Bates","SFG","AA",25,40.1,10.487604628331791,4.685951004148247,2.23809524,2.231405240070594,0.2797619,0.125,0.1547619,0.19178082,1.2148761862606567,0.20224719,0.88888889,4.0165294321270695,5.943913216731293,-1.9273837846042232,4.679289936212213,"sa3006951"
"Jojanse Torres","HOU","AA",26,39,9.461538461538462,7.384615384615385,1.28125,2.5384615384615383,0.20603015,0.16080402,0.04522613,0.31707317,2.1538461538461537,0.36607143,0.5726257,8.538461538461538,8.01401075460972,0.5244507838518189,7.202269561474139,"sa3006955"
"Sean Rackoski","TOR","AA",27,37.2,10.274334895806115,4.061946354155906,2.52941176,0.9557520833308014,0.24571429,0.09714286,0.14857143,0.29487179,1.6725661458289025,0.3853211,0.60606061,6.69026458331561,4.025606664557076,2.664657918758534,3.9609492509943904,"sa3006964"
"Conner Loeprich","BAL","AA",24,72,9.625,3.375,2.85185185,1.25,0.24679487,0.08653846,0.16025641,0.25614035,1.3888888888888888,0.31818182,0.74418605,4.5,4.206653944651286,0.2933460553487137,4.057553216732211,"sa3006986"
"Tanner Dodson","LAD","AA",25,34.1,7.601942873751872,9.436894601898874,0.80555556,0.5242719223277152,0.15934066,0.1978022,-0.03846154,0.32374101,2.3592236504747186,0.39814815,0.64553991,8.388350757243444,6.582843635187706,1.8055071220557375,6.58563401879997,"sa3007008"
"Chance Kirby","DET","AA",26,127,8.220472440944881,2.0551181102362204,4,0.9921259842519685,0.23387097,0.05846774,0.17540323,0.19438445,0.937007874015748,0.22822823,0.80270793,2.622047244094488,3.800814049638163,-1.1787668055436749,4.062988087370639,"sa3007200"
"Robert Broom","CLE","AA",25,46.2,7.5214277516580035,4.435713802259849,1.69565217,0.3857142436747694,0.19117647,0.1127451,0.07843137,0.21787709,1.32857128376865,0.26811594,0.6372549,3.4714281930729247,3.9078443671246026,-0.4364161740516779,4.943848303646521,"sa3007235"
"Edgar Escobar","STL","AA",25,124.1,7.0938340703574205,3.619303097121133,1.96,1.664879424675721,0.17625899,0.08992806,0.08633094,0.2917505,1.5683646754191576,0.32446809,0.62863795,6.731903760645307,6.009611314185946,0.7222924464593605,6.0114762702499895,"sa3007244"
"Devin Conn","HOU","AA",25,52.1,7.9108287943290945,3.611465319150239,2.19047619,0.8598726950357711,0.21495327,0.09813084,0.11682243,0.19047619,1.0891720803786435,0.22463768,0.74074074,2.923567163121622,4.674798039570952,-1.75123087644933,4.928697608250289,"sa3007252"
"Austin Briggs","OAK","AA",26,31.2,9.094735929114098,5.9684204534811265,1.52380952,1.1368419911392622,0.21052632,0.13815789,0.07236842,0.25581395,1.7052629867088933,0.31182796,0.53571429,4.263157466772233,5.557600317503295,-1.2944428507310617,5.288958405339551,"sa3007261"
"Felix Minjarez","SDP","AA",25,34,9.794117647058824,3.4411764705882355,2.84615385,1.588235294117647,0.24342105,0.08552632,0.15789474,0.2826087,1.5294117647058822,0.34736842,0.60538117,6.088235294117647,5.110541674670051,0.9776936194475958,4.9143219284275,"sa3007272"
"Ricky Salinas","CIN","AA",26,70.2,7.514152025064724,5.9858499182718985,1.25531915,1.273585088994021,0.1761194,0.14029851,0.0358209,0.25978648,1.698113451992028,0.29716981,0.69911504,5.603774391573692,6.044570127489271,-0.44079573591557875,6.455215560189364,"sa3007456"
"Mason Fox","SDP","AA",25,47.2,8.118880252557474,5.475523891259692,1.48275862,1.132867011984764,0.19815668,0.13364055,0.06451613,0.2606383,1.63636346175577,0.30935252,0.63218391,6.041957397252074,5.4149429786956915,0.6270144185563824,5.676455907627009,"sa3007460"
"Andrew Cabezas","MIN","AA",25,31.2,7.67368344019002,3.4105259734177866,2.25,0.5684209955696311,0.21428571,0.0952381,0.11904762,0.1981982,1.0736841027426365,0.24390244,0.70175439,3.126315475632971,4.294442549570781,-1.1681270739378098,5.121545823792877,"sa3007461"
"Chase Cohen","OAK","AA",25,58,10.39655172413793,4.810344827586207,2.16129032,0.7758620689655172,0.26693227,0.12350598,0.14342629,0.22119816,1.3620689655172413,0.29655172,0.76,3.413793103448276,4.326566015440842,-0.9127729119925663,4.285702697778571,"sa3007477"
"Adam Wolf","DET","AA",25,89.1,9.268657244136142,3.727612152533013,2.48648649,0.6044776463567049,0.23896104,0.0961039,0.14285714,0.23099415,1.2985075366181067,0.29918033,0.80985915,2.7201494086051716,3.672449979210623,-0.9523005706054515,4.065015407753347,"sa3007587"
"Jake Higginbotham","ATL","AA",26,51.1,8.415585249426234,3.155844468534838,2.66666667,0.8766234634818995,0.21238938,0.07964602,0.13274336,0.28502415,1.5000001486245835,0.35064935,0.67605634,4.733766702802257,4.0887991787792615,0.644967524022996,4.464384372982174,"sa3007590"
"Brad Case","PIT","AA",25,62,8.419354838709678,3.193548387096774,2.63636364,1.0161290322580645,0.21245421,0.08058608,0.13186813,0.24180328,1.3064516129032258,0.29050279,0.67774936,3.9193548387096775,4.414987277984619,-0.4956324392749418,4.695995307160962,"sa3007613"
"Sean Boyle","NYY","AA",25,108,9.75,1.6666666666666667,5.85,1.25,0.27020785,0.04618938,0.22401848,0.22469136,1.0277777777777777,0.27838828,0.68367347,3.75,3.831653944651286,-0.08165394465128584,3.488941613501973,"sa3007618"
"Jack Perkins","PHI","AA",24,55,8.181818181818182,4.254545454545455,1.92307692,1.6363636363636365,0.19762846,0.1027668,0.09486166,0.2972973,1.6727272727272726,0.34567901,0.63855422,6.872727272727273,5.651350914348256,1.2213763583790174,5.259032692692497,"sa3007713"
"Layne Henderson","HOU","AA",26,44,11.454545454545455,4.5,2.54545455,0.8181818181818182,0.30769231,0.12087912,0.18681319,0.20125786,1.2272727272727273,0.28282828,0.66801619,3.8863636363636362,3.9621459527449177,-0.07578231638128141,4.203735215826468,"sa3007718"
"Josh Roberson","MIA","AA",26,33.2,10.425741515993163,6.683167638457156,1.56,1.069306822153145,0.23780488,0.15243902,0.08536585,0.28057554,1.9009899060500353,0.36458333,0.51369863,6.683167638457156,5.037751018920389,1.6454166195367668,5.146363747699428,"sa3007721"
"Chris Gau","TBR","AA",25,46,10.369565217391305,1.565217391304348,6.625,0.9782608695652174,0.29608939,0.04469274,0.25139665,0.18235294,0.8478260869565217,0.23214286,0.51515152,2.9347826086956523,3.2779577960138737,-0.3431751873182214,4.111921074856883,"sa3007728"
"Thomas Ponticelli","CLE","AA",25,48,8.25,3.75,2.2,1.5,0.20465116,0.09302326,0.11162791,0.25773196,1.4583333333333333,0.29577465,0.6187291,5.25,5.060820611317953,0.18917938868204676,5.023881580183904,"sa3007730"
"Trent Fennell","COL","AA",26,39.2,8.394956906748936,7.260503270701783,1.15625,1.8151258176754457,0.20555556,0.17777778,0.02777778,0.21126761,1.563025009664967,0.22680412,0.70422535,6.35294036186406,7.045238913335511,-0.6922985514714508,6.297680748025145,"sa3007811"
"Keegan Curtis","ARI","AA",26,33.2,8.554454637805577,4.544554026334213,1.88235294,1.6039602445885455,0.19631902,0.10429448,0.09202454,0.29861111,1.7821780495428283,0.3490566,0.59701493,7.752474515511303,5.8665111901584766,1.8859633253528267,5.926722957143929,"sa3007833"
"Nick Bush","COL","AA",25,100.1,8.790698120051191,1.4352160196001944,6.125,1.5249170208252065,0.23844282,0.03892944,0.19951338,0.25510204,1.1561462380112677,0.29963899,0.77731092,3.677741050225498,4.232263066923619,-0.5545220166981211,3.588789699519873,"sa3007838"
"Tyler McKay","PHI","AA",24,40.1,6.247934672197663,3.347107860105891,1.86666667,1.3388431440423565,0.15730337,0.08426966,0.07303371,0.29299363,1.512396884936736,0.32520325,0.59726962,6.471075196204723,5.522425560273513,0.9486496359312095,5.316644802824686,"sa3007851"
"Tim Cate","WSN","AA",24,57,8.052631578947368,3.473684210526316,2.31818182,1.4210526315789473,0.1969112,0.08494208,0.11196911,0.26839827,1.4736842105263157,0.30994152,0.63307494,6.157894736842105,5.151829383247778,1.0060653535943276,4.648090630142312,"sa3007926"
"Denny Bentley","MIN","AA",24,38,11.131578947368421,6.157894736842105,1.80769231,0.47368421052631576,0.27647059,0.15294118,0.12352941,0.22377622,1.5263157894736843,0.31914894,0.71174377,3.789473684210526,4.099705761357358,-0.31023207714683165,4.743176448266757,"sa3007931"
"Cody Deason","HOU","AA",25,77.2,8.343348732269513,5.330472801172189,1.56521739,0.5793992175187163,0.19834711,0.12672176,0.07162534,0.29073482,1.763948728890314,0.36440678,0.55970149,6.1416317056983925,4.671763708062327,1.4698679976360651,6.097236958118946,"sa3007958"
"Caleb Sampen","TBR","AA",25,44.1,5.481203636364888,1.827067878788296,3,1.421052794613119,0.14136126,0.04712042,0.09424084,0.29444444,1.3984964010478316,0.31506849,0.77490775,4.466165925926946,5.161253171670962,-0.6950872457440163,4.7944614380427275,"sa3007965"
"Blake Whitney","CHC","AA",26,45,11,2.8,3.92857143,0.6,0.3038674,0.07734807,0.22651934,0.20958084,1.0888888888888888,0.29357798,0.71428571,2.8,2.937861177656386,-0.13786117765638606,3.732058992650774,"sa3007966"
"Zack Leban","MIA","AA",26,32.1,11.690723488518389,4.453608948007005,2.625,1.670103355502627,0.28965517,0.11034483,0.17931035,0.22764228,1.3608249563354737,0.29333333,0.625,6.40206286276007,5.437976017103749,0.9640868456563219,4.550219320259086,"sa3007967"
"Michael Brettell","STL","AA",24,71,7.352112676056338,4.309859154929577,1.70588235,0.6338028169014085,0.17846154,0.10461538,0.07384615,0.28469751,1.6056338028169015,0.3440367,0.63247863,5.577464788732394,4.898445568621998,0.679019220110396,5.428635602643792,"sa3008020"
"Reid Schaller","WSN","AA",25,42.2,9.914061318151793,4.429686971940163,2.23809524,0.8437498994171739,0.24226804,0.10824742,0.13402062,0.28235294,1.61718730721625,0.3697479,0.63253012,5.695311821065924,4.118112194165597,1.5771996269003266,4.641866560801353,"sa3008023"
"Austin Drury","LAD","AA",24,37.1,7.232143842444263,8.437501149518306,0.85714286,0.48214292282961746,0.15873016,0.18518519,-0.02645503,0.28476821,2.0892859989283425,0.34453782,0.70332481,4.339286305466557,5.900457932997763,-1.5611716275312055,6.508819602276646,"sa3008043"
"Ben Onyshko","SEA","AA",25,53.2,7.378881288243521,4.527949881422161,1.62962963,1.5093166271407203,0.18181818,0.11157025,0.07024793,0.23762376,1.397515395500667,0.26174497,0.74270557,4.360248033962081,6.533997750594121,-2.1737497166320408,5.780228056673435,"sa3008096"
"Brett Daniels","CLE","AA",26,45.1,9.926471701955425,5.36029471905593,1.85185185,0.5955883021173255,0.26041667,0.140625,0.11979167,0.20987654,1.3455883862650688,0.28440367,0.75250836,2.9779415105866276,4.054693232110636,-1.0767517215240083,4.5269025543815555,"sa3008127"
"Michael Byrne","CIN","AA",25,56.2,10.799999030618194,3.811764363747598,2.83333333,1.1117646060930493,0.26771654,0.09448819,0.17322835,0.25550661,1.4470586936449215,0.33552632,0.66489362,4.605881939528348,4.21759968272543,0.38828225680291784,4.042887803067517,"sa3008227"
"Barrett Loseke","NYY","AA",25,64.1,10.212436040566878,3.497409602933862,2.92,1.119171072938836,0.26739927,0.09157509,0.17582418,0.24390244,1.3212436277750146,0.31515152,0.73878628,3.497409602933862,4.0212049424931555,-0.5237953395592934,4.138100549568475,"sa3008243"
"Blake Rivera","SFG","AA",24,46.2,9.257141848194467,4.435713802259849,2.08695652,0.3857142436747694,0.24615385,0.11794872,0.12820513,0.17751479,1.1357141619312654,0.23529412,0.69548872,2.699999705723386,3.5864158307289613,-0.8864161250055753,3.9917991854617223,"sa3008261"
"Colton Eastman","PHI","AA",25,47,6.319148936170213,4.212765957446808,1.5,1.5319148936170213,0.16582915,0.11055276,0.05527638,0.23295455,1.3404255319148937,0.24444444,0.83333333,3.25531914893617,5.691583022665471,-2.4362638737293008,5.225440890104213,"sa3008312"
"Richard Guasch","WSN","AA",24,47.1,11.218311064632692,7.225352889085462,1.55263158,0.950704327511245,0.25764192,0.16593886,0.09170306,0.22043011,1.6690142638530745,0.29508197,0.5974026,7.035212023583213,5.0206212533369445,2.0145907702462686,5.1526438729192545,"sa3008434"
"Nick Starr","TEX","AA",25,30.2,7.336955761188449,2.9347823044753794,2.5,0.29347823044753796,0.20491803,0.08196721,0.12295082,0.18018018,0.9782607681584599,0.22352941,0.74324324,2.054347613132766,3.6271657291116686,-1.5728181159789028,4.961882759996626,"sa3008488"
"Jake Haberer","SEA","AA",27,43.1,12.461539924215455,6.02307763003747,2.06896552,1.2461539924215455,0.3,0.145,0.155,0.23952096,1.592307879205308,0.33663366,0.66563467,5.400000633826697,5.07298526797776,0.3270153658489372,4.798586035688243,"sa3008514"
"Zach Haake","KCR","AA",25,33,8.181818181818182,4.636363636363637,1.76470588,0.8181818181818182,0.19230769,0.10897436,0.08333333,0.28467153,1.696969696969697,0.34615385,0.68773234,5.454545454545454,4.848509589108554,0.6060358654369002,6.144474737301017,"sa3008523"
"Justin Lewis","ARI","AA",26,36.2,10.30908947905253,5.64545376233829,1.82608696,3.9272721824962016,0.25149701,0.13772455,0.11377246,0.22377622,1.4999997919256325,0.18823529,0.86309524,5.154544739526265,9.103054302152627,-3.948509562626362,5.94501395348644,"sa3008577"
"Aaron Hernandez","LAA","AA",25,47.2,9.440558433206366,3.776223373282546,2.5,1.5104893493130185,0.23696682,0.09478673,0.1421801,0.25268817,1.4055942556107255,0.3046875,0.67434211,5.475523891259692,5.239648102597059,0.23587578866263303,4.692500198800325,"sa3008599"
"Tim Brennan","TEX","AA",25,75,6.6,1.56,4.23076923,1.08,0.18394649,0.04347826,0.14046823,0.22302158,1,0.24766355,0.79545455,2.76,4.690933831532797,-1.9309338315327969,4.360336113572121,"sa3008630"
"Kyle Marman","CLE","AA",25,51,11.647058823529411,5.117647058823529,2.27586207,1.0588235294117647,0.30414747,0.13364055,0.17050691,0.20744681,1.3333333333333333,0.28448276,0.70469799,4.411764705882353,4.0620461015140314,0.3497186043683218,4.263749848043218,"sa3008668"
"Enmanuel Mejia","PIT","AA",23,49.2,9.24160979184044,5.6174490891579145,1.64516129,1.0872482108047576,0.22666667,0.13777778,0.08888889,0.26041667,1.6308723162071366,0.32592593,0.57640751,5.798657124292041,4.925054237435671,0.8736028868563697,5.100987070032436,"sa3009262"
"Misael Tamarez","HOU","AA",22,103.1,10.625806974635314,4.790322816433953,2.21818182,1.567742012651112,0.28306265,0.12761021,0.15545244,0.20375335,1.267741997884541,0.24892704,0.72610294,4.616129259472718,5.344697350512934,-0.7285680910402164,4.7637813965317335,"sa3009632"
"Josh Smith","TEX","AA",25,30.1,6.527473211547643,4.153846589166682,1.57142857,0.8901099833928604,0.16058394,0.10218978,0.05839416,0.28333333,1.582417748253974,0.32631579,0.70512821,4.153846589166682,5.274084173609522,-1.1202375844428394,5.594265500311275,"sa3009923"
"Travis Kuhn","SEA","AA",24,59.1,10.76966384456196,5.308989219150262,2.02857143,0.4550562187843082,0.27307692,0.13461538,0.13846154,0.19815668,1.3146068542657792,0.27972028,0.67237164,4.095505969058774,4.195802782954723,-0.10029681389594902,5.063198097915122,"sa3009928"
"Stephen Jones","COL","AA",24,58,10.39655172413793,3.7241379310344827,2.79166667,0.9310344827586207,0.28033473,0.10041841,0.17991632,0.18571429,1.0862068965517242,0.24087591,0.83892617,2.6379310344827585,3.949470036605309,-1.3115390021225504,4.58081605578291,"sa3009935"
"Mitch Ragan","NYM","AA",25,52,9,5.711538461538462,1.57575758,1.7307692307692308,0.21487603,0.13636364,0.0785124,0.25615764,1.6346153846153846,0.29787234,0.71428571,5.711538461538462,6.164987277984619,-0.45344881644615764,5.809608113765717,"sa3009944"
"Gabriel Ponce","TOR","AA",23,48.2,9.616437351128843,4.9931501630861295,1.92592593,0.739725950086834,0.25365854,0.13170732,0.12195122,0.19075145,1.2328765834780566,0.24786325,0.70707071,3.69862975043417,4.319096772535194,-0.6204670221010242,5.032891182465342,"sa3009985"
"Michael Stryffeler","SEA","AA",26,35.2,14.383175518973445,4.794391839657815,3,0.7570092378407077,0.37748344,0.12582781,0.25165563,0.19083969,1.2336446838885606,0.30985915,0.80882353,2.271027713522123,3.3370398105101815,-1.0660120969880587,3.7556750738971196,"sa3010005"
"Kaleb Roper","CHW","AA",26,83.1,9.072000553710971,4.536000276855486,2,1.7280001054687564,0.21374046,0.10687023,0.10687023,0.33142857,1.8960001157226634,0.4,0.60029283,7.776000474609404,5.610305745880135,2.165694728729269,4.430982494893379,"sa3010110"
"Andrew Misiaszek","CLE","AA",24,32,13.5,2.25,6,0.28125,0.41025641,0.06837607,0.34188034,0.18518519,0.875,0.3220339,0.94202899,0.5625,1.6649872779846193,-1.1024872779846193,2.323601095750928,"sa3010118"
"Mitchell Kilkenny","COL","AA",25,102,6.705882352941177,3,2.23529412,2.0294117647058822,0.16740088,0.07488987,0.09251101,0.28571429,1.4901960784313726,0.30254777,0.72555205,5.5588235294117645,6.0620461015140314,-0.503222572102267,5.362901448560696,"sa3010119"
"Andrew Gross","TBR","AA",25,56.2,6.670587636558296,3.9705878789037476,1.68,1.588235151561499,0.1686747,0.10040161,0.06827309,0.24545455,1.3941175219262048,0.26190476,0.66666667,4.288234909216047,5.929364234963934,-1.6411293257478867,5.543473899343757,"sa3010127"
"Joe Corbett","TEX","AA",25,30,9,3.6,2.5,3,0.234375,0.09375,0.140625,0.26086957,1.4,0.26666667,0.93103448,4.5,7.390933831532797,-2.890933831532797,4.85531138231357,"sa3010237"
"Nick Fraze","TOR","AA",24,59.1,8.191011938117548,1.3651686563529246,6,1.0617978438300524,0.21343874,0.03557312,0.17786561,0.23504274,1.078651777859101,0.27745665,0.63862928,4.853933000365954,4.089144639146557,0.7647883612193969,4.173942767801113,"sa3010250"
"Austin Roberts","PIT","AA",23,48.1,10.427587304223138,3.5379314067899936,2.94736842,1.675862245321576,0.25454545,0.08636364,0.16818182,0.26666667,1.468965671825085,0.33076923,0.76086957,4.2827590713773604,5.070159865956547,-0.7874007945791863,4.700417913679519,"sa3010254"
"Avery Weems","TEX","AA",25,91,10.582417582417582,3.1648351648351647,3.34375,1.3846153846153846,0.26289926,0.07862408,0.18427518,0.26086957,1.4065934065934067,0.33198381,0.63258232,5.142857142857143,4.6916664322653965,0.45119071059174676,3.9725593344523356,"sa3010256"
"Triston Polley","TEX","AA",25,35,8.742857142857142,7.9714285714285715,1.09677419,1.0285714285714285,0.22077922,0.2012987,0.01948052,0.16949153,1.457142857142857,0.2,0.73412698,4.628571428571429,6.386171926770892,-1.757600498199463,6.143114934223039,"sa3010258"
"Andrew Bash","TOR","AA",25,75.2,7.017622088814231,3.211454176237021,2.18518519,0.1189427472680378,0.18611987,0.0851735,0.10094637,0.22142857,1.1762116118728183,0.27727273,0.66598361,3.8061679125772097,3.4942824428299777,0.31188546974723197,4.96007241170406,"sa3010259"
"Logan Gragg","STL","AA",23,43,8.790697674418604,3.558139534883721,2.47058824,2.7209302325581395,0.21,0.085,0.125,0.28248588,1.558139534883721,0.30327869,0.76642336,6.069767441860465,7.3389958470366725,-1.2692284051762073,5.836279861594355,"sa3010306"
"Zach Vennaro","MIL","AA",26,49.1,9.668919915783848,5.655405988477344,1.70967742,0.547297353723614,0.23766816,0.13901345,0.09865471,0.25806452,1.6013515164505743,0.34615385,0.69306931,4.925676183512526,4.47419760594672,0.45147857756580656,5.037467015805001,"sa3010326"
"Jacob Wallace","BOS","AA",23,56.2,12.070587151867393,7.782352242651346,1.55102041,1.1117646060930493,0.304,0.196,0.108,0.17676768,1.4823528081240658,0.24347826,0.77720207,3.811764363747598,5.09145771574398,-1.2796933519963818,4.879578925078245,"sa3010374"
"Derek West","HOU","AA",25,46.2,10.028570335544005,5.592856533284157,1.79310345,0.5785713655121542,0.2464455,0.13744076,0.10900474,0.24309392,1.5642855437921204,0.32539683,0.67335244,4.821428045934618,4.293314725525532,0.5281133204090862,4.986068834901753,"sa3010557"
"Nick Ernst","NYY","AA",25,59.2,10.709496293776844,5.279329158904078,2.02857143,1.2067038077495036,0.26996198,0.13307985,0.13688213,0.21875,1.4078211090410875,0.28275862,0.7421875,4.374301303091951,4.739009511487547,-0.36470820839559615,4.787170484752329,"sa3010558"
"Dalton Roach","STL","AA",26,98.2,8.665541433957221,2.0979731892738536,4.13043478,1.8243245124120466,0.23341523,0.05651106,0.17690418,0.24274406,1.1655406607076966,0.27272727,0.75,4.2871626041683095,5.31841146992977,-1.0312488657614605,5.063636731586052,"sa3010567"
"Randy Labaut","CLE","AA",25,32.1,10.298970692266199,6.680413422010508,1.54166667,0.8350516777513135,0.27007299,0.17518248,0.09489051,0.16071429,1.298969276502043,0.20833333,0.6185567,5.010310066507881,4.652100874653232,0.35820919185464817,5.0267441269723125,"sa3010615"
"Parker Caracci","TOR","AA",25,48,10.5,5.8125,1.80645161,0.75,0.25454545,0.14090909,0.11363636,0.25405405,1.625,0.344,0.7460733,4.3125,4.35248727798462,-0.039987277984620206,4.850315371031563,"sa3010619"
"Brandon Komar","SDP","AA",23,74.1,6.538117039299322,3.632287244055179,1.8,1.2107624146850595,0.16363636,0.09090909,0.07272727,0.30100334,1.614349886246746,0.34042553,0.62616822,6.053812073425298,5.3046858058525945,0.7491262675727031,5.030278252420807,"sa3010630"
"Dante Biasi","KCR","AA",24,83.2,9.250997140709275,5.80876564649187,1.59259259,0.7529881393600573,0.230563,0.14477212,0.08579089,0.23003195,1.5059762787201145,0.29545455,0.74468085,4.087649899383168,4.940867574336696,-0.8532176749535285,6.286054167618856,"sa3010647"
"Jaime Melendez","HOU","AA",20,73.2,12.950228032622604,6.2307700911674795,2.07843137,0.8552037380033796,0.32515337,0.15644172,0.16871166,0.21851852,1.4932128758789167,0.33121019,0.67490494,5.009050465448366,4.395609636075,0.6134408293733662,4.246656624735949,"sa3010660"
"Brian Marconi","PHI","AA",25,43.2,11.74809023464404,7.007632771542059,1.67647059,0.824427384887301,0.27536232,0.16425121,0.11111111,0.25,1.7404578125398578,0.35514019,0.75596817,4.534350616880156,4.674529116006885,-0.14017849912672897,5.186289109231284,"sa3010665"
"Jensen Elliott","BAL","AA",25,51.1,6.311688937069676,2.4545456977493183,2.57142857,1.2272728488746592,0.15254237,0.05932203,0.09322034,0.32727273,1.6753248413209634,0.36723164,0.72890026,4.558442010105877,4.720182212502114,-0.16174020239623665,3.912998439542217,"sa3010775"
"Jonah Dipoto","KCR","AA",25,63.2,11.874344601109321,7.350784753067676,1.61538462,0.8481674715078087,0.28093645,0.17391304,0.10702341,0.21161826,1.6178009178760056,0.29801325,0.76540755,3.675392376533838,5.076972120544943,-1.4015797440111055,5.4093917588262155,"sa3010776"
"Evan McKendry","TBR","AA",24,81,9.222222222222221,1,9.22222222,1.5555555555555556,0.2462908,0.02670623,0.21958457,0.225,1,0.26008969,0.60518732,4,4.40946611592799,-0.40946611592799,3.988325547436137,"sa3010787"
"Dylan Spacke","BOS","AA",24,65.1,8.265306765911085,5.372449397842205,1.53846154,1.1020409021214779,0.19933555,0.12956811,0.06976744,0.25984252,1.6071429822604886,0.31182796,0.66797642,5.647959623372574,5.32825273305663,0.31970689031594457,5.182576125435302,"sa3010812"
"Chandler Casey","HOU","AA",26,34,5.823529411764706,5.294117647058823,1.1,1.3235294117647058,0.14285714,0.12987013,0.01298701,0.27819549,1.6764705882352942,0.30188679,0.68627451,5.823529411764706,6.228188733493581,-0.4046593217288752,5.595630064694321,"sa3010820"
"Fineas Del Bonta-Smith","COL","AA",25,50,9.9,2.16,4.58333333,1.98,0.26960784,0.05882353,0.21078431,0.22222222,1.08,0.25203252,0.81730769,3.96,4.974987277984619,-1.014987277984619,4.066592238545418,"sa3010821"
"Justin Yeager","ATL","AA",24,40.1,12.049588296381208,5.132232052162366,2.34782609,1.115702620035297,0.32142857,0.13690476,0.18452381,0.17931034,1.2148761862606567,0.24418605,0.66666667,3.7933889081200096,4.226933802565669,-0.43354489444565925,4.231837074855168,"sa3010825"
"Austin Bergner","DET","AA",25,90.2,9.231618682818546,3.077206227606182,3,1.191176604234651,0.25479452,0.08493151,0.16986301,0.1951952,1.0588236482085787,0.23245614,0.87281796,2.382353208469302,4.142928536128017,-1.760575327658715,3.994010945641845,"sa3011122"
"Tony Locey","COL","AA",23,35.2,7.317755965793507,7.065419553179939,1.03571429,2.0186913009085536,0.14720812,0.14213198,0.00507614,0.36585366,2.4672893677771213,0.40944882,0.52567237,12.112147805451324,7.480407258981012,4.631740546470311,7.47412182057102,"sa3011123"
"Mike Ruff","COL","AA",24,30.2,7.630433991635987,3.8152169958179933,2,1.7608693826852277,0.17931034,0.08965517,0.08965517,0.2992126,1.6630433058693816,0.33684211,0.6512605,6.749999300293373,6.023682659740512,0.7263166405528612,5.854051029973574,"sa3011125"
"Colin Peluse","OAK","AA",24,118.2,6.977528688026059,2.1235956876601048,3.28571429,1.2893259532222066,0.17933723,0.0545809,0.12475634,0.27593361,1.3567416893384003,0.31099196,0.61340942,5.38483192228098,4.853106210087613,0.5317257121933672,5.483042520607174,"sa3011126"
"Andrew McInvale","MIA","AA",25,35.1,9.169812640756952,6.113208427171301,1.5,1.0188680711952167,0.21686747,0.14457831,0.07228916,0.26618705,1.7264153428585618,0.33333333,0.58219178,7.1320764983665175,5.308720964959392,1.8233555334071259,5.772253411460954,"sa3011143"
"Josh Hejka","NYM","AA",25,39.2,8.621847633958367,4.084033089769752,2.11111111,0.9075629088377228,0.20652174,0.09782609,0.10869565,0.3006135,1.6890754136702064,0.37190083,0.65217391,4.991595998607475,4.398180429225485,0.5934155693819898,5.0396418921528845,"sa3011152"
"Connor Lunn","STL","AA",23,81.2,8.59591943806793,2.6448982886362864,3.25,1.653061430397679,0.21138211,0.06504065,0.14634146,0.30588235,1.5673471340066882,0.36032389,0.60714286,6.612245721590716,5.300457833237296,1.31178788835342,5.021669645444082,"sa3011189"
"T.J. Sikkema","KCR","AA",23,32.2,7.989794674340902,4.132652417762536,1.93333333,1.6530609671050143,0.18709677,0.09677419,0.09032258,0.30656934,1.7448976874997373,0.35294118,0.50387597,7.438774351972564,6.022906267935964,1.4158680840366005,5.073083324448428,"sa3011191"
"Alec Gamboa","LAD","AA",25,88.1,7.335849479004452,4.788679521016795,1.53191489,1.120754781514569,0.18227848,0.11898734,0.06329114,0.25290698,1.5169812194237602,0.29118774,0.63621533,5.9094343025313645,5.478355314262236,0.43107898826912816,5.572947677908951,"sa3011249"
"Dalton Stambaugh","CHC","AA",25,68.1,7.507317631963786,4.609756440679518,1.62857143,1.4487805956421342,0.18269231,0.11217949,0.07051282,0.2919708,1.6829269545337922,0.33495146,0.66276803,6.19024436319821,5.674988704695024,0.515255658503186,5.862870098272332,"sa3011252"
"Jared Biddy","COL","AA",25,43.1,8.515385614880561,3.3230773131241214,2.5625,0.6230769962107727,0.23699422,0.09248555,0.14450867,0.23376623,1.200000140850377,0.3,0.84645669,2.076923320702576,3.738064238982797,-1.6611409182802213,4.446529948974996,"sa3011303"
"Jake Prizina","BAL","AA",25,30.2,8.5108686829786,2.054347613132766,4.14285714,0.8804346913426139,0.22834646,0.05511811,0.17322835,0.24369748,1.1739129217901518,0.29885057,0.76219512,2.9347823044753794,3.5780307393443627,-0.6432484348689833,4.326586521542669,"sa3011346"
"Zach Bryant","BOS","AA",24,33,8.181818181818182,6.545454545454546,1.25,2.4545454545454546,0.19480519,0.15584416,0.03896104,0.24603175,1.6666666666666667,0.25287356,0.64655172,7.636363636363637,7.687714550711892,-0.05135091434825512,6.348258878426119,"sa3011368"
"Matt Minnick","NYY","AA",26,59.2,9.351954510058652,2.865921543405071,3.26315789,0.7541898798434398,0.27678571,0.08482143,0.19196429,0.12437811,0.7374301047358077,0.14925373,0.82926829,1.8100557116242553,3.5825850290609393,-1.772529317436684,4.2584181360964335,"sa3011369"
"Zack Plunkett","OAK","AA",26,35.2,6.308412339471182,2.523364935788473,2.5,2.523364935788473,0.15432099,0.0617284,0.09259259,0.29333333,1.5140189614730837,0.29565217,0.5,7.065421820207725,7.0099375265490504,0.05548429365867413,5.5600515522880745,"sa3011394"
"Drew Parrish","KCR","AA",24,55,7.8545454545454545,2.290909090909091,3.42857143,0.8181818181818182,0.22325581,0.06511628,0.15813953,0.15816327,0.8181818181818182,0.18181818,0.79069767,2.1272727272727274,4.230327770926736,-2.1030550436540083,5.262698947841471,"sa3011395"
"Nick Bennett","MIL","AA",24,124,9.07258064516129,3.193548387096774,2.84090909,1.4516129032258065,0.23020258,0.08103131,0.14917127,0.25154639,1.3387096774193548,0.3,0.71052632,4.790322580645161,5.066176589842765,-0.2758540091976043,4.431350713199185,"sa3011410"
"Chris Clarke","CHC","AA",24,96.2,8.100000852387616,1.8620691614684177,4.35,0.9310345807342089,0.20232558,0.04651163,0.15581395,0.30940594,1.5000001578495585,0.37459283,0.67883212,4.934483277891307,3.934029797044865,1.0004534808464416,3.6584674662546592,"sa3011411"
"Trevor Brigden","TBR","AA",26,46.2,12.149998675755237,1.5428569746990777,7.875,1.1571427310243083,0.34054054,0.04324324,0.2972973,0.22159091,1.007142747373009,0.30841121,0.70707071,3.27857107123554,3.1323056711469324,0.14626540008860767,3.4031798340832347,"sa3011481"
"J.C. Flowers","PIT","AA",24,68.2,8.126214796079587,3.145631533966292,2.58333333,0.786407883491573,0.21754386,0.08421053,0.13333333,0.22265625,1.1796118252373593,0.2712766,0.77319588,2.883495572802434,4.0120747450800724,-1.1285791722776386,4.116770470609073,"sa3011493"
"Ryan Jensen","CHC","AA",24,59.1,9.101124375686164,5.915730844196006,1.53846154,0.7584270313071803,0.23166023,0.15057915,0.08108108,0.2037037,1.3988765244110215,0.25827815,0.725,4.2471913753202095,4.829496740250415,-0.5823053649302059,4.9668345993956216,"sa3011496"
"Spencer Stockton","CIN","AA",26,49,9.36734693877551,4.040816326530612,2.31818182,1.1020408163265305,0.24401914,0.10526316,0.13875598,0.2320442,1.3061224489795917,0.29032258,0.73051948,4.040816326530612,4.806795418019197,-0.7659790914885853,5.389299287844677,"sa3011500"
"Matt Canterino","MIN","AA",24,34.1,13.106798058192883,5.766991145604868,2.27272727,0.2621359611638576,0.34722222,0.15277778,0.19444445,0.13934426,1.1359224983767164,0.22535211,0.82446809,1.8349517281470036,3.1459499221504617,-1.310998194003458,4.743496417269751,"sa3011530"
"Chris Wright","SFG","AA",23,56,12.214285714285714,5.625,2.17142857,0.8035714285714286,0.31147541,0.14344262,0.16803279,0.21463415,1.4107142857142858,0.31451613,0.73684211,3.857142857142857,3.950701563698905,-0.0935587065560477,4.477174106133836,"sa3011531"
"Zach King","MIA","AA",24,46,9,5.869565217391305,1.53333333,1.3695652173913044,0.20353982,0.13274336,0.07079646,0.31578947,1.9565217391304348,0.38686131,0.61484919,8.217391304347826,5.9083925786225695,2.3089987257252567,5.34747443276903,"sa3011592"
"Hunter Parsons","NYM","AA",25,39,9.692307692307692,6,1.61538462,1.1538461538461537,0.23728814,0.14689266,0.09039548,0.24324324,1.5897435897435896,0.30693069,0.68965517,5.3076923076923075,5.158577021574363,0.14911528611794456,5.477670388038343,"sa3011606"
"Indigo Diaz","ATL","AA",23,49.2,11.416106213449956,5.6174490891579145,2.03225806,0.7248321405365051,0.29577465,0.14553991,0.15023474,0.16384181,1.208053567560842,0.22727273,0.75757576,3.0805365972801466,4.2668693103853075,-1.1863327131051609,5.365044156744551,"sa3011726"
"Pedro Garcia","CIN","AA",27,49.2,10.510066037779325,3.4429526675483992,3.05263158,0.5436241054023788,0.28292683,0.09268293,0.1902439,0.20765027,1.1476508891827997,0.28688525,0.77060932,2.1744964216095153,3.3608291347146757,-1.1863327131051604,4.272507659984226,"sa3011805"
"Noah Gotsis","COL","AA",26,79.1,7.033613896321138,2.382353093915224,2.95238095,1.0210084688208103,0.18674699,0.06325301,0.12349398,0.25974026,1.2731093253197758,0.29957806,0.60175055,5.445378500377655,4.2343150616062575,1.2110634387713972,4.907149695196467,"sa3011844"
"Sean Mellen","TOR","AA",24,55,9.981818181818182,3.9272727272727272,2.54166667,0.8181818181818182,0.26293103,0.10344828,0.15948276,0.22330097,1.2727272727272727,0.29285714,0.63076923,3.272727272727273,3.796805459802801,-0.5240781870755282,4.361011918024584,"sa3011865"
"Noah Denoyer","BAL","AA",24,51.2,12.019353655478826,1.9161288436270592,6.27272727,1.3935482499105885,0.35384615,0.05641026,0.2974359,0.16574586,0.7935483089768629,0.21153846,0.85365854,2.6129029685823535,3.569825972419129,-0.9569230038367755,3.05585133834762,"sa3011889"
"Tyler Brown","HOU","AA",23,65,9.830769230769231,3.876923076923077,2.53571429,2.2153846153846155,0.23745819,0.09364548,0.14381271,0.28624535,1.6153846153846154,0.33516484,0.66193853,6.7846153846153845,6.1576004981994625,0.627014886415922,5.286149087548257,"sa3014450"
"Tanner Burns","CLE","AA",23,88.2,9.338346936029069,4.56766969697074,2.04444444,1.421052794613119,0.2371134,0.11597938,0.12113402,0.22255193,1.3533836139172564,0.26406926,0.81766917,3.5526319865327975,5.117994992163833,-1.5653630056310357,4.864641140484895,"sa3014451"
"Garrett Stallings","BAL","AA",24,119,9.378151260504202,2.19327731092437,4.27586207,2.042016806722689,0.23529412,0.05502846,0.18026566,0.28282828,1.4201680672268908,0.32848837,0.61102832,6.277310924369748,5.087256185547645,1.190054738822103,3.751648709954334,"sa3014457"
"Zach Peek","BAL","AA",24,45.1,7.94117736156434,2.5808826425084104,3.07692308,0.5955883021173255,0.21621622,0.07027027,0.14594595,0.24117647,1.191176604234651,0.2992126,0.69498069,3.573529812703953,3.503222582002001,0.07030723070195233,4.180432448340674,"sa3014469"
"Zach McCambley","MIA","AA",23,94,9.670212765957446,4.9787234042553195,1.94230769,1.148936170212766,0.23990499,0.12351544,0.11638955,0.232493,1.4361702127659575,0.29098361,0.61443932,5.648936170212766,5.1354971114625325,0.5134390587502331,4.829275321960449,"sa3014478"
"Trent Palmer","TOR","AA",23,31.2,9.378946426898914,4.263157466772233,2.2,0.8526314933544467,0.24264706,0.11029412,0.13235294,0.18803419,1.1684209353375752,0.2345679,0.76086957,3.694736471202602,4.362355603934004,-0.667619132731402,4.598148783692661,"sa3014491"
"Jaime Arias","CLE","AA",23,44,6.75,3.272727272727273,2.0625,1.4318181818181819,0.16097561,0.07804878,0.08292683,0.30851064,1.6818181818181819,0.34459459,0.64417178,6.340909090909091,5.142260005257347,1.198649085651744,5.186204767769033,"sa3014789"
"Braden Zarbnisky","PHI","AA",25,43,11.093023255813954,2.9302325581395348,3.78571429,2.9302325581395348,0.29281768,0.07734807,0.21546961,0.23493976,1.2325581395348837,0.25252525,0.90116279,4.604651162790698,6.228940766356712,-1.6242896035660142,4.409773774063864,"sa3014791"
"Jonathan Sprinkle","HOU","AA",23,49,12.857142857142858,6.244897959183674,2.05882353,0.7346938775510204,0.30567686,0.14847162,0.15720524,0.23157895,1.5918367346938775,0.34482759,0.63307494,5.877551020408164,4.34943723289334,1.5281137875148234,4.708392506716203,"sa3014792"
"Noah Skirrow","PHI","AA",23,98.2,10.48986594636927,2.9189192198592746,3.59375,0.9121622562060233,0.26558891,0.073903,0.19168591,0.27020202,1.4087839290293027,0.35793358,0.66153846,4.652027506650719,3.5264737759653557,1.1255537306853634,4.014203640153839,"sa3014845"
"Grant Black","STL","AA",27,31.2,9.378946426898914,4.831578462341865,1.94117647,1.1368419911392622,0.22297297,0.11486486,0.10810811,0.24031008,1.5157893215190164,0.29347826,0.58558559,3.694736471202602,5.115495098726916,-1.4207586275243136,4.9017917140091125,"sa3014846"
"Antonio Velez","BAL","AA",25,48.1,9.49655272348893,2.4206899099089427,3.92307692,2.2344829937621014,0.24757282,0.0631068,0.18446602,0.27368421,1.3448277277271905,0.31496063,0.625,6.144828232845778,5.525332327648826,0.6194959051969517,3.9961870585174992,"sa3014850"
"Carson Coleman","NYY","AA",24,44,14.113636363636363,2.0454545454545454,6.9,0.4090909090909091,0.38333333,0.05555556,0.32777778,0.1875,0.9090909090909091,0.31460674,0.72033898,2.8636363636363638,2.2331690961664377,0.6304672674699261,3.19115283109925,"sa3014857"
"Stevie Branche","CIN","AA",25,34.2,11.942305940143006,9.08653712836968,1.31428571,1.5576920791490878,0.26136364,0.19886364,0.0625,0.25185185,1.9903843233571679,0.3373494,0.72072072,5.971152970071503,6.7265359300128775,-0.7553829599413744,6.2654990696577375,"sa3014866"
"Mike Adams","PHI","AA",27,61.1,8.510870271008555,4.255435135504277,2,1.4673914260359577,0.21167883,0.10583942,0.10583942,0.27868852,1.581521870283199,0.32954545,0.64285714,5.282609133729448,5.110639592515059,0.17196954121438868,4.9608619781758225,"sa3014875"
"Zach Linginfelter","LAA","AA",25,31.2,10.799998915822991,5.6842099556963115,1.9,0.28421049778481555,0.2585034,0.13605442,0.12244898,0.23529412,1.5157893215190164,0.3375,0.6043956,6.536841449050758,4.2454634502654,2.291377998785358,4.738834216064795,"sa3014910"
"Coleman Huntley III","ATL","AA",29,61,11.655737704918034,3.8360655737704916,3.03846154,0.8852459016393442,0.30152672,0.09923664,0.20229008,0.23043478,1.2950819672131149,0.32413793,0.75718016,3.3934426229508197,3.844600704068043,-0.45115808111722355,3.6607966825610303,"sa3014912"
"TJ Shook","MIL","AA",24,80.1,8.40249015855529,5.153527297247245,1.63043478,2.0165976380532697,0.1984127,0.12169312,0.07671958,0.27329193,1.668049898142828,0.30567686,0.76599327,5.713693307817597,6.7192352812948055,-1.0055419734772082,5.904630368110831,"sa3014915"
"Billy Sullivan","PHI","AA",23,51,13.588235294117647,6.352941176470588,2.13888889,0.8823529411764706,0.32083333,0.15,0.17083333,0.24875622,1.6862745098039216,0.37815126,0.73170732,4.588235294117647,3.9640068858277564,0.6242284082898903,4.086537669920454,"sa3014918"
"Jimmy Endersby","HOU","AA",24,72,8.25,4.875,1.69230769,1,0.20754717,0.12264151,0.08490566,0.23636364,1.4444444444444444,0.28358209,0.7231405,3.875,5.160378275977241,-1.2853782759772407,5.890584094574055,"sa3014921"
"Brent Killam","LAA","AA",24,34.1,9.699030563062733,3.4077674951301495,2.84615385,2.883495572802434,0.2202381,0.07738095,0.14285714,0.32653061,1.7766992923328129,0.37373737,0.61567164,8.388350757243444,7.426966385837408,0.9613843714060355,5.7166759788404455,"sa3014927"
"Max Bain","CHC","AA",24,36,8,9.75,0.82051282,2.25,0.17877095,0.21787709,-0.03910615,0.28467153,2.1666666666666665,0.3125,0.71637427,7.5,8.554527844323053,-1.0545278443230526,7.513124229510626,"sa3014932"
"Taylor Dollard","SEA","AA",23,144,8.1875,1.9375,4.22580645,0.5625,0.22902098,0.0541958,0.17482518,0.19962335,0.9513888888888888,0.24808184,0.78125,2.25,3.604822720421686,-1.3548227204216858,4.664938224707213,"sa3014982"
"Brandon Knarr","MIL","AA",24,89,8.797752808988765,3.438202247191011,2.55882353,1.0112359550561798,0.22365039,0.0874036,0.13624679,0.24929178,1.3707865168539326,0.3046875,0.71818182,3.640449438202247,4.301406745696336,-0.6609573074940887,4.359452799330937,"sa3015005"
"Adam Seminaris","LAA","AA",23,30.2,7.9239122220835245,4.108695226265532,1.92857143,0,0.19285714,0.1,0.09285714,0.296,1.6630433058693816,0.37755102,0.67307692,4.695651687160607,3.2888273916532924,1.406824295507315,5.051863279854976,"sa3015010"
"Jack Dashwood","LAA","AA",24,60.1,12.53038779667704,3.13259694916926,4,1.3425415496439685,0.32941176,0.08235294,0.24705882,0.22943723,1.2265194404154776,0.31884058,0.65217391,4.922652348694552,3.9303719497863034,0.9922803989082483,3.493479023144519,"sa3015035"
"Ryan Watson","BAL","AA",24,95,9.473684210526315,1.9894736842105263,4.76190476,1.4210526315789473,0.25906736,0.05440415,0.20466321,0.22689076,1.0736842105263158,0.27272727,0.79775281,3.4105263157894736,4.278145172721461,-0.8676188569319878,3.676581609562824,"sa3015070"
"Kent Hasler","MIL","AA",26,36.2,10.799998501864554,4.172726693902214,2.58823529,1.7181815798420883,0.28205128,0.10897436,0.17307692,0.23913043,1.3636361744778478,0.29885057,0.55825243,4.909090228120252,5.136850861005577,-0.22776063288532455,4.346416056908113,"sa3015089"
"David Griffin","NYM","AA",25,64.1,7.1347155899850785,4.05699513940328,1.75862069,1.119171072938836,0.17708333,0.10069444,0.07638889,0.2745098,1.5388602252908994,0.31632653,0.67538126,5.455958980576825,4.984935588634931,0.4710233919418938,5.27036358904849,"sa3015136"
"Coleman Crow","LAA","AA",21,128,9,2.4609375,3.65714286,1.40625,0.23104693,0.0631769,0.16787004,0.26078431,1.3125,0.3121547,0.70469799,4.8515625,4.64480562210083,0.20675687789916974,4.1664749554358425,"sa3015142"
"Wilmer Flores","DET","AA",21,83.2,10.21912474845792,2.2589644180801716,4.52380952,0.8605578735543511,0.27536232,0.06086957,0.21449275,0.2133758,1.0517929565664292,0.27962085,0.71428571,3.011952557440229,3.4986526268024036,-0.4867000693621746,3.5329985072702406,"sa3015223"
"Cody Mincey","MIA","AA",30,95.1,7.174825557619405,2.8321679832708178,2.53333333,1.60489519052013,0.17924528,0.07075472,0.10849057,0.28645833,1.4685315468811646,0.31958763,0.73692552,5.097902369887472,5.5648232103904025,-0.46692084050293037,5.681966419551999,"sa3016707"
"Theo Denlinger","CHW","AA",25,38.1,11.504349352542958,4.226087517260678,2.72222222,1.4086958390868927,0.29518072,0.10843373,0.18674699,0.23287671,1.3565219191207114,0.30769231,0.72368421,4.695652796956309,4.6257840214244546,0.06986877553185433,4.250329429695966,"sa3016908"
"Kevin Kopps","SDP","AA",25,54.1,9.938651237127502,5.631902367705584,1.76470588,0.6625767491418334,0.24896266,0.14107884,0.10788382,0.21782178,1.4355829564739724,0.28985507,0.68475452,4.141104682136459,4.659441073420292,-0.5183363912838335,4.983161504043252,"sa3017005"
"Ross Carver","ARI","AA",22,36,7.75,3.75,2.06666667,3.75,0.18128655,0.0877193,0.09356725,0.32876712,1.75,0.33,0.63461538,9.5,9.53537827597724,-0.03537827597724075,6.438338556554584,"sa3017069"
"Hayden Juenger","TOR","AA",21,56,10.767857142857142,3.375,3.19047619,1.9285714285714286,0.29515419,0.09251101,0.20264317,0.19607843,1.0892857142857142,0.224,0.82251082,4.017857142857143,5.039987277984619,-1.022130135127476,4.328683026880026,"sa3017103"
"Griff McGarry","PHI","AA",23,32.2,10.744896286182593,5.510203223683381,1.95,0.27551016118416904,0.29545455,0.15151515,0.14393939,0.12037037,1.0102039243419532,0.17647059,0.75842697,2.2040812894733524,3.6292729589056396,-1.4251916694322873,4.369275736141056,"sa3017130"
"Nick Dombkowski","PIT","AA",23,41.1,9.798388302512421,2.395161585058592,4.09090909,1.0887098113902691,0.25714286,0.06285714,0.19428572,0.23312883,1.1854840168471819,0.2920354,0.55813953,3.9193553210049688,3.68111634299113,0.23823897801383875,4.431875028977118,"sa3017201"
"Taylor Broadway","CHW","AA",25,55.1,13.662651858286281,2.2771086430477134,6,1.4638555562449587,0.35443038,0.05907173,0.29535865,0.2690583,1.3373495205200858,0.39230769,0.73289902,4.3915666687348764,3.4015120500961147,0.9900546186387618,2.9508939139665618,"sa3017205"
"Eric Torres","LAA","AA",22,51,14.294117647058824,4.0588235294117645,3.52173913,0.5294117647058824,0.39320388,0.11165049,0.2815534,0.14204545,0.9411764705882353,0.23913043,0.82677165,1.588235294117647,2.9352467985714186,-1.3470115044537716,3.511288839461757,"sa3017262"
"Sean Hunley","TBR","AA",22,91.1,6.700730300164344,1.773722726514091,3.77777778,0.39416060589202023,0.18133333,0.048,0.13333333,0.27065527,1.2372263462721746,0.32616487,0.72310406,3.547445453028182,3.450918753470156,0.09652669955802562,4.257031525253778,"sa3017316"
"Jimmy Burnette","TOR","AA",23,37.1,13.50000183922929,6.026786535370219,2.24,0.48214292282961746,0.33939394,0.15151515,0.18787879,0.19708029,1.3928573326188949,0.3164557,0.57471264,4.580357766881366,3.3614158421146616,1.2189419247667042,3.7021923344180494,"sa3017367"
"Ryan Cusick","OAK","AA",22,41,9.439024390243903,6.585365853658536,1.43333333,0.8780487804878049,0.215,0.15,0.065,0.31360947,2.024390243902439,0.40163934,0.6122449,7.024390243902439,5.196624888443366,1.8277653554590731,5.668052415949543,"sa3017385"
"Brett Kerry","LAA","AA",23,103,10.310679611650485,2.621359223300971,3.93333333,1.6601941747572815,0.26940639,0.06849315,0.20091324,0.27654321,1.3786407766990292,0.34701493,0.77702703,4.456310679611651,4.6502667871493735,-0.19395610753772274,4.3827535525109,"sa3017390"
"Adrian Chaidez","HOU","AA",23,77.2,9.386267323803203,6.257511549202135,1.5,1.9699573395636352,0.22689076,0.1512605,0.07563025,0.25252525,1.6609444235536532,0.29145729,0.68345324,6.373391392705879,6.834854120132201,-0.4614627274263219,6.072544744368136,"sa3017417"
"Nick Jones","LAA","AA",23,35,11.314285714285715,6.685714285714286,1.69230769,0.5142857142857142,0.275,0.1625,0.1125,0.20930233,1.5142857142857142,0.30120482,0.74275362,4.114285714285714,4.4680199078151155,-0.3537341935294016,5.13361623116902,"sa3017419"
"Lael Lockhart","LAD","AA",24,34.2,7.528845049220592,5.19230693049696,1.45,0.5192306930496959,0.18954248,0.13071895,0.05882353,0.22556391,1.4423074806935998,0.2745098,0.63559322,4.932691583972112,4.565292687387879,0.3673988965842323,6.123767353342867,"sa3017502"
"Justin Armbruester","BAL","AA",23,63.1,8.95263229792804,2.273684393124582,3.9375,1.8473685694137227,0.2480315,0.06299213,0.18503937,0.20940171,1.0263158718965126,0.2278481,0.78740157,3.6947371388274455,5.041303198066785,-1.3465660592393398,4.158184857982893,"sa3017548"
"Luke Murphy","LAA","AA",22,44.2,10.477610747196625,5.238805373598312,2,0,0.28729282,0.14364641,0.14364641,0.16339869,1.1417909147586065,0.24752475,0.75471698,2.619402686799156,3.1345444790582393,-0.5151417922590831,4.4517907701374,"sa3017653"
"Braden Olthoff","LAA","AA",23,62.1,4.331551155584093,3.320855885947805,1.30434783,1.0106952696362883,0.10948905,0.08394161,0.02554745,0.27272727,1.4278076031369789,0.28780488,0.70294785,4.909091309661972,5.619738943431126,-0.7106476337691543,5.48642099663967,"sa3017654"
"Mason Erla","LAA","AA",24,82,7.024390243902439,2.0853658536585367,3.36842105,0.9878048780487805,0.18390805,0.0545977,0.12931034,0.27076923,1.3048780487804879,0.31349206,0.70121951,4.280487804878049,4.289622695271563,-0.009134890393514006,4.39480516343582,"sa3017685"
"Walker Powell","CHC","AA",26,41.1,8.274194566566045,2.8306455096146994,2.92307692,0.4354839245561076,0.2345679,0.08024691,0.15432099,0.18120805,0.9677420545691281,0.2293578,0.77956989,1.9596776605024844,3.3161765570943205,-1.356498896591836,4.1875650472921775,"sa3017815"
"Tyler Samaniego","PIT","AA",23,30.2,6.749999300293373,2.6413040740278415,2.55555556,0.5869564608950759,0.19827586,0.07758621,0.12068966,0.14150943,0.7826086145267679,0.16049383,0.54054054,3.5217387653704555,3.741074200704106,-0.21933543533365052,4.3074545481964535,"sa3017876"
"Braden Scott","TOR","AA",24,46.1,12.237411415309925,6.604317271754562,1.85294118,2.136690882038241,0.26808511,0.14468085,0.12340426,0.27040816,1.8776980478517873,0.3442623,0.62663185,6.798561897394403,6.307073926400015,0.49148797099438735,5.326791402128041,"sa3018143"
"Brent Teller","ARI","AA",25,39.2,10.436973451633813,5.2184867258169065,2,1.8151258176754457,0.25274725,0.12637363,0.12637363,0.26751592,1.6386552520681106,0.33009709,0.78853047,4.764705271398045,5.9508775278906265,-1.1861722564925818,5.127227094707164,"sa3018794"
"Andy Otero","MIL","AA",30,34,9,2.911764705882353,3.09090909,1.0588235294117647,0.22972973,0.07432432,0.15540541,0.28888889,1.4705882352941178,0.36082474,0.77586207,3.4411764705882355,4.258776210336125,-0.8175997397478891,3.8986213554354276,"sa506550"
"Bryan Brickhouse","SFG","AA",30,68,9.529411764705882,3.3088235294117645,2.88,1.0588235294117647,0.24913495,0.08650519,0.16262976,0.24137931,1.2941176470588236,0.3038674,0.67669173,4.367647058823529,4.0620461015140314,0.30560095730949755,3.8765266415827417,"sa597825"
"Markus Solbach","DET","AA",30,63,8.857142857142858,2.7142857142857144,3.26315789,1.5714285714285714,0.22627737,0.06934307,0.15693431,0.25099602,1.3015873015873016,0.29213483,0.73654391,4.571428571428571,4.811812674810016,-0.24038410338144445,4.09086423081065,"sa599472"
"Tyler Pike","STL","AA",28,62.1,11.406418043038112,4.909091309661972,2.32352941,1.1550803081557581,0.28417266,0.12230216,0.1618705,0.24369748,1.4759359493101354,0.33112583,0.72580645,5.053476348181442,4.816424114008909,0.23705223417253318,4.403922627988495,"sa657974"
"Sean McLaughlin","LAA","AA",28,58.1,9.720000847516815,2.931428827028881,3.31578947,1.234285821906897,0.25301205,0.07630522,0.17670683,0.24090909,1.234285821906897,0.30201342,0.6779661,4.937143287627588,4.696591433544556,0.2405518540830318,4.440316089783628,"sa659266"
"Gerson Moreno","DET","AA",26,57,15.157894736842104,5.2105263157894735,2.90909091,0.7894736842105263,0.40506329,0.13924051,0.26582279,0.16582915,1.1578947368421053,0.28571429,0.765625,3.3157894736842106,3.186917102546023,0.1288723711381876,3.459591259454426,"sa736656"
"Carlos Belen","SDP","AA",26,41.2,7.127999129882919,3.4559995781250517,2.0625,0.8639998945312629,0.18131868,0.08791209,0.09340659,0.25766871,1.3919998300781458,0.3015873,0.64981949,4.319999472656314,4.789600372222916,-0.46960089956660145,5.378744842523121,"sa736746"
"Emilio Vargas","CHW","AA",25,79.2,9.828453137826722,4.631799754607996,2.12195122,1.1297072572214624,0.24507042,0.11549296,0.12957747,0.25,1.4811717372459172,0.31753555,0.7,5.1966533832187265,4.799878999328406,0.39677438389032016,4.585277890890164,"sa736761"
"Julio Pinto","CIN","AA",26,31.2,12.221051404747069,4.547367964557049,2.6875,1.1368419911392622,0.29251701,0.10884354,0.18367347,0.26190476,1.547368265717329,0.36708861,0.7231405,3.694736471202602,4.498095003851903,-0.8033585326493009,4.211835466105828,"sa736965"
"Luis Reyes","WSN","AA",27,107.2,8.60990793422148,4.430340975861538,1.94339623,1.0866874091735848,0.22737307,0.11699779,0.11037528,0.23096447,1.3374614266751814,0.28057554,0.66009105,4.764706332530333,4.715296998363268,0.04940933416706539,4.569851688259265,"sa737048"
"Stephen Woods Jr.","KCR","AA",27,58,10.706896551724139,7.603448275862069,1.40816327,0.7758620689655172,0.23958333,0.17013889,0.06944445,0.27848101,1.9827586206896552,0.37423313,0.68181818,4.5,5.136910843027049,-0.6369108430270494,4.886081293071139,"sa737853"
"Ty Damron","OAK","AA",27,92,6.945652173913044,3.130434782608696,2.21875,1.2717391304347827,0.17661692,0.07960199,0.09701493,0.27945205,1.4565217391304348,0.31672598,0.73675497,4.108695652173913,5.257600498199463,-1.14890484602555,5.406194216628437,"sa738284"
"A.J. Puckett","ATL","AA",27,58.2,11.352271743057273,3.835226940222052,2.96,1.0738635432621746,0.26241135,0.08865248,0.17375887,0.32283465,1.8238634782389314,0.43352601,0.58882236,7.36363572522634,4.042532854927477,3.321102870298863,3.9279880590416143,"sa738686"
"Connor Jones","SEA","AA",27,74.1,7.748879453984381,5.932735831956792,1.30612245,0.9686099317480477,0.18658892,0.14285714,0.04373178,0.271777,1.7085202962778063,0.3255814,0.61074919,7.022422005173346,5.694820361695559,1.327601643477787,5.208485192187828,"sa738697"
"Fernery Ozuna","TEX","AA",26,43,10.465116279069768,1.8837209302325582,5.55555556,0.8372093023255814,0.28089888,0.0505618,0.23033708,0.21818182,1.0465116279069768,0.28828829,0.73732719,2.9302325581395348,3.5482981726180673,-0.6180656144785326,3.6336713524751882,"sa739259"
"Luis Ledo","LAA","AA",27,36,10.25,4.25,2.41176471,1.5,0.26973684,0.11184211,0.15789474,0.19402985,1.1944444444444444,0.22988506,0.73033708,4,4.9711945109897195,-0.9711945109897195,4.2180295308431,"sa740812"
"Francys Peguero","WSN","AA",26,57,8.68421052631579,4.2631578947368425,2.03703704,1.105263157894737,0.2244898,0.11020408,0.11428571,0.2,1.2280701754385965,0.23529412,0.58544304,4.894736842105263,4.6606013130723385,0.23413552903292434,4.9390856110213095,"sa748442"
"Arnaldo Hernandez","MIL","AA",26,48.2,12.205478176432761,5.547944625651255,2.2,1.479451900173668,0.27966102,0.12711864,0.15254237,0.30882353,1.910958704390988,0.42307692,0.65632458,7.027396525824923,4.979565750042628,2.0478307757822947,4.607036216156519,"sa828154"
"Steven Fuentes","WSN","AA",25,92,7.239130434782608,4.891304347826087,1.48,0.5869565217391305,0.17874396,0.12077295,0.05797102,0.26224784,1.5326086956521738,0.31835206,0.71524064,4.695652173913044,4.83890032146288,-0.14324814754983617,5.0348933127911195,"sa828326"
"Jefry Yan","MIA","AA",25,57,13.894736842105264,7.421052631578948,1.87234043,0.47368421052631576,0.33082707,0.17669173,0.15413534,0.23113208,1.6842105263157894,0.38016529,0.67813765,4.894736842105263,4.0209021133289005,0.8738347287763624,4.480512030710254,"sa828460"
"Cristopher Molina","LAA","AA",25,42.2,9.492186368443207,3.3749995976686957,2.8125,2.531249698251522,0.23316062,0.08290155,0.15025907,0.31976744,1.6640623016283151,0.37391304,0.74324324,6.7499991953373915,6.6057427616790365,0.14425643365835494,4.850266234950201,"sa828598"
"Carlos Luna","MIL","AA",25,109.1,9.137195547019937,3.1280489260068256,2.92105263,1.3993903090030535,0.23029046,0.07883817,0.15145228,0.27727273,1.4634147022254154,0.33653846,0.68473609,5.350610005011675,4.725598358214436,0.6250116467972395,5.176807503110113,"sa828727"
"Brian Gonzalez","WSN","AA",26,42.1,8.929134931084933,5.527559719243054,1.61538462,0.42519690148023487,0.22105263,0.13684211,0.08421053,0.2327044,1.4881891551808222,0.30434783,0.76687117,3.401575211841879,4.241759030862854,-0.8401838190209747,5.237458780503041,"sa828794"
"Felix Paulino","CHW","AA",27,68.1,8.824390900729362,2.5024392106545954,3.52631579,1.0536586150124612,0.24542125,0.06959707,0.17582418,0.216,1.06829276244319,0.26285714,0.79027356,3.292683171913941,4.153037371899247,-0.8603541999853057,3.980807871939664,"sa828972"
"Cre Finfrock","TOR","AA",26,36.1,9.165138897696524,10.155964724474527,0.90243902,0.9908258267780027,0.20670391,0.22905028,-0.02234637,0.25,2.0642204724541724,0.31578947,0.72829132,5.944954960668016,6.359941818685905,-0.4149868580178886,6.63395230751248,"sa829399"
"Tyler Herb","MIL","AA",30,34.1,9.174758640735018,2.3592236504747186,3.88888889,0.5242719223277152,0.25735294,0.06617647,0.19117647,0.23015873,1.1067962804696212,0.30337079,0.8839779,1.3106798058192881,3.174538571401496,-1.8638587655822079,3.4362133696243506,"sa829625"
"Will Gaddis","COL","AA",26,49.2,6.34228122969442,2.718120527011894,2.33333333,0.7248321405365051,0.16509434,0.07075472,0.09433962,0.28061224,1.4093958288209822,0.32484076,0.6116208,4.892616948621409,4.0190140617650405,0.8736028868563688,4.687251015237708,"sa829731"
"Jeff Bain","ARI","AA",26,45,9.8,2.2,4.45454545,2,0.26344086,0.05913978,0.20430108,0.24705882,1.1777777777777778,0.28828829,0.79545455,3.8,5.535378275977241,-1.735378275977241,4.502190944883559,"sa829808"
"Andrew Lee","WSN","AA",28,47.1,11.408451930134941,5.5140850995652215,2.06896552,1.140845193013494,0.27906977,0.13488372,0.14418605,0.22099448,1.4577466355172424,0.29565217,0.79268293,3.992958175547229,4.682593047999613,-0.689634872452384,4.4090753852005395,"sa856275"
"Alberto Guerrero","WSN","AA",24,41.1,9.362904377956314,3.701613358726915,2.52941176,1.7419356982244305,0.22395833,0.08854167,0.13541667,0.29310345,1.6451614927675178,0.3495935,0.58823529,6.967742792897722,5.15692297620905,1.8108198166886718,4.252142014336016,"sa872514"
"Carlos Espinal","NYY","AA",25,37.2,10.274334895806115,3.8230083333232057,2.6875,1.4336281249962022,0.28289474,0.10526316,0.17763158,0.19117647,1.1150440972192683,0.22988506,0.83333333,3.106194270825105,4.476934037241065,-1.3707397664159604,3.968737487687445,"sa872567"
"Nick Highberger","OAK","AA",28,56,8.035714285714286,7.232142857142857,1.11111111,0.6428571428571429,0.18382353,0.16544118,0.01838235,0.27678571,1.9107142857142858,0.34117647,0.61302682,6.428571428571429,5.4718862124851775,0.9566852160862513,5.7859720770801815,"sa872728"
"Domingo Robles","STL","AA",24,110,5.7272727272727275,3.4363636363636365,1.66666667,0.9818181818181818,0.14141414,0.08484848,0.05656566,0.28411633,1.5363636363636364,0.31506849,0.61946903,6.136363636363637,5.212145952744917,0.9242176836187195,5.944890940189362,"sa872881"
"Tyler Thomas","TEX","AA",26,41,11.195121951219512,5.7073170731707314,1.96153846,1.7560975609756098,0.26842105,0.13684211,0.13157895,0.23717949,1.5365853658536586,0.29896907,0.66889632,6.365853658536586,6.294185864053122,0.07166779448346361,5.624617309395861,"sa873974"
"Zac Houston","DET","AA",27,34.2,16.61538217759027,5.971152970071503,2.7826087,1.5576920791490878,0.40506329,0.14556962,0.25949367,0.19379845,1.3846151814658558,0.3220339,0.72368421,4.413460890922416,4.482294813697884,-0.06883392277546818,3.0812074334275494,"sa874155"
"Nolan Watson","SDP","AA",25,91,9.296703296703297,4.549450549450549,2.04347826,0.7912087912087912,0.22014052,0.10772834,0.11241218,0.27322404,1.6043956043956045,0.34848485,0.64085447,5.835164835164835,4.845512586111551,0.9896522490532842,4.926194931910588,"sa874732"
"Wandisson Charles","OAK","AA",25,37,8.27027027027027,9.243243243243244,0.89473684,1.4594594594594594,0.16831683,0.18811881,-0.01980198,0.34969325,2.5675675675675675,0.41463415,0.51369863,11.432432432432432,7.1900329306318955,4.242399501800536,6.774625567809956,"sa874818"
"Justin Maese","ATL","AA",25,53.2,11.571427474745521,3.8571424915818406,3,1.1739129322205601,0.2804878,0.09349593,0.18699187,0.26146789,1.4906830885340447,0.35211268,0.67819149,4.695651728882241,4.271746550547826,0.4239051783344143,4.205791591334636,"sa875002"
"Garrett Davila","CHW","AA",25,88.2,8.932331851853892,4.770677239058329,1.87234043,0.7105263973065595,0.21945137,0.11720698,0.10224439,0.26878613,1.5789475495701324,0.34262948,0.67293777,4.973684781145917,4.484561364712334,0.4891234164335829,5.072347662525411,"sa875052"
"Gray Fenter","SFG","AA",26,40.1,11.15702620035297,8.479339912268257,1.31578947,0.8925620960282376,0.26315789,0.2,0.06315789,0.18791946,1.6363638427184355,0.25263158,0.69400631,5.132232052162366,5.274491644710114,-0.1422595925477479,5.866948292965741,"sa875233"
"Joe Zanghi","NYM","AA",27,30,13.8,4.2,3.28571429,0.9,0.37398374,0.11382114,0.2601626,0.17592593,1.1,0.27118644,0.80536913,2.7,3.1483206113179527,-0.44832061131795253,3.2939539154370627,"sa875398"
"Alec Kisena","NYM","AA",26,59.1,7.280899500548931,3.033708125228721,2.4,1.8202248751372327,0.19354839,0.08064516,0.11290323,0.25110132,1.2977529202367306,0.26946108,0.62091503,5.76404543793457,5.488021163557579,0.27602427437699095,4.790572830381655,"sa875686"
"Jason Bilous","CHW","AA",24,83.2,11.187252356206566,5.9163353806861645,1.89090909,1.075697341942939,0.26943005,0.14248705,0.12694301,0.2392638,1.5896416275378986,0.32075472,0.67741935,5.270916975520401,4.8014292763028275,0.4694876992175736,4.768144233851169,"sa875998"
"Riley Thompson","CHC","AA",25,57,10.105263157894736,5.052631578947368,2,1.263157894736842,0.26778243,0.13389121,0.13389121,0.22926829,1.3859649122807018,0.29323308,0.73065903,4.421052631578948,4.950726674732409,-0.5296740431534612,4.632660489751582,"sa876287"
"Blake Rogers","ARI","AA",28,47.1,11.218311064632692,3.80281731004498,2.95,1.140845193013494,0.295,0.1,0.195,0.21590909,1.2253522443478269,0.28828829,0.69029851,3.612676444542731,4.433656908874126,-0.8209804643313952,4.991048784811212,"sa876290"
"Jesus Vargas","NYM","AA",23,65.1,7.301020976554791,2.066326691477771,3.53333333,1.7908164659474015,0.18088737,0.05119454,0.12969283,0.28205128,1.4081633749329996,0.30917874,0.52030457,6.474490299963683,5.297640485775477,1.1768498141882056,5.057952555253527,"sa877526"
"Odalvi Javier","ATL","AA",25,52.1,9.974523262414946,2.7515926241144677,3.625,0.34394907801430846,0.27358491,0.0754717,0.19811321,0.18947368,0.9936306698191134,0.26153846,0.6884058,2.7515926241144677,3.1237068514150854,-0.3721142273006177,4.389267198212649,"sa877574"
"Matt Milburn","OAK","AA",28,99.1,6.342282203944786,2.808724976032691,2.25806452,1.2684564407889574,0.15486726,0.06858407,0.08628319,0.31476998,1.6208054521192232,0.35258359,0.62248996,6.07047010949001,5.358271721099814,0.7121983883901963,5.207397285873453,"sa913084"
"Collin Kober","SEA","AA",27,48,12,4.3125,2.7826087,1.125,0.31683168,0.11386139,0.2029703,0.18823529,1.1458333333333333,0.26,0.80935252,3.375,4.715933831532797,-1.340933831532797,5.048119068269929,"sa913150"
"Ryan Nutof","CIN","AA",26,54.2,10.701218516538805,4.774389799686544,2.24137931,0.3292682620473478,0.26859504,0.11983471,0.14876033,0.24170616,1.4634144979882127,0.34027778,0.70707071,2.9634143584261303,3.381086128627451,-0.41767177020132085,4.330828975678225,"sa915630"
"Alex Troop","WSN","AA",25,112.1,10.415430738655372,2.483679637679358,4.19354839,1.682492657782791,0.27310924,0.06512605,0.20798319,0.2585034,1.2908012453889137,0.32068966,0.71070234,4.807121879379403,4.465432429404563,0.3416894499748393,4.0344780456223255,"sa915638"
"Colton Hock","MIA","AA",26,36.1,7.43119370083502,1.9816516535560054,3.75,0.9908258267780027,0.19607843,0.05228758,0.14379085,0.22916667,1.128440524941614,0.26363636,0.65934066,3.71559685041751,4.105241475122554,-0.38964462470504424,3.8995158442695304,"sa915685"
"Matt Ruppenthal","HOU","AA",26,61,12.39344262295082,6.049180327868853,2.04878049,0.4426229508196721,0.31343284,0.15298507,0.16044776,0.1971831,1.360655737704918,0.30952381,0.72198276,4.131147540983607,4.347764432625692,-0.21661689164208564,4.763660297970302,"sa915693"
"Jeffrey Passantino","PIT","AA",26,41.1,7.185484755175776,2.395161585058592,3,1.3064517736683228,0.18333333,0.06111111,0.12222222,0.26785714,1.3548388763967794,0.30232558,0.781893,3.9193553210049688,4.576277743467573,-0.6569224224626042,5.237359570556739,"sa915726"
"Jose Chacin","NYM","AA",25,101.2,8.321312308020651,2.921311767709377,2.84848485,1.3278689853224444,0.20888889,0.07333333,0.13555556,0.2676399,1.4065575177859966,0.31456954,0.640625,5.665574337375762,4.63465953116968,1.0309148062060824,4.910468413729422,"sa917323"
"Joan Martinez","BOS","AA",25,33.1,10.530001606750734,5.6700008651734715,1.85714286,1.6200002471924206,0.26,0.14,0.12,0.25,1.5600002380371456,0.3164557,0.72016461,5.940000906372209,5.754987635040338,0.1850132713318704,5.273658952605694,"sa917483"
"Harold Chirino","MIL","AA",24,52,8.653846153846153,4.326923076923077,2,0.6923076923076923,0.2173913,0.10869565,0.10869565,0.2244898,1.3269230769230769,0.28169014,0.74585635,3.2884615384615383,4.620767160562369,-1.3323056221008303,4.813409208563658,"sa917637"
"Willy Taveras","NYM","AA",24,45,7.2,1.8,4,2.4,0.1773399,0.04433498,0.13300493,0.30208333,1.488888888888889,0.31944444,0.67049808,5.4,6.01498727798462,-0.6149872779846195,4.923289610942205,"sa917753"
"Bryan Mata","BOS","AA",23,48.2,10.726026276259093,4.253424212999295,2.52173913,0.739725950086834,0.29441624,0.11675127,0.17766497,0.20231214,1.1917806973621214,0.27927928,0.84269663,1.849314875217085,3.57937082244836,-1.730055947231275,3.561154315847746,"sa917784"
"Andres Sotillet","KCR","AA",25,32,8.4375,2.25,3.75,0,0.24193548,0.06451613,0.17741935,0.19130435,0.9375,0.25882353,0.87096774,1.125,2.726350498199463,-1.601350498199463,3.922408142872155,"sa917861"
"Deyni Olivero","ARI","AA",24,96,7.21875,3.1875,2.26470588,1.5,0.18117647,0.08,0.10117647,0.29457364,1.5416666666666667,0.33333333,0.6404321,6.1875,5.507600498199464,0.679899501800536,5.116898213016491,"sa917869"
"Oddanier Mosqueda","BOS","AA",23,58.2,11.659089898275038,3.0681815521776414,3.8,1.3806816984799386,0.31404959,0.08264463,0.23140496,0.21100917,1.1249999024651351,0.27819549,0.71428571,4.295454173048698,4.045669041487801,0.24978513156089743,3.3978316110277214,"sa917882"
"Jay Groome","BOS","AA",23,76.2,9.508696913836525,4.460870157108493,2.13157895,1.291304519162985,0.24923077,0.11692308,0.13230769,0.20640569,1.252174079188349,0.24867725,0.79676674,3.521739597717232,4.888900517029239,-1.3671609193120067,4.6399190848716145,"sa917925"
"Kevin Gowdy","TEX","AA",24,40,7.425,6.975,1.06451613,2.475,0.1641791,0.15422886,0.00995025,0.31137725,2.075,0.33333333,0.59490085,9.9,8.232600498199464,1.6673995018005368,6.962729777023196,"sa917928"
"Travis MacGregor","PIT","AA",24,45,12,4.4,2.72727273,1.2,0.31413613,0.11518325,0.19895288,0.20858896,1.2444444444444445,0.28865979,0.80223881,3.6,4.348320611317953,-0.7483206113179528,3.9229412198066713,"sa917950"
"Reggie Lawson","SDP","AA",24,62.1,7.941177118570837,7.219251925973488,1.1,1.5882354237141674,0.19163763,0.17421603,0.0174216,0.23931624,1.7005348981181996,0.26785714,0.72649573,5.631016502259321,6.837814653281485,-1.2067981510221637,6.525303423622059,"sa917951"
"Tai Tiedemann","TEX","AA",26,61,4.278688524590164,4.573770491803279,0.93548387,1.7704918032786885,0.1010453,0.10801394,-0.00696864,0.29083665,1.7049180327868851,0.29047619,0.65075922,6.19672131147541,7.134649678527332,-0.9379283670519216,6.630712877726946,"sa918110"
"Henry Henry","SDP","AA",23,79.2,9.376570234938137,6.213389914718042,1.50909091,0.5648536286107312,0.22311828,0.14784946,0.07526882,0.27476038,1.7698747029802908,0.36,0.70289855,5.1966533832187265,4.711575515408698,0.4850778678100287,5.074900557994252,"sa918121"
"Ben Krauth","SDP","AA",28,36.1,7.9266066142240215,5.201835590584514,1.52380952,1.9816516535560054,0.17679558,0.1160221,0.06077348,0.31012658,1.9266057742905607,0.34745763,0.65789474,7.183487244140519,6.757600918166194,0.4258863259743251,6.14567926985308,"sa918347"
"Joe Navilhon","DET","AA",28,43.2,10.305342311091263,2.0610684622182527,5,2.0610684622182527,0.27173913,0.05434783,0.2173913,0.27325581,1.3053433594048933,0.33035714,0.73333333,5.3587780017674564,4.926437483611338,0.43234051815611885,4.219471325970826,"sa918459"
"Dylan Bice","MIA","AA",24,31,9.580645161290322,5.225806451612903,1.83333333,1.4516129032258065,0.24626866,0.13432836,0.1119403,0.23275862,1.4516129032258065,0.28205128,0.71052632,5.225806451612903,5.291983041455669,-0.0661765898427662,5.041880406102827,"sa918551"
"Michael Danielak","OAK","AA",28,74.2,7.593751034566475,3.254464729099918,2.33333333,0.9642858456592349,0.196875,0.084375,0.1125,0.26279863,1.3928573326188949,0.31081081,0.7112069,3.9776791133443443,4.5477791772813365,-0.5701000639369922,4.7859097641478545,"sa918811"
"Troy Bacon","ATL","AA",25,44,8.386363636363637,4.909090909090909,1.70833333,1.6363636363636365,0.2029703,0.11881188,0.08415842,0.27118644,1.6363636363636365,0.3125,0.87378641,3.8863636363636362,5.786851076646284,-1.9004874402826482,5.953061481497505,"sa918926"
"Garrison Bryant","NYM","AA",23,42.2,4.429686971940163,3.5859370725229893,1.23529412,2.1093747485429346,0.11170213,0.09042553,0.0212766,0.26627219,1.4531248267740218,0.25362319,0.62,6.960936670191685,6.813424372859347,0.14751229733233728,6.380306068099285,"sa918939"
"Yeizo Campos","NYM","AA",26,47.2,8.874124927213984,4.720279216603183,1.88,1.321678180648891,0.22274882,0.11848341,0.1042654,0.23783784,1.4475522930916427,0.28244275,0.59800664,6.230768565916201,4.988413683519013,1.242354882397188,5.093966578595829,"sa919234"
"Jake Elliott","TOR","AA",27,41,10.75609756097561,3.292682926829268,3.26666667,0.8780487804878049,0.2969697,0.09090909,0.20606061,0.18791946,1.048780487804878,0.25,0.72916667,3.292682926829268,3.463767765789498,-0.17108483896022975,4.2354802681178585,"sa919409"
"Steven Moyers","CHW","AA",28,43.1,7.476923954529273,2.076923320702576,3.6,1.453846324491803,0.18461538,0.05128205,0.13333333,0.34615385,1.6846155823476447,0.4028777,0.66465257,5.6076929658969545,4.920767317664712,0.6869256482322426,4.288634379469506,"sa920718"
"Kyle Johnson","CHC","AA",28,46.2,6.749999264308465,7.135713507983234,0.94594595,1.928571218373847,0.15151515,0.16017316,-0.00865801,0.30645161,2.014285494746018,0.33333333,0.63636364,7.907141995332773,7.760876595244166,0.14626540008860722,6.406332914764972,"sa921678"
"Jose Bravo","HOU","AA",25,108.1,8.224615770762083,2.8246155172314227,2.91176471,1.3292308316383166,0.20930233,0.07188161,0.13742072,0.26376147,1.3753846799590914,0.30841121,0.70216049,4.486154056779318,4.8745236275622155,-0.38836957078289736,4.721008757102034,"sa923839"
"Kenny Hernandez","ARI","AA",24,46,8.217391304347826,4.108695652173913,2,1.7608695652173914,0.19266055,0.09633028,0.09633028,0.32653061,1.8478260869565217,0.37931034,0.70844687,6.260869565217392,5.909774411242941,0.3510951539744509,4.614356301336185,"sa943755"
"Osvaldo Hernandez","SDP","AA",24,55.2,7.275448437038724,3.880239166420653,1.875,1.1317364235393572,0.1875,0.1,0.0875,0.23113208,1.3113771256884614,0.2625,0.68452381,4.365269062223234,5.28454646646685,-0.9192774042436156,5.274943789664899,"sa975541"
"Victor Castaneda","MIL","AA",23,106.2,9.28125088512906,3.965625378191507,2.34042553,1.350000128746045,0.23861171,0.10195228,0.13665944,0.23658537,1.350000128746045,0.28521127,0.75636943,3.965625378191507,4.904180748164666,-0.9385553699731592,4.966764210135266,"sa978399"