Name,Team,Level,Age,IP,K/9,BB/9,K/BB,HR/9,K%,BB%,K-BB%,AVG,WHIP,BABIP,LOB%,ERA,FIP,E-F,xFIP,PlayerId
"Caleb Thielbar","DET","AA",31,38,9.473684210526315,0.7105263157894737,13.33333333,0.23684210526315788,0.27777778,0.02083333,0.25694444,0.19858156,0.8157894736842105,0.27,0.81081081,1.4210526315789473,1.802644581543772,-0.3815919499648246,2.6582861567798415,"10078"
"Roman Mendez","WSN","AA",27,54,9.833333333333334,3.3333333333333335,2.95,1.3333333333333333,0.25877193,0.0877193,0.17105263,0.22222222,1.2222222222222223,0.27142857,0.71684588,3.6666666666666665,4.236367778424864,-0.5697011117581972,3.8111418207486474,"10307"
"Scott Copeland","NYM","AA",30,79.1,7.60084082344381,3.2899161773115,2.31034483,0.5672269271226724,0.19822485,0.08579882,0.11242604,0.27213115,1.4117647963942068,0.33476395,0.75229358,3.6302523335851036,3.7071116557659045,-0.07685932218080094,3.5314592998167362,"10706"
"Mickey Jannis","NYM","AA",30,142.1,7.208430398164314,2.2763464415255728,3.16666667,0.758782147175191,0.1875,0.05921053,0.12828947,0.27689594,1.3559718000445542,0.32879819,0.73399558,3.604215199082157,3.687274162739074,-0.08305896365691723,3.8157526429367232,"11071"
"Logan Darnell","WSN","AA",29,112.2,6.550296449405868,1.9171599364114738,3.41666667,1.1183432962400264,0.17190776,0.05031447,0.12159329,0.27272727,1.3047338456133641,0.30704225,0.74188563,3.914201536840092,4.181031453867,-0.2668299170269077,3.7677151391919623,"11261"
"Sean Nolin","COL","AA",28,40.1,10.041323580317673,3.347107860105891,3,0.8925620960282376,0.25568182,0.08522727,0.17045455,0.26415094,1.413223318711376,0.34545455,0.73033708,4.2396699561341284,3.6512744612498755,0.5883954948842529,3.7657070736289793,"11341"
"Zach Lee","TBR","AA",26,74,7.175675675675675,2.4324324324324325,2.95,0.4864864864864865,0.19218241,0.06514658,0.12703583,0.25174825,1.2432432432432432,0.30493274,0.80091533,2.310810810810811,3.322996961748278,-1.0121861509374672,3.514956474948574,"11468"
"Williams Perez","SEA","AA",27,79,7.746835443037975,1.481012658227848,5.23076923,0.569620253164557,0.21316614,0.04075235,0.17241379,0.22772277,1.0379746835443038,0.27826087,0.76923077,2.278481012658228,3.1606310174435004,-0.8821500047852724,3.5499507705056215,"11592"
"Nick Tepesch","DET","AA",29,56,5.464285900398183,3.214285823763637,1.7,0.9642857471290911,0.136,0.08,0.056,0.29385965,1.553571481485758,0.32446809,0.63275434,5.6250001915863646,4.686103274384325,0.9388969172020394,4.542116305680136,"11716"
"Enderson Franco","ATL","AA",25,127.2,9.164491591848794,2.960835745058841,3.0952381,0.9869452483529471,0.23722628,0.07664234,0.16058394,0.250501,1.3080940990074774,0.31267606,0.70595855,3.9477809934117882,3.904007519244004,0.04377347416778443,3.893520149324195,"11896"
"Taylor Hill","SFG","AA",29,51.2,6.445160655836472,1.9161288436270592,3.36363636,1.7419353123882355,0.15744681,0.04680851,0.1106383,0.29864253,1.490322433932157,0.32183908,0.63636364,5.39999946840353,5.225734377840202,0.1742650905633285,4.278078954075861,"12515"
"Erik Johnson","SDP","AA",28,31.2,9.378946426898914,2.55789448006334,3.66666667,1.1368419911392622,0.25,0.06818182,0.18181818,0.2195122,1.1368419911392622,0.26744186,0.78947368,2.8421049778481557,3.862296532527896,-1.0201915546797404,3.792609869706419,"12520"
"Nick Ramirez","MIL","AA",28,30.2,9.684781604768753,3.8152169958179933,2.53846154,0.5869564608950759,0.2704918,0.10655738,0.16393443,0.15740741,0.9782607681584599,0.20547945,0.78014184,1.7608693826852277,3.428754886832716,-1.667885504147488,3.422517834126397,"12575"
"Ryne Harper","MIN","AA",29,39,11.76923076923077,1.1538461538461537,10.2,0,0.33116883,0.03246753,0.2987013,0.23648649,1.0256410256410255,0.36082474,0.56097561,2.5384615384615383,1.2096913484426648,1.3287701900188735,2.245493235954872,"12680"
"Michael Kelly","BAL","AA",25,56.1,8.786983041885922,10.544379650263107,0.83333333,1.2781066242743158,0.18900344,0.22680412,-0.03780069,0.25114155,2.1479291880165587,0.30128205,0.57858377,9.1065096979545,7.056771358484211,2.0497383394702897,6.530922032849389,"12791"
"Jayson Aquino","BAL","AA",25,38.2,6.284481931951861,3.258620261012076,1.92857143,0.23275859007229113,0.15606936,0.08092486,0.07514451,0.29487179,1.5517239338152742,0.3515625,0.60064935,5.586206161734987,3.5875810266533352,1.9986251350816517,4.170083150715955,"13150"
"Jordan Weems","BOS","AA",25,42.1,9.566930283305284,4.677165916282584,2.04545455,0.6377953522203523,0.234375,0.11458333,0.11979167,0.26347305,1.5590553054275278,0.34453782,0.63271605,4.0393705640622315,3.895889572991103,0.14348099107112855,4.390671567747004,"13190"
"Brandon Brennan","CHW","AA",26,69.2,9.04306352139903,2.712919056419709,3.33333333,0.5167464869370875,0.24561404,0.07368421,0.17192983,0.20610687,1.0765551811189322,0.26595745,0.68627451,3.100478921622525,3.090810189738689,0.009668731883835768,3.2141749506151776,"13527"
"Alejandro Chacin","CIN","AA",25,36,12.5,5.25,2.38095238,1.75,0.29761905,0.125,0.17261905,0.26027397,1.6388888888888888,0.34831461,0.71713147,5.5,4.946870835622152,0.5531291643778484,3.5100418051083886,"13530"
"Dietrich Enns","MIN","AA",27,60.2,9.0494497907492,1.9285712668809771,4.69230769,0.5934065436556852,0.24696356,0.05263158,0.19433198,0.25641026,1.2032966024129175,0.33136095,0.66765579,4.005494169675876,2.852548534140867,1.1529456355350085,2.9942146280789954,"13932"
"Cesar Vargas","WSN","AA",26,33,8.727272727272727,4.090909090909091,2.13333333,1.0909090909090908,0.2147651,0.10067114,0.11409396,0.27819549,1.5757575757575757,0.34020619,0.67510549,4.363636363636363,4.419869461926547,-0.05623309829018375,3.9542187119975236,"14099"
"Branden Kline","BAL","AA",26,45,9.6,3,3.2,0.6,0.26519337,0.08287293,0.18232044,0.19393939,1.0444444444444445,0.25438596,0.75342466,1.8,3.128960371017456,-1.328960371017456,3.323062449031406,"14101"
"Chris Mazza","SEA","AA",28,33.1,6.750000643730225,1.620000154495254,4.16666667,0.810000077247627,0.1953125,0.046875,0.1484375,0.19166667,0.8700000829696735,0.2173913,0.82089552,1.890000180244463,3.8250060783833097,-1.9350058981388467,3.685725696936316,"14151"
"Joel Payamps","ARI","AA",24,90,9.6,1.7,5.64705882,0.5,0.27272727,0.04829545,0.22443182,0.21212121,0.9666666666666667,0.28384279,0.71764706,2.9,2.6857597245110405,0.2142402754889594,2.9360403855641684,"14332"
"Caleb Frare","NYY","AA",24,43.2,11.74809023464404,3.091602693327379,3.8,0.20610684622182526,0.33727811,0.0887574,0.24852071,0.16556291,0.9160304276525567,0.25806452,0.88942308,0.6183205386654758,2.252624618525702,-1.6343040798602264,2.9463840691822782,"14353"
"Yohander Mendez","TEX","AA",23,33,8.727272727272727,2.727272727272727,3.2,1.6363636363636365,0.23021583,0.07194245,0.15827338,0.2578125,1.303030303030303,0.3,0.70224719,4.909090909090909,4.876012682192254,0.03307822689865514,4.330778032947671,"14391"
"Robinson Leyer","CIN","AA",25,59,9.915254237288135,4.11864406779661,2.40740741,0.6101694915254238,0.26859504,0.11157025,0.15702479,0.20379147,1.1864406779661016,0.27464789,0.80409357,2.593220338983051,3.617774790424412,-1.024554451441361,3.706385880001521,"14399"
"Yunior Marte","KCR","AA",23,80.1,8.962656169125642,3.2489628613080455,2.75862069,0.7842324147984937,0.23323615,0.0845481,0.14868805,0.22330097,1.2199170896865459,0.27927928,0.75107296,2.912863254965834,3.862558665701421,-0.949695410735587,4.096589950610949,"14416"
"Dakota Bacus","WSN","AA",27,37,11.675675675675675,3.1621621621621623,3.69230769,0.24324324324324326,0.30769231,0.08333333,0.22435897,0.25174825,1.3243243243243243,0.37234043,0.6302521,3.891891891891892,2.1397711818282668,1.7521207100636254,2.508489122906247,"14545"
"Jose Ruiz","CHW","AA",23,45.1,10.919118872150968,3.7720592467430616,2.89473684,0.397058868078217,0.29891304,0.10326087,0.19565217,0.20121951,1.1470589522259602,0.28971963,0.69721116,3.176470944625736,2.834125678184529,0.3423452664412068,3.2507010585744025,"14552"
"Rowan Wick","SDP","AA",25,31.1,12.063831011166574,6.031915505583287,2,0,0.31343284,0.15671642,0.15671642,0.19469027,1.372340564762335,0.30985915,0.6744186,3.1595747886388645,2.781557423996131,0.3780173646427336,3.5965044044798127,"14646"
"Andres Machado","KCR","AA",25,58,7.293103448275862,3.413793103448276,2.13636364,0.7758620689655172,0.18359375,0.0859375,0.09765625,0.26431718,1.4137931034482758,0.31428571,0.70731707,3.7241379310344827,4.451770257949829,-0.7276323269153466,4.827960077133672,"14681"
"Jose Manuel Fernandez","TOR","AA",25,31.1,9.478724365916595,6.606383648972171,1.43478261,1.4361703584722112,0.24087591,0.16788321,0.0729927,0.20353982,1.4680852553271493,0.24,0.825,3.4468088603333067,5.594918047718056,-2.1481091873847493,5.32732593920541,"14733"
"Brad Goldberg","ARI","AA",28,36.1,14.366973734074666,6.192661092273562,2.32,0.2477064436909425,0.37419355,0.16129032,0.21290323,0.17829457,1.3211010330183601,0.31428571,0.75630252,1.98165154952754,2.6754640475917557,-0.6938124980642157,3.027997941661138,"14776"
"Ryan Eades","MIN","AA",26,61,10.032786885245901,2.6557377049180326,3.77777778,0.7377049180327869,0.25954198,0.06870229,0.19083969,0.27160494,1.3770491803278688,0.35882353,0.65384615,4.278688524590164,3.1340293055675073,1.1446592190226568,3.1905742465472615,"14808"
"Chase De Jong","SEA","AA",24,120.2,6.638122106572956,2.535911815994163,2.61764706,0.8950276997626457,0.17315175,0.06614786,0.10700389,0.25847458,1.292817788546044,0.29649596,0.70652174,3.803867723991244,4.313648783647192,-0.509781059655948,4.639693878013438,"15036"
"Kyle McGowin","WSN","AA",26,78,10.846153846153847,2.1923076923076925,4.94736842,0.8076923076923077,0.29283489,0.05919003,0.23364486,0.20805369,1.0384615384615385,0.27918782,0.67819149,3.6923076923076925,2.969986012043097,0.7223216802645953,2.799569060863593,"15071"
"Ashton Goudeau","SEA","AA",25,51.1,6.136364244373296,2.4545456977493183,2.5,0.8766234634818995,0.16431925,0.0657277,0.09859155,0.2628866,1.266233891696077,0.2987013,0.6984127,4.383117317409497,4.464757371306691,-0.08164005389719353,4.367496126116414,"15139"
"Justin Topa","TEX","AA",27,41,7.463414634146342,2.8536585365853657,2.61538462,0.8780487804878049,0.18681319,0.07142857,0.11538462,0.31736527,1.6097560975609757,0.37984496,0.67307692,5.7073170731707314,4.159087331120562,1.5482297420501698,3.9807033041991846,"15145"
"Daniel Wright","CIN","AA",27,151.1,6.30396433396096,2.200440380722222,2.86486486,1.4867840410285285,0.16666667,0.0581761,0.10849057,0.25084746,1.2224668781790122,0.26797386,0.71698113,4.162995314879879,5.022127699169532,-0.8591323842896532,4.038687045238543,"15179"
"Glenn Sparkman","KCR","AA",26,33.2,6.950493999444339,0.2673266922863207,26,0,0.18978102,0.00729927,0.18248175,0.25925926,1.0693067691452829,0.32110092,0.64864865,2.940593615149528,2.0854338307086344,0.8551597844408936,3.4506713978024455,"15200"
"Kohl Stewart","MIN","AA",23,68,9.397058823529411,2.7794117647058822,3.38095238,0.39705882352941174,0.23051948,0.06818182,0.16233766,0.29787234,1.5441176470588236,0.38942308,0.65217391,4.764705882352941,2.995890443465289,1.768815438887652,3.08243086197797,"15502"
"Hunter Harvey","BAL","AA",23,32.1,8.350516777513135,2.5051550332539403,3.33333333,0.8350516777513135,0.2173913,0.06521739,0.15217391,0.28346457,1.3917527962521892,0.35106383,0.63084112,5.567011185008757,3.70009445001804,1.8669167349907165,3.798570528853923,"15507"
"Eric Yardley","SDP","AA",27,39.1,6.1779669005787605,2.7457630669238937,2.25,0.45762717782064893,0.16770186,0.07453416,0.0931677,0.27027027,1.3220340692596526,0.31932773,0.67729084,3.4322038336548673,3.731431311062448,-0.2992274774075807,3.7196093467670006,"15538"
"Dan Slania","SFG","AA",26,70.1,8.829384524766427,2.6872039857984777,3.28571429,0.8957346619328259,0.25090909,0.07636364,0.17454545,0.20238095,1.0236967564946582,0.25,0.8411215,2.431279796674813,3.6417566021686016,-1.2104768054937884,3.863134655327768,"15639"
"Dario Agrazal","PIT","AA",23,85.2,5.463035668165828,1.365758917041457,4,0.9455254041056241,0.14606742,0.03651685,0.10955056,0.27083333,1.2140079262590728,0.29818182,0.71138211,3.9922183728904126,4.181100550026229,-0.18888217713581623,3.98160186086472,"15821"
"Stephen Tarpley","NYY","AA",25,35.2,8.327101616247784,3.7850461892035385,2.2,0,0.23239437,0.1056338,0.12676056,0.14516129,0.9252335129164205,0.1978022,0.80555556,1.261682063067846,2.9925118208660306,-1.7308297577981846,3.4282546249397843,"15859"
"Lewis Thorpe","MIN","AA",22,108,10.916666666666666,2.5,4.36666667,1.0833333333333333,0.2872807,0.06578947,0.22149123,0.24705882,1.25,0.32740214,0.67062818,3.5833333333333335,3.3635375022888185,0.21979583104451494,3.035131267706553,"15906"
"Keury Mella","CIN","AA",24,85,9.211764705882352,3.2823529411764705,2.80645161,0.8470588235294118,0.24301676,0.08659218,0.15642458,0.21875,1.188235294117647,0.27555556,0.73347107,3.070588235294118,3.881184561112348,-0.81059632581823,3.7401696710025565,"15964"
"Akeem Bostick","HOU","AA",23,93,9.387096774193548,3.3870967741935485,2.77142857,0.6774193548387096,0.25,0.09020619,0.15979382,0.24216524,1.2903225806451613,0.31578947,0.73975045,3.4838709677419355,3.5377917633261733,-0.05392079558423779,3.685033822155768,"15979"
"Zach Thompson","CHW","AA",24,40,9,4.05,2.22222222,0.675,0.24390244,0.1097561,0.13414634,0.19310345,1.15,0.24509804,0.88785047,1.35,3.7635375022888184,-2.4135375022888184,3.6581795036792757,"16094"
"Jordan Romano","TOR","AA",25,137.1,8.19174696603816,2.6868930048605164,3.04878049,0.9830096359245792,0.21891419,0.07180385,0.14711033,0.2332696,1.1868931159681957,0.27937337,0.60402685,4.128640470883233,3.9770185754418086,0.15162189544142413,4.004026742057606,"16122"
"Chris Ellis","STL","AA",25,53.2,9.391303457764481,2.6832295593612803,3.5,1.0062110847604802,0.25339367,0.07239819,0.18099548,0.22660099,1.1552793936138845,0.28368794,0.66546763,4.192546186502001,3.8244410300833405,0.36810515641866015,3.6081244159460573,"16125"
"Max Povse","SEA","AA",24,60.2,8.90109815483528,2.818681082364505,3.15789474,0.2967032718278426,0.23166023,0.07335907,0.15830116,0.26382979,1.335164723225292,0.34682081,0.74519231,3.4120876260201904,3.0891329257157993,0.3229547003043911,3.649692053030815,"16165"
"Spencer Turnbull","DET","AA",25,98.2,9.577703690163245,3.6486490248240933,2.625,0.3648649024824093,0.24940618,0.09501188,0.1543943,0.2459893,1.3378379757688343,0.33207547,0.66716642,4.469595055409514,3.1566630559563187,1.3129319994531956,3.450965095949016,"16207"
"A.J. Ladwig","DET","AA",25,53.2,8.049688678083841,2.0124221695209603,4,0.33540369492016003,0.22119816,0.05529954,0.16589862,0.25,1.1739129322205601,0.31818182,0.73529412,2.6832295593612803,2.751320674210514,-0.06809111484923358,3.632073084613235,"16266"
"John Means","BAL","AA",25,46,8.021739130434783,2.5434782608695654,3.15384615,1.173913043478261,0.21134021,0.06701031,0.1443299,0.23756906,1.2173913043478262,0.2761194,0.6092437,4.304347826086956,4.089829936234848,0.2145178898521083,3.74561215898265,"16269"
"Sam Clay","MIN","AA",25,52,10.557692307692308,6.230769230769231,1.69444444,0.17307692307692307,0.25,0.14754098,0.10245902,0.26341463,1.7307692307692308,0.37062937,0.54585153,5.884615384615385,3.5173836561349723,2.3672317284804127,3.8500222178605887,"16279"
"Jesus Tinoco","COL","AA",23,141,8.425531914893616,2.425531914893617,3.47368421,1.4680851063829787,0.22073579,0.06354515,0.15719064,0.26654741,1.326241134751773,0.31188119,0.71245186,4.787234042553192,4.406974555414619,0.3802594871385727,3.7822958100772075,"16300"
"Gerardo Reyes","SDP","AA",25,39,11.307692307692308,3.923076923076923,2.88235294,0.23076923076923078,0.28994083,0.10059172,0.18934911,0.21768707,1.2564102564102564,0.31958763,0.64638783,3,2.964590770770342,0.035409229229657946,3.8752703942549536,"16306"
"Austen Williams","WSN","AA",25,51.2,12.019353655478826,2.264515906104706,5.30769231,0,0.33990148,0.06403941,0.27586207,0.17894737,0.9096773298027452,0.28099174,0.78723404,1.3935482499105885,1.412831527390397,-0.019283277479808625,2.272268985361051,"16309"
"Ryan Castellani","COL","AA",22,134.1,6.096773731864098,4.689825947587767,1.3,1.0049627030545216,0.15166667,0.11666667,0.035,0.25961538,1.526054475008718,0.28985507,0.66494845,5.493796110031385,5.212334918223338,0.28146119180804696,5.1407803820540465,"16377"
"Scott Blewett","KCR","AA",22,148.1,6.067415314240852,2.9730335039780176,2.04081633,0.7280898377089022,0.15384615,0.07538462,0.07846154,0.27843803,1.4359549577036683,0.31865828,0.67723343,4.7932580982502735,4.388848845371473,0.4044092528788008,4.826227068419285,"16427"
"Foster Griffin","KCR","AA",22,152.2,6.897380372251844,2.35807875974422,2.925,1.17903937987211,0.17384844,0.05943536,0.11441308,0.31121643,1.5524018501649448,0.35685484,0.68421053,5.128821302443678,4.408102199401651,0.7207191030420272,4.24383598151395,"16432"
"James Norwood","CHC","AA",24,32.2,9.918365802630085,3.3061219342100285,3,0.5510203223683381,0.26666667,0.08888889,0.17777778,0.20661157,1.1326528848682504,0.27710843,0.80110497,2.479591450657521,3.241088541762521,-0.7614970911049999,3.4756873218925914,"16440"
"Conner Greene","STL","AA",23,48.2,7.952053963433466,5.917807600694672,1.34375,0.1849314875217085,0.19634703,0.14611872,0.05022831,0.23497268,1.5410957293475709,0.30215827,0.6443299,4.438355700521004,4.170948264978696,0.2674074355423084,5.110616107217851,"16455"
"Roel Ramirez","TBR","AA",23,51.1,9.818180237357113,3.8571422361045804,2.54545455,0.8766232354783138,0.26046512,0.10232558,0.15813954,0.23560209,1.3051945950454893,0.30769231,0.70967742,3.6818175890089178,3.8688844924982857,-0.18706690348936794,3.772477729627493,"16470"
"Dusten Knight","SFG","AA",27,35.2,8.831774441474924,2.523364126135692,3.5,0.5046728252271384,0.24475524,0.06993007,0.17482518,0.1969697,1.0093456504542768,0.25263158,0.73099415,2.271027713522123,3.0205492000453162,-0.7495214865231934,3.5365567815946193,"16537"
"Erik Swanson","NYY","AA",24,42.2,11.601561116986142,3.164062122814402,3.66666667,0,0.34810127,0.09493671,0.25316456,0.15492958,0.8671873966232065,0.25287356,0.92105263,0.42187494970858697,1.875835544243434,-1.453960594534847,2.916560569393611,"16587"
"Jeff Brigham","MIA","AA",26,38,9.710526315789474,2.1315789473684212,4.55555556,0.23684210526315788,0.29285714,0.06428571,0.22857143,0.20930233,0.9473684210526315,0.29885057,0.90163934,1.1842105263157894,2.416169081236187,-1.2319585549203977,3.1961825295498496,"16631"
"Reed Garrett","TEX","AA",25,42.2,9.7031238432975,2.9531246479601085,3.28571429,0.42187494970858697,0.28395062,0.08641975,0.19753086,0.19727891,1.007812379859402,0.27272727,0.80097087,1.6874997988343479,2.959582816623144,-1.272083017788796,3.277846552198505,"16866"
"Greg Mahle","LAA","AA",25,36.1,8.917432441002024,2.7247710236395073,3.27272727,0.49541291338900134,0.25899281,0.07913669,0.17985612,0.176,0.9082570078798358,0.22988506,0.78313253,1.7339451968615047,3.253445743757929,-1.5195005468964244,3.8349775466835014,"16877"
"Touki Toussaint","ATL","AA",22,86,11.19767441860465,3.7674418604651163,2.97222222,0.7325581395348837,0.29315068,0.09863014,0.19452055,0.20496894,1.186046511627907,0.28365385,0.7358871,2.9302325581395348,3.4333049441492833,-0.5030723860097486,3.3929009847862774,"16929"
"Luis Ortiz","MIL","AA",22,68,8.602941176470589,2.3823529411764706,3.61111111,0.9264705882352942,0.22569444,0.0625,0.16319444,0.23684211,1.1911764705882353,0.28865979,0.71808511,3.7058823529411766,3.7605963258182302,-0.054713972877053596,3.494974505901337,"16942"
"Tanner Banks","CHW","AA",26,61,6.491803278688525,2.2131147540983607,2.93333333,0.7377049180327869,0.17670683,0.06024096,0.11646586,0.25541126,1.2131147540983607,0.2967033,0.77142857,2.6557377049180326,3.871734223600294,-1.2159965186822612,4.001860719430642,"16990"
"Jefry Rodriguez","WSN","AA",24,68,9.529411764705882,3.7058823529411766,2.57142857,0.7941176470588235,0.25441696,0.09893993,0.15547703,0.2173913,1.2205882352941178,0.28,0.63968668,3.3088235294117645,3.6819015474880445,-0.37307801807628005,3.465373445609037,"17018"
"Ariel Jurado","TEX","AA",22,101.2,5.1344267432467845,1.5049181833654368,3.41176471,1.0622951882579554,0.13908873,0.04076739,0.09832134,0.26952141,1.21967225318506,0.29051988,0.77132486,3.2754101637953625,4.435376913744233,-1.1599667499488704,4.119095868027741,"17030"
"Sean Reid-Foley","TOR","AA",22,44.1,10.556392188554598,4.060150841751769,2.6,0.6090226262627654,0.29213483,0.11235955,0.17977528,0.17419355,1.0601504975685174,0.24,0.87336245,2.0300754208758844,3.4191859452786066,-1.3891105244027222,3.3658068095081233,"17034"
"Pablo Lopez","MIA","AA",22,43.2,10.511449157313088,1.648854769774602,6.375,0.6183205386654758,0.29479769,0.04624277,0.24855491,0.18292683,0.8702289062699289,0.24545455,0.94827586,0.6183205386654758,2.5391101174015174,-1.9207895787360416,2.5967832173505343,"17085"
"Domingo Acevedo","NYY","AA",24,64.2,7.237114540511383,2.7835055925043783,2.6,0.41752583887565675,0.20233463,0.07782101,0.12451362,0.21518987,1.0979383170433936,0.26373626,0.70359281,2.922680872129597,3.251640771225668,-0.3289598990960707,4.021876140836857,"17092"
"Gabe Speier","ARI","AA",23,61,7.081967213114754,2.9508196721311477,2.4,0.4426229508196721,0.17391304,0.07246377,0.10144928,0.29133858,1.540983606557377,0.34975369,0.71895425,3.3934426229508197,3.5564002246422715,-0.1629576016914518,4.009920467927404,"17170"
"Yoan Lopez","ARI","AA",25,61.2,12.697296250025053,3.7945942816166824,3.34615385,0.5837837356333357,0.34387352,0.1027668,0.24110672,0.17040359,1.0378377522370414,0.25757576,0.64102564,2.918918678166679,2.844618626170298,0.07430005199638101,3.0385769867220094,"17181"
"Ranger Suarez","PHI","AA",22,75,6.48,2.4,2.7,0.24,0.18181818,0.06734007,0.11447811,0.23272727,1.12,0.28310502,0.75721154,2.76,3.115627037684123,-0.35562703768412307,3.7310529534022017,"17277"
"Framber Valdez","HOU","AA",24,94.1,11.448763868177643,2.766784601476264,4.13793103,0.6678445589770292,0.30456853,0.07360406,0.23096447,0.25484765,1.28268558152731,0.36324786,0.67708333,4.102473719430322,2.9217348936823457,1.1807388257479765,2.525517620115593,"17295"
"Merandy Gonzalez","MIA","AA",22,73,5.794520547945205,4.068493150684931,1.42424242,0.863013698630137,0.1525974,0.10714286,0.04545455,0.25185185,1.3835616438356164,0.28240741,0.71725572,4.315068493150685,4.884085447494298,-0.5690169543436134,5.020944132870191,"17313"
"Luis Escobar","PIT","AA",22,35.2,6.308410315339231,5.299064664884954,1.19047619,1.0093456504542768,0.15923567,0.13375796,0.02547771,0.22222222,1.429906338143559,0.24528302,0.73275862,4.542055427044246,5.235502155208868,-0.6934467281646226,5.364907224154699,"17345"
"Josh Taylor","BOS","AA",25,35.2,9.336447266702061,4.542055427044246,2.05555556,0.2523364126135692,0.21764706,0.10588235,0.11176471,0.28571429,1.6822427507571283,0.37614679,0.73899371,3.7850461892035385,3.55325940445174,0.2317867847517987,4.247005999300145,"17359"
"Brett Martin","TEX","AA",23,89,9.707865168539326,2.932584269662921,3.31034483,0.7078651685393258,0.22325581,0.06744186,0.15581395,0.34586466,1.8764044943820224,0.44256757,0.57160804,7.280898876404494,3.361882617500391,3.9190162589041035,3.4296692538127473,"17369"
"Matt Gage","NYM","AA",25,40,7.2,1.575,4.57142857,0.675,0.18604651,0.04069767,0.14534884,0.29090909,1.375,0.34615385,0.70866142,3.15,3.228960371017456,-0.07896037101745623,3.3918198674917224,"17381"
"Jonathan Hernandez","TEX","AA",21,64,8.015625,5.0625,1.58333333,0.84375,0.20577617,0.1299639,0.07581228,0.24472574,1.46875,0.29885057,0.66964286,4.921875,4.764270257949829,0.15760474205017072,4.523032083804719,"17464"
"Genesis Cabrera","TBR","AA",21,138.1,9.433735416693123,4.554217097713921,2.07142857,0.9108434195427842,0.24956971,0.12048193,0.12908778,0.22396857,1.3301205491735897,0.28571429,0.70913462,4.228915876448641,4.159993505832626,0.0689223706160158,4.197550119199621,"17490"
"Wei-Chieh Huang","ARI","AA",24,47,10.914893617021276,2.872340425531915,3.8,1.148936170212766,0.28787879,0.07575758,0.21212121,0.23163842,1.1914893617021276,0.30701754,0.78358209,3.8297872340425534,3.9755514408679717,-0.14576420682541835,3.738510270258214,"17508"
"Ryan Burr","CHW","AA",24,43,9,4.813953488372093,1.86956522,0.627906976744186,0.24157303,0.12921348,0.11235955,0.19354839,1.2325581395348837,0.24770642,0.77868852,2.7209302325581395,3.8751654092655623,-1.1542351767074228,3.9337326726248096,"17536"
"Andrew Moore","SEA","AA",24,50.1,8.40397435916869,2.503311511241737,3.35714286,1.0728477905321732,0.2361809,0.07035176,0.16582915,0.20765027,1.0331126871791296,0.24615385,0.81140351,3.0397354065078237,4.087531911598525,-1.0477965050907012,4.186646340680153,"17553"
"JT Brubaker","PIT","AA",24,35,9,2.057142857142857,4.375,0.2571428571428571,0.24305556,0.05555556,0.1875,0.21804511,1.0571428571428572,0.28865979,0.80310881,1.8,2.6432460853031703,-0.8432460853031702,3.096468298775809,"17578"
"Ricardo Sanchez","ATL","AA",21,57.2,6.8670514174399475,3.7456644095126985,1.83333333,0.4682080511890873,0.16988417,0.09266409,0.07722008,0.27896996,1.5433524650306953,0.33333333,0.6797235,4.057803110305423,3.866427631343764,0.19137547896165907,4.4744015943173014,"17581"
"Marcos Diplan","MIL","AA",21,57,9,5.684210526315789,1.58333333,0.9473684210526315,0.22007722,0.13899614,0.08108108,0.26008969,1.6491228070175439,0.325,0.68925234,4.578947368421052,4.62669539702566,-0.04774802860460792,4.498510814967909,"17583"
"Mitch Keller","PIT","AA",22,86,7.953488372093023,3.3488372093023258,2.375,0.7325581395348837,0.22222222,0.09356725,0.12865497,0.20645161,1.1162790697674418,0.25110132,0.77726218,2.7209302325581395,3.735937115203502,-1.0150068826453627,3.658822217098502,"17594"
"Jeffrey Springs","TEX","AA",25,37.1,16.392859376206996,1.6875002299036612,9.71428571,0.48214292282961746,0.43870968,0.04516129,0.39354839,0.26712329,1.2321430250090224,0.48684211,0.61946903,4.821429228296175,1.2285556693465933,3.5928735589495817,1.352895061931413,"17677"
"Ralph Garza Jr.","HOU","AA",24,32.2,9.367345480261747,2.479591450657521,3.77777778,0,0.24817518,0.06569343,0.18248175,0.22131148,1.1020406447366762,0.30681818,0.64285714,3.3061219342100285,2.7476887349236194,0.5584331992864091,3.9202141910355635,"17682"
"Nabil Crismatt","NYM","AA",23,105.1,8.971519420552285,3.1613925577184245,2.83783784,0.6835443368039837,0.23702032,0.08352144,0.15349887,0.23809524,1.2531646174739701,0.3041958,0.70422535,3.5886077682209145,3.5757958259744504,0.012811942246464092,3.7477428359337077,"17732"
"Tyler Alexander","DET","AA",23,48,6.5625,1.6875,3.88888889,1.3125,0.16509434,0.04245283,0.12264151,0.31840796,1.5208333333333333,0.35849057,0.81288344,3.75,4.453960371017457,-0.7039603710174571,3.8069972167412445,"17735"
"Sandy Baez","DET","AA",24,103.2,7.466238674763736,3.993569523710836,1.86956522,1.649517846750128,0.18859649,0.10087719,0.0877193,0.28078818,1.543408511579067,0.31561462,0.6768559,5.643087370460964,5.499378590425519,0.1437087800354444,4.594504629906094,"17754"
"Jacob Nix","SDP","AA",22,52.2,7.006328437290584,1.5379745350150062,4.55555556,0.5126581783383354,0.205,0.045,0.16,0.20744681,0.9113923170459296,0.25,0.81196581,2.0506327133533415,3.318858878380632,-1.2682261650272904,3.8389412447562057,"17775"
"Dillon Tate","BAL","AA",24,123.1,7.005405694308129,2.4810811834007955,2.82352941,0.7297297598237634,0.18532819,0.06563707,0.11969112,0.24261603,1.208108157930453,0.28532609,0.68275862,4.1594596309954515,3.8965279619914943,0.26293166900395715,3.7605622501776157,"17796"
"Daniel Zamora","NYM","AA",25,51.2,12.019353655478826,2.787096499821177,4.3125,0.5225805937164707,0.33495146,0.0776699,0.25728155,0.1957672,1.0258063506286277,0.29059829,0.68273092,3.483870624776471,2.399928204410397,1.083942420366074,2.5474988999113486,"17811"
"Jose Rodriguez","LAA","AA",22,114.2,8.241279800883431,3.2180235412973395,2.56097561,0.7848837905603268,0.20076482,0.07839388,0.12237094,0.3006263,1.6133722361517828,0.36813187,0.5862069,6.122093566370548,3.8170259146125627,2.3050676517579856,3.994618145517362,"17860"
"Franklyn Kilome","NYM","AA",23,140,8.035714285714286,3.9214285714285713,2.04918033,0.6428571428571429,0.20973154,0.10234899,0.10738255,0.24236641,1.3428571428571427,0.30077121,0.64324324,4.178571428571429,4.014674656731742,0.16389677183968665,4.338938074452537,"17861"
"Dennis Santana","LAD","AA",22,38.2,11.870688093686848,3.258620261012076,3.64285714,0.6982757702168734,0.31677019,0.08695652,0.22981367,0.18181818,1.0344826225435162,0.25842697,0.67839196,2.5603444907952024,3.2190116678775382,-0.6586671770823358,2.93681781907422,"17878"
"Tayler Saucedo","TOR","AA",25,62.2,5.457446365563708,2.585106173161756,2.11111111,1.292553086580878,0.13620072,0.06451613,0.07168459,0.29230769,1.4999998782543524,0.31455399,0.65533981,5.026595336703415,4.892790031325186,0.1338053053782291,4.177209403428704,"17888"
"Cody Ponce","MIL","AA",24,95,8.336842105263157,3.221052631578947,2.58823529,0.9473684210526315,0.21568627,0.08333333,0.13235294,0.24242424,1.2842105263157895,0.29433962,0.66386555,4.3578947368421055,4.300379607551976,0.05751512929012925,4.077700818212409,"17920"
"Tyler Jay","MIN","AA",24,59.2,7.391060822465709,3.016759519373759,2.45,1.0558658317808156,0.18215613,0.07434944,0.10780669,0.2983871,1.5754188601174075,0.34895833,0.66901408,4.2234633271232624,4.3020849083162105,-0.07862158119294804,4.036978009159748,"17952"
"Tyler Gilbert","PHI","AA",24,34.2,10.644229207518768,2.336538118723632,4.55555556,0.7788460395745439,0.28275862,0.06206897,0.22068966,0.2,1.0384613860993919,0.26373626,0.70121951,2.855768811773328,2.95396042603712,-0.09819161426379219,2.6615405883121173,"17964"
"Brock Burke","TBR","AA",21,55.1,11.54819383259912,2.2771086430477134,5.07142857,0.32530123472110195,0.32126697,0.06334842,0.25791855,0.19117647,0.9578314133454668,0.28244275,0.82706767,1.9518074083266117,2.1888385991292836,-0.23703119080267188,2.8343181005873714,"17968"
"Peter Lambert","COL","AA",21,92.2,7.284173461494002,1.1654677538390403,6.25,0.5827338769195202,0.20949721,0.03351955,0.17597765,0.23323615,0.9928058643814048,0.28244275,0.80831409,2.2338131948581608,3.037593432557696,-0.8037802376995353,3.46570128751559,"17969"
"Logan Webb","SFG","AA",21,30.2,7.630433991635987,3.2282605349229176,2.36363636,1.1739129217901518,0.1969697,0.08333333,0.11363636,0.25,1.3369563831498952,0.28888889,0.71428571,3.8152169958179933,4.5028732928076085,-0.6876562969896152,3.820796987094401,"17995"
"Triston McKenzie","CLE","AA",20,90.2,8.63603038070122,2.779412076547519,3.10714286,0.794117736156434,0.24033149,0.07734807,0.16298343,0.19090909,1.0036765831977152,0.23404255,0.76372315,2.680147359527965,3.615725109073946,-0.9355777495459812,3.913437702562089,"18000"
"Matt Hall","DET","AA",24,57,12,3.9473684210526314,3.04,0.15789473684210525,0.33043478,0.10869565,0.22173913,0.16336634,1.0175438596491229,0.256,0.75503356,1.5789473684210527,2.364048090315702,-0.7851007218946493,2.8565735737482707,"18076"
"Cody Stashak","MIN","AA",24,55.2,11.155687603459377,2.10179621514452,5.30769231,0.6467065277367755,0.31221719,0.05882353,0.25339367,0.22705314,1.0778442128946257,0.32089552,0.77617329,2.748502742881296,2.5731184128327595,0.17538433004853626,2.9694028369318493,"18088"
"Ryan Helsley","STL","AA",23,41,9.658536585365853,4.390243902439025,2.2,1.0975609756097562,0.25287356,0.11494253,0.13793104,0.19736842,1.2195121951219512,0.24271845,0.66666667,4.390243902439025,4.500550745754708,-0.11030684331568352,4.191935031988272,"18138"
"Jay Flaa","BAL","AA",26,65,9.276923076923078,3.876923076923077,2.39285714,0.9692307692307692,0.25670498,0.10727969,0.14942529,0.15086207,0.9692307692307692,0.17721519,0.68265683,2.769230769230769,4.005883447940533,-1.2366526787097643,4.0746401713444635,"18140"
"Anthony Misiewicz","SEA","AA",23,98,8.357142857142858,2.663265306122449,3.13793103,1.2857142857142858,0.20044053,0.06387665,0.13656388,0.31367925,1.653061224489796,0.37304075,0.62761506,5.510204081632653,4.370137604888605,1.1400664767440487,3.9460816394613714,"18152"
"Pedro Payano","TEX","AA",23,118.2,6.598315172372469,3.6404497502744655,1.8125,1.1376405469607704,0.16415094,0.09056604,0.07358491,0.25806452,1.4157304584400698,0.2892562,0.62195122,5.536517328542416,5.271995133087062,0.2645221954553545,5.188810605880527,"18313"
"Taylor Hearn","PIT","AA",23,129,9.767441860465116,3.2790697674418605,2.9787234,0.7674418604651163,0.26168224,0.08785047,0.17383178,0.21443299,1.1705426356589148,0.27844311,0.71428571,3.488372093023256,3.4535359305004745,0.03483616252278132,3.7778506995402568,"18325"
"Alex Young","ARI","AA",24,50.2,8.526314933544466,2.8421049778481557,3,0.5328946833465291,0.22641509,0.0754717,0.1509434,0.25128205,1.2828946080564592,0.31944444,0.67961165,3.907894344541214,3.2451164615451455,0.6627778829960684,3.6270277323481683,"18333"
"Brandon Waddell","PIT","AA",24,53.2,7.211179440783441,3.1863351017415207,2.26315789,0.6708073898403201,0.20093458,0.08878505,0.11214953,0.20418848,1.0807452391871823,0.24305556,0.78014184,2.6832295593612803,3.981134222251101,-1.2979046628898208,4.0050806977412705,"18347"
"Scott Effross","CHC","AA",24,63.1,8.526316474217182,2.8421054914057273,3,0.9947369219920046,0.20833333,0.06944444,0.13888889,0.31320755,1.6263159200821662,0.38383838,0.63409563,5.9684215319520275,3.9951165003789804,1.9733050315730472,3.603616531729771,"18384"
"Danny Young","TOR","AA",24,56.2,7.623528727495196,3.0176467879668483,2.52631579,0.47647054546844975,0.19354839,0.0766129,0.11693548,0.28,1.4470586936449215,0.34482759,0.6601467,4.129411394059898,3.5407250578923226,0.5886863361675752,3.6165044547490215,"18439"
"Trevor Kelley","BOS","AA",25,33,6.818181818181818,3.5454545454545454,1.92307692,0.2727272727272727,0.17730496,0.09219858,0.08510638,0.24409449,1.3333333333333333,0.2970297,0.64220183,3.8181818181818183,3.4804755225326076,0.33770629564921073,4.734876566944701,"18454"
"Shea Spitzbarth","LAD","AA",23,63.2,11.874344601109321,3.2513086407799334,3.65217391,1.4136124525130145,0.31578947,0.08646617,0.22932331,0.2107438,1.1623035720662565,0.27702703,0.72131148,4.099476112287742,3.9858016288991904,0.11367448338855146,3.0869759097187788,"18475"
"Dylan Cease","CHW","AA",22,52.1,13.41401404255803,3.783439858157393,3.54545455,0.5159236170214627,0.38613861,0.10891089,0.27722772,0.16666667,0.9936306698191134,0.27272727,0.85774059,1.7197453900715423,2.3890151145816114,-0.6692697245100692,2.287044939272686,"18525"
"Logan Allen","SDP","AA",21,121,9.297520661157025,2.8264462809917354,3.28947368,0.5206611570247934,0.26041667,0.07916667,0.18125,0.20366133,1.0495867768595042,0.26885246,0.74468085,2.7520661157024793,3.2038363736523086,-0.4517702579498293,3.5702455871115046,"18555"
"Travis Bergen","TOR","AA",24,35.2,10.850465742383477,2.271027713522123,4.77777778,0.5046728252271384,0.29251701,0.06122449,0.23129252,0.19259259,0.9813082712749914,0.26666667,0.85227273,0.5046728252271384,2.656063270714605,-2.1513904454874666,3.2031953382691762,"18581"
"Hector Perez","TOR","AA",22,42.1,10.62991966338876,5.102361438426605,2.08333333,0.21259839326777522,0.28089888,0.13483146,0.14606742,0.19078947,1.251968315910232,0.27722772,0.69029851,3.6141726855521785,3.164712328896258,0.44946035665592055,3.980005898445147,"18592"
"Travis Lakins","BOS","AA",24,38,9.947368421052632,3.0789473684210527,3.23076923,0.7105263157894737,0.26751592,0.08280255,0.18471338,0.19148936,1.0526315789473684,0.25,0.69587629,2.6052631578947367,3.407907739438509,-0.8026445815437722,3.666978800924201,"18600"
"Jake Woodford","STL","AA",21,81,6.222222222222222,3.888888888888889,1.6,1.4444444444444444,0.14973262,0.09358289,0.05614973,0.28398792,1.5925925925925926,0.30916031,0.71548822,5.222222222222222,5.748066554246125,-0.5258443320239028,4.954159288457882,"18674"
"Nick Neidert","MIA","AA",21,152.2,9.078603225015247,1.8275110388017706,4.96774194,1.0021834728912935,0.25204583,0.0507365,0.20130933,0.24652778,1.133187848432639,0.30864198,0.74412533,3.2423582946483025,3.481441440276029,-0.2390831456277267,3.011409456723439,"18699"
"Cody Poteet","MIA","AA",23,119.2,7.445683084190015,3.3091924818622287,2.25,1.1281338006348507,0.18965517,0.08429119,0.10536399,0.28237792,1.4791087608323599,0.33053221,0.65644172,5.264624402962636,4.617019502994208,0.6476048999684281,4.253392948813091,"18769"
"Miguel Del Pozo","MIA","AA",25,34,9,3.9705882352941178,2.26666667,0.7941176470588235,0.22368421,0.09868421,0.125,0.27205882,1.5294117647058822,0.34343434,0.75819672,3.9705882352941178,3.922361031700583,0.04822720359353472,4.194452343267553,"18792"
"Miguel Diaz","SDP","AA",23,65,9.138461538461538,4.153846153846154,2.2,0.5538461538461539,0.25,0.11363636,0.13636364,0.19396552,1.1538461538461537,0.25308642,0.78431373,2.353846153846154,3.6979241041036754,-1.3440779502575215,3.840754976639381,"18815"
"Beau Burrows","DET","AA",21,134,8.529850746268657,3.7611940298507465,2.26785714,0.8059701492537313,0.22241681,0.09807356,0.12434326,0.24852071,1.3582089552238805,0.30978261,0.71593533,4.097014925373134,4.030452908330889,0.06656201704224518,4.282902663679265,"18873"
"Kirby Snead","TOR","AA",23,42.2,8.226561519317446,5.273436871357337,1.56,0.6328124245628804,0.1902439,0.12195122,0.06829268,0.25862069,1.6406248044222826,0.31818182,0.73816156,4.429686971940163,4.594585220143217,-0.16489824820305365,4.77328410551563,"19179"
"Robert Dugger","MIA","AA",22,109.1,8.80792723901922,2.963414772006466,2.97222222,1.0701220010023351,0.23516484,0.07912088,0.15604396,0.24154589,1.243902496891603,0.29591837,0.70846906,3.7865855420082624,4.076952169623708,-0.29036662761544596,4.0604493152821615,"19191"
"Conner Menez","SFG","AA",23,74,11.18918918918919,4.135135135135135,2.70588235,0.12162162162162163,0.28220859,0.10429448,0.17791411,0.25614035,1.445945945945946,0.375,0.68383659,4.378378378378378,2.6803117223688075,1.6980666560095705,3.5997414289294065,"19199"
"Jesse Scholtens","SDP","AA",24,108,8.166666666666666,2,4.08333333,0.4166666666666667,0.22580645,0.05529954,0.17050691,0.2345679,1.1018518518518519,0.29801325,0.69230769,3,3.044362850542422,-0.04436285054242184,3.5774000119279936,"19205"
"Lake Bachar","SDP","AA",23,87,6.413793103448276,3.9310344827586206,1.63157895,1.5517241379310345,0.16020672,0.09819121,0.0620155,0.2877907,1.5747126436781609,0.31460674,0.7107438,5.586206896551724,5.750620832662473,-0.16441393611074862,5.2702761980308885,"19222"
"Mitch White","LAD","AA",23,105.1,7.518987704843821,2.905063431416931,2.58823529,1.0253165052059756,0.19130435,0.07391304,0.1173913,0.27014218,1.4050633589859665,0.31677019,0.65828402,4.528481231326392,4.344175364332808,0.18430586699358376,4.002540979005737,"19225"
"Wes Benjamin","TEX","AA",24,79.2,8.133892251994528,2.5983266916093632,3.13043478,1.016736531499316,0.21818182,0.06969697,0.14848485,0.247557,1.2426779829436085,0.29646018,0.77546296,3.6150632231086792,3.9789669779865116,-0.36390375487783233,3.968727596723175,"19243"
"Thomas Hatch","CHC","AA",23,143.2,7.329466876282083,3.8213459782325394,1.91803279,1.002320256585584,0.19467554,0.1014975,0.09317804,0.24190476,1.3085847794311791,0.28316327,0.7807309,3.8213459782325394,4.769570084443596,-0.9482241062110566,4.610518477307984,"19264"
"Taylor Widener","ARI","AA",23,137.1,11.533979728181729,2.817960956317127,4.09302326,0.7864077087396634,0.31884058,0.07789855,0.24094203,0.19642857,1.0339805059354834,0.27531646,0.80645161,2.752426980588822,2.984896753636388,-0.232469773047566,3.0909310477993017,"19266"
"Justin Dunn","NYM","AA",22,89.2,10.539034652884064,3.7137550681591467,2.83783784,0.7026023101922709,0.27704485,0.09762533,0.17941953,0.25147929,1.3605949498961438,0.34513274,0.6626506,4.215613861153626,3.3735700415058543,0.8420438196477718,3.4481730314517294,"19268"
"T.J. Zeuch","TOR","AA",22,120,6.075,2.325,2.61290323,0.525,0.16135458,0.06175299,0.09960159,0.25695931,1.2583333333333333,0.29815303,0.7369146,3.075,3.6122937043507894,-0.5372937043507893,3.8345547338326775,"19269"
"Edgar Garcia","PHI","AA",21,59.2,10.25698236587078,3.7709493992171987,2.72,0.9050278558121276,0.272,0.1,0.172,0.20179372,1.1731842575342395,0.26174497,0.75471698,3.3184354713111346,3.714435198492992,-0.3959997271818576,3.6723223108483904,"19276"
"Jesus Reyes","CIN","AA",25,64,7.453125,3.796875,1.96296296,0.5625,0.18661972,0.09507042,0.0915493,0.23505976,1.34375,0.28350515,0.54398148,3.9375,4.0666625022888185,-0.12916250228881854,4.183417060226202,"19277"
"Vladimir Gutierrez","CIN","AA",22,147,8.877551020408163,2.326530612244898,3.81578947,1.1020408163265305,0.23237179,0.06089744,0.17147436,0.24385965,1.2040816326530612,0.2972973,0.69725864,4.346938775510204,4.0846259376629686,0.2623128378472357,3.630174835685159,"19278"
"Kyle Dowdy","DET","AA",25,69.2,9.818181101370554,3.7464112097335005,2.62068966,1.2918659343908623,0.25165563,0.09602649,0.15562914,0.26838235,1.4641147256429772,0.33870968,0.66292135,5.684210111319794,4.305036854779441,1.3791732565403523,3.4747538103090183,"19285"
"Cal Quantrill","SDP","AA",23,117,7.769230769230769,2.923076923076923,2.65789474,0.9230769230769231,0.19348659,0.07279693,0.12068966,0.28183716,1.4786324786324787,0.33606557,0.62034739,5.153846153846154,4.161171967351539,0.9926741864946154,4.159150745700567,"19312"
"Matt Krook","TBR","AA",23,74,11.554054054054054,6.081081081081081,1.9,0.36486486486486486,0.29141104,0.15337423,0.13803681,0.21268657,1.445945945945946,0.31764706,0.67689531,4.256756756756757,3.6743483130996295,0.5824084436571275,3.6780531090659068,"19315"
"Matt Festa","SEA","AA",25,49,12.306122448979592,2.204081632653061,5.58333333,1.1020408163265305,0.32211538,0.05769231,0.26442308,0.25773196,1.2653061224489797,0.36363636,0.82733813,2.7551020408163267,3.1660559722355437,-0.410953931419217,2.668576500306324,"19330"
"Caleb Ferguson","LAD","AA",21,39,9.23076923076923,2.3076923076923075,4,0.46153846153846156,0.25806452,0.06451613,0.19354839,0.2137931,1.0512820512820513,0.2815534,0.78534031,1.3846153846153846,2.836385642565214,-1.4517702579498293,3.4464691157906486,"19349"
"Dean Kremer","BAL","AA",22,52.1,11.00637049645787,3.4394907801430845,3.2,0.5159236170214627,0.30046948,0.09389671,0.20657277,0.21354167,1.1656052088262676,0.304,0.81314879,2.235669007093005,2.848571837867345,-0.61290283077434,3.173513357988803,"19350"
"Keegan Akin","BAL","AA",23,137.2,9.283293664173462,3.7917678346623997,2.44827586,1.0460049199068688,0.2478185,0.10122164,0.14659686,0.22309198,1.2493947654443156,0.2776204,0.80729167,3.2687653747089653,4.127991907057425,-0.85922653234846,4.020185030041686,"19362"
"Tony Gonsolin","LAD","AA",24,44.1,9.947369562291835,3.248120673401415,3.0625,0.6090226262627654,0.27222222,0.08888889,0.18333333,0.19631902,1.082706891133805,0.26126126,0.78125,2.4360905050510615,3.2713191094275285,-0.835228604376467,3.6299715418988283,"19388"
"Dane Dunning","CHW","AA",23,62,10.016129032258064,3.338709677419355,3,0,0.26335878,0.08778626,0.17557252,0.24152542,1.2903225806451613,0.34131737,0.71084337,2.7580645161290325,2.3957955668049475,0.36226894932408493,3.174039189277157,"19409"
"Shane Bieber","CLE","AA",23,31,8.709677419354838,0.2903225806451613,30,0.2903225806451613,0.24590164,0.00819672,0.23770492,0.21487603,0.8709677419354839,0.27777778,0.8203125,1.1612903225806452,1.9096055323077787,-0.7483152097271335,2.671977314641399,"19427"
"Shaun Anderson","SFG","AA",23,94,8.904255319148936,2.106382978723404,4.22727273,0.8617021276595744,0.2372449,0.05612245,0.18112245,0.25271739,1.2234042553191489,0.31578947,0.7183908,3.4468085106382977,3.3608752646344775,0.08593324600382024,3.2263012393992,"19453"
"Michael Rucker","CHC","AA",24,132.2,8.005025739432156,2.577889644901881,3.10526316,1.1532664200876837,0.21146953,0.06810036,0.14336918,0.21764706,1.12311566400696,0.25066667,0.71745562,3.7311560649895648,4.3358993858921595,-0.6047433209025947,4.1587101252127505,"19454"
"Kyle Funkhouser","DET","AA",24,89,9,3.943820224719101,2.28205128,1.0112359550561798,0.23421053,0.10263158,0.13157895,0.26035503,1.4269662921348314,0.32635983,0.75862069,3.741573033707865,4.205364865399479,-0.4637918316916134,3.842324423522092,"19456"
"Jorge Alcala","HOU","AA",22,60.2,8.752746518921358,4.598900713331561,1.90322581,0.7417581795696067,0.22014925,0.11567164,0.10447761,0.25213675,1.4835163591392133,0.31764706,0.69767442,4.3021974415037185,4.230374778717836,0.07182266278588223,4.479118614987299,"19459"
"Aaron Civale","CLE","AA",23,106.1,6.601881193532014,1.7774295521047732,3.71428571,1.015674029774156,0.17449664,0.04697987,0.12751678,0.27122642,1.2789969263822705,0.30838323,0.67656766,3.8934171141342646,3.9778632233731672,-0.08444610923890261,3.6382851869684694,"19479"
"Ryan Hartman","HOU","AA",24,120.2,10.66574675550486,1.9392266828190656,5.5,0.8204420581157585,0.29916318,0.05439331,0.24476987,0.23111111,1.0773481571217032,0.31418919,0.78044597,2.685083099287937,2.9628199404869022,-0.27773684119896513,2.9204637085322926,"19480"
"Andrew Vasquez","MIN","AA",24,31,17.129032258064516,1.1612903225806452,14.75,0.2903225806451613,0.50862069,0.03448276,0.47413793,0.19266055,0.8064516129032258,0.40816327,0.71428571,1.1612903225806452,0.65386008293398,0.5074302396466652,0.6326763999077585,"19482"
"Devin Smeltzer","LAD","AA",22,95.2,7.808363199624857,1.9756099661701445,3.95238095,0.8466899855014905,0.19761905,0.05,0.14761905,0.27480916,1.3484321991320034,0.32890365,0.66176471,4.515679922674616,3.775197542501819,0.7404823801727973,4.064341399969004,"19487"
"Zach Jackson","TOR","AA",23,62,10.887096774193548,7.403225806451613,1.47058824,0.2903225806451613,0.2851711,0.19391635,0.09125475,0.13679245,1.2903225806451613,0.2,0.77720207,2.467741935483871,3.7967023065013272,-1.3289603710174562,4.630693884049693,"19493"
"Mike Shawaryn","BOS","AA",23,112.2,7.908284737697329,2.156804928462908,3.66666667,0.5591716481200132,0.21428571,0.05844156,0.15584416,0.23255814,1.1272190366863757,0.28703704,0.71194763,3.275148224702934,3.2313272261076125,0.043820998595321736,3.743939532695672,"19495"
"Cam Vieaux","PIT","AA",24,87.2,7.391635838687544,1.7452473508012258,4.23529412,1.0266160887066034,0.20571429,0.04857143,0.15714286,0.23795181,1.0950571612870437,0.276,0.74698795,3.5931563104731117,3.7852341882203913,-0.19207787774727958,3.973836122759482,"19529"
"Jon Duplantier","ARI","AA",23,67,9.134328358208956,3.7611940298507465,2.42857143,0.5373134328358209,0.24908425,0.1025641,0.14652015,0.21487603,1.1940298507462686,0.28235294,0.7622739,2.6865671641791047,3.497865860497774,-0.8112986963186692,3.626140642877835,"19546"
"Adam McCreery","ATL","AA",25,47,11.680851063829786,6.319148936170213,1.84848485,0.19148936170212766,0.2760181,0.14932127,0.12669683,0.25668449,1.7234042553191489,0.376,0.64516129,3.8297872340425534,3.2146013320760525,0.6151859019665009,3.6542515734408765,"19550"
"Geoff Hartlieb","PIT","AA",24,58.1,8.64000075334828,3.7028574657206916,2.33333333,0.46285718321508645,0.224,0.096,0.128,0.25112108,1.3714286910076634,0.32317073,0.68527919,3.240000282505605,3.4661032401182226,-0.22610295761261767,3.6158391419277756,"19558"
"Bernardo Flores Jr.","CHW","AA",22,78.1,5.400000350627516,1.608510742740111,3.35714286,0.5744681224071826,0.14920635,0.04444444,0.10476191,0.26510067,1.1872341196415106,0.30081301,0.7752809,2.7574469875544763,3.6443885843545525,-0.8869415968000762,3.7313962180999574,"19561"
"JoJo Romero","PHI","AA",21,106.2,8.43750080466278,3.4593753299117402,2.43902439,1.0968751046061616,0.22075055,0.09050773,0.13024283,0.23832924,1.2937501233816264,0.28571429,0.75320513,3.7968753620982514,4.332085466682921,-0.5352101045846696,3.694770291688793,"19574"
"Norge Ruiz","OAK","AA",24,121,5.652892561983471,2.5289256198347108,2.23529412,0.8925619834710744,0.14643545,0.0655106,0.08092486,0.29894737,1.4545454545454546,0.33591731,0.70921986,4.68595041322314,4.575737200098589,0.11021321312455079,4.816470838812265,"19580"
"Sean Poppen","MIN","AA",24,94,7.5638297872340425,2.6808510638297873,2.82142857,1.053191489361702,0.20519481,0.07272727,0.13246753,0.25071225,1.2340425531914894,0.29501916,0.72232645,3.8297872340425534,4.289069417182436,-0.45928218313988234,3.746662335700177,"19583"
"Cionel Perez","HOU","AA",22,68.1,10.931708130754286,2.8975611912842685,3.77272727,0.39512198062967296,0.29963899,0.07942238,0.22021661,0.21259843,1.1121952047353758,0.30357143,0.81043956,1.9756099031483647,2.602989706967569,-0.6273798038192042,2.816992247903298,"19614"
"Kyle Hart","BOS","AA",25,138.2,6.490385091516428,3.1802886948430498,2.04081633,0.7788462109819714,0.16666667,0.08166667,0.085,0.25504587,1.3557693302278762,0.29330254,0.71106095,3.5697118003340353,4.201556588876887,-0.6318447885428515,4.493543928842531,"19646"
"Matt Foster","CHW","AA",23,32,8.4375,3.65625,2.30769231,0.84375,0.2173913,0.0942029,0.12318841,0.264,1.4375,0.32608696,0.64593301,3.9375,3.9260375022888185,0.011462497711181463,3.7242075845599176,"19647"
"Kyle Wright","ATL","AA",22,109.1,8.64329308501886,3.5396343110077235,2.44186047,0.4939024620010777,0.22532189,0.09227468,0.13304721,0.24349882,1.3353659157806916,0.31089744,0.69040698,3.7042684650080826,3.336098476622092,0.3681699883859908,3.4745361634172425,"19665"
"Jason Alexander","LAA","AA",25,61.2,5.837837356333358,2.189189008625009,2.66666667,0.7297296695416697,0.15564202,0.05836576,0.09727627,0.26359833,1.2648647605388943,0.29896907,0.68918919,4.086486149433351,3.9959698825582657,0.09051626687508518,3.942724413397554,"19666"
"Sterling Sharp","WSN","AA",23,68.2,6.160195087350655,3.4077674951301495,1.80769231,0.786407883491573,0.15666667,0.08666667,0.07,0.26470588,1.4271846774476693,0.30136986,0.66593886,4.325243359203651,4.319251779858696,0.005991579344954978,4.088659254140596,"19671"
"James Marvel","PIT","AA",24,33,6,2.4545454545454546,2.44444444,0.2727272727272727,0.16058394,0.06569343,0.09489051,0.23015873,1.1515151515151516,0.27184466,0.75129534,3,3.389566431623517,-0.3895664316235168,4.307571468208776,"19675"
"Connor Seabold","PHI","AA",22,58.2,9.818180966968452,2.9147724745687595,3.36842105,1.5340907760888207,0.25498008,0.07569721,0.17928287,0.24017467,1.2613635270063637,0.29032258,0.71428571,4.909090483484226,4.488051179617899,0.42103930386632715,3.558856899205422,"19695"
"Matt Swarmer","CHC","AA",24,77.1,8.844828167936928,1.6293104519883814,5.42857143,0.9310345439933608,0.24358974,0.04487179,0.19871795,0.23489933,1.0862069679922544,0.28971963,0.67307692,3.8405174939726137,3.2859512902893724,0.5545662036832413,3.377629129539137,"19705"
"Dustin May","LAD","AA",20,34.1,7.339806912588014,3.145631533966292,2.33333333,0,0.19310345,0.08275862,0.11034483,0.20930233,1.1359224983767164,0.26732673,0.6744186,3.669903456294007,3.218760514693067,0.45114294160094026,4.074059278803537,"19716"
"Jonathan Loaisiga","NYY","AA",23,34.1,10.485438446554305,1.572815766983146,6.66666667,1.572815766983146,0.28368794,0.04255319,0.24113475,0.27819549,1.2524273700050976,0.35632184,0.81967213,3.932039417457865,3.9697371649735524,-0.03769774751568766,2.7972214207341537,"19753"
"Keegan Thompson","CHC","AA",23,62,7.838709677419355,3.0483870967741935,2.57142857,0.43548387096774194,0.2,0.07777778,0.12222222,0.26829268,1.403225806451613,0.33333333,0.71095571,4.064516129032258,3.411924599063012,0.652591529969246,4.248886141469402,"19795"
"David McKay","SEA","AA",23,50.2,12.611840839201191,3.730262783425704,3.38095238,0.5328946833465291,0.33649289,0.09952607,0.23696682,0.19354839,1.124999887064895,0.29464286,0.75704225,2.4868418556171363,2.8991387344793544,-0.4122968788622181,3.3389546123307023,"19814"
"Michael King","NYY","AA",23,82,8.341463414634147,1.4268292682926829,5.84615385,0.43902439024390244,0.23899371,0.0408805,0.19811321,0.21523179,0.9512195121951219,0.27477477,0.76923077,2.0853658536585367,2.694814029554042,-0.6094481758955053,3.116622961439738,"19853"
"Brandon Bielak","HOU","AA",22,61.1,8.36413112840496,3.2282611372791075,2.59090909,0.5869565704143831,0.23076923,0.08906883,0.14170041,0.23214286,1.206521839185121,0.29447853,0.82132565,2.3478262816575324,3.5659007021970703,-1.218074420539538,3.8213532899184903,"19866"
"Griffin Canning","LAA","AA",22,45.2,9.656933230999218,3.744525130387452,2.57894737,0.3941605400407844,0.27222222,0.10555556,0.16666667,0.16875,1.0072991578820045,0.2293578,0.81447964,1.970802700203922,3.1007638089282956,-1.1299611087243737,3.465154520954548,"19867"
"Alex Faedo","DET","AA",22,60,8.85,3.3,2.68181818,2.25,0.23228346,0.08661417,0.14566929,0.23478261,1.2666666666666666,0.25,0.71929825,4.95,5.81229370435079,-0.8622937043507894,4.2459557235240935,"19874"
"Kevin Ginkel","ARI","AA",24,42.2,12.656248491257609,1.8984372736886412,6.66666667,0.6328124245628804,0.37267081,0.05590062,0.31677019,0.17105263,0.8203124022111413,0.25842697,0.87662338,1.6874997988343479,2.097912653163057,-0.4104128543287091,2.1569374662309926,"19876"
"Corbin Martin","HOU","AA",22,103,8.388349514563107,2.4466019417475726,3.42857143,0.6116504854368932,0.23471883,0.06845966,0.16625917,0.22047244,1.087378640776699,0.27697842,0.72407045,2.970873786407767,3.286721714260509,-0.31584792785274196,3.556020384260173,"19884"
"Ryder Ryan","NYM","AA",23,32.2,9.918365802630085,2.7551016118416904,3.6,1.3775508059208452,0.26277372,0.0729927,0.18978102,0.21774194,1.1326528848682504,0.26506024,0.6969697,4.132652417762536,4.308552055227835,-0.17589963746529946,3.7460364290819665,"19891"
"Tony Santillan","CIN","AA",21,62.1,8.807487349687657,2.3101606163115163,3.8125,1.1550803081557581,0.22761194,0.05970149,0.16791045,0.26,1.299465346675228,0.31491713,0.77994429,3.609625962986744,3.941077656366698,-0.33145169337995384,3.478756019742712,"19926"
"Trevor Stephan","NYY","AA",22,83.1,9.828000599853553,3.132000191162121,3.13793103,0.5400000329589864,0.25138122,0.0801105,0.17127072,0.2507837,1.3080000798339892,0.33632287,0.68965517,4.536000276855486,3.472960379806519,1.0630398970489665,3.9451609081619594,"19932"
"Jesus Luzardo","OAK","AA",20,78.2,9.838984323143952,2.05932230019292,4.77777778,0.5720339722758112,0.27741935,0.05806452,0.21935484,0.20069204,0.9661018198435922,0.26767677,0.79166667,2.288135889103245,2.892448151724592,-0.6043122626213471,3.1860383547641127,"19959"
"Bryse Wilson","ATL","AA",20,77,10.402597402597403,3.038961038961039,3.42307692,0.35064935064935066,0.26567164,0.07761194,0.1880597,0.25245902,1.3376623376623376,0.34741784,0.65175097,3.9740259740259742,2.7271738659251827,1.2468521081007915,3.255361249230125,"19990"
"Tyler Wells","MIN","AA",23,32.2,10.744896286182593,3.8571422565783666,2.78571429,0.27551016118416904,0.30708661,0.11023622,0.19685039,0.20353982,1.1326528848682504,0.30136986,0.87078652,1.6530609671050143,2.6594559792626087,-1.0063950121575944,3.463766718361646,"20000"
"Parker Dunshee","OAK","AA",23,80.2,9.037191222285905,1.5619836680494157,5.78571429,0.5578513100176485,0.26384365,0.04560261,0.21824104,0.20415225,0.9049587918064076,0.26600985,0.8,2.0082647160635347,2.9187123394885206,-0.9104476234249859,3.4107807255636957,"20018"
"John Schreiber","DET","AA",24,58,9.155172413793103,2.9482758620689653,3.10526316,0.3103448275862069,0.24789916,0.07983193,0.16806723,0.21395349,1.1206896551724137,0.28571429,0.66465257,2.4827586206896552,2.932408646879525,-0.44965002618986993,3.575099837779999,"20020"
"Rico Garcia","COL","AA",24,67,8.194029850746269,2.6865671641791047,3.05,1.0746268656716418,0.22846442,0.07490637,0.15355805,0.22222222,1.1044776119402986,0.26436782,0.88323353,2.283582089552239,4.134930520271188,-1.8513484307189487,3.8419173674796947,"20023"
"Kaleb Ort","NYY","AA",26,33,11.454545454545455,6,1.90909091,0,0.28965517,0.15172414,0.13793104,0.18699187,1.3636363636363635,0.28395062,0.77777778,2.1818181818181817,2.783505825562911,-0.6016876437447292,3.8263334498260964,"20061"
"Miguel Sanchez","MIL","AA",24,41,13.609756097560975,3.073170731707317,4.42857143,0.6585365853658537,0.37349398,0.08433735,0.28915663,0.21192053,1.1219512195121952,0.3372093,0.79439252,2.6341463414634148,2.387927746191258,0.24621859527215673,2.3672457020457203,"20074"
"Chris Paddack","SDP","AA",22,37.2,8.840706770809913,0.9557520833308014,9.25,0.23893802083270035,0.27007299,0.02919708,0.24087591,0.17557252,0.7168140624981011,0.23655914,0.76086957,1.9115041666616028,2.3101774917491493,-0.3986733250875465,3.117509367413641,"20099"
"Jeremy Beasley","LAA","AA",22,44.1,7.511279057240772,2.842105589226238,2.64285714,0.6090226262627654,0.21511628,0.08139535,0.13372093,0.20382166,1.0375941040032297,0.24786325,0.79439252,2.4360905050510615,3.589101437941695,-1.1530109328906333,3.974949653041771,"20205"
"Bruce Zimmermann","BAL","AA",23,50,7.56,4.68,1.61538462,0.9,0.18834081,0.11659193,0.07174888,0.25641026,1.52,0.30405405,0.70422535,3.96,4.6487845951447255,-0.6887845951447256,4.711042767179943,"20370"
"J.D. Martin","TBR","AA",35,124.1,5.139410397912009,4.34316371654536,1.18333333,0.7238606194242265,0.1283906,0.1084991,0.0198915,0.26458333,1.504021509248115,0.29323308,0.72043011,4.487935840430205,5.02841692696454,-0.540481086534335,5.517104729396921,"3685"
"Justin De Fratus","LAD","AA",30,64.2,6.819588701635727,1.9484539147530648,3.5,1.3917527962521892,0.17192982,0.04912281,0.12280702,0.27819549,1.3608249563354737,0.30917874,0.65822785,4.175258388756568,4.828059134243661,-0.6528007454870934,4.101081067714536,"4955"
"Kyle Lobstein","LAD","AA",28,38.2,8.14655065253019,2.0948273106506203,3.88888889,0.6982757702168734,0.2173913,0.05590062,0.16149068,0.23333333,1.1379308847978677,0.28571429,0.74162679,2.5603444907952024,3.503494389077005,-0.9431498982818027,3.1882811444474775,"9178"
"Brian Moran","LAD","AA",29,49,12.122448979591837,3.122448979591837,3.88235294,0.7346938775510204,0.31279621,0.08056872,0.23222749,0.23809524,1.2653061224489797,0.34453782,0.76547231,3.122448979591837,3.1100814058868185,0.012367573705018398,3.136360455755305,"9646"
"Mike Broadway","TBR","AA",31,30,11.4,3.3,3.45454545,0.9,0.3015873,0.08730159,0.21428571,0.17857143,1.0333333333333334,0.23943662,0.67114094,3.6,3.530204168955485,0.06979583104451503,3.352322880427043,"9894"
"Luis Romero","OAK","AA",24,30,9.9,3.6,2.75,1.2,0.24264706,0.08823529,0.15441176,0.28688525,1.5666666666666667,0.36470588,0.55299539,6,4.385103591283163,1.6148964087168372,3.843403721849124,"sa3003109"
"Evan Kruczynski","STL","AA",23,39.2,7.487393997911213,2.268907272094307,3.3,0.2268907272094307,0.2244898,0.06802721,0.15646259,0.19852941,0.9327729896387706,0.25490196,0.73770492,2.4957979993037376,2.9475686419288722,-0.45177064262513467,4.068251430039556,"sa3004341"
"Austin Warner","STL","AA",24,32,7.03125,5.34375,1.31578947,0.84375,0.17361111,0.13194444,0.04166667,0.2295082,1.46875,0.26595745,0.6768559,5.34375,5.170520257949829,0.17322974205017072,5.428012607200071,"sa3004494"
"Andres Santiago","ATL","AA",28,50.2,7.105262444620389,1.0657893666930582,6.66666667,1.0657893666930582,0.19138756,0.02870813,0.16267943,0.27411168,1.1842104074367314,0.31788079,0.78125,3.5526312223101946,4.034590066502966,-0.4819588441927718,3.447440873996497,"sa389212"
"Jarret Martin","OAK","AA",28,46,10.369565217391305,5.282608695652174,1.96296296,0.391304347826087,0.25603865,0.13043478,0.12560387,0.23563218,1.4782608695652173,0.32773109,0.68820225,3.9130434782608696,3.864813736210699,0.04822974205017072,3.9934822904998843,"sa455420"
"Danny Reynolds","MIL","AA",27,30.1,7.120879867142883,3.8571432613690617,1.84615385,0.8901099833928604,0.18045113,0.09774436,0.08270677,0.23529412,1.3516484933002695,0.27173913,0.74074074,3.5604399335714416,4.451449704213426,-0.891009770641984,4.238530208251524,"sa501564"
"Jordan Harrison","TBR","AA",27,40.1,8.479339912268257,4.685951004148247,1.80952381,0.4462810480141188,0.2375,0.13125,0.10625,0.1884058,1.1652894031479768,0.24489796,0.86283186,1.5619836680494157,3.7602317671902576,-2.1982480991408417,3.866774058553088,"sa502697"
"Scott Griggs","COL","AA",27,57,9.947368421052632,3.473684210526316,2.86363636,0.9473684210526315,0.25714286,0.08979592,0.16734694,0.23853211,1.2982456140350878,0.30872483,0.76487252,3.473684210526316,3.907907739438509,-0.43422352891219296,3.532740162548266,"sa502935"
"Jake Johansen","CHW","AA",27,47.2,6.608390903244456,3.020978698626037,2.1875,0.3776223373282546,0.15765766,0.07207207,0.08558559,0.28358209,1.531468368053477,0.33536585,0.58510638,4.153845710610801,3.7621388583575315,0.3917068522532694,4.534977541816547,"sa503669"
"Jeff Ames","WSN","AA",27,37.1,11.571426600826365,4.098213587792671,2.82352941,1.4464283251032957,0.30967742,0.10967742,0.2,0.19708029,1.1785712278619447,0.25301205,0.71038251,3.857142200275455,4.305903621715362,-0.4487614214399067,3.8006168928541535,"sa503692"
"Ryan Bollinger","NYY","AA",27,96.2,8.100000852387616,2.6068968260557845,3.10714286,0.5586207484405253,0.21588089,0.06947891,0.14640199,0.2425876,1.220689783629296,0.30215827,0.6778169,4.003448697157098,3.3289603710174567,0.6744883261396413,3.6359986320042594,"sa503763"
"Omar Bencomo","MIN","AA",29,120,7.65,1.275,6,1.2,0.20858896,0.03476483,0.17382413,0.27586207,1.2083333333333333,0.32369942,0.74272588,3.45,4.021870835622152,-0.5718708356221516,3.48546412785848,"sa503950"
"Todd Van Steensel","MIN","AA",27,44,10.022727272727273,4.704545454545454,2.13043478,0.20454545454545456,0.26630435,0.125,0.14130435,0.16455696,1.1136363636363635,0.23148148,0.7312253,3.0681818181818183,3.2044465931979094,-0.13626477501609102,4.184126947142861,"sa505234"
"Jose Pena","MIA","AA",27,37.1,9.883929918007158,6.508929458199836,1.51851852,1.2053573070740438,0.23563218,0.15517241,0.08045977,0.23021583,1.5803573581637462,0.29032258,0.65,5.544643612540601,5.720680680566948,-0.17603706802634722,5.632730556020472,"sa510341"
"Kaleb Fleck","WSN","AA",29,39.1,11.669493034426548,2.7457630669238937,4.25,0.9152543556412979,0.30357143,0.07142857,0.23214286,0.25806452,1.3220340692596526,0.36,0.65400844,4.347458189296165,3.0492993179048375,1.2981588713913275,2.9408567660165432,"sa526875"
"Victor Payano","CIN","AA",25,32,12.65625,6.46875,1.95652174,1.40625,0.32142857,0.16428571,0.15714286,0.19827586,1.4375,0.27272727,0.675,4.21875,4.8322875022888185,-0.6135375022888185,3.7478251650929453,"sa548111"
"Matthew Grimes","BAL","AA",26,82.1,6.995951849189286,3.8259111675253905,1.82857143,0.8744939811486607,0.18181818,0.09943182,0.08238636,0.26666667,1.4453442188429253,0.3127572,0.74681239,3.935222915168973,4.385640598238755,-0.4504176830697819,4.416858275627286,"sa548289"
"Evan Grills","COL","AA",26,85.1,8.542969259200648,1.687500100582844,5.0625,0.843750050291422,0.22946176,0.04532578,0.18413598,0.26969697,1.2304688233416572,0.33609959,0.73412698,3.9023439825978268,3.457866628700868,0.44447735389695886,3.305859897585185,"sa548475"
"Ben Holmes","LAD","AA",26,46,6.847826370895484,2.543478366332608,2.69230769,0.7826087281023411,0.19337017,0.0718232,0.12154696,0.21686747,1.065217435472631,0.2519685,0.77092511,3.1304349124093642,4.024021338042514,-0.89358642563315,4.474011008233209,"sa549147"
"Randy LeBlanc","MIN","AA",26,49.2,7.2483214053650515,2.355704456743642,3.07692308,0.36241607026825257,0.19900498,0.06467662,0.13432836,0.2688172,1.268456245938884,0.33333333,0.83601286,2.1744964216095153,3.1823294671546924,-1.0078330455451772,3.427001311696322,"sa549258"
"Logan Bawcom","LAD","AA",29,61,6.19672131147541,2.80327868852459,2.21052632,1.6229508196721312,0.15613383,0.07063197,0.08550186,0.25506073,1.3442622950819672,0.26804124,0.67528736,4.426229508196721,5.500950585818682,-1.0747210776219607,4.914836024358625,"sa549287"
"Chase Johnson","SFG","AA",26,58.1,5.708571926319399,3.240000282505605,1.76190476,0.46285718321508645,0.15102041,0.08571429,0.06530612,0.23423423,1.251428680544493,0.26923077,0.62146893,3.8571431934590534,3.9118175646957134,-0.05467437123665997,4.137675084056502,"sa549740"
"Bryan Harper","WSN","AA",28,46.1,7.381295774313923,5.438849517915521,1.35714286,0.5827338769195202,0.18446602,0.13592233,0.04854369,0.24293785,1.532374268936516,0.29411765,0.72271386,3.6906478871569615,4.408097180127679,-0.7174492929707172,4.9320416061092605,"sa549768"
"Kirby Bellow","ARI","AA",26,43.2,6.801525925320234,5.977098540432933,1.13793103,0.4122136924436505,0.16751269,0.14720812,0.02030457,0.22289157,1.5114502056267185,0.26717557,0.64417178,4.122136924436505,4.577277818928456,-0.45514089449195083,5.061147668257832,"sa549801"
"Ryan Halstead","SFG","AA",26,56.1,8.147929729748764,2.396449920514342,3.4,0.7988166401714474,0.22270742,0.06550218,0.15720524,0.24299065,1.1893492198108218,0.29746835,0.71666667,2.7159765765829214,3.470972218159047,-0.7549956415761256,3.6965487676621294,"sa549980"
"Jake McCasland","SFG","AA",26,106.1,6.347962686088475,3.639498606690726,1.74418605,0.5924765173682577,0.15822785,0.0907173,0.06751055,0.27272727,1.504702266332083,0.31700288,0.66360053,4.655172636464882,4.043693947525196,0.6114786889396857,4.4824392324874,"sa550079"
"Ismael Guillon","WSN","AA",26,30.1,9.494506489523845,4.153846589166682,2.28571429,0.8901099833928604,0.256,0.112,0.144,0.21100917,1.2197803476124385,0.27027027,0.83333333,2.9670332779762014,4.087202208722486,-1.1201689307462845,4.045783481684162,"sa550236"
"Mitch Horacek","COL","AA",26,61.1,11.005435695269684,3.9619568502970863,2.77777778,0.4402174278107874,0.29411765,0.10588235,0.1882353,0.22026432,1.2554348867196528,0.31543624,0.82655827,2.2010871390539366,2.888742943206669,-0.6876558041527323,3.646540162388536,"sa550295"
"David Roseboom","NYM","AA",26,49.2,11.053690143181703,3.4429526675483992,3.21052632,0.5436241054023788,0.27981651,0.08715596,0.19266055,0.20942408,1.187919341434828,0.29133858,0.74840764,2.718120527011894,3.288691918765428,-0.5705713917535342,3.5092584833377494,"sa550321"
"Dusty Isaacs","TOR","AA",26,50,10.08,5.76,1.75,1.26,0.25339367,0.14479638,0.10859729,0.21621622,1.44,0.2704918,0.70996979,4.86,5.0689603710174564,-0.20896037101745613,4.60329069852829,"sa550364"
"Luis Gonzalez","BAL","AA",26,45.2,11.430655661182747,2.7591237802854907,4.14285714,0.7883210800815688,0.31693989,0.07650273,0.24043716,0.16666667,0.9197079267618302,0.22641509,0.77540107,2.1678829702243143,2.9129020231966285,-0.7450190529723142,2.916734595337836,"sa550522"
"Wirkin Estevez","WSN","AA",26,52,7.096153846153846,2.9423076923076925,2.41176471,1.0384615384615385,0.18222222,0.07555556,0.10666667,0.24757282,1.3076923076923077,0.28301887,0.69805195,4.326923076923077,4.348191140248225,-0.021268063325148745,3.872905133320735,"sa550539"
"Carlos Navas","CIN","AA",25,73.1,10.922728030307287,1.9636364998305234,5.5625,0.7363636874364463,0.29865772,0.05369128,0.24496644,0.2437276,1.1454546249011386,0.33695652,0.71246819,3.1909093122246004,2.7771738252560927,0.4137354869685077,3.0141750754451806,"sa550615"
"Johendi Jiminian","SEA","AA",25,69.2,6.717704330182137,4.004785273762428,1.67741935,1.033492973874175,0.17333333,0.10333333,0.07,0.24907063,1.4066987699954048,0.28229665,0.78341014,3.4880387868253404,4.786698682537305,-1.2986598957119648,4.558408117899936,"sa550714"
"Derek Self","WSN","AA",28,56,6.267857142857143,1.125,5.57142857,0.8035714285714286,0.17727273,0.03181818,0.14545455,0.24413146,1.0535714285714286,0.27810651,0.73076923,3.0535714285714284,3.471817513874599,-0.41824608530317064,3.7185600966215135,"sa577722"
"Daury Torrez","CHC","AA",25,48,6.5625,2.25,2.91666667,0.75,0.16666667,0.05714286,0.10952381,0.28717949,1.4166666666666667,0.33333333,0.76452599,3.75,3.926037502288819,-0.17603750228881898,4.128465192516646,"sa596959"
"Carlos Diaz","SFG","AA",24,40.1,8.033058864254139,5.132232052162366,1.56521739,0.2231405240070594,0.20571429,0.13142857,0.07428571,0.21621622,1.3636365355986964,0.27927928,0.76388889,3.1239673360988314,3.8744149852569345,-0.7504476491581031,4.515416857099169,"sa597196"
"Yoel Espinal","TBR","AA",25,54.2,11.689023302680848,4.774389799686544,2.44827586,0.8231706551183696,0.31838565,0.13004484,0.18834081,0.15104167,1.060975511041454,0.20689655,0.79245283,1.975609572284087,3.6562204018864612,-1.6806108296023743,3.719316275279927,"sa597725"
"Richelson Pena","TEX","AA",24,66.2,7.290001112365893,1.6200002471924206,4.5,0.9450001441955787,0.19708029,0.04379562,0.15328467,0.24615385,1.140000173950222,0.28643216,0.82111437,2.4300003707886306,3.8267703151702968,-1.3967699443816661,3.7066016832288176,"sa597847"
"Adam Choplick","TEX","AA",25,37,10.216216216216216,5.351351351351352,1.90909091,0.7297297297297297,0.24561404,0.12865497,0.11695907,0.30821918,1.8108108108108107,0.41584158,0.63829787,6.081081081081081,4.26258106876064,1.818500012320441,4.243729830835317,"sa598307"
"Samil De Los Santos","LAA","AA",24,34,8.470588235294118,9.264705882352942,0.91428571,1.3235294117647058,0.18823529,0.20588235,-0.01764706,0.2761194,2.1176470588235294,0.32989691,0.62121212,7.147058823529412,6.569419855229995,0.577638968299417,6.340833216554978,"sa598569"
"Brady Dragmire","WSN","AA",25,80.1,5.825726509931668,1.5684648295969874,3.71428571,0.5601660105703526,0.1547619,0.04166667,0.11309524,0.26086957,1.2199170896865459,0.29811321,0.69230769,3.2489628613080455,3.3663047717221466,-0.11734191041410114,3.4553953625768443,"sa598911"
"Matt Tomshaw","CHW","AA",29,120.1,7.479224692864022,1.5706371855014447,4.76190476,0.5983379754291217,0.18975332,0.0398482,0.14990512,0.30616302,1.4542936902791155,0.36962025,0.617506,5.085872791147535,3.1640915104791114,1.9217812806684238,3.633312935357363,"sa598974"
"Joel Seddon","OAK","AA",25,118,6.101694915254237,2.8983050847457625,2.10526316,1.4491525423728813,0.15473888,0.07350097,0.08123791,0.2787234,1.4322033898305084,0.30188679,0.7331572,4.805084745762712,5.383973647780338,-0.578888902017626,4.718982278846078,"sa599194"
"Tanner Chleborad","BAL","AA",25,62.1,6.786096810415079,2.454545654830986,2.76470588,0.28877007703893953,0.1780303,0.06439394,0.11363636,0.28163265,1.3796792569638223,0.34183673,0.68075117,3.609625962986744,3.152489768382549,0.4571361946041952,3.661455931994642,"sa599273"
"Christian Binford","DET","AA",25,77.1,6.633621125952696,1.047413861992531,6.33333333,1.163793179991701,0.16715543,0.02639296,0.14076246,0.3190184,1.461206992656247,0.36293436,0.72380952,4.655172719966804,4.117753526345165,0.5374191936216386,3.9296213142237795,"sa599309"
"Jordan Foley","NYY","AA",24,66.1,9.090452958338211,4.7487440827139915,1.91428571,0.8140704141795414,0.23674912,0.12367491,0.11307421,0.26209677,1.5075378040361878,0.33714286,0.79694323,2.984924851991652,4.067653894995188,-1.0827290430035363,4.046508732301021,"sa599323"
"Wyatt Strahan","CIN","AA",25,120,6.225,3.975,1.56603774,1.125,0.15063521,0.09618875,0.05444646,0.29208925,1.6416666666666666,0.32658228,0.59116022,6.375,5.055204168955485,1.319795831044515,4.533620901902517,"sa599334"
"John Gorman","OAK","AA",26,64.2,6.541238142385289,2.087629194378284,3.13333333,0.9742269573765324,0.18007663,0.05747126,0.12260536,0.22633745,1.082474397085036,0.25396825,0.75949367,2.7835055925043783,4.24043017582607,-1.4569245833216917,4.215262797523461,"sa602627"
"Jordan Johnson","SFG","AA",24,79.1,8.735294677689154,3.516806948160569,2.48387097,0.3403361562736034,0.22383721,0.09011628,0.13372093,0.25806452,1.3991597535692586,0.33478261,0.69216758,3.6302523335851036,3.1650948142931288,0.4651575192919748,3.666997173788523,"sa602658"
"David Sosebee","NYY","AA",24,32,10.96875,3.65625,3,1.125,0.27857143,0.09285714,0.18571429,0.27777778,1.5,0.37349398,0.69124424,3.65625,3.8289603710174562,-0.17271037101745623,3.2099946819245817,"sa602907"
"Kelvin Vasquez","ATL","AA",25,48.1,7.448276645873671,5.772414400552095,1.29032258,0.744827664587367,0.17857143,0.13839286,0.04017857,0.23280423,1.5517243012236814,0.27586207,0.55858311,5.586207484405253,4.956641118211799,0.6295663661934539,5.111240273266788,"sa602917"
"Ranfi Casimiro","PHI","AA",25,59.2,7.843574750371773,3.9217873751858865,2,1.2067038077495036,0.20634921,0.1031746,0.1031746,0.24,1.3407820086105595,0.27878788,0.73065903,3.6201114232485105,4.686502154735647,-1.0663907314871368,4.097004269814612,"sa603017"
"Tyler Mapes","WSN","AA",26,43.1,7.061539290388757,2.492307984843091,2.83333333,0.6230769962107727,0.17525773,0.06185567,0.11340206,0.26519337,1.3846155471350505,0.3125,0.66901408,3.946154309334894,3.5597296288732974,0.3864246804615967,3.710061489417867,"sa603121"
"Alex Powers","CIN","AA",26,42.1,11.692914790706459,2.338582958141292,5,0.6377953522203523,0.31791908,0.06358382,0.25433526,0.19230769,0.9685040533716461,0.2755102,0.81775701,2.338582958141292,2.891096500644113,-0.5525135425028211,3.05661306786131,"sa621533"
"Stephen Perakslis","SEA","AA",27,41.2,5.831999288086024,2.375999709960973,2.45454545,1.2959998417968943,0.14516129,0.05913978,0.08602151,0.28235294,1.4159998271484586,0.30656934,0.57553957,6.04799926171884,5.179770047012355,0.868229214706485,4.83987025637455,"sa621679"
"Yuhei Nakaushiro","ARI","AA",28,34,9.529411764705882,4.235294117647059,2.25,0.5294117647058824,0.23376623,0.1038961,0.12987013,0.28985507,1.6470588235294117,0.38,0.63909774,5.294117647058823,3.422361031700583,1.8717566153582403,3.944791318388546,"sa653446"
"Liarvis Breto","DET","AA",25,30.2,9.097825143873676,1.7608693826852277,5.16666667,0.5869564608950759,0.23484848,0.04545455,0.18939394,0.27419355,1.3043476908779466,0.35164835,0.68877551,3.8152169958179933,2.9376560637540723,0.877560932063921,3.139604888983963,"sa656021"
"Alfred Gutierrez","DET","AA",23,34,8.470588235294118,3.9705882352941178,2.13333333,0.7941176470588235,0.19631902,0.09202454,0.10429448,0.32876712,1.8529411764705883,0.40540541,0.67434211,6.088235294117647,4.093666253370397,1.9945690407472494,4.775018672382131,"sa656043"
"Eduar Lopez","TBR","AA",23,58.1,5.862857654057762,4.474286104412502,1.31034483,0.46285718321508645,0.15139442,0.11553785,0.03585657,0.24090909,1.405714408282855,0.27932961,0.70175439,4.32000037667414,4.323537585994183,-0.0035372093200427557,4.751436478513356,"sa657123"
"Jose Rafael De Paula","CIN","AA",27,49.2,10.510066037779325,4.530200878353157,2.32,1.268456245938884,0.27358491,0.11792453,0.15566038,0.21195652,1.288590472064898,0.26890756,0.75174825,3.4429526675483992,4.5514568437236465,-1.1085041761752472,3.98444981136836,"sa657482"
"Eduardo Vera","PIT","AA",23,97,6.309278350515464,2.134020618556701,2.95652174,1.0206185567010309,0.17302799,0.05852417,0.11450382,0.22739726,1.092783505154639,0.25174825,0.73221757,3.618556701030928,4.267104700914364,-0.6485479998834358,4.34931633300388,"sa657658"
"Pedro Fernandez","KCR","AA",24,57.2,6.710982067043585,2.9653176575308864,2.26315789,0.3121387007927249,0.17991632,0.07949791,0.10041841,0.24770642,1.2658958421038287,0.30057803,0.78947368,2.8092483071345242,3.503793374748617,-0.6945450676140927,4.226355578317517,"sa657697"
"Jesus Castillo","LAA","AA",22,98.1,5.491525707776381,2.83728828235113,1.93548387,0.6406779992405778,0.1459854,0.07542579,0.07055961,0.25866667,1.3016949825840312,0.29220779,0.625,4.942373136998743,4.1669273743524,0.7754457626463429,4.428286838647841,"sa657701"
"Harold Arauz","PHI","AA",23,131.1,7.743654222544231,2.878172365901396,2.69047619,1.1649745290553268,0.19859402,0.07381371,0.12478032,0.27428571,1.4162435451260837,0.32151899,0.69427527,4.5913702027474645,4.2959653722594595,0.29540483048800503,3.712061006504339,"sa657710"
"Ramon Santos","STL","AA",23,57.1,7.220930873155006,4.081395710913699,1.76923077,0.9418605486723921,0.17424242,0.09848485,0.07575758,0.28389831,1.6220931671580086,0.33152174,0.64665127,5.494186533922287,4.672700598821448,0.8214859351008386,4.381142550540285,"sa657843"
"Marcos Molina","NYM","AA",23,73,7.027397260273973,3.5753424657534247,1.96551724,1.726027397260274,0.16426513,0.08357349,0.08069164,0.32587859,1.7945205479452055,0.36363636,0.66151203,6.657534246575342,5.657727494305128,0.9998067522702145,4.71568497696968,"sa657917"
"Kieran Lovegrove","CLE","AA",23,39,8.76923076923077,6.230769230769231,1.40740741,0.46153846153846156,0.21590909,0.15340909,0.0625,0.19444444,1.4102564102564104,0.25,0.68181818,3.4615384615384617,4.508447550504636,-1.0469090889661743,5.0088162648372165,"sa657950"
"Teddy Stankiewicz","BOS","AA",24,148.1,6.916853458234571,2.3662919725539324,2.92307692,1.395505522275396,0.17868339,0.06112853,0.11755486,0.26395939,1.3146066514188512,0.29295154,0.67915691,4.671909791965456,4.758173756149746,-0.0862639641842895,4.201797374327191,"sa657954"
"Mitch Brown","CLE","AA",24,45.1,10.323530570033641,7.147059625407906,1.44444444,0.1985294340391085,0.26262626,0.18181818,0.08080808,0.16352201,1.367647212269414,0.23584906,0.81761006,1.985294340391085,3.902489847130436,-1.9171955067393511,4.668694201713039,"sa657957"
"Tyler Pike","ATL","AA",24,30.2,9.97825983521629,11.739129217901517,0.85,0.29347823044753796,0.22818792,0.26845638,-0.04026846,0.19626168,1.9891302285888683,0.27777778,0.64935065,5.869564608950759,5.678754653597173,0.19080995535358536,5.91347648165133,"sa657974"
"Dylan Baker","LAD","AA",26,37,5.351351351351352,4.135135135135135,1.29411765,1.4594594594594594,0.13017751,0.10059172,0.0295858,0.28476821,1.6216216216216217,0.30081301,0.60836502,6.081081081081081,5.830148636328207,0.25093244475287335,4.791750104886455,"sa658002"
"Zach Lovvorn","KCR","AA",24,80.2,5.801653624183544,2.900826812091772,2,1.0041323580317674,0.15204678,0.07602339,0.07602339,0.28571429,1.4380167102677162,0.31889764,0.68965517,4.797521266151777,4.617059661097806,0.1804616050539707,4.432844900570186,"sa658011"
"Adrian Almeida","LAA","AA",23,48.2,9.986300326172259,9.431505863607134,1.05882353,0.5547944625651255,0.23580786,0.22270742,0.01310044,0.1734104,1.6643833876953764,0.23275862,0.73349633,4.253424212999295,5.397783865027613,-1.1443596520283172,5.40341718433279,"sa658087"
"Jordan Guerrero","CHW","AA",24,65.1,7.9897965403807145,2.61734714253851,3.05263158,0.8265306765911085,0.19795222,0.06484642,0.1331058,0.3099631,1.5765307349793365,0.37681159,0.5942623,6.061224961668128,3.7921089642249486,2.26911599744318,3.76615088638877,"sa658262"
"Andrew Sopko","LAD","AA",23,53.1,8.10000077247627,2.193750209212323,3.69230769,1.5187501448393006,0.20425532,0.05531915,0.14893617,0.30414747,1.4812501412630217,0.35625,0.81232493,3.8812503701448793,4.858020392060293,-0.9767700219154141,3.8133454183352153,"sa658286"
"Michael Peoples","CLE","AA",26,32.1,7.237114540511383,1.670103355502627,4.33333333,0.27835055925043783,0.21666667,0.05,0.16666667,0.15178571,0.7113403180844522,0.18823529,0.84745763,1.1134022370017513,2.8650427722667264,-1.751640535264975,3.1839781835426746,"sa658314"
"Will LaMarche","SFG","AA",26,30.2,8.5108686829786,4.108695226265532,2.07142857,1.7608693826852277,0.2027972,0.0979021,0.10489511,0.29365079,1.6630433058693816,0.34065934,0.76754386,5.282608148055683,5.644177522325811,-0.36156937427012803,4.802058723118165,"sa658316"
"Brock Dykxhoorn","HOU","AA",23,52.2,7.860758734521143,3.9303793672605716,2,1.0253163566766708,0.21100917,0.10550459,0.10550459,0.20725389,1.1962024161227827,0.24113475,0.795053,3.0759490700300125,4.609997994195698,-1.5340489241656856,4.922900059268736,"sa658513"
"Nick Pasquale","CLE","AA",27,33.2,6.415840614871697,4.544553768867452,1.41176471,0.5346533845726414,0.16783217,0.11888112,0.04895105,0.19672131,1.2178215981932388,0.22916667,0.68720379,3.2079203074358484,4.546781969210695,-1.3388616617748466,5.027496531679337,"sa658514"
"Josh Graham","ATL","AA",24,39.2,9.302519815586658,7.033612543492351,1.32258065,0.9075629088377228,0.22043011,0.16666667,0.05376344,0.2745098,1.8403358984764935,0.35185185,0.5907781,6.806721816282921,5.10303307756112,1.7036887387218007,4.697347384212733,"sa658525"
"Colton Turner","CHW","AA",27,42,9.428571428571429,2.142857142857143,4.4,0,0.27329193,0.0621118,0.21118012,0.16666667,0.8333333333333334,0.23584906,0.75,0.8571428571428571,2.0540136927650092,-1.196870835622152,2.9356783946355187,"sa658600"
"Matt Tenuta","SEA","AA",24,45.1,10.323530570033641,2.779412076547519,3.71428571,0,0.27225131,0.07329843,0.19895288,0.24712644,1.2573530822476873,0.35245902,0.7,2.9779415105866276,2.2826524797195233,0.6952890308671043,3.38103323800876,"sa658605"
"Bryan Bonnell","SEA","AA",24,48.1,7.075862813579987,2.2344829937621014,3.16666667,1.1172414968810507,0.18536585,0.05853659,0.12682927,0.27225131,1.3241380703775414,0.31292517,0.76388889,3.16551757449631,4.3621151813343895,-1.1965976068380795,3.937020439258546,"sa658824"
"Jon Harris","TOR","AA",24,136.1,6.535451835094959,2.0464546150297345,3.19354839,1.3863079650201426,0.171875,0.05381944,0.11805556,0.28096118,1.3422981883528367,0.3111639,0.70431472,4.753055880069061,4.6492536710366394,0.10380220903242154,4.210186544084345,"sa658929"
"Joe Shaw","NYM","AA",24,65.1,6.750000525494052,3.9948982701903573,1.68965517,1.2397960148866627,0.16442953,0.09731544,0.06711409,0.29501916,1.6224491059010646,0.33497537,0.63116371,6.474490299963683,5.318756444292347,1.1557338556713352,4.751323106132253,"sa658941"
"Nolan Long","LAD","AA",24,35.2,10.093456504542768,4.289719014430677,2.35294118,0.5046728252271384,0.25806452,0.10967742,0.1483871,0.19402985,1.2056073047092752,0.26086957,0.58823529,5.046728252271384,3.7041066705633985,1.3426215817079856,4.442800651265761,"sa659265"
"Justin Dillon","TOR","AA",24,50,3.96,3.96,1,1.08,0.0969163,0.0969163,0,0.2970297,1.64,0.31034483,0.57441253,6.84,5.508960371017457,1.331039628982543,5.725131292343139,"sa659283"
"Kurt Spomer","DET","AA",28,32.1,5.010310066507881,2.7835055925043783,1.8,0.27835055925043783,0.125,0.06944444,0.05555556,0.28787879,1.484536316002335,0.32743363,0.61728395,4.175258388756568,3.731022289934755,0.4442360988218126,4.461956175606844,"sa659458"
"Shao-Ching Chiang","CLE","AA",24,71.1,6.813084597941218,1.6401870328377008,4.15384615,0.7570093997712465,0.18685121,0.0449827,0.14186851,0.23809524,1.0934580218918004,0.27699531,0.77134986,2.901869365789778,3.5812968376078715,-0.6794274718180935,3.5771960589229326,"sa659598"
"Ryne Slack","TEX","AA",25,48.2,7.212328013346632,4.808218675564421,1.5,1.479451900173668,0.17180617,0.11453744,0.05726872,0.28426396,1.684931330753344,0.32,0.65508021,6.842465038303215,5.835331652674072,1.0071333856291425,5.351124692592011,"sa659790"
"Joshua Torres","NYM","AA",24,45.1,11.514707174268294,2.779412076547519,4.14285714,0.1985294340391085,0.31351351,0.07567568,0.23783784,0.21301775,1.1029413002172694,0.31818182,0.86956522,1.191176604234651,2.1157249407784597,-0.9245483365438087,3.053342868581379,"sa659907"
"Elniery Garcia","STL","AA",23,61.1,6.309783131954618,4.402174278107873,1.43333333,1.0271739982251704,0.14098361,0.09836066,0.04262295,0.3125,1.8750001554903906,0.35135135,0.60073937,5.722826561540235,5.062657055850376,0.6601695056898595,4.938267991443286,"sa684104"
"Sam Lewis","ARI","AA",26,45.1,7.94117736156434,3.3750003786648444,2.35294118,0.794117736156434,0.20618557,0.08762887,0.1185567,0.26704545,1.4117648642781049,0.32575758,0.58922559,5.955883021173255,3.9370669784017984,2.0188160427714568,4.002886475391834,"sa701852"
"Jaron Long","WSN","AA",26,123.1,5.618919150642979,1.9702703515241613,2.85185185,0.6567567838413871,0.14750958,0.05172414,0.09578544,0.27530364,1.3216216761252604,0.31127451,0.70673712,3.6486487991188175,3.7100414678143103,-0.06139266869549287,3.7874915640714986,"sa706969"
"Mike Connolly","SFG","AA",26,61.2,7.00540482760003,3.502702413800015,2,0.5837837356333357,0.18113208,0.09056604,0.09056604,0.26778243,1.427026909325932,0.32085561,0.65165877,5.108107686791688,3.8803116768933847,1.2277960098983032,3.9911602369762225,"sa708470"
"Jake Kalish","KCR","AA",26,38.2,9.077585012819354,1.862068720578329,4.875,1.3965515404337467,0.22413793,0.04597701,0.17816092,0.27710843,1.3965515404337467,0.33057851,0.57017544,5.120688981590405,4.072459831475939,1.0482291501144658,3.2108975714334167,"sa709032"
"Craig Schlitter","COL","AA",26,46.2,7.714284873495388,3.6642853149103094,2.10526316,1.928571218373847,0.2,0.095,0.105,0.26111111,1.414285560140821,0.28461538,0.77358491,5.014285167772003,5.686102971252158,-0.6718178034801552,4.803429054590641,"sa709582"
"Trent Szkutnik","DET","AA",24,44.2,10.276118232827459,3.6268652586449854,2.83333333,0.8059700574766635,0.25888325,0.09137056,0.16751269,0.24858757,1.3880595434320315,0.32786885,0.71917808,3.4253727442758195,3.5528409425387517,-0.1274681982629322,3.507053048400859,"sa709586"
"Michael Johnson","LAD","AA",27,47.1,7.60563462008996,3.80281731004498,2,1.711267789520241,0.19138756,0.09569378,0.09569378,0.27419355,1.500000161184409,0.30656934,0.71661238,5.7042259650674705,5.69120711830965,0.013018846757820057,4.487134944732912,"sa709717"
"Edgar Arredondo","TEX","AA",21,45,5.4,2,2.7,0.8,0.140625,0.05208333,0.08854167,0.28089888,1.3333333333333333,0.31292517,0.68493151,4.8,4.340659146838718,0.45934085316128215,4.859064885808362,"sa732750"
"Alexis Rivero","PHI","AA",23,47,6.8936170212765955,4.595744680851064,1.5,1.148936170212766,0.1773399,0.1182266,0.0591133,0.22727273,1.3617021276595744,0.25373134,0.80204778,3.4468085106382977,5.18002420080469,-1.733215690166392,4.89036879438035,"sa735860"
"Emilio Vargas","ARI","AA",21,35.2,7.570092378407077,2.0186913009085536,3.75,1.5140184756814155,0.2027027,0.05405405,0.14864865,0.22302158,1.0934577879921332,0.24271845,0.75949367,4.037382601817107,4.625219565356664,-0.5878369635395568,3.6652934334826703,"sa736761"
"Francisco Rios","TOR","AA",23,39,6.6923076923076925,4.846153846153846,1.38095238,2.076923076923077,0.16292135,0.11797753,0.04494382,0.30322581,1.7435897435897436,0.32478632,0.6445993,7.153846153846154,6.611011653068738,0.542834500777416,5.091154087506808,"sa736833"
"Dedgar Jimenez","BOS","AA",22,137.1,7.601941184483413,3.6043686650567905,2.10909091,1.179611563109495,0.20069204,0.09515571,0.10553633,0.238921,1.303397961707405,0.27532468,0.72243346,4.390776373796454,4.632358332724861,-0.24158195892840695,4.262219716416287,"sa736925"
"Oscar De La Cruz","CHC","AA",23,77.1,8.495690213939417,3.6077588579742734,2.35483871,0.9310345439933608,0.21282799,0.09037901,0.12244898,0.25503356,1.3836207806568002,0.31336406,0.69216758,5.237069309962655,4.566123788280244,0.6709455216824107,4.614271157411619,"sa737037"
"Luis Reyes","WSN","AA",23,64.1,5.0362698282247615,4.476684291755344,1.125,1.2590674570561904,0.12631579,0.1122807,0.01403509,0.26907631,1.5388602252908994,0.28431373,0.7079646,5.176166212342116,5.707198901012482,-0.5310326886703667,5.372523025142109,"sa737048"
"Trey Ball","BOS","AA",24,65.1,7.714286314850345,3.581632931894803,2.15384615,1.515306240417032,0.17721519,0.08227848,0.09493671,0.33680556,1.882653207790858,0.38914027,0.59306569,7.57653120208516,5.089164589683706,2.4873666124014546,4.310677792502806,"sa737438"
"Ian Clarkin","CHW","AA",23,68.2,4.587379320367509,4.063107398039794,1.12903226,0.9174758640735018,0.11513158,0.10197368,0.01315789,0.2761194,1.5291264401225029,0.29646018,0.66866267,4.980583262113295,5.242178557296465,-0.26159529518317015,5.077184773355839,"sa737534"
"Andrew Church","NYM","AA",23,36.1,7.678900157529521,1.7339451968615047,4.42857143,1.2385322834725032,0.18902439,0.04268293,0.14634146,0.32026144,1.5412846194324485,0.37606838,0.56603774,6.440367874057017,4.319786197795459,2.1205816762615584,3.9362516667135115,"sa737545"
"Casey Meisner","STL","AA",23,40,7.425,3.15,2.35714286,0.675,0.19760479,0.08383234,0.11377246,0.20529801,1.125,0.24347826,0.70093458,3.6,3.976770257949829,-0.3767702579498291,4.7253829468041655,"sa737630"
"Sean Brady","CLE","AA",24,143,5.979020979020979,3.335664335664336,1.79245283,1.06993006993007,0.15472313,0.08631922,0.06840391,0.26523297,1.4055944055944056,0.29372197,0.66037736,4.531468531468532,4.720568762625848,-0.18910023115731622,4.207591195039816,"sa737808"
"Trevor Frank","SDP","AA",27,38.1,8.217391985801363,2.3478262816575324,3.5,1.4086957689945194,0.2173913,0.0621118,0.1552795,0.2147651,1.0956522647735152,0.24074074,0.75842697,3.521739422486299,4.599596440093512,-1.0778570176072129,4.096913957581827,"sa737842"
"Trevor Clifton","CHC","AA",23,56.2,7.147058182026746,3.652940848591448,1.95652174,0,0.18987342,0.09704641,0.092827,0.19902913,1.1294116633326217,0.25465839,0.66666667,2.858823272810698,3.4164786740075352,-0.5576554011968371,4.6838126343872855,"sa737901"
"Matt Whitehouse","CLE","AA",27,65,8.03076923076923,4.707692307692308,1.70588235,0.5538461538461539,0.20938628,0.12274368,0.0866426,0.21666667,1.323076923076923,0.26966292,0.76738609,2.6307692307692307,4.052037294094379,-1.4212680633251487,4.481694085781391,"sa738202"
"Sam Bragg","OAK","AA",25,69.2,5.684211356307962,3.3588521650910685,1.69230769,0.3875598652028156,0.14193548,0.08387097,0.05806452,0.27758007,1.4928231844849194,0.32051282,0.71011673,3.6172254085596123,3.9972248830500883,-0.379999474490476,5.050153443166568,"sa738235"
"Sam Tewes","STL","AA",23,32,5.0625,3.65625,1.38461538,1.40625,0.12587413,0.09090909,0.03496504,0.296875,1.59375,0.31428571,0.73913043,4.78125,5.764270257949829,-0.9830202579498293,5.328957932814956,"sa738268"
"Daniel Procopio","LAA","AA",22,38,10.421052631578947,6.394736842105263,1.62962963,1.1842105263157894,0.24444444,0.15,0.09444444,0.2745098,1.8157894736842106,0.35576923,0.58064516,7.105263157894737,4.889853291762503,2.2154098661322346,4.508151765873558,"sa738270"
"Ian McKinney","STL","AA",23,31.1,6.893617720666613,6.606383648972171,1.04347826,1.4361703584722112,0.16326531,0.15646259,0.00680272,0.25409836,1.7234044301666533,0.27956989,0.75510204,5.1702132904999605,6.387940768604128,-1.2177274781041678,5.902619084976337,"sa738318"
"Alec Hansen","CHW","AA",23,35.2,8.831774441474924,10.598129329769908,0.83333333,0.7570092378407077,0.20348837,0.24418605,-0.04069767,0.23076923,2.0186913009085536,0.29347826,0.61946903,6.5607467279528,6.027088524320938,0.5336582036318624,6.1920814482367765,"sa738344"
"Matt Pierpont","COL","AA",27,60,11.55,3.15,3.66666667,0.45,0.31818182,0.08677686,0.23140496,0.20183486,1.0833333333333333,0.29710145,0.76802508,1.95,2.6122937043507894,-0.6622937043507895,2.998393408457438,"sa738366"
"Bud Jeter","ARI","AA",26,46.1,9.129497405072483,4.079137138436641,2.23809524,0.5827338769195202,0.24352332,0.10880829,0.13471503,0.20930233,1.2302159623856537,0.2704918,0.73863636,2.7194247589577607,3.5361993917464543,-0.8167746327886936,4.123357815414024,"sa738369"
"Dillon McNamara","SFG","AA",26,45,10,1.6,6.25,0,0.29761905,0.04761905,0.25,0.18238994,0.8222222222222222,0.26605505,0.60526316,1.2,1.706738148795234,-0.506738148795234,2.6194926500320435,"sa738389"
"Jason Jester","SDP","AA",27,60.1,8.35359186445136,1.9392266828190656,4.30769231,0.2983425665875486,0.21789883,0.05058366,0.16731518,0.28278689,1.3591161366766102,0.36021505,0.60606061,4.325967215519454,2.6727646674156746,1.6532025481037795,3.363390539133678,"sa738439"
"Logan Shore","OAK","AA",23,68.2,6.422331048514512,2.4902916310566474,2.57894737,0.9174758640735018,0.16065574,0.06229508,0.09836066,0.29929577,1.5145633311689553,0.34210526,0.64449064,5.50485518444101,4.267304359348498,1.2375508250925122,4.057668528198014,"sa738442"
"Travis Ott","TBR","AA",23,70,11.7,3.7285714285714286,3.13793103,0.7714285714285715,0.30434783,0.09698997,0.20735786,0.21590909,1.2285714285714286,0.30538922,0.76555024,3.2142857142857144,3.3778232165745328,-0.16353750228881836,3.4818378176007956,"sa738460"
"Jake Stinnett","CHC","AA",26,51.1,9.993507483693653,3.8571432393203575,2.59090909,1.4025975415710392,0.24568966,0.09482759,0.15086207,0.25480769,1.4610391058031658,0.31468531,0.71428571,4.909091395498637,4.571329829752769,0.33776156574586746,3.5508906519112675,"sa738473"
"Dalton Moats","TBR","AA",23,62.1,9.385027503765535,4.187166117064623,2.24137931,1.7326204622336372,0.23636364,0.10545455,0.13090909,0.23673469,1.395722039021541,0.27380952,0.66011236,5.342246425220382,5.224500220984207,0.11774620423617499,3.8559462936347346,"sa738506"
"Garrett Williams","SFG","AA",23,81.2,8.044898961268704,6.7224498169505615,1.19672131,0.6612245721590716,0.17892157,0.1495098,0.02941177,0.28742515,1.9224492190550786,0.35294118,0.66212871,6.06122524479149,5.214674891619253,0.8465503531722369,5.1023478147872545,"sa738512"
"Tyler Viza","PHI","AA",23,75.1,8.123894353808806,2.389380692296708,3.4,0.597345173074177,0.21935484,0.06451613,0.15483871,0.24305556,1.194690346148354,0.30232558,0.74117647,2.747787796141214,3.2625886851203254,-0.5148008889791114,3.6523110149122355,"sa738610"
"Jordan Milbrath","CLE","AA",26,50,8.82,3.78,2.33333333,0.18,0.22897196,0.09813084,0.13084112,0.22459893,1.26,0.29927007,0.68047337,3.42,3.248960371017456,0.17103962898254377,3.6772266030311584,"sa738636"
"Connor Jones","STL","AA",23,94.2,6.274648561574217,4.848592070307349,1.29411765,0.380281731004498,0.15420561,0.11915888,0.03504673,0.26086957,1.5528170682683669,0.30872483,0.71808511,3.80281731004498,4.50810839962899,-0.7052910895840103,4.6061789036336975,"sa738697"
"Zack Brown","MIL","AA",23,125.2,8.307692980187452,2.5782495455754164,3.22222222,0.5729443434612036,0.2306163,0.07157058,0.15904573,0.20562771,1.0424404026863565,0.25739645,0.73717949,2.4350134597101154,3.3237497006595684,-0.888736240949453,3.3712375060225677,"sa738901"
"Frank Duncan","LAD","AA",26,89.1,3.8283584269257975,2.5186568598196035,1.52,1.1082090183206255,0.09768638,0.06426735,0.03341902,0.28089888,1.3992538110108907,0.28990228,0.6547619,5.138059994031991,5.225662085359586,-0.08760209132759478,5.078250067901959,"sa738963"
"Williams Ramirez","MIN","AA",25,54,12.666666666666666,5.666666666666667,2.23529412,0.6666666666666666,0.30522088,0.13654618,0.1686747,0.26066351,1.6481481481481481,0.38931298,0.62929062,5.666666666666667,3.6227967615480776,2.0438699051185893,4.114432128270467,"sa739056"
"Marc Magliaro","COL","AA",28,48.2,9.431505863607134,2.7739723128256273,3.4,1.109588925130251,0.24170616,0.07109005,0.17061611,0.25257732,1.3150683557099272,0.31386861,0.59027778,4.438355700521004,3.8837548335825822,0.5546008669384226,3.8777441042381464,"sa739267"
"Luis Ysla","BAL","AA",26,72.1,10.327189666269165,5.599078734724245,1.84444444,1.3686636907103713,0.25075529,0.13595166,0.11480363,0.23843416,1.548387205652137,0.29946524,0.6988189,4.976958875310441,5.084720863140862,-0.10776198783042101,4.519695403726466,"sa739569"
"Daniel McGrath","BOS","AA",23,89.1,7.958955677029947,3.727612152533013,2.13513514,0.40298509757113654,0.20572917,0.09635417,0.109375,0.25655977,1.3992538110108907,0.32307692,0.72123177,3.626865878140229,3.5192588893149375,0.10760698882529152,4.57747649817772,"sa739598"
"Estarlin Arias","STL","AA",24,34,8.205882352941176,3.9705882352941178,2.06666667,1.3235294117647058,0.2012987,0.0974026,0.1038961,0.29710145,1.6470588235294117,0.35294118,0.8,4.5,4.951770257949829,-0.4517702579498293,4.6547189642839575,"sa739879"
"Erasmo Pinales","HOU","AA",23,55.2,11.640717499261958,5.01197558996001,2.32258065,0.8083831596709694,0.288,0.124,0.164,0.23474178,1.4550896874077448,0.33088235,0.6375,5.173652221894204,4.026620504826963,1.1470317170672413,4.005737398853706,"sa795280"
"Corey Taylor","NYM","AA",25,41,7.463414634146342,1.975609756097561,3.77777778,0.21951219512195122,0.19318182,0.05113636,0.14204546,0.30120482,1.4390243902439024,0.3740458,0.81911263,2.4146341463414633,2.719204273456481,-0.30457012711501763,3.539313704793047,"sa827144"
"David Speer","CLE","AA",25,62,7.112903225806452,1.8870967741935485,3.76923077,0.14516129032258066,0.18773946,0.04980843,0.13793103,0.25910931,1.2419354838709677,0.31979695,0.60052219,3.4838709677419355,2.635411983920682,0.8484589838212533,3.4821265439833367,"sa827385"
"Trey Cochran-Gill","OAK","AA",25,35.1,5.858491409372497,3.0566042135856506,1.91666667,0.5094340355976084,0.14649682,0.07643312,0.07006369,0.29078014,1.5000002159262913,0.3362069,0.68265683,5.094340355976084,4.244223202212776,0.8501171537633079,4.484004004005463,"sa827389"
"Preston Morrison","CHC","AA",24,58,7.913793103448276,2.6379310344827585,3,1.2413793103448276,0.2107438,0.07024793,0.14049587,0.22972973,1.1724137931034482,0.26380368,0.63545151,4.5,4.4325030195301975,0.06749698046980246,3.684130785383027,"sa827432"
"Andrew Istler","LAD","AA",25,57,7.2631578947368425,2.0526315789473686,3.53846154,0.15789473684210525,0.21004566,0.05936073,0.15068493,0.20487805,0.9649122807017544,0.25949367,0.64102564,2.526315789473684,2.8026474509322856,-0.27633166145860155,3.7617309143407303,"sa827457"
"Brian Clark","CHW","AA",25,62.1,9.385027503765535,3.032085808908865,3.0952381,0.7219251925973489,0.24253731,0.07835821,0.16417911,0.25409836,1.3315509107906656,0.32758621,0.60759494,4.764706271142503,3.4758369766928507,1.2888692944496518,3.459164781009636,"sa827463"
"Lucas Long","BAL","AA",25,76.1,5.777292961373339,2.240174821757009,2.57894737,1.296943317859321,0.14285714,0.05539359,0.08746356,0.31677019,1.5851529440502812,0.34732824,0.59479554,6.602620527283816,4.743807626863989,1.858812900419827,4.106590294388512,"sa827466"
"Kevin McAvoy","BOS","AA",24,33.1,7.560001153564629,8.640001318359577,0.875,1.080000164794947,0.16666667,0.19047619,-0.02380952,0.27480916,2.0400003112793446,0.32323232,0.57863501,8.640001318359577,6.53896086082466,2.101040457534917,6.5442114860441,"sa827491"
"Jordan Minch","CHC","AA",24,40.2,5.754097640978999,4.6475404023291915,1.23809524,1.3278686863797688,0.14606742,0.11797753,0.02808989,0.23870968,1.4262293298153075,0.25203252,0.73643411,3.9836060591393068,5.699602783882857,-1.7159967247435501,4.968072660457405,"sa827492"
"Yeudy Garcia","PIT","AA",25,53.1,11.475001094341382,5.40000051498418,2.125,0.5062500482797668,0.27755102,0.13061224,0.14693878,0.25358852,1.5937501519918587,0.36231884,0.63679245,5.231250498890924,3.5352103906869914,1.696040108203933,3.948758094261668,"sa828169"
"Henry Martinez","CLE","AA",24,32.2,8.81632515789341,2.479591450657521,3.55555556,0.27551016118416904,0.24242424,0.06818182,0.17424242,0.24390244,1.1938773651313992,0.32222222,0.71808511,2.7551016118416904,2.594266607859672,0.16083500398201833,3.1478274744201813,"sa828216"
"Franco Terrero","KCR","AA",23,63.2,8.76439720558069,5.513088564800756,1.58974359,1.554973697764316,0.20261438,0.12745098,0.0751634,0.28030303,1.7748689681552294,0.32984293,0.66600398,5.371727319549455,5.729256986998575,-0.3575296674491195,4.566081805905199,"sa828421"
"Harol Gonzalez","NYM","AA",23,52,5.1923076923076925,2.9423076923076925,1.76470588,1.7307692307692308,0.12195122,0.06910569,0.05284553,0.34649123,1.8461538461538463,0.36702128,0.59036145,7.788461538461538,5.71357575563284,2.074885782828698,5.049521659887754,"sa828505"
"Kodi Medeiros","CHW","AA",22,137.2,9.217918356679283,4.380145602110014,2.10447761,0.849878997424331,0.2361809,0.11222781,0.1239531,0.23495146,1.3656175343228567,0.29916898,0.74134199,3.5302666046856825,4.3296392685916905,-0.7993726639060079,4.0557013978086305,"sa828664"
"Spencer Adams","CHW","AA",22,68.2,6.946602970842227,2.6213596116385762,2.65,1.3106798058192881,0.17725753,0.06688963,0.11036789,0.29032258,1.4708740043083124,0.3287037,0.74712644,4.587379320367509,4.5868386543868205,0.0005406659806883596,4.099006677067459,"sa828687"
"Joe Gatto","LAA","AA",23,76.2,5.752174676271479,4.226087517260678,1.36111111,0.9391305593912618,0.14244186,0.10465116,0.0377907,0.27960526,1.5782610789769818,0.31174089,0.62390158,5.752174676271479,5.007015981223526,0.7451586950479525,4.733582701232937,"sa828693"
"Trey Supak","MIL","AA",22,86.2,7.7884624526346595,2.907692648983606,2.67857143,0.41538466414051517,0.21186441,0.07909605,0.13276836,0.22839506,1.176923215064793,0.28571429,0.69105691,2.907692648983606,3.2712297991464814,-0.36353715016287547,3.914192139629028,"sa828707"
"Brian Gonzalez","BAL","AA",22,91.2,7.756364497110762,3.9272731630940565,1.975,1.4727274361602711,0.18632075,0.09433962,0.09198113,0.28795812,1.6363638179558568,0.32986111,0.67938931,5.694546086486382,5.107142386529487,0.5874036999568952,4.602643945027696,"sa828794"
"Jake Cosart","BOS","AA",24,36.1,11.14679055125253,3.71559685041751,3,1.486238740167004,0.27607362,0.09202454,0.18404908,0.26530612,1.486238740167004,0.34375,0.472103,5.944954960668016,4.319786197795459,1.6251687628725575,3.6090068546412737,"sa828802"
"Michael Mader","ATL","AA",24,75.1,7.52654918073463,4.898230419208251,1.53658537,0.3584071038445062,0.1875,0.12202381,0.06547619,0.25862069,1.5398231128134339,0.32142857,0.75342466,3.703540073059897,4.0405286984395525,-0.33698862537965546,4.580401679772516,"sa828804"
"Felix Paulino","CHW","AA",23,38.2,5.353447835737439,4.6551720310760345,1.15,1.1637930077690086,0.12637363,0.10989011,0.01648352,0.27950311,1.6810343445552345,0.30075188,0.57627119,6.284482241952646,5.457697976561448,0.8267842653911979,5.360975850284882,"sa828972"
"Emilio Ogando","KCR","AA",24,118.1,7.149296081942538,5.476056573402794,1.30555556,1.673239508539743,0.17375231,0.13308688,0.04066543,0.27489177,1.6816902131283273,0.30346821,0.77054795,4.791549501727445,6.282756295125656,-1.4912067933982112,5.4087444547801615,"sa829049"
"Matt Pearce","STL","AA",24,53.1,7.762500740289759,1.856250177025812,4.18181818,1.350000128746045,0.19574468,0.04680851,0.14893617,0.29864253,1.4437501376867425,0.34730539,0.68313953,5.40000051498418,4.464270354509363,0.9357301604748169,4.166065819555769,"sa829078"
"Sam McWilliams","TBR","AA",22,100.1,8.431894115151142,3.588040049000486,2.35,1.1661130159251578,0.21123596,0.08988764,0.12134832,0.2775,1.504983464997426,0.33447099,0.68940493,5.023256068600681,4.519683740300087,0.503572328300594,4.031976427810209,"sa829124"
"Seth Varner","CIN","AA",26,119.1,7.466480765166075,2.337988926466145,3.19354839,1.432960954930863,0.20162933,0.06313646,0.13849287,0.22807018,1.1312849644191023,0.25147929,0.73843416,3.393854893257307,4.654040350589128,-1.2601854573318207,3.928869725326761,"sa829168"
"Benton Moss","TBR","AA",25,101.1,6.661184544873716,1.9539474664962901,3.40909091,1.1546053211114442,0.18703242,0.05486284,0.13216958,0.22486772,1.0559211056318336,0.24827586,0.84632517,2.753289611881136,4.231958598509392,-1.4786689866282559,3.904093753974376,"sa829290"
"Kolton Mahoney","MIA","AA",26,89.1,6.750000384316538,2.3171643110340354,2.91304348,0.8059701951422731,0.17005076,0.05837563,0.11167513,0.29041096,1.4440299329632393,0.33793103,0.68659128,4.231343524496934,4.001597240109785,0.22974628438714895,3.892544679015839,"sa829372"
"Landon Beck","STL","AA",25,35.2,9.084110854088491,4.037382601817107,2.25,1.261682063067846,0.22222222,0.09876543,0.12345679,0.27464789,1.5420558548607008,0.33663366,0.67307692,5.046728252271384,4.937751354451959,0.10897689781942521,4.690377730530271,"sa829390"
"Zach Hedges","CHC","AA",25,62.2,6.606382442524488,1.4361700962009758,4.6,0.5744680384803903,0.18852459,0.04098361,0.14754098,0.22649573,1.005319067340683,0.26630435,0.80139373,2.297872153921561,3.203963047155377,-0.9060908932338156,3.3769201795389154,"sa829393"
"Jake Paulson","CLE","AA",26,115.1,7.101156382529038,2.497109936713508,2.84375,0.7803468552229713,0.19279661,0.06779661,0.125,0.23690205,1.1791908034480454,0.27810651,0.77235772,3.043352735369588,3.736474839856119,-0.6931221044865312,3.542951959402893,"sa829444"
"Argenis Angulo","CLE","AA",24,51.2,11.148385999284708,5.051612405925883,2.20689655,0.6967741249552942,0.2601626,0.11788618,0.14227642,0.27962085,1.703225638779608,0.38461538,0.6561086,5.225805937164707,3.8902506383425544,1.3355552988221526,4.258899057271287,"sa829470"
"Parker French","COL","AA",25,60,4.2,6.3,0.66666667,1.05,0.09688581,0.14532872,-0.04844291,0.32377049,2.0166666666666666,0.34449761,0.60420315,7.95,6.162293704350789,1.787706295649211,6.273783715565999,"sa829473"
"Dominic DeMasi","CLE","AA",25,68.1,6.321951690074767,2.5024392106545954,2.52631579,1.1853659418890188,0.15335463,0.06070288,0.09265176,0.29513889,1.5219513327957772,0.32900433,0.47227926,7.243902978210671,4.733838524367405,2.510064453843266,4.321280631214813,"sa829567"
"Corey Walter","OAK","AA",25,75.1,4.65929234997858,3.2256639346005556,1.44444444,0.7168142076890124,0.11174785,0.0773639,0.03438396,0.2952381,1.5929204615311385,0.32222222,0.60708263,6.21238979997144,4.805752650251297,1.4066371497201429,4.9736631916633725,"sa829586"
"Alex Klonowski","LAA","AA",26,95.1,7.835664753715929,2.4545455855013754,3.19230769,0.6608391960965241,0.20595533,0.06451613,0.14143921,0.25668449,1.2797203479964436,0.31338028,0.71180556,3.9650351765791445,3.489411634878633,0.4756235417005117,3.947323324098698,"sa829634"
"Cody Stull","OAK","AA",26,43,8.372093023255815,3.558139534883721,2.35294118,0.20930232558139536,0.19704433,0.08374384,0.11330049,0.30601093,1.697674418604651,0.38732394,0.64343164,5.232558139534884,3.2889795602754104,1.9435785792594737,4.233712255053741,"sa829651"
"Adam Parks","TEX","AA",25,44.1,9.541354478116657,3.0451131313138267,3.13333333,1.2180452525255308,0.24479167,0.078125,0.16666667,0.23563218,1.263158039656106,0.2892562,0.6916996,4.263158383839357,4.308913213430758,-0.045754829591400537,4.1622517191750905,"sa829657"
"Jon Perrin","KCR","AA",25,44.1,9.33834653426626,3.8571431337186723,2.42105263,0.609022600060843,0.2408377,0.09947644,0.14136126,0.24705882,1.3759399482856083,0.32231405,0.66326531,4.2631582004259005,3.6315592923407474,0.6315989080851532,4.180538521596329,"sa829664"
"Justin Ferrell","HOU","AA",24,48,10.875,3.9375,2.76190476,0.75,0.28712871,0.1039604,0.18316832,0.21787709,1.25,0.2991453,0.70921986,3.375,3.5559369246164962,-0.18093692461649624,3.5631610024409994,"sa829707"
"Spencer Herrmann","SEA","AA",24,64.2,7.654640379387041,3.8969078295061297,1.96428571,0.41752583887565675,0.19097222,0.09722222,0.09375,0.28571429,1.577319835752481,0.35323383,0.65789474,5.010310066507881,3.699192977283552,1.3111170892243287,4.260970255144294,"sa829717"
"Karch Kowalczyk","LAD","AA",27,30.2,9.097825143873676,4.989129917608145,1.82352941,0,0.21088435,0.11564626,0.0952381,0.30232558,1.826086767229125,0.39795918,0.57894737,6.1630428393982974,3.19090071977424,2.9721421196240576,3.9819306157525096,"sa829792"
"Andrew Case","TOR","AA",25,46,6.6521739130434785,2.9347826086956523,2.26666667,1.565217391304348,0.16113744,0.07109005,0.09004739,0.296875,1.565217391304348,0.32666667,0.72530864,5.086956521739131,5.3506995014522385,-0.2637429797131077,4.706724660811217,"sa829881"
"Bo Takahashi","ARI","AA",21,73,9.493150684931507,2.4657534246575343,3.85,1.4794520547945205,0.25666667,0.06666667,0.19,0.23722628,1.1643835616438356,0.28648649,0.71428571,4.684931506849315,4.459427913247723,0.22550359360159256,3.7519901073142274,"sa830370"
"Ben Bracewell","OAK","AA",27,110,8.018181818181818,1.309090909090909,6.125,0.7363636363636363,0.21923937,0.03579418,0.18344519,0.24047619,1.0636363636363637,0.29392971,0.72790295,3.0272727272727273,3.4699520761316474,-0.44267934885892,3.636638574573127,"sa837103"
"Luis Pena","LAA","AA",22,59,9.610169491525424,3.8135593220338984,2.52,1.0677966101694916,0.25301205,0.10040161,0.15261044,0.2081448,1.2033898305084745,0.25827815,0.70093458,4.271186440677966,4.194045976865089,0.07714046381287698,3.830848690614862,"sa837845"
"Jerry Keel","SDP","AA",24,91,7.21978021978022,2.1758241758241756,3.31818182,0.8901098901098901,0.19312169,0.05820106,0.13492064,0.27887324,1.3296703296703296,0.32967033,0.69469835,4.549450549450549,3.891330697510268,0.6581198519402811,3.8543061090530926,"sa856543"
"Luke Leftwich","PHI","AA",24,62.2,10.340424692647025,3.5904252405024395,2.88,0.43085102886029275,0.26666667,0.09259259,0.17407407,0.23012552,1.276595641067534,0.31707317,0.69682152,3.734042250122537,3.137471024857326,0.5965712252652109,3.6665711470016906,"sa857567"
"Jeff Kinley","MIA","AA",26,38,9.236842105263158,2.8421052631578947,3.25,0.23684210526315788,0.2516129,0.07741935,0.17419355,0.16197183,0.9210526315789473,0.21568627,0.46242775,3.0789473684210527,2.679326975973029,0.3996203924480235,3.2526343458577207,"sa857590"
"Jacob Evans","STL","AA",24,48,7.125,3,2.375,0.5625,0.18905473,0.07960199,0.10945274,0.24175824,1.25,0.29078014,0.54421769,5.0625,3.8684369246164962,1.1940630753835038,4.35928602575635,"sa857606"
"Seth McGarry","PHI","AA",24,67.2,8.645321496720562,5.453202790239124,1.58536585,0.7980296766203596,0.21885522,0.13804714,0.08080808,0.23015873,1.463054407137326,0.28729282,0.69767442,3.990148383101798,4.555561540637639,-0.5654131575358408,4.190317066612686,"sa857614"
"Tate Scioneaux","PIT","AA",25,61,10.180327868852459,2.80327868852459,3.63157895,1.4754098360655739,0.25182482,0.06934307,0.18248175,0.27952756,1.4754098360655739,0.34857143,0.67532468,4.868852459016393,4.181419387410899,0.6874330716054944,3.888317574438502,"sa857686"
"Nathan Bannister","SEA","AA",24,138,5.478260869565218,3.130434782608696,1.75,1.434782608695652,0.13504823,0.07717042,0.05787781,0.30350877,1.6014492753623188,0.32543103,0.65396498,6.065217391304348,5.437277504326641,0.6279398869777069,5.048643630851006,"sa857696"
"Hector Mendoza","STL","AA",24,37.2,7.646016666646411,3.345132291657805,2.28571429,0.9557520833308014,0.21333333,0.09333333,0.12,0.19852941,1.0884954282378572,0.23,0.6779661,3.8230083333232057,4.2482303273921636,-0.4252219940689579,4.596396398993038,"sa863882"
"Yadier Alvarez","LAD","AA",22,48.1,9.682759639635771,8.006897394314196,1.20930233,0.3724138322936835,0.23529412,0.19457014,0.04072398,0.20903955,1.6551725879719268,0.28455285,0.63938619,4.655172903671044,4.56901175483088,0.0861611488401639,4.823546351204527,"sa868984"
"Pedro Vasquez","PIT","AA",22,63.1,6.536842630233172,2.5578949422651545,2.55555556,1.2789474711325772,0.16911765,0.06617647,0.10294118,0.2811245,1.3894737957983556,0.31443299,0.65920398,5.115789884530309,4.813171016529336,0.30261886800097315,4.438154776458291,"sa872824"
"Zac Ryan","LAA","AA",24,31.2,8.810525431329282,5.9684204534811265,1.47619048,0.28421049778481555,0.20666667,0.14,0.06666667,0.28,1.768420875105519,0.3655914,0.64846416,5.6842099556963115,4.184590051444952,1.4996199042513592,5.191476743804606,"sa873262"
"Thomas Jankins","MIL","AA",22,130.1,6.5601017897738645,2.4859333098090435,2.63888889,0.8976981396532657,0.17657993,0.0669145,0.10966543,0.26262626,1.2736571895935223,0.30232558,0.67183463,4.419436995216078,4.192181938891833,0.22725505632424436,3.954488362899089,"sa873276"
"Kit Scheetz","HOU","AA",24,39.1,9.838984323143952,1.8305087112825957,5.375,0.45762717782064893,0.25748503,0.04790419,0.20958084,0.25657895,1.1949154087539167,0.34579439,0.78125,2.7457630669238937,3.0704142764326217,-0.32465120950872794,3.415649600821083,"sa873684"
"Brett Adcock","HOU","AA",22,38.2,6.517240522024152,5.120688981590405,1.27272727,0.46551718014458227,0.16766467,0.13173653,0.03592814,0.23611111,1.4482756715609226,0.28070175,0.75645756,3.491378851084367,4.460390814929758,-0.9690119638453907,5.471966297413159,"sa873691"
"Duncan Robinson","CHC","AA",24,130.2,7.645408758467752,1.515306240417032,5.04545455,0.6198980074433313,0.20108696,0.03985507,0.16123188,0.27099237,1.2551021385272387,0.32920792,0.69250318,3.306122706364434,3.2028232040627698,0.10329950230166407,3.5096851126921993,"sa874105"
"Alex Winkelman","HOU","AA",24,77.2,9.386267323803203,6.721030923217109,1.39655172,0.34763953051122976,0.22881356,0.16384181,0.06497175,0.22299652,1.5708156563840752,0.30049261,0.72555205,3.1287557746010677,4.456062234982271,-1.3273064603812035,5.104635407386665,"sa874113"
"Wyatt Short","CHC","AA",23,30,8.4,2.4,3.5,1.2,0.22222222,0.06349206,0.15873016,0.25438596,1.2333333333333334,0.30487805,0.6779661,3.3,4.430204168955485,-1.1302041689554851,3.8563935041427615,"sa874187"
"Nolan Blackwood","DET","AA",23,61,8.114754098360656,2.80327868852459,2.89473684,0.7377049180327869,0.20522388,0.07089552,0.13432836,0.27235772,1.4098360655737705,0.33333333,0.65853659,4.131147540983607,3.779926338352141,0.3512212026314656,3.3941260327814056,"sa874212"
"Jordan Stephens","CHW","AA",25,39.2,9.075629088377228,2.7226887265131685,3.33333333,0.2268907272094307,0.24691358,0.07407407,0.17283951,0.25170068,1.235293959251345,0.33962264,0.67193676,2.949579453722599,2.8089157246657654,0.14066372905683355,3.754176326557599,"sa875031"
"Jack Wynkoop","COL","AA",24,80.2,4.128099694130599,1.785124192056475,2.3125,1.2272728820388268,0.09946237,0.04301075,0.05645161,0.35028249,1.7355374089437954,0.36928105,0.62401264,6.582645458208252,4.853753951732362,1.7288915064758905,4.828756843789499,"sa875060"
"Craig Brooks","CHC","AA",25,30,12.3,2.7,4.55555556,0.6,0.35042735,0.07692308,0.27350427,0.17757009,0.9333333333333333,0.265625,0.6870229,3,2.496870835622152,0.5031291643778482,2.714918923377991,"sa875197"
"Nate Griep","MIL","AA",24,56.2,8.417646303275944,5.558823030465247,1.51428571,0.6352940606245996,0.212,0.14,0.072,0.22325581,1.4647057508844936,0.27848101,0.7881137,3.335293818279148,4.263537421507001,-0.9282436032278532,4.613224405428996,"sa875199"
"Cory Taylor","SFG","AA",24,54.2,5.103658061733891,4.445121537639196,1.14814815,1.3170730481893913,0.12863071,0.1120332,0.01659751,0.25,1.4634144979882127,0.26011561,0.81920904,3.951219144568174,5.688716249023448,-1.7374971044552745,5.552971636904855,"sa875205"
"Kyle Friedrichs","OAK","AA",26,76.1,7.07423627923266,2.711790573705853,2.60869565,1.532751193833743,0.17647059,0.06764706,0.10882353,0.29032258,1.4803494436172049,0.32489451,0.64833006,5.659389023386128,5.272731077974532,0.3866579454115957,4.580821809995694,"sa875229"
"James Reeves","NYY","AA",25,54.2,11.689023302680848,5.103658061733891,2.29032258,0.6585365240946957,0.31140351,0.13596491,0.1754386,0.16494845,1.1524389171657174,0.23529412,0.7781457,2.7987802274024567,3.548472545715688,-0.7496923183132314,3.8765834303194784,"sa875266"
"Logan Sendelbach","PIT","AA",24,70,6.042857142857143,5.271428571428571,1.14634146,0.7714285714285715,0.15210356,0.13268608,0.01941748,0.2556391,1.5571428571428572,0.29107981,0.75048733,4.242857142857143,4.943246085303171,-0.7003889424460281,4.859773852143969,"sa875272"
"Reid Love","BAL","AA",26,33.2,9.891087614593866,2.673266922863207,3.7,1.0693067691452829,0.24183007,0.06535948,0.17647059,0.30434783,1.5445542220987418,0.39175258,0.54474708,7.217820691730659,4.012128584638053,3.205692107092606,3.6875925709647452,"sa875280"
"Logan Cozart","COL","AA",25,68.2,8.126214796079587,2.097087689310861,3.875,0.786407883491573,0.22627737,0.05839416,0.16788321,0.20930233,1.0194176267483352,0.25263158,0.81168831,2.22815566989279,3.3580865889245515,-1.1299309190317617,3.7903249360457956,"sa875283"
"Jon Olczak","MIL","AA",24,56.1,9.585799682057369,2.8757399046172107,3.33333333,0.15976332803428947,0.27149321,0.08144796,0.19004525,0.18,0.9585799682057369,0.25179856,0.71942446,1.4378699523086054,2.5824723430100702,-1.1446023907014649,3.5866977610986712,"sa875297"
"Bret Helton","PIT","AA",24,60.1,6.7127077482198425,5.6685087651634225,1.18421053,1.1933702663501944,0.16245487,0.13718412,0.02527076,0.26495726,1.6574587032641588,0.29834254,0.62899787,6.116022615044746,5.699126316685203,0.4168962983595428,5.576131176710039,"sa875307"
"Tyler Davis","TEX","AA",25,78.2,6.406780489489085,2.860169861379056,2.24,0.9152543556412979,0.15053763,0.0672043,0.08333333,0.34202899,1.8177968452320221,0.39145907,0.62780269,6.406780489489085,4.379736479641701,2.0270440098473843,4.615770579184558,"sa875355"
"Matthew Kent","BOS","AA",25,143.1,7.7232552658254745,2.197674262633265,3.51428571,0.8162790118352128,0.20364238,0.05794702,0.14569537,0.2544484,1.2418603769800673,0.30516432,0.71342926,3.5790695134313175,3.6708208118715198,-0.09175129844020224,3.5837863699681662,"sa875610"
"Justin Donatella","ARI","AA",23,130,7.130769230769231,3.253846153846154,2.19148936,0.6230769230769231,0.1900369,0.08671587,0.10332103,0.22857143,1.2230769230769232,0.27248677,0.7331572,3.4615384615384617,3.878922117673434,-0.4173836561349722,4.3686229834189785,"sa875616"
"Scooter Hightower","PIT","AA",24,37.1,7.473215303859071,2.1696431527332787,3.44444444,0.24107146141480873,0.20805369,0.06040268,0.14765101,0.2173913,1.0446429994641713,0.27358491,0.70707071,2.4107146141480875,2.9003888840577963,-0.48967426990970875,4.247070024820349,"sa875703"
"Corey Copping","LAD","AA",24,60.1,11.187846247033072,4.922652348694552,2.27272727,0.2983425665875486,0.29182879,0.12840467,0.16342412,0.18834081,1.243094027448119,0.2739726,0.75136612,2.3867405327003888,3.0586320189997016,-0.6718914862993128,3.7372749676820347,"sa875831"
"Matt Custred","LAA","AA",24,49.2,9.604025862108692,5.255033018889662,1.82758621,0.36241607026825257,0.24882629,0.13615023,0.11267606,0.19672131,1.308724698190912,0.265625,0.66455696,3.261744632414273,3.5648797635489586,-0.3031351311346855,4.080667510614586,"sa876065"
"Josh DeGraaf","TOR","AA",25,81,8.555555555555555,2.5555555555555554,3.34782609,1.3333333333333333,0.22383721,0.06686047,0.15697674,0.28301887,1.3950617283950617,0.34061135,0.72580645,4.333333333333333,4.3166146920051105,0.01671864132822254,3.7337809751063213,"sa876067"
"Conor Lillis-White","LAA","AA",25,34.2,11.942305940143006,4.1538455443975675,2.875,0.25961534652484797,0.31724138,0.11034483,0.20689655,0.203125,1.2115382837826238,0.30864198,0.72115385,3.1153841582981756,2.5558453131004026,0.559538845197773,3.151909495189081,"sa876096"
"Sean Keselica","PIT","AA",25,58.1,7.560000659179745,6.6342862927495725,1.13953488,0.6171429109534485,0.196,0.172,0.024,0.19306931,1.405714408282855,0.23489933,0.65110565,4.937143287627588,5.008960517501844,-0.07181722987425587,5.126143300900742,"sa876113"
"Quintin Torres-Costa","MIL","AA",23,31,12.774193548387096,3.774193548387097,3.38461538,0,0.352,0.104,0.248,0.1588785,0.967741935483871,0.26984127,0.85714286,1.1612903225806452,2.2667633087404315,-1.1054729861597863,3.0993029978967486,"sa876206"
"Adam Lau","BOS","AA",23,56.2,9.370587394212844,4.447058424372197,2.10714286,1.429411636405349,0.23320158,0.11067194,0.12252965,0.25560538,1.499999865363638,0.30967742,0.73924731,4.129411394059898,4.899548465339383,-0.7701370712794855,4.284511551919719,"sa876250"
"Matt Walker","SEA","AA",23,62,8.129032258064516,3.193548387096774,2.54545455,0.7258064516129032,0.21052632,0.08270677,0.12781955,0.24380165,1.3064516129032258,0.29834254,0.71052632,3.629032258064516,3.8549960644014423,-0.22596380633692625,3.9392098981766934,"sa876264"
"Yoanys Quiala","HOU","AA",24,57.1,6.9069773569308754,3.4534886784654377,2,0.7848837905603268,0.171875,0.0859375,0.0859375,0.28070175,1.5000001330708466,0.32960894,0.62352941,5.965116808258483,4.515723840709383,1.4493929675491,4.58452339717635,"sa876861"
"Brad Kuntz","MIL","AA",26,53.2,10.229812695064881,4.360248033962081,2.34615385,0.8385092373004002,0.25847458,0.11016949,0.14830509,0.26794258,1.5279501657473957,0.35664336,0.75,3.5217387966616807,3.810742428849032,-0.2890036321873515,3.582287408994601,"sa877529"
"Anthony Marzi","MIN","AA",25,82,7.134146341463414,3.292682926829268,2.16666667,0.8780487804878049,0.17241379,0.0795756,0.0928382,0.28362573,1.548780487804878,0.33085502,0.63741722,5.487804878048781,4.32695213643516,1.1608527416136205,4.659731273534822,"sa884740"
"Curtis Taylor","TBR","AA",22,60.2,10.978021057630178,3.8571425337619543,2.84615385,0.890109815483528,0.30962343,0.10878661,0.20083682,0.16113744,0.9890109060928088,0.21374046,0.85820896,2.373626174622741,3.594306713710474,-1.2206805390877329,3.529358943723621,"sa917970"
"Jace Vines","KCR","AA",23,41.2,6.04799926171884,3.239999604492236,1.86666667,1.0799998681640786,0.14893617,0.07978723,0.06914894,0.31137725,1.6079998037109615,0.35074627,0.63636364,6.479999208984472,5.179770047012355,1.3002291619721165,4.998660220203957,"sa917985"
"Mark Ecker","DET","AA",23,59,7.779661016949152,4.728813559322034,1.64516129,1.0677966101694916,0.20481928,0.12449799,0.08032129,0.2037037,1.271186440677966,0.23417722,0.69940476,3.6610169491525424,4.82048579474627,-1.1594688455937279,4.5387426986532695,"sa918000"
"Walker Sheller","KCR","AA",23,51,4.764705882352941,2.4705882352941178,1.92857143,0.8823529411764706,0.12735849,0.06603774,0.06132076,0.2565445,1.2352941176470589,0.27672956,0.74603175,3.5294117647058822,4.902750650106692,-1.37333888540081,5.005128251951115,"sa918177"
"Brandon Lawson","TBR","AA",23,42.1,7.015748874423876,3.6141736625819965,1.94117647,0.8503938029604697,0.171875,0.08854167,0.08333333,0.30285714,1.653543505756469,0.35507246,0.71428571,4.251969014802349,4.237553355331523,0.014415659470825126,4.069476527079067,"sa918264"
"Brian Howard","OAK","AA",23,67.1,8.420792715302474,3.07425765796757,2.73913043,0.9356436350336083,0.21799308,0.07958478,0.1384083,0.24528302,1.3069307917929767,0.2974359,0.66919192,3.475247787267688,4.001275249953695,-0.5260274626860069,3.977104601481053,"sa918377"
"Joe Navilhon","DET","AA",24,37,11.18918918918919,2.189189189189189,5.11111111,1.4594594594594594,0.28930818,0.05660377,0.2327044,0.26174497,1.2972972972972974,0.34020619,0.64039409,3.891891891891892,3.7613928034498887,0.13049908844200342,3.0034146186467767,"sa918459"
"Corbin Clouse","ATL","AA",23,49,11.938775510204081,3.857142857142857,3.0952381,0,0.32019704,0.10344828,0.21674877,0.2122905,1.2040816326530612,0.33333333,0.82258065,1.836734693877551,2.1798640329010635,-0.3431293390235124,2.8897758707708245,"sa918605"
"Mike O'Reilly","STL","AA",23,66,5.863636363636363,3.409090909090909,1.72,1.3636363636363635,0.14827586,0.0862069,0.06206897,0.2661597,1.4393939393939394,0.28571429,0.62650602,5.318181818181818,5.345709651889223,-0.027527833707404525,5.561963679280245,"sa918643"
"Grant Gavin","KCR","AA",22,31,8.709677419354838,4.935483870967742,1.76470588,1.1612903225806452,0.2238806,0.12686567,0.09701493,0.23478261,1.4193548387096775,0.28395062,0.86633663,3.193548387096774,5.032415419240152,-1.8388670321433782,5.249528530047786,"sa918674"
"Brian Keller","NYY","AA",24,125,8.208,2.664,3.08108108,0.936,0.21673004,0.07034221,0.14638783,0.24896266,1.256,0.30140845,0.74759945,3.744,3.9129603710174563,-0.1689603710174561,3.937492835044861,"sa918951"
"Jeff Singer","PHI","AA",24,33.1,10.260001565551997,5.130000782775999,2,0.2700000411987368,0.27737226,0.13868613,0.13868613,0.17391304,1.1700001785278593,0.25,0.7635468,2.7000004119873675,3.4189603847503687,-0.7189599727630012,3.9947534110802523,"sa919323"
"Max Duval","MIA","AA",27,88,7.7727272727272725,3.0681818181818183,2.53333333,2.352272727272727,0.18491484,0.0729927,0.11192214,0.3002681,1.6136363636363635,0.32481752,0.5942275,7.159090909090909,6.329446593197909,0.8296443158929998,4.691405481641943,"sa920102"
"Anthony Shew","STL","AA",24,114,7.578947368421052,2.526315789473684,3,1.0263157894736843,0.19512195,0.06504065,0.1300813,0.28256071,1.4035087719298245,0.33430233,0.73924731,4.5,4.2763316614586016,0.22366833854139845,4.160222162044885,"sa921212"
"Ryan Atkinson","ARI","AA",25,109,10.155963302752294,4.7889908256880735,2.12068966,1.1559633027522935,0.26059322,0.12288136,0.13771187,0.24137931,1.4311926605504588,0.31226766,0.67867036,4.7889908256880735,4.592895300453956,0.19609552523411722,4.230593248682284,"sa921224"
"Elian Leyva","ATL","AA",29,60.1,8.801105714332683,2.535911815994163,3.47058824,0.2983425665875486,0.22605364,0.0651341,0.16091954,0.25311203,1.292817788546044,0.32777778,0.7544757,2.685083099287937,2.833150717244288,-0.1480676179563507,3.4437360920731006,"sa964182"
"Josh Tols","PHI","AA",28,33,11.454545454545455,4.909090909090909,2.33333333,0.8181818181818182,0.32061069,0.13740458,0.18320611,0.11818182,0.9393939393939394,0.15384615,0.73825503,3.272727272727273,3.8744149164720016,-0.6016876437447287,3.869982762047739,"sa971745"