"last_name, first_name","player_id","year","pa","bip","ba","est_ba","est_ba_minus_ba_diff","slg","est_slg","est_slg_minus_slg_diff","woba","est_woba","est_woba_minus_woba_diff","era","xera","era_minus_xera_diff"
"Webb, Logan","657277","2025","856","579",0.264,0.256,0.008000000000000007,0.386,0.396,-0.010000000000000009,0.303,0.304,-0.0010000000000000009,"3.22","3.62","-0.403"
"Crochet, Garrett","676979","2025","814","509",0.217,0.218,-0.0010000000000000009,0.353,0.361,-0.008000000000000007,0.27,0.275,-0.0050000000000000044,"2.59","2.93","-0.344"
"Gallen, Zac","668678","2025","813","568",0.239,0.254,-0.015000000000000013,0.426,0.453,-0.027000000000000024,0.315,0.332,-0.017000000000000015,"4.83","4.39","0.438"
"Sánchez, Cristopher","650911","2025","807","545",0.227,0.232,-0.0050000000000000044,0.321,0.352,-0.030999999999999972,0.264,0.279,-0.015000000000000013,"2.50","3.02","-0.525"
"Valdez, Framber","664285","2025","802","540",0.238,0.249,-0.01100000000000001,0.358,0.38,-0.02200000000000002,0.295,0.31,-0.015000000000000013,"3.66","3.77","-0.114"
"Fried, Max","608331","2025","801","551",0.223,0.241,-0.017999999999999988,0.334,0.371,-0.03699999999999998,0.272,0.295,-0.022999999999999965,"2.86","3.39","-0.533"
"Rodón, Carlos","607074","2025","789","504",0.188,0.215,-0.026999999999999996,0.321,0.359,-0.03799999999999998,0.266,0.292,-0.025999999999999968,"3.09","3.32","-0.233"
"Irvin, Jake","663623","2025","787","595",0.272,0.285,-0.012999999999999956,0.492,0.525,-0.03300000000000003,0.355,0.372,-0.017000000000000015,"5.70","5.71","-0.01"
"Gausman, Kevin","592332","2025","775","531",0.216,0.246,-0.03,0.358,0.414,-0.055999999999999994,0.273,0.307,-0.033999999999999975,"3.59","3.69","-0.099"
"Kikuchi, Yusei","579328","2025","772","521",0.261,0.26,0.0010000000000000009,0.419,0.442,-0.02300000000000002,0.327,0.337,-0.010000000000000009,"3.99","4.54","-0.553"
"Pfaadt, Brandon","694297","2025","767","570",0.279,0.298,-0.01899999999999996,0.469,0.513,-0.04400000000000004,0.339,0.365,-0.025999999999999968,"5.25","5.46","-0.213"
"Bibee, Tanner","676440","2025","762","536",0.246,0.235,0.01100000000000001,0.412,0.399,0.012999999999999956,0.313,0.305,0.008000000000000007,"4.25","3.64","0.605"
"Littell, Zack","641793","2025","759","587",0.244,0.267,-0.02300000000000002,0.445,0.477,-0.03199999999999997,0.311,0.335,-0.02400000000000002,"3.81","4.48","-0.671"
"Luzardo, Jesús","666200","2025","758","482",0.24,0.235,0.0050000000000000044,0.356,0.365,-0.009000000000000008,0.29,0.292,-0.0020000000000000018,"3.92","3.32","0.6"
"Ray, Robbie","592662","2025","755","492",0.221,0.229,-0.008000000000000007,0.383,0.396,-0.013000000000000012,0.299,0.308,-0.009000000000000008,"3.65","3.72","-0.067"
"Gray, Sonny","543243","2025","753","508",0.262,0.259,0.0030000000000000027,0.424,0.429,-0.0050000000000000044,0.314,0.314,0,"4.28","3.88","0.404"
"Keller, Mitch","656605","2025","749","537",0.249,0.268,-0.019000000000000017,0.405,0.436,-0.030999999999999972,0.313,0.332,-0.019000000000000017,"4.18","4.39","-0.205"
"Kelly, Merrill","518876","2025","748","531",0.226,0.257,-0.031,0.384,0.438,-0.05399999999999999,0.288,0.321,-0.03300000000000003,"3.52","4.07","-0.548"
"Skubal, Tarik","669373","2025","748","469",0.2,0.215,-0.014999999999999986,0.319,0.357,-0.03799999999999998,0.245,0.266,-0.02100000000000002,"2.21","2.73","-0.518"
"Alcantara, Sandy","645261","2025","745","536",0.247,0.271,-0.02400000000000002,0.404,0.445,-0.04099999999999998,0.311,0.339,-0.028000000000000025,"5.36","4.60","0.759"
"Castillo, Luis","622491","2025","745","530",0.244,0.255,-0.01100000000000001,0.402,0.431,-0.02899999999999997,0.304,0.322,-0.018000000000000016,"3.54","4.10","-0.563"
"Bassitt, Chris","605135","2025","736","505",0.261,0.26,0.0010000000000000009,0.415,0.416,-0.0010000000000000009,0.324,0.325,-0.0010000000000000009,"3.96","4.19","-0.227"
"Skenes, Paul","694973","2025","733","469",0.199,0.208,-0.00899999999999998,0.307,0.326,-0.019000000000000017,0.247,0.259,-0.01200000000000001,"1.97","2.59","-0.624"
"Woo, Bryan","693433","2025","731","493",0.2,0.224,-0.023999999999999994,0.353,0.386,-0.03300000000000003,0.259,0.283,-0.023999999999999966,"2.94","3.11","-0.169"
"Brown, Hunter","686613","2025","729","459",0.201,0.224,-0.022999999999999993,0.318,0.348,-0.02999999999999997,0.262,0.283,-0.020999999999999963,"2.43","3.11","-0.682"
"Parker, Mitchell","680730","2025","725","560",0.273,0.308,-0.034999999999999976,0.466,0.518,-0.05199999999999999,0.342,0.378,-0.035999999999999976,"5.68","5.94","-0.256"
"Soriano, José","667755","2025","724","488",0.249,0.254,-0.0050000000000000044,0.353,0.382,-0.029000000000000026,0.309,0.322,-0.013000000000000012,"4.26","4.10","0.16"
"Peralta, Freddy","642547","2025","723","443",0.193,0.215,-0.021999999999999992,0.327,0.376,-0.04899999999999999,0.27,0.298,-0.02799999999999997,"2.70","3.47","-0.77"
"Peterson, David","656849","2025","723","500",0.258,0.277,-0.019000000000000017,0.37,0.414,-0.043999999999999984,0.311,0.336,-0.025000000000000022,"4.21","4.51","-0.295"
"Cease, Dylan","656302","2025","722","429",0.239,0.222,0.016999999999999987,0.399,0.372,0.027000000000000024,0.313,0.298,0.015000000000000013,"4.55","3.47","1.084"
"Pivetta, Nick","601713","2025","721","478",0.195,0.237,-0.04199999999999998,0.33,0.437,-0.10699999999999998,0.256,0.318,-0.062,"2.87","3.99","-1.117"
"Boyd, Matthew","571510","2025","718","513",0.235,0.247,-0.01200000000000001,0.369,0.406,-0.03700000000000003,0.287,0.308,-0.02100000000000002,"3.21","3.72","-0.514"
"Wacha, Michael","608379","2025","716","540",0.252,0.265,-0.013000000000000012,0.383,0.433,-0.04999999999999999,0.299,0.324,-0.025000000000000022,"3.86","4.16","-0.303"
"Singer, Brady","663903","2025","716","479",0.238,0.253,-0.015000000000000013,0.404,0.424,-0.019999999999999962,0.313,0.329,-0.016000000000000014,"4.03","4.30","-0.269"
"Pallante, Andre","669467","2025","715","536",0.27,0.269,0.0010000000000000009,0.431,0.418,0.013000000000000012,0.334,0.331,0.0030000000000000027,"5.31","4.36","0.951"
"Springs, Jeffrey","605488","2025","713","518",0.236,0.257,-0.02100000000000002,0.422,0.439,-0.017000000000000015,0.309,0.327,-0.018000000000000016,"4.11","4.24","-0.135"
"Warren, Will","701542","2025","711","470",0.25,0.26,-0.010000000000000009,0.418,0.438,-0.020000000000000018,0.321,0.337,-0.016000000000000014,"4.43","4.54","-0.105"
"Baz, Shane","669358","2025","711","462",0.25,0.238,0.01200000000000001,0.433,0.393,0.03999999999999998,0.33,0.311,0.019000000000000017,"4.87","3.80","1.07"
"Freeland, Kyle","607536","2025","709","541",0.294,0.291,0.0030000000000000027,0.461,0.483,-0.021999999999999964,0.341,0.349,-0.007999999999999952,"4.98","4.92","0.06"
"Kremer, Dean","665152","2025","708","518",0.248,0.248,0,0.407,0.421,-0.014000000000000012,0.305,0.312,-0.007000000000000006,"4.19","3.83","0.364"
"Holmes, Clay","605280","2025","708","499",0.241,0.256,-0.015000000000000013,0.352,0.41,-0.057999999999999996,0.302,0.332,-0.030000000000000027,"3.53","4.39","-0.859"
"Severino, Luis","622663","2025","705","515",0.257,0.276,-0.019000000000000017,0.389,0.429,-0.03999999999999998,0.313,0.339,-0.026000000000000023,"4.54","4.60","-0.063"
"Williams, Gavin","668909","2025","704","445",0.211,0.239,-0.027999999999999997,0.364,0.416,-0.05199999999999999,0.299,0.328,-0.029000000000000026,"3.06","4.27","-1.21"
"Bello, Brayan","678394","2025","700","504",0.237,0.264,-0.027000000000000024,0.355,0.417,-0.062,0.297,0.333,-0.03600000000000003,"3.35","4.42","-1.072"
"Berríos, José","621244","2025","698","497",0.253,0.265,-0.01200000000000001,0.43,0.47,-0.03999999999999998,0.325,0.347,-0.021999999999999964,"4.17","4.85","-0.675"
"Hendricks, Kyle","543294","2025","695","533",0.262,0.257,0.0050000000000000044,0.447,0.424,0.02300000000000002,0.324,0.318,0.006000000000000005,"4.75","3.99","0.765"
"Rodriguez, Eduardo","593958","2025","694","489",0.286,0.268,0.01799999999999996,0.475,0.445,0.02999999999999997,0.353,0.337,0.01599999999999996,"5.01","4.54","0.475"
"Ryan, Joe","657746","2025","689","444",0.218,0.218,0,0.392,0.409,-0.01699999999999996,0.29,0.298,-0.008000000000000007,"3.42","3.47","-0.049"
"Yamamoto, Yoshinobu","808967","2025","684","421",0.183,0.207,-0.023999999999999994,0.283,0.315,-0.03200000000000003,0.244,0.266,-0.02200000000000002,"2.49","2.73","-0.242"
"Abbott, Andrew","671096","2025","684","489",0.235,0.241,-0.006000000000000005,0.374,0.396,-0.02200000000000002,0.288,0.302,-0.014000000000000012,"2.87","3.57","-0.702"
"Martinez, Nick","607259","2025","683","519",0.254,0.265,-0.01100000000000001,0.435,0.417,0.018000000000000016,0.317,0.318,-0.0010000000000000009,"4.46","3.99","0.465"
"Flaherty, Jack","656427","2025","681","429",0.239,0.242,-0.0030000000000000027,0.406,0.422,-0.01599999999999996,0.313,0.32,-0.007000000000000006,"4.64","4.04","0.6"
"Gore, MacKenzie","669022","2025","679","426",0.252,0.248,0.0040000000000000036,0.402,0.424,-0.021999999999999964,0.318,0.328,-0.010000000000000009,"4.17","4.27","-0.099"
"Pepiot, Ryan","686752","2025","679","445",0.221,0.235,-0.013999999999999985,0.404,0.412,-0.007999999999999952,0.306,0.318,-0.01200000000000001,"3.87","3.99","-0.125"
"Elder, Bryce","693821","2025","679","491",0.271,0.273,-0.0020000000000000018,0.446,0.456,-0.010000000000000009,0.336,0.341,-0.0050000000000000044,"5.30","4.66","0.636"
"Allen, Logan","671106","2025","676","485",0.262,0.257,0.0050000000000000044,0.403,0.434,-0.030999999999999972,0.323,0.335,-0.01200000000000001,"4.25","4.48","-0.229"
"Sugano, Tomoyuki","608372","2025","675","525",0.276,0.303,-0.02699999999999997,0.478,0.549,-0.07100000000000006,0.342,0.381,-0.03899999999999998,"4.64","6.05","-1.407"
"Paddack, Chris","663978","2025","670","518",0.268,0.285,-0.01699999999999996,0.483,0.498,-0.015000000000000013,0.336,0.354,-0.01799999999999996,"5.35","5.08","0.274"
"Mikolas, Miles","571945","2025","669","529",0.272,0.285,-0.012999999999999956,0.492,0.533,-0.041000000000000036,0.342,0.365,-0.022999999999999965,"4.84","5.46","-0.624"
"deGrom, Jacob","594798","2025","669","444",0.196,0.23,-0.034,0.354,0.402,-0.04800000000000004,0.259,0.294,-0.034999999999999976,"2.97","3.37","-0.399"
"Corbin, Patrick","571578","2025","663","478",0.267,0.276,-0.009000000000000008,0.43,0.449,-0.019000000000000017,0.328,0.343,-0.015000000000000013,"4.40","4.73","-0.327"
"Verlander, Justin","434378","2025","662","467",0.261,0.26,0.0010000000000000009,0.413,0.429,-0.016000000000000014,0.32,0.326,-0.006000000000000005,"3.85","4.21","-0.361"
"Rea, Colin","607067","2025","662","485",0.258,0.275,-0.017000000000000015,0.413,0.455,-0.04200000000000004,0.314,0.341,-0.027000000000000024,"3.95","4.66","-0.706"
"Morton, Charlie","450203","2025","654","417",0.273,0.255,0.018000000000000016,0.463,0.42,0.04300000000000004,0.36,0.34,0.019999999999999962,"5.83","4.63","1.201"
"Priester, Quinn","682990","2025","653","465",0.245,0.245,0,0.4,0.38,0.020000000000000018,0.31,0.304,0.006000000000000005,"3.32","3.62","-0.302"
"Suárez, Ranger","624133","2025","651","456",0.256,0.233,0.022999999999999993,0.374,0.362,0.01200000000000001,0.298,0.285,0.013000000000000012,"3.20","3.15","0.053"
"Liberatore, Matthew","669461","2025","648","482",0.266,0.281,-0.015000000000000013,0.423,0.478,-0.05499999999999999,0.318,0.348,-0.02999999999999997,"4.21","4.89","-0.677"
"Leiter, Jack","683004","2025","646","426",0.222,0.247,-0.024999999999999994,0.361,0.444,-0.08300000000000002,0.298,0.337,-0.039000000000000035,"3.86","4.54","-0.683"
"Lodolo, Nick","666157","2025","642","442",0.233,0.235,-0.001999999999999974,0.387,0.4,-0.013000000000000012,0.293,0.299,-0.006000000000000005,"3.33","3.49","-0.158"
"Mize, Casey","663554","2025","627","449",0.263,0.247,0.016000000000000014,0.437,0.423,0.014000000000000012,0.319,0.307,0.01200000000000001,"3.87","3.69","0.176"
"Ober, Bailey","641927","2025","624","468",0.275,0.26,0.015000000000000013,0.494,0.479,0.015000000000000013,0.344,0.334,0.009999999999999953,"5.11","4.45","0.655"
"Fedde, Erick","607200","2025","623","470",0.269,0.285,-0.01599999999999996,0.44,0.47,-0.02999999999999997,0.344,0.363,-0.019000000000000017,"5.49","5.39","0.099"
"Nelson, Ryne","669194","2025","619","442",0.217,0.254,-0.037000000000000005,0.381,0.422,-0.04099999999999998,0.284,0.316,-0.03200000000000003,"3.39","3.93","-0.54"
"Senzatela, Antonio","622608","2025","618","489",0.347,0.331,0.01599999999999996,0.547,0.559,-0.01200000000000001,0.406,0.405,0.0010000000000000009,"6.65","7.04","-0.394"
"Smith, Shane","681343","2025","616","401",0.216,0.238,-0.021999999999999992,0.363,0.397,-0.03400000000000003,0.296,0.319,-0.02300000000000002,"3.81","4.02","-0.207"
"Giolito, Lucas","608337","2025","613","433",0.239,0.274,-0.03500000000000003,0.377,0.477,-0.09999999999999998,0.301,0.353,-0.05199999999999999,"3.41","5.05","-1.636"
"Lugo, Seth","607625","2025","611","425",0.244,0.268,-0.02400000000000002,0.438,0.5,-0.062,0.329,0.36,-0.030999999999999972,"4.15","5.29","-1.141"
"Lorenzen, Michael","547179","2025","606","434",0.268,0.27,-0.0020000000000000018,0.47,0.47,0,0.339,0.342,-0.0030000000000000027,"4.64","4.70","-0.062"
"Bradley, Taj","671737","2025","605","418",0.243,0.244,-0.0010000000000000009,0.403,0.41,-0.006999999999999951,0.314,0.318,-0.0040000000000000036,"5.05","3.99","1.057"
"Martin, Davis","663436","2025","601","442",0.251,0.285,-0.033999999999999975,0.427,0.483,-0.055999999999999994,0.322,0.36,-0.03799999999999998,"4.10","5.29","-1.19"
"Anderson, Tyler","542881","2025","599","435",0.253,0.263,-0.010000000000000009,0.477,0.497,-0.020000000000000018,0.341,0.355,-0.013999999999999957,"4.55","5.12","-0.565"
"Burke, Sean","680732","2025","596","393",0.251,0.259,-0.008000000000000007,0.444,0.479,-0.034999999999999976,0.34,0.356,-0.01599999999999996,"4.22","5.15","-0.929"
"Márquez, Germán","608566","2025","591","452",0.317,0.298,0.019000000000000017,0.545,0.516,0.029000000000000026,0.393,0.375,0.018000000000000016,"6.70","5.82","0.877"
"Rasmussen, Drew","656876","2025","585","416",0.214,0.243,-0.028999999999999998,0.34,0.384,-0.043999999999999984,0.269,0.297,-0.02799999999999997,"2.76","3.44","-0.68"
"Wheeler, Zack","554430","2025","585","349",0.197,0.195,0.0020000000000000018,0.349,0.322,0.02699999999999997,0.263,0.253,0.010000000000000009,"2.71","2.47","0.236"
"May, Dustin","669160","2025","584","393",0.259,0.271,-0.01200000000000001,0.447,0.466,-0.019000000000000017,0.342,0.359,-0.01699999999999996,"4.96","5.25","-0.285"
"Sears, JP","676664","2025","583","424",0.268,0.252,0.016000000000000014,0.507,0.462,0.044999999999999984,0.352,0.329,0.022999999999999965,"5.04","4.30","0.742"
"Cabrera, Edward","665795","2025","581","373",0.233,0.248,-0.014999999999999986,0.378,0.401,-0.02300000000000002,0.303,0.318,-0.015000000000000013,"3.53","3.99","-0.46"
"Vásquez, Randy","681190","2025","570","433",0.247,0.28,-0.03300000000000003,0.383,0.498,-0.11499999999999999,0.311,0.366,-0.05499999999999999,"3.84","5.50","-1.662"
"Imanaga, Shota","684007","2025","567","423",0.218,0.246,-0.027999999999999997,0.432,0.487,-0.05499999999999999,0.293,0.326,-0.03300000000000003,"3.73","4.21","-0.477"
"Buehler, Walker","621111","2025","564","400",0.265,0.279,-0.014000000000000012,0.437,0.469,-0.03199999999999997,0.348,0.366,-0.018000000000000016,"4.93","5.50","-0.571"
"Cameron, Noah","702070","2025","556","396",0.214,0.25,-0.036000000000000004,0.361,0.417,-0.055999999999999994,0.281,0.317,-0.035999999999999976,"2.99","3.96","-0.967"
"Quintana, Jose","500779","2025","556","412",0.241,0.28,-0.039000000000000035,0.382,0.473,-0.09099999999999997,0.308,0.357,-0.04899999999999999,"3.96","5.18","-1.215"
"Lord, Brad","695418","2025","546","392",0.255,0.278,-0.02300000000000002,0.415,0.447,-0.03200000000000003,0.319,0.342,-0.02300000000000002,"4.34","4.70","-0.361"
"Cecconi, Slade","677944","2025","545","401",0.247,0.282,-0.034999999999999976,0.451,0.512,-0.061,0.319,0.358,-0.03899999999999998,"4.29","5.22","-0.925"
"Strider, Spencer","675911","2025","539","349",0.261,0.263,-0.0020000000000000018,0.453,0.467,-0.014000000000000012,0.344,0.349,-0.0050000000000000044,"4.45","4.92","-0.468"
"Walker, Taijuan","592836","2025","538","406",0.27,0.268,0.0020000000000000018,0.444,0.446,-0.0020000000000000018,0.337,0.337,0,"4.08","4.54","-0.465"
"Heaney, Andrew","571760","2025","536","401",0.269,0.292,-0.022999999999999965,0.501,0.504,-0.0030000000000000027,0.357,0.369,-0.01200000000000001,"5.52","5.60","-0.082"
"Gilbert, Logan","669302","2025","535","324",0.211,0.212,-0.0010000000000000009,0.377,0.373,0.0040000000000000036,0.28,0.279,0.0010000000000000009,"3.44","3.02","0.415"
"Kirby, George","669923","2025","524","351",0.252,0.257,-0.0050000000000000044,0.392,0.408,-0.01599999999999996,0.3,0.313,-0.013000000000000012,"4.21","3.85","0.364"
"Taillon, Jameson","592791","2025","519","394",0.225,0.25,-0.024999999999999994,0.427,0.438,-0.01100000000000001,0.297,0.314,-0.017000000000000015,"3.68","3.88","-0.201"
"Houser, Adrian","605288","2025","518","380",0.261,0.266,-0.0050000000000000044,0.385,0.399,-0.014000000000000012,0.312,0.321,-0.009000000000000008,"3.31","4.07","-0.758"
"Falter, Bailey","663559","2025","518","390",0.248,0.272,-0.02400000000000002,0.433,0.474,-0.04099999999999998,0.324,0.348,-0.023999999999999966,"4.45","4.89","-0.438"
"Quantrill, Cal","615698","2025","513","388",0.288,0.295,-0.007000000000000006,0.515,0.538,-0.02300000000000002,0.367,0.379,-0.01200000000000001,"6.04","5.97","0.072"
"Kochanowicz, Jack","686799","2025","512","375",0.309,0.294,0.015000000000000013,0.489,0.477,0.01200000000000001,0.379,0.375,0.0040000000000000036,"6.81","5.82","0.991"
"Sale, Chris","519242","2025","510","302",0.22,0.211,0.009000000000000008,0.341,0.327,0.014000000000000012,0.278,0.269,0.009000000000000008,"2.58","2.80","-0.222"
"Patrick, Chad","694477","2025","503","332",0.248,0.249,-0.0010000000000000009,0.387,0.409,-0.021999999999999964,0.307,0.315,-0.008000000000000007,"3.54","3.91","-0.375"
"Eovaldi, Nathan","543135","2025","496","338",0.194,0.226,-0.032,0.307,0.373,-0.066,0.24,0.28,-0.040000000000000036,"1.73","3.04","-1.309"
"Holmes, Grant","656550","2025","492","308",0.235,0.246,-0.01100000000000001,0.387,0.419,-0.03199999999999997,0.316,0.333,-0.017000000000000015,"3.99","4.42","-0.429"
"Povich, Cade","700249","2025","488","326",0.285,0.279,0.00599999999999995,0.465,0.513,-0.04799999999999999,0.349,0.367,-0.018000000000000016,"5.21","5.53","-0.322"
"Senga, Kodai","673540","2025","482","313",0.224,0.232,-0.008000000000000007,0.395,0.382,0.013000000000000012,0.313,0.315,-0.0020000000000000018,"3.02","3.91","-0.892"
"Bubic, Kris","663460","2025","476","318",0.227,0.229,-0.0020000000000000018,0.332,0.342,-0.010000000000000009,0.277,0.284,-0.006999999999999951,"2.55","3.13","-0.577"
"Horton, Cade","690990","2025","476","339",0.219,0.246,-0.026999999999999996,0.333,0.421,-0.08799999999999997,0.273,0.316,-0.04299999999999998,"2.67","3.93","-1.261"
"Roupp, Landen","694738","2025","476","326",0.268,0.258,0.010000000000000009,0.4,0.418,-0.01799999999999996,0.325,0.327,-0.0020000000000000018,"3.80","4.24","-0.443"
"Brown, Ben","676962","2025","472","315",0.279,0.264,0.015000000000000013,0.467,0.467,0,0.345,0.339,0.00599999999999995,"5.92","4.60","1.325"
"Woods Richardson, Simeon","680573","2025","471","315",0.23,0.224,0.006000000000000005,0.395,0.416,-0.020999999999999963,0.308,0.313,-0.0050000000000000044,"4.04","3.85","0.192"
"Cannon, Jonathan","686563","2025","466","335",0.278,0.281,-0.0030000000000000027,0.494,0.495,-0.0010000000000000009,0.358,0.362,-0.0040000000000000036,"5.82","5.36","0.457"
"Kershaw, Clayton","477132","2025","463","342",0.243,0.256,-0.013000000000000012,0.362,0.386,-0.02400000000000002,0.292,0.309,-0.017000000000000015,"3.35","3.75","-0.395"
"Kolek, Stephen","663568","2025","461","346",0.235,0.268,-0.03300000000000003,0.341,0.414,-0.07299999999999995,0.28,0.327,-0.046999999999999986,"3.52","4.24","-0.725"
"Gusto, Ryan","687473","2025","453","315",0.28,0.258,0.02200000000000002,0.462,0.456,0.006000000000000005,0.348,0.338,0.009999999999999953,"5.67","4.57","1.096"
"Junk, Janson","676083","2025","447","353",0.266,0.287,-0.020999999999999963,0.397,0.462,-0.065,0.295,0.334,-0.039000000000000035,"4.17","4.45","-0.277"
"Wentz, Joey","666214","2025","442","306",0.28,0.267,0.013000000000000012,0.422,0.426,-0.0040000000000000036,0.334,0.335,-0.0010000000000000009,"5.60","4.48","1.122"
"Dollander, Chase","801403","2025","441","304",0.27,0.262,0.008000000000000007,0.454,0.464,-0.010000000000000009,0.354,0.358,-0.0040000000000000036,"6.52","5.22","1.3"
"Civale, Aaron","650644","2025","435","307",0.245,0.241,0.0040000000000000036,0.434,0.439,-0.0050000000000000044,0.323,0.324,-0.0010000000000000009,"4.85","4.16","0.693"
"Schwellenbach, Spencer","680885","2025","434","306",0.217,0.258,-0.04100000000000001,0.366,0.406,-0.040000000000000036,0.266,0.301,-0.034999999999999976,"3.09","3.54","-0.45"
"Lauer, Eric","641778","2025","426","296",0.227,0.248,-0.02099999999999999,0.407,0.425,-0.018000000000000016,0.295,0.312,-0.017000000000000015,"3.18","3.83","-0.648"
"Alexander, Tyler","641302","2025","423","308",0.277,0.286,-0.008999999999999952,0.407,0.447,-0.040000000000000036,0.318,0.337,-0.019000000000000017,"4.98","4.54","0.436"
"Rogers, Trevor","669432","2025","423","289",0.18,0.233,-0.05300000000000002,0.263,0.381,-0.118,0.226,0.293,-0.06699999999999998,"1.80","3.34","-1.535"
"Vasil, Mike","678024","2025","423","280",0.204,0.238,-0.034,0.312,0.38,-0.068,0.284,0.321,-0.03700000000000003,"2.50","4.07","-1.575"
"Greene, Hunter","668881","2025","420","260",0.192,0.212,-0.01999999999999999,0.368,0.387,-0.019000000000000017,0.267,0.282,-0.014999999999999958,"2.76","3.08","-0.321"
"Mlodzinski, Carmen","669387","2025","419","299",0.265,0.27,-0.0050000000000000044,0.39,0.412,-0.021999999999999964,0.312,0.322,-0.010000000000000009,"3.54","4.10","-0.555"
"Nola, Aaron","605400","2025","404","275",0.267,0.258,0.009000000000000008,0.48,0.438,0.04199999999999998,0.346,0.327,0.01899999999999996,"6.01","4.24","1.771"
"Burrows, Mike","681347","2025","402","269",0.243,0.256,-0.013000000000000012,0.392,0.436,-0.043999999999999984,0.305,0.329,-0.02400000000000002,"3.94","4.30","-0.362"
"Cantillo, Joey","676282","2025","401","251",0.218,0.237,-0.01899999999999999,0.353,0.379,-0.026000000000000023,0.289,0.306,-0.017000000000000015,"3.21","3.67","-0.46"
"McGreevy, Michael","700241","2025","400","319",0.268,0.288,-0.019999999999999962,0.426,0.472,-0.045999999999999985,0.318,0.345,-0.02699999999999997,"4.42","4.79","-0.368"
"Lopez, Jacob","682052","2025","399","241",0.23,0.218,0.01200000000000001,0.403,0.384,0.019000000000000017,0.317,0.305,0.01200000000000001,"4.08","3.64","0.439"
"Miller, Bryce","682243","2025","392","280",0.267,0.285,-0.01799999999999996,0.483,0.479,0.0040000000000000036,0.349,0.36,-0.01100000000000001,"5.68","5.29","0.389"
"Ginn, J.T.","669372","2025","392","256",0.26,0.235,0.025000000000000022,0.472,0.399,0.07299999999999995,0.344,0.308,0.035999999999999976,"5.08","3.72","1.361"
"Newcomb, Sean","656794","2025","391","263",0.269,0.255,0.014000000000000012,0.357,0.377,-0.020000000000000018,0.306,0.309,-0.0030000000000000027,"2.73","3.75","-1.021"
"Montero, Keider","672456","2025","389","284",0.268,0.268,0,0.445,0.459,-0.014000000000000012,0.337,0.341,-0.0040000000000000036,"4.37","4.66","-0.292"
"Hancock, Emerson","676106","2025","385","285",0.269,0.3,-0.030999999999999972,0.445,0.481,-0.035999999999999976,0.339,0.367,-0.02799999999999997,"4.90","5.53","-0.63"
"Pérez, Eury","691587","2025","385","245",0.195,0.211,-0.015999999999999986,0.358,0.379,-0.02100000000000002,0.275,0.29,-0.014999999999999958,"4.25","3.27","0.978"
"Ortiz, Luis L.","682847","2025","382","243",0.237,0.257,-0.020000000000000018,0.386,0.455,-0.069,0.312,0.345,-0.032999999999999974,"4.37","4.79","-0.425"
"Gordon, Colton","676467","2025","379","286",0.293,0.276,0.01699999999999996,0.543,0.48,0.06300000000000006,0.367,0.339,0.02799999999999997,"5.34","4.60","0.737"
"Soroka, Michael","647336","2025","379","240",0.216,0.215,0.0010000000000000009,0.374,0.355,0.019000000000000017,0.302,0.296,0.006000000000000005,"4.52","3.42","1.097"
"Spence, Mitch","687765","2025","375","278",0.281,0.295,-0.013999999999999957,0.48,0.517,-0.03700000000000003,0.35,0.37,-0.020000000000000018,"5.10","5.64","-0.538"
"Williams, Trevor","592866","2025","373","285",0.31,0.283,0.027000000000000024,0.477,0.439,0.03799999999999998,0.352,0.334,0.01799999999999996,"6.21","4.45","1.756"
"Glasnow, Tyler","607192","2025","366","214",0.177,0.209,-0.032,0.31,0.33,-0.020000000000000018,0.266,0.289,-0.022999999999999965,"3.19","3.25","-0.062"
"Leahy, Kyle","681517","2025","363","254",0.244,0.275,-0.031000000000000028,0.338,0.431,-0.09299999999999997,0.281,0.336,-0.05499999999999999,"3.07","4.51","-1.442"
"Bido, Osvaldo","674370","2025","363","254",0.297,0.264,0.032999999999999974,0.537,0.506,0.031000000000000028,0.384,0.365,0.019000000000000017,"5.87","5.46","0.414"
"Scherzer, Max","453286","2025","358","251",0.262,0.258,0.0040000000000000036,0.497,0.501,-0.0040000000000000036,0.346,0.345,0.0010000000000000009,"5.19","4.79","0.398"
"Matthews, Zebby","805673","2025","354","242",0.291,0.271,0.019999999999999962,0.449,0.457,-0.008000000000000007,0.338,0.34,-0.0020000000000000018,"5.56","4.63","0.929"
"Evans, Logan","688138","2025","350","256",0.262,0.281,-0.019000000000000017,0.447,0.475,-0.02799999999999997,0.339,0.357,-0.01799999999999996,"4.32","5.18","-0.864"
"Bellozo, Valente","678368","2025","348","266",0.269,0.271,-0.0020000000000000018,0.465,0.525,-0.06,0.339,0.361,-0.021999999999999964,"4.65","5.32","-0.672"
"Latz, Jacob","656641","2025","348","235",0.223,0.254,-0.031,0.355,0.409,-0.05399999999999999,0.29,0.323,-0.03300000000000003,"2.84","4.13","-1.293"
"Herget, Jimmy","623474","2025","347","233",0.233,0.227,0.006000000000000005,0.346,0.359,-0.013000000000000012,0.287,0.292,-0.0050000000000000044,"2.48","3.32","-0.836"
"Mahle, Tyler","641816","2025","346","251",0.218,0.265,-0.047000000000000014,0.31,0.432,-0.122,0.265,0.331,-0.066,"2.18","4.36","-2.179"
"Bivens, Spencer","702352","2025","343","252",0.269,0.255,0.014000000000000012,0.408,0.405,0.002999999999999947,0.322,0.321,0.0010000000000000009,"4.00","4.07","-0.07"
"Gordon, Tanner","685299","2025","337","255",0.304,0.304,0,0.532,0.537,-0.0050000000000000044,0.374,0.375,-0.0010000000000000009,"6.33","5.82","0.512"
"Alexander, Jason","669920","2025","336","242",0.262,0.279,-0.017000000000000015,0.469,0.451,0.01799999999999996,0.341,0.345,-0.003999999999999948,"4.77","4.79","-0.018"
"Casparius, Ben","676508","2025","333","238",0.254,0.244,0.010000000000000009,0.41,0.393,0.01699999999999996,0.312,0.302,0.010000000000000009,"4.63","3.57","1.065"
"Vargas, Carlos","672841","2025","331","247",0.273,0.255,0.018000000000000016,0.421,0.382,0.03899999999999998,0.327,0.306,0.02100000000000002,"3.97","3.67","0.304"
"Rutledge, Jackson","671131","2025","331","234",0.297,0.266,0.030999999999999972,0.515,0.464,0.05099999999999999,0.374,0.346,0.028000000000000025,"5.77","4.82","0.948"
"Canning, Griffin","656288","2025","327","223",0.24,0.261,-0.02100000000000002,0.363,0.445,-0.08200000000000002,0.303,0.341,-0.038000000000000034,"3.77","4.66","-0.887"
"Ferrer, Jose A.","678606","2025","324","230",0.276,0.26,0.016000000000000014,0.381,0.367,0.014000000000000012,0.31,0.302,0.008000000000000007,"4.48","3.57","0.91"
"Bergert, Ryan","686701","2025","323","214",0.215,0.242,-0.026999999999999996,0.352,0.416,-0.064,0.29,0.325,-0.03500000000000003,"3.65","4.19","-0.535"
"Uceta, Edwin","670955","2025","321","183",0.22,0.225,-0.0050000000000000044,0.39,0.403,-0.013000000000000012,0.3,0.313,-0.013000000000000012,"3.79","3.85","-0.061"
"Schmidt, Clarke","657376","2025","316","212",0.199,0.204,-0.004999999999999977,0.351,0.351,0,0.277,0.279,-0.0020000000000000018,"3.32","3.02","0.298"
"Hicks, Jordan","663855","2025","314","215",0.297,0.273,0.023999999999999966,0.442,0.391,0.05099999999999999,0.364,0.337,0.02699999999999997,"6.95","4.54","2.41"
"Phillips, Tyler","663969","2025","313","235",0.226,0.246,-0.01999999999999999,0.352,0.376,-0.02400000000000002,0.284,0.302,-0.018000000000000016,"2.78","3.57","-0.789"
"Peralta, Wandy","593974","2025","313","218",0.238,0.262,-0.02400000000000002,0.354,0.394,-0.040000000000000036,0.293,0.319,-0.026000000000000023,"3.14","4.02","-0.88"
"Bazardo, Eduard","660825","2025","313","202",0.189,0.216,-0.026999999999999996,0.311,0.374,-0.063,0.252,0.295,-0.04299999999999998,"2.52","3.39","-0.873"
"López, Pablo","641154","2025","312","215",0.225,0.256,-0.031,0.34,0.416,-0.07599999999999996,0.274,0.318,-0.043999999999999984,"2.74","3.99","-1.254"
"Holton, Tyler","663947","2025","312","231",0.226,0.259,-0.033,0.408,0.427,-0.019000000000000017,0.288,0.311,-0.02300000000000002,"3.66","3.80","-0.139"
"Eflin, Zach","621107","2025","309","244",0.304,0.274,0.02999999999999997,0.557,0.482,0.07500000000000007,0.378,0.336,0.04199999999999998,"5.93","4.51","1.42"
"Matz, Steven","571927","2025","309","237",0.249,0.24,0.009000000000000008,0.396,0.417,-0.020999999999999963,0.291,0.296,-0.0050000000000000044,"3.05","3.42","-0.368"
"King, Michael","650633","2025","308","202",0.224,0.241,-0.016999999999999987,0.397,0.438,-0.04099999999999998,0.305,0.328,-0.02300000000000002,"3.44","4.27","-0.834"
"Kinley, Tyler","641755","2025","308","199",0.196,0.223,-0.026999999999999996,0.304,0.355,-0.05099999999999999,0.263,0.293,-0.02999999999999997,"3.96","3.34","0.623"
"Dreyer, Jack","676263","2025","307","209",0.203,0.207,-0.003999999999999976,0.312,0.336,-0.02400000000000002,0.247,0.261,-0.014000000000000012,"2.95","2.63","0.318"
"Eisert, Brandon","685126","2025","306","202",0.276,0.248,0.028000000000000025,0.496,0.435,0.061,0.353,0.324,0.02899999999999997,"4.39","4.16","0.232"
"Megill, Tylor","656731","2025","305","176",0.23,0.225,0.0050000000000000044,0.345,0.36,-0.015000000000000013,0.303,0.313,-0.010000000000000009,"3.95","3.85","0.101"
"Schlittler, Cam","693645","2025","304","184",0.217,0.234,-0.017000000000000015,0.337,0.39,-0.05299999999999999,0.291,0.318,-0.027000000000000024,"2.96","3.99","-1.031"
"Estrada, Jeremiah","669093","2025","304","166",0.216,0.192,0.023999999999999994,0.39,0.338,0.05199999999999999,0.295,0.268,0.02699999999999997,"3.45","2.78","0.672"
"Barlow, Scott","605130","2025","303","177",0.2,0.233,-0.033,0.336,0.377,-0.04099999999999998,0.301,0.329,-0.028000000000000025,"4.21","4.30","-0.085"
"Henriquez, Ronny","678692","2025","303","174",0.199,0.192,0.007000000000000006,0.333,0.362,-0.02899999999999997,0.269,0.279,-0.010000000000000009,"2.22","3.02","-0.801"
"Santillan, Tony","663574","2025","301","191",0.2,0.255,-0.05499999999999999,0.336,0.421,-0.08499999999999996,0.28,0.333,-0.05299999999999999,"2.44","4.42","-1.977"
"Smith, Cade","671922","2025","300","173",0.201,0.206,-0.004999999999999977,0.328,0.305,0.02300000000000002,0.255,0.251,0.0040000000000000036,"2.93","2.43","0.502"
"Anderson, Grant","681982","2025","299","194",0.223,0.248,-0.024999999999999994,0.352,0.373,-0.02100000000000002,0.287,0.306,-0.019000000000000017,"3.23","3.67","-0.44"
"Sands, Cole","663485","2025","299","212",0.242,0.246,-0.0040000000000000036,0.39,0.415,-0.024999999999999967,0.296,0.315,-0.019000000000000017,"4.50","3.91","0.59"
"Rogers, Tyler","643511","2025","299","242",0.229,0.254,-0.024999999999999994,0.302,0.32,-0.018000000000000016,0.241,0.261,-0.020000000000000018,"1.98","2.63","-0.652"
"Rodríguez, Yariel","684320","2025","298","192",0.196,0.236,-0.03999999999999998,0.325,0.396,-0.07100000000000001,0.281,0.324,-0.04299999999999998,"3.08","4.16","-1.078"
"Birdsong, Hayden","806185","2025","298","188",0.242,0.234,0.00799999999999998,0.425,0.429,-0.0040000000000000036,0.338,0.34,-0.0020000000000000018,"4.80","4.63","0.167"
"Uribe, Abner","682842","2025","298","175",0.194,0.206,-0.011999999999999983,0.255,0.284,-0.02899999999999997,0.247,0.263,-0.016000000000000014,"1.67","2.67","-0.997"
"Darvish, Yu","506433","2025","296","203",0.245,0.227,0.017999999999999988,0.465,0.409,0.05600000000000005,0.334,0.305,0.029000000000000026,"5.38","3.64","1.735"
"Bachar, Lake","669199","2025","296","188",0.213,0.238,-0.024999999999999994,0.388,0.459,-0.07100000000000001,0.296,0.336,-0.040000000000000036,"3.93","4.51","-0.58"
"Varland, Louis","686973","2025","296","197",0.244,0.261,-0.017000000000000015,0.383,0.404,-0.02100000000000002,0.299,0.319,-0.020000000000000018,"2.97","4.02","-1.048"
"Abreu, Bryan","650556","2025","296","156",0.196,0.222,-0.025999999999999995,0.277,0.351,-0.07399999999999995,0.261,0.298,-0.03699999999999998,"2.28","3.47","-1.188"
"Little, Brendon","663893","2025","295","157",0.196,0.2,-0.0040000000000000036,0.273,0.29,-0.01699999999999996,0.273,0.289,-0.01599999999999996,"3.03","3.25","-0.221"
"Milner, Hoby","571948","2025","293","212",0.256,0.244,0.01200000000000001,0.38,0.414,-0.033999999999999975,0.298,0.311,-0.013000000000000012,"3.84","3.80","0.039"
"Whitlock, Garrett","676477","2025","293","173",0.206,0.209,-0.0030000000000000027,0.26,0.325,-0.065,0.247,0.27,-0.02300000000000002,"2.25","2.82","-0.57"
"Ashcraft, Braxton","677952","2025","292","195",0.239,0.242,-0.0030000000000000027,0.341,0.358,-0.01699999999999996,0.286,0.294,-0.008000000000000007,"2.71","3.37","-0.657"
"Sheehan, Emmet","686218","2025","291","178",0.185,0.214,-0.028999999999999998,0.317,0.355,-0.03799999999999998,0.251,0.279,-0.028000000000000025,"2.82","3.02","-0.197"
"Suter, Brent","608718","2025","291","218",0.257,0.258,-0.0010000000000000009,0.424,0.437,-0.013000000000000012,0.316,0.322,-0.006000000000000005,"4.52","4.10","0.422"
"Lynch IV, Daniel","663738","2025","289","212",0.26,0.259,0.0010000000000000009,0.402,0.425,-0.022999999999999965,0.327,0.335,-0.008000000000000007,"3.06","4.48","-1.421"
"Francis, Bowden","670102","2025","288","201",0.283,0.291,-0.008000000000000007,0.538,0.514,0.02400000000000002,0.382,0.383,-0.0010000000000000009,"6.05","6.13","-0.083"
"Duran, Jhoan","661395","2025","287","185",0.221,0.216,0.0050000000000000044,0.285,0.306,-0.02100000000000002,0.248,0.254,-0.006000000000000005,"2.06","2.49","-0.433"
"Hoffman, Jeff","656546","2025","287","172",0.213,0.211,0.0020000000000000018,0.447,0.431,0.016000000000000014,0.32,0.315,0.0050000000000000044,"4.37","3.91","0.458"
"Rocker, Kumar","677958","2025","287","204",0.277,0.29,-0.012999999999999956,0.477,0.507,-0.030000000000000027,0.352,0.374,-0.02200000000000002,"5.74","5.79","-0.054"
"Morejon, Adrian","670970","2025","286","199",0.186,0.225,-0.03900000000000001,0.236,0.315,-0.07900000000000001,0.208,0.256,-0.048000000000000015,"2.08","2.53","-0.453"
"Meyer, Max","676974","2025","285","195",0.276,0.27,0.006000000000000005,0.46,0.468,-0.008000000000000007,0.341,0.348,-0.006999999999999951,"4.73","4.89","-0.158"
"Olson, Reese","681857","2025","285","190",0.228,0.252,-0.023999999999999994,0.335,0.395,-0.06,0.287,0.318,-0.031000000000000028,"3.15","3.99","-0.844"
"Ashcraft, Graham","668933","2025","284","195",0.268,0.251,0.017000000000000015,0.362,0.345,0.017000000000000015,0.309,0.296,0.013000000000000012,"4.00","3.42","0.575"
"Buttó, José","676130","2025","284","191",0.256,0.257,-0.0010000000000000009,0.388,0.43,-0.04199999999999998,0.318,0.336,-0.018000000000000016,"3.90","4.51","-0.614"
"Vest, Will","676684","2025","284","186",0.236,0.224,0.011999999999999983,0.328,0.324,0.0040000000000000036,0.277,0.272,0.0050000000000000044,"3.02","2.86","0.155"
"Armstrong, Shawn","542888","2025","284","184",0.157,0.206,-0.04899999999999999,0.264,0.343,-0.07900000000000001,0.224,0.275,-0.05100000000000002,"2.31","2.93","-0.619"
"Jax, Griffin","643377","2025","283","161",0.249,0.234,0.014999999999999986,0.385,0.363,0.02200000000000002,0.299,0.286,0.013000000000000012,"4.23","3.18","1.047"
"De Los Santos, Enyel","660853","2025","280","192",0.242,0.253,-0.01100000000000001,0.397,0.419,-0.021999999999999964,0.308,0.321,-0.013000000000000012,"4.36","4.07","0.294"
"Wrobleski, Justin","680736","2025","280","184",0.255,0.248,0.007000000000000006,0.38,0.366,0.014000000000000012,0.299,0.293,0.006000000000000005,"4.32","3.34","0.98"
"Soto, Gregory","642397","2025","279","174",0.257,0.244,0.013000000000000012,0.344,0.354,-0.010000000000000009,0.312,0.311,0.0010000000000000009,"4.18","3.80","0.377"
"Weissert, Greg","669711","2025","278","197",0.227,0.227,0,0.355,0.38,-0.025000000000000022,0.284,0.295,-0.01100000000000001,"2.82","3.39","-0.569"
"Doval, Camilo","666808","2025","278","168",0.214,0.226,-0.01200000000000001,0.303,0.341,-0.038000000000000034,0.285,0.302,-0.017000000000000015,"3.58","3.57","0.012"
"Harris, Hogan","663687","2025","277","178",0.226,0.245,-0.01899999999999999,0.339,0.357,-0.01799999999999996,0.289,0.308,-0.019000000000000017,"3.20","3.72","-0.519"
"Gómez, Yoendrys","672782","2025","277","187",0.247,0.26,-0.013000000000000012,0.44,0.484,-0.043999999999999984,0.335,0.356,-0.020999999999999963,"5.17","5.15","0.02"
"Hurter, Brant","676428","2025","277","171",0.242,0.231,0.010999999999999982,0.326,0.331,-0.0050000000000000044,0.303,0.3,0.0030000000000000027,"2.43","3.52","-1.091"
"Okert, Steven","595345","2025","276","171",0.181,0.19,-0.009000000000000008,0.286,0.326,-0.040000000000000036,0.233,0.255,-0.021999999999999992,"3.01","2.51","0.504"
"Keller, Brad","641745","2025","276","173",0.182,0.204,-0.021999999999999992,0.247,0.308,-0.061,0.238,0.268,-0.030000000000000027,"2.07","2.78","-0.713"
"Blalock, Bradley","687134","2025","275","222",0.35,0.332,0.01799999999999996,0.597,0.601,-0.0040000000000000036,0.423,0.418,0.0050000000000000044,"9.36","7.63","1.728"
"Chivilli, Angel","683409","2025","275","203",0.309,0.282,0.027000000000000024,0.516,0.493,0.02300000000000002,0.387,0.368,0.019000000000000017,"7.06","5.57","1.487"
"Zerpa, Angel","672582","2025","275","193",0.271,0.256,0.015000000000000013,0.425,0.415,0.010000000000000009,0.33,0.321,0.009000000000000008,"4.17","4.07","0.105"
"King, Bryan","687911","2025","275","191",0.233,0.229,0.0040000000000000036,0.376,0.371,0.0050000000000000044,0.282,0.281,0.0009999999999999454,"2.78","3.06","-0.281"
"McCullers Jr., Lance","621121","2025","274","166",0.269,0.255,0.014000000000000012,0.463,0.443,0.020000000000000018,0.376,0.364,0.01200000000000001,"6.51","5.43","1.076"
"Baker, Bryan","641329","2025","274","174",0.231,0.243,-0.011999999999999983,0.435,0.465,-0.030000000000000027,0.306,0.322,-0.016000000000000014,"4.06","4.10","-0.037"
"Gaddis, Hunter","683769","2025","274","179",0.234,0.234,0,0.383,0.394,-0.01100000000000001,0.293,0.305,-0.01200000000000001,"3.10","3.64","-0.535"
"Junis, Jakob","596001","2025","274","197",0.257,0.263,-0.006000000000000005,0.378,0.419,-0.04099999999999998,0.301,0.32,-0.019000000000000017,"2.97","4.04","-1.07"
"Gomber, Austin","596295","2025","272","220",0.325,0.292,0.03300000000000003,0.603,0.565,0.038000000000000034,0.411,0.382,0.02899999999999997,"7.49","6.09","1.401"
"Misiorowski, Jacob","694819","2025","272","152",0.213,0.207,0.006000000000000005,0.36,0.349,0.01100000000000001,0.298,0.292,0.006000000000000005,"4.36","3.32","1.044"
"Matsui, Yuki","673513","2025","272","177",0.227,0.238,-0.010999999999999982,0.416,0.417,-0.0010000000000000009,0.318,0.324,-0.006000000000000005,"3.98","4.16","-0.181"
"Ashby, Aaron","676879","2025","270","165",0.227,0.227,0,0.311,0.314,-0.0030000000000000027,0.279,0.282,-0.002999999999999947,"2.16","3.08","-0.92"
"Ferguson, Caleb","657571","2025","270","191",0.229,0.239,-0.009999999999999981,0.301,0.333,-0.03200000000000003,0.271,0.292,-0.020999999999999963,"3.58","3.32","0.262"
"Pagán, Emilio","641941","2025","270","165",0.168,0.188,-0.01999999999999999,0.336,0.356,-0.019999999999999962,0.254,0.273,-0.019000000000000017,"2.88","2.88","0.003"
"Adam, Jason","592094","2025","270","171",0.21,0.2,0.009999999999999981,0.282,0.315,-0.03300000000000003,0.256,0.263,-0.007000000000000006,"1.93","2.67","-0.741"
"Santana, Dennis","642701","2025","270","190",0.179,0.229,-0.05000000000000002,0.297,0.423,-0.126,0.236,0.305,-0.069,"2.17","3.64","-1.465"
"Estévez, Carlos","608032","2025","269","189",0.199,0.237,-0.03799999999999998,0.315,0.414,-0.09899999999999998,0.255,0.307,-0.05199999999999999,"2.46","3.69","-1.235"
"Hill, Tim","657612","2025","269","215",0.231,0.253,-0.021999999999999992,0.363,0.401,-0.038000000000000034,0.274,0.299,-0.024999999999999967,"3.09","3.49","-0.4"
"Leasure, Jordan","673929","2025","269","157",0.207,0.195,0.011999999999999983,0.426,0.353,0.07300000000000001,0.312,0.283,0.029000000000000026,"3.92","3.11","0.807"
"Banda, Anthony","607455","2025","269","171",0.197,0.217,-0.01999999999999999,0.354,0.37,-0.016000000000000014,0.285,0.304,-0.019000000000000017,"3.19","3.62","-0.435"
"Garcia, Robert","676395","2025","269","178",0.24,0.243,-0.0030000000000000027,0.372,0.409,-0.03699999999999998,0.295,0.31,-0.015000000000000013,"2.95","3.77","-0.817"
"Suarez, Robert","663158","2025","269","176",0.189,0.246,-0.056999999999999995,0.293,0.414,-0.121,0.235,0.306,-0.07100000000000001,"2.97","3.67","-0.699"
"Koenig, Jared","657649","2025","268","176",0.237,0.202,0.034999999999999976,0.365,0.326,0.03899999999999998,0.294,0.266,0.02799999999999997,"2.86","2.73","0.134"
"Akin, Keegan","669211","2025","268","175",0.233,0.246,-0.012999999999999984,0.401,0.451,-0.04999999999999999,0.318,0.34,-0.02200000000000002,"3.41","4.63","-1.219"
"Topa, Justin","623437","2025","268","197",0.281,0.29,-0.008999999999999952,0.376,0.405,-0.029000000000000026,0.311,0.33,-0.019000000000000017,"3.90","4.33","-0.43"
"Banks, Tanner","621383","2025","267","193",0.224,0.26,-0.036000000000000004,0.372,0.428,-0.055999999999999994,0.273,0.311,-0.03799999999999998,"3.07","3.80","-0.726"
"Webb, Jacob","657097","2025","267","188",0.202,0.222,-0.01999999999999999,0.358,0.363,-0.0050000000000000044,0.27,0.282,-0.011999999999999955,"3.00","3.08","-0.08"
"Iglesias, Raisel","628452","2025","267","175",0.206,0.221,-0.015000000000000013,0.352,0.389,-0.03700000000000003,0.266,0.286,-0.019999999999999962,"3.21","3.18","0.028"
"Kahnle, Tommy","592454","2025","267","185",0.217,0.253,-0.036000000000000004,0.37,0.429,-0.059,0.302,0.339,-0.03700000000000003,"4.43","4.60","-0.171"
"Walker, Ryan","676254","2025","266","180",0.254,0.252,0.0020000000000000018,0.373,0.37,0.0030000000000000027,0.306,0.305,0.0010000000000000009,"4.11","3.64","0.469"
"Allard, Kolby","663465","2025","266","209",0.261,0.247,0.014000000000000012,0.384,0.395,-0.01100000000000001,0.293,0.291,0.0020000000000000018,"2.63","3.29","-0.659"
"Kerkering, Orion","689147","2025","266","170",0.238,0.235,0.0030000000000000027,0.364,0.361,0.0030000000000000027,0.3,0.303,-0.0030000000000000027,"3.30","3.59","-0.29"
"Detmers, Reid","672282","2025","266","159",0.244,0.237,0.007000000000000006,0.357,0.366,-0.009000000000000008,0.295,0.3,-0.0050000000000000044,"3.96","3.52","0.438"
"Lee, Dylan","669276","2025","266","176",0.213,0.21,0.0030000000000000027,0.398,0.381,0.017000000000000015,0.279,0.274,0.0050000000000000044,"3.29","2.91","0.383"
"Sterner, Justin","686993","2025","266","167",0.201,0.211,-0.009999999999999981,0.35,0.382,-0.03200000000000003,0.278,0.294,-0.01599999999999996,"3.19","3.37","-0.185"
"Burnes, Corbin","669203","2025","265","173",0.21,0.234,-0.02400000000000002,0.356,0.39,-0.03400000000000003,0.288,0.31,-0.02200000000000002,"2.66","3.77","-1.112"
"Schreiber, John","670167","2025","265","183",0.234,0.254,-0.01999999999999999,0.414,0.43,-0.016000000000000014,0.305,0.32,-0.015000000000000013,"3.80","4.04","-0.243"
"Yarbrough, Ryan","642232","2025","264","188",0.24,0.262,-0.02200000000000002,0.438,0.427,0.01100000000000001,0.318,0.324,-0.006000000000000005,"4.36","4.16","0.199"
"Manaea, Sean","640455","2025","263","169",0.257,0.249,0.008000000000000007,0.473,0.431,0.04199999999999998,0.337,0.318,0.019000000000000017,"5.64","3.99","1.647"
"Weaver, Luke","596133","2025","262","168",0.195,0.2,-0.0050000000000000044,0.364,0.373,-0.009000000000000008,0.269,0.277,-0.008000000000000007,"3.62","2.97","0.649"
"Brazobán, Huascar","623211","2025","262","174",0.227,0.231,-0.0040000000000000036,0.347,0.368,-0.02100000000000002,0.294,0.315,-0.02100000000000002,"3.57","3.91","-0.339"
"Domínguez, Seranthony","622554","2025","261","144",0.198,0.204,-0.005999999999999978,0.302,0.302,0,0.28,0.286,-0.00599999999999995,"3.16","3.18","-0.02"
"Mejia, Juan","675848","2025","261","162",0.23,0.206,0.02400000000000002,0.385,0.305,0.08000000000000002,0.309,0.276,0.032999999999999974,"3.96","2.95","1.012"
"Hanifee, Brenan","669724","2025","260","204",0.267,0.284,-0.01699999999999996,0.379,0.429,-0.04999999999999999,0.299,0.326,-0.027000000000000024,"3.00","4.21","-1.21"
"Williams, Devin","642207","2025","259","140",0.197,0.198,-0.0010000000000000009,0.32,0.325,-0.0050000000000000044,0.271,0.28,-0.009000000000000008,"4.79","3.04","1.75"
"Díaz, Edwin","621242","2025","258","131",0.164,0.173,-0.00899999999999998,0.244,0.266,-0.02200000000000002,0.234,0.249,-0.014999999999999986,"1.63","2.39","-0.762"
"Woodruff, Brandon","605540","2025","257","156",0.188,0.177,0.01100000000000001,0.331,0.305,0.026000000000000023,0.252,0.238,0.014000000000000012,"3.20","2.19","1.011"
"Ragans, Cole","666142","2025","257","137",0.228,0.193,0.035,0.384,0.33,0.05399999999999999,0.295,0.261,0.033999999999999975,"4.67","2.63","2.04"
"Alcala, Jorge","660896","2025","257","165",0.299,0.249,0.04999999999999999,0.552,0.451,0.10100000000000003,0.393,0.341,0.05199999999999999,"6.22","4.66","1.558"
"Burke, Brock","656271","2025","257","184",0.254,0.259,-0.0050000000000000044,0.417,0.407,0.010000000000000009,0.308,0.312,-0.0040000000000000036,"3.36","3.83","-0.473"
"Zeferjahn, Ryan","666171","2025","256","145",0.227,0.223,0.0040000000000000036,0.431,0.409,0.02200000000000002,0.335,0.326,0.009000000000000008,"4.74","4.21","0.527"
"Young, Brandon","687064","2025","256","187",0.291,0.253,0.03799999999999998,0.522,0.457,0.065,0.372,0.333,0.03899999999999998,"6.24","4.42","1.823"
"Strahm, Matt","621381","2025","256","164",0.208,0.205,0.0030000000000000027,0.341,0.338,0.0030000000000000027,0.267,0.267,0,"2.74","2.75","-0.007"
"Dobbins, Hunter","690928","2025","256","192",0.257,0.25,0.007000000000000006,0.401,0.432,-0.030999999999999972,0.31,0.318,-0.008000000000000007,"4.13","3.99","0.141"
"Faucher, Calvin","676534","2025","255","169",0.236,0.27,-0.03400000000000003,0.369,0.403,-0.03400000000000003,0.302,0.33,-0.028000000000000025,"3.28","4.33","-1.048"
"Romero, JoJo","668941","2025","255","168",0.217,0.223,-0.006000000000000005,0.286,0.344,-0.057999999999999996,0.265,0.292,-0.02699999999999997,"2.07","3.32","-1.254"
"Stanek, Ryne","592773","2025","255","165",0.253,0.243,0.010000000000000009,0.403,0.42,-0.01699999999999996,0.33,0.333,-0.0030000000000000027,"5.30","4.42","0.884"
"Snell, Blake","605483","2025","254","156",0.23,0.231,-0.0010000000000000009,0.315,0.327,-0.01200000000000001,0.278,0.287,-0.008999999999999952,"2.35","3.20","-0.852"
"Muñoz, Andrés","662253","2025","254","138",0.167,0.202,-0.035,0.222,0.306,-0.08399999999999999,0.228,0.271,-0.04300000000000001,"1.73","2.84","-1.107"
"Montero, Rafael","606160","2025","253","158",0.195,0.21,-0.014999999999999986,0.316,0.337,-0.02100000000000002,0.283,0.3,-0.017000000000000015,"4.47","3.52","0.955"
"Helsley, Ryan","664854","2025","252","163",0.275,0.248,0.027000000000000024,0.437,0.402,0.034999999999999976,0.336,0.314,0.02200000000000002,"4.50","3.88","0.62"
"Cano, Yennier","666974","2025","251","170",0.284,0.239,0.044999999999999984,0.422,0.358,0.064,0.342,0.303,0.039000000000000035,"5.12","3.59","1.531"
"Bednar, David","670280","2025","251","145",0.2,0.213,-0.012999999999999984,0.304,0.352,-0.04799999999999999,0.249,0.273,-0.02400000000000002,"2.30","2.88","-0.582"
"Erceg, Lucas","668674","2025","249","179",0.238,0.254,-0.016000000000000014,0.339,0.393,-0.05399999999999999,0.283,0.309,-0.026000000000000023,"2.64","3.75","-1.109"
"Maton, Phil","664208","2025","249","137",0.196,0.198,-0.0020000000000000018,0.294,0.287,0.007000000000000006,0.266,0.267,-0.0010000000000000009,"2.79","2.75","0.038"
"Bird, Jake","656234","2025","248","154",0.276,0.243,0.03300000000000003,0.438,0.382,0.055999999999999994,0.34,0.311,0.029000000000000026,"5.53","3.80","1.73"
"Ferguson, Tyler","621053","2025","246","154",0.214,0.215,-0.0010000000000000009,0.328,0.344,-0.01599999999999996,0.296,0.305,-0.009000000000000008,"4.66","3.64","1.015"
"Ureña, José","570632","2025","245","185",0.263,0.303,-0.03999999999999998,0.452,0.563,-0.11099999999999993,0.342,0.401,-0.059,"4.58","6.86","-2.278"
"Gil, Luis","661563","2025","244","169",0.226,0.26,-0.034,0.365,0.423,-0.057999999999999996,0.311,0.345,-0.033999999999999975,"3.32","4.79","-1.474"
"Fairbanks, Pete","664126","2025","244","166",0.201,0.225,-0.023999999999999994,0.348,0.342,0.00599999999999995,0.269,0.278,-0.009000000000000008,"2.83","2.99","-0.156"
"Cleavinger, Garrett","664076","2025","243","136",0.184,0.211,-0.026999999999999996,0.341,0.338,0.0030000000000000027,0.271,0.284,-0.012999999999999956,"2.35","3.13","-0.782"
"Speier, Gabe","642100","2025","243","145",0.192,0.193,-0.0010000000000000009,0.326,0.318,0.008000000000000007,0.247,0.253,-0.006000000000000005,"2.61","2.47","0.143"
"Seymour, Ian","693855","2025","242","156",0.221,0.245,-0.023999999999999994,0.327,0.391,-0.064,0.274,0.314,-0.03999999999999998,"3.63","3.88","-0.248"
"Henry, Cole","669371","2025","241","146",0.219,0.22,-0.0010000000000000009,0.367,0.382,-0.015000000000000013,0.328,0.335,-0.007000000000000006,"4.27","4.48","-0.208"
"Wilson, Steven","621051","2025","241","165",0.239,0.242,-0.0030000000000000027,0.373,0.387,-0.014000000000000012,0.296,0.306,-0.010000000000000009,"3.42","3.67","-0.254"
"Johnson, Pierce","572955","2025","238","159",0.242,0.235,0.007000000000000006,0.4,0.4,0,0.302,0.302,0,"3.05","3.57","-0.519"
"Garrett, Reed","657585","2025","238","147",0.223,0.233,-0.010000000000000009,0.351,0.348,0.0030000000000000027,0.292,0.296,-0.0040000000000000036,"3.90","3.42","0.484"
"Scott, Tanner","656945","2025","237","156",0.254,0.257,-0.0030000000000000027,0.46,0.435,0.025000000000000022,0.332,0.327,0.0050000000000000044,"4.74","4.24","0.497"
"Vesia, Alex","681911","2025","237","130",0.181,0.192,-0.01100000000000001,0.348,0.361,-0.013000000000000012,0.269,0.282,-0.012999999999999956,"3.02","3.08","-0.063"
"Bummer, Aaron","607481","2025","236","156",0.25,0.273,-0.02300000000000002,0.373,0.379,-0.006000000000000005,0.31,0.323,-0.013000000000000012,"3.81","4.13","-0.32"
"Svanson, Matt","694335","2025","234","142",0.16,0.212,-0.05199999999999999,0.248,0.348,-0.09999999999999998,0.225,0.283,-0.05799999999999997,"1.94","3.11","-1.171"
"Jansen, Kenley","445276","2025","234","157",0.175,0.223,-0.048000000000000015,0.321,0.439,-0.118,0.246,0.31,-0.064,"2.59","3.77","-1.177"
"Miller, Mason","695243","2025","234","101",0.139,0.163,-0.023999999999999994,0.248,0.289,-0.04099999999999998,0.225,0.255,-0.03,"2.63","2.51","0.117"
"García, Luis","472610","2025","233","159",0.271,0.276,-0.0050000000000000044,0.394,0.439,-0.044999999999999984,0.32,0.34,-0.020000000000000018,"3.42","4.63","-1.214"
"Beck, Tristan","663941","2025","232","173",0.223,0.268,-0.04500000000000001,0.379,0.445,-0.066,0.286,0.335,-0.049000000000000044,"4.61","4.48","0.126"
"Beeks, Jalen","656222","2025","231","162",0.202,0.245,-0.04299999999999998,0.341,0.405,-0.064,0.271,0.313,-0.04199999999999998,"3.77","3.85","-0.083"
"Gibson, Cade","806188","2025","230","160",0.219,0.253,-0.034,0.318,0.362,-0.043999999999999984,0.279,0.313,-0.033999999999999975,"2.63","3.85","-1.216"
"Finnegan, Kyle","640448","2025","229","154",0.221,0.234,-0.013000000000000012,0.348,0.348,0,0.273,0.286,-0.012999999999999956,"3.47","3.18","0.294"
"Waldrep, Hurston","694462","2025","229","149",0.222,0.257,-0.035,0.305,0.366,-0.061,0.276,0.315,-0.03899999999999998,"2.88","3.91","-1.034"
"Festa, David","701581","2025","229","153",0.24,0.254,-0.014000000000000012,0.422,0.487,-0.065,0.322,0.351,-0.02899999999999997,"5.40","4.98","0.42"
"Pérez, Martín","527048","2025","228","160",0.198,0.259,-0.061,0.347,0.498,-0.15100000000000002,0.278,0.361,-0.08299999999999996,"3.54","5.32","-1.784"
"Chapman, Aroldis","547973","2025","228","128",0.132,0.182,-0.04999999999999999,0.198,0.287,-0.08899999999999997,0.177,0.233,-0.05600000000000002,"1.17","2.10","-0.926"
"Ross, Joe","605452","2025","228","168",0.282,0.299,-0.017000000000000015,0.495,0.538,-0.04300000000000004,0.356,0.386,-0.030000000000000027,"5.12","6.25","-1.132"
"Festa, Matt","670036","2025","226","150",0.221,0.238,-0.016999999999999987,0.322,0.35,-0.02799999999999997,0.268,0.297,-0.02899999999999997,"4.12","3.44","0.676"
"Boyle, Joe","671212","2025","226","137",0.221,0.224,-0.0030000000000000027,0.374,0.38,-0.006000000000000005,0.312,0.315,-0.0030000000000000027,"4.67","3.91","0.763"
"Bernardino, Brennan","657514","2025","225","151",0.205,0.219,-0.014000000000000012,0.263,0.339,-0.07600000000000001,0.256,0.297,-0.04099999999999998,"3.13","3.44","-0.305"
"Wilson, Bryse","669060","2025","224","174",0.335,0.342,-0.007000000000000006,0.57,0.588,-0.018000000000000016,0.41,0.429,-0.019000000000000017,"6.66","8.16","-1.505"
"Mears, Nick","683232","2025","222","161",0.213,0.271,-0.058000000000000024,0.371,0.48,-0.10899999999999999,0.266,0.335,-0.069,"3.49","4.48","-0.986"
"King, John","667463","2025","222","180",0.316,0.299,0.017000000000000015,0.466,0.456,0.010000000000000009,0.357,0.346,0.01100000000000001,"4.66","4.82","-0.165"
"Rogers, Taylor","573124","2025","221","142",0.247,0.245,0.0020000000000000018,0.437,0.422,0.015000000000000013,0.329,0.326,0.0030000000000000027,"3.38","4.21","-0.835"
"Myers, Tobias","668964","2025","220","165",0.269,0.271,-0.0020000000000000018,0.398,0.435,-0.03699999999999998,0.315,0.33,-0.015000000000000013,"3.55","4.33","-0.777"
"Thielbar, Caleb","573204","2025","220","151",0.186,0.204,-0.017999999999999988,0.314,0.327,-0.013000000000000012,0.236,0.251,-0.015000000000000013,"2.64","2.43","0.208"
"Jackson, Luke","592426","2025","219","150",0.225,0.248,-0.022999999999999993,0.313,0.406,-0.09300000000000003,0.286,0.328,-0.04200000000000004,"4.06","4.27","-0.211"
"Cavalli, Cade","676917","2025","219","158",0.289,0.267,0.021999999999999964,0.447,0.406,0.04099999999999998,0.347,0.324,0.022999999999999965,"4.25","4.16","0.093"
"Legumina, Casey","668984","2025","219","137",0.247,0.222,0.024999999999999994,0.405,0.38,0.025000000000000022,0.325,0.306,0.019000000000000017,"5.62","3.67","1.947"
"Leiter Jr., Mark","643410","2025","219","144",0.289,0.241,0.04799999999999999,0.426,0.373,0.05299999999999999,0.343,0.306,0.03700000000000003,"4.84","3.67","1.171"
"Jobe, Jackson","695549","2025","218","150",0.249,0.25,-0.0010000000000000009,0.422,0.451,-0.029000000000000026,0.337,0.347,-0.009999999999999953,"4.22","4.85","-0.626"
"Gilbert, Tyler","656457","2025","215","140",0.215,0.231,-0.016000000000000014,0.355,0.419,-0.064,0.291,0.323,-0.03200000000000003,"3.88","4.13","-0.248"
"Vodnik, Victor","680767","2025","215","140",0.239,0.24,-0.0010000000000000009,0.372,0.405,-0.03300000000000003,0.308,0.323,-0.015000000000000013,"3.02","4.13","-1.11"
"Palencia, Daniel","694037","2025","215","136",0.224,0.235,-0.010999999999999982,0.362,0.371,-0.009000000000000008,0.284,0.292,-0.008000000000000007,"2.90","3.32","-0.415"
"Fluharty, Mason","689254","2025","215","133",0.193,0.209,-0.015999999999999986,0.332,0.353,-0.020999999999999963,0.271,0.287,-0.01599999999999996,"4.44","3.20","1.243"
"Walter, Brandon","687888","2025","212","153",0.225,0.245,-0.01999999999999999,0.422,0.404,0.01799999999999996,0.288,0.29,-0.0020000000000000018,"3.35","3.27","0.084"
"Carrasco, Carlos","471911","2025","212","161",0.316,0.298,0.018000000000000016,0.56,0.488,0.07200000000000006,0.393,0.368,0.025000000000000022,"7.09","5.57","1.525"
"Montgomery, Mason","682254","2025","209","118",0.277,0.249,0.028000000000000025,0.435,0.402,0.032999999999999974,0.354,0.332,0.021999999999999964,"5.67","4.39","1.284"
"Kittredge, Andrew","552640","2025","208","133",0.211,0.217,-0.006000000000000005,0.371,0.36,0.01100000000000001,0.266,0.267,-0.0010000000000000009,"3.40","2.75","0.646"
"Trivino, Lou","642152","2025","207","146",0.258,0.259,-0.0010000000000000009,0.399,0.454,-0.05499999999999999,0.323,0.353,-0.02999999999999997,"3.96","5.05","-1.085"
"Wilson, Justin","458677","2025","207","128",0.262,0.246,0.016000000000000014,0.366,0.379,-0.013000000000000012,0.309,0.306,0.0030000000000000027,"3.35","3.67","-0.318"
"Hader, Josh","623352","2025","206","111",0.158,0.158,0,0.342,0.283,0.05900000000000005,0.249,0.23,0.01899999999999999,"2.05","2.05","0.001"
"Clarke, Taylor","664199","2025","206","152",0.194,0.249,-0.05499999999999999,0.357,0.436,-0.07900000000000001,0.256,0.31,-0.05399999999999999,"3.25","3.77","-0.517"
"Bender, Anthony","669622","2025","204","139",0.177,0.228,-0.05100000000000002,0.276,0.378,-0.10199999999999998,0.245,0.304,-0.059,"2.16","3.62","-1.46"
"Hernández, Carlos","672578","2025","203","140",0.286,0.283,0.0030000000000000027,0.4,0.487,-0.08699999999999997,0.338,0.369,-0.030999999999999972,"6.23","5.60","0.631"
"Houck, Tanner","656557","2025","203","149",0.318,0.3,0.018000000000000016,0.531,0.497,0.03400000000000003,0.395,0.38,0.015000000000000013,"8.04","6.01","2.028"
"Pomeranz, Drew","519141","2025","203","126",0.21,0.226,-0.016000000000000014,0.304,0.378,-0.07400000000000001,0.265,0.301,-0.035999999999999976,"2.17","3.54","-1.366"
"Fisher, Braydon","680755","2025","202","118",0.181,0.213,-0.032,0.282,0.361,-0.07900000000000001,0.248,0.291,-0.04299999999999998,"2.70","3.29","-0.59"
"Clase, Emmanuel","661403","2025","201","138",0.256,0.234,0.021999999999999992,0.344,0.345,-0.0010000000000000009,0.285,0.281,0.003999999999999948,"3.23","3.06","0.172"
"Cruz, Fernando","518585","2025","200","101",0.192,0.206,-0.013999999999999985,0.32,0.343,-0.02300000000000002,0.281,0.295,-0.013999999999999957,"3.56","3.39","0.173"
"Enns, Dietrich","608650","2025","200","136",0.273,0.256,0.017000000000000015,0.421,0.374,0.046999999999999986,0.318,0.294,0.02400000000000002,"4.08","3.37","0.709"
"O'Brien, Riley","676617","2025","199","125",0.196,0.24,-0.043999999999999984,0.274,0.312,-0.03799999999999998,0.27,0.302,-0.03199999999999997,"2.06","3.57","-1.507"
"Sousa, Bennett","656986","2025","199","125",0.204,0.207,-0.0030000000000000027,0.331,0.344,-0.012999999999999956,0.261,0.274,-0.013000000000000012,"2.84","2.91","-0.068"
"Morales, Luis","806960","2025","199","137",0.212,0.243,-0.031,0.397,0.45,-0.05299999999999999,0.297,0.33,-0.03300000000000003,"3.14","4.33","-1.186"
"Brogdon, Connor","641401","2025","199","132",0.253,0.233,0.01999999999999999,0.5,0.449,0.05099999999999999,0.341,0.315,0.026000000000000023,"5.55","3.91","1.643"
"Blanco, Ronel","669854","2025","199","131",0.21,0.203,0.0069999999999999785,0.381,0.357,0.02400000000000002,0.292,0.281,0.010999999999999954,"4.10","3.06","1.037"
"Brash, Matt","666374","2025","199","121",0.236,0.233,0.002999999999999975,0.339,0.351,-0.011999999999999955,0.288,0.292,-0.0040000000000000036,"2.47","3.32","-0.848"
"Mattson, Isaac","676755","2025","198","132",0.203,0.217,-0.013999999999999985,0.314,0.373,-0.059,0.264,0.29,-0.025999999999999968,"2.46","3.27","-0.815"
"Rodríguez, Randy","678495","2025","198","116",0.187,0.199,-0.01200000000000001,0.286,0.32,-0.03400000000000003,0.239,0.26,-0.02100000000000002,"1.78","2.61","-0.834"
"Fitts, Richard","690916","2025","195","134",0.251,0.273,-0.02200000000000002,0.456,0.497,-0.04099999999999998,0.337,0.368,-0.030999999999999972,"5.00","5.57","-0.57"
"Blewett, Scott","656240","2025","194","140",0.263,0.257,0.006000000000000005,0.462,0.462,0,0.343,0.342,0.0010000000000000009,"5.48","4.70","0.781"
"Herrin, Tim","682120","2025","194","113",0.239,0.23,0.00899999999999998,0.387,0.359,0.028000000000000025,0.339,0.33,0.009000000000000008,"4.85","4.33","0.522"
"Ort, Kaleb","672391","2025","194","116",0.213,0.194,0.01899999999999999,0.396,0.356,0.040000000000000036,0.316,0.294,0.02200000000000002,"4.89","3.37","1.521"
"Graceffo, Gordon","700669","2025","193","138",0.286,0.279,0.006999999999999951,0.457,0.431,0.026000000000000023,0.34,0.33,0.010000000000000009,"6.28","4.33","1.949"
"Morgan, David","688158","2025","193","118",0.208,0.232,-0.02400000000000002,0.327,0.362,-0.034999999999999976,0.287,0.309,-0.02200000000000002,"2.66","3.75","-1.088"
"Rolison, Ryan","669020","2025","193","148",0.324,0.291,0.03300000000000003,0.565,0.502,0.06299999999999994,0.406,0.37,0.03600000000000003,"7.02","5.64","1.376"
"Boushley, Caleb","676961","2025","193","136",0.305,0.313,-0.008000000000000007,0.458,0.494,-0.035999999999999976,0.356,0.372,-0.016000000000000014,"6.02","5.71","0.313"
"Megill, Trevor","656730","2025","192","115",0.209,0.229,-0.020000000000000018,0.326,0.37,-0.043999999999999984,0.259,0.287,-0.02799999999999997,"2.49","3.20","-0.711"
"Smith-Shawver, AJ","700363","2025","191","128",0.249,0.308,-0.059,0.379,0.518,-0.139,0.315,0.389,-0.07400000000000001,"3.86","6.37","-2.513"
"Green, Chad","643338","2025","190","140",0.291,0.287,0.0040000000000000036,0.566,0.586,-0.020000000000000018,0.385,0.389,-0.0040000000000000036,"5.57","6.37","-0.805"
"Cruz, Steven","674444","2025","189","132",0.213,0.225,-0.01200000000000001,0.343,0.353,-0.009999999999999953,0.28,0.289,-0.008999999999999952,"3.75","3.25","0.495"
"Long, Sam","669674","2025","189","132",0.291,0.27,0.020999999999999963,0.467,0.446,0.02100000000000002,0.369,0.353,0.016000000000000014,"5.36","5.05","0.305"
"McLean, Nolan","690997","2025","188","113",0.2,0.236,-0.035999999999999976,0.294,0.374,-0.08000000000000002,0.259,0.302,-0.04299999999999998,"2.06","3.57","-1.507"
"Burns, Chase","695505","2025","188","105",0.24,0.227,0.012999999999999984,0.409,0.387,0.021999999999999964,0.311,0.298,0.013000000000000012,"4.57","3.47","1.099"
"Cabrera, Génesis","650893","2025","187","132",0.279,0.26,0.019000000000000017,0.545,0.465,0.08000000000000002,0.38,0.344,0.03600000000000003,"6.54","4.76","1.779"
"Ohtani, Shohei","660271","2025","187","117",0.227,0.218,0.009000000000000008,0.313,0.324,-0.01100000000000001,0.249,0.252,-0.0030000000000000027,"2.87","2.45","0.422"
"Romano, Jordan","605447","2025","187","120",0.276,0.228,0.048000000000000015,0.515,0.422,0.09300000000000003,0.365,0.316,0.04899999999999999,"8.23","3.93","4.297"
"Miller, Shelby","571946","2025","186","113",0.201,0.237,-0.035999999999999976,0.323,0.386,-0.063,0.26,0.299,-0.03899999999999998,"2.74","3.49","-0.751"
"Englert, Mason","669438","2025","185","128",0.251,0.279,-0.028000000000000025,0.345,0.425,-0.08000000000000002,0.285,0.326,-0.041000000000000036,"3.83","4.21","-0.382"
"Knack, Landon","689017","2025","185","122",0.247,0.273,-0.026000000000000023,0.488,0.507,-0.019000000000000017,0.35,0.371,-0.02100000000000002,"4.89","5.68","-0.79"
"Alvarado, Elvis","665660","2025","183","109",0.214,0.228,-0.014000000000000012,0.371,0.37,0.0010000000000000009,0.305,0.31,-0.0050000000000000044,"3.19","3.77","-0.581"
"Funderburk, Kody","681892","2025","183","122",0.275,0.248,0.027000000000000024,0.369,0.349,0.020000000000000018,0.321,0.303,0.018000000000000016,"3.51","3.59","-0.078"
"Pressly, Ryan","519151","2025","182","134",0.287,0.287,0,0.45,0.442,0.008000000000000007,0.356,0.353,0.0030000000000000027,"4.36","5.05","-0.695"
"Shugart, Chase","663767","2025","181","132",0.206,0.25,-0.04400000000000001,0.388,0.449,-0.061,0.286,0.342,-0.05600000000000005,"3.40","4.70","-1.3"
"Thornton, Trent","663423","2025","180","130",0.258,0.275,-0.017000000000000015,0.403,0.446,-0.04299999999999998,0.317,0.343,-0.026000000000000023,"4.68","4.73","-0.053"
"Melton, Troy","675512","2025","180","128",0.191,0.221,-0.03,0.346,0.419,-0.07300000000000001,0.268,0.308,-0.03999999999999998,"2.76","3.72","-0.961"
"Bowlan, Jonathan","680742","2025","180","117",0.23,0.227,0.0030000000000000027,0.398,0.399,-0.0010000000000000009,0.305,0.306,-0.0010000000000000009,"3.86","3.67","0.187"
"Yates, Kirby","489446","2025","179","108",0.239,0.238,0.0010000000000000009,0.516,0.444,0.07200000000000001,0.354,0.33,0.023999999999999966,"5.23","4.33","0.896"
"Hart, Kyle","606996","2025","179","127",0.233,0.224,0.009000000000000008,0.448,0.402,0.045999999999999985,0.32,0.301,0.019000000000000017,"5.86","3.54","2.32"
"Flexen, Chris","623167","2025","178","144",0.232,0.287,-0.054999999999999966,0.372,0.494,-0.122,0.285,0.356,-0.07100000000000001,"3.09","5.15","-2.058"
"Orze, Eric","679358","2025","178","116",0.244,0.22,0.023999999999999994,0.378,0.371,0.007000000000000006,0.317,0.304,0.013000000000000012,"3.02","3.62","-0.596"
"Montas, Frankie","593423","2025","178","131",0.298,0.287,0.01100000000000001,0.534,0.492,0.04200000000000004,0.38,0.36,0.020000000000000018,"6.28","5.29","0.994"
"Lively, Ben","594902","2025","178","134",0.233,0.256,-0.022999999999999993,0.393,0.471,-0.07799999999999996,0.302,0.339,-0.03700000000000003,"3.22","4.60","-1.376"
"Coulombe, Danny","543056","2025","176","115",0.205,0.25,-0.04500000000000001,0.288,0.384,-0.09600000000000003,0.261,0.313,-0.05199999999999999,"2.30","3.85","-1.548"
"Stroman, Marcus","573186","2025","175","131",0.282,0.287,-0.0050000000000000044,0.468,0.516,-0.04799999999999999,0.356,0.376,-0.020000000000000018,"6.23","5.86","0.371"
"Blackburn, Paul","621112","2025","175","128",0.296,0.252,0.043999999999999984,0.503,0.414,0.08900000000000002,0.359,0.319,0.03999999999999998,"6.23","4.02","2.211"
"Palmquist, Carson","687223","2025","175","120",0.321,0.271,0.04999999999999999,0.614,0.539,0.07499999999999996,0.43,0.393,0.03699999999999998,"8.91","6.53","2.383"
"Thompson, Ryan","657044","2025","175","124",0.263,0.245,0.018000000000000016,0.381,0.395,-0.014000000000000012,0.308,0.305,0.0030000000000000027,"3.92","3.64","0.279"
"Abel, Mick","690953","2025","174","118",0.274,0.278,-0.0040000000000000036,0.465,0.471,-0.00599999999999995,0.351,0.355,-0.0040000000000000036,"6.23","5.12","1.111"
"Ogasawara, Shinnosuke","829272","2025","173","123",0.289,0.268,0.020999999999999963,0.523,0.479,0.04400000000000004,0.377,0.36,0.017000000000000015,"6.98","5.29","1.693"
"Martin, Chris","455119","2025","173","122",0.262,0.264,-0.0020000000000000018,0.39,0.437,-0.046999999999999986,0.291,0.309,-0.018000000000000016,"2.98","3.75","-0.774"
"Soriano, George","666277","2025","173","115",0.307,0.323,-0.016000000000000014,0.567,0.561,0.005999999999999894,0.405,0.414,-0.008999999999999952,"8.35","7.44","0.905"
"Richardson, Lyon","680689","2025","172","119",0.255,0.282,-0.02699999999999997,0.372,0.415,-0.04299999999999998,0.311,0.349,-0.03799999999999998,"4.54","4.92","-0.38"
"Halvorsen, Seth","678020","2025","172","116",0.273,0.247,0.026000000000000023,0.493,0.433,0.06,0.364,0.332,0.03199999999999997,"4.99","4.39","0.602"
"Kelly, Kevin","687330","2025","171","127",0.281,0.305,-0.023999999999999966,0.556,0.581,-0.02499999999999991,0.364,0.391,-0.027000000000000024,"5.90","6.45","-0.551"
"Woodford, Jake","663765","2025","170","131",0.298,0.297,0.0010000000000000009,0.424,0.436,-0.01200000000000001,0.343,0.35,-0.006999999999999951,"6.44","4.95","1.49"
"Lazar, Max","676661","2025","170","132",0.261,0.319,-0.057999999999999996,0.452,0.513,-0.061,0.329,0.378,-0.04899999999999999,"4.79","5.94","-1.15"
"Oviedo, Johan","670912","2025","170","102",0.182,0.214,-0.032,0.336,0.386,-0.04999999999999999,0.291,0.32,-0.029000000000000026,"3.57","4.04","-0.47"
"DeSclafani, Anthony","543101","2025","169","116",0.25,0.242,0.008000000000000007,0.527,0.444,0.08300000000000002,0.354,0.326,0.02799999999999997,"5.12","4.21","0.911"
"Nicolas, Kyle","693312","2025","167","113",0.233,0.244,-0.010999999999999982,0.356,0.389,-0.03300000000000003,0.303,0.323,-0.020000000000000018,"4.74","4.13","0.607"
"Hamilton, Ian","641656","2025","166","100",0.201,0.228,-0.026999999999999996,0.353,0.399,-0.04600000000000004,0.296,0.323,-0.027000000000000024,"4.28","4.13","0.145"
"Weathers, Ryan","677960","2025","166","116",0.245,0.243,0.0020000000000000018,0.43,0.428,0.0020000000000000018,0.317,0.315,0.0020000000000000018,"3.99","3.91","0.081"
"Kelly, Michael","547184","2025","166","117",0.224,0.264,-0.04000000000000001,0.378,0.46,-0.08200000000000002,0.301,0.348,-0.046999999999999986,"3.18","4.89","-1.714"
"Lucchesi, Joey","664192","2025","165","120",0.235,0.236,-0.0010000000000000009,0.383,0.379,0.0040000000000000036,0.298,0.298,0,"3.76","3.47","0.287"
"Messick, Parker","800048","2025","165","121",0.289,0.242,0.046999999999999986,0.409,0.377,0.03199999999999997,0.315,0.28,0.034999999999999976,"2.72","3.04","-0.317"
"Hernández, Daysbel","678226","2025","163","99",0.206,0.213,-0.007000000000000006,0.313,0.35,-0.03699999999999998,0.31,0.324,-0.014000000000000012,"3.40","4.16","-0.755"
"Winn, Cole","668390","2025","162","106",0.167,0.226,-0.059,0.297,0.416,-0.119,0.255,0.326,-0.07100000000000001,"1.51","4.21","-2.698"
"Perkins, Jack","678022","2025","161","104",0.193,0.223,-0.03,0.321,0.359,-0.03799999999999998,0.277,0.303,-0.025999999999999968,"4.19","3.59","0.6"
"Sasaki, Roki","808963","2025","161","108",0.221,0.26,-0.03900000000000001,0.404,0.5,-0.09599999999999997,0.331,0.379,-0.04799999999999999,"4.46","5.97","-1.511"
"De los Santos, Yerry","660787","2025","160","114",0.266,0.279,-0.013000000000000012,0.331,0.386,-0.05499999999999999,0.307,0.331,-0.02400000000000002,"3.28","4.36","-1.08"
"Molina, Anthony","683627","2025","160","126",0.351,0.334,0.01699999999999996,0.649,0.617,0.03200000000000003,0.435,0.415,0.020000000000000018,"7.27","7.49","-0.221"
"Stewart, Brock","592779","2025","159","98",0.227,0.198,0.028999999999999998,0.333,0.304,0.029000000000000026,0.284,0.262,0.021999999999999964,"2.63","2.65","-0.022"
"Bieber, Shane","669456","2025","159","114",0.225,0.27,-0.04500000000000001,0.417,0.483,-0.066,0.293,0.338,-0.04500000000000004,"3.57","4.57","-1"
"Adams, Travis","701519","2025","158","106",0.295,0.296,-0.0010000000000000009,0.515,0.51,0.0050000000000000044,0.378,0.398,-0.020000000000000018,"7.49","6.74","0.745"
"Taylor, Grant","691799","2025","157","88",0.268,0.219,0.049000000000000016,0.304,0.315,-0.01100000000000001,0.287,0.273,0.013999999999999957,"4.91","2.88","2.029"
"Javier, Cristian","664299","2025","157","107",0.23,0.217,0.013000000000000012,0.36,0.367,-0.007000000000000006,0.294,0.293,0.0010000000000000009,"4.62","3.34","1.282"
"Cortes, Nestor","641482","2025","157","106",0.269,0.27,-0.0010000000000000009,0.59,0.584,0.006000000000000005,0.405,0.402,0.0030000000000000027,"6.29","6.91","-0.619"
"Gonsolin, Tony","664062","2025","157","98",0.244,0.25,-0.006000000000000005,0.467,0.498,-0.030999999999999972,0.354,0.366,-0.01200000000000001,"5.00","5.50","-0.5"
"Seymour, Carson","693313","2025","156","116",0.262,0.288,-0.025999999999999968,0.489,0.536,-0.04700000000000004,0.352,0.379,-0.027000000000000024,"4.75","5.97","-1.22"
"Harrison, Kyle","690986","2025","156","103",0.248,0.249,-0.0010000000000000009,0.404,0.411,-0.006999999999999951,0.315,0.318,-0.0030000000000000027,"4.04","3.99","0.047"
"Arrighetti, Spencer","681293","2025","156","102",0.229,0.257,-0.027999999999999997,0.412,0.43,-0.018000000000000016,0.331,0.361,-0.02999999999999997,"5.35","5.32","0.029"
"Ramírez, Yohan","670990","2025","155","90",0.246,0.247,-0.0010000000000000009,0.396,0.437,-0.04099999999999998,0.324,0.344,-0.019999999999999962,"5.40","4.76","0.64"
"Hall, DL","669084","2025","155","111",0.174,0.228,-0.05400000000000002,0.275,0.358,-0.08299999999999996,0.246,0.298,-0.05199999999999999,"3.49","3.47","0.021"
"Assad, Javier","665871","2025","153","114",0.243,0.284,-0.04099999999999998,0.382,0.42,-0.03799999999999998,0.31,0.341,-0.031000000000000028,"3.65","4.66","-1.011"
"Crismatt, Nabil","622503","2025","153","118",0.282,0.288,-0.006000000000000005,0.465,0.447,0.018000000000000016,0.34,0.337,0.0030000000000000027,"3.71","4.54","-0.834"
"Jacob, Alek","689690","2025","153","110",0.275,0.257,0.018000000000000016,0.466,0.444,0.02200000000000002,0.361,0.35,0.01100000000000001,"5.13","4.95","0.18"
"Fermin, José","820862","2025","152","89",0.197,0.196,0.0010000000000000009,0.409,0.417,-0.008000000000000007,0.318,0.324,-0.006000000000000005,"4.46","4.16","0.296"
"Kelly, Zack","677161","2025","152","102",0.261,0.236,0.025000000000000022,0.396,0.354,0.04200000000000004,0.318,0.293,0.025000000000000022,"4.58","3.34","1.245"
"Hatch, Thomas","641672","2025","152","113",0.296,0.258,0.03799999999999998,0.504,0.454,0.04999999999999999,0.376,0.341,0.034999999999999976,"5.82","4.66","1.164"
"Morillo, Juan","666661","2025","152","95",0.297,0.239,0.057999999999999996,0.43,0.333,0.09699999999999998,0.363,0.307,0.055999999999999994,"4.19","3.69","0.504"
"Simpson, Josh","681006","2025","151","89",0.272,0.243,0.029000000000000026,0.448,0.385,0.063,0.367,0.334,0.032999999999999974,"7.34","4.45","2.887"
"Salazar, Eduardo","674285","2025","151","110",0.359,0.299,0.06,0.611,0.496,0.11499999999999999,0.443,0.381,0.062,"8.38","6.05","2.329"
"Kranick, Max","668820","2025","150","118",0.239,0.272,-0.03300000000000003,0.38,0.464,-0.08400000000000002,0.283,0.339,-0.05600000000000005,"3.65","4.60","-0.951"
"Castillo, José","620454","2025","149","101",0.31,0.264,0.045999999999999985,0.457,0.386,0.07100000000000001,0.367,0.325,0.04199999999999998,"3.94","4.19","-0.252"
"Murphy, Chris","669684","2025","148","93",0.172,0.22,-0.048000000000000015,0.287,0.35,-0.063,0.276,0.318,-0.04199999999999998,"3.12","3.99","-0.875"
"Lee, Chase","695445","2025","148","101",0.239,0.28,-0.041000000000000036,0.478,0.528,-0.050000000000000044,0.322,0.36,-0.03799999999999998,"4.10","5.29","-1.192"
"Hodge, Porter","687863","2025","147","89",0.268,0.24,0.028000000000000025,0.543,0.419,0.12400000000000005,0.377,0.326,0.05099999999999999,"6.27","4.21","2.063"
"Dubin, Shawn","681869","2025","145","104",0.28,0.249,0.031000000000000028,0.462,0.391,0.07100000000000001,0.351,0.311,0.03999999999999998,"5.08","3.80","1.279"
"Borucki, Ryan","621366","2025","145","96",0.232,0.275,-0.04300000000000001,0.392,0.455,-0.063,0.31,0.353,-0.04299999999999998,"4.63","5.05","-0.421"
"Booser, Cam","592155","2025","143","87",0.233,0.215,0.018000000000000016,0.475,0.445,0.02999999999999997,0.35,0.339,0.010999999999999954,"5.52","4.60","0.916"
"Chafin, Andrew","605177","2025","143","88",0.238,0.218,0.01999999999999999,0.295,0.32,-0.025000000000000022,0.292,0.291,0.0010000000000000009,"2.41","3.29","-0.884"
"Garcia, Rico","670329","2025","142","94",0.237,0.229,0.00799999999999998,0.389,0.36,0.029000000000000026,0.292,0.285,0.007000000000000006,"3.15","3.15","-0.004"
"Bautista, Félix","642585","2025","142","69",0.134,0.158,-0.023999999999999994,0.244,0.283,-0.03899999999999998,0.246,0.268,-0.02200000000000002,"2.60","2.78","-0.184"
"Curtiss, John","595928","2025","141","112",0.215,0.274,-0.059000000000000025,0.385,0.479,-0.09399999999999997,0.27,0.333,-0.063,"3.93","4.42","-0.493"
"Dana, Caden","702674","2025","141","89",0.256,0.253,0.0030000000000000027,0.513,0.439,0.07400000000000001,0.365,0.347,0.018000000000000016,"6.40","4.85","1.552"
"Fernandez, Ryan","681676","2025","140","89",0.293,0.237,0.055999999999999994,0.52,0.424,0.09600000000000003,0.382,0.325,0.056999999999999995,"7.71","4.19","3.524"
"Hoglund, Gunnar","680684","2025","139","105",0.299,0.312,-0.013000000000000012,0.583,0.635,-0.052000000000000046,0.395,0.418,-0.022999999999999965,"6.40","7.63","-1.228"
"Mazur, Adam","800049","2025","139","107",0.264,0.284,-0.019999999999999962,0.424,0.478,-0.05399999999999999,0.329,0.359,-0.02999999999999997,"4.80","5.25","-0.45"
"Teng, Kai-Wei","678906","2025","139","76",0.254,0.218,0.036000000000000004,0.351,0.326,0.024999999999999967,0.335,0.314,0.02100000000000002,"6.37","3.88","2.491"
"Slaten, Justin","686580","2025","137","102",0.214,0.239,-0.024999999999999994,0.31,0.398,-0.08800000000000002,0.251,0.295,-0.043999999999999984,"4.24","3.39","0.845"
"Agnos, Zach","688642","2025","137","102",0.261,0.29,-0.02899999999999997,0.487,0.554,-0.06700000000000006,0.357,0.396,-0.039000000000000035,"6.61","6.65","-0.044"
"Gage, Matt","657424","2025","137","96",0.287,0.236,0.05099999999999999,0.344,0.3,0.043999999999999984,0.315,0.276,0.03899999999999998,"3.19","2.95","0.244"
"Dodd, Dylan","689266","2025","136","100",0.219,0.239,-0.01999999999999999,0.391,0.404,-0.013000000000000012,0.274,0.291,-0.01699999999999996,"3.60","3.29","0.31"
"Feltner, Ryan","663372","2025","135","98",0.27,0.231,0.03900000000000001,0.443,0.356,0.08700000000000002,0.336,0.289,0.04700000000000004,"4.75","3.25","1.497"
"Loáisiga, Jonathan","642528","2025","135","96",0.281,0.247,0.03400000000000003,0.521,0.397,0.124,0.367,0.307,0.06,"4.25","3.69","0.557"
"Scott, Tayler","605463","2025","134","91",0.306,0.274,0.03199999999999997,0.586,0.513,0.07299999999999995,0.415,0.391,0.023999999999999966,"7.90","6.45","1.452"
"Waddell, Brandon","663399","2025","134","100",0.24,0.288,-0.04799999999999999,0.438,0.499,-0.061,0.32,0.367,-0.046999999999999986,"3.45","5.53","-2.083"
"Gipson-Long, Sawyer","687830","2025","133","99",0.281,0.305,-0.023999999999999966,0.554,0.565,-0.010999999999999899,0.362,0.382,-0.020000000000000018,"7.18","6.09","1.091"
"Wolfram, Grant","664991","2025","133","86",0.302,0.243,0.059,0.422,0.333,0.08899999999999997,0.353,0.297,0.055999999999999994,"5.40","3.44","1.96"
"Ohl, Pierson","701487","2025","133","99",0.302,0.3,0.0020000000000000018,0.5,0.47,0.030000000000000027,0.359,0.347,0.01200000000000001,"5.10","4.85","0.25"
"Wesneski, Hayden","669713","2025","131","95",0.24,0.258,-0.018000000000000016,0.479,0.481,-0.0020000000000000018,0.322,0.334,-0.01200000000000001,"4.50","4.45","0.05"
"Hill, Jaden","677955","2025","129","83",0.243,0.222,0.02099999999999999,0.378,0.332,0.045999999999999985,0.309,0.286,0.02300000000000002,"3.38","3.18","0.195"
"Sauer, Matt","669422","2025","129","95",0.299,0.289,0.010000000000000009,0.521,0.481,0.040000000000000036,0.37,0.352,0.018000000000000016,"6.37","5.02","1.351"
"Treinen, Blake","595014","2025","129","72",0.28,0.22,0.060000000000000026,0.439,0.368,0.07100000000000001,0.358,0.309,0.04899999999999999,"5.40","3.75","1.65"
"Miller, Erik","669062","2025","128","83",0.238,0.258,-0.020000000000000018,0.287,0.363,-0.07600000000000001,0.297,0.334,-0.03700000000000003,"1.50","4.45","-2.95"
"Enright, Nic","663671","2025","127","83",0.212,0.234,-0.02200000000000002,0.319,0.37,-0.05099999999999999,0.279,0.306,-0.02699999999999997,"2.03","3.67","-1.638"
"Brown, McCade","685326","2025","126","81",0.291,0.273,0.01799999999999996,0.524,0.5,0.02400000000000002,0.405,0.393,0.01200000000000001,"7.36","6.53","0.834"
"Bradish, Kyle","680694","2025","126","68",0.2,0.217,-0.016999999999999987,0.296,0.348,-0.05199999999999999,0.255,0.28,-0.025000000000000022,"2.53","3.04","-0.509"
"Nance, Tommy","667297","2025","126","86",0.214,0.274,-0.060000000000000026,0.231,0.394,-0.163,0.225,0.312,-0.087,"1.99","3.83","-1.841"
"Blubaugh, AJ","805123","2025","125","78",0.152,0.19,-0.038000000000000006,0.339,0.387,-0.04799999999999999,0.251,0.284,-0.032999999999999974,"1.69","3.13","-1.442"
"Holderman, Colin","670059","2025","125","89",0.327,0.287,0.040000000000000036,0.51,0.443,0.067,0.399,0.369,0.030000000000000027,"7.01","5.60","1.413"
"Neris, Héctor","593576","2025","124","72",0.279,0.236,0.04300000000000004,0.538,0.466,0.07200000000000001,0.388,0.346,0.04200000000000004,"6.75","4.82","1.93"
"Chandler, Bubba","696149","2025","124","86",0.214,0.241,-0.026999999999999996,0.333,0.425,-0.09199999999999997,0.26,0.306,-0.045999999999999985,"4.02","3.67","0.351"
"Gillispie, Connor","687362","2025","123","88",0.294,0.272,0.021999999999999964,0.56,0.505,0.05500000000000005,0.387,0.364,0.02300000000000002,"8.65","5.43","3.224"
"Pilkington, Konnor","663455","2025","123","70",0.216,0.269,-0.05300000000000002,0.471,0.553,-0.08200000000000007,0.346,0.396,-0.050000000000000044,"4.45","6.65","-2.203"
"Fulmer, Carson","608334","2025","123","86",0.227,0.232,-0.0050000000000000044,0.418,0.446,-0.028000000000000025,0.308,0.321,-0.013000000000000012,"5.83","4.07","1.76"
"Sabrowski, Erik","681870","2025","121","55",0.144,0.162,-0.018000000000000016,0.247,0.281,-0.03400000000000003,0.271,0.288,-0.01699999999999996,"1.84","3.22","-1.379"
"Rodríguez, Manuel","655889","2025","121","89",0.232,0.252,-0.01999999999999999,0.313,0.338,-0.025000000000000022,0.26,0.281,-0.02100000000000002,"2.08","3.06","-0.983"
"Ginkel, Kevin","656464","2025","121","77",0.284,0.231,0.052999999999999964,0.412,0.418,-0.006000000000000005,0.338,0.335,0.0030000000000000027,"7.36","4.48","2.884"
"Altavilla, Dan","656186","2025","120","80",0.19,0.252,-0.062,0.36,0.393,-0.03300000000000003,0.307,0.343,-0.03600000000000003,"2.48","4.73","-2.247"
"Ribalta, Orlando","687377","2025","120","77",0.277,0.261,0.016000000000000014,0.505,0.494,0.01100000000000001,0.383,0.373,0.010000000000000009,"7.03","5.75","1.277"
"Snider, Collin","676092","2025","119","87",0.299,0.291,0.008000000000000007,0.533,0.517,0.016000000000000014,0.366,0.368,-0.0020000000000000018,"5.47","5.57","-0.102"
"Reynolds, Sean","669308","2025","117","72",0.206,0.262,-0.05600000000000002,0.371,0.512,-0.14100000000000001,0.322,0.389,-0.067,"5.33","6.37","-1.037"
"Brubaker, JT","664141","2025","117","82",0.223,0.261,-0.038000000000000006,0.291,0.397,-0.10600000000000004,0.271,0.324,-0.05299999999999999,"3.77","4.16","-0.393"
"Payamps, Joel","606303","2025","117","82",0.301,0.302,-0.0010000000000000009,0.583,0.593,-0.010000000000000009,0.389,0.413,-0.023999999999999966,"6.83","7.39","-0.555"
"Veneziano, Anthony","685107","2025","117","79",0.277,0.295,-0.01799999999999996,0.485,0.484,0.0010000000000000009,0.359,0.368,-0.009000000000000008,"4.68","5.57","-0.89"
"Backhus, Kyle","679775","2025","115","82",0.283,0.273,0.009999999999999953,0.465,0.419,0.04600000000000004,0.35,0.335,0.014999999999999958,"4.62","4.48","0.138"
"Brebbia, John","605154","2025","115","72",0.289,0.239,0.04999999999999999,0.515,0.42,0.09500000000000003,0.388,0.338,0.04999999999999999,"7.71","4.57","3.144"
"Bowman, Matt","621199","2025","114","88",0.292,0.291,0.0010000000000000009,0.5,0.495,0.0050000000000000044,0.362,0.359,0.0030000000000000027,"6.20","5.25","0.953"
"Alvarado, José","621237","2025","114","74",0.262,0.233,0.028999999999999998,0.398,0.411,-0.012999999999999956,0.31,0.305,0.0050000000000000044,"3.81","3.64","0.168"
"Saalfrank, Andrew","685314","2025","113","84",0.188,0.249,-0.061,0.257,0.423,-0.16599999999999998,0.229,0.315,-0.086,"1.24","3.91","-2.669"
"Schultz, Paxton","687606","2025","110","73",0.276,0.231,0.04500000000000001,0.49,0.402,0.08799999999999997,0.346,0.315,0.030999999999999972,"4.38","3.91","0.468"
"Pérez, Cionel","672335","2025","110","69",0.322,0.217,0.10500000000000001,0.494,0.323,0.17099999999999999,0.407,0.312,0.09499999999999997,"8.31","3.83","4.478"
"Poulin, PJ","676571","2025","110","68",0.247,0.235,0.01200000000000001,0.333,0.35,-0.01699999999999996,0.307,0.312,-0.0050000000000000044,"3.65","3.83","-0.181"
"Brzykcy, Zach","694350","2025","110","72",0.292,0.284,0.008000000000000007,0.531,0.501,0.030000000000000027,0.393,0.379,0.014000000000000012,"9.00","5.97","3.03"
"Gibaut, Ian","664139","2025","109","86",0.26,0.252,0.008000000000000007,0.41,0.446,-0.03600000000000003,0.313,0.324,-0.01100000000000001,"4.62","4.16","0.458"
"Lucas, Easton","687922","2025","108","73",0.272,0.285,-0.012999999999999956,0.478,0.545,-0.06700000000000006,0.348,0.377,-0.029000000000000026,"6.66","5.90","0.758"
"Farris, Mitch","815083","2025","107","71",0.261,0.296,-0.034999999999999976,0.489,0.495,-0.006000000000000005,0.349,0.374,-0.025000000000000022,"6.66","5.79","0.868"
"López, Jorge","605347","2025","105","79",0.266,0.315,-0.04899999999999999,0.362,0.49,-0.128,0.302,0.368,-0.066,"6.57","5.57","0.998"
"Brasier, Ryan","518489","2025","105","80",0.276,0.305,-0.02899999999999997,0.408,0.462,-0.05400000000000005,0.306,0.346,-0.03999999999999998,"4.50","4.82","-0.32"
"Strowd, Kade","669704","2025","105","67",0.178,0.195,-0.017000000000000015,0.222,0.26,-0.038000000000000006,0.241,0.263,-0.02200000000000002,"1.71","2.67","-0.961"
"Beeter, Clayton","690925","2025","104","53",0.155,0.204,-0.04899999999999999,0.274,0.335,-0.061,0.269,0.308,-0.03899999999999998,"4.26","3.72","0.543"
"Stratton, Chris","608717","2025","104","72",0.348,0.266,0.08199999999999996,0.576,0.478,0.09799999999999998,0.414,0.353,0.061,"7.71","5.05","2.664"
"Barnett, Mason","686930","2025","104","74",0.286,0.241,0.044999999999999984,0.451,0.38,0.07100000000000001,0.355,0.311,0.043999999999999984,"6.85","3.80","3.051"
"Brieske, Beau","689225","2025","103","75",0.273,0.222,0.05100000000000002,0.489,0.381,0.10799999999999998,0.357,0.314,0.04299999999999998,"6.54","3.88","2.665"
"Holman, Grant","680880","2025","103","76",0.28,0.276,0.0040000000000000036,0.409,0.502,-0.09300000000000003,0.335,0.365,-0.02999999999999997,"5.09","5.46","-0.373"
"Tonkin, Michael","543859","2025","103","71",0.225,0.26,-0.035,0.382,0.48,-0.09799999999999998,0.312,0.363,-0.05099999999999999,"4.88","5.39","-0.515"
"Cox, Austin","680735","2025","102","73",0.319,0.28,0.03899999999999998,0.681,0.577,0.10400000000000009,0.434,0.38,0.05399999999999999,"8.86","6.01","2.849"
"Whisenhunt, Carson","687931","2025","102","72",0.25,0.291,-0.04099999999999998,0.511,0.547,-0.03600000000000003,0.372,0.401,-0.029000000000000026,"5.01","6.86","-1.846"
"Peralta, Luis","678821","2025","101","65",0.325,0.31,0.015000000000000013,0.588,0.565,0.02300000000000002,0.444,0.437,0.007000000000000006,"9.47","8.57","0.904"
"Roycroft, Chris","688297","2025","101","73",0.306,0.281,0.024999999999999967,0.518,0.489,0.029000000000000026,0.383,0.377,0.006000000000000005,"7.84","5.90","1.939"
"Henderson, Logan","701656","2025","99","58",0.187,0.238,-0.05099999999999999,0.297,0.396,-0.09900000000000003,0.246,0.304,-0.057999999999999996,"1.78","3.62","-1.844"
"Hagenman, Justin","663795","2025","99","73",0.25,0.268,-0.018000000000000016,0.427,0.468,-0.041000000000000036,0.301,0.324,-0.02300000000000002,"4.56","4.16","0.403"
"Raley, Brooks","548384","2025","99","66",0.154,0.181,-0.026999999999999996,0.209,0.276,-0.06700000000000003,0.2,0.236,-0.035999999999999976,"2.46","2.15","0.305"
"Phillips, Connor","683175","2025","98","52",0.133,0.191,-0.057999999999999996,0.277,0.383,-0.10599999999999998,0.245,0.311,-0.066,"2.88","3.80","-0.92"
"Jarvis, Bryce","686826","2025","98","66",0.267,0.236,0.031000000000000028,0.465,0.396,0.069,0.351,0.325,0.025999999999999968,"5.73","4.19","1.537"
"Alvarez, Andrew","674841","2025","98","67",0.184,0.212,-0.027999999999999997,0.241,0.283,-0.04199999999999998,0.241,0.268,-0.027000000000000024,"2.31","2.78","-0.466"
"Murdock, Noah","668716","2025","98","55",0.347,0.257,0.08999999999999997,0.453,0.399,0.05399999999999999,0.412,0.363,0.04899999999999999,"13.23","5.39","7.845"
"Mey, Luis","682825","2025","96","57",0.221,0.243,-0.021999999999999992,0.364,0.372,-0.008000000000000007,0.33,0.353,-0.022999999999999965,"3.43","5.05","-1.621"
"Dunning, Dane","641540","2025","95","64",0.286,0.283,0.0030000000000000027,0.488,0.523,-0.03500000000000003,0.361,0.372,-0.01100000000000001,"6.97","5.71","1.258"
"Bachman, Sam","696147","2025","94","65",0.268,0.264,0.0040000000000000036,0.354,0.349,0.0050000000000000044,0.319,0.315,0.0040000000000000036,"6.20","3.91","2.287"
"Zastryzny, Rob","642239","2025","93","62",0.203,0.216,-0.012999999999999984,0.342,0.363,-0.020999999999999963,0.268,0.288,-0.019999999999999962,"2.46","3.22","-0.765"
"Steele, Justin","657006","2025","92","65",0.247,0.277,-0.030000000000000027,0.471,0.49,-0.019000000000000017,0.326,0.348,-0.021999999999999964,"4.76","4.89","-0.125"
"Headrick, Brent","687396","2025","92","54",0.202,0.218,-0.015999999999999986,0.405,0.38,0.025000000000000022,0.289,0.288,0.0010000000000000009,"3.13","3.22","-0.09"
"Granillo, Andre","701552","2025","91","65",0.278,0.24,0.038000000000000034,0.481,0.39,0.09099999999999997,0.344,0.31,0.033999999999999975,"4.71","3.77","0.944"
"Strickland, Hunter","519326","2025","91","67",0.212,0.255,-0.04300000000000001,0.362,0.419,-0.056999999999999995,0.282,0.321,-0.039000000000000035,"3.27","4.07","-0.797"
"Sulser, Cole","642121","2025","90","61",0.241,0.228,0.012999999999999984,0.301,0.313,-0.01200000000000001,0.266,0.264,0.0020000000000000018,"1.99","2.69","-0.705"
"Rodríguez, Elvin","660730","2025","90","64",0.317,0.31,0.007000000000000006,0.707,0.675,0.03199999999999992,0.453,0.438,0.015000000000000013,"9.15","8.62","0.533"
"García, Yimi","554340","2025","90","52",0.171,0.252,-0.08099999999999999,0.263,0.436,-0.173,0.255,0.346,-0.09099999999999997,"3.86","4.82","-0.963"
"Stratton, Hunter","676702","2025","89","63",0.299,0.311,-0.01200000000000001,0.442,0.486,-0.043999999999999984,0.354,0.373,-0.019000000000000017,"5.21","5.75","-0.539"
"Martin, Corbin","656686","2025","89","55",0.289,0.264,0.024999999999999967,0.539,0.446,0.09300000000000003,0.394,0.353,0.041000000000000036,"6.00","5.05","0.95"
"Kriske, Brooks","621139","2025","88","55",0.278,0.27,0.008000000000000007,0.444,0.364,0.08000000000000002,0.366,0.338,0.02799999999999997,"7.50","4.57","2.93"
"Merryweather, Julian","657240","2025","88","62",0.303,0.329,-0.026000000000000023,0.474,0.507,-0.03300000000000003,0.365,0.402,-0.03700000000000003,"5.79","6.91","-1.124"
"González, Wikelman","682790","2025","87","50",0.178,0.245,-0.067,0.274,0.351,-0.07699999999999996,0.26,0.32,-0.06,"2.66","4.04","-1.384"
"Tong, Jonah","804636","2025","87","56",0.312,0.272,0.03999999999999998,0.494,0.45,0.043999999999999984,0.376,0.347,0.029000000000000026,"7.71","4.85","2.864"
"Peguero, Joel","666711","2025","86","61",0.197,0.213,-0.015999999999999986,0.316,0.376,-0.06,0.256,0.294,-0.03799999999999998,"2.42","3.37","-0.952"
"Díaz, Alexis","664747","2025","85","51",0.221,0.249,-0.027999999999999997,0.559,0.514,0.04500000000000004,0.399,0.397,0.0020000000000000018,"8.15","6.69","1.461"
"Sproat, Brandon","687075","2025","84","58",0.243,0.267,-0.02400000000000002,0.351,0.362,-0.01100000000000001,0.298,0.315,-0.017000000000000015,"4.79","3.91","0.88"
"Curvelo, Luis","681168","2025","84","54",0.236,0.227,0.00899999999999998,0.444,0.386,0.057999999999999996,0.324,0.31,0.014000000000000012,"5.68","3.77","1.914"
"Hiraldo, Yaramil","682274","2025","84","54",0.23,0.174,0.05600000000000002,0.432,0.299,0.133,0.325,0.253,0.07200000000000001,"4.58","2.47","2.106"
"Shuster, Jared","694363","2025","82","63",0.365,0.298,0.067,0.473,0.424,0.04899999999999999,0.379,0.33,0.04899999999999999,"8.04","4.33","3.713"
"Wells, Tyler","669330","2025","82","62",0.212,0.234,-0.02200000000000002,0.425,0.439,-0.014000000000000012,0.279,0.294,-0.014999999999999958,"2.91","3.37","-0.462"
"Graveman, Kendall","608665","2025","82","60",0.333,0.315,0.018000000000000016,0.58,0.516,0.06399999999999995,0.435,0.409,0.026000000000000023,"7.13","7.21","-0.078"
"Sewald, Paul","623149","2025","81","55",0.247,0.22,0.026999999999999996,0.452,0.459,-0.007000000000000006,0.318,0.31,0.008000000000000007,"4.58","3.77","0.806"
"Suarez, José","660761","2025","81","55",0.217,0.257,-0.04000000000000001,0.29,0.415,-0.125,0.27,0.33,-0.06,"1.86","4.33","-2.468"
"Mederos, Victor","682989","2025","81","52",0.277,0.233,0.04400000000000001,0.585,0.439,0.14599999999999996,0.417,0.357,0.06,"7.41","5.18","2.232"
"Alexander, Scott","518397","2025","81","63",0.324,0.335,-0.01100000000000001,0.662,0.674,-0.01200000000000001,0.449,0.457,-0.008000000000000007,"6.11","9.67","-3.557"
"Moll, Sam","594580","2025","81","49",0.229,0.219,0.010000000000000009,0.471,0.394,0.07699999999999996,0.344,0.313,0.030999999999999972,"6.38","3.85","2.532"
"Tinoco, Jesus","622786","2025","80","62",0.239,0.243,-0.0040000000000000036,0.366,0.349,0.017000000000000015,0.297,0.293,0.0040000000000000036,"5.12","3.34","1.781"
"Sisk, Evan","681895","2025","80","43",0.242,0.178,0.064,0.348,0.274,0.07399999999999995,0.317,0.27,0.046999999999999986,"3.57","2.82","0.746"
"Criswell, Cooper","681867","2025","80","66",0.311,0.275,0.035999999999999976,0.459,0.406,0.05299999999999999,0.349,0.315,0.033999999999999975,"3.57","3.91","-0.344"
"Lawrence, Casey","596271","2025","80","71",0.338,0.366,-0.02799999999999997,0.494,0.61,-0.11599999999999999,0.361,0.433,-0.07200000000000001,"4.08","8.36","-4.285"
"Ruiz, José","614179","2025","79","55",0.338,0.262,0.07600000000000001,0.574,0.416,0.15799999999999997,0.412,0.341,0.07099999999999995,"8.82","4.66","4.156"
"Petersen, Michael","656848","2025","79","55",0.254,0.304,-0.04999999999999999,0.423,0.581,-0.15799999999999997,0.315,0.393,-0.07800000000000001,"4.00","6.53","-2.53"
"Early, Connelly","813349","2025","79","45",0.23,0.205,0.025000000000000022,0.243,0.285,-0.04199999999999998,0.239,0.243,-0.0040000000000000036,"2.33","2.28","0.048"
"Lara, Andry","691251","2025","78","59",0.403,0.332,0.07100000000000001,0.567,0.499,0.06799999999999995,0.445,0.404,0.04099999999999998,"8.79","6.99","1.801"
"Eder, Jake","671109","2025","78","53",0.224,0.224,0,0.403,0.424,-0.020999999999999963,0.317,0.323,-0.006000000000000005,"4.91","4.13","0.779"
"Henriquez, Edgardo","683618","2025","78","55",0.236,0.23,0.005999999999999978,0.361,0.391,-0.030000000000000027,0.28,0.297,-0.01699999999999996,"2.37","3.44","-1.072"
"Tidwell, Blade","694918","2025","78","57",0.348,0.285,0.063,0.561,0.496,0.06500000000000006,0.427,0.378,0.04899999999999999,"9.00","5.94","3.06"
"Robertson, David","502085","2025","78","48",0.257,0.24,0.017000000000000015,0.486,0.474,0.01200000000000001,0.348,0.336,0.011999999999999955,"4.08","4.51","-0.435"
"Kent, Zak","687849","2025","76","51",0.254,0.231,0.022999999999999993,0.328,0.292,0.03600000000000003,0.305,0.282,0.02300000000000002,"4.58","3.08","1.505"
"McGough, Scott","543518","2025","75","51",0.269,0.275,-0.006000000000000005,0.537,0.589,-0.051999999999999935,0.377,0.398,-0.02100000000000002,"6.75","6.74","0.01"
"Hudson, Bryan","663542","2025","75","41",0.254,0.245,0.009000000000000008,0.424,0.375,0.04899999999999999,0.362,0.343,0.01899999999999996,"4.80","4.73","0.07"
"Pearson, Nate","663878","2025","75","57",0.361,0.281,0.07999999999999996,0.525,0.478,0.04700000000000004,0.407,0.377,0.02999999999999997,"9.21","5.90","3.305"
"Mayza, Tim","641835","2025","74","52",0.258,0.203,0.05499999999999999,0.409,0.328,0.08099999999999996,0.32,0.277,0.04299999999999998,"3.78","2.97","0.81"
"Ellard, Fraser","686642","2025","74","32",0.148,0.21,-0.062,0.222,0.358,-0.13599999999999998,0.303,0.362,-0.059,"4.24","5.36","-1.125"
"Tolle, Payton","801139","2025","74","47",0.277,0.257,0.020000000000000018,0.538,0.425,0.11300000000000004,0.377,0.336,0.04099999999999998,"6.06","4.51","1.551"
"McFarland, T.J.","519008","2025","74","63",0.377,0.304,0.07300000000000001,0.609,0.509,0.09999999999999998,0.427,0.366,0.061,"6.89","5.50","1.394"
"Aldegheri, Sam","691951","2025","73","47",0.345,0.302,0.04299999999999998,0.569,0.509,0.05999999999999994,0.444,0.408,0.03600000000000003,"7.90","7.17","0.732"
"Gibson, Kyle","502043","2025","73","56",0.453,0.352,0.10100000000000003,0.938,0.649,0.2889999999999999,0.577,0.442,0.13499999999999995,"16.78","8.83","7.954"
"Hjelle, Sean","663546","2025","73","53",0.339,0.3,0.039000000000000035,0.532,0.459,0.07300000000000001,0.399,0.358,0.041000000000000036,"7.80","5.22","2.58"
"Sims, Lucas","608371","2025","72","38",0.275,0.256,0.019000000000000017,0.49,0.447,0.04299999999999998,0.433,0.416,0.017000000000000015,"13.87","7.53","6.335"
"Rashi, Taylor","688497","2025","72","42",0.25,0.238,0.01200000000000001,0.313,0.364,-0.05099999999999999,0.293,0.305,-0.01200000000000001,"4.41","3.64","0.768"
"Guerrero, Luis","692285","2025","72","48",0.158,0.281,-0.12300000000000003,0.211,0.412,-0.20099999999999998,0.26,0.386,-0.126,"4.15","6.25","-2.096"
"Johnson, Ryan","696270","2025","72","51",0.364,0.259,0.10499999999999998,0.561,0.422,0.13900000000000007,0.408,0.31,0.09799999999999998,"7.36","3.77","3.594"
"Kowar, Jackson","663804","2025","71","48",0.222,0.242,-0.01999999999999999,0.444,0.497,-0.05299999999999999,0.328,0.355,-0.02699999999999997,"4.24","5.12","-0.885"
"Klein, Will","694361","2025","70","37",0.246,0.239,0.007000000000000006,0.316,0.359,-0.04299999999999998,0.317,0.331,-0.014000000000000012,"2.35","4.36","-2.012"
"Lawrence, Justin","664875","2025","69","36",0.153,0.18,-0.026999999999999996,0.22,0.32,-0.1,0.224,0.27,-0.04600000000000001,"0.51","2.82","-2.311"
"Fuentes, Didier","800311","2025","69","49",0.383,0.303,0.08000000000000002,0.717,0.576,0.14100000000000001,0.486,0.416,0.07,"13.85","7.53","6.316"
"Sandlin, Nick","680704","2025","69","43",0.186,0.234,-0.048000000000000015,0.322,0.391,-0.069,0.286,0.328,-0.04200000000000004,"2.20","4.27","-2.066"
"Loutos, Ryan","702795","2025","68","50",0.351,0.316,0.034999999999999976,0.614,0.547,0.06699999999999995,0.446,0.41,0.03600000000000003,"12.75","7.26","5.49"
"Moreta, Dauri","664294","2025","68","42",0.267,0.264,0.0030000000000000027,0.4,0.456,-0.055999999999999994,0.318,0.34,-0.02200000000000002,"3.24","4.63","-1.39"
"Martinez, Justin","679885","2025","67","30",0.135,0.172,-0.03699999999999998,0.231,0.234,-0.0030000000000000027,0.27,0.286,-0.01599999999999996,"4.11","3.18","0.929"
"Wicks, Jordan","696136","2025","67","53",0.369,0.296,0.07300000000000001,0.554,0.418,0.13600000000000007,0.4,0.313,0.08700000000000002,"6.28","3.85","2.429"
"Garcia, Brandyn","805299","2025","66","43",0.316,0.254,0.062,0.368,0.333,0.034999999999999976,0.352,0.314,0.03799999999999998,"5.65","3.88","1.771"
"Whitley, Forrest","666215","2025","66","45",0.339,0.319,0.020000000000000018,0.661,0.57,0.09100000000000008,0.451,0.42,0.031000000000000028,"13.50","7.72","5.78"
"Saucedo, Tayler","642048","2025","66","47",0.322,0.296,0.026000000000000023,0.475,0.513,-0.038000000000000034,0.38,0.382,-0.0020000000000000018,"7.42","6.09","1.335"
"Bruihl, Justin","677865","2025","65","39",0.333,0.25,0.08300000000000002,0.474,0.368,0.10599999999999998,0.376,0.3,0.07600000000000001,"5.27","3.52","1.748"
"Burgos, Juan","686228","2025","65","42",0.304,0.265,0.03899999999999998,0.5,0.524,-0.02400000000000002,0.386,0.378,0.008000000000000007,"6.08","5.94","0.135"
"Davis, Noah","663562","2025","65","37",0.423,0.346,0.07700000000000001,0.846,0.718,0.128,0.57,0.499,0.07099999999999995,"18.00","12.46","5.54"
"Devenski, Chris","606965","2025","65","44",0.179,0.232,-0.05300000000000002,0.304,0.408,-0.10399999999999998,0.252,0.312,-0.06,"2.16","3.83","-1.67"
"Murfee, Penn","682171","2025","63","44",0.333,0.299,0.03400000000000003,0.561,0.596,-0.03499999999999992,0.411,0.406,0.004999999999999949,"7.82","7.08","0.736"
"Gray, Jon","592351","2025","63","45",0.263,0.279,-0.016000000000000014,0.579,0.585,-0.006000000000000005,0.385,0.393,-0.008000000000000007,"7.71","6.53","1.184"
"McGee, Easton","668834","2025","62","44",0.268,0.267,0.0010000000000000009,0.393,0.426,-0.032999999999999974,0.305,0.317,-0.01200000000000001,"5.52","3.96","1.563"
"Yesavage, Trey","702056","2025","62","39",0.236,0.262,-0.026000000000000023,0.273,0.383,-0.10999999999999999,0.275,0.324,-0.04899999999999999,"3.21","4.16","-0.946"
"Anderson, Nick","623433","2025","62","49",0.288,0.281,0.006999999999999951,0.508,0.45,0.057999999999999996,0.355,0.33,0.024999999999999967,"6.14","4.33","1.806"
"Hoffmann, Andrew","694851","2025","61","39",0.275,0.263,0.01200000000000001,0.49,0.48,0.010000000000000009,0.384,0.376,0.008000000000000007,"6.00","5.86","0.14"
"Núñez, Eduarniel","674384","2025","60","35",0.289,0.251,0.03799999999999998,0.533,0.388,0.14500000000000002,0.423,0.371,0.05199999999999999,"7.11","5.68","1.425"
"Spiers, Carson","686730","2025","60","41",0.26,0.304,-0.043999999999999984,0.48,0.564,-0.08399999999999996,0.36,0.406,-0.04600000000000004,"6.08","7.08","-1.005"
"Thompson, Mason","666168","2025","60","37",0.333,0.278,0.05499999999999999,0.542,0.469,0.07300000000000006,0.427,0.381,0.045999999999999985,"11.81","6.05","5.763"
"Selby, Colin","681882","2025","60","44",0.276,0.243,0.03300000000000003,0.431,0.438,-0.007000000000000006,0.315,0.301,0.014000000000000012,"3.21","3.54","-0.326"
"McDonald, Trevor","686790","2025","60","44",0.228,0.25,-0.021999999999999992,0.298,0.381,-0.08300000000000002,0.244,0.283,-0.03899999999999998,"1.80","3.11","-1.31"
"Bigge, Hunter","685801","2025","60","42",0.204,0.285,-0.08099999999999999,0.444,0.553,-0.10900000000000004,0.315,0.387,-0.07200000000000001,"2.40","6.29","-3.89"
"Hendriks, Liam","521230","2025","59","39",0.235,0.259,-0.02400000000000002,0.353,0.542,-0.18900000000000006,0.313,0.384,-0.07100000000000001,"6.58","6.17","0.415"
"Robert, Daniel","642016","2025","59","34",0.224,0.226,-0.0020000000000000018,0.408,0.36,0.04799999999999999,0.339,0.325,0.014000000000000012,"4.15","4.19","-0.036"
"Zuber, Tyler","676604","2025","59","39",0.327,0.311,0.016000000000000014,0.615,0.585,0.030000000000000027,0.416,0.4,0.01599999999999996,"11.25","6.82","4.43"
"Mantiply, Joe","573009","2025","58","46",0.481,0.301,0.18,0.833,0.543,0.2899999999999999,0.567,0.375,0.19199999999999995,"15.83","5.82","10.008"
"Lovelady, Richard","663992","2025","57","35",0.267,0.267,0,0.556,0.5,0.05600000000000005,0.396,0.379,0.017000000000000015,"8.49","5.97","2.516"
"Basso, Brady","669620","2025","56","39",0.255,0.253,0.0020000000000000018,0.298,0.32,-0.02200000000000002,0.307,0.313,-0.006000000000000005,"2.31","3.85","-1.536"
"Anderson, Shaun","641312","2025","56","42",0.377,0.296,0.08100000000000002,0.736,0.597,0.139,0.483,0.392,0.09099999999999997,"10.32","6.49","3.834"
"Avila, Luinder","679883","2025","56","34",0.143,0.17,-0.027000000000000024,0.204,0.221,-0.017000000000000015,0.204,0.227,-0.02300000000000002,"1.29","1.99","-0.704"
"Herget, Kevin","643361","2025","56","45",0.24,0.277,-0.03700000000000003,0.32,0.4,-0.08000000000000002,0.277,0.322,-0.044999999999999984,"2.77","4.10","-1.331"
"Miley, Wade","489119","2025","55","40",0.319,0.327,-0.008000000000000007,0.553,0.607,-0.05399999999999994,0.413,0.435,-0.02200000000000002,"6.75","8.46","-1.71"
"Estes, Joey","683155","2025","55","42",0.348,0.281,0.06699999999999995,0.696,0.519,0.17699999999999994,0.456,0.38,0.07600000000000001,"9.82","6.01","3.808"
"Arias, Luarbert","678215","2025","55","38",0.362,0.335,0.02699999999999997,0.617,0.563,0.05400000000000005,0.443,0.423,0.020000000000000018,"11.32","7.86","3.463"
"Johnson, Seth","686751","2025","54","33",0.22,0.188,0.032,0.46,0.292,0.16800000000000004,0.316,0.241,0.07500000000000001,"4.26","2.24","2.023"
"Sanoja, Javier","691594","2025","54","48",0.49,0.365,0.125,0.796,0.602,0.19400000000000006,0.562,0.438,0.12400000000000005,"16.39","8.62","7.773"
"Contreras, Luis","664351","2025","54","33",0.239,0.196,0.04299999999999998,0.435,0.326,0.10899999999999999,0.346,0.291,0.05499999999999999,"6.75","3.29","3.46"
"Kopech, Michael","656629","2025","53","28",0.15,0.221,-0.07100000000000001,0.15,0.271,-0.12100000000000002,0.27,0.33,-0.06,"2.46","4.33","-1.875"
"Hernandez, Nick","663321","2025","52","33",0.273,0.222,0.05100000000000002,0.591,0.513,0.07799999999999996,0.412,0.366,0.045999999999999985,"5.06","5.50","-0.437"
"Peralta, Sammy","671111","2025","52","38",0.318,0.275,0.04299999999999998,0.409,0.372,0.03699999999999998,0.325,0.294,0.031000000000000028,"7.59","3.37","4.224"
"Poche, Colin","621363","2025","52","27",0.333,0.23,0.10300000000000001,0.583,0.398,0.18499999999999994,0.454,0.377,0.07700000000000001,"12.54","5.90","6.636"
"Winckowski, Josh","670174","2025","52","37",0.25,0.308,-0.057999999999999996,0.295,0.502,-0.20700000000000002,0.281,0.386,-0.10499999999999998,"3.86","6.25","-2.393"
"Muñoz, Roddery","682610","2025","51","28",0.225,0.289,-0.06399999999999997,0.575,0.579,-0.0040000000000000036,0.39,0.427,-0.03699999999999998,"8.18","8.06","0.122"
"McDermott, Chayce","694646","2025","51","29",0.333,0.294,0.039000000000000035,0.639,0.604,0.03500000000000003,0.476,0.474,0.0020000000000000018,"15.58","10.72","4.857"
"Contreras, Roansy","672710","2025","51","42",0.25,0.23,0.01999999999999999,0.458,0.424,0.03400000000000003,0.324,0.302,0.02200000000000002,"5.68","3.57","2.114"
"Anderson, Ian","666120","2025","51","36",0.386,0.298,0.08800000000000002,0.568,0.444,0.12399999999999994,0.444,0.364,0.08000000000000002,"11.57","5.43","6.141"
"Effross, Scott","664123","2025","51","42",0.333,0.307,0.026000000000000023,0.583,0.477,0.10599999999999998,0.398,0.348,0.050000000000000044,"8.44","4.89","3.548"
"Harrington, Thomas","802419","2025","50","36",0.429,0.33,0.09899999999999998,0.762,0.597,0.16500000000000004,0.521,0.428,0.09300000000000003,"15.58","8.11","7.467"
"Horn, Bailey","690544","2025","50","33",0.256,0.314,-0.057999999999999996,0.349,0.432,-0.08300000000000002,0.321,0.374,-0.05299999999999999,"1.59","5.79","-4.202"
"McDaniels, Garrett","680729","2025","50","35",0.317,0.289,0.028000000000000025,0.512,0.455,0.056999999999999995,0.415,0.386,0.02899999999999997,"5.91","6.25","-0.344"
"Rodriguez, Carlos","692230","2025","50","30",0.317,0.221,0.096,0.512,0.333,0.179,0.414,0.319,0.09499999999999997,"6.52","4.02","2.497"
"Kimbrel, Craig","518886","2025","49","25",0.238,0.223,0.014999999999999986,0.381,0.367,0.014000000000000012,0.326,0.315,0.01100000000000001,"2.25","3.91","-1.66"
"Lao, Sauryn","666659","2025","49","37",0.304,0.285,0.019000000000000017,0.522,0.491,0.031000000000000028,0.372,0.351,0.02100000000000002,"4.91","4.98","-0.071"
"Darnell, Dugan","699911","2025","49","36",0.244,0.26,-0.016000000000000014,0.366,0.371,-0.0050000000000000044,0.332,0.34,-0.008000000000000007,"3.86","4.63","-0.773"
"Silseth, Chase","681217","2025","49","29",0.244,0.236,0.008000000000000007,0.366,0.373,-0.007000000000000006,0.31,0.311,-0.0010000000000000009,"1.64","3.80","-2.164"
"VanWey, Logan","701121","2025","49","38",0.333,0.296,0.03700000000000003,0.489,0.412,0.07700000000000001,0.382,0.336,0.045999999999999985,"5.06","4.51","0.553"
"Smith, Dylan","681916","2025","48","36",0.15,0.231,-0.08100000000000002,0.175,0.324,-0.14900000000000002,0.235,0.317,-0.08200000000000002,"1.39","3.96","-2.575"
"Seabold, Connor","657756","2025","48","32",0.293,0.234,0.05899999999999997,0.39,0.428,-0.03799999999999998,0.339,0.33,0.009000000000000008,"4.36","4.33","0.025"
"Bowden, Ben","641386","2025","47","35",0.225,0.3,-0.07499999999999998,0.55,0.663,-0.11299999999999999,0.346,0.419,-0.07300000000000001,"4.22","7.67","-3.451"
"Peguero, Elvis","665625","2025","47","32",0.3,0.268,0.03199999999999997,0.425,0.42,0.0050000000000000044,0.369,0.353,0.016000000000000014,"6.75","5.05","1.7"
"Murray, Jayden","681151","2025","47","36",0.227,0.27,-0.04300000000000001,0.227,0.393,-0.166,0.232,0.31,-0.07799999999999999,"1.54","3.77","-2.227"
"Rainey, Tanner","663432","2025","47","26",0.229,0.271,-0.04200000000000001,0.286,0.34,-0.05400000000000005,0.321,0.365,-0.043999999999999984,"11.17","5.46","5.712"
"Rangel, Alan","660604","2025","46","32",0.25,0.281,-0.031000000000000028,0.4,0.515,-0.11499999999999999,0.331,0.385,-0.05399999999999999,"2.46","6.21","-3.755"
"Winans, Allan","642216","2025","46","35",0.333,0.292,0.041000000000000036,0.59,0.513,0.07699999999999996,0.407,0.387,0.019999999999999962,"8.68","6.29","2.389"
"Daniel, Davis","669721","2025","46","29",0.25,0.284,-0.033999999999999975,0.444,0.545,-0.10100000000000003,0.35,0.402,-0.052000000000000046,"5.40","6.91","-1.51"
"Leclerc, José","600917","2025","46","33",0.317,0.3,0.017000000000000015,0.634,0.566,0.06800000000000006,0.431,0.402,0.02899999999999997,"6.00","6.91","-0.91"
"Suárez, Albert","544150","2025","44","31",0.225,0.209,0.016000000000000014,0.325,0.328,-0.0030000000000000027,0.251,0.26,-0.009000000000000008,"2.31","2.61","-0.296"
"Chavez, Jesse","445926","2025","43","30",0.368,0.275,0.09299999999999997,0.789,0.571,0.21800000000000008,0.51,0.394,0.11599999999999999,"9.00","6.57","2.43"
"Hollowell, Gavin","668970","2025","43","26",0.25,0.249,0.0010000000000000009,0.361,0.397,-0.03600000000000003,0.333,0.343,-0.010000000000000009,"4.82","4.73","0.091"
"Minter, A.J.","621345","2025","43","25",0.154,0.205,-0.05099999999999999,0.179,0.385,-0.20600000000000002,0.196,0.29,-0.09399999999999997,"1.64","3.27","-1.634"
"Darrell-Hicks, Michael","690382","2025","43","30",0.278,0.305,-0.02699999999999997,0.389,0.55,-0.16100000000000003,0.322,0.411,-0.08899999999999997,"7.45","7.30","0.148"
"Hill, Rich","448179","2025","43","31",0.257,0.289,-0.03199999999999997,0.457,0.49,-0.032999999999999974,0.376,0.398,-0.02200000000000002,"5.00","6.74","-1.74"
"Guenther, Sean","674944","2025","43","30",0.263,0.3,-0.03699999999999998,0.316,0.474,-0.15799999999999997,0.303,0.373,-0.07,"5.23","5.75","-0.524"
"Maeda, Kenta","628317","2025","43","25",0.273,0.261,0.01200000000000001,0.455,0.399,0.055999999999999994,0.393,0.372,0.02100000000000002,"7.88","5.71","2.165"
"Maxwell, Zach","687209","2025","43","26",0.256,0.253,0.0030000000000000027,0.59,0.408,0.182,0.384,0.319,0.065,"4.50","4.02","0.48"
"Marinaccio, Ron","676760","2025","42","26",0.162,0.16,0.0020000000000000018,0.162,0.25,-0.088,0.192,0.222,-0.03,"0.84","1.91","-1.066"
"Winn, Keaton","676775","2025","42","31",0.3,0.233,0.06699999999999998,0.475,0.415,0.06,0.348,0.295,0.05299999999999999,"4.50","3.39","1.11"
"Stephenson, Robert","596112","2025","42","27",0.189,0.226,-0.037000000000000005,0.378,0.39,-0.01200000000000001,0.273,0.294,-0.020999999999999963,"2.70","3.37","-0.67"
"Ramírez, Erasmo","541640","2025","42","35",0.256,0.29,-0.033999999999999975,0.436,0.466,-0.030000000000000027,0.297,0.324,-0.027000000000000024,"2.46","4.16","-1.705"
"Núñez, Dedniel","673380","2025","41","24",0.171,0.239,-0.06799999999999998,0.343,0.481,-0.13799999999999996,0.286,0.359,-0.07300000000000001,"4.66","5.25","-0.595"
"Castillo, Luis F.","622379","2025","41","29",0.364,0.296,0.068,0.455,0.462,-0.007000000000000006,0.413,0.388,0.024999999999999967,"7.71","6.33","1.384"
"Garabito, Gerson","642520","2025","41","30",0.395,0.335,0.06,0.526,0.513,0.013000000000000012,0.421,0.388,0.032999999999999974,"9.00","6.33","2.67"
"Yoho, Craig","684974","2025","41","24",0.276,0.208,0.06800000000000003,0.414,0.294,0.12,0.388,0.331,0.056999999999999995,"7.27","4.36","2.909"
"Petty, Chase","695534","2025","40","24",0.452,0.342,0.10999999999999999,0.839,0.617,0.22199999999999998,0.58,0.472,0.10799999999999998,"19.50","10.59","8.91"
"Harvey, Hunter","640451","2025","39","27",0.158,0.193,-0.035,0.158,0.236,-0.07799999999999999,0.153,0.2,-0.047000000000000014,0,1.57,"-1.57"
"Roberts, Ethan","681799","2025","39","30",0.286,0.305,-0.019000000000000017,0.629,0.572,0.05700000000000005,0.398,0.389,0.009000000000000008,"6.00","6.37","-0.37"
"Gervase, Paul","801434","2025","39","25",0.242,0.185,0.056999999999999995,0.545,0.411,0.13400000000000006,0.386,0.316,0.07,"4.32","3.93","0.39"
"Pop, Zach","647315","2025","39","33",0.417,0.381,0.035999999999999976,0.861,0.691,0.17000000000000004,0.55,0.474,0.07600000000000007,"14.85","10.72","4.13"
"Scholtens, Jesse","669947","2025","38","23",0.265,0.247,0.018000000000000016,0.353,0.35,0.0030000000000000027,0.294,0.285,0.009000000000000008,"5.40","3.15","2.25"
"Hernández, Enrique","571771","2025","37","28",0.393,0.324,0.069,0.571,0.535,0.03599999999999992,0.463,0.452,0.01100000000000001,"15.19","9.39","5.798"
"Young, Danny","664849","2025","37","20",0.281,0.212,0.06900000000000003,0.281,0.252,0.029000000000000026,0.298,0.257,0.04099999999999998,"4.32","2.55","1.77"
"Bride, Jonah","681146","2025","37","30",0.452,0.344,0.10800000000000004,0.613,0.575,0.038000000000000034,0.48,0.434,0.045999999999999985,"15.00","8.41","6.59"
"Taylor, Troy","700187","2025","37","31",0.467,0.425,0.04200000000000004,0.7,0.711,-0.01100000000000001,0.495,0.481,0.014000000000000012,"12.15","11.18","0.97"
"Van Belle, Brian","687003","2025","36","30",0.361,0.281,0.07999999999999996,0.556,0.433,0.12300000000000005,0.393,0.305,0.08800000000000002,"5.40","3.64","1.76"
"Barnes, Jacob","606930","2025","36","28",0.323,0.314,0.009000000000000008,0.452,0.54,-0.08800000000000002,0.345,0.393,-0.04800000000000004,"9.00","6.53","2.47"
"Hoeing, Bryan","663773","2025","36","28",0.281,0.184,0.09700000000000003,0.406,0.253,0.15300000000000002,0.318,0.232,0.086,"3.38","2.08","1.295"
"Santos, Gregory","666619","2025","36","28",0.296,0.299,-0.0030000000000000027,0.407,0.456,-0.049000000000000044,0.373,0.389,-0.016000000000000014,"5.14","6.37","-1.227"
"Matzek, Tyler","554431","2025","35","23",0.379,0.272,0.10699999999999998,0.517,0.456,0.061,0.418,0.357,0.061,"4.26","5.18","-0.917"
"Rock, Joe","697812","2025","35","20",0.226,0.207,0.019000000000000017,0.323,0.336,-0.013000000000000012,0.29,0.286,0.0040000000000000036,"2.35","3.18","-0.832"
"White, Owen","669391","2025","35","26",0.438,0.35,0.08800000000000002,0.594,0.474,0.12,0.466,0.384,0.08200000000000002,"9.00","6.17","2.83"
"Puk, A.J.","640462","2025","35","20",0.25,0.211,0.03900000000000001,0.531,0.345,0.18600000000000005,0.36,0.277,0.08299999999999996,"3.38","2.97","0.405"
"Morgan, Eli","669212","2025","35","28",0.375,0.27,0.10499999999999998,0.813,0.536,0.2769999999999999,0.508,0.361,0.14700000000000002,"12.27","5.32","6.953"
"Campbell, Isaiah","663462","2025","35","30",0.394,0.313,0.08100000000000002,0.545,0.402,0.14300000000000002,0.421,0.333,0.08799999999999997,"7.04","4.42","2.623"
"Estrada, Lazaro","681751","2025","35","22",0.323,0.277,0.045999999999999985,0.581,0.478,0.10299999999999998,0.412,0.354,0.057999999999999996,"8.59","5.08","3.511"
"Warren, Austin","681810","2025","34","21",0.167,0.231,-0.064,0.267,0.434,-0.16699999999999998,0.245,0.33,-0.08500000000000002,"0.96","4.33","-3.366"
"Sanders, Cam","676742","2025","34","25",0.31,0.324,-0.014000000000000012,0.552,0.608,-0.05599999999999994,0.414,0.439,-0.025000000000000022,"8.10","8.67","-0.57"
"Tate, Dillon","622253","2025","34","19",0.296,0.267,0.02899999999999997,0.444,0.486,-0.04199999999999998,0.396,0.397,-0.0010000000000000009,"4.26","6.69","-2.427"
"Maldonado, Anthony","687424","2025","33","21",0.357,0.308,0.04899999999999999,0.786,0.609,0.17700000000000005,0.505,0.423,0.08200000000000002,"12.00","7.86","4.14"
"La Sorsa, Joe","686747","2025","33","29",0.419,0.308,0.11099999999999999,0.871,0.571,0.30000000000000004,0.552,0.392,0.16000000000000003,"10.80","6.49","4.31"
"Turnbull, Spencer","605513","2025","33","25",0.414,0.29,0.124,0.621,0.504,0.11699999999999999,0.472,0.381,0.09099999999999997,"7.11","6.05","1.055"
"Zulueta, Yosver","691172","2025","32","23",0.192,0.278,-0.08600000000000002,0.308,0.513,-0.20500000000000002,0.269,0.37,-0.10099999999999998,"6.14","5.64","0.496"
"Suero, Wander","593833","2025","32","21",0.357,0.2,0.15699999999999997,0.714,0.472,0.242,0.482,0.333,0.14899999999999997,"11.37","4.42","6.948"
"Gillaspie, Logan","670810","2025","31","22",0.269,0.317,-0.04799999999999999,0.385,0.521,-0.136,0.349,0.413,-0.064,"2.57","7.39","-4.819"
"Clevinger, Mike","605182","2025","31","20",0.227,0.196,0.031,0.273,0.249,0.02400000000000002,0.333,0.341,-0.008000000000000007,"7.94","4.66","3.281"
"Thomas, Connor","671162","2025","31","23",0.462,0.361,0.10100000000000003,0.885,0.683,0.20199999999999996,0.545,0.476,0.06900000000000006,"20.25","10.85","9.4"
"Rodriguez, Bradgley","699134","2025","31","16",0.16,0.148,0.01200000000000001,0.2,0.18,0.020000000000000018,0.248,0.237,0.01100000000000001,"1.17","2.17","-0.996"
"McKenzie, Triston","663474","2025","30","19",0.318,0.334,-0.016000000000000014,0.545,0.602,-0.05699999999999994,0.43,0.494,-0.064,"11.12","12.09","-0.972"
"Swanson, Erik","657024","2025","30","21",0.364,0.312,0.05199999999999999,0.773,0.46,0.313,0.489,0.384,0.10499999999999998,"15.19","6.17","9.018"
"Gasser, Robert","688107","2025","29","18",0.217,0.217,0,0.391,0.408,-0.01699999999999996,0.35,0.355,-0.0050000000000000044,"3.18","5.12","-1.944"
"Bauers, Jake","641343","2025","29","23",0.348,0.305,0.04299999999999998,0.435,0.576,-0.14099999999999996,0.39,0.417,-0.02699999999999997,"3.60","7.58","-3.98"
"Richards, Trevor","670950","2025","29","22",0.44,0.267,0.173,0.52,0.32,0.2,0.422,0.294,0.128,"7.94","3.37","4.571"
"Otañez, Michel","671305","2025","28","16",0.318,0.272,0.045999999999999985,0.727,0.57,0.15700000000000003,0.491,0.428,0.063,"13.50","8.11","5.39"
"Castro, Miguel","612434","2025","28","18",0.227,0.246,-0.01899999999999999,0.455,0.397,0.057999999999999996,0.374,0.365,0.009000000000000008,"7.50","5.46","2.04"
"Tarnok, Freddy","676206","2025","28","13",0.043,0.148,-0.105,0.174,0.205,-0.031,0.197,0.253,-0.055999999999999994,"2.46","2.47","-0.015"
"Miller, Bobby","676272","2025","28","18",0.44,0.319,0.121,0.76,0.589,0.17100000000000004,0.525,0.409,0.11600000000000005,"12.60","7.21","5.39"
"Rojas, Miguel","500743","2025","28","25",0.44,0.411,0.029000000000000026,0.92,0.792,0.128,0.585,0.529,0.05599999999999994,"12.60","14.91","-2.31"
"Zimmermann, Bruce","669145","2025","28","25",0.269,0.29,-0.020999999999999963,0.5,0.413,0.08700000000000002,0.352,0.331,0.020999999999999963,"7.50","4.36","3.14"
"Garza, Justin","621057","2025","28","24",0.296,0.328,-0.03200000000000003,0.481,0.557,-0.07600000000000007,0.344,0.387,-0.04300000000000004,"5.40","6.29","-0.89"
"De León, José","592254","2025","28","17",0.32,0.233,0.087,0.44,0.321,0.119,0.367,0.288,0.07900000000000001,"4.05","3.22","0.83"
"Heineman, Tyler","623168","2025","27","25",0.625,0.479,0.14600000000000002,0.833,0.738,0.09499999999999997,0.614,0.537,0.07699999999999996,"32.40","15.65","16.75"
"Garcia, Luis","677651","2025","27","19",0.115,0.158,-0.043,0.346,0.391,-0.04500000000000004,0.21,0.247,-0.037000000000000005,"3.52","2.35","1.172"
"Martinez, Seth","661527","2025","27","20",0.182,0.241,-0.059,0.5,0.579,-0.07899999999999996,0.307,0.417,-0.10999999999999999,"5.40","7.58","-2.18"
"Mena, Cristian","691441","2025","26","15",0.13,0.22,-0.09,0.261,0.312,-0.05099999999999999,0.226,0.283,-0.05699999999999997,"1.35","3.11","-1.76"
"Laweryson, Cody","689520","2025","26","19",0.167,0.209,-0.04199999999999998,0.167,0.258,-0.091,0.141,0.219,-0.07800000000000001,"1.17","1.86","-0.686"
"Henry, Tommy","674072","2025","26","16",0.261,0.314,-0.05299999999999999,0.652,0.661,-0.009000000000000008,0.407,0.433,-0.026000000000000023,"4.05","8.36","-4.31"
"Ragsdale, Carson","685068","2025","25","20",0.417,0.291,0.126,0.708,0.521,0.18699999999999994,0.486,0.358,0.128,"14.40","5.22","9.18"
"Hahn, Jesse","534910","2025","25","16",0.333,0.328,0.0050000000000000044,0.5,0.435,0.065,0.407,0.383,0.023999999999999966,"5.40","6.13","-0.73"
"Williams, Luke","663897","2025","25","20",0.25,0.268,-0.018000000000000016,0.417,0.447,-0.030000000000000027,0.3,0.32,-0.020000000000000018,"3.00","4.04","-1.04"
"Waldron, Matt","663362","2025","25","16",0.316,0.357,-0.04099999999999998,0.474,0.638,-0.16400000000000003,0.424,0.487,-0.063,"7.71","11.59","-3.876"
"Walker, Josh","677020","2025","25","14",0.364,0.241,0.123,0.5,0.379,0.121,0.411,0.316,0.09499999999999997,"7.20","3.93","3.27"
"López, Reynaldo","625643","2025","25","22",0.391,0.416,-0.024999999999999967,0.565,0.612,-0.04700000000000004,0.434,0.463,-0.029000000000000026,"5.40","10.03","-4.63"
"Edwards Jr., Carl","605218","2025","24","15",0.2,0.181,0.019000000000000017,0.35,0.362,-0.01200000000000001,0.282,0.283,-0.0010000000000000009,"4.50","3.11","1.39"
"Hartlieb, Geoff","664129","2025","24","13",0.444,0.433,0.01100000000000001,0.889,0.868,0.02100000000000002,0.594,0.583,0.01100000000000001,"21.60","20.71","0.89"
"Church, Marc","687847","2025","23","12",0.25,0.275,-0.025000000000000022,0.375,0.62,-0.245,0.366,0.441,-0.07500000000000001,"3.86","8.78","-4.923"
"Nikhazy, Doug","680951","2025","23","12",0.294,0.291,0.0030000000000000027,0.529,0.524,0.0050000000000000044,0.435,0.435,0,"13.50","8.46","5.04"
"Feyereisen, J.P.","656420","2025","23","18",0.5,0.37,0.13,0.909,0.64,0.269,0.597,0.43,0.16699999999999998,"11.25","8.21","3.04"
"McCaughan, Darren","670766","2025","23","16",0.227,0.232,-0.0050000000000000044,0.273,0.323,-0.04999999999999999,0.238,0.259,-0.02100000000000002,"1.69","2.59","-0.902"
"Fulmer, Michael","605242","2025","23","18",0.286,0.346,-0.06,0.571,0.731,-0.16000000000000003,0.389,0.471,-0.08199999999999996,"4.76","10.53","-5.765"
"Weems, Jordan","607179","2025","23","20",0.45,0.434,0.016000000000000014,0.55,0.586,-0.03599999999999992,0.468,0.474,-0.00599999999999995,"14.54","10.72","3.818"
"Misiewicz, Anthony","664948","2025","23","14",0.263,0.333,-0.07,0.579,0.686,-0.1070000000000001,0.413,0.474,-0.061,"9.64","10.72","-1.077"
"Carrillo, Alex","692024","2025","22","15",0.316,0.351,-0.034999999999999976,1,0.941,0.05900000000000005,0.563,0.557,0.005999999999999894,"13.50","17.67","-4.17"
"Phillips, Evan","623465","2025","22","14",0.2,0.204,-0.003999999999999976,0.2,0.245,-0.044999999999999984,0.223,0.24,-0.016999999999999987,0,2.22,"-2.22"
"Joyce, Ben","690829","2025","21","18",0.263,0.293,-0.02999999999999997,0.579,0.604,-0.025000000000000022,0.382,0.406,-0.02400000000000002,"6.23","7.08","-0.849"
"Heuer, Codi","676051","2025","21","14",0.211,0.223,-0.01200000000000001,0.684,0.56,0.124,0.399,0.36,0.039000000000000035,"5.79","5.29","0.496"
"Burdi, Nick","595897","2025","21","14",0.263,0.309,-0.045999999999999985,0.316,0.385,-0.069,0.294,0.338,-0.04400000000000004,0,4.57,"-4.57"
"Muñoz, Rolddy","691548","2025","21","9",0.286,0.212,0.07399999999999998,0.5,0.44,0.06,0.457,0.415,0.04200000000000004,"12.27","7.49","4.783"
"Morán, Jovani","663558","2025","20","12",0.294,0.226,0.06799999999999998,0.412,0.336,0.07599999999999996,0.359,0.309,0.04999999999999999,"6.75","3.75","3"
"Fernández, Julian","642759","2025","20","13",0.167,0.328,-0.161,0.5,0.645,-0.14500000000000002,0.317,0.438,-0.121,"5.40","8.62","-3.22"
"Mercado, Michael","675650","2025","20","12",0.467,0.335,0.132,0.667,0.609,0.05800000000000005,0.505,0.446,0.059,"15.00","9.05","5.95"
"Pereda, Jhonny","640902","2025","20","15",0.529,0.395,0.134,0.941,0.623,0.31799999999999995,0.598,0.44,0.15799999999999997,"21.00","8.73","12.27"
"Monteverde, Patrick","687287","2025","20","15",0.474,0.303,0.17099999999999999,0.579,0.414,0.16499999999999998,0.469,0.328,0.14099999999999996,"9.82","4.27","5.548"
"Berti, Jon","542932","2025","19","15",0.267,0.431,-0.16399999999999998,0.4,0.71,-0.30999999999999994,0.37,0.526,-0.15600000000000003,"7.36","14.65","-7.286"
"Black, Mason","696131","2025","19","14",0.263,0.223,0.04000000000000001,0.737,0.608,0.129,0.41,0.342,0.06799999999999995,"6.75","4.70","2.05"
"Dobnak, Randy","677976","2025","19","16",0.118,0.302,-0.184,0.294,0.534,-0.24000000000000005,0.226,0.39,-0.164,"1.69","6.41","-4.722"
"Sommers, Drew","805427","2025","19","12",0.467,0.284,0.18300000000000005,0.867,0.445,0.422,0.589,0.393,0.19599999999999995,"18.00","6.53","11.47"
"Kingery, Scott","664068","2025","18","17",0.667,0.387,0.28,1.056,0.787,0.269,0.737,0.494,0.243,"36.00","12.09","23.91"
"Brigham, Jeff","656257","2025","18","14",0.412,0.417,-0.0050000000000000044,0.588,0.672,-0.08400000000000007,0.446,0.476,-0.02999999999999997,"8.10","10.85","-2.75"
"Cruz, Omar","678316","2025","18","10",0.267,0.205,0.06200000000000003,0.333,0.31,0.02300000000000002,0.332,0.297,0.03500000000000003,"4.91","3.44","1.469"
"Abner, Philip","691769","2025","18","10",0.333,0.193,0.14,0.467,0.388,0.07900000000000001,0.401,0.319,0.08200000000000002,"4.91","4.02","0.889"
"Hedges, Austin","595978","2025","16","14",0.429,0.436,-0.007000000000000006,0.571,0.585,-0.014000000000000012,0.42,0.447,-0.027000000000000024,"6.00","9.11","-3.11"
"Cosgrove, Tom","676680","2025","16","12",0.2,0.161,0.03900000000000001,0.2,0.183,0.017000000000000015,0.209,0.185,0.023999999999999994,"2.25","1.36","0.89"
"Rogers, Jake","668670","2025","16","15",0.357,0.332,0.024999999999999967,0.429,0.626,-0.197,0.344,0.458,-0.11400000000000005,"2.46","9.73","-7.275"
"Peraza, Oswald","672724","2025","16","15",0.6,0.335,0.26499999999999996,0.867,0.463,0.40399999999999997,0.637,0.367,0.27,"30.86","5.53","25.327"
"Poteet, Cody","547001","2025","16","13",0.429,0.261,0.16799999999999998,0.714,0.508,0.20599999999999996,0.507,0.372,0.135,"16.88","5.71","11.165"
"Perdomo, Angel","622780","2025","16","10",0.167,0.288,-0.12099999999999997,0.167,0.45,-0.28300000000000003,0.285,0.412,-0.127,"5.40","7.35","-1.95"
"Newman, Kevin","621028","2025","16","16",0.25,0.266,-0.016000000000000014,0.75,0.838,-0.08799999999999997,0.411,0.449,-0.038000000000000034,"6.75","9.22","-2.47"
"Koss, Christian","683766","2025","16","16",0.25,0.352,-0.10199999999999998,0.25,0.527,-0.277,0.221,0.378,-0.157,0,5.94,"-5.94"
"Freeman, Caleb","673965","2025","16","12",0.357,0.26,0.09699999999999998,0.643,0.448,0.195,0.442,0.325,0.11699999999999999,"5.40","4.19","1.21"
"Curry, Xzavion","675540","2025","16","12",0.308,0.191,0.11699999999999999,0.308,0.329,-0.02100000000000002,0.35,0.308,0.04199999999999998,"6.00","3.72","2.28"
"Castaño, Blas","680604","2025","16","12",0.308,0.383,-0.07500000000000001,0.692,0.866,-0.17400000000000004,0.471,0.555,-0.08400000000000007,"9.00","17.45","-8.45"
"France, J.P.","641585","2025","16","9",0.143,0.241,-0.098,0.214,0.404,-0.19000000000000003,0.22,0.326,-0.10600000000000001,"2.25","4.21","-1.96"
"McCormick, Chas","676801","2025","15","10",0.273,0.257,0.016000000000000014,0.273,0.343,-0.07,0.365,0.379,-0.014000000000000012,"6.00","5.97","0.03"
"Díaz, Yilber","700270","2025","15","11",0.333,0.386,-0.05299999999999999,0.5,0.681,-0.18100000000000005,0.423,0.501,-0.07800000000000001,"9.00","12.61","-3.61"
"Stock, Robert","476594","2025","15","10",0.364,0.391,-0.027000000000000024,0.636,0.74,-0.10399999999999998,0.497,0.534,-0.03700000000000003,"10.13","15.37","-5.245"
"Owens, Tyler","687074","2025","15","11",0.25,0.338,-0.08800000000000002,0.25,0.463,-0.21300000000000002,0.315,0.412,-0.09699999999999998,"3.00","7.35","-4.35"
"Krook, Matt","640454","2025","15","11",0.385,0.258,0.127,0.538,0.459,0.07900000000000001,0.417,0.331,0.08599999999999997,"5.40","4.36","1.04"
"Gerber, Joey","680702","2025","15","11",0.2,0.173,0.027000000000000024,0.4,0.201,0.199,0.253,0.162,0.091,"2.08","1.07","1.007"
"Little, Luke","681432","2025","15","5",0.125,0.065,0.06,0.125,0.069,0.055999999999999994,0.359,0.33,0.02899999999999997,"3.38","4.33","-0.955"
"Capra, Vinny","681962","2025","15","14",0.333,0.313,0.020000000000000018,0.6,0.568,0.03200000000000003,0.396,0.372,0.02400000000000002,"6.00","5.71","0.29"
"Little, Jack","669193","2025","14","10",0.333,0.207,0.12600000000000003,0.5,0.269,0.23099999999999998,0.403,0.277,0.126,"6.00","2.97","3.03"
"Urquidy, José","664353","2025","14","8",0.364,0.323,0.04099999999999998,0.364,0.457,-0.09300000000000003,0.4,0.411,-0.010999999999999954,"7.71","7.30","0.414"
"Lee, Korey","686676","2025","14","12",0.333,0.303,0.030000000000000027,0.5,0.569,-0.06899999999999995,0.404,0.415,-0.010999999999999954,"3.00","7.49","-4.49"
"Vázquez, Luis","676679","2025","14","13",0.231,0.347,-0.11599999999999996,0.231,0.509,-0.278,0.238,0.39,-0.15200000000000002,0,6.41,"-6.41"
"Piña, Robinson","673820","2025","14","12",0.385,0.399,-0.014000000000000012,0.692,0.73,-0.038000000000000034,0.473,0.494,-0.02100000000000002,"7.71","12.09","-4.376"
"Adcock, Ty","686654","2025","14","6",0.182,0.111,0.071,0.455,0.277,0.178,0.331,0.244,0.08700000000000002,"3.00","2.30","0.7"
"Jameson, Drey","686753","2025","13","10",0.4,0.414,-0.013999999999999957,0.6,0.519,0.08099999999999996,0.488,0.47,0.018000000000000016,"3.00","10.46","-7.46"
"Wynne, Randy","691094","2025","13","9",0.25,0.226,0.023999999999999994,0.583,0.588,-0.0050000000000000044,0.374,0.368,0.006000000000000005,"3.00","5.57","-2.57"
"Rivera, Emmanuel","656896","2025","13","11",0.727,0.424,0.303,1.364,0.902,0.4620000000000001,0.852,0.579,0.273,"72.00","20.21","51.79"
"Roa, Christian","685005","2025","12","6",0.111,0.334,-0.22300000000000003,0.222,0.694,-0.472,0.277,0.496,-0.21899999999999997,0,12.23,"-12.23"
"Thompson, Zach","605507","2025","12","8",0,0.129,-0.129,0,0.148,-0.148,0.058,0.17,-0.11200000000000002,0,1.16,"-1.16"
"Trevino, Jose","624431","2025","12","10",0.4,0.389,0.01100000000000001,0.6,0.724,-0.124,0.413,0.452,-0.039000000000000035,"3.86","9.39","-5.533"
"Barco, Hunter","682995","2025","12","9",0.25,0.324,-0.07400000000000001,0.333,0.492,-0.15899999999999997,0.251,0.349,-0.09799999999999998,0,4.92,"-4.92"
"Wilson, Weston","642215","2025","12","12",0.25,0.325,-0.07500000000000001,0.25,0.473,-0.22299999999999998,0.221,0.341,-0.12000000000000002,0,4.66,"-4.66"
"Wilcox, Cole","677961","2025","12","8",0.444,0.381,0.063,0.556,0.518,0.038000000000000034,0.498,0.463,0.034999999999999976,"27.00","10.03","16.97"
"Harris, Hayden","802686","2025","12","10",0.3,0.411,-0.11099999999999999,0.4,0.608,-0.20799999999999996,0.367,0.479,-0.11199999999999999,"3.38","11.05","-7.675"
"Nola, Austin","543592","2025","11","11",0.889,0.544,0.345,2,1.437,0.563,0.986,0.698,0.28800000000000003,"72.00","44.03","27.97"
"Nelson, Kyle","669459","2025","11","5",0.143,0.14,0.002999999999999975,0.571,0.524,0.04699999999999993,0.437,0.423,0.014000000000000012,"9.00","7.86","1.14"
"Barnhart, Tucker","571466","2025","11","10",0.5,0.346,0.15400000000000003,0.6,0.534,0.06599999999999995,0.5,0.407,0.09300000000000003,"13.50","7.12","6.38"
"Duran, Ezequiel","677649","2025","11","11",0.091,0.237,-0.146,0.091,0.31,-0.219,0.08,0.236,-0.15599999999999997,0,2.15,"-2.15"
"Toussaint, Touki","657053","2025","11","7",0.4,0.274,0.126,0.5,0.356,0.14400000000000002,0.417,0.311,0.10599999999999998,"9.00","3.80","5.2"
"Tellez, Rowdy","642133","2025","11","10",0.5,0.487,0.013000000000000012,0.8,0.714,0.08600000000000008,0.572,0.532,0.039999999999999925,"13.50","15.19","-1.69"
"Bruján, Vidal","660644","2025","11","10",0.4,0.314,0.08600000000000002,0.7,0.594,0.10599999999999998,0.489,0.412,0.07700000000000001,"13.50","7.35","6.15"
"Mateo, Jorge","622761","2025","11","8",0.625,0.59,0.03500000000000003,1,0.999,0.0010000000000000009,0.697,0.687,0.009999999999999898,"45.00","40.74","4.26"
"Bolton, Cody","675989","2025","10","9",0.4,0.377,0.02300000000000002,0.5,0.539,-0.039000000000000035,0.39,0.392,-0.0020000000000000018,"13.50","6.49","7.01"
"de Geus, Brett","676969","2025","10","7",0.143,0.174,-0.031,0.143,0.276,-0.13300000000000003,0.296,0.342,-0.04600000000000004,"4.50","4.70","-0.2"
"Herrera, Jose","645444","2025","10","10",0.4,0.429,-0.02899999999999997,0.5,0.541,-0.041000000000000036,0.39,0.419,-0.02899999999999997,"4.50","7.67","-3.17"
"MacIver, Willie","680862","2025","10","10",0.4,0.287,0.11300000000000004,0.5,0.432,0.068,0.39,0.308,0.08200000000000002,0,3.72,"-3.72"
"Rosario, Amed","642708","2025","10","8",0.625,0.506,0.119,1,0.857,0.14300000000000002,0.695,0.601,0.09399999999999997,"36.00","23.16","12.84"
"Pope, Austin","687166","2025","9","7",0.25,0.359,-0.10899999999999999,0.25,0.421,-0.17099999999999999,0.273,0.38,-0.10699999999999998,0,6.01,"-6.01"
"Caballero, José","676609","2025","9","8",0.625,0.424,0.201,1.75,1.077,0.673,0.947,0.631,0.31599999999999995,"54.00","28.02","25.98"
"Ottavino, Adam","493603","2025","9","2",0,0.103,-0.103,0,0.128,-0.128,0.307,0.363,-0.055999999999999994,0,5.39,"-5.39"
"Kavadas, Niko","694359","2025","9","7",0.375,0.408,-0.032999999999999974,0.375,0.48,-0.10499999999999998,0.371,0.417,-0.045999999999999985,0,7.58,"-7.58"
"Montes De Oca, Christian","801216","2025","9","6",0,0.057,-0.057,0,0.069,-0.069,0.077,0.126,-0.049,0,0.69,"-0.69"
"Hummel, Cooper","669450","2025","9","8",0.625,0.494,0.131,1.125,0.892,0.23299999999999998,0.74,0.602,0.138,"36.00","23.31","12.69"
"Corniell, Jose","692030","2025","9","7",0.375,0.314,0.061,0.875,0.733,0.14200000000000002,0.54,0.464,0.07600000000000001,"16.20","10.09","6.11"
"Espada, Jose","664744","2025","9","5",0.111,0.024,0.087,0.111,0.029,0.082,0.098,0.022,0.07600000000000001,0,0.04,"-0.04"
"Torrens, Luis","620443","2025","8","7",0.714,0.41,0.304,2,0.953,1.0470000000000002,1.061,0.586,0.475,"54.00","21.10","32.9"
"Triolo, Jared","669707","2025","8","7",0.429,0.276,0.15299999999999997,1,0.616,0.384,0.608,0.409,0.199,0,7.21,"-7.21"
"Toro, Abraham","647351","2025","8","7",0.667,0.408,0.25900000000000006,1,0.519,0.481,0.62,0.39,0.22999999999999998,"18.00","6.41","11.59"
"Quijada, José","650671","2025","8","3",0.167,0.312,-0.145,0.167,0.384,-0.217,0.283,0.399,-0.11600000000000005,0,6.78,"-6.78"
"Burr, Ryan","621114","2025","8","4",0.143,0.161,-0.018000000000000016,0.143,0.183,-0.04000000000000001,0.197,0.22,-0.022999999999999993,0,1.88,"-1.88"
"Sanmartin, Reiver","665665","2025","8","5",0.286,0.246,0.03999999999999998,0.429,0.393,0.035999999999999976,0.305,0.273,0.03199999999999997,0,2.88,"-2.88"
"Fitzgerald, Ryan","680837","2025","8","8",0.25,0.422,-0.172,0.25,0.781,-0.531,0.221,0.505,-0.28400000000000003,0,12.91,"-12.91"
"Wilson, Will","669717","2025","8","8",0.25,0.487,-0.237,0.75,0.97,-0.21999999999999997,0.411,0.611,-0.2,"9.00","24.67","-15.67"
"Jackson, Alex","656577","2025","8","6",0.6,0.541,0.05899999999999994,1,0.725,0.275,0.596,0.514,0.08199999999999996,"27.00","13.63","13.37"
"Reyes, Pablo","622569","2025","8","8",0.625,0.449,0.176,1.25,0.8,0.44999999999999996,0.788,0.528,0.26,"27.00","14.82","12.18"
"Stallings, Jacob","607732","2025","8","7",0.25,0.313,-0.063,0.375,0.468,-0.09300000000000003,0.267,0.336,-0.069,"4.50","4.51","-0.01"
"Hoffman, Nolan","676510","2025","7","4",0.5,0.152,0.348,0.833,0.213,0.62,0.583,0.234,0.349,"27.00","2.12","24.88"
"Sánchez, Gary","596142","2025","7","5",0.4,0.447,-0.046999999999999986,1.2,1.085,0.11499999999999999,0.672,0.66,0.01200000000000001,"36.00","33.89","2.11"
"Wiles, Nathan","686249","2025","7","6",0.667,0.493,0.17400000000000004,0.833,0.626,0.20699999999999996,0.557,0.418,0.13900000000000007,"27.00","7.63","19.37"
"Yastrzemski, Mike","573262","2025","7","5",0.4,0.338,0.062,0.6,0.653,-0.05300000000000005,0.507,0.501,0.006000000000000005,"18.00","12.61","5.39"
"Raquet, Nick","675919","2025","7","5",0,0.144,-0.144,0,0.179,-0.179,0.099,0.216,-0.11699999999999999,0,1.81,"-1.81"
"Sandridge, Jayvien","682144","2025","6","1",0.333,0.315,0.018000000000000016,1.333,1.254,0.07899999999999996,0.69,0.671,0.018999999999999906,"27.00","36.50","-9.5"
"Jankowski, Travis","608671","2025","6","4",0.667,0.707,-0.039999999999999925,0.667,0.805,-0.138,0.53,0.618,-0.08799999999999997,"18.00","25.78","-7.78"
"Lange, Alex","656638","2025","6","4",0.4,0.24,0.16000000000000003,0.4,0.279,0.121,0.409,0.302,0.10699999999999998,0,3.57,"-3.57"
"Rooney, John","680701","2025","6","3",0.2,0.233,-0.033,0.8,0.739,0.061000000000000054,0.455,0.45,0.0050000000000000044,"6.75","9.27","-2.52"
"McGuire, Reese","624512","2025","6","5",0.4,0.396,0.0040000000000000036,1,0.808,0.19199999999999995,0.602,0.539,0.06299999999999994,"9.00","15.84","-6.84"
"Sánchez, Ali","645305","2025","6","5",0.6,0.334,0.26599999999999996,1,0.726,0.274,0.564,0.388,0.17599999999999993,"18.00","6.33","11.67"
"Mastrobuoni, Miles","670156","2025","6","4",0.25,0.141,0.10900000000000001,0.25,0.164,0.086,0.378,0.319,0.059,0,4.02,"-4.02"
"Walters, Andrew","689958","2025","6","4",0.333,0.231,0.10200000000000001,1,0.699,0.30100000000000005,0.548,0.382,0.16600000000000004,"13.50","6.09","7.41"
"Hamel, Dom","687589","2025","6","5",0.6,0.418,0.182,0.6,0.516,0.08399999999999996,0.562,0.457,0.10500000000000004,0,9.67,"-9.67"
"Kelly, Casey","543391","2025","6","5",0.2,0.225,-0.024999999999999994,0.2,0.288,-0.08799999999999997,0.262,0.298,-0.035999999999999976,0,3.47,"-3.47"
"Clemens, Kody","665019","2025","6","6",0.5,0.425,0.07500000000000001,1.5,1.311,0.18900000000000006,0.826,0.716,0.10999999999999999,"18.00","50.16","-32.16"
"Nido, Tomás","621512","2025","6","5",0,0.105,-0.105,0,0.148,-0.148,0.12,0.195,-0.07500000000000001,0,1.49,"-1.49"
"Wade, Tyler","642180","2025","6","5",0.4,0.392,0.008000000000000007,0.6,0.45,0.14999999999999997,0.471,0.42,0.05099999999999999,"9.00","7.72","1.28"
"Rivas, Leo","660844","2025","6","5",0.6,0.522,0.07799999999999996,0.6,0.65,-0.050000000000000044,0.556,0.543,0.013000000000000012,0,16.23,"-16.23"
"Palisch, Jake","669449","2025","6","6",0.5,0.452,0.04799999999999999,0.667,0.647,0.020000000000000018,0.503,0.472,0.031000000000000028,"18.00","10.59","7.41"
"Pintaro, Jonathan","702752","2025","6","3",0.5,0.413,0.08700000000000002,0.5,0.461,0.03899999999999998,0.525,0.485,0.040000000000000036,"27.00","11.45","15.55"
"Duran, Carlos","679922","2025","5","2",0.5,0.31,0.19,0.5,0.371,0.129,0.591,0.533,0.05799999999999994,"81.00","15.28","65.72"
"Acton, Garrett","670183","2025","5","3",0,0.016,-0.016,0,0.03,-0.03,0.277,0.289,-0.011999999999999955,0,3.25,"-3.25"
"Díaz, Jhonathan","646242","2025","5","4",0.2,0.277,-0.07700000000000001,0.2,0.316,-0.11599999999999999,0.176,0.263,-0.08700000000000002,0,2.67,"-2.67"
"Porter, Logan","682515","2025","5","5",0.4,0.498,-0.09799999999999998,1,0.858,0.14200000000000002,0.584,0.575,0.009000000000000008,"9.00","19.72","-10.72"
"Farmer, Kyle","571657","2025","5","5",0.6,0.437,0.16299999999999998,1.2,1.084,0.11599999999999988,0.76,0.631,0.129,"9.00","28.02","-19.02"
"Eaton, Nate","681987","2025","4","4",0.5,0.369,0.131,0.75,0.593,0.15700000000000003,0.534,0.407,0.12700000000000006,0,7.12,"-7.12"
"Burleson, Alec","676475","2025","4","3",0.333,0.297,0.03600000000000003,0.333,0.554,-0.22100000000000003,0.401,0.447,-0.045999999999999985,0,9.11,"-9.11"
"Salazar, César","663967","2025","4","3",0,0.013,-0.013,0,0.038,-0.038,0.181,0.196,-0.015000000000000013,0,1.51,"-1.51"
"Maile, Luke","571912","2025","4","3",0,0.101,-0.101,0,0.212,-0.212,0.173,0.27,-0.09700000000000003,0,2.82,"-2.82"
"Seigler, Anthony","678011","2025","4","4",0.25,0.082,0.16799999999999998,0.25,0.1,0.15,0.221,0.079,0.14200000000000002,0,0.31,"-0.31"
"Gilbreath, Lucas","656458","2025","4","2",0.25,0.414,-0.16399999999999998,1,1.155,-0.15500000000000003,0.509,0.649,-0.14,"9.00","31.50","-22.5"
"Castro, Willi","650489","2025","4","4",0.25,0.192,0.057999999999999996,0.25,0.282,-0.03199999999999997,0.221,0.202,0.01899999999999999,0,1.6,"-1.6"
"Slater, Austin","596103","2025","3","3",0.333,0.355,-0.021999999999999964,0.333,0.391,-0.057999999999999996,0.294,0.321,-0.027000000000000024,0,4.07,"-4.07"
"Davidson, Logan","669722","2025","3","2",0,0.011,-0.011,0,0.028,-0.028,0,0.015,-0.015,0,0.02,"-0.02"
"Amaya, Jacob","676070","2025","3","3",0,0.077,-0.077,0,0.102,-0.102,0,0.077,-0.077,0,0.3,"-0.3"
"Stefanic, Michael","683021","2025","3","3",0,0.068,-0.068,0,0.128,-0.128,0,0.079,-0.079,0,0.31,"-0.31"
"Young, Jared","676724","2025","3","2",0.5,0.209,0.29100000000000004,0.5,0.236,0.264,0.525,0.362,0.16300000000000003,0,5.36,"-5.36"
"Hampson, Garrett","641658","2025","3","3",0,0.165,-0.165,0,0.203,-0.203,0,0.166,-0.166,0,1.11,"-1.11"
"Trejo, Alan","676701","2025","3","3",0.333,0.365,-0.03199999999999997,0.333,0.403,-0.07,0.294,0.334,-0.040000000000000036,0,4.45,"-4.45"
"Lopez, Nicky","670032","2025","2","1",0,0.014,-0.014,0,0.034,-0.034,0.346,0.355,-0.009000000000000008,0,5.12,"-5.12"
"Kiner-Falefa, Isiah","643396","2025","2","2",0,0.011,-0.011,0,0.028,-0.028,0,0.013,-0.013,0,0.02,"-0.02"
"McKinstry, Zach","656716","2025","1","1",0,0.039,-0.039,0,0.04,-0.04,0,0.035,-0.035,0,0.09,"-0.09"