"bpid","mlbid","Name","Age","Season","Team","Games","Innings","Fielded Plays","RDA Outs","Range Out Score","Attempt Range","THR Opps","THR Rate","RDA","THR","CDA","DRP"
150551,694212,"Samuel Basallo",20,2025,"BAL",24,196.7,10,0,-0.3,0,,,0,,-0.6,-0.6
158731,800311,"Didier Fuentes",20,2025,"ATL",4,13,,,,,,,,,0,
170244,805811,"Bryce Eldridge",20,2025,"SF",4,34,4,0,-0.1,-1,,,0,,0,0
147956,691406,"Junior Caminero",21,2025,"TB",148,1259.3,337,-0.7,-0.2,-2,,,-0.5,,0,-0.5
150534,694192,"Jackson Chourio",21,2025,"MIL",129,1138.7,464,-7.2,-2.2,,111,0,-6,0,0,-5.9
150544,694203,"Denzer Guzman",21,2025,"LAA",13,110,39,-0.3,-0.9,0,,,-0.2,,0,-0.2
150547,694208,"Moisés Ballesteros",21,2025,"CHC",2,10,,,,,,,,,0,0
150806,699134,"Bradgley Rodriguez",21,2025,"SD",7,7.7,2,0,0.1,,,,0,,0,0
151195,695600,"Carter Jensen",21,2025,"KC",10,66.7,1,0,-0.2,,,,0,,0.1,0.1
153071,702056,"Trey Yesavage",21,2025,"TOR",3,14,,,,,,,,,0,
153283,702674,"Caden Dana",21,2025,"LAA",7,32.3,2,0,-0.3,,,,0,,0,0
153804,701350,"Roman Anthony",21,2025,"BOS",52,442.3,133,1.5,1.9,,9,-0.007,1.2,-0.1,0,1.2
153843,701398,"Sal Stewart",21,2025,"CIN",17,114,31,0.1,0,0,,,0.1,,0,0.1
157293,702284,"Cole Young",21,2025,"SEA",74,623,190,0.2,0.1,0,,,0.1,,0,0.1
157722,702616,"Jackson Holliday",21,2025,"BAL",145,1259.7,404,-5.2,-1.4,-1.5,1,0,-3.7,0,0,-3.7
111669,682634,"Kevin Alcántara",22,2025,"CHC",7,37,8,0,-0.3,,,,0,,0,0
141799,683357,"Owen Caissie",22,2025,"CHC",8,50.3,22,-0.1,-0.7,,,,-0.1,,0,-0.1
141891,683409,"Angel Chivilli",22,2025,"COL",43,58.7,8,0,-0.6,,,,0,,0,0
147897,691185,"Maximo Acosta",22,2025,"MIA",19,160.3,47,-0.3,-0.7,0.3,,,-0.2,,0,-0.2
147898,691182,"Adael Amador",22,2025,"COL",41,309.3,108,-0.9,-0.8,-8,,,-0.6,,0,-0.6
147900,691176,"Jasson Domínguez",22,2025,"NYY",100,793,305,-6.4,-3.7,,53,-0.002,-5.3,-0.1,0,-5.4
147988,691373,"Jhostynxon Garcia",22,2025,"BOS",4,25,5,0,0.1,,,,0,,0,0
148008,691251,"Andry Lara",22,2025,"WSH",9,14.3,3,0,0,,,,0,,0,0
148109,691441,"Cristian Mena",22,2025,"AZ",3,6.7,1,0,0.8,,,,0,,0,0
148223,691587,"Eury Pérez",22,2025,"MIA",20,95.3,7,0,-0.1,,,,0,,0,0
148246,691594,"Javier Sanoja",22,2025,"MIA",115,785,285,0.8,0.2,1.2,23,0.002,0.5,0,0,0.6
148298,691781,"Brady House",22,2025,"WSH",72,615.3,194,0.2,0.1,0,,,0.1,,0,0.1
148300,691783,"Jordan Lawlar",22,2025,"AZ",18,121,44,-0.1,-0.2,0.5,,,-0.1,,0,-0.1
148304,691785,"Marcelo Mayer",22,2025,"BOS",44,308.7,79,0.1,0.2,-1,,,0.1,,0,0.1
148307,691777,"Max Muncy",22,2025,"ATH",60,491.7,140,-0.7,-0.5,-1.2,2,0,-0.5,0,0,-0.5
148424,692030,"Jose Corniell",22,2025,"TEX",1,1.7,1,0,0.3,,,,0,,0,0
148648,694497,"Evan Carter",22,2025,"TEX",60,460,167,4.5,4.1,,19,-0.001,3.7,0,0,3.7
149874,696030,"Alejandro Osuna",22,2025,"TEX",56,388,137,0.5,0.7,,4,-0.005,0.4,0,0,0.4
150017,700337,"Edgar Quero",22,2025,"CWS",72,579,12,0,-0.3,,,,0,,-9.1,-9.1
150294,692585,"Yanquiel Fernández",22,2025,"COL",22,147,84,-2.4,-4.7,,,,-2,,0,-2
151206,701538,"Jackson Merrill",22,2025,"SD",114,1001.3,431,-2.2,-0.8,,61,0.006,-1.8,0.4,0,-1.5
151225,695578,"James Wood",22,2025,"WSH",123,1067.3,406,4.9,2.1,,72,0.001,4.1,0.1,0,4.1
151426,696149,"Bubba Chandler",22,2025,"PIT",7,31.3,3,0,-0.3,,,,0,,0,0
151486,695670,"Harry Ford",22,2025,"SEA",4,14,1,0,-0.2,,,,0,,-0.1,-0.1
151488,700363,"AJ Smith-Shawver",22,2025,"ATL",9,44.3,6,0,0.1,,,,0,,0,0
151521,695734,"Daylen Lile",22,2025,"WSH",75,624.3,275,-6.5,-4.1,,24,-0.005,-5.4,-0.1,0,-5.5
151544,700246,"Carson Williams",22,2025,"TB",32,255.7,85,-0.2,-0.2,-1,,,-0.1,,0,-0.1
151613,695549,"Jackson Jobe",22,2025,"DET",10,49,6,0,-0.4,,,,0,,0,0
151625,695534,"Chase Petty",22,2025,"CIN",3,6,,,,,,,,,0,
151723,695505,"Chase Burns",22,2025,"CIN",13,43.3,5,0,-0.1,,,,0,,0,0
152771,695506,"Jac Caglianone",22,2025,"KC",54,427.3,181,-2.7,-2.5,0.1,17,0,-2.2,0,0,-2.2
153809,701358,"Cam Smith",22,2025,"HOU",132,1079.3,390,5.5,2.4,,80,-0.004,4.6,-0.3,0,4.2
153974,701762,"Nick Kurtz",22,2025,"ATH",112,970.7,185,-0.8,-0.4,4,,,-0.6,,0,-0.6
156087,691720,"Kyle Karros",22,2025,"COL",42,343.3,108,0.3,0.4,3,,,0.2,,0,0.2
157008,695681,"Christian Moore",22,2025,"LAA",53,411.7,128,-0.4,-0.3,0,,,-0.3,,0,-0.3
160614,696270,"Ryan Johnson",22,2025,"LAA",14,14.7,1,0,0,,,,0,,0,0
161459,801139,"Payton Tolle",22,2025,"BOS",7,16.3,1,0,-0.1,,,,0,,0,0
162781,804636,"Jonah Tong",22,2025,"NYM",5,18.7,2,0,-0.3,,,,0,,0,0
163722,805373,"Nacho Alvarez Jr.",22,2025,"ATL",58,495.3,147,0,0,-4,,,0,,0,0
166694,806960,"Luis Morales",22,2025,"ATH",10,48.7,3,0,-0.1,,,,0,,0,0
170199,807712,"Luke Keaschall",22,2025,"MIN",41,360,131,-0.8,-0.7,1,,,-0.6,,0,-0.6
111462,682668,"Luisangel Acuña",23,2025,"NYM",91,484.3,146,2.2,1.6,9.1,,,1.6,,0,1.6
111885,682626,"Francisco Alvarez",23,2025,"NYM",74,596,18,0,-0.1,,,,0,,0.1,0.1
112555,679883,"Luinder Avila",23,2025,"KC",13,14,,,,,,,,,0,
113517,682653,"Warming Bernabel",23,2025,"COL",37,298.7,75,-0.5,-0.8,1,,,-0.4,,0,-0.4
116377,682729,"Jonatan Clase",23,2025,"TOR",31,254.3,102,-0.3,-0.4,,36,0.001,-0.2,0,0,-0.2
117798,682829,"Elly De La Cruz",23,2025,"CIN",158,1382,498,-1,-0.2,11,1,-0.001,-0.7,0,0,-0.7
118994,679922,"Carlos Duran",23,2025,"ATH",1,0.3,,,,,,,,,0,
121867,682790,"Wikelman González",23,2025,"CWS",16,20.3,1,0,-0.3,,,,0,,0,0
127835,682622,"Noelvi Marte",23,2025,"CIN",89,732.7,245,-0.3,-0.2,0.2,,,-0.2,,0,-0.2
127926,682657,"Angel Martínez",23,2025,"CLE",136,1057.7,417,-1.9,-0.7,-0.2,75,0.002,-1.5,0.2,0,-1.3
128054,679885,"Justin Martinez",23,2025,"AZ",17,15.3,3,0,0,,,,0,,0,0
128307,682641,"Luis Matos",23,2025,"SF",50,394,158,-0.7,-0.7,,32,-0.002,-0.6,-0.1,0,-0.6
130914,678877,"Jhonkensy Noel",23,2025,"CLE",67,351,147,-2,-2.3,0,50,0.01,-1.7,0.5,0,-1.2
131840,677347,"Kyren Paris",23,2025,"LAA",42,341,135,-1,-1.1,0,35,-0.003,-0.8,-0.1,0,-0.9
133524,682663,"Agustín Ramírez",23,2025,"MIA",73,605.7,10,0,-0.3,,,,0,,-6.8,-6.8
133655,682868,"Bryan Ramos",23,2025,"CWS",4,28,7,0,-0.5,0,,,0,,0,0
139025,678662,"Ezequiel Tovar",23,2025,"COL",95,800.7,303,0.6,0.2,1,1,-0.001,0.4,0,0,0.4
141711,683155,"Joey Estes",23,2025,"ATH",3,11,,,,,,,,,0,
142066,683618,"Edgardo Henriquez",23,2025,"LAD",22,19,5,0,0.1,,,,0,,0,0
142085,683627,"Anthony Molina",23,2025,"COL",17,34.7,5,0,1.1,,,,0,,0,0
142588,683748,"Victor Mesa Jr.",23,2025,"MIA",15,92.3,42,-0.2,-0.6,,6,0,-0.2,0,0,-0.2
144172,687231,"Darell Hernaiz",23,2025,"ATH",51,438.7,132,-0.3,-0.3,-1.1,,,-0.2,,0,-0.2
144717,687637,"Dylan Beavers",23,2025,"BAL",35,300.3,108,0.7,1.1,,,,0.6,,0,0.6
145915,689254,"Mason Fluharty",23,2025,"TOR",55,52.7,1,0,-0.1,,,,0,,0,0
147751,690953,"Mick Abel",23,2025,,10,39,2,0,-0.3,,,,0,,0,0
147776,686611,"Dylan Crews",23,2025,"WSH",83,713,314,8,4.4,,85,0,6.6,0,0,6.7
147790,690976,"Alex Freeland",23,2025,"LAD",29,216.3,76,-0.2,-0.1,-0.3,,,-0.1,,0,-0.1
147801,690984,"Petey Halpin",23,2025,"CLE",4,15,4,-0.1,-2.1,,,,-0.1,,0,-0.1
147803,690986,"Kyle Harrison",23,2025,,11,35.7,2,0,-0.4,,,,0,,0,0
147804,690987,"Robert Hassell III",23,2025,"WSH",63,473,200,3.1,2.3,,37,0.002,2.6,0.1,0,2.6
147807,690990,"Cade Horton",23,2025,"CHC",23,118,7,0,-0.3,,,,0,,0,0
147813,690993,"Colt Keith",23,2025,"DET",80,583,178,-0.7,-0.4,-0.6,,,-0.5,,0,-0.5
147819,690997,"Nolan McLean",23,2025,"NYM",8,48,8,0,0.1,,,,0,,0,0
147846,691011,"Drew Romo",23,2025,"COL",1,2,,,,,,,,,0,0
147855,691016,"Tyler Soderstrom",23,2025,"ATH",153,1261.7,449,3.1,1.3,0,62,-0.001,2.6,0,0,2.6
147861,691019,"Kyle Teel",23,2025,"CWS",62,502.3,15,0,-0.3,,,,0,,1.2,1.2
147867,691023,"Jordan Walker",23,2025,"STL",108,885.3,357,-4.3,-2,,71,0.004,-3.6,0.3,0,-3.3
147872,691026,"Masyn Winn",23,2025,"STL",129,1107.7,398,-2.2,-0.6,-9,1,-0.001,-1.6,0,0,-1.6
148154,691718,"Pete Crow-Armstrong",23,2025,"CHC",156,1357,629,11.3,2.7,,103,0.002,9.4,0.3,0,9.6
148274,691769,"Philip Abner",23,2025,"AZ",5,3.7,,,,,,,,,0,
148324,691799,"Grant Taylor",23,2025,"CWS",36,36.7,1,0,-0.1,,,,0,,0,0
148363,691951,"Sam Aldegheri",23,2025,"LAA",4,13.7,,,,,,,,,0,
148371,691907,"Tsung-Che Cheng",23,2025,"PIT",3,22,7,0,0.1,0,,,0,,0,0
148616,691723,"Coby Mayo",23,2025,"BAL",73,605.3,112,-0.6,-0.5,-3.6,,,-0.4,,0,-0.4
148617,691728,"Zac Veen",23,2025,"COL",10,85,26,0,0.2,,18,0.002,0,0,0,0
148643,694377,"Nick Yorke",23,2025,"PIT",21,170,68,-0.1,-0.3,0.7,,,-0.1,,0,-0.1
148658,695336,"Thomas Saggese",23,2025,"STL",80,646.3,218,-2.1,-1.1,-2.2,,,-1.5,,0,-1.5
151347,695657,"Colson Montgomery",23,2025,"CWS",71,598,190,0.3,0.1,0.3,,,0.2,,0,0.2
151666,701656,"Logan Henderson",23,2025,"MIL",5,25.3,,,,,,,,,0,
151692,692230,"Carlos Rodriguez",23,2025,"MIL",4,9.7,,,,,,,,,0,
151715,700187,"Troy Taylor",23,2025,"SEA",8,6.7,,,,,,,,,0,
156048,692225,"Kristian Campbell",23,2025,"BOS",66,540.7,186,-2.6,-1.5,-6.1,15,0,-1.9,0,0,-1.9
156461,694728,"Brice Matthews",23,2025,"HOU",13,110.3,31,0,-0.1,0.9,,,0,,0,0
156680,694819,"Jacob Misiorowski",23,2025,"MIL",15,66,5,-0.1,-2.8,,,,-0.1,,0,-0.1
160132,694384,"Nolan Schanuel",23,2025,"LAA",131,1131,228,-2,-0.9,-5.3,2,0,-1.4,0,0,-1.4
160224,694462,"Hurston Waldrep",23,2025,"ATL",10,56.3,6,0,-0.4,,,,0,,0,0
160384,694671,"Wyatt Langford",23,2025,"TEX",133,1160.7,481,7.3,2.6,,81,0.001,6.1,0.1,0,6.1
160972,692216,"C.J. Kayfus",23,2025,"CLE",42,317,96,1,1.7,0.2,,,0.8,,0,0.8
161277,699625,"Jimmy Crooks",23,2025,"STL",14,105.3,5,0,-0.2,,,,0,,-0.3,-0.3
161332,694973,"Paul Skenes",23,2025,"PIT",32,187.7,11,0,-0.3,,,,0,,0,0
161602,801403,"Chase Dollander",23,2025,"COL",21,98,10,0,-0.4,,,,0,,0,0
163439,805779,"Jacob Wilson",23,2025,"ATH",124,1053.7,328,-10.7,-3.5,-10,,,-7.7,,0,-7.7
163779,805367,"Chase Meidroth",23,2025,"CWS",121,1019.3,312,0.5,0.2,-1,,,0.4,,0,0.4
163878,806185,"Hayden Birdsong",23,2025,"SF",21,65.7,5,0,-0.4,,,,0,,0,0
163965,802419,"Thomas Harrington",23,2025,"PIT",3,8.7,2,0,-0.6,,,,0,,0,0
164332,808963,"Roki Sasaki",23,2025,"LAD",10,36.3,2,0,-0.4,,,,0,,0,0
170210,807713,"Matt Shaw",23,2025,"CHC",125,1016,320,3.7,1.3,3,,,2.7,,0,2.7
170375,813349,"Connelly Early",23,2025,"BOS",4,19.3,2,0,-0.3,,,,0,,0,0
173462,820862,"José Fermin",23,2025,"LAA",40,34.3,2,0,-0.3,,,,0,,0,0
110327,675848,"Juan Mejia",24,2025,"COL",55,61.3,6,0,0,,1,0.001,0,0,0,0
110387,672456,"Keider Montero",24,2025,"DET",20,90.7,11,0,-0.4,,,,0,,0,0
111298,677595,"Ronny Mauricio",24,2025,"NYM",53,363,121,0.9,0.8,2.4,,,0.6,,0,0.6
111303,677870,"Leo Jiménez",24,2025,"TOR",16,84,24,0.1,0.3,-0.1,,,0.1,,0,0.1
111305,677592,"Everson Pereira",24,2025,"TB",22,162.7,54,-0.1,-0.3,,,,-0.1,,0,-0.1
111352,682928,"CJ Abrams",24,2025,"WSH",142,1224.3,475,-0.5,-0.1,7,,,-0.4,,0,-0.4
112289,678215,"Luarbert Arias",24,2025,"MIA",7,10.3,,,,,,,,,0,
112765,681460,"Brooks Baldwin",24,2025,"CWS",101,737.7,283,-3.2,-1.8,0,43,0.002,-2.6,0.1,0,-2.5
112947,678489,"Jorge Barrosa",24,2025,"AZ",30,176.3,82,0.8,1.6,,4,0.001,0.7,0,0,0.7
113730,672012,"Tyler Black",24,2025,"MIL",4,19.3,4,0,-0.1,0,,,0,,0,0
114206,671737,"Taj Bradley",24,2025,,27,142.7,11,-0.1,-0.8,,,,-0.1,,0,-0.1
114935,671732,"Lawrence Butler",24,2025,"ATH",150,1236.3,529,-0.4,0,,101,-0.006,-0.3,-0.6,0,-0.9
117444,681168,"Luis Curvelo",24,2025,"TEX",17,19,3,0,-0.1,,,,0,,0,0
120108,680755,"Braydon Fisher",24,2025,"TOR",52,50,5,0,-0.1,,,,0,,0,0
122780,682995,"Hunter Barco",24,2025,"PIT",2,3,,,,,,,,,0,
122787,682998,"Corbin Carroll",24,2025,"AZ",139,1218.3,494,15.9,5.4,,102,0.003,13.2,0.3,0,13.5
122795,682985,"Riley Greene",24,2025,"DET",133,1146.3,481,4.4,1.6,,93,-0.001,3.7,-0.1,0,3.6
122896,671739,"Michael Harris II",24,2025,"ATL",160,1397,606,-0.6,-0.2,,83,0.001,-0.5,0.1,0,-0.4
123218,683002,"Gunnar Henderson",24,2025,"BAL",145,1249.7,472,-2.5,-0.6,4,,,-1.8,,0,-1.8
123722,677956,"Rece Hinds",24,2025,"CIN",14,107.7,47,-0.3,-1.2,,8,0.007,-0.2,0.1,0,-0.2
126791,681432,"Luke Little",24,2025,"CHC",2,2.7,1,0,-0.4,,,,0,,0,0
128864,678554,"Curtis Mead",24,2025,,75,544,124,0.3,0.2,0.5,,,0.2,,0,0.2
129321,682825,"Luis Mey",24,2025,"CIN",23,21,2,0,0,,,,0,,0,0
131720,681624,"Andy Pages",24,2025,"LAD",156,1369,549,2.6,0.8,,112,0.001,2.2,0.1,0,2.2
132154,678894,"Liover Peguero",24,2025,"PIT",29,200.7,61,0,0,-0.1,,,0,,0,0
132337,678821,"Luis Peralta",24,2025,"COL",22,19,1,0,0.1,,,,0,,0,0
133260,682990,"Quinn Priester",24,2025,"MIL",29,157.3,25,0,-0.3,,,,0,,0,0
133479,678882,"Ceddanne Rafaela",24,2025,"BOS",155,1332.3,539,19.3,5.4,0,116,0,16,0,0,16
134616,677587,"Brayan Rocchio",24,2025,"CLE",114,944.3,315,-2.2,-0.7,-1,,,-1.6,,0,-1.6
134822,677594,"Julio Rodríguez",24,2025,"SEA",159,1406.3,614,11.1,2.7,,112,-0.002,9.2,-0.2,0,9
135022,679032,"Johan Rojas",24,2025,"PHI",65,418.7,172,1.5,1.4,,48,-0.001,1.2,0,0,1.2
138565,677588,"José Tena",24,2025,"WSH",49,390.3,119,-2,-1.9,-3.6,1,-0.001,-1.4,0,0,-1.4
139549,671655,"George Valera",24,2025,"CLE",5,32,11,-0.1,-2,,,,-0.1,,0,-0.1
140120,678391,"Jorbit Vivas",24,2025,"NYY",29,178,49,-0.2,-0.5,0,,,-0.1,,0,-0.1
140156,683011,"Anthony Volpe",24,2025,"NYY",153,1303.7,438,3.6,0.9,14,,,2.6,,0,2.6
141257,680573,"Simeon Woods Richardson",24,2025,"MIN",23,111.3,6,0,-0.3,,,,0,,0,0
141319,680736,"Justin Wrobleski",24,2025,"LAD",24,66.7,9,0,-0.1,,,,0,,0,0
141718,683227,"Cody Freeman",24,2025,"TEX",32,241.7,73,0.2,0.1,1.8,,,0.1,,0,0.1
141735,683090,"Matthew Lugo",24,2025,"LAA",26,147.7,57,-1.6,-4.5,,12,-0.001,-1.3,0,0,-1.3
141747,683083,"Nasim Nuñez",24,2025,"WSH",32,224,92,0.3,0.5,1,,,0.2,,0,0.2
141755,683175,"Connor Phillips",24,2025,"CIN",21,25,,,,,,,,,0,
143047,685326,"McCade Brown",24,2025,"COL",7,25.7,5,0,-0.3,,,,0,,0,0
143786,686563,"Jonathan Cannon",24,2025,"CWS",22,103.7,7,0,0,,,,0,,0,0
143959,686948,"Drake Baldwin",24,2025,"ATL",97,759.7,22,0,0.1,,,,0,,-1.7,-1.7
143969,686930,"Mason Barnett",24,2025,"ATH",5,22.3,4,0,-0.3,,,,0,,0,0
144003,687134,"Bradley Blalock",24,2025,"COL",14,58.7,7,-0.1,-1,,,,-0.1,,0,-0.1
144267,686799,"Jack Kochanowicz",24,2025,"LAA",23,111,10,0,-0.1,,,,0,,0,0
144289,686797,"Brooks Lee",24,2025,"MIN",137,1132.7,357,-5.1,-1.5,-4.9,,,-3.7,,0,-3.7
144346,687209,"Zach Maxwell",24,2025,"CIN",8,10,,,,,,,,,0,
144355,686790,"Trevor McDonald",24,2025,"SF",3,15,2,0,-0.1,,,,0,,0,0
144429,687263,"Zach Neto",24,2025,"LAA",125,1078.3,391,1.6,0.5,5,,,1.2,,0,1.2
144449,687074,"Tyler Owens",24,2025,"DET",3,3,,,,,,,,,0,
144455,687223,"Carson Palmquist",24,2025,"COL",9,34.3,4,0,0.9,,,,0,,0,0
144540,687221,"Dalton Rushing",24,2025,"LAD",49,353.3,15,0,-0.1,0,,,0,,-1.8,-1.8
144555,687363,"Victor Scott II",24,2025,"STL",138,1118,506,12.2,3.6,,101,-0.001,10.1,-0.1,0,10.1
144607,687075,"Brandon Sproat",24,2025,"NYM",4,20.7,2,0,-0.3,,,,0,,0,0
144718,687597,"Jordan Beck",24,2025,"COL",139,1159.3,513,-4.6,-1.6,,108,0.004,-3.8,0.4,0,-3.4
144755,687847,"Marc Church",24,2025,"TEX",5,4.7,,,,,,,,,0,
144811,687551,"Drew Gilbert",24,2025,"SF",38,271,124,1.2,1.5,,,,1,,0,1
144849,687863,"Porter Hodge",24,2025,"CHC",36,33,2,0,-0.3,,,,0,,0,0
144940,687529,"Grant McCray",24,2025,"SF",22,73.3,25,0,0.3,,,,0,,0,0
145096,687515,"Colby Thomas",24,2025,"ATH",44,269.7,104,0.1,0.1,,,,0.1,,0,0.1
145156,687931,"Carson Whisenhunt",24,2025,"SF",5,23.3,1,0,0,,,,0,,0,0
145203,688642,"Zach Agnos",24,2025,"COL",30,31.3,3,0,0.1,,,,0,,0,0
145872,688138,"Logan Evans",24,2025,"SEA",16,81.3,4,0,0.1,,,,0,,0,0
146336,690829,"Ben Joyce",24,2025,"LAA",5,4.3,,,,,,,,,0,
146339,690291,"Jace Jung",24,2025,"DET",19,130,53,-0.3,-0.6,2.9,,,-0.2,,0,-0.2
146369,689147,"Orion Kerkering",24,2025,"PHI",69,60,9,0,0,,,,0,,0,0
146515,682988,"Tyler Locklear",24,2025,"AZ",30,256.3,44,-0.4,-0.9,-4,,,-0.3,,0,-0.3
146693,689200,"Jacob Melton",24,2025,"HOU",31,202.7,85,0.1,0.2,,10,-0.001,0.1,0,0,0.1
146945,688363,"Graham Pauley",24,2025,"MIA",62,447.7,154,-0.3,-0.2,1.8,,,-0.2,,0,-0.2
147123,690022,"Ryan Ritter",24,2025,"COL",59,506.7,188,-0.5,-0.3,0.1,,,-0.4,,0,-0.4
147607,689958,"Andrew Walters",24,2025,"CLE",2,1.3,,,,,,,,,0,
148204,682989,"Victor Mederos",24,2025,"LAA",5,17,,,,,,,,,0,
149389,692285,"Luis Guerrero",24,2025,"BOS",13,17.3,,,,,,,,,0,
150972,700270,"Yilber Díaz",24,2025,"AZ",1,3,,,,,,,,,0,
151394,700932,"Kyle Manzardo",24,2025,"CLE",56,459.7,95,-0.4,-0.4,0.2,,,-0.3,,0,-0.3
151438,700241,"Michael McGreevy",24,2025,"STL",17,95.7,16,0.1,0.6,,,,0.1,,0,0.1
151531,697812,"Joe Rock",24,2025,"TB",3,7.7,,,,,,,,,0,
152811,675512,"Troy Melton",24,2025,"DET",16,45.7,5,0,0,,,,0,,0,0
153929,701675,"Nathan Church",24,2025,"STL",26,164.3,82,0.5,1,,,,0.4,,0,0.4
155346,693645,"Cam Schlittler",24,2025,"NYY",14,73,5,0,-0.4,,,,0,,0,0
156820,694918,"Blade Tidwell",24,2025,"NYM",4,15,1,0,-0.3,,,,0,,0,0
158579,800048,"Parker Messick",24,2025,"CLE",7,39.7,3,0,-1.4,,,,0,,0,0
158580,800049,"Adam Mazur",24,2025,"MIA",6,30,3,0,-0.1,,,,0,,0,0
162174,802415,"Chandler Simpson",24,2025,"TB",105,873,325,-4.5,-2,,31,-0.001,-3.7,0,0,-3.8
163702,805300,"Jakob Marsee",24,2025,"MIA",55,475,208,1.7,1.3,,,,1.4,,0,1.4
163734,805904,"Zach Cole",24,2025,"HOU",14,116,45,-0.2,-1,,,,-0.2,,0,-0.2
163793,805123,"AJ Blubaugh",24,2025,"HOU",11,32,4,0,-0.3,,,,0,,0,0
163807,804668,"Rafael Flores",24,2025,"PIT",7,42,8,0,-0.1,0,,,0,,0,0
163990,805427,"Drew Sommers",24,2025,"DET",4,3,,,,,,,,,0,
167784,810938,"Ben Williamson",24,2025,"SEA",85,703,209,1.8,1,-2,,,1.3,,0,1.3
170364,815083,"Mitch Farris",24,2025,"LAA",5,24.3,1,0,0,,,,0,,0,0
108077,666659,"Sauryn Lao",25,2025,,8,11,1,0,0.3,,,,0,,0,0
108552,666619,"Gregory Santos",25,2025,"SEA",8,7,,,,,,,,,0,
109139,671277,"Luis García Jr.",25,2025,"WSH",131,1093.3,383,-5.2,-1.4,-14.8,3,0.026,-3.7,0.1,0,-3.7
109355,672356,"Gabriel Arias",25,2025,"CLE",129,1070.3,362,5,1.5,3.3,2,0,3.6,0,0,3.6
109543,672744,"Alexander Canario",25,2025,"PIT",83,521,230,-3.7,-2.4,,55,0,-3.1,0,0,-3
109622,672710,"Roansy Contreras",25,2025,,5,12.7,1,0,0.4,,,,0,,0,0
109864,672580,"Maikel Garcia",25,2025,"KC",155,1336.7,421,7.9,2.2,9.2,4,0.001,5.7,0,0,5.7
109907,672782,"Yoendrys Gómez",25,2025,,21,62.7,7,0,0.6,,,,0,,0,0
110017,671056,"Iván Herrera",25,2025,"STL",18,132,15,-0.2,-2.1,,,,-0.2,,-0.1,-0.3
110402,672515,"Gabriel Moreno",25,2025,"AZ",75,598,13,0.1,1.1,,1,-0.002,0.1,0,3.8,3.9
110476,672359,"Tirso Ornelas",25,2025,"SD",6,33,14,0,-0.3,,11,-0.001,0,0,0,0
110535,672724,"Oswald Peraza",25,2025,,100,649.7,220,-1.1,-0.6,0.7,,,-0.8,,0,-0.8
110536,672695,"Geraldo Perdomo",25,2025,"AZ",161,1425,490,7.8,1.7,-1,1,-0.001,5.6,0,0,5.6
110551,672761,"Wenceel Pérez",25,2025,"DET",99,817.3,316,1.5,0.9,,30,-0.003,1.2,-0.1,0,1.2
110621,671218,"Heliot Ramos",25,2025,"SF",154,1332.7,497,-8,-2.8,,91,0,-6.6,0,0,-6.6
110685,671286,"Johnathan Rodríguez",25,2025,"CLE",28,177.3,67,-2.3,-5.9,,7,0.004,-1.9,0,0,-1.9
110868,672820,"Lenyn Sosa",25,2025,"CWS",127,1070.7,301,-2.1,-0.7,-2.9,1,0,-1.5,0,0,-1.5
111017,668901,"Mark Vientos",25,2025,"NYM",75,579,175,-5.2,-3.2,-13.2,,,-3.7,,0,-3.7
111079,672582,"Angel Zerpa",25,2025,"KC",69,64.7,12,0,0,,,,0,,0,0
111097,676962,"Ben Brown",25,2025,"CHC",25,106.3,6,-0.1,-1.1,,,,-0.1,,0,-0.1
111154,676679,"Luis Vázquez",25,2025,"BAL",31,139.3,39,-0.1,-0.4,0.6,,,-0.1,,0,-0.1
111177,676282,"Joey Cantillo",25,2025,"CLE",34,95.3,11,0,0.5,,,,0,,0,0
111200,668881,"Hunter Greene",25,2025,"CIN",19,107.7,7,0,-0.3,,,,0,,0,0
111498,677941,"Jordyn Adams",25,2025,"BAL",9,23,10,0,-0.8,,,,0,,0,0
112382,681293,"Spencer Arrighetti",25,2025,"HOU",7,35.3,3,0,0,,,,0,,0,0
112437,677952,"Braxton Ashcraft",25,2025,"PIT",26,69.7,7,0,-0.3,,,,0,,0,0
112639,678225,"Ji Hwan Bae",25,2025,"PIT",9,59.7,24,0.4,2.4,,6,0,0.3,0,0,0.3
112807,677943,"Will Banfield",25,2025,"CIN",7,26,,,,,,,,,0.3,0.3
112867,680718,"Addison Barger",25,2025,"TOR",133,1026.3,324,0.7,0.2,-0.5,22,0.022,0.4,0.5,0,0.9
113344,678368,"Valente Bellozo",25,2025,"MIA",32,81.3,7,0,-0.5,,,,0,,0,0
113835,669208,"Ryan Bliss",25,2025,"SEA",11,98.7,40,0,0,1,,,0,,0,0
114159,671212,"Joe Boyle",25,2025,"TB",13,52,2,0,-0.3,,,,0,,0,0
114818,680732,"Sean Burke",25,2025,"CWS",28,134.3,15,0,0.4,,,,0,,0,0
114867,681347,"Mike Burrows",25,2025,"PIT",23,96,7,0,-0.4,,,,0,,0,0
115660,671213,"Triston Casas",25,2025,"BOS",28,235,44,0,-0.1,-1,2,0,0,0,0,0
116366,672016,"Denzel Clarke",25,2025,"ATH",47,383.7,234,9.6,6.2,,54,-0.002,8,-0.1,0,7.9
117074,681297,"Colton Cowser",25,2025,"BAL",90,766.7,312,-1.2,-0.6,,37,-0.001,-1,-0.1,0,-1
117672,680779,"Henry Davis",25,2025,"PIT",83,681.7,22,-0.1,-0.3,,2,-0.002,-0.1,0,2,2
118072,680728,"Adrian Del Castillo",25,2025,"AZ",5,33.3,,,,,,,,,0.2,0.2
118309,672282,"Reid Detmers",25,2025,"LAA",61,63.7,3,0,-0.8,,,,0,,0,0
119177,669364,"Xavier Edwards",25,2025,"MIA",137,1174,403,4.9,1.3,6.7,,,3.5,,0,3.5
119330,669438,"Mason Englert",25,2025,"TB",29,44.7,5,0,-0.3,,,,0,,0,0
119979,678606,"Jose A. Ferrer",25,2025,"WSH",72,76.3,16,0,-0.3,,,,0,,0,0
121206,680869,"Zack Gelof",25,2025,"ATH",30,233.7,76,0.6,0.9,2,,,0.4,,0,0.4
121931,669357,"Nolan Gorman",25,2025,"STL",84,666.3,217,-2.4,-1.2,-3.1,,,-1.7,,0,-1.7
122650,678020,"Seth Halvorsen",25,2025,"COL",41,39.7,5,0,-0.5,,,,0,,0,0
123266,678692,"Ronny Henriquez",25,2025,"MIA",69,73,8,0,-0.3,,,,0,,0,0
123271,669371,"Cole Henry",25,2025,"WSH",57,52.7,1,0,0,,,,0,,0,0
123409,681715,"Heriberto Hernández",25,2025,"MIA",49,346,144,-1.6,-1.9,,9,0.003,-1.3,0,0,-1.3
123682,677955,"Jaden Hill",25,2025,"COL",28,29.3,4,0,-0.4,,,,0,,0,0
123838,680684,"Gunnar Hoglund",25,2025,"ATH",6,32.3,1,0,-0.3,,,,0,,0,0
123911,680880,"Grant Holman",25,2025,"ATH",22,23,1,0,-0.6,,,,0,,0,0
124483,669236,"Jeremiah Jackson",25,2025,"BAL",44,335,128,-1.6,-2,-0.2,,,-1.3,,0,-1.3
125372,672284,"Jarred Kelenic",25,2025,"ATL",23,162.3,61,0.3,0.8,,25,-0.004,0.2,-0.1,0,0.2
126483,683004,"Jack Leiter",25,2025,"TEX",29,151.7,11,0,0,,,,0,,0,0
126657,669461,"Matthew Liberatore",25,2025,"STL",29,151.7,11,0.1,0.6,,,,0.1,,0,0.1
127532,669234,"Justyn-Henry Malloy",25,2025,"DET",21,89,39,-0.5,-2.4,0,10,-0.003,-0.4,0,0,-0.4
128575,680729,"Garrett McDaniels",25,2025,"LAA",10,10.7,1,0,-0.8,,,,0,,0,0
128758,680574,"Matt McLain",25,2025,"CIN",142,1210.7,369,-4,-1.2,-1.7,1,0,-2.9,0,0,-2.9
128870,678009,"Parker Meadows",25,2025,"DET",57,468,184,0.9,0.8,,19,-0.001,0.7,0,0,0.7
129854,682254,"Mason Montgomery",25,2025,"TB",57,46,4,0,-0.4,,,,0,,0,0
130423,682610,"Roddery Muñoz",25,2025,"STL",9,11,1,0,0.3,,,,0,,0,0
130661,666310,"Bo Naylor",25,2025,"CLE",119,945.3,39,0,0.1,,,,0,,-2.6,-2.6
130861,680951,"Doug Nikhazy",25,2025,"CLE",2,4,,,,,,,,,0,
130940,681393,"Connor Norby",25,2025,"MIA",82,690,182,-1.4,-0.9,-1.8,1,-0.001,-1,0,0,-1
131149,681351,"Logan O'Hoppe",25,2025,"LAA",99,869,26,-0.1,-0.3,,1,0.002,-0.1,0,-11.1,-11.2
131358,681857,"Reese Olson",25,2025,"DET",13,68.7,3,0,-0.3,,,,0,,0,0
131409,680716,"Jonathan Ornelas",25,2025,,6,26,12,0,-0.1,0,,,0,,0,0
131860,680730,"Mitchell Parker",25,2025,"WSH",33,164.7,10,0,-0.3,,,,0,,0,0
132620,678022,"Jack Perkins",25,2025,"ATH",12,38.7,3,0,-0.3,,,,0,,0,0
132680,671976,"Tristan Peters",25,2025,"TB",4,29,14,-0.1,-1.1,,,,-0.1,,0,-0.1
134211,680689,"Lyon Richardson",25,2025,"CIN",34,37.7,4,0,0,,,,0,,0,0
134629,677958,"Kumar Rocker",25,2025,"TEX",14,64.3,9,0,0.6,,,,0,,0,0
134717,682848,"Endy Rodríguez",25,2025,"PIT",18,134.7,27,-0.1,-0.2,0,1,0,-0.1,0,0,-0.1
134896,678495,"Randy Rodríguez",25,2025,"SF",50,50.7,2,0,-0.3,,,,0,,0,0
136375,680885,"Spencer Schwellenbach",25,2025,"ATL",17,110.7,19,0.2,1.4,,1,-0.001,0.1,0,0,0.1
136838,672279,"Michael Siani",25,2025,"STL",17,59.3,19,-0.2,-1.8,,9,-0.001,-0.2,0,0,-0.2
136890,681217,"Chase Silseth",25,2025,"LAA",10,11,2,0,-0.5,,,,0,,0,0
136960,682927,"Ronny Simon",25,2025,,22,144.7,42,0.1,0.3,0.2,3,-0.003,0.1,0,0,0.1
137155,681916,"Dylan Smith",25,2025,"DET",7,13,2,0,0,,,,0,,0,0
137252,681343,"Shane Smith",25,2025,"CWS",29,146.3,9,0,0.3,,,,0,,0,0
138635,677950,"Alek Thomas",25,2025,"AZ",139,1080.3,488,-5.4,-1.7,,83,-0.001,-4.5,-0.1,0,-4.6
138910,679529,"Spencer Torkelson",25,2025,"DET",145,1272,269,0.9,0.3,-4.6,3,0,0.6,0,0,0.6
139196,668930,"Brice Turang",25,2025,"MIL",154,1329,442,3.7,0.9,14.7,,,2.7,,0,2.7
139369,682842,"Abner Uribe",25,2025,"MIL",75,75.3,10,0,-0.1,,,,0,,0,0
139673,672841,"Carlos Vargas",25,2025,"SEA",70,77,11,0,-0.3,,,,0,,0,0
139705,678246,"Miguel Vargas",25,2025,"CWS",133,1127.3,292,-2.9,-1.2,-4,,,-2.1,,0,-2.1
139729,678024,"Mike Vasil",25,2025,"CWS",47,101,12,0,0,,,,0,,0,0
140142,680767,"Victor Vodnik",25,2025,"COL",52,50.7,8,0,-0.3,,,,0,,0,0
140479,677960,"Ryan Weathers",25,2025,"MIA",8,38.3,8,0,-0.3,,,,0,,0,0
140577,669224,"Austin Wells",25,2025,"NYY",122,1000,21,-0.2,-1,,,,-0.1,,11.7,11.6
140736,669391,"Owen White",25,2025,"CWS",3,7,,,,,,,,,0,
140834,677961,"Cole Wilcox",25,2025,"TB",1,1,,,,,,,,,0,
140930,668909,"Gavin Williams",25,2025,"CLE",31,167.7,14,0,0.1,,,,0,,0,0
141131,668390,"Cole Winn",25,2025,"TEX",33,41.7,6,0,0.4,,,,0,,0,0
141166,677951,"Bobby Witt Jr.",25,2025,"KC",154,1340,488,2.5,0.6,10,4,-0.016,1.8,-0.1,0,1.7
141269,669398,"Gage Workman",25,2025,,11,46,14,-0.1,-1.1,-1.2,,,-0.1,,0,-0.1
141688,683146,"Brett Baty",25,2025,"NYM",123,946,327,0.5,0.2,1.9,1,-0.001,0.4,0,0,0.4
141693,682997,"Tyler Callihan",25,2025,"CIN",4,19.7,7,0,-0.4,0,5,0.002,0,0,0,0
143422,684974,"Craig Yoho",25,2025,"MIL",8,8.7,1,0,-0.6,,,,0,,0,0
143435,685744,"Kenedy Corona",25,2025,"HOU",2,12,1,0,-0.5,,,,0,,0,0
143599,686228,"Juan Burgos",25,2025,,13,13.3,4,0,0,,,,0,,0,0
143656,686218,"Emmet Sheehan",25,2025,"LAD",15,73.3,3,0,-0.5,,,,0,,0,0
143994,686701,"Ryan Bergert",25,2025,,19,76.3,5,0,0.2,,,,0,,0,0
144778,687952,"Christian Encarnacion-Strand",25,2025,"CIN",36,289.3,64,-0.1,-0.1,0.7,,,-0.1,,0,-0.1
144832,687957,"Dustin Harris",25,2025,"TEX",16,94,49,-0.1,-0.2,,9,0,-0.1,0,0,-0.1
146772,688158,"David Morgan",25,2025,"SD",41,47.3,6,0,-0.1,,,,0,,0,0
147481,689041,"Rhylan Thomas",25,2025,"SEA",3,22,10,0,0.2,,5,-0.004,0,0,0,0
147783,690928,"Hunter Dobbins",25,2025,"BOS",13,61,6,0,-0.3,,,,0,,0,0
147789,690916,"Richard Fitts",25,2025,"BOS",11,45,2,0,-0.4,,,,0,,0,0
148211,691548,"Rolddy Muñoz",25,2025,"ATL",3,3.7,,,,,,,,,0,
148637,694361,"Will Klein",25,2025,"LAD",14,15.3,3,0,0.3,,,,0,,0,0
149134,694350,"Zach Brzykcy",25,2025,"WSH",26,23,1,0,-0.3,,,,0,,0,0
149417,696100,"Hunter Goodman",25,2025,"COL",104,841.3,25,0.1,0.4,,2,-0.006,0.1,0,0.3,0.4
149535,695418,"Brad Lord",25,2025,"WSH",48,130.7,12,0,0.4,,,,0,,0,0
149873,694037,"Daniel Palencia",25,2025,"CHC",54,52.7,1,0,0.1,,,,0,,0,0
151226,700242,"Trey Sweeney",25,2025,"DET",112,759.7,246,-1.6,-0.7,-4,2,-0.011,-1.2,0,0,-1.2
151228,700669,"Gordon Graceffo",25,2025,"STL",26,43,2,0,-0.6,,,,0,,0,0
151243,701552,"Andre Granillo",25,2025,"STL",14,21,2,0,-0.5,,,,0,,0,0
151281,686217,"Sal Frelick",25,2025,"MIL",139,1190,467,9.2,3.3,0,108,0.002,7.6,0.2,0,7.9
151286,694851,"Andrew Hoffmann",25,2025,,11,12,2,0,-0.1,,,,0,,0,0
151300,702332,"Caleb Durbin",25,2025,"MIL",134,1108,313,1.5,0.6,7.7,,,1.1,,0,1.1
151380,696147,"Sam Bachman",25,2025,"LAA",23,20.3,1,0,0.3,,,,0,,0,0
151463,696285,"Jacob Young",25,2025,"WSH",112,901.3,407,11,4.1,,70,0.001,9.1,0.1,0,9.2
151556,700249,"Cade Povich",25,2025,"BAL",22,112.3,10,0,-0.1,,,,0,,0,0
151557,701581,"David Festa",25,2025,"MIN",11,53.3,5,0,-0.1,,,,0,,0,0
151582,696136,"Jordan Wicks",25,2025,"CHC",8,14.3,3,0,-0.3,,,,0,,0,0
151587,696131,"Mason Black",25,2025,"SF",1,4,,,,,,,,,0,
151637,701487,"Pierson Ohl",25,2025,"MIN",14,30,1,0,0,,,,0,,0,0
151651,701519,"Travis Adams",25,2025,"MIN",18,33.7,5,0,0,,,,0,,0,0
151691,693433,"Bryan Woo",25,2025,"SEA",30,186.7,22,0,0.1,,,,0,,0,0
151693,702070,"Noah Cameron",25,2025,"KC",24,138.3,14,0,0.3,,,,0,,0,0
153145,702358,"Trey Lipscomb",25,2025,"WSH",3,11,5,0,-0.4,0,,,0,,0,0
153781,701305,"Zach Dezenzo",25,2025,"HOU",29,207,77,-0.9,-1.9,0,28,0.001,-0.7,0,0,-0.7
157585,702176,"Alan Roden",25,2025,,52,357,162,-0.9,-1,,38,0.004,-0.7,0.1,0,-0.6
161632,801434,"Paul Gervase",25,2025,,6,8.3,1,0,-0.5,,,,0,,0,0
161805,801216,"Christian Montes De Oca",25,2025,"AZ",1,2.7,,,,,,,,,0,
163859,805673,"Zebby Matthews",25,2025,"MIN",16,79.3,10,0,0.4,,,,0,,0,0
163882,805249,"Otto Kemp",25,2025,"PHI",60,480,121,-1.3,-1.3,-1.7,,,-0.9,,0,-0.9
167390,805299,"Brandyn Garcia",25,2025,,14,14.3,2,0,-0.5,,,,0,,0,0
106820,660688,"Keibert Ruiz",26,2025,"WSH",66,557,15,0.1,0.4,,,,0.1,,-7.7,-7.7
107182,665742,"Juan Soto",26,2025,"NYM",157,1374,459,-11.5,-4.2,,97,-0.001,-9.5,-0.1,0,-9.6
107184,665489,"Vladimir Guerrero Jr.",26,2025,"TOR",133,1126.7,253,-2.1,-0.9,2,1,0,-1.5,0,0,-1.5
107293,665750,"Leody Taveras",26,2025,,57,444,200,-0.9,-0.6,,84,0,-0.7,0,0,-0.7
107401,665804,"Miguel Amaya",26,2025,"CHC",27,229.7,7,0,0,,,,0,,-0.7,-0.7
107439,668731,"Akil Baddoo",26,2025,"DET",7,45,22,0.1,1,,17,0.003,0.1,0.1,0,0.1
107561,665828,"Oswaldo Cabrera",26,2025,"NYY",34,271,73,-0.4,-0.6,-1,,,-0.3,,0,-0.3
107582,666185,"Dylan Carlson",26,2025,"BAL",81,578.7,238,1.3,1,,48,0.003,1.1,0.2,0,1.2
107628,665953,"Andrés Chaparro",26,2025,"WSH",30,149,28,0.1,0.2,1,,,0.1,,0,0.1
107675,665833,"Oneil Cruz",26,2025,"PIT",125,1061.3,457,-4.1,-1.4,,95,-0.005,-3.4,-0.4,0,-3.8
107784,665877,"José Fermín",26,2025,"STL",24,142,45,0.4,0.7,0,,,0.3,,0,0.3
107858,665926,"Andrés Giménez",26,2025,"TOR",101,838.7,270,3.7,1.5,3.6,1,0,2.7,0,0,2.7
108145,665561,"Rafael Marchán",26,2025,"PHI",42,283,5,0,-0.2,,,,0,,1.3,1.3
108258,666661,"Juan Morillo",26,2025,"AZ",42,34.3,2,0,-0.5,,,,0,,0,0
108274,662253,"Andrés Muñoz",26,2025,"SEA",64,62.3,3,0,-0.1,,,,0,,0,0
108284,665966,"Carlos Narváez",26,2025,"BOS",112,952,32,-0.1,-0.2,,,,-0.1,,4.7,4.6
108350,670623,"Isaac Paredes",26,2025,"HOU",89,766.7,208,-0.9,-0.5,-11,1,0.002,-0.6,0,0,-0.6
108479,665861,"Sebastián  Rivero",26,2025,"LAA",11,85.3,2,0,-0.2,,,,0,,-0.6,-0.6
108525,665923,"Esteury Ruiz",26,2025,"LAD",17,60.3,23,0.2,1.9,,,,0.2,,0,0.2
108618,666277,"George Soriano",26,2025,"MIA",24,36.7,4,0,-0.1,,,,0,,0,0
108619,667755,"José Soriano",26,2025,"LAA",31,169,26,0,0,,,,0,,0,0
108651,665487,"Fernando Tatis Jr.",26,2025,"SD",153,1299,521,20.3,6.6,,114,0.001,16.8,0.1,0,17
108656,669392,"Samad Taylor",26,2025,"SEA",3,20,8,0,-0.2,,2,0.011,0,0,0,0
108701,665839,"Enmanuel Valdez",26,2025,"PIT",29,210.3,48,0,0.1,1.9,,,0,,0,0
108993,668964,"Tobias Myers",26,2025,"MIL",22,50.7,5,0,-0.4,,,,0,,0,0
109083,669261,"Jack Suwinski",26,2025,"PIT",56,397.3,166,0.4,0.4,,21,-0.001,0.3,0,0,0.3
109125,670970,"Adrian Morejon",26,2025,"SD",75,73.7,14,0,0.1,,,,0,,0,0
109295,666176,"Jo Adell",26,2025,"LAA",149,1259,525,-11.1,-3.3,,94,-0.003,-9.2,-0.3,0,-9.5
109318,669397,"Nick Allen",26,2025,"ATL",135,1070.7,346,4.8,1.5,10.7,1,0.001,3.5,0,0,3.5
109324,665660,"Elvis Alvarado",26,2025,"ATH",37,42.3,3,0,-0.5,,,,0,,0,0
109417,669358,"Shane Baz",26,2025,"TB",31,166.3,17,0,0.3,,,,0,,0,0
109448,672642,"Steward Berroa",26,2025,"MIL",2,13,6,0,0.5,,,,0,,0,0
109661,674444,"Steven Cruz",26,2025,"KC",47,45.7,4,0,-0.1,,,,0,,0,0
109738,673237,"Yainer Diaz",26,2025,"HOU",113,990,29,-0.1,-0.2,,,,-0.1,,-6.4,-6.5
109838,671289,"Tyler Freeman",26,2025,"COL",80,620.3,240,-8,-5.4,-0.4,21,-0.005,-6.6,-0.1,0,-6.7
110120,671083,"Buddy Kennedy",26,2025,,12,76.3,17,-0.1,-1,0.7,,,-0.1,,0,-0.1
110182,668904,"Royce Lewis",26,2025,"MIN",99,826,201,1.9,1.1,1.1,,,1.4,,0,1.4
110207,672640,"Otto Lopez",26,2025,"MIA",142,1222,435,4.1,1,5.7,2,0.001,3,0,0,3
110333,669004,"MJ Melendez",26,2025,"KC",20,134,44,0.5,1.9,,11,0,0.4,0,0,0.4
110348,675650,"Michael Mercado",26,2025,"PHI",3,3,1,0,-0.3,,,,0,,0,0
110401,666624,"Christopher Morel",26,2025,"TB",70,483.7,168,-2.1,-2.3,,32,-0.002,-1.7,-0.1,0,-1.8
110572,673820,"Robinson Piña",26,2025,,2,2.3,1,0,-0.3,,,,0,,0,0
110800,676914,"Davis Schneider",26,2025,"TOR",77,475.7,175,-0.1,-0.2,0,11,0,-0.1,0,0,-0.1
111018,668723,"Ryan Vilade",26,2025,,7,34,13,0,-0.2,,4,-0.004,0,0,0,0
111044,671221,"Drew Waters",26,2025,"KC",68,508.7,226,-1.4,-1,,69,-0.001,-1.2,0,0,-1.2
111086,677800,"Wilyer Abreu",26,2025,"BOS",104,847.3,310,10.9,5.9,,83,0.004,9,0.3,0,9.3
111090,676070,"Jacob Amaya",26,2025,"CWS",37,211.3,73,0.1,0.1,-1.9,,,0.1,,0,0.1
111112,669022,"MacKenzie Gore",26,2025,"WSH",30,159.7,12,0,0.1,,,,0,,0,0
111121,676661,"Max Lazar",26,2025,"PHI",36,41.3,1,0,-0.1,,,,0,,0,0
111145,669422,"Matt Sauer",26,2025,"LAD",10,29.7,1,0,-0.3,,,,0,,0,0
111151,676206,"Freddy Tarnok",26,2025,"MIA",5,7.3,2,0,-0.1,,,,0,,0,0
111187,677649,"Ezequiel Duran",26,2025,"TEX",86,510.7,162,0,0,1.7,,,0,,0,0
111203,669084,"DL Hall",26,2025,"MIL",20,38.7,3,0,0,,,,0,,0,0
111216,672386,"Alejandro Kirk",26,2025,"TOR",118,965.3,26,0.1,0.5,,,,0.1,,6.2,6.3
111237,674384,"Eduarniel Núñez",26,2025,,10,12.7,,,,,,,,,0,
111327,671096,"Andrew Abbott",26,2025,"CIN",29,166.3,15,0.1,0.5,,,,0.1,,0,0.1
111707,677942,"Blaze Alexander",26,2025,"AZ",68,577.7,209,1.5,0.8,0.9,,,1.1,,0,1.1
111773,671106,"Logan Allen",26,2025,"CLE",30,156.7,6,0,-0.4,,,,0,,0,0
112687,672275,"Patrick Bailey",26,2025,"SF",132,1029.7,28,0.2,0.8,,,,0.1,,23.3,23.5
113331,678394,"Brayan Bello",26,2025,"BOS",29,166.7,18,0,-0.3,,,,0,,0,0
113630,676440,"Tanner Bibee",26,2025,"CLE",31,182.3,18,-0.1,-0.5,,,,-0.1,,0,-0.1
114833,676475,"Alec Burleson",26,2025,"STL",114,945,290,-4,-2.3,0,34,-0.002,-3.3,-0.1,0,-3.4
115693,676508,"Ben Casparius",26,2025,"LAD",46,77.7,3,0,-0.4,,,,0,,0,0
115711,680604,"Blas Castaño",26,2025,"SEA",1,3,,,,,,,,,0,
115906,676917,"Cade Cavalli",26,2025,"WSH",10,48.7,8,0,0.1,,,,0,,0,0
115926,677944,"Slade Cecconi",26,2025,"CLE",23,132,7,0,-0.3,,,,0,,0,0
117185,676979,"Garrett Crochet",26,2025,"BOS",32,205.3,10,0,-0.4,,,,0,,0,0
117298,678316,"Omar Cruz",26,2025,"SD",2,3.7,,,,,,,,,0,
117434,675540,"Xzavion Curry",26,2025,"MIA",3,3,,,,,,,,,0,
118215,676356,"Jonny DeLuca",26,2025,"TB",19,140,63,0.4,0.9,,15,0,0.3,0,0,0.3
118842,676263,"Jack Dreyer",26,2025,"LAD",67,76.3,4,0,-0.4,,,,0,,0,0
119133,671109,"Jake Eder",26,2025,"LAA",8,18.3,1,0,-0.1,,,,0,,0,0
119234,671284,"Tim Elko",26,2025,"CWS",20,157,37,0.1,0.2,2,3,-0.005,0.1,0,0,0.1
119526,669093,"Jeremiah Estrada",26,2025,"SD",77,73,3,0,-0.5,,,,0,,0,0
119528,681751,"Lazaro Estrada",26,2025,"TOR",2,7.3,1,0,0.1,,,,0,,0,0
120345,679822,"Justin Foscue",26,2025,"TEX",3,23,6,0,-0.1,-1,,,0,,0,0
121446,669372,"J.T. Ginn",26,2025,"ATH",23,90.3,7,0,-0.4,,,,0,,0,0
121919,676467,"Colton Gordon",26,2025,"HOU",20,86,9,-0.1,-1.6,,,,-0.1,,0,-0.1
122708,676106,"Emerson Hancock",26,2025,"SEA",22,90,10,0.1,0.8,,,,0.1,,0,0.1
124258,676428,"Brant Hurter",26,2025,"DET",43,63,8,0,-0.3,,,,0,,0,0
125175,666397,"Edouard Julien",26,2025,"MIN",51,362,103,-0.3,-0.3,1.3,,,-0.2,,0,-0.2
125642,677008,"Heston Kjerstad",26,2025,"BAL",51,370.3,126,-1.4,-2,,40,0.001,-1.2,0,0,-1.1
126356,673929,"Jordan Leasure",26,2025,"CWS",68,64.3,4,0,-0.3,,,,0,,0,0
126858,679845,"Nick Loftin",26,2025,"KC",62,402,137,-0.9,-1.1,0.3,8,0,-0.8,0,0,-0.8
127849,668885,"Austin Martin",26,2025,"MIN",49,366,165,-1.1,-1.1,0,,,-0.9,,0,-0.9
129333,676974,"Max Meyer",26,2025,"MIA",12,64.7,12,-0.1,-0.8,,,,-0.1,,0,-0.1
129445,676272,"Bobby Miller",26,2025,"LAD",2,5,1,0,-0.3,,,,0,,0,0
129452,682243,"Bryce Miller",26,2025,"SEA",18,90.3,6,0,-0.1,,,,0,,0,0
129622,669003,"Garrett Mitchell",26,2025,"MIL",25,179.7,92,2.3,3.8,,40,0,1.9,0,0,1.9
129665,669387,"Carmen Mlodzinski",26,2025,"PIT",34,99,12,0.1,0.9,,,,0.1,,0,0.1
130441,668716,"Noah Murdock",26,2025,"ATH",14,17,6,0,-0.6,,,,0,,0,0
131491,682847,"Luis L. Ortiz",26,2025,"CLE",16,88.7,11,0,-0.4,,,,0,,0,0
131744,669449,"Jake Palisch",26,2025,"CWS",1,1,,,,,,,,,0,
131748,669467,"Andre Pallante",26,2025,"STL",31,162.7,23,0,0,,,,0,,0,0
135525,671131,"Jackson Rutledge",26,2025,"WSH",63,73.3,9,0,0,,,,0,,0,0
135872,682144,"Jayvien Sandridge",26,2025,"NYY",1,0.7,,,,,,,,,,
136264,669477,"Casey Schmitt",26,2025,"SF",92,761.3,235,-2.2,-1,-5.5,,,-1.6,,0,-1.6
136475,678011,"Anthony Seigler",26,2025,"MIL",27,132.3,41,-0.4,-1.2,-1,,,-0.3,,0,-0.3
136621,676044,"Bob Seymour",26,2025,"TB",25,191,41,0.1,0.2,2,,,0.1,,0,0.1
137126,671922,"Cade Smith",26,2025,"CLE",76,73.7,5,0,-0.8,,,,0,,0,0
137780,677060,"Chad Stevens",26,2025,"LAA",5,37,15,0,-0.4,-0.7,,,0,,0,0
137960,675911,"Spencer Strider",26,2025,"ATL",23,125.3,5,0,0.1,,,,0,,0,0
138569,678906,"Kai-Wei Teng",26,2025,"SF",8,29.7,1,0,-0.3,,,,0,,0,0
138572,669326,"Bryce Teodosio",26,2025,"LAA",50,406,210,3.6,2.6,,,,3,,0,3
138833,669911,"Michael Toglia",26,2025,"COL",86,723,194,-3.7,-2,-3.5,3,0,-2.7,0,0,-2.7
139775,681190,"Randy Vásquez",26,2025,"SD",28,133.7,14,0,0.3,,,,0,,0,0
140632,676059,"Jordan Westburg",26,2025,"BAL",68,581.7,154,-0.2,-0.2,-2.2,,,-0.1,,0,-0.1
141102,669717,"Will Wilson",26,2025,"CLE",33,226,68,-0.3,-0.4,-0.4,1,0,-0.2,0,0,-0.2
141127,676466,"Jack Winkler",26,2025,"MIA",13,44.3,6,0,-0.1,0,,,0,,0,0
143325,685005,"Christian Roa",26,2025,"MIA",2,3,,,,,,,,,0,
143668,686249,"Nathan Wiles",26,2025,"ATL",1,1,,,,,,,,,0,
143774,686613,"Hunter Brown",26,2025,"HOU",31,185.3,17,0.1,0.4,,,,0.1,,0,0.1
143882,686676,"Korey Lee",26,2025,"CWS",18,91,8,0,-0.5,,,,0,,-0.1,-0.1
144150,687473,"Ryan Gusto",26,2025,,27,101.7,5,0,-0.4,,,,0,,0,0
144225,686751,"Seth Johnson",26,2025,"PHI",10,12.7,,,,,,,,,0,
144443,687401,"Joey Ortiz",26,2025,"MIL",149,1217.7,422,-1.3,-0.3,3,,,-0.9,,0,-0.9
144454,686780,"Pedro Pagés",26,2025,"STL",112,908.7,18,0,0,0,,,0,,7,7
144487,687166,"Austin Pope",26,2025,"AZ",1,2,1,0,-0.3,,,,0,,0,0
144696,687064,"Brandon Young",26,2025,"BAL",12,57.7,5,0,-0.3,,,,0,,0,0
144830,687589,"Dom Hamel",26,2025,"NYM",1,1,,,,,,,,,0,
145971,688107,"Robert Gasser",26,2025,"MIL",2,5.7,,,,,,,,,0,
146199,689414,"Liam Hicks",26,2025,"MIA",89,643.7,37,-0.3,-0.6,-3.1,,,-0.2,,-2.8,-3.1
147697,689172,"Brett Wisely",26,2025,,24,150,52,0.4,0.7,1.6,,,0.3,,0,0.3
147755,690925,"Clayton Beeter",26,2025,,26,25.3,1,0,-0.3,,,,0,,0,0
147896,808967,"Yoshinobu Yamamoto",26,2025,"LAD",30,173.7,19,0,0.3,,,,0,,0,0
148608,686894,"Joey Wiemer",26,2025,"MIA",23,149,65,1,2.5,,,,0.8,,0,0.8
148620,693304,"Nick Gonzales",26,2025,"PIT",96,839.7,265,-1.9,-0.7,2.7,1,0,-1.4,0,0,-1.4
148622,693307,"Dillon Dingler",26,2025,"DET",118,1011.7,30,-0.1,-0.4,,,,-0.1,,9,9
148627,693312,"Kyle Nicolas",26,2025,"PIT",31,38,3,0,-0.1,,,,0,,0,0
148629,693821,"Bryce Elder",26,2025,"ATL",28,156.3,22,0,0,,,,0,,0,0
148631,693855,"Ian Seymour",26,2025,"TB",19,57,7,0.1,1.1,,,,0.1,,0,0.1
148632,694297,"Brandon Pfaadt",26,2025,"AZ",33,176.7,10,0,-0.5,,,,0,,0,0
148638,694363,"Jared Shuster",26,2025,"CWS",12,15.7,2,0,-0.3,,,,0,,0,0
148642,694376,"Shay Whitcomb",26,2025,"HOU",17,62,22,0,-0.2,-0.3,1,0.001,0,0,0,0
149502,701121,"Logan VanWey",26,2025,"HOU",9,10.7,,,,,,,,,0,
151203,694362,"Blake Dunn",26,2025,"CIN",29,178.3,78,-0.3,-0.6,,21,0,-0.2,0,0,-0.3
151227,700250,"Ben Rice",26,2025,"NYY",82,601.7,83,0.2,0.2,0.9,,,0.1,,0,0.2
151232,702795,"Ryan Loutos",26,2025,,12,12,2,0,-0.9,,,,0,,0,0
151254,694374,"Tim Tawa",26,2025,"AZ",71,492.3,155,-0.7,-0.5,0.3,17,-0.001,-0.5,0,0,-0.5
151256,695257,"Billy Cook",26,2025,"PIT",3,11,6,0,-0.2,,6,0,0,0,0,0
151257,695445,"Chase Lee",26,2025,"DET",32,37.3,4,0,0.6,,1,0,0,0,0,0
151282,694335,"Matt Svanson",26,2025,"STL",39,60.3,4,0,-0.1,,,,0,,0,0
151283,694388,"Joey Loperfido",26,2025,"TOR",37,227,108,0.1,0.2,,,,0.1,,0,0.1
151288,695238,"Will Wagner",26,2025,,39,255.7,46,-0.4,-1,-0.5,,,-0.3,,0,-0.3
151341,690924,"Braxton Fulford",26,2025,"COL",32,249,6,0,-0.1,,,,0,,-2.3,-2.3
151383,694359,"Niko Kavadas",26,2025,"LAA",10,61,15,0,-0.1,0,,,0,,0,0
151424,694646,"Chayce McDermott",26,2025,"BAL",4,8.7,,,,,,,,,0,
151459,674841,"Andrew Alvarez",26,2025,"WSH",5,23.3,,,,,,,,,0,
151570,694738,"Landen Roupp",26,2025,"SF",22,106.7,12,0,0.1,,,,0,,0,0
151578,693313,"Carson Seymour",26,2025,"SF",16,36,3,0,-0.1,,,,0,,0,0
151608,694477,"Chad Patrick",26,2025,"MIL",27,119.7,9,0,0.6,,,,0,,0,0
151615,695243,"Mason Miller",26,2025,,60,61.7,5,0,-0.1,,,,0,,0,0
151694,701542,"Will Warren",26,2025,"NYY",33,162.3,19,-0.2,-1.1,,,,-0.1,,0,-0.1
152854,693409,"César Prieto",26,2025,"STL",2,9,2,0,-0.2,-1,,,0,,0,0
162560,802686,"Hayden Harris",26,2025,"ATL",3,2.7,1,0,-0.6,,,,0,,0,0
165248,808975,"Hyeseong Kim",26,2025,"LAD",66,409.3,143,0.6,0.4,-0.4,18,0.001,0.4,0,0,0.4
165254,808982,"Jung Hoo Lee",26,2025,"SF",147,1275.7,514,-12.9,-3.8,,75,0.004,-10.7,0.3,0,-10.4
105454,660670,"Ronald Acuña Jr.",27,2025,"ATL",91,779.7,301,-6.3,-3.6,,37,0,-5.2,0,0,-5.2
105636,660644,"Vidal Bruján",27,2025,,49,194,72,-0.1,-0.1,0.3,5,0,-0.1,0,0,-0.1
105737,661403,"Emmanuel Clase",27,2025,"CLE",48,47.3,7,0,-0.5,,,,0,,0,0
105764,661388,"William Contreras",27,2025,"MIL",129,1113.7,45,0,0.1,,,,0,,1.5,1.5
105834,660787,"Yerry De los Santos",27,2025,"NYY",25,35.7,6,0,0,,,,0,,0,0
105894,661395,"Jhoan Duran",27,2025,,72,70,12,0,-0.6,,,,0,,0,0
106040,661563,"Luis Gil",27,2025,"NYY",11,57,2,0,-0.4,,,,0,,0,0
106066,660757,"Oscar Gonzalez",27,2025,"SD",18,120,40,-0.4,-1.8,,17,0.001,-0.3,0,0,-0.3
106217,663330,"Jahmai Jones",27,2025,"DET",29,80,34,-0.1,-0.5,,1,-0.031,-0.1,0,0,-0.1
106668,663969,"Tyler Phillips",27,2025,"MIA",54,77.7,12,0,0.1,,,,0,,0,0
106721,660604,"Alan Rangel",27,2025,"PHI",5,11,1,0,-0.1,,,,0,,0,0
106748,660844,"Leo Rivas",27,2025,"SEA",41,251.3,87,0.3,0.3,1.3,,,0.2,,0,0.2
106774,660730,"Elvin Rodríguez",27,2025,,7,19.7,3,0,-0.5,,,,0,,0,0
106844,660821,"Jesús Sánchez",27,2025,,128,977.7,374,0,0,,88,-0.002,0,-0.2,0,-0.2
106940,647336,"Michael Soroka",27,2025,,22,89.7,5,0,-0.1,,,,0,,0,0
106975,660761,"José Suarez",27,2025,"ATL",7,19.3,1,0,-0.3,,,,0,,0,0
107170,663465,"Kolby Allard",27,2025,"CLE",33,65,4,0,-0.1,,,,0,,0,0
107172,663474,"Triston McKenzie",27,2025,"CLE",4,5.7,,,,,,,,,0,
107415,666018,"Jonathan Aranda",27,2025,"TB",93,765.7,159,-0.3,-0.2,-2.4,,,-0.2,,0,-0.2
107428,665871,"Javier Assad",27,2025,"CHC",8,37,3,0,-0.1,,,,0,,0,0
107480,666181,"Will Benson",27,2025,"CIN",82,573,245,2.9,2,,42,0,2.4,0,0,2.4
107491,666182,"Bo Bichette",27,2025,"TOR",132,1139,348,-4.1,-1.3,-1,1,0.001,-3,0,0,-3
107559,665795,"Edward Cabrera",27,2025,"MIA",26,137.7,15,0,0.3,,,,0,,0,0
107632,665862,"Jazz Chisholm Jr.",27,2025,"NYY",129,1089,372,1.8,0.5,4.8,,,1.3,,0,1.3
107732,666808,"Camilo Doval",27,2025,,69,65.3,7,0,0.2,,,,0,,0,0
107982,669087,"Sam Huff",27,2025,"SF",20,148.3,2,0,-0.2,,,,0,,-0.2,-0.2
108051,666198,"Carter Kieboom",27,2025,"LAA",3,18,2,0,-0.3,-1,,,0,,0,0
108118,666139,"Josh Lowe",27,2025,"TB",103,854.3,297,2.4,1.4,,32,0.004,2,0.1,0,2.1
108127,666158,"Gavin Lux",27,2025,"CIN",75,549,187,-4.9,-4.4,-0.2,29,-0.003,-4,-0.1,0,-4.1
108236,669304,"Jose Miranda",27,2025,"MIN",12,81,24,-0.3,-1.5,-2,,,-0.2,,0,-0.2
108243,666160,"Mickey Moniak",27,2025,"COL",117,887,437,-4.4,-1.7,,92,-0.007,-3.7,-0.6,0,-4.3
108464,669308,"Sean Reynolds",27,2025,"SD",19,27,5,0,0.5,,,,0,,0,0
108516,666163,"Ben Rortvedt",27,2025,,44,325,7,0,-0.4,,,,0,,0.7,0.7
108682,666211,"Taylor Trammell",27,2025,"HOU",49,302.3,133,0.1,0.3,,,,0.1,,0,0.1
108756,666214,"Joey Wentz",27,2025,,39,98,7,0,-0.6,,,,0,,0,0
108822,666120,"Ian Anderson",27,2025,"LAA",7,9.3,2,0,-0.5,,,,0,,0,0
108947,666134,"Nolan Jones",27,2025,"CLE",130,892,341,-6,-2.8,,52,0.002,-5,0.1,0,-4.9
108952,668820,"Max Kranick",27,2025,"NYM",24,37,4,0,-0.4,,,,0,,0,0
108971,669160,"Dustin May",27,2025,,25,132.3,7,0,-0.1,,,,0,,0,0
108975,668834,"Easton McGee",27,2025,"MIL",9,14.7,1,0,-0.1,,,,0,,0,0
109005,670912,"Johan Oviedo",27,2025,"PIT",9,40.3,2,0,-0.3,,,,0,,0,0
109094,670955,"Edwin Uceta",27,2025,"TB",70,76,7,0,0.5,,1,0,0,0,0,0
109107,666215,"Forrest Whitley",27,2025,,10,12,,,,,,,,,0,
109108,669060,"Bryse Wilson",27,2025,"CWS",20,47.3,3,0,-1.1,,,,0,,0,0
109122,669016,"Brandon Marsh",27,2025,"PHI",131,952,403,-10.8,-4.1,,65,0.002,-9,0.1,0,-8.8
109131,666142,"Cole Ragans",27,2025,"KC",13,61.7,1,0,-0.3,,,,0,,0,0
109135,666200,"Jesús Luzardo",27,2025,"PHI",32,183.7,20,0,0.3,,,,0,,0,0
109236,671305,"Michel Otañez",27,2025,"ATH",6,5.3,,,,,,,,,0,
109267,666168,"Mason Thompson",27,2025,"WSH",14,10.7,,,,,,,,,0,
109278,670174,"Josh Winckowski",27,2025,"BOS",6,11.7,1,0,-0.4,,,,0,,0,0
109477,675989,"Cody Bolton",27,2025,"CLE",1,2,,,,,,,,,0,
109526,676130,"José Buttó",27,2025,,55,67,8,0,0,,,,0,,0,0
109539,672569,"Gustavo Campero",27,2025,"LAA",26,151.7,67,-0.1,-0.3,,7,0.001,-0.1,0,0,-0.1
109776,666464,"Jerar Encarnacion",27,2025,"SF",16,112,46,-0.3,-1.2,0,7,-0.001,-0.2,0,0,-0.3
109974,669724,"Brenan Hanifee",27,2025,"DET",54,60,4,0,-0.1,,,,0,,0,0
110664,673357,"Luis Robert Jr.",27,2025,"CWS",105,865.7,407,-3.7,-1.4,,112,0,-3.1,0,0,-3.1
110745,674285,"Eduardo Salazar",27,2025,"WSH",30,29,5,0,-0.4,,,,0,,0,0
111030,676572,"Eric Wagaman",27,2025,"MIA",127,985.7,255,-1,-0.6,0.1,26,-0.001,-0.8,0,0,-0.9
111286,669432,"Trevor Rogers",27,2025,"BAL",18,109.7,5,0,0,,,,0,,0,0
111300,676480,"José Barrero",27,2025,"STL",19,86,41,-0.1,-0.2,0.3,12,0,-0.1,0,0,-0.1
111459,670183,"Garrett Acton",27,2025,"TB",1,1,,,,,,,,,0,
112434,676879,"Aaron Ashby",27,2025,"MIL",43,66.7,10,0,0,,,,0,,0,0
112439,668933,"Graham Ashcraft",27,2025,"CIN",62,65.3,12,0,-0.3,,,,0,,0,0
113016,669620,"Brady Basso",27,2025,"ATH",11,11.7,1,0,-0.3,,,,0,,0,0
113823,668709,"JJ Bleday",27,2025,"ATH",87,714.7,321,-5.7,-2.8,,103,-0.001,-4.7,-0.1,0,-4.9
114244,666374,"Matt Brash",27,2025,"SEA",53,47.3,8,0,-0.1,,,,0,,0,0
114683,663460,"Kris Bubic",27,2025,"KC",20,116.3,14,0,0,,,,0,,0,0
115227,663462,"Isaiah Campbell",27,2025,"BOS",6,7.7,1,0,-0.3,,,,0,,0,0
115478,681481,"Kerry Carpenter",27,2025,"DET",79,601.7,234,0.6,0.4,,51,-0.005,0.5,-0.3,0,0.2
116712,665052,"Griffin Conine",27,2025,"MIA",23,177,69,-0.6,-1.7,,28,-0.001,-0.5,0,0,-0.5
117625,669722,"Logan Davidson",27,2025,,16,106.3,25,-0.1,-0.5,0.3,,,-0.1,,0,-0.1
117754,676969,"Brett de Geus",27,2025,"PHI",1,2,,,,,,,,,0,
119949,681676,"Ryan Fernandez",27,2025,"STL",32,30.3,2,0,-0.3,,,,0,,0,0
120133,666149,"Tyler Fitzgerald",27,2025,"SF",72,582.7,218,2,1,8.3,1,0,1.4,0,0,1.4
120177,666150,"Dominic Fletcher",27,2025,"CWS",12,85.7,33,-0.4,-1.8,,,,-0.3,,0,-0.3
122664,666152,"David Hamilton",27,2025,"BOS",79,472,195,1.7,1,5.5,,,1.2,,0,1.2
122720,668974,"Maverick Handley",27,2025,"BAL",16,120.7,1,0,-0.2,,,,0,,0,0
123283,674072,"Tommy Henry",27,2025,"AZ",2,6.7,3,0,-0.1,,,,0,,0,0
123824,676510,"Nolan Hoffman",27,2025,"PHI",1,1,,,,,,,,,0,
123905,668970,"Gavin Hollowell",27,2025,"CHC",7,9.3,1,0,-0.3,,,,0,,0,0
125028,675659,"Greg Jones",27,2025,"CWS",1,2,2,0,0.3,,,,0,,0,0
125609,669923,"George Kirby",27,2025,"SEA",23,126,6,0,0.4,,,,0,,0,0
125906,668952,"Ryan Kreidler",27,2025,"DET",17,117.3,46,-0.5,-1.7,,11,0.001,-0.4,0,0,-0.4
126005,680757,"Steven Kwan",27,2025,"CLE",152,1329,507,4,1.4,,104,0.003,3.3,0.3,0,3.6
126172,669127,"Shea Langeliers",27,2025,"ATH",108,928,41,0,0,,,,0,,-9.4,-9.4
126788,669193,"Jack Little",27,2025,"LAD",2,3,,,,,,,,,0,
126846,666157,"Nick Lodolo",27,2025,"CIN",29,156.7,14,0,-0.1,,,,0,,0,0
126961,682052,"Jacob Lopez",27,2025,"ATH",21,92.7,5,0,0,,,,0,,0,0
128477,664983,"Jake McCarthy",27,2025,"AZ",59,483.3,209,2.4,2,,11,0.001,2,0,0,2
128566,676812,"Carson McCusker",27,2025,"MIN",12,49,15,-0.1,-1.4,,,,-0.1,,0,-0.1
129286,670223,"Matt Mervis",27,2025,"MIA",29,200,46,0,0.1,0.1,,,0,,0,0
129469,669062,"Erik Miller",27,2025,"SF",36,30,4,0,0,,,,0,,0,0
129605,670224,"Kameron Misner",27,2025,"TB",68,503.7,200,-0.3,-0.3,,70,0,-0.2,0,0,-0.3
130453,669684,"Chris Murphy",27,2025,"BOS",23,34.7,6,0,0.6,,,,0,,0,0
130740,669194,"Ryne Nelson",27,2025,"AZ",33,154,13,0.1,1,,,,0.1,,0,0.1
130939,663457,"Lars Nootbaar",27,2025,"STL",131,1128,411,-4.3,-1.8,,97,0,-3.6,0,0,-3.6
131515,679358,"Eric Orze",27,2025,"TB",33,41.7,3,0,-0.1,,,,0,,0,0
132232,665161,"Jeremy Peña",27,2025,"HOU",124,1061.7,350,2.2,0.7,3,1,-0.001,1.6,0,0,1.6
132346,671111,"Sammy Peralta",27,2025,"LAA",5,10.7,2,0,-0.1,,,,0,,0,0
132835,663455,"Konnor Pilkington",27,2025,"WSH",32,28.3,3,0,-0.1,,,,0,,0,0
133769,670231,"John Rave",27,2025,"KC",70,431.7,192,1.6,1.4,,13,-0.001,1.3,0,0,1.3
134502,681799,"Ethan Roberts",27,2025,"CHC",10,9,,,,,,,,,0,
135058,669020,"Ryan Rolison",27,2025,"COL",31,42.3,8,0,0.1,,,,0,,0,0
135527,668939,"Adley Rutschman",27,2025,"BAL",73,573.3,12,0,0.3,,,,0,,3.6,3.6
135580,666165,"Blake Sabol",27,2025,"BOS",7,39,4,0,-0.4,,,,0,,0.1,0.1
135582,681870,"Erik Sabrowski",27,2025,"CLE",33,29.3,1,0,-0.3,,,,0,,0,0
135874,663485,"Cole Sands",27,2025,"MIN",69,72,8,0,0.6,,,,0,,0,0
136350,668845,"Aaron Schunk",27,2025,"COL",15,90.3,34,-0.3,-0.8,-1.2,,,-0.2,,0,-0.2
136488,681882,"Colin Selby",27,2025,"BAL",11,14,3,0,0.1,,,,0,,0,0
136980,681006,"Josh Simpson",27,2025,"MIA",31,30.7,2,0,-0.3,,,,0,,0,0
137201,669701,"Josh Smith",27,2025,"TEX",130,1033.3,304,-1.7,-0.8,-0.2,7,0,-1.3,0,0,-1.3
137710,668715,"Spencer Steer",27,2025,"CIN",129,1082.7,256,1.3,0.4,4.2,11,0.002,0.8,0,0,0.9
137906,681082,"Bryson Stott",27,2025,"PHI",145,1191,423,1.1,0.2,-1.9,1,0,0.8,0,0,0.8
137926,669065,"Kyle Stowers",27,2025,"MIA",107,857,363,-2.7,-1.3,,116,0.002,-2.2,0.2,0,-2
137992,669704,"Kade Strowd",27,2025,"BAL",25,26.3,1,0,-0.1,,,,0,,0,0
138648,671162,"Connor Thomas",27,2025,"MIL",2,5.3,2,0,-1.5,,,,0,,0,0
139109,669707,"Jared Triolo",27,2025,"PIT",104,846,266,0.8,0.3,1,2,0.001,0.6,0,0,0.6
140293,670242,"Matt Wallner",27,2025,"MIN",85,654.3,270,-7,-4.4,,49,-0.003,-5.8,-0.1,0,-5.9
140615,669713,"Hayden Wesneski",27,2025,"HOU",6,32,2,0,-0.3,,,,0,,0,0
141132,676775,"Keaton Winn",27,2025,"SF",7,10,,,,,,,,,0,
141595,666171,"Ryan Zeferjahn",27,2025,"LAA",62,57,7,0,-0.3,,,,0,,0,0
142212,683737,"Michael Busch",27,2025,"CHC",151,1185,245,1.7,0.8,7,1,0,1.2,0,0,1.2
142220,673962,"Josh Jung",27,2025,"TEX",126,1086.7,330,-0.7,-0.2,-3.3,,,-0.5,,0,-0.5
142242,679775,"Kyle Backhus",27,2025,"AZ",32,25.3,3,0,0.3,,,,0,,0,0
142386,683769,"Hunter Gaddis",27,2025,"CLE",73,66.7,5,0,0,,,,0,,0,0
142498,683766,"Christian Koss",27,2025,"SF",64,445,169,1.1,0.7,4.9,,,0.8,,0,0.8
142696,683770,"Will Robertson",27,2025,,24,174.7,77,0.1,0.1,,9,0.002,0.1,0,0,0.1
142821,683734,"Andrew Vaughn",27,2025,,95,768,136,0.5,0.4,-0.3,,,0.4,,0,0.4
143104,685126,"Brandon Eisert",27,2025,"CWS",72,69.7,14,0,-0.4,,,,0,,0,0
143142,685299,"Tanner Gordon",27,2025,"COL",15,75.3,6,0,-0.4,,,,0,,0,0
143143,685301,"Matt Gorski",27,2025,"PIT",14,91,30,-0.2,-0.7,-1.6,4,0.001,-0.1,0,0,-0.1
143313,685068,"Carson Ragsdale",27,2025,"BAL",2,5,1,0,0.4,,,,0,,0,0
143336,685314,"Andrew Saalfrank",27,2025,"AZ",28,29,,,,,,,,,0,
143399,685107,"Anthony Veneziano",27,2025,,26,25,4,0,0.1,,,,0,,0,0
143743,686452,"Drew Millas",27,2025,"WSH",16,123.3,6,0,0,,,,0,,1.1,1.1
143748,686469,"Vinnie Pasquantino",27,2025,"KC",126,1084.3,227,-0.5,-0.2,0.5,2,0,-0.4,0,0,-0.4
143760,686475,"Tyler Tolbert",27,2025,"KC",56,169,78,-0.2,-0.5,0.1,5,0.001,-0.2,0,0,-0.2
143787,686527,"Dominic Canzone",27,2025,"SEA",70,539.3,187,-0.4,-0.3,,5,0.003,-0.3,0,0,-0.3
143812,686555,"Isaac Collins",27,2025,"MIL",118,880,303,4.8,2.8,0,45,-0.004,4,-0.2,0,3.8
143845,686668,"Brenton Doyle",27,2025,"COL",131,1090.7,600,-9.6,-2.4,,124,-0.002,-8,-0.2,0,-8.2
143852,686554,"Oliver Dunn",27,2025,"MIL",13,93.7,21,-0.1,-0.5,0.9,,,-0.1,,0,-0.1
143858,686642,"Fraser Ellard",27,2025,"CWS",18,17,1,0,-0.5,,,,0,,0,0
143892,686681,"Michael Massey",27,2025,"KC",72,580,209,0.3,0,5.2,3,-0.003,0.2,0,0,0.2
143908,686580,"Justin Slaten",27,2025,"BOS",36,34,2,0,-0.1,,,,0,,0,0
144013,686823,"Will Brennan",27,2025,"CLE",5,34,14,0,0.3,,4,0.004,0,0,0,0
144102,673965,"Caleb Freeman",27,2025,"CWS",5,3.3,,,,,,,,,0,
144122,687362,"Connor Gillispie",27,2025,"MIA",6,26,6,0,-0.8,,,,0,,0,0
144167,687396,"Brent Headrick",27,2025,"NYY",17,23,4,0,0.1,,,,0,,0,0
144197,687462,"Spencer Horwitz",27,2025,"PIT",102,834.7,158,-0.3,-0.2,0,,,-0.2,,0,-0.2
144210,674441,"Jacob Hurtubise",27,2025,"CIN",6,24,10,0,-0.2,,2,-0.001,0,0,0,0
144213,686753,"Drey Jameson",27,2025,"AZ",3,3,,,,,,,,,0,0
144214,686826,"Bryce Jarvis",27,2025,"AZ",12,22,2,0,-0.1,,,,0,,0,0
144245,687330,"Kevin Kelly",27,2025,"TB",41,39.7,4,0,-0.1,,,,0,,0,0
144284,686747,"Joe La Sorsa",27,2025,"CIN",5,6.7,1,0,-0.3,,,,0,,0,0
144318,687424,"Anthony Maldonado",27,2025,"ATH",6,6,,,,,,,,,0,
144402,687287,"Patrick Monteverde",27,2025,"MIA",1,3.7,,,,,,,,,0,
144465,686752,"Ryan Pepiot",27,2025,"TB",31,167.7,10,0,0.1,,,,0,,0,0
144511,687377,"Orlando Ribalta",27,2025,"WSH",22,24.3,5,0,-0.1,,,,0,,0,0
144597,686765,"Nick Sogard",27,2025,"BOS",27,220.3,57,-0.1,-0.3,0.5,,,-0.1,,0,-0.1
144606,686730,"Carson Spiers",27,2025,"CIN",3,13.3,2,0,-0.1,,,,0,,0,0
144657,686973,"Louis Varland",27,2025,,74,72.7,12,0,0.3,,,,0,,0,0
144730,685801,"Hunter Bigge",27,2025,"TB",13,15,1,0,0,,,,0,,0,0
144812,687830,"Sawyer Gipson-Long",27,2025,"DET",8,31.3,2,0,-0.3,,,,0,,0,0
144890,687849,"Zak Kent",27,2025,"CLE",12,17.7,,,,,,,,,0,
145063,687606,"Paxton Schultz",27,2025,"TOR",13,24.7,1,0,0.4,,,,0,,0,0
145080,687765,"Mitch Spence",27,2025,"ATH",32,84.7,10,-0.1,-1.4,,,,-0.1,,0,-0.1
145443,689225,"Beau Brieske",27,2025,"DET",22,22,6,0,0,,,,0,,0,0
145702,690382,"Michael Darrell-Hicks",27,2025,,7,9.7,,,,,,,,,0,
145773,689266,"Dylan Dodd",27,2025,"ATL",28,35,5,0,0.8,,,,0,,0,0
146226,690544,"Bailey Horn",27,2025,"DET",10,11.3,1,0,-0.3,,,,0,,0,0
146279,689690,"Alek Jacob",27,2025,"SD",29,33.3,5,0,0.3,,,,0,,0,0
146392,689017,"Landon Knack",27,2025,"LAD",10,42.3,4,0,0.4,,,,0,,0,0
146462,689520,"Cody Laweryson",27,2025,"MIN",5,7.7,,,,,,,,,0,
147927,691172,"Yosver Zulueta",27,2025,"CIN",7,7.3,1,0,-0.1,,,,0,,0,0
151389,695391,"Brett Harris",27,2025,"ATH",30,200.7,64,0,0,-1,,,0,,0,0
160802,702752,"Jonathan Pintaro",27,2025,"NYM",1,0.7,,,,,,,,,0,
163735,806188,"Cade Gibson",27,2025,"MIA",44,54.7,9,0,-0.1,,,,0,,0,0
164622,829272,"Shinnosuke Ogasawara",27,2025,"WSH",23,38.7,3,0,0.4,,,,0,,0,0
103221,642727,"Sergio Alcántara",28,2025,"SF",1,8,2,0,-1.1,0,,,0,,0,0
104004,645277,"Ozzie Albies",28,2025,"ATL",157,1387,434,4.2,1,5.9,1,0,3,0,0,3
104023,645302,"Victor Robles",28,2025,"SEA",31,248.3,92,-0.9,-1.5,,16,-0.006,-0.7,-0.1,0,-0.8
104025,645305,"Ali Sánchez",28,2025,,12,54.3,2,0,-0.2,,,,0,,0.3,0.3
104033,645444,"Jose Herrera",28,2025,"AZ",58,488.7,11,0,0.1,,,,0,,-2.6,-2.6
104042,646240,"Rafael Devers",28,2025,"SF",29,258,53,0,0,0.9,,,0,,0,0
104044,646242,"Jhonathan Díaz",28,2025,"SEA",1,1.3,,,,,,,,,0,
104096,649966,"Luis Urías",28,2025,"ATH",96,759.3,231,-3.5,-1.6,4.6,1,0,-2.5,0,0,-2.5
104123,650333,"Luis Arraez",28,2025,"SD",123,1075.7,214,1.2,0.6,0.7,1,0,0.9,0,0,0.9
104180,650402,"Gleyber Torres",28,2025,"DET",134,1146.3,361,-8.1,-2.3,-14.4,,,-5.8,,0,-5.8
104205,650489,"Willi Castro",28,2025,,118,973.3,300,0.5,0.4,-0.9,38,-0.004,0.5,-0.1,0,0.3
104258,650556,"Bryan Abreu",28,2025,"HOU",70,71,7,0,-0.1,,,,0,,0,0
104261,650559,"Bryan De La Cruz",28,2025,"ATL",14,91,35,-0.4,-1.8,,11,0.002,-0.3,0,0,-0.3
104450,650859,"Luis Rengifo",28,2025,"LAA",145,1174,390,2.1,0.5,-3.4,1,0,1.5,0,0,1.5
104481,650893,"Génesis Cabrera",28,2025,,40,42.7,3,0,0,,,,0,,0,0
104499,650911,"Cristopher Sánchez",28,2025,"PHI",32,202,28,-0.1,-0.3,,,,-0.1,,0,-0.1
104515,650968,"Yohel Pozo",28,2025,"STL",52,338,7,0,-0.3,,,,0,,0.5,0.5
104562,655316,"Andruw Monasterio",28,2025,"MIL",66,339.3,88,0.1,0,-1.1,,,0.1,,0,0.1
104739,656271,"Brock Burke",28,2025,"LAA",69,61.7,10,0,-0.1,,,,0,,0,0
105007,657277,"Logan Webb",28,2025,"SF",34,207,32,0.2,0.6,,,,0.1,,0,0.1
105670,663662,"Daz Cameron",28,2025,"MIL",16,78.3,31,-0.4,-2.1,,11,-0.003,-0.3,0,0,-0.4
105735,663757,"Trent Grisham",28,2025,"NYY",140,1133,400,-5.2,-2,,63,0.004,-4.3,0.3,0,-4
105859,664747,"Alexis Díaz",28,2025,,18,17.7,2,0,-0.2,,,,0,,0,0
105915,664744,"Jose Espada",28,2025,"BAL",1,3,,,,,,,,,0,
105936,663559,"Bailey Falter",28,2025,,26,125.3,10,0,0.2,,,,0,,0,0
105950,657571,"Caleb Ferguson",28,2025,,70,65.3,7,0,-0.4,,,,0,,0,0
106121,663647,"Ke'Bryan Hayes",28,2025,,152,1283,404,7.3,2.1,-3.6,1,0,5.3,0,0,5.3
106195,664299,"Cristian Javier",28,2025,"HOU",8,37,4,0,-0.8,,,,0,,0,0
106527,663624,"Ryan Mountcastle",28,2025,"BAL",56,441,85,0.1,0.1,-3.5,,,0.1,,0,0.1
106548,647304,"Josh Naylor",28,2025,,129,1081,231,1.3,0.7,1.1,1,0,0.9,0,0,0.9
106659,663368,"Blake Perkins",28,2025,"MIL",52,374.7,162,1.5,1.4,,,,1.2,,0,1.2
106744,663586,"Austin Riley",28,2025,"ATL",102,888.7,242,1.5,0.7,1,3,-0.001,1.1,0,0,1.1
106765,663898,"Brendan Rodgers",28,2025,"HOU",41,285.7,68,0.1,0.1,-1.8,,,0.1,,0,0.1
106864,663574,"Tony Santillan",28,2025,"CIN",80,73.7,7,0,0,,,,0,,0,0
106960,663886,"Tyler Stephenson",28,2025,"CIN",69,586,16,0,-0.3,,,,0,,-3.1,-3.1
107047,663656,"Kyle Tucker",28,2025,"CHC",115,1001.7,395,-6.3,-2.7,,67,0,-5.2,0,0,-5.2
107130,663897,"Luke Williams",28,2025,"ATL",35,93.3,33,-0.3,-1,-0.3,,,-0.2,,0,-0.2
107143,663765,"Jake Woodford",28,2025,"AZ",22,36.3,5,0,-0.1,,,,0,,0,0
107190,663542,"Bryan Hudson",28,2025,,16,15,1,0,-0.3,,,,0,,0,0
107237,663558,"Jovani Morán",28,2025,"BOS",2,4,,,,,,,,,0,
107962,663855,"Jordan Hicks",28,2025,,34,67.3,7,0,0.1,,,,0,,0,0
108361,665625,"Elvis Peguero",28,2025,,8,9.3,2,0,-0.4,,,,0,,0,0
108363,666711,"Joel Peguero",28,2025,"SF",17,22.3,4,0,-0.8,,,,0,,0,0
109051,668941,"JoJo Romero",28,2025,"STL",65,61,4,0,-0.1,,,,0,,0,0
109090,647351,"Abraham Toro",28,2025,"BOS",73,611.7,141,-0.1,-0.1,0,1,0,-0.1,0,0,-0.1
109147,670541,"Yordan Alvarez",28,2025,"HOU",15,116,42,-1.2,-4.9,,7,-0.002,-1,0,0,-1
109531,676609,"José Caballero",28,2025,,119,859,307,1.9,0.9,-0.3,18,0.008,1.5,0.1,0,1.6
110000,672578,"Carlos Hernández",28,2025,,41,43.3,5,0,0,,,,0,,0,0
110030,669374,"Keston Hiura",28,2025,"COL",8,55,6,0,0,-1,,,0,,0,0
110280,665155,"Nick Maton",28,2025,"CWS",8,28,11,0,-0.5,0,4,-0.006,0,0,0,0
110436,669459,"Kyle Nelson",28,2025,"AZ",3,2,,,,,,,,,0,
110688,655889,"Manuel Rodríguez",28,2025,"TB",31,30.3,5,0,0,,,,0,,0,0
110903,676702,"Hunter Stratton",28,2025,,15,19,,,,,,,,,0,
110995,662139,"Daulton Varsho",28,2025,"TOR",68,550.3,225,-2.5,-1.7,,20,0.003,-2.1,0.1,0,-2
111033,670764,"Taylor Walls",28,2025,"TB",98,750.7,287,4.5,1.6,-5.7,3,0.001,3.2,0,0,3.2
111134,663878,"Nate Pearson",28,2025,"CHC",11,14.7,1,0,0.4,,,,0,,0,0
111196,677651,"Luis Garcia",28,2025,"HOU",2,7.7,1,0,0,,,,0,,0,0
111222,663893,"Brendon Little",28,2025,"TOR",79,68.3,7,0,-0.3,,,,0,,0,0
111247,647315,"Zach Pop",28,2025,,5,6.7,2,0,-0.3,,,,0,,0,0
111709,680769,"CJ Alexander",28,2025,"ATH",5,37,11,0.1,0.4,0,3,0.007,0.1,0,0,0.1
112001,681982,"Grant Anderson",28,2025,"MIL",66,69.7,8,0,0,,,,0,,0,0
112733,663609,"Luken Baker",28,2025,"STL",2,6.3,,,,,,,,,0,
112968,663698,"Joey Bart",28,2025,"PIT",83,658.7,13,0.1,1.1,,1,-0.001,0.1,0,3,3.1
113905,664761,"Alec Bohm",28,2025,"PHI",120,1057.3,305,1.5,0.6,4.2,,,1.1,,0,1.1
114108,680742,"Jonathan Bowlan",28,2025,"KC",34,44.3,5,0,-0.1,,,,0,,0,0
114191,680694,"Kyle Bradish",28,2025,"BAL",6,32,2,0,0,,,,0,,0,0
114635,677865,"Justin Bruihl",28,2025,"TOR",15,13.7,,,,,,,,,0,
115362,681962,"Vinny Capra",28,2025,,42,250.7,87,0,-0.1,0.3,1,0,0,0,0,0
116988,666126,"Carlos Cortes",28,2025,"ATH",29,192,64,-0.5,-1.4,,,,-0.4,,0,-0.4
117077,680735,"Austin Cox",28,2025,"ATL",13,21.3,2,0,0.5,,,,0,,0,0
117180,681867,"Cooper Criswell",28,2025,"BOS",7,17.7,2,0,-0.4,,,,0,,0,0
117546,669721,"Davis Daniel",28,2025,"ATL",3,10,1,0,-0.8,,,,0,,0,0
117703,663562,"Noah Davis",28,2025,,9,11,,,,,,,,,0,
117987,681909,"Justin Dean",28,2025,"LAD",17,23.7,13,-0.1,-0.6,,,,-0.1,,0,-0.1
118722,680977,"Brendan Donovan",28,2025,"STL",117,1002,408,-3,-0.9,0.2,29,0.002,-2.2,0.1,0,-2.1
119003,680776,"Jarren Duran",28,2025,"BOS",156,1346,530,-1.4,-0.6,,121,0.002,-1.2,0.3,0,-0.9
119087,681987,"Nate Eaton",28,2025,"BOS",36,208,64,0,0.2,0.3,,,0,,0,0
119337,663536,"Tristin English",28,2025,"AZ",7,58,14,0,0.3,1,,,0,,0,0
119354,663671,"Nic Enright",28,2025,"CLE",27,31,1,0,-0.3,,,,0,,0,0
119759,676439,"Hunter Feduccia",28,2025,,35,235.3,7,0,-0.2,0,,,0,,1.9,1.9
119844,663372,"Ryan Feltner",28,2025,"COL",6,30.3,3,0,-1,,,,0,,0,0
120337,663743,"Nick Fortes",28,2025,,91,585.7,14,0,-0.6,,,,0,,3,3
120724,681892,"Kody Funderburk",28,2025,"MIN",39,41,10,0,0.3,,,,0,,0,0
121247,680702,"Joey Gerber",28,2025,"TB",2,4.3,,,,,,,,,0,
121380,669302,"Logan Gilbert",28,2025,"SEA",25,131,5,0,-0.5,,,,0,,0,0
121406,670810,"Logan Gillaspie",28,2025,"SD",3,7,,,,,,,,,0,
121858,663853,"Romy Gonzalez",28,2025,"BOS",89,668.3,184,-2,-1.2,-3.5,1,0,-1.4,0,0,-1.4
122573,663795,"Justin Hagenman",28,2025,"NYM",9,23.7,1,0,-0.3,,,,0,,0,0
122776,663554,"Casey Mize",28,2025,"DET",28,149,11,-0.1,-1.5,,1,0,-0.1,0,0,-0.1
122878,663687,"Hogan Harris",28,2025,"ATH",48,64.7,4,0,0,,,,0,,0,0
123381,678226,"Daysbel Hernández",28,2025,"ATL",39,37,5,0,0.1,,,,0,,0,0
123585,682120,"Tim Herrin",28,2025,"CLE",54,42.7,4,0,0.3,,,,0,,0,0
123612,676051,"Codi Heuer",28,2025,,3,4.7,,,,,,,,,0,0
123765,663546,"Sean Hjelle",28,2025,"SF",12,15,2,0,-0.4,,,,0,,0,0
123804,663773,"Bryan Hoeing",28,2025,"SD",7,8,2,0,0.6,,,,0,,0,0
123806,663538,"Nico Hoerner",28,2025,"CHC",156,1363,477,7.7,1.9,18.1,,,5.5,,0,5.5
124341,663697,"Jonathan India",28,2025,"KC",110,886.3,303,-4,-1.6,-2.2,17,0,-3,0,0,-3
124381,663623,"Jake Irvin",28,2025,"WSH",33,180,23,0,0.1,,,,0,,0,0
124395,664728,"Kyle Isbel",28,2025,"KC",135,1032,462,6.9,2.3,,82,-0.002,5.7,-0.1,0,5.6
124659,680777,"Ryan Jeffers",28,2025,"MIN",88,699.7,33,0.1,0.2,,,,0.1,,-2.1,-2
125216,663731,"Connor Kaiser",28,2025,"AZ",9,47.3,16,0,0.2,0,,,0,,0,0
125363,680577,"DaShawn Keirsey Jr.",28,2025,"MIN",61,250.7,93,0,0,,33,0,0,0,0,0
125796,663568,"Stephen Kolek",28,2025,,19,112.7,4,0,-0.3,,,,0,,0,0
125864,663804,"Jackson Kowar",28,2025,"SEA",15,17,,,,,,,,,0,
126235,663616,"Trevor Larnach",28,2025,"MIN",60,441,192,-4.5,-4.1,,40,-0.001,-3.7,0,0,-3.8
126346,681517,"Kyle Leahy",28,2025,"STL",62,88,9,0,-0.6,,,,0,,0,0
126464,668984,"Casey Legumina",28,2025,"SEA",48,49.7,2,0,0.4,,,,0,,0,0
126844,663604,"Brandon Lockridge",28,2025,,61,360.7,141,0.6,0.6,,31,0.001,0.5,0,0,0.5
127265,663738,"Daniel Lynch IV",28,2025,"KC",57,67.7,11,0,-0.4,,,,0,,0,0
127336,680862,"Willie MacIver",28,2025,"ATH",33,251,7,0,-0.4,,,,0,,-1.3,-1.3
127864,663436,"Davis Martin",28,2025,"CWS",26,142.7,9,0,-0.1,,,,0,,0,0
129503,680911,"Owen Miller",28,2025,"COL",6,39,13,0.1,0.5,1.7,,,0.1,,0,0.1
129840,663796,"Coco Montes",28,2025,"TB",5,26,9,0,-0.1,0,,,0,,0,0
130502,681151,"Jayden Murray",28,2025,"HOU",9,11.7,1,0,-0.3,,,,0,,0,0
131575,681546,"James Outman",28,2025,,56,354.7,141,0.3,0.5,,8,-0.001,0.2,0,0,0.2
131734,680700,"Richie Palacios",28,2025,"TB",12,81,33,-0.1,-0.6,0,1,0.001,-0.1,0,0,-0.1
133178,676571,"PJ Poulin",28,2025,"WSH",28,24.7,5,0,-0.3,,,,0,,0,0
133509,663728,"Cal Raleigh",28,2025,"SEA",121,1072,25,0.2,1.1,,,,0.1,,10.8,10.9
135171,680701,"John Rooney",28,2025,"HOU",1,1.3,,,,,,,,,0,
135847,676742,"Cam Sanders",28,2025,"PIT",6,6.7,,,,,,,,,0,
135865,680704,"Nick Sandlin",28,2025,"TOR",19,16.3,1,0,-0.1,,,,0,,0,0
136273,682177,"Daniel Schneemann",28,2025,"CLE",124,933.3,305,0.3,0.1,1.4,21,-0.002,0.2,0,0,0.2
136321,680474,"Max Schuemann",28,2025,"ATH",94,500.3,181,0.2,0.1,-0.5,7,0,0.1,0,0,0.1
136522,663584,"Hayden Senger",28,2025,"NYM",31,195.3,9,0,0,,,,0,,1,1
136826,663767,"Chase Shugart",28,2025,"PIT",35,45,5,0,-0.5,,1,0,0,0,0,0
137001,663903,"Brady Singer",28,2025,"CIN",32,169.7,19,0,-0.3,,,,0,,0,0
137014,681895,"Evan Sisk",28,2025,,19,17.7,3,0,0.4,,,,0,,0,0
137044,669373,"Tarik Skubal",28,2025,"DET",31,195.3,17,0,0.1,,,,0,,0,0
137796,670276,"Cal Stevenson",28,2025,"PHI",5,14.7,5,0,-1.1,,3,0.001,0,0,0,0
138003,667690,"C.J. Stubbs",28,2025,"WSH",1,9,1,0,0.1,,,,0,,0,0
139799,679631,"Terrin Vavra",28,2025,"BAL",1,2,,,,,,,,,0,
140000,663837,"Matt Vierling",28,2025,"DET",29,206,97,-0.1,-0.1,,4,-0.004,-0.1,0,0,-0.1
140051,681584,"David Villar",28,2025,"SF",8,53,11,0,0.2,0,1,0,0,0,0,0
140232,663362,"Matt Waldron",28,2025,"SD",1,4.7,1,0,-0.1,,,,0,,0,0
141201,664991,"Grant Wolfram",28,2025,"BAL",21,26.7,2,0,0.1,,,,0,,0,0
141739,683232,"Nick Mears",28,2025,"MIL",63,56.7,5,0,0.1,,,,0,,0,0
142702,684320,"Yariel Rodríguez",28,2025,"TOR",66,73,7,0,0.1,,,,0,,0,0
143767,686654,"Ty Adcock",28,2025,"NYM",3,3,,,,,,,,,0,
144071,687478,"Cam Devanney",28,2025,"PIT",14,94,25,-0.2,-0.9,0,,,-0.1,,0,-0.1
144613,686993,"Justin Sterner",28,2025,"ATH",59,65,5,0,0.1,,,,0,,0,0
144653,687003,"Brian Van Belle",28,2025,"TB",4,8.3,,,,,,,,,0,
144877,687859,"Troy Johnston",28,2025,"MIA",38,246,70,0.1,0.4,-0.4,,,0.1,,0,0.1
144894,687911,"Bryan King",28,2025,"HOU",68,68,5,0,0,,,,0,,0,0
144917,687922,"Easton Lucas",28,2025,"TOR",6,24.3,4,0,0,,,,0,,0,0
145142,687888,"Brandon Walter",28,2025,"HOU",9,53.7,5,0,0,,,,0,,0,0
145666,688760,"Blaine Crim",28,2025,,17,142,20,-0.1,-0.4,-2.4,,,-0.1,,0,-0.1
147180,688297,"Chris Roycroft",28,2025,"STL",20,20.7,1,0,-0.1,,,,0,,0,0
148420,692024,"Alex Carrillo",28,2025,"NYM",3,4.7,,,,,,,,,0,
149123,699911,"Dugan Darnell",28,2025,"COL",9,11.7,2,0,0.4,,,,0,,0,0
101582,624133,"Ranger Suárez",29,2025,"PHI",26,157.3,22,-0.1,-0.5,,,,-0.1,,0,-0.1
102110,620443,"Luis Torrens",29,2025,"NYM",88,643.3,14,0,-0.2,,,,0,,5.3,5.3
102119,620454,"José Castillo",29,2025,,29,32,3,0,-0.3,,,,0,,0,0
102202,624641,"Edmundo Sosa",29,2025,"PHI",84,608,208,0.2,0,0,4,0,0.1,0,0,0.1
102464,640492,"José Azocar",29,2025,,9,52,20,0,-0.4,,8,0.003,0,0,0,0
102482,640902,"Jhonny Pereda",29,2025,,29,196,9,0,-0.1,,,,0,,-0.9,-0.9
102491,641154,"Pablo López",29,2025,"MIN",14,75.7,7,0,-0.1,,,,0,,0,0
102514,641343,"Jake Bauers",29,2025,"MIL",64,408,101,-1,-1.8,-0.1,13,-0.002,-0.8,0,0,-0.8
102519,641355,"Cody Bellinger",29,2025,"NYY",151,1321.7,497,14.1,4.9,0,90,0,11.7,0,0,11.7
102632,641745,"Brad Keller",29,2025,"CHC",68,69.7,9,0,-0.4,,,,0,,0,0
102644,641793,"Zack Littell",29,2025,,32,186.7,17,0,0.3,,,,0,,0,0
102876,642350,"Jose Siri",29,2025,"NYM",14,95,30,0,0.2,,4,0.001,0,0,0,0
103030,642520,"Gerson Garabito",29,2025,"TEX",3,8,,,,,,,,,0,
103056,642547,"Freddy Peralta",29,2025,"MIL",33,176.7,9,0,0.1,,,,0,,0,0
103196,642701,"Dennis Santana",29,2025,"PIT",70,70.3,7,0,-0.8,,,,0,,0,0
103203,642708,"Amed Rosario",29,2025,,57,371.7,110,-2.4,-2.4,-3.5,1,-0.006,-1.7,0,0,-1.7
103209,642715,"Willy Adames",29,2025,"SF",158,1389.7,471,3,0.7,0,1,-0.001,2.2,0,0,2.2
103225,642731,"Thairo Estrada",29,2025,"COL",39,336,107,-1.8,-1.7,-2,,,-1.3,,0,-1.3
103251,642759,"Julian Fernández",29,2025,,4,5,2,0,-0.1,,,,0,,0,0
104002,645261,"Sandy Alcantara",29,2025,"MIA",31,174.7,15,0,0,,,,0,,0,0
104324,650671,"José Quijada",29,2025,"LAA",2,1.3,,,,,,,,,0,
104730,656240,"Scott Blewett",29,2025,,26,44.3,2,0,0.3,,,,0,,0,0
104779,656427,"Jack Flaherty",29,2025,"DET",31,161,17,0,0,,,,0,,0,0
104805,656550,"Grant Holmes",29,2025,"ATL",22,115,9,0,0.4,,,,0,,0,0
104814,656577,"Alex Jackson",29,2025,"BAL",36,249.7,9,0,0,,,,0,,0.1,0.1
104816,656605,"Mitch Keller",29,2025,"PIT",32,176.3,16,-0.2,-1.3,,,,-0.1,,0,-0.1
104824,656629,"Michael Kopech",29,2025,"LAD",14,11,,,,,,,,,0,
104914,657006,"Justin Steele",29,2025,"CHC",4,22.7,2,0,0,,,,0,,0,0
104926,657041,"Lane Thomas",29,2025,"CLE",38,290.3,130,0.4,0.5,,27,0.004,0.3,0.1,0,0.4
104930,657053,"Touki Toussaint",29,2025,"LAA",1,2,,,,,,,,,0,
104938,657077,"Alex Verdugo",29,2025,"ATL",54,426.3,154,-2.5,-2.8,,45,-0.001,-2.1,0,0,-2.1
105420,656537,"Derek Hill",29,2025,,54,330,138,4.3,4.7,,34,0.002,3.6,0.1,0,3.6
105466,660896,"Jorge Alcala",29,2025,,56,55,12,0,-0.5,,,,0,,0,0
105559,660825,"Eduard Bazardo",29,2025,"SEA",73,78.7,4,0,-0.4,,,,0,,0,0
105703,656302,"Dylan Cease",29,2025,"SD",32,168,19,0,-0.1,,,,0,,0,0
105831,660853,"Enyel De Los Santos",29,2025,,65,66,5,0,-0.1,,1,0,0,0,0,0
106516,664294,"Dauri Moreta",29,2025,"PIT",18,16.7,1,0,-0.3,,,,0,,0,0
106610,663978,"Chris Paddack",29,2025,,33,158,13,0.1,1,,,,0.1,,0,0.1
106750,656896,"Emmanuel Rivera",29,2025,"BAL",37,268.7,70,0,0,-0.2,,,0,,0,0
106851,665665,"Reiver Sanmartin",29,2025,"CIN",1,1.7,,,,,,,,,0,
107537,670092,"Trenton Brooks",29,2025,"SD",2,5,5,0,-0.4,,,,0,,0,0
107930,669720,"Austin Hays",29,2025,"CIN",61,507.3,191,4.6,4.2,,20,0.003,3.8,0.1,0,3.9
107971,670059,"Colin Holderman",29,2025,"PIT",24,25.7,1,0,-0.5,,,,0,,0,0
108028,669288,"Daniel Johnson",29,2025,,24,131.7,52,0.4,1.5,,6,-0.009,0.3,-0.1,0,0.3
108116,663992,"Richard Lovelady",29,2025,,10,11.7,2,0,0.5,,,,0,,0,0
108119,663993,"Nathaniel Lowe",29,2025,,146,1235.3,233,-0.2,-0.1,-2.5,1,0,-0.1,0,0,-0.1
108175,670156,"Miles Mastrobuoni",29,2025,"SEA",63,363.7,115,-0.1,0,-0.7,27,-0.002,0,0,0,-0.1
108886,668678,"Zac Gallen",29,2025,"AZ",33,192,16,0,-0.4,,,,0,,0,0
108953,665152,"Dean Kremer",29,2025,"BAL",31,171.7,13,0,0.1,,,,0,,0,0
108959,669674,"Sam Long",29,2025,"KC",39,40.3,6,0,-0.3,,,,0,,0,0
109009,641943,"Joshua Palacios",29,2025,"CWS",47,296.3,119,-0.3,-0.4,,47,-0.002,-0.2,-0.1,0,-0.4
109130,672335,"Cionel Pérez",29,2025,"BAL",19,21.7,5,0,-0.3,,,,0,,0,0
109162,670770,"TJ Friedl",29,2025,"CIN",149,1295,538,-7.5,-2.1,,90,-0.003,-6.2,-0.2,0,-6.5
109294,656180,"Riley Adams",29,2025,"WSH",81,643.3,20,0,0.2,,,,0,,-5.7,-5.7
109456,674370,"Osvaldo Bido",29,2025,"ATH",26,79.7,4,0,0.1,,,,0,,0,0
109483,656248,"Sean Bouchard",29,2025,"COL",20,111,41,-0.3,-1.4,0,17,-0.003,-0.2,0,0,-0.3
109519,669394,"Jake Burger",29,2025,"TEX",91,756.7,164,0.2,0.1,3,,,0.1,,0,0.1
109602,676391,"Ernie Clement",29,2025,"TOR",154,1265.3,441,3.8,1,1.8,3,-0.024,2.7,-0.1,0,2.7
109642,676680,"Tom Cosgrove",29,2025,"CHC",2,4,1,0,0.3,,,,0,,0,0
109801,656413,"Stuart Fairchild",29,2025,"ATL",20,105.7,49,-0.1,-0.6,,9,0.011,-0.1,0.1,0,0
109808,676534,"Calvin Faucher",29,2025,"MIA",65,60.3,10,0,0.5,,,,0,,0,0
109835,670102,"Bowden Francis",29,2025,"TOR",14,64,3,0,-0.3,,,,0,,0,0
109868,676395,"Robert Garcia",29,2025,"TEX",71,64,7,0,-0.8,,,,0,,0,0
109892,656458,"Lucas Gilbreath",29,2025,"COL",1,1,,,,,,,,,0,
109933,656484,"Tristan Gray",29,2025,"TB",27,194,58,0,0,-1.2,,,0,,0,0
109945,674944,"Sean Guenther",29,2025,"DET",9,10.3,1,0,-0.1,,,,0,,0,0
110022,676551,"Brewer Hicklen",29,2025,"DET",1,9,4,0,-0.3,,2,0.001,0,0,0,0
110092,669369,"Bryce Johnson",29,2025,"SD",52,217.7,74,-0.3,-0.5,,1,0,-0.2,0,0,-0.2
110106,667452,"Corey Julks",29,2025,"CWS",5,32,13,0,0,,,,0,,0,0
110107,676083,"Janson Junk",29,2025,"MIA",21,110,12,0,-0.1,,,,0,,0,0
110167,656641,"Jacob Latz",29,2025,"TEX",33,85.7,2,0,-0.1,,,,0,,0,0
110259,656686,"Corbin Martin",29,2025,"BAL",17,18,4,0,-1,,,,0,,0,0
110284,676755,"Isaac Mattson",29,2025,"PIT",44,47.7,5,0,-0.4,,,,0,,0,0
110297,670766,"Darren McCaughan",29,2025,"MIN",3,5.3,,,,,,,,,0,
110358,676694,"Jake Meyers",29,2025,"HOU",103,844,320,12.2,5.8,,70,-0.002,10.1,-0.1,0,10
110406,669212,"Eli Morgan",29,2025,"CHC",7,7.3,3,0,-0.1,,,,0,,0,0
110424,667472,"Dane Myers",29,2025,"MIA",102,752.7,348,-6.4,-2.9,,74,0.003,-5.3,0.3,0,-5.1
110445,676116,"Ryan Noda",29,2025,,17,110,33,0,0.1,0.7,,,0,,0,0
110454,673380,"Dedniel Núñez",29,2025,"NYM",10,9.7,,,,,,,,,0,
110622,675919,"Nick Raquet",29,2025,"STL",2,2,,,,,,,,,0,
110808,657756,"Connor Seabold",29,2025,,7,10.3,1,0,0.3,,,,0,,0,0
110810,676664,"JP Sears",29,2025,,27,135.7,10,0.1,1.2,,,,0.1,,0,0.1
110836,657757,"Gavin Sheets",29,2025,"SD",77,578.3,171,-2.6,-2.6,-0.2,26,0.006,-2.1,0.2,0,-2
110857,656976,"Pavin Smith",29,2025,"AZ",36,283.3,61,-0.3,-0.6,-2.4,,,-0.2,,0,-0.2
110859,676092,"Collin Snider",29,2025,"SEA",24,26.3,3,0,-0.3,,,,0,,0,0
110964,676701,"Alan Trejo",29,2025,"COL",14,114,50,-0.1,-0.2,0,,,-0.1,,0,-0.1
111074,676724,"Jared Young",29,2025,"NYM",3,5.3,1,0,0.5,,2,0.001,0,0,0,0
111116,656557,"Tanner Houck",29,2025,"BOS",9,43.7,4,0,-0.4,,,,0,,0,0
111133,641927,"Bailey Ober",29,2025,"MIN",27,146.3,12,0,-0.4,,,,0,,0,0
111161,657136,"Connor Wong",29,2025,"BOS",62,455,15,0,0.1,,1,0.001,0,0,-0.9,-0.9
111164,656638,"Alex Lange",29,2025,"DET",1,1,,,,,,,,,0,
111244,656849,"David Peterson",29,2025,"NYM",30,168.7,23,0.1,0.6,,,,0.1,,0,0.1
111276,676477,"Garrett Whitlock",29,2025,"BOS",62,72,3,0,-1.5,,,,0,,0,0
111290,657376,"Clarke Schmidt",29,2025,"NYY",14,78.7,9,0,0.3,,,,0,,0,0
111294,656288,"Griffin Canning",29,2025,"NYM",16,76.3,12,0,-0.3,,,,0,,0,0
112533,682183,"Drew Avans",29,2025,,7,43,24,-0.2,-1.4,,10,0,-0.2,0,0,-0.2
113203,663941,"Tristan Beck",29,2025,"SF",31,56.7,4,0,-0.1,,,,0,,0,0
113690,656234,"Jake Bird",29,2025,,48,55.3,3,0,-0.3,,,,0,,0,0
114350,681146,"Jonah Bride",29,2025,,35,213,57,-0.1,-0.3,-0.2,,,-0.1,,0,-0.1
116408,665019,"Kody Clemens",29,2025,,110,827,262,-0.2,-0.1,-0.8,12,-0.001,-0.2,0,0,-0.2
116775,664351,"Luis Contreras",29,2025,"HOU",9,12,1,0,0.4,,,,0,,0,0
118876,681869,"Shawn Dubin",29,2025,,30,33.7,2,0,-0.4,,,,0,,0,0
121137,681508,"Mickey Gasper",29,2025,"MIN",28,158.7,12,0,-0.2,0,2,0,0,0,-1.8,-1.8
123186,680737,"Michael Helman",29,2025,"TEX",36,260.7,119,0.6,0.8,0,,,0.5,,0,0.5
123751,682274,"Yaramil Hiraldo",29,2025,"BAL",18,19.7,3,0,-0.8,,,,0,,0,0
123933,663947,"Tyler Holton",29,2025,"DET",70,78.7,9,0,0,,,,0,,0,0
125523,673490,"Ha-Seong Kim",29,2025,,48,404,125,-0.5,-0.4,0.3,,,-0.4,,0,-0.4
127578,663968,"Jake Mangum",29,2025,"TB",116,933.3,357,12.6,5.7,,48,-0.001,10.5,0,0,10.4
128329,673513,"Yuki Matsui",29,2025,"SD",61,63.3,4,0,-0.1,,,,0,,0,0
128959,656731,"Tylor Megill",29,2025,"NYM",14,68.3,6,0,-0.4,,,,0,,0,0
133136,682515,"Logan Porter",29,2025,"SF",5,22.7,1,0,-0.2,,,,0,,0,0
133756,656876,"Drew Rasmussen",29,2025,"TB",31,150,12,0,0,,,,0,,0,0
135535,657746,"Joe Ryan",29,2025,"MIN",31,171,13,0,-0.4,,,,0,,0,0
135620,663967,"César Salazar",29,2025,"HOU",9,35,1,0,-0.2,,,,0,,0.1,0.1
137713,683021,"Michael Stefanic",29,2025,"TOR",9,58,17,0,0.2,-0.3,,,0,,0,0
139955,681911,"Alex Vesia",29,2025,"LAD",68,59.7,6,0,-0.1,,,,0,,0,0
140256,676254,"Ryan Walker",29,2025,"SF",68,61.3,7,0.1,1,,,,0.1,,0,0.1
140382,681810,"Austin Warren",29,2025,"NYM",5,9.3,,,,,,,,,0,
141107,642216,"Allan Winans",29,2025,"NYY",3,9.3,1,0,-0.3,,,,0,,0,0
147067,688497,"Taylor Rashi",29,2025,"AZ",10,16.3,,,,,,,,,0,
69600,606115,"Orlando Arcia",30,2025,,73,511.7,143,-1.1,-0.8,-1.9,,,-0.8,,0,-0.8
70342,547001,"Cody Poteet",30,2025,"BAL",1,2.7,,,,,,,,,0,
70619,608348,"Carson Kelly",30,2025,"CHC",105,864,24,-0.1,-0.4,,,,-0.1,,-5.1,-5.2
100261,608337,"Lucas Giolito",30,2025,"BOS",26,145,6,0,-0.6,,,,0,,0,0
100273,608566,"Germán Márquez",30,2025,"COL",26,126.3,4,0,-0.4,,,,0,,0,0
100349,609280,"Miguel Andujar",30,2025,,62,489.7,142,-3.8,-4.2,-1.6,23,0.001,-3.1,0,0,-3
100368,612434,"Miguel Castro",30,2025,"CWS",6,6,1,0,-0.1,,,,0,,0,0
100408,614179,"José Ruiz",30,2025,,18,16.3,4,0,-0.3,,,,0,,0,0
100502,621043,"Carlos Correa",30,2025,,143,1198.7,382,-7.1,-2,-9.3,1,-0.001,-5.1,0,0,-5.1
100568,621237,"José Alvarado",30,2025,"PHI",28,26,2,0,-0.6,,,,0,,0,0
100854,622379,"Luis F. Castillo",30,2025,"SEA",2,7,2,0,0.6,,,,0,,0,0
100957,622503,"Nabil Crismatt",30,2025,"AZ",8,34,4,0,-0.4,,,,0,,0,0
100988,622534,"Manuel Margot",30,2025,"DET",6,41.3,16,0,0.5,,6,-0.006,0,0,0,0
101008,622554,"Seranthony Domínguez",30,2025,,67,62.7,1,0,-0.3,,,,0,,0,0
101060,622608,"Antonio Senzatela",30,2025,"COL",30,130,18,0,0.3,,,,0,,0,0
101165,622761,"Jorge Mateo",30,2025,"BAL",30,212,80,0.3,0.6,-0.5,6,0,0.3,0,0,0.3
101190,622786,"Jesus Tinoco",30,2025,"MIA",20,19.3,3,0,-0.5,,,,0,,0,0
101568,623993,"Anthony Santander",30,2025,"TOR",23,182,65,-0.7,-1.7,,23,-0.002,-0.6,0,0,-0.6
101603,624413,"Pete Alonso",30,2025,"NYM",160,1403,305,-1.9,-0.7,0.3,,,-1.4,,0,-1.4
101605,624415,"Cavan Biggio",30,2025,"KC",24,136.3,40,0,-0.1,0,11,-0.001,0,0,0,0
101630,624512,"Reese McGuire",30,2025,"CHC",44,336.3,8,0,-0.2,,,,0,,1.4,1.4
101631,624513,"Dom Nuñez",30,2025,"CLE",2,17,,,,,,,,,0,0
101993,640451,"Hunter Harvey",30,2025,"KC",12,10.7,,,,,,,,,0,
102434,640459,"Brian Navarreto",30,2025,"MIA",8,36,2,0,0.2,,,,0,,0.1,0.1
102555,641482,"Nestor Cortes",30,2025,,8,34.3,3,0,-0.1,,,,0,,0,0
102559,641487,"J.P. Crawford",30,2025,"SEA",157,1384.7,449,-2.9,-0.7,-7,,,-2.1,,0,-2.1
102606,641645,"Luis Guillorme",30,2025,"HOU",12,58,17,-0.1,-0.4,-0.8,,,-0.1,,0,-0.1
102612,641680,"Jonah Heim",30,2025,"TEX",96,800.3,31,0.2,0.5,,,,0.1,,1.6,1.7
102652,641816,"Tyler Mahle",30,2025,"TEX",16,86.7,15,0,0.1,,,,0,,0,0
102667,641856,"Billy McKinney",30,2025,"TEX",5,40,17,0,-0.5,,,,0,,0,0
102668,641857,"Ryan McMahon",30,2025,,154,1265,431,2.7,0.7,4.4,1,0,1.9,0,0,1.9
102704,641933,"Tyler O'Neill",30,2025,"BAL",39,322,150,-3.4,-3.9,,46,0.002,-2.8,0.1,0,-2.7
102745,642086,"Dominic Smith",30,2025,"SF",53,414.7,100,-0.6,-0.7,0,,,-0.4,,0,-0.4
102751,642100,"Gabe Speier",30,2025,"SEA",76,62,4,0,-0.1,,,,0,,0,0
102764,642133,"Rowdy Tellez",30,2025,,98,650.7,131,-0.7,-0.5,-1.7,,,-0.5,,0,-0.5
102779,642180,"Tyler Wade",30,2025,"SD",53,297,123,-1,-1.2,0.2,30,0.002,-0.8,0.1,0,-0.8
102785,642207,"Devin Williams",30,2025,"NYY",67,62,3,0,-0.1,,,,0,,0,0
102921,642397,"Gregory Soto",30,2025,,70,60.3,7,0,-0.4,,,,0,,0,0
103038,642528,"Jonathan Loáisiga",30,2025,"NYY",30,29.7,8,0,0.3,,,,0,,0,0
103091,642585,"Félix Bautista",30,2025,"BAL",35,34.7,1,0,-0.4,,,,0,,0,0
103355,643289,"Mauricio Dubón",30,2025,"HOU",133,960.7,322,2.1,0.9,0.9,13,-0.003,1.6,0,0,1.6
103405,643376,"Danny Jansen",30,2025,,93,739.3,21,0,-0.1,,,,0,,-1.2,-1.2
103420,643396,"Isiah Kiner-Falefa",30,2025,,137,1100.7,358,2.7,0.9,-1.3,,,1.9,,0,1.9
103625,644433,"Chadwick Tromp",30,2025,,8,55.3,1,0,1,,,,0,,-0.1,-0.1
104899,656945,"Tanner Scott",30,2025,"LAD",61,57,2,0,-0.1,,,,0,,0,0
105147,657656,"Ramón Laureano",30,2025,,120,975,374,-3.6,-1.6,,67,0.006,-3,0.4,0,-2.6
105432,660162,"Yoán Moncada",30,2025,"LAA",76,593.3,174,-3.2,-2.1,-6.2,,,-2.3,,0,-2.3
105437,664023,"Ian Happ",30,2025,"CHC",146,1274.3,487,16.1,5.8,,90,0.001,13.4,0.1,0,13.5
105439,656775,"Cedric Mullins",30,2025,,130,1064.3,461,0,0,,102,-0.006,0,-0.6,0,-0.6
105472,641302,"Tyler Alexander",30,2025,,52,97.7,15,0,0.5,,,,0,,0,0
105574,643217,"Andrew Benintendi",30,2025,"CWS",69,564.3,253,-4,-2.8,,43,-0.003,-3.3,-0.1,0,-3.5
105993,664034,"Ty France",30,2025,,124,977.7,206,2.4,1.3,3,,,1.7,,0,1.7
106129,664854,"Ryan Helsley",30,2025,,58,56,5,0,0.3,,,,0,,0,0
106145,664353,"José Urquidy",30,2025,"DET",2,2.3,,,,,,,,,0,
106294,664875,"Justin Lawrence",30,2025,"PIT",17,17.7,,,,,,,,,0,
106346,664770,"Nathan Lukes",30,2025,"TOR",131,909.3,356,-4.7,-2.1,,36,0.002,-3.9,0.1,0,-3.8
106490,664948,"Anthony Misiewicz",30,2025,"MIN",5,4.7,,,,,,,,,0,
106667,623465,"Evan Phillips",30,2025,"LAD",7,5.7,1,0,-0.3,,,,0,,0,0
106969,664702,"Myles Straw",30,2025,"TOR",133,700.3,275,7.7,4.3,0,52,0.002,6.4,0.1,0,6.5
107174,621111,"Walker Buehler",30,2025,,26,126,14,0,-0.4,,,,0,,0,0
107194,640454,"Matt Krook",30,2025,"ATH",3,3.3,1,0,-0.1,,,,0,,0,0
107284,664040,"Brandon Lowe",30,2025,"TB",123,1034.3,332,-8,-2.5,-11.3,3,0,-5.8,0,0,-5.8
107438,669199,"Lake Bachar",30,2025,"MIA",53,71,6,0,0,,,,0,,0,0
107441,641329,"Bryan Baker",30,2025,,73,68.7,4,0,-0.3,,,,0,,0,0
107467,670280,"David Bednar",30,2025,,64,62.7,,,,,,,,,0,
107522,641386,"Ben Bowden",30,2025,"ATH",11,10.7,,,,,,,,,0,
107554,669203,"Corbin Burnes",30,2025,"AZ",11,64.3,7,0,-0.4,,,,0,,0,0
107566,669743,"Alex Call",30,2025,,98,671.3,270,2,1.2,,79,-0.001,1.7,-0.1,0,1.6
107636,650644,"Aaron Civale",30,2025,,23,102,2,0,-0.1,,,,0,,0,0
107752,669242,"Tommy Edman",30,2025,"LAD",96,805.3,265,3.5,1.5,1.1,18,0.005,2.6,0.1,0,2.7
107762,668674,"Lucas Erceg",30,2025,"KC",61,61.3,8,0,-0.5,,,,0,,0,0
107783,666023,"Freddy Fermin",30,2025,,102,804.3,27,0,0.2,,,,0,,3.2,3.2
107811,641584,"Jake Fraley",30,2025,,68,482,215,2.6,2,,64,-0.008,2.2,-0.5,0,1.7
107918,641656,"Ian Hamilton",30,2025,"NYY",36,40,5,0,-0.1,,,,0,,0,0
107920,641658,"Garrett Hampson",30,2025,,55,236,97,0.3,0.4,-3,3,-0.001,0.3,0,0,0.3
107951,663321,"Nick Hernandez",30,2025,"HOU",10,10.7,,,,,,,,,0,
107983,669450,"Cooper Hummel",30,2025,,29,188.3,69,-1.7,-4.5,,4,-0.01,-1.4,0,0,-1.5
108053,650633,"Michael King",30,2025,"SD",15,73.3,7,0,-0.4,,,,0,,0,0
108059,668800,"Andrew Knizner",30,2025,"SF",32,234,8,0,0.7,,,,0,,-0.2,-0.2
108089,669276,"Dylan Lee",30,2025,"ATL",74,68.3,7,0,0,,,,0,,0,0
108112,670032,"Nicky Lopez",30,2025,,18,70.3,22,0,-0.3,-0.7,2,0.001,0,0,0,0
108169,661527,"Seth Martinez",30,2025,"MIA",6,6.7,1,0,0,,,,0,,0,0
108278,669221,"Sean Murphy",30,2025,"ATL",76,633,16,0,0,,,,0,,5.8,5.8
108430,615698,"Cal Quantrill",30,2025,,26,117.7,13,-0.1,-0.9,,,,-0.1,,0,-0.1
108437,670042,"Luke Raley",30,2025,"SEA",66,449,122,0.2,0.2,0,19,0.005,0.2,0.1,0,0.3
108483,642020,"Chuckie Robinson",30,2025,"LAD",1,7,,,,,,,,,0,0
108507,668670,"Jake Rogers",30,2025,"DET",45,342.7,13,0,0,,,,0,,0.9,0.9
108587,670097,"Zack Short",30,2025,"HOU",22,149,46,-0.5,-1.2,-1,,,-0.4,,0,-0.4
108612,669257,"Will Smith",30,2025,"LAD",101,865.3,24,-0.1,-0.4,,,,-0.1,,-6.7,-6.8
108615,669256,"Nick Solak",30,2025,"PIT",4,26,11,-0.1,-1,0,4,0,-0.1,0,0,-0.1
108661,642136,"Matt Thaiss",30,2025,,54,414.7,16,0,-0.1,,,,0,,-0.1,-0.1
108753,669711,"Greg Weissert",30,2025,"BOS",72,67,6,0,0,,,,0,,0,0
108774,642215,"Weston Wilson",30,2025,"PHI",48,302,92,-0.6,-1.3,-0.4,5,0.001,-0.5,0,0,-0.5
108818,669211,"Keegan Akin",30,2025,"BAL",64,63.3,4,0,-0.4,,,,0,,0,0
108828,669622,"Anthony Bender",30,2025,"MIA",51,50,9,0,0.3,,,,0,,0,0
108830,669456,"Shane Bieber",30,2025,"TOR",7,40.3,4,0,0,,,,0,,0,0
108855,666915,"Bobby Dalbec",30,2025,"CWS",7,39,7,0,-0.2,0,,,0,,0,0
108873,641540,"Dane Dunning",30,2025,,12,20.7,1,0,-0.6,,,,0,,0,0
108878,669289,"Santiago Espinal",30,2025,"CIN",110,717.3,201,0.7,0.4,2.2,7,0,0.5,0,0,0.5
108937,643377,"Griffin Jax",30,2025,,73,66,7,0,-0.8,,,,0,,0,0
108957,641778,"Eric Lauer",30,2025,"TOR",28,104.7,4,0,-0.6,,,,0,,0,0
108977,656716,"Zach McKinstry",30,2025,"DET",141,1147.7,400,-0.3,-0.1,0.9,34,0.002,-0.2,0.1,0,-0.1
109027,640462,"A.J. Puk",30,2025,"AZ",8,8,,,,,,,,,0,0
109030,670990,"Yohan Ramírez",30,2025,"PIT",24,33.3,3,0,-0.4,,,,0,,0,0
109040,668804,"Bryan Reynolds",30,2025,"PIT",117,1004,387,3.1,1.4,,67,-0.006,2.6,-0.4,0,2.2
109104,669330,"Tyler Wells",30,2025,"BAL",4,21.7,1,0,0,,,,0,,0,0
109150,641672,"Thomas Hatch",30,2025,,12,34,3,0,-0.3,,,,0,,0,0
109159,641312,"Shaun Anderson",30,2025,"LAA",7,11.3,1,0,-0.3,,,,0,,0,0
109161,668227,"Randy Arozarena",30,2025,"SEA",158,1408.3,499,11,3.9,,104,0.002,9.1,0.2,0,9.4
109502,641401,"Connor Brogdon",30,2025,"LAA",43,47,3,0,0.3,,,,0,,0,0
109781,641555,"J.C. Escarra",30,2025,"NYY",36,222,7,0,-0.2,0,,,0,,3,3
110119,677161,"Zack Kelly",30,2025,"BOS",28,35.3,4,0,-0.1,,,,0,,0,0
110249,676760,"Ron Marinaccio",30,2025,"SD",7,10.7,,,,,,,,,0,
110298,676801,"Chas McCormick",30,2025,"HOU",62,292.3,113,-0.3,-0.4,,17,-0.003,-0.2,-0.1,0,-0.3
110300,669200,"Mason McCoy",30,2025,"SD",14,64,28,0.1,0.4,0.3,,,0.1,,0,0.1
110462,676617,"Riley O'Brien",30,2025,"STL",42,48,11,0,-0.1,,,,0,,0,0
110715,667670,"Brent Rooker",30,2025,"ATH",27,216,77,-1.5,-3.3,,19,-0.002,-1.2,0,0,-1.3
111013,676684,"Will Vest",30,2025,"DET",64,68.7,8,0,0.6,,,,0,,0,0
111031,677020,"Josh Walker",30,2025,"TOR",3,5,1,0,-0.4,,,,0,,0,0
111081,669145,"Bruce Zimmermann",30,2025,"MIL",1,6,2,0,-0.3,,,,0,,0,0
111083,676604,"Tyler Zuber",30,2025,,10,12,1,0,-0.3,,,,0,,0,0
111185,677976,"Randy Dobnak",30,2025,"MIN",1,5.3,,,,,,,,,0,
111306,660271,"Shohei Ohtani",30,2025,"LAD",14,47,7,0,-0.1,,,,0,,0,0
120416,641585,"J.P. France",30,2025,"HOU",2,4,,,,,,,,,0,
125575,667463,"John King",30,2025,"STL",51,48.3,16,0.2,1.4,,,,0.1,,0,0.1
134488,642016,"Daniel Robert",30,2025,"PHI",15,13,2,0,-1,,,,0,,0,0
137496,656986,"Bennett Sousa",30,2025,"HOU",44,50.7,3,0,-0.1,,,,0,,0,0
138164,673548,"Seiya Suzuki",30,2025,"CHC",48,414.7,171,-0.6,-0.6,,24,-0.001,-0.5,0,0,-0.5
141089,621051,"Steven Wilson",30,2025,"CWS",59,55.3,1,0,-0.9,,,,0,,0,0
67568,593871,"Jorge Polanco",31,2025,"SEA",43,330.3,103,-0.7,-0.7,-5.3,,,-0.5,,0,-0.5
69338,600869,"Jeimer Candelario",31,2025,"CIN",19,167,30,-0.2,-0.7,-2.8,,,-0.1,,0,-0.1
69377,600917,"José Leclerc",31,2025,"ATH",10,9,1,0,-0.3,,,,0,,0,0
69455,602104,"Ramón Urías",31,2025,,106,836.3,275,4.1,1.7,3.2,,,3,,0,3
69756,606303,"Joel Payamps",31,2025,,30,26.3,,,,,,,,,0,
69790,606466,"Ketel Marte",31,2025,"AZ",104,878,307,2,0.7,2.2,1,0,1.4,0,0,1.4
70399,596019,"Francisco Lindor",31,2025,"NYM",158,1374,482,-4.6,-1,-4,,,-3.3,,0,-3.3
70607,608324,"Alex Bregman",31,2025,"BOS",113,972.3,284,1.5,0.6,-4.1,,,1.1,,0,1.1
70610,608331,"Max Fried",31,2025,"NYY",32,195.3,33,0.7,2.8,,,,0.5,,0,0.5
70611,608334,"Carson Fulmer",31,2025,"LAA",13,29.3,6,0,0.1,,,,0,,0,0
70635,608369,"Corey Seager",31,2025,"TEX",97,828,270,2.9,1.2,0,1,-0.001,2.1,0,0,2.1
70636,608371,"Lucas Sims",31,2025,"WSH",18,12.3,1,0,-0.3,,,,0,,0,0
70646,608385,"Jesse Winker",31,2025,"NYM",2,5,3,0,-1.4,,2,0.002,0,0,0,0
70795,607192,"Tyler Glasnow",31,2025,"LAD",18,90.3,5,0,-0.3,,,,0,,0,0
70913,596133,"Luke Weaver",31,2025,"NYY",64,64.7,5,0,-0.1,,,,0,,0,0
71028,605353,"Vimael Machín",31,2025,"BAL",4,28,9,0,-0.2,-1,,,0,,0,0
71057,607481,"Aaron Bummer",31,2025,"ATL",42,54.3,10,0,0.3,,,,0,,0,0
71071,607455,"Anthony Banda",31,2025,"LAD",71,65,4,0,-0.3,,,,0,,0,0
71326,605507,"Zach Thompson",31,2025,"ATL",2,3.7,,,,,,,,,0,
100518,621107,"Zach Eflin",31,2025,"BAL",14,71.3,9,0,0,,,,0,,0,0
100519,621112,"Paul Blackburn",31,2025,,15,39,3,0,-0.1,,,,0,,0,0
100521,621121,"Lance McCullers Jr.",31,2025,"HOU",16,55.3,9,0,-0.4,,,,0,,0,0
100572,621242,"Edwin Díaz",31,2025,"NYM",62,66.3,6,0,-0.1,,,,0,,0,0
100574,621244,"José Berríos",31,2025,"TOR",31,166,8,0,0.5,,,,0,,0,0
100606,621366,"Ryan Borucki",31,2025,,39,35,4,0,-0.1,,,,0,,0,0
100630,621438,"Tyrone Taylor",31,2025,"NYM",111,810,360,2.1,0.8,,86,0.004,1.7,0.4,0,2.1
100631,621439,"Byron Buxton",31,2025,"MIN",118,973,433,-9.1,-3.2,,79,-0.002,-7.6,-0.2,0,-7.7
100653,621512,"Tomás Nido",31,2025,"DET",11,87.3,1,0,-0.2,,,,0,,0.1,0.1
100668,621566,"Matt Olson",31,2025,"ATL",162,1429,319,4.9,1.7,8,1,0,3.5,0,0,3.5
101023,622569,"Pablo Reyes",31,2025,"NYY",20,69.7,33,-0.2,-0.6,0.4,8,-0.005,-0.2,0,0,-0.2
101074,622663,"Luis Severino",31,2025,"ATH",29,162.7,24,0.2,1,,,,0.1,,0,0.1
101184,622780,"Angel Perdomo",31,2025,"ATH",4,3.3,,,,,,,,,0,
101249,623167,"Chris Flexen",31,2025,"CHC",21,43.7,4,0,0.4,,,,0,,0,0
101384,623352,"Josh Hader",31,2025,"HOU",48,52.7,5,0,-0.4,,,,0,,0,0
101728,625643,"Reynaldo López",31,2025,"ATL",1,5,2,0,-0.3,,,,0,,0,0
102064,605170,"Victor Caratini",31,2025,"HOU",61,515,43,0,-0.1,0,,,0,,-2.2,-2.2
103789,596295,"Austin Gomber",31,2025,"COL",12,57.7,8,0,-0.1,,,,0,,0,0
104869,656811,"Ryan O'Hearn",31,2025,,89,706.3,193,-0.9,-0.8,0.4,26,-0.006,-0.8,-0.2,0,-0.9
104921,657024,"Erik Swanson",31,2025,"TOR",6,5.3,,,,,,,,,0,
104945,657097,"Jacob Webb",31,2025,"TEX",55,66,8,0,0.5,,,,0,,0,0
105394,656222,"Jalen Beeks",31,2025,"AZ",61,57.3,7,0.1,1.3,,,,0.1,,0,0.1
105531,664056,"Harrison Bader",31,2025,,142,1105.7,495,1.8,0.7,,92,-0.001,1.5,-0.1,0,1.4
105635,664141,"JT Brubaker",31,2025,,17,28.7,1,0,0,,,,0,,0,0
105642,621114,"Ryan Burr",31,2025,"TOR",2,2,,,,,,,,,0,
105739,664076,"Garrett Cleavinger",31,2025,"TB",67,61.3,4,0,-0.1,,,,0,,0,0
105791,630105,"Jake Cronenworth",31,2025,"SD",131,1136.3,303,-1.6,-0.6,-1.9,,,-1.2,,0,-1.2
105846,657557,"Paul DeJong",31,2025,"WSH",53,441,137,-0.6,-0.4,1.5,,,-0.4,,0,-0.4
105904,664123,"Scott Effross",31,2025,"NYY",11,10.7,,,,,,,,,0,
105933,664126,"Pete Fairbanks",31,2025,"TB",61,60.3,2,0,-0.3,,,,0,,0,0
105954,621053,"Tyler Ferguson",31,2025,"ATH",56,58,3,0,-0.3,,,,0,,0,0
106036,664139,"Ian Gibaut",31,2025,"CIN",25,25.3,,,,,,,,,0,
106041,656457,"Tyler Gilbert",31,2025,"CWS",46,51,4,0,-0.5,,,,0,,0,0
106102,664059,"Sam Haggerty",31,2025,"TEX",46,276,119,-0.3,-0.4,0,30,-0.001,-0.2,0,0,-0.3
106140,623474,"Jimmy Herget",31,2025,"COL",59,83.3,8,0,-0.3,,,,0,,0,0
106165,656541,"Sam Hilliard",31,2025,"COL",17,128.7,50,0,0.2,,13,0,0,0,0,0
106259,664068,"Scott Kingery",31,2025,"LAA",15,80,30,0.2,0.6,1.6,,,0.1,,0,0.1
106454,656730,"Trevor Megill",31,2025,"MIL",50,47,3,0,-0.5,,,,0,,0,0
106558,621028,"Kevin Newman",31,2025,"LAA",55,302.3,123,-1,-0.9,0.4,1,0.002,-0.7,0,0,-0.7
106664,656848,"Michael Petersen",31,2025,,15,18,,,,,,,,,0,
106977,664954,"Brett Sullivan",31,2025,"PIT",3,23,2,0,-0.2,,,,0,,0,0
106989,622253,"Dillon Tate",31,2025,"TOR",6,6.3,,,,,,,,,0,
107018,663423,"Trent Thornton",31,2025,"SEA",33,42.3,3,0,-0.3,,,,0,,0,0
107058,664285,"Framber Valdez",31,2025,"HOU",31,192,23,-0.1,-0.4,,,,-0.1,,0,-0.1
107095,664774,"LaMonte Wade Jr.",31,2025,,71,510,138,-2.1,-2.4,-0.6,7,0.003,-1.7,0,0,-1.7
107106,621493,"Taylor Ward",31,2025,"LAA",153,1331.7,550,0.6,0.2,,100,-0.001,0.5,-0.1,0,0.4
107155,664849,"Danny Young",31,2025,"NYM",10,8.3,1,0,-0.3,,,,0,,0,0
107168,621020,"Dansby Swanson",31,2025,"CHC",159,1387,493,-1.6,-0.3,-5,,,-1.2,,0,-1.2
107263,663399,"Brandon Waddell",31,2025,"NYM",11,31.3,3,0,-0.4,,,,0,,0,0
107502,669854,"Ronel Blanco",31,2025,"HOU",9,48.3,6,0,0.3,,,,0,,0,0
107838,670329,"Rico Garcia",31,2025,,29,34.3,2,0,-0.3,,,,0,,0,0
107865,664062,"Tony Gonsolin",31,2025,"LAD",7,36,4,0,0.1,,,,0,,0,0
107925,664129,"Geoff Hartlieb",31,2025,,4,3.3,,,,,,,,,0,
108066,621139,"Brooks Kriske",31,2025,,16,18,4,0,0.3,,,,0,,0,0
108235,621345,"A.J. Minter",31,2025,"NYM",13,11,1,0,0.1,,,,0,,0,0
108406,621363,"Colin Poche",31,2025,,14,9.3,1,0,-0.3,,,,0,,0,0
108560,669947,"Jesse Scholtens",31,2025,"TB",2,8.3,,,,,,,,,0,
108561,670167,"John Schreiber",31,2025,"KC",74,64,6,0,-0.6,,,,0,,0,0
108764,642201,"Eli White",31,2025,"ATL",87,583.3,229,3.4,2.5,0,59,-0.001,2.8,-0.1,0,2.8
108893,656464,"Kevin Ginkel",31,2025,"AZ",29,25.7,5,-0.1,-1.9,,,,-0.1,,0,-0.1
109101,622268,"Donovan Walton",31,2025,"PHI",2,18,6,0,0.1,0,,,0,,0,0
109138,666971,"Lourdes Gurriel Jr.",31,2025,"AZ",118,1006.3,373,-4.8,-2.3,,100,-0.004,-4,-0.4,0,-4.4
109484,676961,"Caleb Boushley",31,2025,"TEX",25,43.3,4,0,0,,,,0,,0,0
109881,621057,"Justin Garza",31,2025,"NYM",5,6.7,,,,,,,,,0,
110699,668942,"Josh Rojas",31,2025,"CWS",67,499.3,153,-0.5,-0.4,0.1,3,0.001,-0.4,0,0,-0.4
115326,666974,"Yennier Cano",31,2025,"BAL",65,58,17,0.1,0.9,,,,0.1,,0,0.1
120131,680837,"Ryan Fitzgerald",31,2025,"MIN",21,131.7,29,0,0.1,0.5,,,0,,0,0
125761,657649,"Jared Koenig",31,2025,"MIL",72,66,8,0,-0.8,,,,0,,0,0
130442,682171,"Penn Murfee",31,2025,"CWS",15,12.7,1,0,0.1,,,,0,,0,0
142461,684007,"Shota Imanaga",31,2025,"CHC",25,144.7,5,0,-0.1,,,,0,,0,0
150097,702352,"Spencer Bivens",31,2025,"SF",54,81,19,0.1,0.5,,,,0.1,,0,0.1
152764,807799,"Masataka Yoshida",31,2025,"BOS",6,41,13,-0.1,-1.9,,,,-0.1,,0,-0.1
66018,547180,"Bryce Harper",32,2025,"PHI",130,1132.7,210,0.4,0.2,-2,1,0,0.3,0,0,0.3
67049,592518,"Manny Machado",32,2025,"SD",145,1252.7,365,-3.4,-1.1,0.7,3,0.001,-2.4,0,0,-2.4
67148,592836,"Taijuan Walker",32,2025,"PHI",34,123.7,16,0.1,1.1,,,,0.1,,0,0.1
67243,593423,"Frankie Montas",32,2025,"NYM",9,38.7,5,0,0.3,,,,0,,0,0
67248,593428,"Xander Bogaerts",32,2025,"SD",125,1083.3,326,2.4,0.8,-4,1,0.001,1.7,0,0,1.7
67588,593958,"Eduardo Rodriguez",32,2025,"AZ",29,154.3,16,0,-0.3,,,,0,,0,0
68062,595751,"Jorge Alfaro",32,2025,"WSH",14,91.7,4,0,-0.1,,,,0,,-1,-1
68066,595777,"Jurickson Profar",32,2025,"ATL",79,701,288,-3.2,-1.9,,4,-0.003,-2.7,0,0,-2.7
68087,596142,"Gary Sánchez",32,2025,"BAL",23,176.3,7,0,-0.2,,,,0,,-1.8,-1.8
68091,596146,"Max Kepler",32,2025,"PHI",125,1008.3,378,2,0.9,,82,-0.003,1.7,-0.2,0,1.4
69545,605288,"Adrian Houser",32,2025,,21,125,20,0.2,1.2,,,,0.1,,0,0.1
69667,606192,"Teoscar Hernández",32,2025,"LAD",133,1106,418,-2.9,-1.2,,79,0.006,-2.4,0.5,0,-1.9
70188,608032,"Carlos Estévez",32,2025,"KC",67,66,5,0,0.4,,,,0,,0,0
70217,608070,"José Ramírez",32,2025,"CLE",134,1145.7,345,1.4,0.5,4,1,-0.001,1,0,0,1
70271,605483,"Blake Snell",32,2025,"LAD",11,61.3,5,0,0,,,,0,,0,0
70387,595879,"Javier Báez",32,2025,"DET",125,1022.3,344,-0.7,-0.2,0.3,24,0.003,-0.5,0.1,0,-0.4
70397,595978,"Austin Hedges",32,2025,"CLE",70,482.7,6,0,-0.2,,,,0,,10.4,10.4
70406,596115,"Trevor Story",32,2025,"BOS",156,1371.3,491,-5.8,-1.3,-8,1,-0.001,-4.2,0,0,-4.2
70429,605130,"Scott Barlow",32,2025,"CIN",75,68.3,2,0,-0.4,,,,0,,0,0
70430,605141,"Mookie Betts",32,2025,"LAD",148,1279,385,9.3,2.7,3,,,6.7,,0,6.7
70445,605242,"Michael Fulmer",32,2025,,3,5.7,,,,,,,,,0,
70464,605347,"Jorge López",32,2025,"WSH",26,24.7,1,0,-0.3,,,,0,,0,0
70485,605452,"Joe Ross",32,2025,"PHI",37,51,4,0,0,,,,0,,0,0
70516,606992,"Eric Haase",32,2025,"MIL",28,177,4,0,-0.2,,,,0,,0,0
70524,607043,"Brandon Nimmo",32,2025,"NYM",150,1283.7,461,5,1.9,,89,-0.004,4.1,-0.3,0,3.8
70543,607179,"Jordan Weems",32,2025,"HOU",4,4.3,,,,,,,,,0,
70762,596112,"Robert Stephenson",32,2025,"LAA",11,10,,,,,,,,,0,
70768,547184,"Michael Kelly",32,2025,"ATH",42,39.7,2,0,-0.3,,,,0,,0,0
70775,605137,"Josh Bell",32,2025,"WSH",33,253,53,-0.3,-0.6,-2.2,,,-0.2,,0,-0.2
70798,605540,"Brandon Woodruff",32,2025,"MIL",12,64.7,3,0,-0.3,,,,0,,0,0
70799,605204,"J.D. Davis",32,2025,"LAA",5,24,8,0,-0.4,-0.6,,,0,,0,0
70822,605280,"Clay Holmes",32,2025,"NYM",33,165.7,23,0,-0.1,,,,0,,0,0
70883,607074,"Carlos Rodón",32,2025,"NYY",33,195.3,20,0,-0.3,,,,0,,0,0
70917,607208,"Trea Turner",32,2025,"PHI",139,1216.3,446,0.5,0.1,9,,,0.4,,0,0.4
70926,605244,"Aramis Garcia",32,2025,"AZ",2,10,,,,,,,,,0,0
70943,605400,"Aaron Nola",32,2025,"PHI",17,94.3,6,0,0.1,,,,0,,0,0
70964,607200,"Erick Fedde",32,2025,,32,141,20,0.4,1.9,,1,0,0.3,0,0,0.3
70966,595897,"Nick Burdi",32,2025,"BOS",4,5.3,,,,,,,,,0,
71017,596001,"Jakob Junis",32,2025,"CLE",57,66.7,7,0,-0.1,,,,0,,0,0
71042,595928,"John Curtiss",32,2025,"AZ",30,36.7,,,,,,,,,0,0
71098,607536,"Kyle Freeland",32,2025,"COL",31,162.7,14,-0.1,-0.5,,,,-0.1,,0,-0.1
71245,596103,"Austin Slater",32,2025,,53,295.7,127,0.6,0.6,,29,0,0.5,0,0,0.5
100945,622491,"Luis Castillo",32,2025,"SEA",32,180.7,6,0,-0.6,,,,0,,0,0
101614,624424,"Michael Conforto",32,2025,"LAD",132,1010,342,-3.4,-1.8,,67,0,-2.8,0,0,-2.8
101621,624431,"Jose Trevino",32,2025,"CIN",91,725.7,25,0.1,0.4,,,,0.1,,4,4
102032,592254,"José De León",32,2025,"BOS",1,6.7,,,,,,,,,0,
102061,601713,"Nick Pivetta",32,2025,"SD",31,181.7,16,0,0.1,,,,0,,0,0
102293,628451,"Andy Ibáñez",32,2025,"DET",81,372.7,106,0.9,1.1,3.7,1,0.001,0.6,0,0,0.6
102503,641313,"Tim Anderson",32,2025,"LAA",30,226,79,-0.3,-0.3,-1.8,1,0,-0.2,0,0,-0.2
103751,656941,"Kyle Schwarber",32,2025,"PHI",8,66,28,-0.4,-2.3,,14,-0.003,-0.3,0,0,-0.4
103808,605447,"Jordan Romano",32,2025,"PHI",49,42.7,4,0,-0.1,,,,0,,0,0
103809,605513,"Spencer Turnbull",32,2025,"TOR",3,6.3,1,0,-0.1,,,,0,,0,0
104718,656185,"Greg Allen",32,2025,"BAL",7,41,14,0,-0.2,,,,0,,0,0
104719,656186,"Dan Altavilla",32,2025,"CWS",28,29,3,0,-0.5,,,,0,,0,0
104744,656305,"Matt Chapman",32,2025,"SF",127,1116.3,339,0.3,0.1,8.7,2,0.001,0.2,0,0,0.2
104777,656420,"J.P. Feyereisen",32,2025,,4,4,,,,,,,,,0,
104806,656555,"Rhys Hoskins",32,2025,"MIL",82,670.7,120,1,0.9,3,,,0.7,,0,0.7
104863,656794,"Sean Newcomb",32,2025,,48,92.3,16,0,-0.1,,,,0,,0,0
105016,657424,"Matt Gage",32,2025,,33,31,4,0,-0.6,,,,0,,0,0
105101,657585,"Reed Garrett",32,2025,"NYM",58,55.3,7,0,-0.9,,,,0,,0,0
105425,656546,"Jeff Hoffman",32,2025,"TOR",71,68,3,0,-0.6,,,,0,,0,0
105633,664913,"Seth Brown",32,2025,"ATH",21,117,63,-1.2,-2.9,,31,-0.002,-1,-0.1,0,-1.1
105736,664199,"Taylor Clarke",32,2025,"KC",51,55.3,3,0,-0.1,,,,0,,0,0
106208,656582,"Connor Joe",32,2025,,35,171.7,61,-1,-2.9,0,16,-0.003,-0.8,0,0,-0.9
106414,664208,"Phil Maton",32,2025,,63,61.3,2,0,0,,,,0,,0,0
106503,664238,"Dylan Moore",32,2025,,97,528.7,189,0.2,0,1.5,6,-0.001,0.1,0,0,0.1
106709,663432,"Tanner Rainey",32,2025,,13,9.7,1,0,0.5,,,,0,,0,0
106870,642048,"Tayler Saucedo",32,2025,"SEA",10,13.3,,,,,,,,,0,
106950,605488,"Jeffrey Springs",32,2025,"ATH",32,171,15,-0.1,-0.6,,,,-0.1,,0,-0.1
106973,596117,"Garrett Stubbs",32,2025,"PHI",2,6,,,,,,,,,0,0
107792,670036,"Matt Festa",32,2025,"CLE",63,54.7,6,0,-0.1,,,,0,,0,0
108123,664192,"Joey Lucchesi",32,2025,"SF",38,38.3,6,0,0,,,,0,,0,0
109041,670950,"Trevor Richards",32,2025,,5,5.7,,,,,,,,,0,
109203,606996,"Kyle Hart",32,2025,"SD",20,43,5,0,-0.3,,,,0,,0,0
109313,669920,"Jason Alexander",32,2025,,18,77.3,2,0,-0.3,,,,0,,0,0
109860,666969,"Adolis García",32,2025,"TEX",128,1124,453,1.4,0.5,,104,0.003,1.2,0.3,0,1.4
113778,680118,"Dairon Blanco",32,2025,"KC",5,27,11,0.1,1.8,,5,0,0.1,0,0,0.1
136521,673540,"Kodai Senga",32,2025,"NYM",22,113.3,5,0,-0.4,,,,0,,0,0
147894,691094,"Randy Wynne",32,2025,"CIN",1,3,,,,,,,,,0,
57850,527038,"Wilmer Flores",33,2025,"SF",31,217,52,-0.2,-0.3,-1,,,-0.1,,0,-0.1
59432,545361,"Mike Trout",33,2025,"LAA",22,185,71,-0.4,-1,,37,0.005,-0.3,0.2,0,-0.2
59660,571771,"Enrique Hernández",33,2025,"LAD",91,562.7,184,-1.3,-1.1,1.2,8,0.001,-1,0,0,-1
60095,545121,"Ildemaro Vargas",33,2025,"AZ",30,223.3,66,0.2,0.2,0.3,,,0.1,,0,0.1
60408,545341,"Randal Grichuk",33,2025,,57,331.3,104,-2.2,-3.7,,10,0.001,-1.8,0,0,-1.8
60676,572138,"Jon Singleton",33,2025,"HOU",1,3,,,,,,,,,0,
60956,570482,"Gio Urshela",33,2025,"ATH",57,436.3,118,-0.8,-0.9,-2.2,,,-0.6,,0,-0.6
66068,553882,"Omar Narváez",33,2025,"CWS",4,26,,,,,,,,,-0.1,-0.1
66110,553993,"Eugenio Suárez",33,2025,,154,1353.7,351,0,0,-3.5,,,0,,0,0
66311,570632,"José Ureña",33,2025,,19,55,4,0,0,,,,0,,0,0
66719,575929,"Willson Contreras",33,2025,"STL",120,1011.7,226,0.2,0.1,0.7,1,0,0.1,0,0,0.1
66955,592206,"Nick Castellanos",33,2025,"PHI",143,1208.3,417,-2.1,-0.8,,85,-0.002,-1.7,-0.2,0,-1.9
67072,592626,"Joc Pederson",33,2025,"TEX",5,22,6,0,-0.1,0,,,0,,0,0
67083,592662,"Robbie Ray",33,2025,"SF",32,182.3,12,-0.1,-1.3,,,,-0.1,,0,-0.1
67098,592696,"Eddie Rosario",33,2025,"ATL",1,8,3,0.1,3.6,,,,0.1,,0,0.1
67156,592885,"Christian Yelich",33,2025,"MIL",19,153.3,71,0.7,1.8,,16,0,0.6,0,0,0.6
67560,593833,"Wander Suero",33,2025,"ATL",5,6.3,,,,,,,,,0,
67604,593974,"Wandy Peralta",33,2025,"SD",71,71.7,11,-0.1,-0.6,,,,-0.1,,0,-0.1
68444,547179,"Michael Lorenzen",33,2025,"KC",27,141.7,22,0,0.3,,,,0,,0,0
68490,592094,"Jason Adam",33,2025,"SD",65,65.3,5,0,0,,,,0,,0,0
68564,592351,"Jon Gray",33,2025,"TEX",6,14,,,,,,,,,0,
68592,592426,"Luke Jackson",33,2025,,52,51,7,0,-0.5,,,,0,,0,0
68603,592450,"Aaron Judge",33,2025,"NYY",95,822.3,318,-4.8,-2.5,,58,0.004,-4,0.2,0,-3.7
68660,592669,"Hunter Renfroe",33,2025,"KC",33,241.3,87,-2.4,-4.8,,29,-0.002,-2,-0.1,0,-2
68691,592773,"Ryne Stanek",33,2025,"NYM",65,56,2,0,-0.3,,,,0,,0,0
68692,592779,"Brock Stewart",33,2025,,43,37.7,2,0,-0.1,,,,0,,0,0
68694,592791,"Jameson Taillon",33,2025,"CHC",23,129.7,13,-0.1,-0.5,,,,-0.1,,0,-0.1
68781,594902,"Ben Lively",33,2025,"CLE",9,44.7,,,,,,,,,0,
68933,595345,"Steven Okert",33,2025,"HOU",68,71.7,4,0,-0.1,,,,0,,0,0
68982,595453,"Chad Wallach",33,2025,"LAA",1,2,,,,,,,,,0,0
70486,605463,"Tayler Scott",33,2025,,24,27.3,6,0,-0.4,,,,0,,0,0
71343,605218,"Carl Edwards Jr.",33,2025,,4,6,,,,,,,,,0,
100206,592866,"Trevor Williams",33,2025,"WSH",17,82.7,9,0,0.3,,,,0,,0,0
100612,621381,"Matt Strahm",33,2025,"PHI",66,62.3,6,0,-0.1,,,,0,,0,0
101618,624428,"Adam Frazier",33,2025,,113,914,312,3.2,1.1,1,6,-0.003,2.2,0,0,2.2
101657,624585,"Jorge Soler",33,2025,"LAA",40,315.7,100,-2.5,-4.2,,32,-0.001,-2.1,0,0,-2.1
102028,592155,"Cam Booser",33,2025,"CWS",39,31,2,0,-0.1,,,,0,,0,0
102052,594580,"Sam Moll",33,2025,"CIN",23,18.3,2,0,-0.5,,,,0,,0,0
102428,640448,"Kyle Finnegan",33,2025,,56,57,5,0,-0.3,,,,0,,0,0
102658,641835,"Tim Mayza",33,2025,,15,16.7,2,0,-0.2,,,,0,,0,0
102770,642152,"Lou Trivino",33,2025,,47,47.7,5,0,-0.3,,,,0,,0,0
102796,642239,"Rob Zastryzny",33,2025,"MIL",26,22,1,0,-0.1,,,,0,,0,0
103451,643446,"Jeff McNeil",33,2025,"NYM",108,870,339,-2.7,-1,-3.2,17,-0.001,-2.1,0,0,-2.1
103721,640455,"Sean Manaea",33,2025,"NYM",15,60.7,7,0,-0.1,,,,0,,0,0
103726,650490,"Yandy Díaz",33,2025,"TB",37,308.7,55,-0.2,-0.4,1,,,-0.1,,0,-0.1
103842,621383,"Tanner Banks",33,2025,"PHI",69,67.3,4,0,-0.3,,,,0,,0,0
103929,642232,"Ryan Yarbrough",33,2025,"NYY",19,64,10,0,0.1,,,,0,,0,0
104735,656257,"Jeff Brigham",33,2025,"AZ",4,3.3,1,0,-0.3,,,,0,,0,0
104928,657044,"Ryan Thompson",33,2025,"AZ",48,41.3,8,0,-0.3,,,,0,,0,0
104993,657240,"Julian Merryweather",33,2025,"CHC",21,18.7,2,0,-0.4,,,,0,,0,0
105056,657514,"Brennan Bernardino",33,2025,"BOS",55,51.7,10,-0.1,-0.9,,,,-0.1,,0,-0.1
110477,672391,"Kaleb Ort",33,2025,"HOU",49,46,1,0,-0.3,,,,0,,0,0
58533,527048,"Martín Pérez",34,2025,"CWS",11,56,5,0,-0.8,,,,0,,0,0
58767,543877,"Christian Vázquez",34,2025,"MIN",64,519,18,-0.1,-0.3,,,,-0.1,,-0.1,-0.1
59586,571448,"Nolan Arenado",34,2025,"STL",102,880.7,302,1.3,0.5,-2.4,1,0.002,0.9,0,0,0.9
59592,571466,"Tucker Barnhart",34,2025,"TEX",8,40.3,,,,,,,,,-0.2,-0.2
60626,571946,"Shelby Miller",34,2025,,48,46,5,0,-0.4,,,,0,,0,0
66057,553869,"Elias Díaz",34,2025,"SD",105,650,30,0,0,,,,0,,1.7,1.7
66174,554340,"Yimi García",34,2025,"TOR",22,21,1,0,-0.1,,,,0,,0,0
66214,554431,"Tyler Matzek",34,2025,"NYY",7,6.3,,,,,,,,,0,
66594,572191,"Michael A. Taylor",34,2025,"CWS",123,793.3,339,2.7,1.4,,77,-0.001,2.2,-0.1,0,2.1
67084,592663,"J.T. Realmuto",34,2025,"PHI",132,1151.3,21,0,-0.2,,1,0,0,0,-5.7,-5.7
68557,592332,"Kevin Gausman",34,2025,"TOR",32,193,15,0.1,0.5,,,,0.1,,0,0.1
68565,643338,"Chad Green",34,2025,"TOR",45,43.7,3,0,-0.3,,,,0,,0,0
69637,606160,"Rafael Montero",34,2025,,59,60.3,4,0,-0.3,,,,0,,0,0
69887,607259,"Nick Martinez",34,2025,"CIN",40,165.7,11,0,0.3,,,,0,,0,0
70293,542888,"Shawn Armstrong",34,2025,"TEX",71,74,3,0,-0.3,,,,0,,0,0
70327,543760,"Marcus Semien",34,2025,"TEX",127,1108.3,350,3.8,1.2,2,1,0,2.7,0,0,2.7
70361,571948,"Hoby Milner",34,2025,"TEX",73,70.3,11,0,-0.5,,,,0,,0,0
70371,573186,"Marcus Stroman",34,2025,"NYY",9,39,4,0,-0.3,,,,0,,0,0
70437,605182,"Mike Clevinger",34,2025,"CWS",8,5.7,2,0,-0.6,,,,0,,0,0
70514,606965,"Chris Devenski",34,2025,"NYM",13,16.7,5,0,-0.1,,,,0,,0,0
70641,608379,"Michael Wacha",34,2025,"KC",31,172.7,13,0,0.3,,,,0,,0,0
99821,571927,"Steven Matz",34,2025,,53,76.7,12,0,-0.1,,,,0,,0,0
99839,572955,"Pierce Johnson",34,2025,"ATL",65,59,3,0,-0.1,,,,0,,0,0
99874,571760,"Andrew Heaney",34,2025,,27,122.3,12,0,0.6,,,,0,,0,0
99953,573262,"Mike Yastrzemski",34,2025,,141,1101.7,404,-2.2,-0.9,,75,0.007,-1.8,0.6,0,-1.3
99954,573124,"Taylor Rogers",34,2025,,57,50.7,3,0,0.3,,,,0,,0,0
100007,571970,"Max Muncy",34,2025,"LAD",97,801,223,3,1.6,7.2,,,2.2,,0,2.2
100036,571912,"Luke Maile",34,2025,"KC",24,144,2,0,-0.2,,,,0,,1,1
100110,573009,"Joe Mantiply",34,2025,"AZ",10,9.7,2,0,-0.3,,,,0,,0,0
100121,572233,"Christian Walker",34,2025,"HOU",152,1316,248,-0.3,-0.1,-1.5,1,0,-0.2,0,0,-0.2
100171,571657,"Kyle Farmer",34,2025,"COL",70,520.7,169,-1.6,-1,-2.5,,,-1.2,,0,-1.2
100294,608650,"Dietrich Enns",34,2025,,24,46.3,3,0,-0.4,,,,0,,0,0
100300,608671,"Travis Jankowski",34,2025,,22,119,40,0.3,1.5,,21,-0.004,0.2,-0.1,0,0.2
100317,608701,"Rob Refsnyder",34,2025,"BOS",43,256,96,-1.5,-2.8,,22,0,-1.2,0,0,-1.2
100323,608717,"Chris Stratton",34,2025,,15,21,2,0,-0.3,,,,0,,0,0
100496,621035,"Chris Taylor",34,2025,,55,292.7,107,0.1,0.1,-0.4,30,0.001,0.1,0,0,0.1
100544,621199,"Matt Bowman",34,2025,"BAL",20,24.7,4,0,0.1,,,,0,,0,0
101250,623168,"Tyler Heineman",34,2025,"TOR",64,428,15,0,-0.2,,,,0,,2.3,2.3
102011,571510,"Matthew Boyd",34,2025,"CHC",31,179.7,20,0.1,0.6,,,,0.1,,0,0.1
102077,608665,"Kendall Graveman",34,2025,"AZ",19,17.7,2,0,-0.1,,,,0,,0,0
102190,623437,"Justin Topa",34,2025,"MIN",54,60,7,0,0.1,,,,0,,0,0
102593,641598,"Mitch Garver",34,2025,"SEA",43,376.7,12,0,0.1,,,,0,,-1.6,-1.6
102634,641755,"Tyler Kinley",34,2025,,73,72.7,3,0,0,,,,0,,0,0
102705,641941,"Emilio Pagán",34,2025,"CIN",70,68.7,2,0,-0.1,,,,0,,0,0
103280,642851,"Austin Wynns",34,2025,,36,259.3,9,0,-0.1,0,,,0,,-1.1,-1.1
103395,643361,"Kevin Herget",34,2025,,7,13,1,0,-0.1,,,,0,,0,0
103426,643410,"Mark Leiter Jr.",34,2025,"NYY",59,48.3,3,0,-0.1,,,,0,,0,0
103494,643511,"Tyler Rogers",34,2025,,81,77.3,21,0.1,0.5,,,,0.1,,0,0.1
103523,643565,"Mike Tauchman",34,2025,"CWS",73,571,247,1,0.7,,22,0.001,0.8,0,0,0.9
107196,623433,"Nick Anderson",34,2025,"COL",12,14.7,4,0,0.1,,,,0,,0,0
108282,667297,"Tommy Nance",34,2025,"TOR",30,31.7,5,0,-0.1,,,,0,,0,0
125512,579328,"Yusei Kikuchi",34,2025,"LAA",33,178.3,15,0,0,,,,0,,0,0
138046,663158,"Robert Suarez",34,2025,"SD",70,69.7,9,0,0.4,,,,0,,0,0
55769,518585,"Fernando Cruz",35,2025,"NYY",49,48,2,0,-0.1,,,,0,,0,0
55877,514888,"Jose Altuve",35,2025,"HOU",109,870.3,281,-4.7,-2.2,-3.4,41,-0.001,-3.6,0,0,-3.6
56289,518692,"Freddie Freeman",35,2025,"LAD",146,1239,230,-1.5,-0.7,-2.1,,,-1.1,,0,-1.1
57335,521692,"Salvador Perez",35,2025,"KC",118,1013.3,73,-0.2,-0.2,-2.8,,,-0.1,,-6.2,-6.3
57396,518792,"Jason Heyward",35,2025,"SD",33,215.7,81,-0.8,-1.7,,22,0,-0.7,0,0,-0.7
57556,519317,"Giancarlo Stanton",35,2025,"NYY",20,132,49,-2.3,-8.1,,,,-1.9,,0,-1.9
57820,543135,"Nathan Eovaldi",35,2025,"TEX",22,130,10,0,0.4,,,,0,,0,0
57969,543309,"Kyle Higashioka",35,2025,"TEX",71,604.3,15,0,-0.1,,,,0,,3.8,3.8
58343,543391,"Casey Kelly",35,2025,"AZ",2,1.7,,,,,,,,,0,
58715,544150,"Albert Suárez",35,2025,"BAL",5,11.7,1,0,-0.1,,,,0,,0,0
58750,543859,"Michael Tonkin",35,2025,"MIN",21,24,2,0,0,,,,0,,0,0
59012,541640,"Erasmo Ramírez",35,2025,"MIN",9,11,1,0,0.8,,,,0,,0,0
59541,552640,"Andrew Kittredge",35,2025,,54,53,2,0,0.3,,,,0,,0,0
59626,571578,"Patrick Corbin",35,2025,"TEX",31,155.3,12,0,-0.4,,,,0,,0,0
61025,476594,"Robert Stock",35,2025,"BOS",2,2.7,1,0,-0.3,,,,0,,0,0
61044,578428,"Jose Iglesias",35,2025,"SD",92,700.3,223,-0.8,-0.4,-1.2,5,-0.004,-0.6,0,0,-0.6
65851,518397,"Scott Alexander",35,2025,,21,17.7,,,,,,,,,0,
65947,542881,"Tyler Anderson",35,2025,"LAA",26,136.3,9,0,-0.1,,,,0,,0,0
65953,542963,"Rob Brantly",35,2025,"MIA",3,17,2,0,-0.2,,,,0,,0,0
65992,543807,"George Springer",35,2025,"TOR",54,436.7,154,-2.3,-2.6,,42,-0.003,-1.9,-0.1,0,-2
66213,554430,"Zack Wheeler",35,2025,"PHI",24,149.7,10,0,-0.1,,,,0,,0,0
67028,592454,"Tommy Kahnle",35,2025,"DET",66,63,1,0,0,,,,0,,0,0
68419,534910,"Jesse Hahn",35,2025,"SEA",3,5,4,0,0.9,,,,0,,0,0
69159,542932,"Jon Berti",35,2025,"CHC",45,248.7,75,-0.3,-0.5,1.9,,,-0.2,,0,-0.2
69172,543294,"Kyle Hendricks",35,2025,"LAA",31,164.7,17,0,-0.1,,,,0,,0,0
69177,543518,"Scott McGough",35,2025,,13,16,1,0,-0.4,,,,0,,0,0
69508,605113,"Nick Ahmed",35,2025,"TEX",5,28,12,0,-0.1,0,,,0,,0,0
69513,605131,"Austin Barnes",35,2025,"LAD",13,104,4,0,-0.3,0,,,0,,0.2,0.2
69553,605361,"Nick Martini",35,2025,"COL",17,110,48,-0.5,-1.9,,24,0.006,-0.4,0.2,0,-0.3
69837,606930,"Jacob Barnes",35,2025,"TOR",6,8,1,0,-0.3,,,,0,,0,0
69856,607067,"Colin Rea",35,2025,"CHC",32,159.3,18,0,0,,1,0,0,0,0,0
70069,607625,"Seth Lugo",35,2025,"KC",26,145.3,14,0.2,1.9,,,,0.1,,0,0.1
70306,543243,"Sonny Gray",35,2025,"STL",32,180.7,15,0,0,,,,0,,0,0
70317,543510,"James McCann",35,2025,"AZ",41,317.7,5,0,-0.1,,,,0,,0.5,0.5
70432,605154,"John Brebbia",35,2025,,22,23.3,2,0,-0.1,,,,0,,0,0
70436,605177,"Andrew Chafin",35,2025,,42,33.7,4,0,0.1,,,,0,,0,0
70637,608372,"Tomoyuki Sugano",35,2025,"BAL",30,157,16,0.1,0.5,,,,0.1,,0,0.1
70803,543101,"Anthony DeSclafani",35,2025,"AZ",13,38.7,5,0,-0.1,,,,0,,0,0
71054,543592,"Austin Nola",35,2025,"COL",14,93,4,0,-0.3,0,,,0,,-0.9,-0.9
71213,607732,"Jacob Stallings",35,2025,,41,325,10,0,-0.4,,,,0,,-1.4,-1.4
99616,543056,"Danny Coulombe",35,2025,,55,43,3,0,-0.2,,,,0,,0,0
100324,608718,"Brent Suter",35,2025,"CIN",48,67.7,8,0,0,,1,0.001,0,0,0,0
101231,623149,"Paul Sewald",35,2025,,22,19.7,,,,,,,,,0,
101287,623211,"Huascar Brazobán",35,2025,"NYM",52,63,7,0,-0.5,,,,0,,0,0
102294,628452,"Raisel Iglesias",35,2025,"ATL",70,67.3,5,0,0.1,,,,0,,0,0
102757,642121,"Cole Sulser",35,2025,"TB",18,22.7,2,0,-0.6,,,,0,,0,0
105123,657612,"Tim Hill",35,2025,"NYY",70,67,17,0.1,0.8,,,,0.1,,0,0.1
51611,500743,"Miguel Rojas",36,2025,"LAD",111,746,250,0,0,-0.2,1,-0.001,0,0,0,0
51645,500779,"Jose Quintana",36,2025,"MIL",24,131.7,16,0,0.1,,,,0,,0,0
55784,518595,"Travis d'Arnaud",36,2025,"LAA",58,475,8,0,-0.1,,,,0,,-5.4,-5.4
55951,506702,"Sandy León",36,2025,"ATL",5,29,1,0,-0.2,,,,0,,0.1,0.1
56034,516782,"Starling Marte",36,2025,"NYM",12,65,19,0,0.2,,,,0,,0,0
56426,521230,"Liam Hendriks",36,2025,"BOS",14,13.7,,,,,,,,,0,
57557,519326,"Hunter Strickland",36,2025,"LAA",19,22,1,0,-0.8,,,,0,,0,0
58436,519008,"T.J. McFarland",36,2025,"ATH",27,15.7,1,0,0.1,,,,0,,0,0
58552,519151,"Ryan Pressly",36,2025,"CHC",44,41.3,7,0,0.1,,,,0,,0,0
59339,518934,"DJ LeMahieu",36,2025,"NYY",45,324,99,0.1,0.1,-3,,,0.1,,0,0.1
60625,571945,"Miles Mikolas",36,2025,"STL",31,156.3,22,0,-0.3,,,,0,,0,0
65751,519242,"Chris Sale",36,2025,"ATL",21,125.7,15,0,0.3,,,,0,,0,0
65879,518876,"Merrill Kelly",36,2025,,32,184,18,0,0.1,,,,0,,0,0
66950,592192,"Mark Canha",36,2025,"KC",36,204.3,66,-0.6,-1.8,0,25,0,-0.5,0,0,-0.5
67355,593576,"Héctor Neris",36,2025,,35,26.7,1,0,-0.3,,,,0,,0,0
68404,519141,"Drew Pomeranz",36,2025,"CHC",57,49.7,2,0,-0.3,,,,0,,0,0
69516,605135,"Chris Bassitt",36,2025,"TOR",32,170.3,11,0,-0.5,,,,0,,0,0
70093,607680,"Kevin Pillar",36,2025,"TEX",15,86.3,34,-0.2,-0.9,,17,-0.002,-0.2,0,0,-0.2
47965,445276,"Kenley Jansen",37,2025,"LAA",61,59,1,0,0,,,,0,,0,0
48772,456781,"Donovan Solano",37,2025,,69,391,85,0.8,1,1.5,2,0,0.6,0,0,0.6
49786,477132,"Clayton Kershaw",37,2025,"LAD",23,112.7,10,0,0.6,,,,0,,0,0
50106,502054,"Tommy Pham",37,2025,"PIT",117,949.7,349,-1.5,-0.7,,55,-0.004,-1.2,-0.2,0,-1.5
53014,547973,"Aroldis Chapman",37,2025,"BOS",67,61.3,3,0,-1,,,,0,,0,0
55617,518489,"Ryan Brasier",37,2025,"CHC",28,26,2,0,-0.3,,,,0,,0,0
58350,518886,"Craig Kimbrel",37,2025,,14,12,1,0,-0.1,,,,0,,0,0
59179,458677,"Justin Wilson",37,2025,"BOS",61,48.3,3,0,0,,,,0,,0,0
59307,502671,"Paul Goldschmidt",37,2025,"NYY",138,1028.3,203,-1.1,-0.6,1.7,2,0,-0.8,0,0,-0.8
59507,548384,"Brooks Raley",37,2025,"NYM",30,25.7,1,0,-0.1,,,,0,,0,0
65801,502043,"Kyle Gibson",37,2025,"BAL",4,12.3,2,0,-0.1,,,,0,,0,0
67740,594798,"Jacob deGrom",37,2025,"TEX",30,172.7,17,0.1,0.6,,,,0.1,,0,0.1
68099,596271,"Casey Lawrence",37,2025,,6,17.7,2,0,-0.3,,,,0,,0,0
68804,595014,"Blake Treinen",37,2025,"LAD",32,26.7,,,,,,,,,0,
102254,628317,"Kenta Maeda",37,2025,"DET",7,8,,,,,,,,,0,
46400,457705,"Andrew McCutchen",38,2025,"PIT",7,61.7,17,0,-0.6,,5,-0.001,0,0,0,0
47229,471911,"Carlos Carrasco",38,2025,,11,45.7,5,0,-0.3,,,,0,,0,0
48082,455117,"Martín Maldonado",38,2025,"SD",64,445,15,0,0.1,,,,0,,-2.5,-2.5
49727,472610,"Luis García",38,2025,,58,55.3,7,0,-0.1,,,,0,,0,0
53155,506433,"Yu Darvish",38,2025,"SD",15,72,7,0,-0.3,,,,0,,0,0
58453,489119,"Wade Miley",38,2025,"CIN",3,12,,,,,,,,,0,
59239,489446,"Kirby Yates",38,2025,"LAD",50,41.3,4,0,0.6,,,,0,,0,0
60922,573204,"Caleb Thielbar",38,2025,"CHC",67,58,3,0,-0.1,,,,0,,0,0
48929,467793,"Carlos Santana",39,2025,,103,849.3,205,2.5,1.3,3.5,1,0.001,1.8,0,0,1.8
51434,493603,"Adam Ottavino",39,2025,"NYY",3,1.7,,,,,,,,,0,
54159,455119,"Chris Martin",39,2025,"TEX",48,42.3,3,0,0.9,,,,0,,0,0
51991,457759,"Justin Turner",40,2025,"CHC",50,253,54,0.1,0.2,0.9,,,0.1,,0,0.1
56753,453286,"Max Scherzer",40,2025,"TOR",17,85,5,0,-0.3,,,,0,,0,0
57235,502085,"David Robertson",40,2025,"PHI",20,17.7,3,0,0.1,,,,0,,0,0
47279,445926,"Jesse Chavez",41,2025,"ATL",4,8,1,0,-0.3,,,,0,,0,0
48258,450203,"Charlie Morton",41,2025,,33,142,10,0,-0.3,,,,0,,0,0
51408,493329,"Yuli Gurriel",41,2025,"SD",4,35,3,0,0,0,,,0,,0,0
45613,434378,"Justin Verlander",42,2025,"SF",29,152,10,0,0.5,,,,0,,0,0
36959,448179,"Rich Hill",45,2025,"KC",2,9,2,0,-0.3,,,,0,,0,0